rownum	motif	seed	JobID	array_job	array_index	Submit	Cluster	State	ExitCode	User	Group	QOS	AllocCPUS	NNodes	NTasks	TotalCPU	ReqMem_K	MaxRSS_K	TimeLimit	ElapsedRaw	CPUTime
1	BCL6B_HT-SELEX_TGCGGG20NGA_AC_TGCTTTCTAGGAATTMM_2_4	TGCTTTCTAGGAATTMM	29343847_1	29343847	1	2025-08-21 13:23:26	puhti	COMPLETED	37	0:0	mariaosm	mariaosm	NA	1	1	NA	10485760	840419	3-00:00:00	37	NA
2	CTCF_HT-SELEX_TAGCGA20NGCT_AJ_NGCGCCMYCTAGYGGTN_2_4	NGCGCCMYCTAGYGGTN	29343847_2	29343847	2	2025-08-21 13:23:26	puhti	COMPLETED	56	0:0	mariaosm	mariaosm	NA	1	1	NA	10485760	5832	3-00:00:00	56	NA
3	EGR1_HT-SELEX_TCTCTT20NGA_Y_NMCGCCCMCGCANN_2_2	NMCGCCCMCGCANN	29343847_3	29343847	3	2025-08-21 13:23:26	puhti	COMPLETED	68	0:0	mariaosm	mariaosm	NA	1	1	NA	10485760	5916	3-00:00:00	68	NA
4	EGR1_HT-SELEX_TACTAT20NATC_AA_NACGCCCACGCANN_2_4	NACGCCCACGCANN	29343847_4	29343847	4	2025-08-21 13:23:26	puhti	COMPLETED	44	0:0	mariaosm	mariaosm	NA	1	1	NA	10485760	858907	3-00:00:00	44	NA
5	EGR2_HT-SELEX_TCGGCC20NGA_W_MCGCCCACGCA_2_3	MCGCCCACGCA	29343847_5	29343847	5	2025-08-21 13:23:26	puhti	COMPLETED	37	0:0	mariaosm	mariaosm	NA	1	1	NA	10485760	857357	3-00:00:00	37	NA
6	EGR2_HT-SELEX_TCATCA20NCTA_W_NNMCGCCCACGCANN_2_2	NNMCGCCCACGCANN	29343847_6	29343847	6	2025-08-21 13:23:26	puhti	COMPLETED	104	0:0	mariaosm	mariaosm	NA	1	1	01:15.848	10485760	6268	3-00:00:00	104	NA
7	EGR3_HT-SELEX_TTAAGA20NGAA_AF_NNACGCCCACGCANN_2_3	NNACGCCCACGCANN	29343847_7	29343847	7	2025-08-21 13:23:26	puhti	COMPLETED	72	0:0	mariaosm	mariaosm	NA	1	1	NA	10485760	5903	3-00:00:00	72	NA
8	EGR4_HT-SELEX_TAGCGA40NGCT_AI_NNMCGCCCACGCANNN_2_4	NNMCGCCCACGCANNN	29343847_8	29343847	8	2025-08-21 13:23:26	puhti	COMPLETED	312	0:0	mariaosm	mariaosm	NA	1	1	04:44.377	10485760	6370	3-00:00:00	312	NA
9	Egr3_HT-SELEX_TCATGC20NGTA_Z_NACGCCCACGCANNN_2_3	NACGCCCACGCANNN	29343847_9	29343847	9	2025-08-21 13:23:26	puhti	COMPLETED	142	0:0	mariaosm	mariaosm	NA	1	1	NA	10485760	6045	3-00:00:00	142	NA
10	GLI2_HT-SELEX_TAAGTA40NTGA_AI_GACCACMCACNNNG_1_3	GACCACMCACNNNG	29343847_10	29343847	10	2025-08-21 13:23:26	puhti	COMPLETED	56	0:0	mariaosm	mariaosm	NA	1	1	NA	10485760	852573	3-00:00:00	56	NA
11	GLI2_HT-SELEX_TAAGTA40NTGA_AI_GCGACCACNCTG_1_3	GCGACCACNCTG	29343847_11	29343847	11	2025-08-21 13:23:26	puhti	COMPLETED	39	0:0	mariaosm	mariaosm	NA	1	1	NA	10485760	857891	3-00:00:00	39	NA
12	GLIS1_HT-SELEX_TTCGGT20NGA_R_NGACCCCCCACGANGN_2_4	NGACCCCCCACGANGN	29343847_12	29343847	12	2025-08-21 13:23:26	puhti	COMPLETED	49	0:0	mariaosm	mariaosm	NA	1	1	NA	10485760	857489	3-00:00:00	49	NA
13	GLIS2_HT-SELEX_TACTAT20NATC_Y_GACCCCCCGCGNNG_2_3	GACCCCCCGCGNNG	29343847_13	29343847	13	2025-08-21 13:23:26	puhti	COMPLETED	39	0:0	mariaosm	mariaosm	NA	1	1	NA	10485760	858290	3-00:00:00	39	NA
14	GLIS3_HT-SELEX_TCGCAT20NGA_O_GACCCCCCGCGNNG_2_4	GACCCCCCGCGNNG	29343847_14	29343847	14	2025-08-21 13:23:26	puhti	COMPLETED	52	0:0	mariaosm	mariaosm	NA	1	1	NA	10485760	690941	3-00:00:00	52	NA
15	HIC2_HT-SELEX_TGAGCA20NGA_AC_RTGCCMNNN_1_4	RTGCCMNNN	29343847_15	29343847	15	2025-08-21 13:23:26	puhti	COMPLETED	77	0:0	mariaosm	mariaosm	NA	1	1	NA	10485760	6041	3-00:00:00	77	NA
16	HINFP1_HT-SELEX_TCAAGG20NGAA_W_CAACGTCCGCNN_2_3	CAACGTCCGCNN	29343847_16	29343847	16	2025-08-21 13:23:26	puhti	COMPLETED	52	0:0	mariaosm	mariaosm	NA	1	1	NA	10485760	716224	3-00:00:00	52	NA
17	HINFP1_HT-SELEX_TCAAGG20NGAA_W_GCGGACSNNNNNNSGTCCGC_2_4	GCGGACSNNNNNNSGTCCGC	29343847_17	29343847	17	2025-08-21 13:23:26	puhti	COMPLETED	2236	0:0	mariaosm	mariaosm	NA	1	1	36:34.004	10485760	6790	3-00:00:00	2236	NA
18	HINFP1_HT-SELEX_TCAAGG20NGAA_W_GCGGACSNNSNNSGTCCGC_2_4	GCGGACSNNSNNSGTCCGC	29343847_18	29343847	18	2025-08-21 13:23:26	puhti	COMPLETED	254	0:0	mariaosm	mariaosm	NA	1	1	03:48.256	10485760	6262	3-00:00:00	254	NA
19	Hic1_HT-SELEX_TCATCA20NCTA_Z_RTGCCANCYNRTGCCMNC_2_4	RTGCCANCYNRTGCCMNC	29343847_19	29343847	19	2025-08-21 13:23:26	puhti	COMPLETED	186	0:0	mariaosm	mariaosm	NA	1	1	02:39.917	10485760	6126	3-00:00:00	186	NA
20	Hic1_HT-SELEX_TCATCA20NCTA_Z_RTGCCMNCN_1_4	RTGCCMNCN	29343847_20	29343847	20	2025-08-21 13:23:26	puhti	COMPLETED	42	0:0	mariaosm	mariaosm	NA	1	1	NA	10485760	861721	3-00:00:00	42	NA
21	KLF13_HT-SELEX_TGGACA20NGA_AE_NNGNNACGCCCMYTTTNN_2_4	NNGNNACGCCCMYTTTNN	29343847_21	29343847	21	2025-08-21 13:23:26	puhti	COMPLETED	3166	0:0	mariaosm	mariaosm	NA	1	1	51:29.702	10485760	6643	3-00:00:00	3166	NA
22	KLF14_HT-SELEX_TTGGGA20NTA_AF_NGCCACGCCCMCNT_2_3	NGCCACGCCCMCNT	29343847_22	29343847	22	2025-08-21 13:23:26	puhti	COMPLETED	77	0:0	mariaosm	mariaosm	NA	1	1	NA	10485760	5885	3-00:00:00	77	NA
23	KLF16_HT-SELEX_TTGATT20NTA_AF_GCCMCGCCCMC_1_4	GCCMCGCCCMC	29343847_23	29343847	23	2025-08-21 13:23:26	puhti	COMPLETED	72	0:0	mariaosm	mariaosm	NA	1	1	NA	10485760	730727	3-00:00:00	72	NA
24	Klf12_HT-SELEX_TGATGG20NGA_Z_GRCCACGCCCWNNNN_2_4	GRCCACGCCCWNNNN	29343847_24	29343847	24	2025-08-21 13:23:26	puhti	COMPLETED	213	0:0	mariaosm	mariaosm	NA	1	1	02:37.363	10485760	6245	3-00:00:00	213	NA
25	PRDM1_HT-SELEX_TTGAGG20NGAT_AE_NRAAAGTGAAAGTGN_2_2	NRAAAGTGAAAGTGN	29343847_25	29343847	25	2025-08-21 13:23:26	puhti	COMPLETED	77	0:0	mariaosm	mariaosm	NA	1	1	NA	10485760	5893	3-00:00:00	77	NA
26	SCRT1_HT-SELEX_TCTTAG20NATG_Y_NNGCAACAGGTGGNN_2_4	NNGCAACAGGTGGNN	29343847_26	29343847	26	2025-08-21 13:23:26	puhti	COMPLETED	113	0:0	mariaosm	mariaosm	NA	1	1	NA	10485760	6079	3-00:00:00	117	NA
27	SCRT2_HT-SELEX_TGGGCG20NCGT_Y_NNGCAACAGGTGN_2_3	NNGCAACAGGTGN	29343847_27	29343847	27	2025-08-21 13:23:26	puhti	COMPLETED	95	0:0	mariaosm	mariaosm	NA	1	1	NA	10485760	5993	3-00:00:00	95	NA
28	SNAI2_HT-SELEX_TCGTTA20NGA_O_NRCAGGTGN_1_6	NRCAGGTGN	29343847_28	29343847	28	2025-08-21 13:23:26	puhti	COMPLETED	72	0:0	mariaosm	mariaosm	NA	1	1	NA	10485760	678008	3-00:00:00	72	NA
29	SP1_HT-SELEX_TCTATG20NGA_O_GCCMCGCCCMC_1_4	GCCMCGCCCMC	29343847_29	29343847	29	2025-08-21 13:23:26	puhti	COMPLETED	72	0:0	mariaosm	mariaosm	NA	1	1	NA	10485760	678291	3-00:00:00	72	NA
30	SP3_HT-SELEX_TCGGCC20NGA_O_GCCMCGCCCMC_1_6	GCCMCGCCCMC	29343847_30	29343847	30	2025-08-21 13:23:26	puhti	COMPLETED	72	0:0	mariaosm	mariaosm	NA	1	1	NA	10485760	678073	3-00:00:00	72	NA
31	SP4_HT-SELEX_TTATGT20NGTA_AE_NWRGCCMCGCCCMCTNN_2_4	NWRGCCMCGCCCMCTNN	29343847_31	29343847	31	2025-08-21 13:23:26	puhti	COMPLETED	228	0:0	mariaosm	mariaosm	NA	1	1	02:52.491	10485760	6608	3-00:00:00	228	NA
32	SP8_HT-SELEX_TGCTCG20NCTC_Y_NMCMCGCCCMCN_1_4	NMCMCGCCCMCN	29343847_32	29343847	32	2025-08-21 13:23:26	puhti	COMPLETED	64	0:0	mariaosm	mariaosm	NA	1	1	NA	10485760	5975	3-00:00:00	64	NA
33	YY1_HT-SELEX_TCCGGC20NCG_AC_NCCGCCATTNN_1_3	NCCGCCATTNN	29343847_33	29343847	33	2025-08-21 13:23:26	puhti	COMPLETED	56	0:0	mariaosm	mariaosm	NA	1	1	NA	10485760	690178	3-00:00:00	56	NA
34	YY2_HT-SELEX_TCTTTC20NTTG_Y_NNCCGCCATNW_1_4	NNCCGCCATNW	29343847_34	29343847	34	2025-08-21 13:23:26	puhti	COMPLETED	64	0:0	mariaosm	mariaosm	NA	1	1	NA	10485760	731599	3-00:00:00	64	NA
35	YY2_HT-SELEX_TGAGCA20NGA_AE_NCCGCCATNNT_1_2	NCCGCCATNNT	29343847_35	29343847	35	2025-08-21 13:23:26	puhti	COMPLETED	56	0:0	mariaosm	mariaosm	NA	1	1	NA	10485760	731146	3-00:00:00	56	NA
36	ZBED1_HT-SELEX_TAATAG20NCG_W_NTATCGCGAYATR_2_3	NTATCGCGAYATR	29343847_36	29343847	36	2025-08-21 13:23:26	puhti	COMPLETED	51	0:0	mariaosm	mariaosm	NA	1	1	NA	10485760	753907	3-00:00:00	51	NA
37	ZBTB7A_HT-SELEX_TGAATA20NGA_W_NGCGACCACCNN_1_4	NGCGACCACCNN	29343847_37	29343847	37	2025-08-21 13:23:26	puhti	COMPLETED	56	0:0	mariaosm	mariaosm	NA	1	1	NA	10485760	836878	3-00:00:00	57	NA
38	ZBTB7B_HT-SELEX_TAGCCT20NCG_AC_NCGACCACCGAN_1_3	NCGACCACCGAN	29343847_38	29343847	38	2025-08-21 13:23:26	puhti	COMPLETED	51	0:0	mariaosm	mariaosm	NA	1	1	NA	10485760	732177	3-00:00:00	51	NA
39	ZBTB7C_HT-SELEX_TCGCCA40NCCT_AI_NCGACCACCNAN_1_4	NCGACCACCNAN	29343847_39	29343847	39	2025-08-21 13:23:26	puhti	COMPLETED	56	0:0	mariaosm	mariaosm	NA	1	1	NA	10485760	763418	3-00:00:00	56	NA
40	ZIC1_HT-SELEX_TCGACT20NCAT_AF_GACCMCCYRMTGNG_2_4	GACCMCCYRMTGNG	29343847_40	29343847	40	2025-08-21 13:23:26	puhti	COMPLETED	45	0:0	mariaosm	mariaosm	NA	1	1	NA	10485760	842055	3-00:00:00	45	NA
41	ZIC3_HT-SELEX_TCACGT20NGCA_AE_GACCCCCYGYTGNGN_2_3	GACCCCCYGYTGNGN	29343847_41	29343847	41	2025-08-21 13:23:26	puhti	COMPLETED	46	0:0	mariaosm	mariaosm	NA	1	1	NA	10485760	856438	3-00:00:00	46	NA
42	ZIC4_HT-SELEX_TGAGGC20NGA_AC_GACCCCCYGYTGNGN_2_3	GACCCCCYGYTGNGN	29343847_42	29343847	42	2025-08-21 13:23:26	puhti	COMPLETED	46	0:0	mariaosm	mariaosm	NA	1	1	NA	10485760	872763	3-00:00:00	46	NA
43	ZNF143_HT-SELEX_TGCAAG20NCG_V_TWCCCAYAATGCATTG_3_4	TWCCCAYAATGCATTG	29343847_43	29343847	43	2025-08-21 13:23:26	puhti	COMPLETED	39	0:0	mariaosm	mariaosm	NA	1	1	NA	10485760	856798	3-00:00:00	39	NA
44	ZNF238_HT-SELEX_TGGTGA20NGA_AC_NNTCCAGATGTKN_1_3	NNTCCAGATGTKN	29343847_44	29343847	44	2025-08-21 13:23:26	puhti	COMPLETED	52	0:0	mariaosm	mariaosm	NA	1	1	NA	10485760	857476	3-00:00:00	52	NA
45	ZNF238_HT-SELEX_TAGTAA20NATT_W_NNTCCAGATGTKN_1_3	NNTCCAGATGTKN	29343847_45	29343847	45	2025-08-21 13:23:26	puhti	COMPLETED	52	0:0	mariaosm	mariaosm	NA	1	1	NA	10485760	857446	3-00:00:00	52	NA
46	ZNF306_HT-SELEX_TAGGGC20NGGT_AD_TGGKCTARCCTCGA_2_4	TGGKCTARCCTCGA	29343847_46	29343847	46	2025-08-21 13:23:26	puhti	COMPLETED	39	0:0	mariaosm	mariaosm	NA	1	1	NA	10485760	856777	3-00:00:00	39	NA
47	ZNF410_HT-SELEX_TGCACT20NGA_AC_NNCATCCCATAATANTC_3_3	NNCATCCCATAATANTC	29343847_47	29343847	47	2025-08-21 13:23:26	puhti	COMPLETED	48	0:0	mariaosm	mariaosm	NA	1	1	NA	10485760	5861	3-00:00:00	48	NA
48	ZNF524_HT-SELEX_TCTATG40NTAG_AI_ACCCTTGAACCC_2_5	ACCCTTGAACCC	29343847_48	29343847	48	2025-08-21 13:23:26	puhti	COMPLETED	72	0:0	mariaosm	mariaosm	NA	1	1	NA	10485760	680586	3-00:00:00	72	NA
49	ZNF524_HT-SELEX_TCTATG40NTAG_AI_CTCGRACCCGTGCN_2_5	CTCGRACCCGTGCN	29343847_49	29343847	49	2025-08-21 13:23:26	puhti	COMPLETED	72	0:0	mariaosm	mariaosm	NA	1	1	NA	10485760	679337	3-00:00:00	72	NA
50	ZNF740_HT-SELEX_TGGTCT20NCTT_Y_NCCCCCCCAC_1_4	NCCCCCCCAC	29343847_50	29343847	50	2025-08-21 13:23:26	puhti	COMPLETED	72	0:0	mariaosm	mariaosm	NA	1	1	NA	10485760	680384	3-00:00:00	72	NA
51	ZNF740_HT-SELEX_TGTGAG20NGA_AE_NCCCCCCCAC_1_4	NCCCCCCCAC	29343847_51	29343847	51	2025-08-21 13:23:26	puhti	COMPLETED	72	0:0	mariaosm	mariaosm	NA	1	1	NA	10485760	679435	3-00:00:00	72	NA
52	ZNF75A_HT-SELEX_CCATA14N_V_GCTTTTCCCACA_2_4	GCTTTTCCCACA	29343847_52	29343847	52	2025-08-21 13:23:26	puhti	COMPLETED	72	0:0	mariaosm	mariaosm	NA	1	1	NA	10485760	679781	3-00:00:00	72	NA
53	ZNF784_HT-SELEX_TGCGGG20NGA_AE_GTACCTACCT_1_3	GTACCTACCT	29343847_53	29343847	53	2025-08-21 13:23:26	puhti	COMPLETED	48	0:0	mariaosm	mariaosm	NA	1	1	NA	10485760	754934	3-00:00:00	48	NA
54	ZSCAN4_HT-SELEX_TCTTTC20NTTG_W_TGCACACNCTGAAAA_2_3	TGCACACNCTGAAAA	29343847_54	29343847	54	2025-08-21 13:23:26	puhti	COMPLETED	48	0:0	mariaosm	mariaosm	NA	1	1	NA	10485760	756144	3-00:00:00	48	NA
55	Zfp652_HT-SELEX_TACGAG20NCG_Z_NNAAAGGGTTAAW_2_4	NNAAAGGGTTAAW	29343847_55	29343847	55	2025-08-21 13:23:26	puhti	COMPLETED	51	0:0	mariaosm	mariaosm	NA	1	1	NA	10485760	755775	3-00:00:00	51	NA
56	Zfp740_HT-SELEX_TCAACC20NCG_Z_NCCCCCCCAC_1_3	NCCCCCCCAC	29343847_56	29343847	56	2025-08-21 13:23:26	puhti	COMPLETED	48	0:0	mariaosm	mariaosm	NA	1	1	NA	10485760	755426	3-00:00:00	48	NA
57	Zic3_HT-SELEX_TCAAAA20NAAA_AF_GACCMCCYRMTGNGN_2_3	GACCMCCYRMTGNGN	29343847_57	29343847	57	2025-08-21 13:23:26	puhti	COMPLETED	117	0:0	mariaosm	mariaosm	NA	1	1	NA	10485760	6157	3-00:00:00	117	NA
58	CENPB_HT-SELEX_TGCTGT20NGTC_AD_CCCGCNTNNNRCGAA_1_3	CCCGCNTNNNRCGAA	29343847_58	29343847	58	2025-08-21 13:23:26	puhti	COMPLETED	145	0:0	mariaosm	mariaosm	NA	1	1	01:31.004	10485760	6529	3-00:00:00	145	NA
59	GRHL1_HT-SELEX_TCCAAC20NTA_Q_AACCGGWNNNWCCGGTT_2_3	AACCGGWNNNWCCGGTT	29343847_59	29343847	59	2025-08-21 13:23:26	puhti	COMPLETED	104	0:0	mariaosm	mariaosm	NA	1	1	NA	10485760	6153	3-00:00:00	104	NA
60	GRHL1_HT-SELEX_TCCAAC20NTA_Q_NAACCGGTTN_1_3	NAACCGGTTN	29343847_60	29343847	60	2025-08-21 13:23:26	puhti	COMPLETED	72	0:0	mariaosm	mariaosm	NA	1	1	NA	10485760	677679	3-00:00:00	72	NA
61	GRHL1_HT-SELEX_TGGACA20NCAT_W_NAAACCGGTTTN_1_3	NAAACCGGTTTN	29343847_61	29343847	61	2025-08-21 13:23:26	puhti	COMPLETED	72	0:0	mariaosm	mariaosm	NA	1	1	NA	10485760	678416	3-00:00:00	72	NA
62	TFCP2_HT-SELEX_TAGATA20NCG_AD_NAACCGGTTN_1_4	NAACCGGTTN	29343847_62	29343847	62	2025-08-21 13:23:26	puhti	COMPLETED	51	0:0	mariaosm	mariaosm	NA	1	1	NA	10485760	756504	3-00:00:00	51	NA
63	TFCP2_HT-SELEX_TAGATA20NCG_AD_NCCGGNNNNNNCCGGN_2_4	NCCGGNNNNNNCCGGN	29343847_63	29343847	63	2025-08-21 13:23:26	puhti	COMPLETED	6909	0:0	mariaosm	mariaosm	NA	1	1	01:52:03	10485760	6298	3-00:00:00	6909	01:54:57
64	CUX1_HT-SELEX_TAGCAG40NACT_AI_ATCRATNNNNNATCRAT_1_3	ATCRATNNNNNATCRAT	29343847_64	29343847	64	2025-08-21 13:23:26	puhti	COMPLETED	573	0:0	mariaosm	mariaosm	NA	1	1	08:39.211	10485760	6046	3-00:00:00	573	NA
65	CUX1_HT-SELEX_TAGCAG40NACT_AI_ATCRATNNNNNNATCRAT_1_3	ATCRATNNNNNNATCRAT	29343847_65	29343847	65	2025-08-21 13:23:26	puhti	COMPLETED	2477	0:0	mariaosm	mariaosm	NA	1	1	39:00.203	10485760	6110	3-00:00:00	2477	NA
66	CUX1_HT-SELEX_TAGCAG40NACT_AI_TAATCRATAN_1_3	TAATCRATAN	29343847_66	29343847	66	2025-08-21 13:23:26	puhti	COMPLETED	48	0:0	mariaosm	mariaosm	NA	1	1	NA	10485760	754630	3-00:00:00	48	NA
67	CUX2_HT-SELEX_TAGCCT40NCCT_AI_ATCRATNNNNNNATCRAT_1_3	ATCRATNNNNNNATCRAT	29343847_67	29343847	67	2025-08-21 13:23:26	puhti	COMPLETED	2361	0:0	mariaosm	mariaosm	NA	1	1	38:52.975	10485760	6977	3-00:00:00	2361	NA
68	CUX2_HT-SELEX_TAGCCT40NCCT_AI_TAATCRATAN_1_3	TAATCRATAN	29343847_68	29343847	68	2025-08-21 13:23:26	puhti	COMPLETED	32	0:0	mariaosm	mariaosm	NA	1	1	NA	10485760	5822	3-00:00:00	32	NA
69	ONECUT1_HT-SELEX_TAGCTC20NTCT_Y_NNAAAATCRATAWN_1_3	NNAAAATCRATAWN	29343847_69	29343847	69	2025-08-21 13:23:26	puhti	COMPLETED	77	0:0	mariaosm	mariaosm	NA	1	1	01:00.804	10485760	5843	3-00:00:00	77	NA
70	ONECUT1_HT-SELEX_TCGCAT20NGA_AE_NNAAAATCRATAWN_1_3	NNAAAATCRATAWN	29343847_70	29343847	70	2025-08-21 13:23:26	puhti	COMPLETED	77	0:0	mariaosm	mariaosm	NA	1	1	01:01.195	10485760	5837	3-00:00:00	77	NA
71	ONECUT2_HT-SELEX_TGGGCG30NCGT_AH_NNAAAATCRATAWN_1_2	NNAAAATCRATAWN	29343847_71	29343847	71	2025-08-21 13:23:26	puhti	COMPLETED	77	0:0	mariaosm	mariaosm	NA	1	1	01:01.154	10485760	5869	3-00:00:00	77	NA
72	ONECUT3_HT-SELEX_TAGAAC20NAAT_Y_NNAAAATCRATANN_1_3	NNAAAATCRATANN	29343847_72	29343847	72	2025-08-21 13:23:26	puhti	COMPLETED	117	0:0	mariaosm	mariaosm	NA	1	1	01:36.125	10485760	6270	3-00:00:00	117	NA
73	E2F2_HT-SELEX_TACTCA20NCG_W_AAAAATGGCGCCAAAANN_2_4	AAAAATGGCGCCAAAANN	29343847_73	29343847	73	2025-08-21 13:23:26	puhti	COMPLETED	37	0:0	mariaosm	mariaosm	NA	1	1	NA	10485760	5846	3-00:00:00	37	NA
74	E2F2_HT-SELEX_TACTCA20NCG_W_NNTTTTGGCGCCAAAANN_2_4	NNTTTTGGCGCCAAAANN	29343847_74	29343847	74	2025-08-21 13:23:26	puhti	COMPLETED	77	0:0	mariaosm	mariaosm	NA	1	1	NA	10485760	5842	3-00:00:00	77	NA
75	E2F3_HT-SELEX_TTACAT20NACA_AF_NNAAATGGCGCCAAAANN_2_4	NNAAATGGCGCCAAAANN	29343847_75	29343847	75	2025-08-21 13:23:26	puhti	COMPLETED	95	0:0	mariaosm	mariaosm	NA	1	1	01:14.777	10485760	2086	3-00:00:00	95	NA
76	E2F3_HT-SELEX_TTACAT20NACA_AF_NNAAATGGCGCCATTTNN_2_4	NNAAATGGCGCCATTTNN	29343847_76	29343847	76	2025-08-21 13:23:26	puhti	COMPLETED	64	0:0	mariaosm	mariaosm	NA	1	1	NA	10485760	5850	3-00:00:00	64	NA
77	E2F3_HT-SELEX_TTACAT20NACA_AF_NNTTTTGGCGCCAAAANN_2_4	NNTTTTGGCGCCAAAANN	29343847_77	29343847	77	2025-08-21 13:23:26	puhti	COMPLETED	126	0:0	mariaosm	mariaosm	NA	1	1	NA	10485760	6025	3-00:00:00	126	NA
78	E2F7_HT-SELEX_TCACAC20NACA_Y_TTTTCCCGCCAAAW_2_4	TTTTCCCGCCAAAW	29343847_78	29343847	78	2025-08-21 13:23:26	puhti	COMPLETED	108	0:0	mariaosm	mariaosm	NA	1	1	NA	10485760	764791	3-00:00:00	108	NA
79	EBF1_HT-SELEX_TATAAG20NCG_AC_NNTCCCNNGGGANN_1_3	NNTCCCNNGGGANN	29343847_79	29343847	79	2025-08-21 13:23:26	puhti	COMPLETED	430	0:0	mariaosm	mariaosm	NA	1	1	05:48.434	10485760	6168	3-00:00:00	430	NA
80	EHF_HT-SELEX_TCTTGA20NGTG_AG_NACCCGGAAGTA_2_3	NACCCGGAAGTA	29343847_80	29343847	80	2025-08-21 13:23:26	puhti	COMPLETED	108	0:0	mariaosm	mariaosm	NA	1	1	NA	10485760	765062	3-00:00:00	108	NA
81	ELF1_HT-SELEX_TGGGTA20NGA_O_AACCCGGAAGTN_1_7	AACCCGGAAGTN	29343847_81	29343847	81	2025-08-21 13:23:26	puhti	COMPLETED	108	0:0	mariaosm	mariaosm	NA	1	1	NA	10485760	764842	3-00:00:00	108	NA
82	ELF1_HT-SELEX_TATGGG20NCG_W_AACCCGGAAGTR_2_4	AACCCGGAAGTR	29343847_82	29343847	82	2025-08-21 13:23:26	puhti	COMPLETED	108	0:0	mariaosm	mariaosm	NA	1	1	NA	10485760	805511	3-00:00:00	108	NA
83	ELF3_HT-SELEX_TCCGTG20NTGC_Y_WACCCGGAAGTA_2_3	WACCCGGAAGTA	29343847_83	29343847	83	2025-08-21 13:23:26	puhti	COMPLETED	72	0:0	mariaosm	mariaosm	NA	1	1	NA	10485760	680396	3-00:00:00	72	NA
84	ELF3_HT-SELEX_TGACCT20NCCA_AG_NACCCGGAAGTAN_2_4	NACCCGGAAGTAN	29343847_84	29343847	84	2025-08-21 13:23:26	puhti	COMPLETED	72	0:0	mariaosm	mariaosm	NA	1	1	NA	10485760	680677	3-00:00:00	72	NA
85	ELF4_HT-SELEX_TGACTC20NTCA_AG_AACCCGGAAGTR_2_3	AACCCGGAAGTR	29343847_85	29343847	85	2025-08-21 13:23:26	puhti	COMPLETED	72	0:0	mariaosm	mariaosm	NA	1	1	NA	10485760	680710	3-00:00:00	72	NA
86	ELF5_HT-SELEX_TGCCGC20NCG_V_ACCCGGAAGTN_2_2	ACCCGGAAGTN	29343847_86	29343847	86	2025-08-21 13:23:26	puhti	COMPLETED	72	0:0	mariaosm	mariaosm	NA	1	1	NA	10485760	680534	3-00:00:00	72	NA
87	ELF5_HT-SELEX_TCTCGG20NGA_AF_ACCCGGAAGTN_2_2	ACCCGGAAGTN	29343847_87	29343847	87	2025-08-21 13:23:26	puhti	COMPLETED	72	0:0	mariaosm	mariaosm	NA	1	1	NA	10485760	680979	3-00:00:00	72	NA
88	ELK1_HT-SELEX_TCGGAA20NAGT_AG_ACCGGAAGTN_1_2	ACCGGAAGTN	29343847_88	29343847	88	2025-08-21 13:23:26	puhti	COMPLETED	72	0:0	mariaosm	mariaosm	NA	1	1	NA	10485760	836423	3-00:00:00	72	NA
89	ELK1_HT-SELEX_TGAGTG20NTGA_AG_ACCGGAAGTN_1_2	ACCGGAAGTN	29343847_89	29343847	89	2025-08-21 13:23:26	puhti	COMPLETED	72	0:0	mariaosm	mariaosm	NA	1	1	NA	10485760	836692	3-00:00:00	72	NA
90	ELK1_HT-SELEX_TGAGTG20NTGA_AG_NACTTCCGSCGGAARMN_2_3	NACTTCCGSCGGAARMN	29343847_90	29343847	90	2025-08-21 13:23:26	puhti	COMPLETED	95	0:0	mariaosm	mariaosm	NA	1	1	NA	10485760	838822	3-00:00:00	95	NA
91	ELK3_HT-SELEX_TCGGGG20NGGT_AG_ACCGGAAGTN_1_2	ACCGGAAGTN	29343847_91	29343847	91	2025-08-21 13:23:26	puhti	COMPLETED	72	0:0	mariaosm	mariaosm	NA	1	1	NA	10485760	691575	3-00:00:00	72	NA
92	ELK4_HT-SELEX_TAGGGC40NGGT_AK_ACCGGAARTN_1_3	ACCGGAARTN	29343847_92	29343847	92	2025-08-21 13:23:26	puhti	COMPLETED	72	0:0	mariaosm	mariaosm	NA	1	1	NA	10485760	680602	3-00:00:00	72	NA
93	ERF_HT-SELEX_TCAGAG20NCG_W_ACCGGAAGTN_1_4	ACCGGAAGTN	29343847_93	29343847	93	2025-08-21 13:23:26	puhti	COMPLETED	31	0:0	mariaosm	mariaosm	NA	1	1	NA	10485760	6342	3-00:00:00	31	NA
94	ERG_HT-SELEX_TCTACA20NCAG_AG_ACCGGAARTN_1_2	ACCGGAARTN	29343847_94	29343847	94	2025-08-21 13:23:26	puhti	COMPLETED	31	0:0	mariaosm	mariaosm	NA	1	1	NA	10485760	6322	3-00:00:00	31	NA
95	ERG_HT-SELEX_TCTACA20NCAG_AG_NCCGGAWATCCGGN_1_3	NCCGGAWATCCGGN	29343847_95	29343847	95	2025-08-21 13:23:26	puhti	COMPLETED	56	0:0	mariaosm	mariaosm	NA	1	1	NA	10485760	691630	3-00:00:00	56	NA
96	ERG_HT-SELEX_TGCAAG20NAAC_AG_ACCGGAARTN_1_2	ACCGGAARTN	29343847_96	29343847	96	2025-08-21 13:23:26	puhti	COMPLETED	53	0:0	mariaosm	mariaosm	NA	1	1	NA	10485760	693120	3-00:00:00	53	NA
97	ERG_HT-SELEX_TGCAAG20NAAC_AG_ACCGGAWATCCGGT_1_3	ACCGGAWATCCGGT	29343847_97	29343847	97	2025-08-21 13:23:26	puhti	COMPLETED	49	0:0	mariaosm	mariaosm	NA	1	1	NA	10485760	689926	3-00:00:00	49	NA
98	ETS1_HT-SELEX_TGTACC30NCAG_AI_ACCGGAARYN_1_2	ACCGGAARYN	29343847_98	29343847	98	2025-08-21 13:23:26	puhti	COMPLETED	50	0:0	mariaosm	mariaosm	NA	1	1	NA	10485760	835668	3-00:00:00	50	NA
99	ETS1_HT-SELEX_TGTACC30NCAG_AI_NCCGGAWRYRYWTCCGGN_1_3	NCCGGAWRYRYWTCCGGN	29343847_99	29343847	99	2025-08-21 13:23:26	puhti	COMPLETED	188	0:0	mariaosm	mariaosm	NA	1	1	02:34.617	10485760	6321	3-00:00:00	188	NA
100	ETS1_HT-SELEX_TGTAAA20NGA_AF_ACCGGAARYN_1_2	ACCGGAARYN	29343847_100	29343847	100	2025-08-21 13:23:26	puhti	COMPLETED	50	0:0	mariaosm	mariaosm	NA	1	1	NA	10485760	724530	3-00:00:00	50	NA
101	ETS1_HT-SELEX_TGTAAA20NGA_AF_NCCGGAWRYRYWTCCGGN_2_3	NCCGGAWRYRYWTCCGGN	29343847_101	29343847	101	2025-08-21 13:23:26	puhti	COMPLETED	176	0:0	mariaosm	mariaosm	NA	1	1	02:22.321	10485760	6329	3-00:00:00	176	NA
102	ETV1_HT-SELEX_TCGTTA20NTTT_AG_ACCGGAARYN_1_2	ACCGGAARYN	29343847_102	29343847	102	2025-08-21 13:23:26	puhti	COMPLETED	50	0:0	mariaosm	mariaosm	NA	1	1	NA	10485760	754429	3-00:00:00	50	NA
103	ETV2_HT-SELEX_TGGAGC20NGAT_AK_AACCGGAARTR_1_3	AACCGGAARTR	29343847_103	29343847	103	2025-08-21 13:23:26	puhti	COMPLETED	49	0:0	mariaosm	mariaosm	NA	1	1	NA	10485760	729876	3-00:00:00	49	NA
104	ETV3_HT-SELEX_TCAGGA20NCG_W_ACCGGAAGTN_1_4	ACCGGAAGTN	29343847_104	29343847	104	2025-08-21 13:23:26	puhti	COMPLETED	49	0:0	mariaosm	mariaosm	NA	1	1	NA	10485760	756186	3-00:00:00	49	NA
105	ETV4_HT-SELEX_TCTATG20NTAG_AG_ACCGGAAGTN_1_2	ACCGGAAGTN	29343847_105	29343847	105	2025-08-21 13:23:26	puhti	COMPLETED	49	0:0	mariaosm	mariaosm	NA	1	1	NA	10485760	754498	3-00:00:00	49	NA
106	ETV5_HT-SELEX_TGCACT20NGA_AF_ACCGGAWGYN_1_2	ACCGGAWGYN	29343847_106	29343847	106	2025-08-21 13:23:26	puhti	COMPLETED	49	0:0	mariaosm	mariaosm	NA	1	1	NA	10485760	755868	3-00:00:00	49	NA
107	ETV6_HT-SELEX_TGAGTG20NGA_AF_CCGGAASCGGAAGTN_2_3	CCGGAASCGGAAGTN	29343847_107	29343847	107	2025-08-21 13:23:26	puhti	COMPLETED	49	0:0	mariaosm	mariaosm	NA	1	1	NA	10485760	878554	3-00:00:00	49	NA
108	ETV6_HT-SELEX_TGAGTG20NGA_AF_KSYGGAAGTN_1_3	KSYGGAAGTN	29343847_108	29343847	108	2025-08-21 13:23:26	puhti	COMPLETED	50	0:0	mariaosm	mariaosm	NA	1	1	NA	10485760	755724	3-00:00:00	50	NA
109	Elf5_HT-SELEX_TATTGT20NCG_Z_ACCCGGAAGTN_2_2	ACCCGGAAGTN	29343847_109	29343847	109	2025-08-21 13:23:26	puhti	COMPLETED	49	0:0	mariaosm	mariaosm	NA	1	1	NA	10485760	755279	3-00:00:00	49	NA
110	Elk3_HT-SELEX_TGAGTG20NTGA_AC_ACCGGAAGTN_1_3	ACCGGAAGTN	29343847_110	29343847	110	2025-08-21 13:23:26	puhti	COMPLETED	49	0:0	mariaosm	mariaosm	NA	1	1	NA	10485760	754672	3-00:00:00	49	NA
111	FEV_HT-SELEX_TGATCC20NCTA_Z_ACCGGAAGTN_1_3	ACCGGAAGTN	29343847_111	29343847	111	2025-08-21 13:23:26	puhti	COMPLETED	49	0:0	mariaosm	mariaosm	NA	1	1	NA	10485760	755604	3-00:00:00	49	NA
112	FLI1_HT-SELEX_TCTAAT20NCG_V_ACCGGAARYN_1_2	ACCGGAARYN	29343847_112	29343847	112	2025-08-21 13:23:26	puhti	COMPLETED	49	0:0	mariaosm	mariaosm	NA	1	1	NA	10485760	755444	3-00:00:00	49	NA
113	FLI1_HT-SELEX_TCTAAT20NCG_V_ACCGGAWATCCGGN_1_3	ACCGGAWATCCGGN	29343847_113	29343847	113	2025-08-21 13:23:26	puhti	COMPLETED	49	0:0	mariaosm	mariaosm	NA	1	1	NA	10485760	755196	3-00:00:00	49	NA
114	FLI1_HT-SELEX_TAGGAT20NAGT_AC_ACCGGAARYN_1_3	ACCGGAARYN	29343847_114	29343847	114	2025-08-21 13:23:26	puhti	COMPLETED	49	0:0	mariaosm	mariaosm	NA	1	1	NA	10485760	755407	3-00:00:00	49	NA
115	FLI1_HT-SELEX_TAGGAT20NAGT_AC_ACCGGAWATCCGGT_1_4	ACCGGAWATCCGGT	29343847_115	29343847	115	2025-08-21 13:23:26	puhti	COMPLETED	48	0:0	mariaosm	mariaosm	NA	1	1	NA	10485760	757989	3-00:00:00	48	NA
116	GABPA_HT-SELEX_TGGCCC20NCCT_AG_ACCGGAAGTN_1_4	ACCGGAAGTN	29343847_116	29343847	116	2025-08-21 13:23:26	puhti	COMPLETED	48	0:0	mariaosm	mariaosm	NA	1	1	NA	10485760	759042	3-00:00:00	48	NA
117	SPDEF_HT-SELEX_TCGCTG20NTCT_AD_AMCCGGATGTN_1_4	AMCCGGATGTN	29343847_117	29343847	117	2025-08-21 13:23:26	puhti	COMPLETED	28	0:0	mariaosm	mariaosm	NA	1	1	NA	10485760	3280	3-00:00:00	28	NA
118	SPDEF_HT-SELEX_TCGCTG20NTCT_AD_GTGGTCCCGGATYAT_2_4	GTGGTCCCGGATYAT	29343847_118	29343847	118	2025-08-21 13:23:26	puhti	COMPLETED	85	0:0	mariaosm	mariaosm	NA	1	1	NA	10485760	759061	3-00:00:00	85	NA
119	SPDEF_HT-SELEX_TCGCTG20NTCT_AD_NCAGNAAGAMGTAWMM_3_4	NCAGNAAGAMGTAWMM	29343847_119	29343847	119	2025-08-21 13:23:26	puhti	COMPLETED	124	0:0	mariaosm	mariaosm	NA	1	1	NA	10485760	5899	3-00:00:00	124	NA
120	SPDEF_HT-SELEX_TCATTG20NCG_AD_AMCCGGATGTN_1_3	AMCCGGATGTN	29343847_120	29343847	120	2025-08-21 13:23:26	puhti	COMPLETED	20	0:0	mariaosm	mariaosm	NA	1	1	NA	10485760	3274	3-00:00:00	20	NA
121	SPDEF_HT-SELEX_TCATTG20NCG_AD_GTGGTCCCGGATYAT_2_3	GTGGTCCCGGATYAT	29343847_121	29343847	121	2025-08-21 13:23:26	puhti	COMPLETED	14	0:0	mariaosm	mariaosm	NA	1	1	NA	10485760	3272	3-00:00:00	14	NA
122	SPDEF_HT-SELEX_TCATTG20NCG_AD_NCAGNAAGAMGTAWMM_3_3	NCAGNAAGAMGTAWMM	29343847_122	29343847	122	2025-08-21 13:23:26	puhti	COMPLETED	59	0:0	mariaosm	mariaosm	NA	1	1	NA	10485760	6298	3-00:00:00	59	NA
123	SPI1_HT-SELEX_TCCCCT20NCG_AD_AAAAAGCGGAAGTN_2_3	AAAAAGCGGAAGTN	29343847_123	29343847	123	2025-08-21 13:23:26	puhti	COMPLETED	16	0:0	mariaosm	mariaosm	NA	1	1	NA	10485760	3218	3-00:00:00	16	NA
124	SPIB_HT-SELEX_TGTCTA20NTCG_AK_AAAAAGMGGAAGTN_2_2	AAAAAGMGGAAGTN	29343847_124	29343847	124	2025-08-21 13:23:26	puhti	COMPLETED	20	0:0	mariaosm	mariaosm	NA	1	1	NA	10485760	3216	3-00:00:00	20	NA
125	SPIC_HT-SELEX_TAGGCA20NCG_AD_AAAAAGNGGAAGTN_2_4	AAAAAGNGGAAGTN	29343847_125	29343847	125	2025-08-21 13:23:26	puhti	COMPLETED	20	0:0	mariaosm	mariaosm	NA	1	1	NA	10485760	3282	3-00:00:00	20	NA
126	Spic_HT-SELEX_TATAGA20NCG_Z_AAAAAGMGGAAGTA_2_4	AAAAAGMGGAAGTA	29343847_126	29343847	126	2025-08-21 13:23:26	puhti	COMPLETED	20	0:0	mariaosm	mariaosm	NA	1	1	NA	10485760	3278	3-00:00:00	20	NA
127	GATA3_HT-SELEX_TGTCGT20NGA_AC_AGATAANN_1_2	AGATAANN	29343847_127	29343847	127	2025-08-21 13:23:26	puhti	COMPLETED	15	0:0	mariaosm	mariaosm	NA	1	1	NA	10485760	3282	3-00:00:00	15	NA
128	GATA3_HT-SELEX_TCATGC20NCG_AC_AGATAANN_1_2	AGATAANN	29343847_128	29343847	128	2025-08-21 13:23:26	puhti	COMPLETED	20	0:0	mariaosm	mariaosm	NA	1	1	NA	10485760	3270	3-00:00:00	20	NA
129	GATA4_HT-SELEX_TAAAAT20NAAA_Y_AGATAANN_1_2	AGATAANN	29343847_129	29343847	129	2025-08-21 13:23:26	puhti	COMPLETED	20	0:0	mariaosm	mariaosm	NA	1	1	NA	10485760	3274	3-00:00:00	20	NA
130	GATA5_HT-SELEX_TAAATG20NTAA_Y_AGATAANN_1_2	AGATAANN	29343847_130	29343847	130	2025-08-21 13:23:26	puhti	COMPLETED	20	0:0	mariaosm	mariaosm	NA	1	1	NA	10485760	3270	3-00:00:00	20	NA
131	GCM1_HT-SELEX_TGAGCA20NCGA_Y_NATGCGGGTA_1_4	NATGCGGGTA	29343847_131	29343847	131	2025-08-21 13:23:26	puhti	COMPLETED	17	0:0	mariaosm	mariaosm	NA	1	1	NA	10485760	3280	3-00:00:00	17	NA
132	GCM1_HT-SELEX_TCCAGT20NGAC_AE_ATGCGGGYRCCCGCAT_2_4	ATGCGGGYRCCCGCAT	29343847_132	29343847	132	2025-08-21 13:23:26	puhti	COMPLETED	17	0:0	mariaosm	mariaosm	NA	1	1	NA	10485760	3282	3-00:00:00	17	NA
133	GCM1_HT-SELEX_TCCAGT20NGAC_AE_NATGCGGGTAN_1_4	NATGCGGGTAN	29343847_133	29343847	133	2025-08-21 13:23:26	puhti	COMPLETED	22	0:0	mariaosm	mariaosm	NA	1	1	NA	10485760	3282	3-00:00:00	22	NA
134	GCM2_HT-SELEX_TGACTC20NTCA_Y_NATGCGGGTN_1_3	NATGCGGGTN	29343847_134	29343847	134	2025-08-21 13:23:26	puhti	COMPLETED	22	0:0	mariaosm	mariaosm	NA	1	1	NA	10485760	3278	3-00:00:00	22	NA
135	LEF1_HT-SELEX_TCCCGA20NGCC_AC_AAAGATCAAAGGRWW_2_4	AAAGATCAAAGGRWW	29343847_135	29343847	135	2025-08-21 13:23:26	puhti	COMPLETED	17	0:0	mariaosm	mariaosm	NA	1	1	NA	10485760	3272	3-00:00:00	17	NA
136	SOX9_HT-SELEX_TCTCAA20NGA_O_NAACAATRN_1_4	NAACAATRN	29343847_136	29343847	136	2025-08-21 13:23:26	puhti	COMPLETED	22	0:0	mariaosm	mariaosm	NA	1	1	NA	10485760	3272	3-00:00:00	22	NA
137	TCF7L1_HT-SELEX_TGGACA20NCAT_AD_NAASATCAAAGN_1_4	NAASATCAAAGN	29343847_137	29343847	137	2025-08-21 13:23:26	puhti	COMPLETED	22	0:0	mariaosm	mariaosm	NA	1	1	NA	10485760	3208	3-00:00:00	22	NA
138	Tcf7_HT-SELEX_TATATC20NCG_AC_NAAGATCAAAGG_2_4	NAAGATCAAAGG	29343847_138	29343847	138	2025-08-21 13:23:26	puhti	COMPLETED	17	0:0	mariaosm	mariaosm	NA	1	1	NA	10485760	3272	3-00:00:00	17	NA
139	HOMEZ_HT-SELEX_TCGATC20NTAT_Y_NAAACGATNNAN_1_4	NAAACGATNNAN	29343847_139	29343847	139	2025-08-21 13:23:26	puhti	COMPLETED	44	0:0	mariaosm	mariaosm	NA	1	1	NA	10485760	6844	3-00:00:00	44	NA
140	HSF1_HT-SELEX_TATAGA20NGAG_Y_TTCTAGAANNTTC_1_3	TTCTAGAANNTTC	29343847_140	29343847	140	2025-08-21 13:23:26	puhti	COMPLETED	22	0:0	mariaosm	mariaosm	NA	1	1	NA	10485760	3272	3-00:00:00	22	NA
141	HSF1_HT-SELEX_TACCAC20NACC_AA_TTCTAGAANNTTC_1_3	TTCTAGAANNTTC	29343847_141	29343847	141	2025-08-21 13:23:26	puhti	COMPLETED	22	0:0	mariaosm	mariaosm	NA	1	1	NA	10485760	3272	3-00:00:00	22	NA
142	HSF2_HT-SELEX_TGGGGT20NCG_V_TTCTAGAANNTTC_1_3	TTCTAGAANNTTC	29343847_142	29343847	142	2025-08-21 13:23:26	puhti	COMPLETED	22	0:0	mariaosm	mariaosm	NA	1	1	NA	10485760	3272	3-00:00:00	22	NA
143	HSF4_HT-SELEX_TATCAT20NACG_Y_TTCTAGAANNTTC_1_3	TTCTAGAANNTTC	29343847_143	29343847	143	2025-08-21 13:23:26	puhti	COMPLETED	22	0:0	mariaosm	mariaosm	NA	1	1	NA	10485760	3274	3-00:00:00	22	NA
144	HSFY2_HT-SELEX_TCAGAG20NAGA_Y_TTCGAANNNTTCGAA_1_3	TTCGAANNNTTCGAA	29343847_144	29343847	144	2025-08-21 13:23:26	puhti	COMPLETED	40	0:0	mariaosm	mariaosm	NA	1	1	NA	10485760	3270	3-00:00:00	40	NA
145	HSFY2_HT-SELEX_TCAGAG20NAGA_Y_WTTCGAAYG_1_3	WTTCGAAYG	29343847_145	29343847	145	2025-08-21 13:23:26	puhti	COMPLETED	22	0:0	mariaosm	mariaosm	NA	1	1	NA	10485760	3272	3-00:00:00	22	NA
146	HSFY2_HT-SELEX_TCAGAG20NAGA_Y_TTCGAANNNTTCGAA_2_3	TTCGAANNNTTCGAA	29343847_146	29343847	146	2025-08-21 13:23:26	puhti	COMPLETED	40	0:0	mariaosm	mariaosm	NA	1	1	NA	10485760	3274	3-00:00:00	40	NA
147	IRF3_HT-SELEX_TCCTAA40NATC_AI_NNRRAAAGGAAACCGAAACTN_2_3	NNRRAAAGGAAACCGAAACTN	29343847_147	29343847	147	2025-08-21 13:23:26	puhti	COMPLETED	100	0:0	mariaosm	mariaosm	NA	1	1	01:03.281	10485760	5960	3-00:00:00	100	NA
148	IRF4_HT-SELEX_TCAAGG20NCG_AD_NCGAAACCGAAACYN_1_3	NCGAAACCGAAACYN	29343847_148	29343847	148	2025-08-21 13:23:26	puhti	COMPLETED	62	0:0	mariaosm	mariaosm	NA	1	1	NA	10485760	646973	3-00:00:00	62	NA
149	IRF5_HT-SELEX_TAACAA20NCG_AD_CCGAAACCGAAACY_2_3	CCGAAACCGAAACY	29343847_149	29343847	149	2025-08-21 13:23:26	puhti	COMPLETED	13	0:0	mariaosm	mariaosm	NA	1	1	NA	10485760	3210	3-00:00:00	13	NA
150	IRF5_HT-SELEX_TAACAA20NCG_AD_NACCGAAACYN_1_3	NACCGAAACYN	29343847_150	29343847	150	2025-08-21 13:23:26	puhti	COMPLETED	44	0:0	mariaosm	mariaosm	NA	1	1	NA	10485760	876431	3-00:00:00	44	NA
151	IRF7_HT-SELEX_TATCGC20NGCG_AC_NCGAAANYGAAACY_1_3	NCGAAANYGAAACY	29343847_151	29343847	151	2025-08-21 13:23:26	puhti	COMPLETED	40	0:0	mariaosm	mariaosm	NA	1	1	NA	10485760	3274	3-00:00:00	40	NA
152	IRF7_HT-SELEX_TATCGC20NGCG_AC_RAANCGAAAWTCGNTTY_1_3	RAANCGAAAWTCGNTTY	29343847_152	29343847	152	2025-08-21 13:23:26	puhti	COMPLETED	49	0:0	mariaosm	mariaosm	NA	1	1	NA	10485760	6076	3-00:00:00	49	NA
153	IRF8_HT-SELEX_TGGCGG20NGCT_Z_NCGAAACCGAAACY_1_3	NCGAAACCGAAACY	29343847_153	29343847	153	2025-08-21 13:23:26	puhti	COMPLETED	22	0:0	mariaosm	mariaosm	NA	1	1	NA	10485760	3276	3-00:00:00	22	NA
154	IRF8_HT-SELEX_TCCCCT20NCCC_AE_NCGAAACCGAAACT_1_4	NCGAAACCGAAACT	29343847_154	29343847	154	2025-08-21 13:23:26	puhti	COMPLETED	22	0:0	mariaosm	mariaosm	NA	1	1	NA	10485760	3274	3-00:00:00	22	NA
155	IRF9_HT-SELEX_TATGTT20NTGG_W_AWCGAAACCGAAACY_1_3	AWCGAAACCGAAACY	29343847_155	29343847	155	2025-08-21 13:23:26	puhti	COMPLETED	22	0:0	mariaosm	mariaosm	NA	1	1	NA	10485760	3274	3-00:00:00	22	NA
156	MEF2A_HT-SELEX_TAATAG20NTA_Q_KCTAWAAATAGM_1_3	KCTAWAAATAGM	29343847_156	29343847	156	2025-08-21 13:23:26	puhti	COMPLETED	17	0:0	mariaosm	mariaosm	NA	1	1	NA	10485760	3272	3-00:00:00	17	NA
157	MEF2B_HT-SELEX_TCGTAC20NATT_AE_RCTAWAAATAGM_1_4	RCTAWAAATAGM	29343847_157	29343847	157	2025-08-21 13:23:26	puhti	COMPLETED	17	0:0	mariaosm	mariaosm	NA	1	1	NA	10485760	3272	3-00:00:00	17	NA
158	MEF2D_HT-SELEX_TGCGTT20NGA_Y_NCTAWAAATAGM_1_3	NCTAWAAATAGM	29343847_158	29343847	158	2025-08-21 13:23:26	puhti	COMPLETED	17	0:0	mariaosm	mariaosm	NA	1	1	NA	10485760	3206	3-00:00:00	17	NA
159	SRF_HT-SELEX_TGAACG20NGA_Y_MCCATATAWGGN_1_4	MCCATATAWGGN	29343847_159	29343847	159	2025-08-21 13:23:26	puhti	COMPLETED	17	0:0	mariaosm	mariaosm	NA	1	1	NA	10485760	3274	3-00:00:00	17	NA
160	SRF_HT-SELEX_TGGAAT20NAAT_W_NNMCCATATAWGGKNN_2_3	NNMCCATATAWGGKNN	29343847_160	29343847	160	2025-08-21 13:23:26	puhti	COMPLETED	231	0:0	mariaosm	mariaosm	NA	1	1	03:47.260	10485760	6578	3-00:00:00	231	NA
161	SMAD3_HT-SELEX_TGGGTA20NGA_AC_YGTCTAGACA_1_3	YGTCTAGACA	29343847_161	29343847	161	2025-08-21 13:23:26	puhti	COMPLETED	17	0:0	mariaosm	mariaosm	NA	1	1	NA	10485760	3280	3-00:00:00	17	NA
162	MEIS1_HT-SELEX_TGACCT20NGA_O_NTGACAN_1_6	NTGACAN	29343847_162	29343847	162	2025-08-21 13:23:26	puhti	COMPLETED	22	0:0	mariaosm	mariaosm	NA	1	1	NA	10485760	3284	3-00:00:00	22	NA
163	MEIS2_HT-SELEX_TCGCTG20NGA_AA_TTGACAGSTGTCAA_2_4	TTGACAGSTGTCAA	29343847_163	29343847	163	2025-08-21 13:23:26	puhti	COMPLETED	17	0:0	mariaosm	mariaosm	NA	1	1	NA	10485760	3280	3-00:00:00	17	NA
164	MEIS2_HT-SELEX_TCGCTG20NGA_AA_TTGACAGS_1_3	TTGACAGS	29343847_164	29343847	164	2025-08-21 13:23:26	puhti	COMPLETED	17	0:0	mariaosm	mariaosm	NA	1	1	NA	10485760	3276	3-00:00:00	17	NA
165	MEIS3_HT-SELEX_TGGGTA20NGA_Y_NTGACAGN_1_2	NTGACAGN	29343847_165	29343847	165	2025-08-21 13:23:26	puhti	COMPLETED	17	0:0	mariaosm	mariaosm	NA	1	1	NA	10485760	3284	3-00:00:00	17	NA
166	MEIS3_HT-SELEX_TGGGTA20NGA_Y_TGACAGSTGTCA_2_2	TGACAGSTGTCA	29343847_166	29343847	166	2025-08-21 13:23:26	puhti	COMPLETED	17	0:0	mariaosm	mariaosm	NA	1	1	NA	10485760	3284	3-00:00:00	17	NA
167	Meis2_HT-SELEX_TCAAAA20NTA_P_NTGACAN_1_3	NTGACAN	29343847_167	29343847	167	2025-08-21 13:23:26	puhti	COMPLETED	17	0:0	mariaosm	mariaosm	NA	1	1	NA	10485760	3276	3-00:00:00	17	NA
168	Meis2_HT-SELEX_TCAAAA20NTA_P_TGACAGSTGTCA_2_3	TGACAGSTGTCA	29343847_168	29343847	168	2025-08-21 13:23:26	puhti	COMPLETED	17	0:0	mariaosm	mariaosm	NA	1	1	NA	10485760	3274	3-00:00:00	17	NA
169	Meis3_HT-SELEX_TGGACA20NGA_AF_NTGACAN_1_2	NTGACAN	29343847_169	29343847	169	2025-08-21 13:23:26	puhti	COMPLETED	22	0:0	mariaosm	mariaosm	NA	1	1	NA	10485760	3278	3-00:00:00	36	NA
170	Meis3_HT-SELEX_TGGACA20NGA_AF_TGACAGSTGTCA_2_3	TGACAGSTGTCA	29343847_170	29343847	170	2025-08-21 13:23:26	puhti	COMPLETED	32	0:0	mariaosm	mariaosm	NA	1	1	NA	10485760	3280	3-00:00:00	36	NA
171	PKNOX1_HT-SELEX_TCGCAT20NGA_Y_TGACAGSTGTCA_2_3	TGACAGSTGTCA	29343847_171	29343847	171	2025-08-21 13:23:26	puhti	COMPLETED	26	0:0	mariaosm	mariaosm	NA	1	1	NA	10485760	3208	3-00:00:00	40	NA
172	PKNOX2_HT-SELEX_TGTATT20NGA_Y_TGACAGSTGTCA_2_3	TGACAGSTGTCA	29343847_172	29343847	172	2025-08-21 13:23:26	puhti	COMPLETED	22	0:0	mariaosm	mariaosm	NA	1	1	NA	10485760	3274	3-00:00:00	40	NA
173	Pknox2_HT-SELEX_TGCTCG20NCG_Q_TGACAGSTGTCA_2_4	TGACAGSTGTCA	29343847_173	29343847	173	2025-08-21 13:23:26	puhti	COMPLETED	36	0:0	mariaosm	mariaosm	NA	1	1	NA	10485760	3208	3-00:00:00	36	NA
174	TGIF1_HT-SELEX_TATGGG20NGGG_Y_TGACAGSTGTCA_2_4	TGACAGSTGTCA	29343847_174	29343847	174	2025-08-21 13:23:26	puhti	COMPLETED	36	0:0	mariaosm	mariaosm	NA	1	1	NA	10485760	3272	3-00:00:00	36	NA
175	TGIF2LX_HT-SELEX_TGATAA20NATA_AE_TGACAGSTGTCA_2_4	TGACAGSTGTCA	29343847_175	29343847	175	2025-08-21 13:23:26	puhti	COMPLETED	36	0:0	mariaosm	mariaosm	NA	1	1	NA	10485760	3272	3-00:00:00	36	NA
176	TGIF2_HT-SELEX_TGAACG30NCAA_AI_TGACAGSTGTCA_1_3	TGACAGSTGTCA	29343847_176	29343847	176	2025-08-21 13:23:26	puhti	COMPLETED	36	0:0	mariaosm	mariaosm	NA	1	1	NA	10485760	6094	3-00:00:00	40	NA
177	MYBL1_HT-SELEX_TTGCGT20NTA_AF_ACNGTTAAACNG_1_4	ACNGTTAAACNG	29343847_177	29343847	177	2025-08-21 13:23:26	puhti	COMPLETED	40	0:0	mariaosm	mariaosm	NA	1	1	NA	10485760	754955	3-00:00:00	40	NA
178	MYBL1_HT-SELEX_TTGCGT20NTA_AF_NCCGTTAACGGN_1_4	NCCGTTAACGGN	29343847_178	29343847	178	2025-08-21 13:23:26	puhti	COMPLETED	40	0:0	mariaosm	mariaosm	NA	1	1	NA	10485760	755482	3-00:00:00	40	NA
179	MYBL1_HT-SELEX_TTGCGT20NTA_AF_NNAACCGTTNN_1_4	NNAACCGTTNN	29343847_179	29343847	179	2025-08-21 13:23:26	puhti	COMPLETED	58	0:0	mariaosm	mariaosm	NA	1	1	NA	10485760	763340	3-00:00:00	58	NA
180	MYBL1_HT-SELEX_TTGCGT20NTA_AF_NNCNGTTNNNACNGTTN_1_4	NNCNGTTNNNACNGTTN	29343847_180	29343847	180	2025-08-21 13:23:26	puhti	COMPLETED	11523	0:0	mariaosm	mariaosm	NA	1	1	03:09:36	10485760	6303	3-00:00:00	11523	03:12:00
181	MYBL2_HT-SELEX_TGAGTG20NGA_AC_AACCGTTAACGGNN_1_3	AACCGTTAACGGNN	29343847_181	29343847	181	2025-08-21 13:23:26	puhti	COMPLETED	40	0:0	mariaosm	mariaosm	NA	1	1	NA	10485760	763447	3-00:00:00	40	NA
182	MYBL2_HT-SELEX_TGAGTG20NGA_AC_ACCGTTARRACCGTTA_2_3	ACCGTTARRACCGTTA	29343847_182	29343847	182	2025-08-21 13:23:26	puhti	COMPLETED	39	0:0	mariaosm	mariaosm	NA	1	1	NA	10485760	763834	3-00:00:00	39	NA
183	MYBL2_HT-SELEX_TGAGTG20NGA_AC_NNAACCGTTNN_1_3	NNAACCGTTNN	29343847_183	29343847	183	2025-08-21 13:23:26	puhti	COMPLETED	58	0:0	mariaosm	mariaosm	NA	1	1	NA	10485760	763350	3-00:00:00	58	NA
184	MYBL2_HT-SELEX_TGAGTG20NGA_AC_RACCGTTAAACNGYY_1_3	RACCGTTAAACNGYY	29343847_184	29343847	184	2025-08-21 13:23:26	puhti	COMPLETED	22	0:0	mariaosm	mariaosm	NA	1	1	NA	10485760	3214	3-00:00:00	22	NA
185	NFAT5_HT-SELEX_TGATAA20NGA_AA_RTGGAAAANTMCNN_1_3	RTGGAAAANTMCNN	29343847_185	29343847	185	2025-08-21 13:23:26	puhti	COMPLETED	52	0:0	mariaosm	mariaosm	NA	1	1	NA	10485760	6048	3-00:00:00	52	NA
186	NFATC1_HT-SELEX_TTCGTA20NTGC_AE_NATGGAAANWWWWTTTYCMN_2_4	NATGGAAANWWWWTTTYCMN	29343847_186	29343847	186	2025-08-21 13:23:26	puhti	COMPLETED	823	0:0	mariaosm	mariaosm	NA	1	1	13:36.819	10485760	6808	3-00:00:00	823	NA
187	NFATC1_HT-SELEX_TTCGTA20NTGC_AE_TTTCCAYNRTGGAAA_2_4	TTTCCAYNRTGGAAA	29343847_187	29343847	187	2025-08-21 13:23:26	puhti	COMPLETED	19	0:0	mariaosm	mariaosm	NA	1	1	NA	10485760	3280	3-00:00:00	19	NA
188	NFATC1_HT-SELEX_TTCGTA20NTGC_AE_TTTTCCATGGAAAA_2_4	TTTTCCATGGAAAA	29343847_188	29343847	188	2025-08-21 13:23:26	puhti	COMPLETED	16	0:0	mariaosm	mariaosm	NA	1	1	NA	10485760	3280	3-00:00:00	16	NA
189	NFKB1_HT-SELEX_TCTCAA20NGA_AA_NGGGGAWTCCCCN_2_3	NGGGGAWTCCCCN	29343847_189	29343847	189	2025-08-21 13:23:26	puhti	COMPLETED	22	0:0	mariaosm	mariaosm	NA	1	1	NA	10485760	3278	3-00:00:00	22	NA
190	NFKB2_HT-SELEX_TTCAAT20NGA_R_NGGGGAWTCCCCN_2_3	NGGGGAWTCCCCN	29343847_190	29343847	190	2025-08-21 13:23:26	puhti	COMPLETED	23	0:0	mariaosm	mariaosm	NA	1	1	NA	10485760	3282	3-00:00:00	23	NA
191	NFIA_HT-SELEX_TACGTC20NTGC_AA_TTGGCANNNTGCCAR_2_3	TTGGCANNNTGCCAR	29343847_191	29343847	191	2025-08-21 13:23:26	puhti	COMPLETED	38	0:0	mariaosm	mariaosm	NA	1	1	NA	10485760	6040	3-00:00:00	38	NA
192	NFIB_HT-SELEX_TCATCA20NCG_AD_TTGGCANNNTGCCAR_2_3	TTGGCANNNTGCCAR	29343847_192	29343847	192	2025-08-21 13:23:26	puhti	COMPLETED	28	0:0	mariaosm	mariaosm	NA	1	1	NA	10485760	3216	3-00:00:00	28	NA
193	NFIX_HT-SELEX_TCAACC20NCG_AC_YTGGCNNNNTGCCAA_2_3	YTGGCNNNNTGCCAA	29343847_193	29343847	193	2025-08-21 13:23:26	puhti	COMPLETED	102	0:0	mariaosm	mariaosm	NA	1	1	01:25.788	10485760	6075	3-00:00:00	102	NA
194	NRF1_HT-SELEX_TAGCGA20NCG_AC_YGCGCATGCGCN_1_2	YGCGCATGCGCN	29343847_194	29343847	194	2025-08-21 13:23:26	puhti	COMPLETED	32	0:0	mariaosm	mariaosm	NA	1	1	NA	10485760	5887	3-00:00:00	32	NA
195	PAX1_HT-SELEX_TAACTT20NTCA_Y_SGTCACGCWTGANTGMA_2_4	SGTCACGCWTGANTGMA	29343847_195	29343847	195	2025-08-21 13:23:26	puhti	COMPLETED	38	0:0	mariaosm	mariaosm	NA	1	1	NA	10485760	5921	3-00:00:00	38	NA
196	PAX2_HT-SELEX_TCCACG20NCAC_Y_NGTCACGCWTSRNTGNNY_2_3	NGTCACGCWTSRNTGNNY	29343847_196	29343847	196	2025-08-21 13:23:26	puhti	COMPLETED	725	0:0	mariaosm	mariaosm	NA	1	1	11:44.040	10485760	6267	3-00:00:00	725	NA
197	PAX3_HT-SELEX_TTCTCT20NCTC_AF_TAATYRATTA_1_2	TAATYRATTA	29343847_197	29343847	197	2025-08-21 13:23:26	puhti	COMPLETED	30	0:0	mariaosm	mariaosm	NA	1	1	NA	10485760	3274	3-00:00:00	30	NA
198	PAX4_HT-SELEX_TATTTA20NTTG_Y_CTAATTAG_1_4	CTAATTAG	29343847_198	29343847	198	2025-08-21 13:23:26	puhti	COMPLETED	30	0:0	mariaosm	mariaosm	NA	1	1	NA	10485760	3276	3-00:00:00	30	NA
199	PAX4_HT-SELEX_TCGCAT20NACT_W_CTAATTAG_1_4	CTAATTAG	29343847_199	29343847	199	2025-08-21 13:23:26	puhti	COMPLETED	32	0:0	mariaosm	mariaosm	NA	1	1	NA	10485760	7448	3-00:00:00	32	NA
200	PAX5_HT-SELEX_TACAGG20NGAC_Y_NGTCACGCWTSRNTGNNY_2_3	NGTCACGCWTSRNTGNNY	29343847_200	29343847	200	2025-08-21 13:23:26	puhti	COMPLETED	681	0:0	mariaosm	mariaosm	NA	1	1	10:59.820	10485760	6585	3-00:00:00	681	NA
201	PAX6_HT-SELEX_TCCATA20NTAC_Y_TTTYACGCWTGANTGMNYN_2_4	TTTYACGCWTGANTGMNYN	29343847_201	29343847	201	2025-08-21 13:23:26	puhti	COMPLETED	198	0:0	mariaosm	mariaosm	NA	1	1	03:14.287	10485760	6918	3-00:00:00	198	NA
202	PAX7_HT-SELEX_TCCAAC20NAAC_Y_TAATYRATTA_1_2	TAATYRATTA	29343847_202	29343847	202	2025-08-21 13:23:26	puhti	COMPLETED	17	0:0	mariaosm	mariaosm	NA	1	1	NA	10485760	3270	3-00:00:00	17	NA
203	PAX7_HT-SELEX_TAGGGC20NGGT_AE_TAATYRATTA_1_3	TAATYRATTA	29343847_203	29343847	203	2025-08-21 13:23:26	puhti	COMPLETED	16	0:0	mariaosm	mariaosm	NA	1	1	NA	10485760	3270	3-00:00:00	16	NA
204	PAX9_HT-SELEX_TCTAAT20NAAG_AG_SGTCACGCWTGANTGMA_2_4	SGTCACGCWTGANTGMA	29343847_204	29343847	204	2025-08-21 13:23:26	puhti	COMPLETED	22	0:0	mariaosm	mariaosm	NA	1	1	NA	10485760	3270	3-00:00:00	22	NA
205	POU1F1_HT-SELEX_TACACC40NCAC_AI_NNYATGMATAATTAATN_2_3	NNYATGMATAATTAATN	29343847_205	29343847	205	2025-08-21 13:23:26	puhti	COMPLETED	62	0:0	mariaosm	mariaosm	NA	1	1	NA	10485760	5901	3-00:00:00	62	NA
206	POU1F1_HT-SELEX_TACACC40NCAC_AI_NWTATGCWAATKAG_1_3	NWTATGCWAATKAG	29343847_206	29343847	206	2025-08-21 13:23:26	puhti	COMPLETED	21	0:0	mariaosm	mariaosm	NA	1	1	NA	10485760	3210	3-00:00:00	21	NA
207	POU2F1_HT-SELEX_TCTTTC20NGA_AC_NWTATGCWAATN_1_2	NWTATGCWAATN	29343847_207	29343847	207	2025-08-21 13:23:26	puhti	COMPLETED	25	0:0	mariaosm	mariaosm	NA	1	1	NA	10485760	3210	3-00:00:00	25	NA
208	POU2F1_HT-SELEX_TCTTTC20NGA_AC_NWTRMATATKYAWN_1_2	NWTRMATATKYAWN	29343847_208	29343847	208	2025-08-21 13:23:26	puhti	COMPLETED	103	0:0	mariaosm	mariaosm	NA	1	1	01:39.686	10485760	6115	3-00:00:00	103	NA
209	POU2F2_HT-SELEX_TGACAG20NGA_AC_NTATGCWAATN_1_2	NTATGCWAATN	29343847_209	29343847	209	2025-08-21 13:23:26	puhti	COMPLETED	19	0:0	mariaosm	mariaosm	NA	1	1	NA	10485760	3272	3-00:00:00	19	NA
210	POU2F2_HT-SELEX_TGACAG20NGA_AC_NWTRMATATKYAWN_1_2	NWTRMATATKYAWN	29343847_210	29343847	210	2025-08-21 13:23:26	puhti	COMPLETED	102	0:0	mariaosm	mariaosm	NA	1	1	01:37.076	10485760	6012	3-00:00:00	102	NA
211	POU2F3_HT-SELEX_TAGACG20NCAT_Y_TATGCWAAT_1_2	TATGCWAAT	29343847_211	29343847	211	2025-08-21 13:23:26	puhti	COMPLETED	16	0:0	mariaosm	mariaosm	NA	1	1	NA	10485760	3270	3-00:00:00	16	NA
212	POU2F3_HT-SELEX_TAGACG20NCAT_Y_WTRMATATKYAW_1_2	WTRMATATKYAW	29343847_212	29343847	212	2025-08-21 13:23:26	puhti	COMPLETED	21	0:0	mariaosm	mariaosm	NA	1	1	NA	10485760	3208	3-00:00:00	21	NA
213	POU3F1_HT-SELEX_TAGCGA20NGCT_Y_WTATGCWAATNW_1_2	WTATGCWAATNW	29343847_213	29343847	213	2025-08-21 13:23:26	puhti	COMPLETED	20	0:0	mariaosm	mariaosm	NA	1	1	NA	10485760	3270	3-00:00:00	20	NA
214	POU3F1_HT-SELEX_TAGCGA20NGCT_Y_WTGMATAAWTNA_1_2	WTGMATAAWTNA	29343847_214	29343847	214	2025-08-21 13:23:26	puhti	COMPLETED	20	0:0	mariaosm	mariaosm	NA	1	1	NA	10485760	3274	3-00:00:00	20	NA
215	POU3F2_HT-SELEX_TGTTCA40NCTG_AI_NWTGMATAAWTNA_1_3	NWTGMATAAWTNA	29343847_215	29343847	215	2025-08-21 13:23:26	puhti	COMPLETED	32	0:0	mariaosm	mariaosm	NA	1	1	NA	10485760	5876	3-00:00:00	32	NA
216	POU3F2_HT-SELEX_TGTTCA40NCTG_AI_WTATGCWAATKA_1_3	WTATGCWAATKA	29343847_216	29343847	216	2025-08-21 13:23:26	puhti	COMPLETED	18	0:0	mariaosm	mariaosm	NA	1	1	NA	10485760	3210	3-00:00:00	18	NA
217	POU3F3_HT-SELEX_TCGCAT20NACT_Y_NWTATGCWAATTW_1_4	NWTATGCWAATTW	29343847_217	29343847	217	2025-08-21 13:23:26	puhti	COMPLETED	32	0:0	mariaosm	mariaosm	NA	1	1	NA	10485760	3902	3-00:00:00	32	NA
218	POU3F3_HT-SELEX_TCGCAT20NACT_Y_WTGMATAAWTNA_1_4	WTGMATAAWTNA	29343847_218	29343847	218	2025-08-21 13:23:26	puhti	COMPLETED	32	0:0	mariaosm	mariaosm	NA	1	1	NA	10485760	6007	3-00:00:00	32	NA
219	POU3F3_HT-SELEX_TCGCAT20NACT_Y_WTRMATATKYAW_1_4	WTRMATATKYAW	29343847_219	29343847	219	2025-08-21 13:23:26	puhti	COMPLETED	32	0:0	mariaosm	mariaosm	NA	1	1	NA	10485760	6038	3-00:00:00	32	NA
220	POU3F4_HT-SELEX_TACTGC20NGTC_Y_TATGCWAAT_1_3	TATGCWAAT	29343847_220	29343847	220	2025-08-21 13:23:26	puhti	COMPLETED	26	0:0	mariaosm	mariaosm	NA	1	1	NA	10485760	3272	3-00:00:00	26	NA
221	POU3F4_HT-SELEX_TACTGC20NGTC_Y_TGMATWWWTNA_1_3	TGMATWWWTNA	29343847_221	29343847	221	2025-08-21 13:23:26	puhti	COMPLETED	34	0:0	mariaosm	mariaosm	NA	1	1	NA	10485760	6039	3-00:00:00	34	NA
222	POU4F1_HT-SELEX_TACAAA20NAAC_Y_ATGMATAATTAATG_2_3	ATGMATAATTAATG	29343847_222	29343847	222	2025-08-21 13:23:26	puhti	COMPLETED	15	0:0	mariaosm	mariaosm	NA	1	1	NA	10485760	3272	3-00:00:00	15	NA
223	POU4F2_HT-SELEX_TACGAG20NAGC_Y_NTGMATAATTAATKAG_2_3	NTGMATAATTAATKAG	29343847_223	29343847	223	2025-08-21 13:23:26	puhti	COMPLETED	20	0:0	mariaosm	mariaosm	NA	1	1	NA	10485760	3272	3-00:00:00	20	NA
224	POU4F2_HT-SELEX_TGCGAA20NAGC_W_NTGMATAATTAATKAG_2_3	NTGMATAATTAATKAG	29343847_224	29343847	224	2025-08-21 13:23:26	puhti	COMPLETED	18	0:0	mariaosm	mariaosm	NA	1	1	NA	10485760	3212	3-00:00:00	18	NA
225	POU4F3_HT-SELEX_TACCGT20NGCC_Y_NTGMATAATTAATGAN_2_3	NTGMATAATTAATGAN	29343847_225	29343847	225	2025-08-21 13:23:26	puhti	COMPLETED	21	0:0	mariaosm	mariaosm	NA	1	1	NA	10485760	3276	3-00:00:00	21	NA
226	POU5F1P1_HT-SELEX_TAGAGT20NGAT_Y_TATGCWAAT_1_2	TATGCWAAT	29343847_226	29343847	226	2025-08-21 13:23:26	puhti	COMPLETED	17	0:0	mariaosm	mariaosm	NA	1	1	NA	10485760	3270	3-00:00:00	17	NA
227	POU5F1P1_HT-SELEX_TAGAGT20NGAT_Y_WTRMATATKYAW_1_3	WTRMATATKYAW	29343847_227	29343847	227	2025-08-21 13:23:26	puhti	COMPLETED	21	0:0	mariaosm	mariaosm	NA	1	1	NA	10485760	3270	3-00:00:00	21	NA
228	POU6F2_HT-SELEX_TGCTGT20NCG_V_NSCTMATTAN_1_3	NSCTMATTAN	29343847_228	29343847	228	2025-08-21 13:23:26	puhti	COMPLETED	22	0:0	mariaosm	mariaosm	NA	1	1	NA	10485760	3210	3-00:00:00	22	NA
229	POU6F2_HT-SELEX_TGCTGT20NCG_V_WTAATKAGCTMATTAW_2_3	WTAATKAGCTMATTAW	29343847_229	29343847	229	2025-08-21 13:23:26	puhti	COMPLETED	19	0:0	mariaosm	mariaosm	NA	1	1	NA	10485760	3274	3-00:00:00	19	NA
230	POU6F2_HT-SELEX_TATCAT20NCG_AC_SCTMATTANN_1_4	SCTMATTANN	29343847_230	29343847	230	2025-08-21 13:23:26	puhti	COMPLETED	51	0:0	mariaosm	mariaosm	NA	1	1	NA	10485760	735083	3-00:00:00	51	NA
231	Pou2f2_HT-SELEX_TAGATA20NTAT_Z_NWTRMATATKYAWN_1_3	NWTRMATATKYAWN	29343847_231	29343847	231	2025-08-21 13:23:26	puhti	COMPLETED	109	0:0	mariaosm	mariaosm	NA	1	1	01:47.435	10485760	6455	3-00:00:00	109	NA
232	Pou2f2_HT-SELEX_TAGATA20NTAT_Z_TATGCAAAT_1_3	TATGCAAAT	29343847_232	29343847	232	2025-08-21 13:23:26	puhti	COMPLETED	14	0:0	mariaosm	mariaosm	NA	1	1	NA	10485760	3270	3-00:00:00	14	NA
233	PROX1_HT-SELEX_TGCAGA20NGA_AF_NAAGACGYCTTN_1_4	NAAGACGYCTTN	29343847_233	29343847	233	2025-08-21 13:23:26	puhti	COMPLETED	18	0:0	mariaosm	mariaosm	NA	1	1	NA	10485760	3270	3-00:00:00	18	NA
234	RFX2_HT-SELEX_TAACCC20NCCA_Y_NGTTRCCATGGYAACN_2_3	NGTTRCCATGGYAACN	29343847_234	29343847	234	2025-08-21 13:23:26	puhti	COMPLETED	22	0:0	mariaosm	mariaosm	NA	1	1	NA	10485760	3272	3-00:00:00	22	NA
235	RFX2_HT-SELEX_TAACCC20NCCA_Y_SGTTGCYARGCAACS_2_3	SGTTGCYARGCAACS	29343847_235	29343847	235	2025-08-21 13:23:26	puhti	COMPLETED	17	0:0	mariaosm	mariaosm	NA	1	1	NA	10485760	3210	3-00:00:00	17	NA
236	RFX3_HT-SELEX_TGGCTT20NGA_AC_NGTTNCCATGGNAACN_2_3	NGTTNCCATGGNAACN	29343847_236	29343847	236	2025-08-21 13:23:26	puhti	COMPLETED	45	0:0	mariaosm	mariaosm	NA	1	1	NA	10485760	6092	3-00:00:00	45	NA
237	RFX3_HT-SELEX_TGGCTT20NGA_AC_SGTTGCYARGCAACS_2_3	SGTTGCYARGCAACS	29343847_237	29343847	237	2025-08-21 13:23:26	puhti	COMPLETED	18	0:0	mariaosm	mariaosm	NA	1	1	NA	10485760	3274	3-00:00:00	18	NA
238	RFX4_HT-SELEX_TGACAG20NGA_O_NGTTNCCATGGNAACN_2_3	NGTTNCCATGGNAACN	29343847_238	29343847	238	2025-08-21 13:23:26	puhti	COMPLETED	46	0:0	mariaosm	mariaosm	NA	1	1	NA	10485760	6101	3-00:00:00	46	NA
239	RFX4_HT-SELEX_TGACAG20NGA_O_SGTTGCYARGCAACS_2_3	SGTTGCYARGCAACS	29343847_239	29343847	239	2025-08-21 13:23:26	puhti	COMPLETED	17	0:0	mariaosm	mariaosm	NA	1	1	NA	10485760	3268	3-00:00:00	17	NA
240	RFX5_HT-SELEX_TGGAGC30NGAT_AI_NGTTRCCATGGYAACN_2_2	NGTTRCCATGGYAACN	29343847_240	29343847	240	2025-08-21 13:23:26	puhti	COMPLETED	95	0:0	mariaosm	mariaosm	NA	1	1	NA	10485760	5840	3-00:00:00	95	NA
241	RFX5_HT-SELEX_TGGAGC30NGAT_AI_SGTTRCCATRGCAACS_2_2	SGTTRCCATRGCAACS	29343847_241	29343847	241	2025-08-21 13:23:26	puhti	COMPLETED	95	0:0	mariaosm	mariaosm	NA	1	1	NA	10485760	5842	3-00:00:00	95	NA
242	Rfx2_HT-SELEX_TGGTAG20NATT_AC_NGTTRCCATGGYAACN_2_3	NGTTRCCATGGYAACN	29343847_242	29343847	242	2025-08-21 13:23:26	puhti	COMPLETED	95	0:0	mariaosm	mariaosm	NA	1	1	NA	10485760	5850	3-00:00:00	95	NA
243	Rfx2_HT-SELEX_TGGTAG20NATT_AC_SGTTGCYARGCAACS_2_3	SGTTGCYARGCAACS	29343847_243	29343847	243	2025-08-21 13:23:26	puhti	COMPLETED	95	0:0	mariaosm	mariaosm	NA	1	1	NA	10485760	5862	3-00:00:00	95	NA
244	Rfx3_HT-SELEX_TGGGTA20NCG_P_NGTTNCCATGGNAACN_2_3	NGTTNCCATGGNAACN	29343847_244	29343847	244	2025-08-21 13:23:26	puhti	COMPLETED	53	0:0	mariaosm	mariaosm	NA	1	1	NA	10485760	5986	3-00:00:00	53	NA
245	RUNX2_HT-SELEX_TACCTA40NTCC_AI_NAACCGCAAACCRCAN_2_4	NAACCGCAAACCRCAN	29343847_245	29343847	245	2025-08-21 13:23:26	puhti	COMPLETED	34	0:0	mariaosm	mariaosm	NA	1	1	NA	10485760	6006	3-00:00:00	34	NA
246	RUNX2_HT-SELEX_TACCTA40NTCC_AI_WAACCRCAAWAACCRCAN_2_4	WAACCRCAAWAACCRCAN	29343847_246	29343847	246	2025-08-21 13:23:26	puhti	COMPLETED	40	0:0	mariaosm	mariaosm	NA	1	1	NA	10485760	5998	3-00:00:00	40	NA
247	RUNX2_HT-SELEX_TACCTA40NTCC_AI_WAACCRCAN_1_4	WAACCRCAN	29343847_247	29343847	247	2025-08-21 13:23:26	puhti	COMPLETED	32	0:0	mariaosm	mariaosm	NA	1	1	NA	10485760	8835	3-00:00:00	32	NA
248	RUNX3_HT-SELEX_TACGGA30NGGC_AI_NAACCGCAAACCRCAN_2_3	NAACCGCAAACCRCAN	29343847_248	29343847	248	2025-08-21 13:23:26	puhti	COMPLETED	34	0:0	mariaosm	mariaosm	NA	1	1	NA	10485760	6029	3-00:00:00	34	NA
249	RUNX3_HT-SELEX_TACGGA30NGGC_AI_NAACCGCAAN_1_3	NAACCGCAAN	29343847_249	29343847	249	2025-08-21 13:23:26	puhti	COMPLETED	32	0:0	mariaosm	mariaosm	NA	1	1	NA	10485760	6006	3-00:00:00	32	NA
250	RUNX3_HT-SELEX_TACGGA30NGGC_AI_WAACCRCAAWAACCRCAN_2_3	WAACCRCAAWAACCRCAN	29343847_250	29343847	250	2025-08-21 13:23:26	puhti	COMPLETED	45	0:0	mariaosm	mariaosm	NA	1	1	NA	10485760	6003	3-00:00:00	45	NA
251	RUNX3_HT-SELEX_TCTCCC20NGA_AE_NAACCRCAAN_1_4	NAACCRCAAN	29343847_251	29343847	251	2025-08-21 13:23:26	puhti	COMPLETED	33	0:0	mariaosm	mariaosm	NA	1	1	NA	10485760	5981	3-00:00:00	33	NA
252	GMEB2_HT-SELEX_TGGATG20NGA_O_TTACGYAM_1_3	TTACGYAM	29343847_252	29343847	252	2025-08-21 13:23:26	puhti	COMPLETED	32	0:0	mariaosm	mariaosm	NA	1	1	NA	10485760	5999	3-00:00:00	32	NA
253	GMEB2_HT-SELEX_TGGATG20NGA_O_WRCGTAACCACGYN_1_4	WRCGTAACCACGYN	29343847_253	29343847	253	2025-08-21 13:23:26	puhti	COMPLETED	37	0:0	mariaosm	mariaosm	NA	1	1	NA	10485760	5995	3-00:00:00	37	NA
254	GMEB2_HT-SELEX_TGGATG20NGA_O_YACGTAACNKACGTA_3_4	YACGTAACNKACGTA	29343847_254	29343847	254	2025-08-21 13:23:26	puhti	COMPLETED	21	0:0	mariaosm	mariaosm	NA	1	1	NA	10485760	3272	3-00:00:00	21	NA
255	EOMES_HT-SELEX_TGTAAA30NAAG_AI_NAGGTGTGAAAWN_1_3	NAGGTGTGAAAWN	29343847_255	29343847	255	2025-08-21 13:23:26	puhti	COMPLETED	22	0:0	mariaosm	mariaosm	NA	1	1	NA	10485760	3208	3-00:00:00	22	NA
256	EOMES_HT-SELEX_TGTAAA30NAAG_AI_TCACACCTNNNNAGGTGTGA_2_3	TCACACCTNNNNAGGTGTGA	29343847_256	29343847	256	2025-08-21 13:23:26	puhti	COMPLETED	72	0:0	mariaosm	mariaosm	NA	1	1	01:08.954	10485760	6207	3-00:00:00	72	NA
257	MGA_HT-SELEX_TAGGGC20NGGT_Y_AGGTGTGA_1_3	AGGTGTGA	29343847_257	29343847	257	2025-08-21 13:23:26	puhti	COMPLETED	20	0:0	mariaosm	mariaosm	NA	1	1	NA	10485760	3270	3-00:00:00	20	NA
258	MGA_HT-SELEX_TAGGGC20NGGT_Y_AGGTGTKANNTMACACCT_2_3	AGGTGTKANNTMACACCT	29343847_258	29343847	258	2025-08-21 13:23:26	puhti	COMPLETED	26	0:0	mariaosm	mariaosm	NA	1	1	NA	10485760	3274	3-00:00:00	26	NA
259	MGA_HT-SELEX_TAGGGC20NGGT_Y_GGYGTGANNNNTCACRCC_2_3	GGYGTGANNNNTCACRCC	29343847_259	29343847	259	2025-08-21 13:23:26	puhti	COMPLETED	161	0:0	mariaosm	mariaosm	NA	1	1	02:37.932	10485760	6729	3-00:00:00	161	NA
260	TBR1_HT-SELEX_TCACAC20NACA_Z_AGGTGTGANN_1_3	AGGTGTGANN	29343847_260	29343847	260	2025-08-21 13:23:26	puhti	COMPLETED	19	0:0	mariaosm	mariaosm	NA	1	1	NA	10485760	3276	3-00:00:00	19	NA
261	TBR1_HT-SELEX_TTGCAC20NACT_AE_NAGGTGTGAAN_1_4	NAGGTGTGAAN	29343847_261	29343847	261	2025-08-21 13:23:26	puhti	COMPLETED	20	0:0	mariaosm	mariaosm	NA	1	1	NA	10485760	3270	3-00:00:00	20	NA
262	TBX15_HT-SELEX_TACGTC40NTGC_AI_AGGTGTGAANTTCACACCT_2_4	AGGTGTGAANTTCACACCT	29343847_262	29343847	262	2025-08-21 13:23:26	puhti	COMPLETED	18	0:0	mariaosm	mariaosm	NA	1	1	NA	10485760	3272	3-00:00:00	18	NA
263	TBX15_HT-SELEX_TACGTC40NTGC_AI_AGGTGTGA_1_4	AGGTGTGA	29343847_263	29343847	263	2025-08-21 13:23:26	puhti	COMPLETED	14	0:0	mariaosm	mariaosm	NA	1	1	NA	10485760	3272	3-00:00:00	14	NA
264	TBX19_HT-SELEX_TACTAT40NATC_AI_NNTCRCACNTANGTGYGANN_2_3	NNTCRCACNTANGTGYGANN	29343847_264	29343847	264	2025-08-21 13:23:26	puhti	COMPLETED	2172	0:0	mariaosm	mariaosm	NA	1	1	35:56.332	10485760	6584	3-00:00:00	2172	NA
265	TBX1_HT-SELEX_TACGGA40NGGC_AI_AGGTGTGAAAAAAGGTGTGA_3_4	AGGTGTGAAAAAAGGTGTGA	29343847_265	29343847	265	2025-08-21 13:23:26	puhti	COMPLETED	14	0:0	mariaosm	mariaosm	NA	1	1	NA	10485760	3270	3-00:00:00	14	NA
266	TBX1_HT-SELEX_TACGGA40NGGC_AI_AGGTGTGAAWTTCACACCT_2_4	AGGTGTGAAWTTCACACCT	29343847_266	29343847	266	2025-08-21 13:23:26	puhti	COMPLETED	15	0:0	mariaosm	mariaosm	NA	1	1	NA	10485760	3274	3-00:00:00	15	NA
267	TBX1_HT-SELEX_TACGGA40NGGC_AI_AGGTGTGA_1_4	AGGTGTGA	29343847_267	29343847	267	2025-08-21 13:23:26	puhti	COMPLETED	16	0:0	mariaosm	mariaosm	NA	1	1	NA	10485760	3282	3-00:00:00	16	NA
268	TBX1_HT-SELEX_TACGGA40NGGC_AI_TYTCACACCTNNNAGGTGTGARA_2_4	TYTCACACCTNNNAGGTGTGARA	29343847_268	29343847	268	2025-08-21 13:23:26	puhti	COMPLETED	63	0:0	mariaosm	mariaosm	NA	1	1	01:00.404	10485760	6345	3-00:00:00	63	NA
269	TBX1_HT-SELEX_TACGGA40NGGC_AI_YTCACACCTNNAGGTGTGAR_2_4	YTCACACCTNNAGGTGTGAR	29343847_269	29343847	269	2025-08-21 13:23:26	puhti	COMPLETED	22	0:0	mariaosm	mariaosm	NA	1	1	NA	10485760	3284	3-00:00:00	22	NA
270	TBX20_HT-SELEX_TACTCA40NCTC_AI_AGGTGTGAAGGTGTGA_2_3	AGGTGTGAAGGTGTGA	29343847_270	29343847	270	2025-08-21 13:23:26	puhti	COMPLETED	15	0:0	mariaosm	mariaosm	NA	1	1	NA	10485760	3272	3-00:00:00	15	NA
271	TBX20_HT-SELEX_TACTCA40NCTC_AI_AGGTGTGAWWWTCACACCT_2_3	AGGTGTGAWWWTCACACCT	29343847_271	29343847	271	2025-08-21 13:23:26	puhti	COMPLETED	16	0:0	mariaosm	mariaosm	NA	1	1	NA	10485760	3284	3-00:00:00	16	NA
272	TBX20_HT-SELEX_TACTCA40NCTC_AI_HNHNAGGTGTGANHH_1_3	HNHNAGGTGTGANHH	29343847_272	29343847	272	2025-08-21 13:23:26	puhti	COMPLETED	588	0:0	mariaosm	mariaosm	NA	1	1	09:42.104	10485760	6718	3-00:00:00	588	NA
273	TBX20_HT-SELEX_TCTTCT20NCTG_AE_NAGGTGTGAAN_1_4	NAGGTGTGAAN	29343847_273	29343847	273	2025-08-21 13:23:26	puhti	COMPLETED	22	0:0	mariaosm	mariaosm	NA	1	1	NA	10485760	3274	3-00:00:00	22	NA
274	TBX21_HT-SELEX_TACTGC40NGTC_AI_GGTGTGANNTCACACC_2_3	GGTGTGANNTCACACC	29343847_274	29343847	274	2025-08-21 13:23:26	puhti	COMPLETED	23	0:0	mariaosm	mariaosm	NA	1	1	NA	10485760	3272	3-00:00:00	23	NA
275	TBX21_HT-SELEX_TACTGC40NGTC_AI_NAGGTGTGAA_1_3	NAGGTGTGAA	29343847_275	29343847	275	2025-08-21 13:23:26	puhti	COMPLETED	91	0:0	mariaosm	mariaosm	NA	1	1	NA	10485760	5842	3-00:00:00	91	NA
276	TBX21_HT-SELEX_TACTGC40NGTC_AI_TNACACCTNNNAGGTGTNA_2_3	TNACACCTNNNAGGTGTNA	29343847_276	29343847	276	2025-08-21 13:23:26	puhti	COMPLETED	240	0:0	mariaosm	mariaosm	NA	1	1	02:31.356	10485760	6217	3-00:00:00	240	NA
277	TBX21_HT-SELEX_TGGTCT20NCTT_AD_GGTGTGAWATCACACC_2_4	GGTGTGAWATCACACC	29343847_277	29343847	277	2025-08-21 13:23:26	puhti	COMPLETED	103	0:0	mariaosm	mariaosm	NA	1	1	NA	10485760	797423	3-00:00:00	103	NA
278	TBX21_HT-SELEX_TGGTCT20NCTT_AD_NAGGTGTGAA_1_3	NAGGTGTGAA	29343847_278	29343847	278	2025-08-21 13:23:26	puhti	COMPLETED	103	0:0	mariaosm	mariaosm	NA	1	1	NA	10485760	797437	3-00:00:00	103	NA
279	TBX21_HT-SELEX_TGGTCT20NCTT_AD_TNACACCTNNNAGGTGTNA_2_4	TNACACCTNNNAGGTGTNA	29343847_279	29343847	279	2025-08-21 13:23:26	puhti	COMPLETED	162	0:0	mariaosm	mariaosm	NA	1	1	02:37.067	10485760	6038	3-00:00:00	162	NA
280	TBX2_HT-SELEX_TCTATG20NTAG_AF_GGTGTNANWWNTNACACC_2_4	GGTGTNANWWNTNACACC	29343847_280	29343847	280	2025-08-21 13:23:26	puhti	COMPLETED	158	0:0	mariaosm	mariaosm	NA	1	1	02:34.760	10485760	5894	3-00:00:00	158	NA
281	TBX2_HT-SELEX_TCTATG20NTAG_AF_NAGGTGTGAWN_1_4	NAGGTGTGAWN	29343847_281	29343847	281	2025-08-21 13:23:26	puhti	COMPLETED	18	0:0	mariaosm	mariaosm	NA	1	1	NA	10485760	3280	3-00:00:00	18	NA
282	TBX4_HT-SELEX_TACTTG40NTTC_AI_AGGTGTGA_1_3	AGGTGTGA	29343847_282	29343847	282	2025-08-21 13:23:26	puhti	COMPLETED	15	0:0	mariaosm	mariaosm	NA	1	1	NA	10485760	3278	3-00:00:00	15	NA
283	TBX4_HT-SELEX_TACTTG40NTTC_AI_AGGTGTNANWWNTNACACCT_2_3	AGGTGTNANWWNTNACACCT	29343847_283	29343847	283	2025-08-21 13:23:26	puhti	COMPLETED	169	0:0	mariaosm	mariaosm	NA	1	1	02:46.450	10485760	6307	3-00:00:00	169	NA
284	TBX5_HT-SELEX_TAGAAC40NAAT_AI_AGGTGTGA_1_3	AGGTGTGA	29343847_284	29343847	284	2025-08-21 13:23:26	puhti	COMPLETED	17	0:0	mariaosm	mariaosm	NA	1	1	NA	10485760	3280	3-00:00:00	17	NA
285	TBX5_HT-SELEX_TAGAAC40NAAT_AI_AGGTGTNANWWNTNACACCT_2_3	AGGTGTNANWWNTNACACCT	29343847_285	29343847	285	2025-08-21 13:23:26	puhti	COMPLETED	148	0:0	mariaosm	mariaosm	NA	1	1	02:26.433	10485760	6436	3-00:00:00	148	NA
286	T_HT-SELEX_TGGGCG20NCGT_W_TCACACCTAGGTGTGA_2_3	TCACACCTAGGTGTGA	29343847_286	29343847	286	2025-08-21 13:23:26	puhti	COMPLETED	16	0:0	mariaosm	mariaosm	NA	1	1	NA	10485760	3210	3-00:00:00	16	NA
287	TEAD1_HT-SELEX_TCTTAG20NATG_W_NRMATWCCWN_1_4	NRMATWCCWN	29343847_287	29343847	287	2025-08-21 13:23:26	puhti	COMPLETED	41	0:0	mariaosm	mariaosm	NA	1	1	NA	10485760	5924	3-00:00:00	41	NA
288	TEAD1_HT-SELEX_TCTTAG20NATG_W_RCATTCCNNRCATWCCN_2_4	RCATTCCNNRCATWCCN	29343847_288	29343847	288	2025-08-21 13:23:26	puhti	COMPLETED	99	0:0	mariaosm	mariaosm	NA	1	1	01:36.112	10485760	6224	3-00:00:00	99	NA
289	TEAD3_HT-SELEX_TATAAG40NAAG_AI_RCATTCCNNRCATTCCN_2_3	RCATTCCNNRCATTCCN	29343847_289	29343847	289	2025-08-21 13:23:26	puhti	COMPLETED	60	0:0	mariaosm	mariaosm	NA	1	1	NA	10485760	5908	3-00:00:00	60	NA
290	TEAD3_HT-SELEX_TATAAG40NAAG_AI_RMATWCCA_1_3	RMATWCCA	29343847_290	29343847	290	2025-08-21 13:23:26	puhti	COMPLETED	16	0:0	mariaosm	mariaosm	NA	1	1	NA	10485760	3272	3-00:00:00	16	NA
291	TEAD4_HT-SELEX_TGATTT20NTTA_Y_NRCATTCCWN_1_4	NRCATTCCWN	29343847_291	29343847	291	2025-08-21 13:23:26	puhti	COMPLETED	21	0:0	mariaosm	mariaosm	NA	1	1	NA	10485760	3270	3-00:00:00	21	NA
292	TFAP2A_HT-SELEX_TTGCAC20NTA_AF_NGCCNNNNGGCN_1_3	NGCCNNNNGGCN	29343847_292	29343847	292	2025-08-21 13:23:26	puhti	COMPLETED	272	0:0	mariaosm	mariaosm	NA	1	1	04:29.040	10485760	6238	3-00:00:00	272	NA
293	TFAP2A_HT-SELEX_TTGCAC20NTA_AF_NSCCNNNGGSN_1_3	NSCCNNNGGSN	29343847_293	29343847	293	2025-08-21 13:23:26	puhti	COMPLETED	240	0:0	mariaosm	mariaosm	NA	1	1	03:56.817	10485760	6127	3-00:00:00	240	NA
294	TFAP2A_HT-SELEX_TTGCAC20NTA_AF_NSCCNNNNNGGSN_0_3	NSCCNNNNNGGSN	29343847_294	29343847	294	2025-08-21 13:23:26	puhti	COMPLETED	4831	0:0	mariaosm	mariaosm	NA	1	1	01:19:59	10485760	6944	3-00:00:00	4831	01:20:30
295	TFAP2B_HT-SELEX_TCGTTA20NTTT_Y_NGCCNNNNGGCN_1_4	NGCCNNNNGGCN	29343847_295	29343847	295	2025-08-21 13:23:26	puhti	COMPLETED	275	0:0	mariaosm	mariaosm	NA	1	1	04:31.014	10485760	6222	3-00:00:00	275	NA
296	TFAP2B_HT-SELEX_TCGTTA20NTTT_Y_NSCCNNNGGSN_1_4	NSCCNNNGGSN	29343847_296	29343847	296	2025-08-21 13:23:26	puhti	COMPLETED	228	0:0	mariaosm	mariaosm	NA	1	1	03:38.655	10485760	6551	3-00:00:00	228	NA
297	TFAP2B_HT-SELEX_TCGTTA20NTTT_Y_NSCCNNNNNGGSN_0_4	NSCCNNNNNGGSN	29343847_297	29343847	297	2025-08-21 13:23:26	puhti	COMPLETED	5195	0:0	mariaosm	mariaosm	NA	1	1	01:26:00	10485760	6251	3-00:00:00	5195	01:26:35
298	TFAP2C_HT-SELEX_TCTACA20NCAG_Y_NGCCNNNNGGCN_1_3	NGCCNNNNGGCN	29343847_298	29343847	298	2025-08-21 13:23:26	puhti	COMPLETED	291	0:0	mariaosm	mariaosm	NA	1	1	04:48.386	10485760	6101	3-00:00:00	291	NA
299	TFAP2C_HT-SELEX_TCTACA20NCAG_Y_NSCCNNNGGSN_1_3	NSCCNNNGGSN	29343847_299	29343847	299	2025-08-21 13:23:26	puhti	COMPLETED	257	0:0	mariaosm	mariaosm	NA	1	1	04:13.876	10485760	6030	3-00:00:00	257	NA
300	TFAP2C_HT-SELEX_TCTACA20NCAG_Y_NSCCNNNNNGGSN_0_3	NSCCNNNNNGGSN	29343847_300	29343847	300	2025-08-21 13:23:26	puhti	COMPLETED	5266	0:0	mariaosm	mariaosm	NA	1	1	01:27:09	10485760	6248	3-00:00:00	5266	01:27:45
301	TFAP2C_HT-SELEX_TGTCGT20NGCG_AE_NGCCNNNNGGCN_1_3	NGCCNNNNGGCN	29345862_301	29345862	301	2025-08-21 13:46:15	puhti	COMPLETED	265	0:0	mariaosm	mariaosm	NA	1	1	04:22.906	10485760	6390	3-00:00:00	265	NA
302	TFAP2C_HT-SELEX_TGTCGT20NGCG_AE_NGCCNNNNNGGCN_0_3	NGCCNNNNNGGCN	29345862_302	29345862	302	2025-08-21 13:46:15	puhti	COMPLETED	1402	0:0	mariaosm	mariaosm	NA	1	1	23:11.231	10485760	6041	3-00:00:00	1402	NA
303	TFAP2C_HT-SELEX_TGTCGT20NGCG_AE_NSCCNNNGGSN_1_3	NSCCNNNGGSN	29345862_303	29345862	303	2025-08-21 13:46:15	puhti	COMPLETED	289	0:0	mariaosm	mariaosm	NA	1	1	04:44.850	10485760	5959	3-00:00:00	289	NA
304	Tcfap2a_HT-SELEX_TGATCC20NCG_P_NGCCNNNNGGCN_1_3	NGCCNNNNGGCN	29345862_304	29345862	304	2025-08-21 13:46:15	puhti	COMPLETED	334	0:0	mariaosm	mariaosm	NA	1	1	05:29.651	10485760	5937	3-00:00:00	334	NA
305	Tcfap2a_HT-SELEX_TGATCC20NCG_P_NSCCNNNGGSN_1_3	NSCCNNNGGSN	29345862_305	29345862	305	2025-08-21 13:46:15	puhti	COMPLETED	280	0:0	mariaosm	mariaosm	NA	1	1	03:46.484	10485760	6216	3-00:00:00	280	NA
306	Tcfap2a_HT-SELEX_TGATCC20NCG_P_NSCCNNNNNGGSN_0_3	NSCCNNNNNGGSN	29345862_306	29345862	306	2025-08-21 13:46:15	puhti	COMPLETED	4404	0:0	mariaosm	mariaosm	NA	1	1	01:12:03	10485760	6434	3-00:00:00	4404	01:13:22
307	ARNTL_HT-SELEX_TCAAAA20NCG_W_GTCACGTGAC_2_3	GTCACGTGAC	29345862_307	29345862	307	2025-08-21 13:46:15	puhti	COMPLETED	62	0:0	mariaosm	mariaosm	NA	1	1	NA	10485760	6332	3-00:00:00	62	NA
308	Ascl2_HT-SELEX_TAGGGC20NCG_Z_RRCAGCTGYY_1_4	RRCAGCTGYY	29345862_308	29345862	308	2025-08-21 13:46:15	puhti	COMPLETED	14	0:0	mariaosm	mariaosm	NA	1	1	NA	10485760	3276	3-00:00:00	14	NA
309	Atoh1_HT-SELEX_TAGTCC20NCTT_Z_RNCATATGNY_1_3	RNCATATGNY	29345862_309	29345862	309	2025-08-21 13:46:15	puhti	COMPLETED	18	0:0	mariaosm	mariaosm	NA	1	1	NA	10485760	3280	3-00:00:00	18	NA
310	BHLHA15_HT-SELEX_TCCGTG20NCG_Y_NNCATATGNN_1_4	NNCATATGNN	29345862_310	29345862	310	2025-08-21 13:46:15	puhti	COMPLETED	29	0:0	mariaosm	mariaosm	NA	1	1	NA	10485760	3216	3-00:00:00	29	NA
311	BHLHB2_HT-SELEX_TGGGAC20NGA_Y_NKCACGTGMN_1_2	NKCACGTGMN	29345862_311	29345862	311	2025-08-21 13:46:15	puhti	COMPLETED	66	0:0	mariaosm	mariaosm	NA	1	1	NA	10485760	5956	3-00:00:00	66	NA
312	BHLHB3_HT-SELEX_TCAAAA20NCG_AD_NKCACGTGMN_1_2	NKCACGTGMN	29345862_312	29345862	312	2025-08-21 13:46:15	puhti	COMPLETED	66	0:0	mariaosm	mariaosm	NA	1	1	NA	10485760	5966	3-00:00:00	66	NA
313	BHLHE22_HT-SELEX_TCTTGA20NGTG_Y_NANCATATGNTN_1_3	NANCATATGNTN	29345862_313	29345862	313	2025-08-21 13:46:15	puhti	COMPLETED	85	0:0	mariaosm	mariaosm	NA	1	1	NA	10485760	5962	3-00:00:00	85	NA
314	BHLHE23_HT-SELEX_TATATC20NCG_Y_ANCATATGNT_1_4	ANCATATGNT	29345862_314	29345862	314	2025-08-21 13:46:15	puhti	COMPLETED	62	0:0	mariaosm	mariaosm	NA	1	1	NA	10485760	5968	3-00:00:00	62	NA
315	BHLHE41_HT-SELEX_TGTGCT20NCGG_AD_GTCACGTGAC_1_3	GTCACGTGAC	29345862_315	29345862	315	2025-08-21 13:46:15	puhti	COMPLETED	62	0:0	mariaosm	mariaosm	NA	1	1	NA	10485760	458560	3-00:00:00	62	NA
316	Bhlhb2_HT-SELEX_TCAAGG20NGAA_Z_NKCACGTGMN_1_2	NKCACGTGMN	29345862_316	29345862	316	2025-08-21 13:46:15	puhti	COMPLETED	79	0:0	mariaosm	mariaosm	NA	1	1	NA	10485760	759327	3-00:00:00	79	NA
317	CLOCK_HT-SELEX_TGAGAT20NAGA_Z_NACACGTGTN_1_3	NACACGTGTN	29345862_317	29345862	317	2025-08-21 13:46:15	puhti	COMPLETED	77	0:0	mariaosm	mariaosm	NA	1	1	NA	10485760	758311	3-00:00:00	77	NA
318	FIGLA_HT-SELEX_AGATA14N_U_NNCACCTGNN_1_4	NNCACCTGNN	29345862_318	29345862	318	2025-08-21 13:46:15	puhti	COMPLETED	99	0:0	mariaosm	mariaosm	NA	1	1	NA	10485760	5858	3-00:00:00	99	NA
319	HES5_HT-SELEX_TCCACG20NCG_Y_NGGCACGTGCCN_1_4	NGGCACGTGCCN	29345862_319	29345862	319	2025-08-21 13:46:15	puhti	COMPLETED	77	0:0	mariaosm	mariaosm	NA	1	1	NA	10485760	760352	3-00:00:00	77	NA
320	HES7_HT-SELEX_AATTC14N_U_NGGCACGTGCCN_1_4	NGGCACGTGCCN	29345862_320	29345862	320	2025-08-21 13:46:15	puhti	COMPLETED	14	0:0	mariaosm	mariaosm	NA	1	1	NA	10485760	3268	3-00:00:00	14	NA
321	HEY1_HT-SELEX_TGAAAC20NGA_Y_NNCACGTGNN_1_3	NNCACGTGNN	29345862_321	29345862	321	2025-08-21 13:46:15	puhti	COMPLETED	39	0:0	mariaosm	mariaosm	NA	1	1	NA	10485760	6078	3-00:00:00	39	NA
322	HEY2_HT-SELEX_TCGATC20NGA_Y_NNCACGTGCC_1_4	NNCACGTGCC	29345862_322	29345862	322	2025-08-21 13:46:15	puhti	COMPLETED	64	0:0	mariaosm	mariaosm	NA	1	1	NA	10485760	5961	3-00:00:00	64	NA
323	HEY2_HT-SELEX_TCTCAA20NGA_AF_GNCACGTGYN_1_4	GNCACGTGYN	29345862_323	29345862	323	2025-08-21 13:46:15	puhti	COMPLETED	64	0:0	mariaosm	mariaosm	NA	1	1	NA	10485760	6000	3-00:00:00	64	NA
324	ID4_HT-SELEX_CTACA14N_U_NRCACCTGNN_1_4	NRCACCTGNN	29345862_324	29345862	324	2025-08-21 13:46:15	puhti	COMPLETED	74	0:0	mariaosm	mariaosm	NA	1	1	NA	10485760	5944	3-00:00:00	74	NA
325	MAX_HT-SELEX_TGACCT20NGA_Y_CACGTGNNNNNCACGTG_1_3	CACGTGNNNNNCACGTG	29345862_325	29345862	325	2025-08-21 13:46:15	puhti	COMPLETED	115	0:0	mariaosm	mariaosm	NA	1	1	01:53.498	10485760	6393	3-00:00:00	115	NA
326	MAX_HT-SELEX_TGACCT20NGA_Y_NNCACGTGNN_1_2	NNCACGTGNN	29345862_326	29345862	326	2025-08-21 13:46:15	puhti	COMPLETED	27	0:0	mariaosm	mariaosm	NA	1	1	NA	10485760	3206	3-00:00:00	27	NA
327	MESP1_HT-SELEX_TACCCG20NCG_Y_NNCACCTGNN_1_3	NNCACCTGNN	29345862_327	29345862	327	2025-08-21 13:46:15	puhti	COMPLETED	105	0:0	mariaosm	mariaosm	NA	1	1	NA	10485760	5959	3-00:00:00	105	NA
328	MLXIPL_HT-SELEX_TGTAAA20NAAG_AE_ATCACGTGAT_2_3	ATCACGTGAT	29345862_328	29345862	328	2025-08-21 13:46:15	puhti	COMPLETED	79	0:0	mariaosm	mariaosm	NA	1	1	NA	10485760	760440	3-00:00:00	79	NA
329	MLX_HT-SELEX_CATAT14N_S_ATCACGTGAT_2_4	ATCACGTGAT	29345862_329	29345862	329	2025-08-21 13:46:15	puhti	COMPLETED	79	0:0	mariaosm	mariaosm	NA	1	1	NA	10485760	761215	3-00:00:00	79	NA
330	MNT_HT-SELEX_TCTTCT20NGA_Y_NNCACGTGNN_1_3	NNCACGTGNN	29345862_330	29345862	330	2025-08-21 13:46:15	puhti	COMPLETED	105	0:0	mariaosm	mariaosm	NA	1	1	NA	10485760	5971	3-00:00:00	105	NA
331	MYF6_HT-SELEX_TGACTC20NTCA_AF_AACAVBTGTT_1_4	AACAVBTGTT	29345862_331	29345862	331	2025-08-21 13:46:15	puhti	COMPLETED	14	0:0	mariaosm	mariaosm	NA	1	1	NA	10485760	3270	3-00:00:00	14	NA
332	Mlx_HT-SELEX_CCTGG14N_T_ATCACGTGAT_2_3	ATCACGTGAT	29345862_332	29345862	332	2025-08-21 13:46:15	puhti	COMPLETED	13	0:0	mariaosm	mariaosm	NA	1	1	NA	10485760	3272	3-00:00:00	13	NA
333	NEUROD2_HT-SELEX_TGACCT20NGA_AE_NNCATATGNN_1_4	NNCATATGNN	29345862_333	29345862	333	2025-08-21 13:46:15	puhti	COMPLETED	29	0:0	mariaosm	mariaosm	NA	1	1	NA	10485760	3270	3-00:00:00	29	NA
334	NEUROG2_HT-SELEX_TCGCTG20NTCT_Z_RACATATGTY_1_3	RACATATGTY	29345862_334	29345862	334	2025-08-21 13:46:15	puhti	COMPLETED	14	0:0	mariaosm	mariaosm	NA	1	1	NA	10485760	3274	3-00:00:00	14	NA
335	NEUROG2_HT-SELEX_TGGCGG20NGA_AE_RACATATGTY_1_4	RACATATGTY	29345862_335	29345862	335	2025-08-21 13:46:15	puhti	COMPLETED	14	0:0	mariaosm	mariaosm	NA	1	1	NA	10485760	3270	3-00:00:00	15	NA
336	NHLH1_HT-SELEX_TGGGCG20NGA_W_CGCAGCTGCG_1_4	CGCAGCTGCG	29345862_336	29345862	336	2025-08-21 13:46:15	puhti	COMPLETED	60	0:0	mariaosm	mariaosm	NA	1	1	NA	10485760	6317	3-00:00:00	60	NA
337	NHLH1_HT-SELEX_TGATGG20NGTA_W_CGCAGCTGCG_1_4	CGCAGCTGCG	29345862_337	29345862	337	2025-08-21 13:46:15	puhti	COMPLETED	60	0:0	mariaosm	mariaosm	NA	1	1	NA	10485760	6335	3-00:00:00	60	NA
338	OLIG1_HT-SELEX_TGCCTG20NTCC_Z_ANCATATGNT_1_3	ANCATATGNT	29345862_338	29345862	338	2025-08-21 13:46:15	puhti	COMPLETED	24	0:0	mariaosm	mariaosm	NA	1	1	NA	10485760	3268	3-00:00:00	24	NA
339	OLIG2_HT-SELEX_TCTTTC20NGA_Y_AMCATATGKT_1_3	AMCATATGKT	29345862_339	29345862	339	2025-08-21 13:46:15	puhti	COMPLETED	23	0:0	mariaosm	mariaosm	NA	1	1	NA	10485760	3206	3-00:00:00	23	NA
340	OLIG2_HT-SELEX_TGCGCC20NGA_AE_AMCATATGKT_1_4	AMCATATGKT	29345862_340	29345862	340	2025-08-21 13:46:15	puhti	COMPLETED	26	0:0	mariaosm	mariaosm	NA	1	1	NA	10485760	3270	3-00:00:00	26	NA
341	OLIG3_HT-SELEX_TGTCCG20NGA_Y_AMCATATGKT_1_3	AMCATATGKT	29345862_341	29345862	341	2025-08-21 13:46:15	puhti	COMPLETED	26	0:0	mariaosm	mariaosm	NA	1	1	NA	10485760	3268	3-00:00:00	26	NA
342	SREBF2_HT-SELEX_TGAGAT20NGA_Y_RTCACGTGAY_1_3	RTCACGTGAY	29345862_342	29345862	342	2025-08-21 13:46:15	puhti	COMPLETED	28	0:0	mariaosm	mariaosm	NA	1	1	NA	10485760	3208	3-00:00:00	28	NA
343	Srebf1_HT-SELEX_TACATT20NCG_Z_RTCACGTGAY_1_3	RTCACGTGAY	29345862_343	29345862	343	2025-08-21 13:46:15	puhti	COMPLETED	28	0:0	mariaosm	mariaosm	NA	1	1	NA	10485760	3272	3-00:00:00	28	NA
344	TCF3_HT-SELEX_TACCCG20NCCC_Y_NNCACCTGNN_1_2	NNCACCTGNN	29345862_344	29345862	344	2025-08-21 13:46:15	puhti	COMPLETED	73	0:0	mariaosm	mariaosm	NA	1	1	NA	10485760	6155	3-00:00:00	73	NA
345	TCF4_HT-SELEX_TGCGAA20NGA_W_NNCACCTGNN_1_2	NNCACCTGNN	29345862_345	29345862	345	2025-08-21 13:46:15	puhti	COMPLETED	73	0:0	mariaosm	mariaosm	NA	1	1	NA	10485760	6152	3-00:00:00	73	NA
346	TCF4_HT-SELEX_TTGCCG20NCCT_AE_NNCACCTGNN_1_2	NNCACCTGNN	29345862_346	29345862	346	2025-08-21 13:46:15	puhti	COMPLETED	55	0:0	mariaosm	mariaosm	NA	1	1	NA	10485760	6145	3-00:00:00	55	NA
347	TFAP4_HT-SELEX_TCACGT20NGCA_AC_AWCAGCTGWT_1_2	AWCAGCTGWT	29345862_347	29345862	347	2025-08-21 13:46:15	puhti	COMPLETED	14	0:0	mariaosm	mariaosm	NA	1	1	NA	10485760	3278	3-00:00:00	14	NA
348	TFAP4_HT-SELEX_CATTG14N_S_AWCAGCTGWT_1_3	AWCAGCTGWT	29345862_348	29345862	348	2025-08-21 13:46:15	puhti	COMPLETED	14	0:0	mariaosm	mariaosm	NA	1	1	NA	10485760	3270	3-00:00:00	14	NA
349	TFE3_HT-SELEX_TACCGT20NTA_Q_NNCACGTGNN_1_2	NNCACGTGNN	29345862_349	29345862	349	2025-08-21 13:46:15	puhti	COMPLETED	28	0:0	mariaosm	mariaosm	NA	1	1	NA	10485760	3270	3-00:00:00	28	NA
350	TFEB_HT-SELEX_TAGTTT20NCG_W_RTCACGTGAY_1_2	RTCACGTGAY	29345862_350	29345862	350	2025-08-21 13:46:15	puhti	COMPLETED	14	0:0	mariaosm	mariaosm	NA	1	1	NA	10485760	3270	3-00:00:00	14	NA
351	Tcf21_HT-SELEX_TCCGTG20NTGC_Z_NNAACAGCTGTTNN_1_4	NNAACAGCTGTTNN	29345862_351	29345862	351	2025-08-21 13:46:15	puhti	COMPLETED	35	0:0	mariaosm	mariaosm	NA	1	1	NA	10485760	6002	3-00:00:00	35	NA
352	USF1_HT-SELEX_TGACGA20NGCA_Z_RTCACGTGAY_1_2	RTCACGTGAY	29345862_352	29345862	352	2025-08-21 13:46:15	puhti	COMPLETED	14	0:0	mariaosm	mariaosm	NA	1	1	NA	10485760	3210	3-00:00:00	14	NA
353	ATF4_HT-SELEX_TGGAAT20NGA_W_NNATGAYGCAATN_2_3	NNATGAYGCAATN	29345862_353	29345862	353	2025-08-21 13:46:15	puhti	COMPLETED	29	0:0	mariaosm	mariaosm	NA	1	1	NA	10485760	3212	3-00:00:00	29	NA
354	ATF7_HT-SELEX_TGGGCG30NCGT_AI_NNATGACGTCATNN_1_4	NNATGACGTCATNN	29345862_354	29345862	354	2025-08-21 13:46:15	puhti	COMPLETED	58	0:0	mariaosm	mariaosm	NA	1	1	NA	10485760	6188	3-00:00:00	58	NA
355	Atf4_HT-SELEX_TGCCGC20NGA_Z_NGGATGATGCAATM_2_4	NGGATGATGCAATM	29345862_355	29345862	355	2025-08-21 13:46:15	puhti	COMPLETED	30	0:0	mariaosm	mariaosm	NA	1	1	NA	10485760	3270	3-00:00:00	30	NA
356	BATF3_HT-SELEX_TAAGAC20NAGA_AC_TGATGACGTCATCA_2_4	TGATGACGTCATCA	29345862_356	29345862	356	2025-08-21 13:46:15	puhti	COMPLETED	15	0:0	mariaosm	mariaosm	NA	1	1	NA	10485760	3214	3-00:00:00	15	NA
357	CEBPB_HT-SELEX_TGGACA20NGA_W_NTTRCGCAAY_1_2	NTTRCGCAAY	29345862_357	29345862	357	2025-08-21 13:46:15	puhti	COMPLETED	16	0:0	mariaosm	mariaosm	NA	1	1	NA	10485760	3214	3-00:00:00	16	NA
358	CEBPB_HT-SELEX_TCAACC20NCAA_W_NTTRCGCAAY_1_4	NTTRCGCAAY	29345862_358	29345862	358	2025-08-21 13:46:15	puhti	COMPLETED	16	0:0	mariaosm	mariaosm	NA	1	1	NA	10485760	3206	3-00:00:00	16	NA
359	CEBPD_HT-SELEX_TAATGA20NCG_Y_NTTRCGCAAY_1_3	NTTRCGCAAY	29345862_359	29345862	359	2025-08-21 13:46:15	puhti	COMPLETED	14	0:0	mariaosm	mariaosm	NA	1	1	NA	10485760	3206	3-00:00:00	14	NA
360	CEBPE_HT-SELEX_TGAGGC20NGA_W_NTTRCGCAAY_1_2	NTTRCGCAAY	29345862_360	29345862	360	2025-08-21 13:46:15	puhti	COMPLETED	15	0:0	mariaosm	mariaosm	NA	1	1	NA	10485760	3274	3-00:00:00	15	NA
361	CEBPG_HT-SELEX_TAGACG20NTA_Q_NTTRCGCAAY_1_2	NTTRCGCAAY	29345862_361	29345862	361	2025-08-21 13:46:15	puhti	COMPLETED	15	0:0	mariaosm	mariaosm	NA	1	1	NA	10485760	3206	3-00:00:00	15	NA
362	CEBPG_HT-SELEX_TAAAAT20NCG_AC_NTTRCGCAAY_1_2	NTTRCGCAAY	29345862_362	29345862	362	2025-08-21 13:46:15	puhti	COMPLETED	15	0:0	mariaosm	mariaosm	NA	1	1	NA	10485760	3274	3-00:00:00	15	NA
363	CREB3L1_HT-SELEX_TAAACA20NCAA_Y_NTGCCACGTCANCA_1_4	NTGCCACGTCANCA	29345862_363	29345862	363	2025-08-21 13:46:15	puhti	COMPLETED	30	0:0	mariaosm	mariaosm	NA	1	1	NA	10485760	3268	3-00:00:00	30	NA
364	CREB3L1_HT-SELEX_TAAACA20NCAA_Y_TGCCACGTGGCA_2_4	TGCCACGTGGCA	29345862_364	29345862	364	2025-08-21 13:46:15	puhti	COMPLETED	28	0:0	mariaosm	mariaosm	NA	1	1	NA	10485760	3268	3-00:00:00	28	NA
365	CREB3L1_HT-SELEX_TAGAGT20NCG_AD_TGCCACGTGGCA_2_4	TGCCACGTGGCA	29345862_365	29345862	365	2025-08-21 13:46:15	puhti	COMPLETED	28	0:0	mariaosm	mariaosm	NA	1	1	NA	10485760	3274	3-00:00:00	28	NA
366	CREB3_HT-SELEX_TAGAAC20NCG_AD_NNRTGACGTCAYCN_1_4	NNRTGACGTCAYCN	29345862_366	29345862	366	2025-08-21 13:46:15	puhti	COMPLETED	62	0:0	mariaosm	mariaosm	NA	1	1	NA	10485760	6278	3-00:00:00	62	NA
367	CREB3_HT-SELEX_TAGAAC20NCG_AD_NTGCCACGTCAYCN_2_4	NTGCCACGTCAYCN	29345862_367	29345862	367	2025-08-21 13:46:15	puhti	COMPLETED	53	0:0	mariaosm	mariaosm	NA	1	1	NA	10485760	5817	3-00:00:00	53	NA
368	Cebpb_HT-SELEX_TCCTAA20NATC_Z_NTTRCGCAAY_1_2	NTTRCGCAAY	29345862_368	29345862	368	2025-08-21 13:46:15	puhti	COMPLETED	50	0:0	mariaosm	mariaosm	NA	1	1	NA	10485760	5843	3-00:00:00	50	NA
369	Creb3l2_HT-SELEX_TAACGG20NGCA_Z_TGCCACGTCATCA_2_4	TGCCACGTCATCA	29345862_369	29345862	369	2025-08-21 13:46:15	puhti	COMPLETED	48	0:0	mariaosm	mariaosm	NA	1	1	NA	10485760	5838	3-00:00:00	48	NA
370	Creb3l2_HT-SELEX_TAACGG20NGCA_Z_TGCCACGTGGCA_2_4	TGCCACGTGGCA	29345862_370	29345862	370	2025-08-21 13:46:15	puhti	COMPLETED	48	0:0	mariaosm	mariaosm	NA	1	1	NA	10485760	5824	3-00:00:00	48	NA
371	Creb5_HT-SELEX_TATCGC20NCG_Z_NATGACGTCAYN_1_3	NATGACGTCAYN	29345862_371	29345862	371	2025-08-21 13:46:15	puhti	COMPLETED	52	0:0	mariaosm	mariaosm	NA	1	1	NA	10485760	5837	3-00:00:00	52	NA
372	DBP_HT-SELEX_TAACTT20NCG_W_NRTTACGTAAYN_1_2	NRTTACGTAAYN	29345862_372	29345862	372	2025-08-21 13:46:15	puhti	COMPLETED	53	0:0	mariaosm	mariaosm	NA	1	1	NA	10485760	5841	3-00:00:00	53	NA
373	DBP_HT-SELEX_TGCGGG20NGGC_AE_NRTTACGTAAYN_1_2	NRTTACGTAAYN	29345862_373	29345862	373	2025-08-21 13:46:15	puhti	COMPLETED	27	0:0	mariaosm	mariaosm	NA	1	1	NA	10485760	3208	3-00:00:00	27	NA
374	Dbp_HT-SELEX_TAAATG20NCG_Z_NRTTACGTAAYN_1_2	NRTTACGTAAYN	29345862_374	29345862	374	2025-08-21 13:46:15	puhti	COMPLETED	19	0:0	mariaosm	mariaosm	NA	1	1	NA	10485760	3270	3-00:00:00	19	NA
375	HLF_HT-SELEX_TAGCCT20NCG_AD_NRTTACGTAAYN_1_3	NRTTACGTAAYN	29345862_375	29345862	375	2025-08-21 13:46:15	puhti	COMPLETED	19	0:0	mariaosm	mariaosm	NA	1	1	NA	10485760	3270	3-00:00:00	19	NA
376	Hlf_HT-SELEX_TCAATT20NTA_P_NRTTACGTAAYN_1_3	NRTTACGTAAYN	29345862_376	29345862	376	2025-08-21 13:46:15	puhti	COMPLETED	19	0:0	mariaosm	mariaosm	NA	1	1	NA	10485760	3270	3-00:00:00	19	NA
377	JDP2_HT-SELEX_TCCTTT20NTTC_AC_ATGASTCAT_1_4	ATGASTCAT	29345862_377	29345862	377	2025-08-21 13:46:15	puhti	COMPLETED	15	0:0	mariaosm	mariaosm	NA	1	1	NA	10485760	3274	3-00:00:00	15	NA
378	JDP2_HT-SELEX_TCCTTT20NTTC_AC_NATGACGTCAYN_1_4	NATGACGTCAYN	29345862_378	29345862	378	2025-08-21 13:46:15	puhti	COMPLETED	17	0:0	mariaosm	mariaosm	NA	1	1	NA	10485760	3274	3-00:00:00	17	NA
379	JDP2_HT-SELEX_TGTTCA20NGA_AE_ATGASTCAT_1_3	ATGASTCAT	29345862_379	29345862	379	2025-08-21 13:46:15	puhti	COMPLETED	12	0:0	mariaosm	mariaosm	NA	1	1	NA	10485760	3206	3-00:00:00	12	NA
380	JDP2_HT-SELEX_TGTTCA20NGA_AE_NATGACGTCAYN_1_3	NATGACGTCAYN	29345862_380	29345862	380	2025-08-21 13:46:15	puhti	COMPLETED	17	0:0	mariaosm	mariaosm	NA	1	1	NA	10485760	3278	3-00:00:00	17	NA
381	Jdp2_HT-SELEX_TATCTG20NCG_Z_ATGASTCAT_1_3	ATGASTCAT	29345862_381	29345862	381	2025-08-21 13:46:15	puhti	COMPLETED	16	0:0	mariaosm	mariaosm	NA	1	1	NA	10485760	3214	3-00:00:00	16	NA
382	Jdp2_HT-SELEX_TATCTG20NCG_Z_NATGACGTCAYN_1_3	NATGACGTCAYN	29345862_382	29345862	382	2025-08-21 13:46:15	puhti	COMPLETED	20	0:0	mariaosm	mariaosm	NA	1	1	NA	10485760	3214	3-00:00:00	20	NA
383	MAFF_HT-SELEX_TGGAAT20NAAT_Z_NTGCTGASTCAGCAN_2_4	NTGCTGASTCAGCAN	29345862_383	29345862	383	2025-08-21 13:46:15	puhti	COMPLETED	17	0:0	mariaosm	mariaosm	NA	1	1	NA	10485760	3204	3-00:00:00	17	NA
384	MAFG_HT-SELEX_TGTAAA40NAAG_AI_NNNNTGCTGASTCAGCANNNN_2_3	NNNNTGCTGASTCAGCANNNN	29345862_384	29345862	384	2025-08-21 13:46:15	puhti	COMPLETED	27164	0:0	mariaosm	mariaosm	NA	1	1	07:30:14	10485760	6029	3-00:00:00	27164	07:32:44
385	MAFK_HT-SELEX_TGCCTG30NTCC_AI_NNNNNTGCTGAN_1_2	NNNNNTGCTGAN	29345862_385	29345862	385	2025-08-21 13:46:15	puhti	COMPLETED	376	0:0	mariaosm	mariaosm	NA	1	1	06:10.051	10485760	5921	3-00:00:00	376	NA
386	MAFK_HT-SELEX_TGCCTG30NTCC_AI_NNNNTGCTGASTCAGCANNNN_2_2	NNNNTGCTGASTCAGCANNNN	29345862_386	29345862	386	2025-08-21 13:46:15	puhti	COMPLETED	27447	0:0	mariaosm	mariaosm	NA	1	1	07:34:53	10485760	6029	3-00:00:00	27447	07:37:26
387	MAFK_HT-SELEX_TTAAAG20NTA_AE_NNNNNTGCTGAN_1_3	NNNNNTGCTGAN	29345862_387	29345862	387	2025-08-21 13:46:15	puhti	COMPLETED	372	0:0	mariaosm	mariaosm	NA	1	1	06:06.242	10485760	5948	3-00:00:00	372	NA
388	MAFK_HT-SELEX_TTAAAG20NTA_AE_NTGCTGANTCAGCRN_2_3	NTGCTGANTCAGCRN	29345862_388	29345862	388	2025-08-21 13:46:15	puhti	COMPLETED	31	0:0	mariaosm	mariaosm	NA	1	1	NA	10485760	5835	3-00:00:00	31	NA
389	Mafb_HT-SELEX_TCGTTA20NTTT_AA_NNNNTGCTGACN_1_3	NNNNTGCTGACN	29345862_389	29345862	389	2025-08-21 13:46:15	puhti	COMPLETED	112	0:0	mariaosm	mariaosm	NA	1	1	01:47.946	10485760	5914	3-00:00:00	112	NA
390	Mafb_HT-SELEX_TCGTTA20NTTT_AA_NNTGCTGASTCAGCANN_2_4	NNTGCTGASTCAGCANN	29345862_390	29345862	390	2025-08-21 13:46:15	puhti	COMPLETED	70	0:0	mariaosm	mariaosm	NA	1	1	01:05.756	10485760	5855	3-00:00:00	70	NA
391	Mafb_HT-SELEX_TCGTTA20NTTT_AA_NNYGCTGACGTMAGCANN_2_4	NNYGCTGACGTMAGCANN	29345862_391	29345862	391	2025-08-21 13:46:15	puhti	COMPLETED	148	0:0	mariaosm	mariaosm	NA	1	1	02:23.824	10485760	5917	3-00:00:00	148	NA
392	NFE2_HT-SELEX_TGTAGG20NGA_AC_NATGASTCATN_1_4	NATGASTCATN	29345862_392	29345862	392	2025-08-21 13:46:15	puhti	COMPLETED	16	0:0	mariaosm	mariaosm	NA	1	1	NA	10485760	3272	3-00:00:00	16	NA
393	NFIL3_HT-SELEX_TAGACG20NCG_Y_NRTTACRTAAYN_1_2	NRTTACRTAAYN	29345862_393	29345862	393	2025-08-21 13:46:15	puhti	COMPLETED	26	0:0	mariaosm	mariaosm	NA	1	1	NA	10485760	3208	3-00:00:00	26	NA
394	NRL_HT-SELEX_TGGAGC20NGA_O_NNNNTGCTGAN_1_4	NNNNTGCTGAN	29345862_394	29345862	394	2025-08-21 13:46:15	puhti	COMPLETED	98	0:0	mariaosm	mariaosm	NA	1	1	01:34.386	10485760	6170	3-00:00:00	98	NA
395	TEF_HT-SELEX_TATAAG20NTA_Q_NRTTACRTAAYN_1_3	NRTTACRTAAYN	29345862_395	29345862	395	2025-08-21 13:46:15	puhti	COMPLETED	27	0:0	mariaosm	mariaosm	NA	1	1	NA	10485760	3210	3-00:00:00	27	NA
396	TEF_HT-SELEX_AGGTG14N_S_NRTTACRTAAYN_1_3	NRTTACRTAAYN	29345862_396	29345862	396	2025-08-21 13:46:15	puhti	COMPLETED	70	0:0	mariaosm	mariaosm	NA	1	1	NA	10485760	6095	3-00:00:00	70	NA
397	XBP1_HT-SELEX_TGTTCA20NGA_AC_GATGACGTCATC_2_3	GATGACGTCATC	29345862_397	29345862	397	2025-08-21 13:46:15	puhti	COMPLETED	13	0:0	mariaosm	mariaosm	NA	1	1	NA	10485760	3206	3-00:00:00	13	NA
398	XBP1_HT-SELEX_TGTTCA20NGA_AC_NNNGMCACGTCATC_2_3	NNNGMCACGTCATC	29345862_398	29345862	398	2025-08-21 13:46:15	puhti	COMPLETED	29	0:0	mariaosm	mariaosm	NA	1	1	NA	10485760	3272	3-00:00:00	29	NA
399	FOXB1_HT-SELEX_TGAGCA30NCGA_AI_GAATGACACRGCGN_2_3	GAATGACACRGCGN	29345862_399	29345862	399	2025-08-21 13:46:15	puhti	COMPLETED	15	0:0	mariaosm	mariaosm	NA	1	1	NA	10485760	3270	3-00:00:00	15	NA
400	FOXB1_HT-SELEX_TGAGCA30NCGA_AI_WNWGTMAATATTRACWNW_2_3	WNWGTMAATATTRACWNW	29345862_400	29345862	400	2025-08-21 13:46:15	puhti	COMPLETED	188	0:0	mariaosm	mariaosm	NA	1	1	03:05.767	10485760	6762	3-00:00:00	188	NA
401	FOXB1_HT-SELEX_TGAGCA30NCGA_AI_WRWGTMAAYAN_1_3	WRWGTMAAYAN	29345862_401	29345862	401	2025-08-21 13:46:15	puhti	COMPLETED	31	0:0	mariaosm	mariaosm	NA	1	1	NA	10485760	3280	3-00:00:00	31	NA
402	FOXB1_HT-SELEX_TCTGGT20NGGG_AE_WGTAAAYAN_1_4	WGTAAAYAN	29345862_402	29345862	402	2025-08-21 13:46:15	puhti	COMPLETED	16	0:0	mariaosm	mariaosm	NA	1	1	NA	10485760	3280	3-00:00:00	16	NA
403	FOXC1_HT-SELEX_TGAGGC30NGGA_AI_ANRTAAAYAAACA_1_3	ANRTAAAYAAACA	29345862_403	29345862	403	2025-08-21 13:46:15	puhti	COMPLETED	17	0:0	mariaosm	mariaosm	NA	1	1	NA	10485760	3272	3-00:00:00	17	NA
404	FOXC1_HT-SELEX_TGAGGC30NGGA_AI_NRTMAATATTKAYN_2_3	NRTMAATATTKAYN	29345862_404	29345862	404	2025-08-21 13:46:15	puhti	COMPLETED	35	0:0	mariaosm	mariaosm	NA	1	1	NA	10485760	6027	3-00:00:00	35	NA
405	FOXC1_HT-SELEX_TGAGGC30NGGA_AI_WRWRTMAAYAW_1_3	WRWRTMAAYAW	29345862_405	29345862	405	2025-08-21 13:46:15	puhti	COMPLETED	26	0:0	mariaosm	mariaosm	NA	1	1	NA	10485760	3280	3-00:00:00	26	NA
406	FOXC2_HT-SELEX_TGAGTG30NTGA_AI_NRTMAATATTKAYN_2_3	NRTMAATATTKAYN	29345862_406	29345862	406	2025-08-21 13:46:15	puhti	COMPLETED	35	0:0	mariaosm	mariaosm	NA	1	1	NA	10485760	6394	3-00:00:00	35	NA
407	FOXC2_HT-SELEX_TGAGTG30NTGA_AI_RTAAAYAAACA_1_3	RTAAAYAAACA	29345862_407	29345862	407	2025-08-21 13:46:15	puhti	COMPLETED	17	0:0	mariaosm	mariaosm	NA	1	1	NA	10485760	3276	3-00:00:00	17	NA
408	FOXC2_HT-SELEX_TGAGTG30NTGA_AI_WAWRTAAAYAWW_1_3	WAWRTAAAYAWW	29345862_408	29345862	408	2025-08-21 13:46:15	puhti	COMPLETED	32	0:0	mariaosm	mariaosm	NA	1	1	NA	10485760	3276	3-00:00:00	32	NA
409	FOXD2_HT-SELEX_TGCTCG20NCTC_Z_NRNWAAYRTTKNYN_1_2	NRNWAAYRTTKNYN	29345862_409	29345862	409	2025-08-21 13:46:15	puhti	COMPLETED	1977	0:0	mariaosm	mariaosm	NA	1	1	32:41.824	10485760	6227	3-00:00:00	1977	NA
410	FOXD2_HT-SELEX_TGCTCG20NCTC_Z_RTAAAYA_1_2	RTAAAYA	29345862_410	29345862	410	2025-08-21 13:46:15	puhti	COMPLETED	17	0:0	mariaosm	mariaosm	NA	1	1	NA	10485760	3274	3-00:00:00	17	NA
411	FOXD3_HT-SELEX_TGGGGT20NGGT_Z_NRNWAAYRTTKNYN_2_3	NRNWAAYRTTKNYN	29345862_411	29345862	411	2025-08-21 13:46:15	puhti	COMPLETED	1856	0:0	mariaosm	mariaosm	NA	1	1	30:41.794	10485760	6144	3-00:00:00	1856	NA
412	FOXD3_HT-SELEX_TGGGGT20NGGT_Z_RTAAAYA_1_3	RTAAAYA	29345862_412	29345862	412	2025-08-21 13:46:15	puhti	COMPLETED	14	0:0	mariaosm	mariaosm	NA	1	1	NA	10485760	3210	3-00:00:00	14	NA
413	FOXG1_HT-SELEX_TGGTTC20NGA_AA_ATAAACAANWGTAAACA_2_4	ATAAACAANWGTAAACA	29345862_413	29345862	413	2025-08-21 13:46:15	puhti	COMPLETED	15	0:0	mariaosm	mariaosm	NA	1	1	NA	10485760	3270	3-00:00:00	15	NA
414	FOXG1_HT-SELEX_TGGTTC20NGA_AA_RCGGACACAATR_2_4	RCGGACACAATR	29345862_414	29345862	414	2025-08-21 13:46:15	puhti	COMPLETED	14	0:0	mariaosm	mariaosm	NA	1	1	NA	10485760	3274	3-00:00:00	14	NA
415	FOXI1_HT-SELEX_TCGGAA20NGA_AF_GTAAACA_1_4	GTAAACA	29345862_415	29345862	415	2025-08-21 13:46:15	puhti	COMPLETED	13	0:0	mariaosm	mariaosm	NA	1	1	NA	10485760	3208	3-00:00:00	13	NA
416	FOXI1_HT-SELEX_TCGGAA20NGA_AF_NTGTTTACRGTAAAYAN_2_4	NTGTTTACRGTAAAYAN	29345862_416	29345862	416	2025-08-21 13:46:15	puhti	COMPLETED	67	0:0	mariaosm	mariaosm	NA	1	1	NA	10485760	6138	3-00:00:00	67	NA
417	FOXJ2_HT-SELEX_TGACGA20NGA_W_RTAAACAATAAAYA_2_3	RTAAACAATAAAYA	29345862_417	29345862	417	2025-08-21 13:46:15	puhti	COMPLETED	58	0:0	mariaosm	mariaosm	NA	1	1	NA	10485760	5962	3-00:00:00	58	NA
418	FOXJ2_HT-SELEX_TGACGA20NGA_W_RTAAACAA_1_2	RTAAACAA	29345862_418	29345862	418	2025-08-21 13:46:15	puhti	COMPLETED	25	0:0	mariaosm	mariaosm	NA	1	1	NA	10485760	3268	3-00:00:00	25	NA
419	FOXJ2_HT-SELEX_TGACGA20NGA_W_RTAAACAWMAACA_2_3	RTAAACAWMAACA	29345862_419	29345862	419	2025-08-21 13:46:15	puhti	COMPLETED	27	0:0	mariaosm	mariaosm	NA	1	1	NA	10485760	3270	3-00:00:00	27	NA
420	FOXJ3_HT-SELEX_TAGTGG20NGTT_AC_RTAAACAA_1_4	RTAAACAA	29345862_420	29345862	420	2025-08-21 13:46:15	puhti	COMPLETED	31	0:0	mariaosm	mariaosm	NA	1	1	NA	10485760	6376	3-00:00:00	31	NA
421	FOXJ3_HT-SELEX_TAGTGG20NGTT_AC_RTAAACARTAAACA_2_4	RTAAACARTAAACA	29345862_421	29345862	421	2025-08-21 13:46:15	puhti	COMPLETED	114	0:0	mariaosm	mariaosm	NA	1	1	NA	10485760	685593	3-00:00:00	114	NA
422	FOXJ3_HT-SELEX_TAGTGG20NGTT_AC_RTAAACATAAACA_2_4	RTAAACATAAACA	29345862_422	29345862	422	2025-08-21 13:46:15	puhti	COMPLETED	14	0:0	mariaosm	mariaosm	NA	1	1	NA	10485760	3276	3-00:00:00	14	NA
423	FOXK1_HT-SELEX_GACAG14N_S_CGGACACAAT_2_4	CGGACACAAT	29345862_423	29345862	423	2025-08-21 13:46:15	puhti	COMPLETED	23	0:0	mariaosm	mariaosm	NA	1	1	NA	10485760	3276	3-00:00:00	23	NA
424	FOXL1_HT-SELEX_TGCTCG20NCTC_W_RTAAAYA_1_2	RTAAAYA	29345862_424	29345862	424	2025-08-21 13:46:15	puhti	COMPLETED	14	0:0	mariaosm	mariaosm	NA	1	1	NA	10485760	3214	3-00:00:00	14	NA
425	FOXL1_HT-SELEX_TGCTCG20NCTC_W_WRTAAAYAAACAA_2_2	WRTAAAYAAACAA	29345862_425	29345862	425	2025-08-21 13:46:15	puhti	COMPLETED	32	0:0	mariaosm	mariaosm	NA	1	1	NA	10485760	6138	3-00:00:00	32	NA
426	FOXO1_HT-SELEX_TTCAGC20NTA_AF_GTAAACAA_1_3	GTAAACAA	29345862_426	29345862	426	2025-08-21 13:46:15	puhti	COMPLETED	13	0:0	mariaosm	mariaosm	NA	1	1	NA	10485760	3206	3-00:00:00	13	NA
427	FOXO1_HT-SELEX_TTCAGC20NTA_AF_GTAAACATGTTTAC_2_3	GTAAACATGTTTAC	29345862_427	29345862	427	2025-08-21 13:46:15	puhti	COMPLETED	18	0:0	mariaosm	mariaosm	NA	1	1	NA	10485760	3270	3-00:00:00	18	NA
428	FOXO1_HT-SELEX_TTCAGC20NTA_AF_TTTCCCCACACG_2_3	TTTCCCCACACG	29345862_428	29345862	428	2025-08-21 13:46:15	puhti	COMPLETED	50	0:0	mariaosm	mariaosm	NA	1	1	NA	10485760	5952	3-00:00:00	50	NA
429	FOXO3_HT-SELEX_TGTTGC20NGTG_W_GTAAACATGTTTAC_2_4	GTAAACATGTTTAC	29345862_429	29345862	429	2025-08-21 13:46:15	puhti	COMPLETED	13	0:0	mariaosm	mariaosm	NA	1	1	NA	10485760	3268	3-00:00:00	13	NA
430	FOXO3_HT-SELEX_TGTTGC20NGTG_W_GTAAACAW_1_4	GTAAACAW	29345862_430	29345862	430	2025-08-21 13:46:15	puhti	COMPLETED	13	0:0	mariaosm	mariaosm	NA	1	1	NA	10485760	3206	3-00:00:00	13	NA
431	FOXO3_HT-SELEX_TGTTGC20NGTG_W_TTTCCCCACAC_2_4	TTTCCCCACAC	29345862_431	29345862	431	2025-08-21 13:46:15	puhti	COMPLETED	15	0:0	mariaosm	mariaosm	NA	1	1	NA	10485760	3268	3-00:00:00	15	NA
432	FOXO4_HT-SELEX_TGACTC20NGA_AC_GTAAACATGTTTAC_2_3	GTAAACATGTTTAC	29345862_432	29345862	432	2025-08-21 13:46:15	puhti	COMPLETED	15	0:0	mariaosm	mariaosm	NA	1	1	NA	10485760	3206	3-00:00:00	15	NA
433	FOXO4_HT-SELEX_TGACTC20NGA_AC_GTAAACA_1_3	GTAAACA	29345862_433	29345862	433	2025-08-21 13:46:15	puhti	COMPLETED	38	0:0	mariaosm	mariaosm	NA	1	1	NA	10485760	828719	3-00:00:00	38	NA
434	FOXO4_HT-SELEX_TGACTC20NGA_AC_TTTCCCCACACG_2_3	TTTCCCCACACG	29345862_434	29345862	434	2025-08-21 13:46:15	puhti	COMPLETED	32	0:0	mariaosm	mariaosm	NA	1	1	NA	10485760	6030	3-00:00:00	32	NA
435	FOXO6_HT-SELEX_TCGTGT30NGTT_AH_GTAAACATGTTTAC_2_4	GTAAACATGTTTAC	29345862_435	29345862	435	2025-08-21 13:46:15	puhti	COMPLETED	18	0:0	mariaosm	mariaosm	NA	1	1	NA	10485760	3270	3-00:00:00	18	NA
436	FOXO6_HT-SELEX_TCGTGT30NGTT_AH_GTAAACA_1_3	GTAAACA	29345862_436	29345862	436	2025-08-21 13:46:15	puhti	COMPLETED	45	0:0	mariaosm	mariaosm	NA	1	1	NA	10485760	682330	3-00:00:00	45	NA
437	FOXO6_HT-SELEX_TCGTGT30NGTT_AH_TTTCCCCACACRAC_2_4	TTTCCCCACACRAC	29345862_437	29345862	437	2025-08-21 13:46:15	puhti	COMPLETED	45	0:0	mariaosm	mariaosm	NA	1	1	NA	10485760	683250	3-00:00:00	45	NA
438	FOXP3_HT-SELEX_TCAATT20NTAA_Y_RTAAACA_1_4	RTAAACA	29345862_438	29345862	438	2025-08-21 13:46:15	puhti	COMPLETED	12	0:0	mariaosm	mariaosm	NA	1	1	NA	10485760	3268	3-00:00:00	12	NA
439	Foxc1_HT-SELEX_CCCCT14N_T_GTAAAYAAACA_2_4	GTAAAYAAACA	29345862_439	29345862	439	2025-08-21 13:46:15	puhti	COMPLETED	25	0:0	mariaosm	mariaosm	NA	1	1	NA	10485760	3208	3-00:00:00	25	NA
440	Foxc1_HT-SELEX_CCCCT14N_T_RTAAAYA_1_4	RTAAAYA	29345862_440	29345862	440	2025-08-21 13:46:15	puhti	COMPLETED	19	0:0	mariaosm	mariaosm	NA	1	1	NA	10485760	3204	3-00:00:00	19	NA
441	Foxg1_HT-SELEX_TATCTG20NTCG_AF_ATAAACAAGTRTAAACA_2_4	ATAAACAAGTRTAAACA	29345862_441	29345862	441	2025-08-21 13:46:15	puhti	COMPLETED	19	0:0	mariaosm	mariaosm	NA	1	1	NA	10485760	3206	3-00:00:00	19	NA
442	Foxg1_HT-SELEX_TATCTG20NTCG_AF_NMGGACACAATC_2_4	NMGGACACAATC	29345862_442	29345862	442	2025-08-21 13:46:15	puhti	COMPLETED	21	0:0	mariaosm	mariaosm	NA	1	1	NA	10485760	3272	3-00:00:00	21	NA
443	Foxg1_HT-SELEX_TATCTG20NTCG_AF_RTAAAYA_1_4	RTAAAYA	29345862_443	29345862	443	2025-08-21 13:46:15	puhti	COMPLETED	15	0:0	mariaosm	mariaosm	NA	1	1	NA	10485760	3272	3-00:00:00	15	NA
444	Foxj3_HT-SELEX_TAAACA20NCAA_AF_ACGGACACAAT_1_4	ACGGACACAAT	29345862_444	29345862	444	2025-08-21 13:46:15	puhti	COMPLETED	13	0:0	mariaosm	mariaosm	NA	1	1	NA	10485760	3272	3-00:00:00	13	NA
445	Foxj3_HT-SELEX_TAAACA20NCAA_AF_RTAAACAATAAACA_2_4	RTAAACAATAAACA	29345862_445	29345862	445	2025-08-21 13:46:15	puhti	COMPLETED	16	0:0	mariaosm	mariaosm	NA	1	1	NA	10485760	3280	3-00:00:00	16	NA
446	Foxj3_HT-SELEX_TAAACA20NCAA_AF_RTAAACAA_1_3	RTAAACAA	29345862_446	29345862	446	2025-08-21 13:46:15	puhti	COMPLETED	16	0:0	mariaosm	mariaosm	NA	1	1	NA	10485760	3280	3-00:00:00	16	NA
447	Foxj3_HT-SELEX_TAAACA20NCAA_AF_RTAAACATMAACA_1_4	RTAAACATMAACA	29345862_447	29345862	447	2025-08-21 13:46:15	puhti	COMPLETED	14	0:0	mariaosm	mariaosm	NA	1	1	NA	10485760	3208	3-00:00:00	14	NA
448	Foxk1_HT-SELEX_TGGGTA20NCG_Q_CGGACACAATC_2_4	CGGACACAATC	29345862_448	29345862	448	2025-08-21 13:46:15	puhti	COMPLETED	16	0:0	mariaosm	mariaosm	NA	1	1	NA	10485760	3206	3-00:00:00	16	NA
449	Foxk1_HT-SELEX_TGGGTA20NCG_Q_RTAAACA_1_4	RTAAACA	29345862_449	29345862	449	2025-08-21 13:46:15	puhti	COMPLETED	16	0:0	mariaosm	mariaosm	NA	1	1	NA	10485760	3272	3-00:00:00	16	NA
450	ALX3_HT-SELEX_TGTAAA20NAAG_Z_NNYAATTANN_1_2	NNYAATTANN	29345862_450	29345862	450	2025-08-21 13:46:15	puhti	COMPLETED	110	0:0	mariaosm	mariaosm	NA	1	1	NA	10485760	5764	3-00:00:00	110	NA
451	ALX3_HT-SELEX_TGCAAG20NGA_AE_NNYAATTANN_1_2	NNYAATTANN	29345862_451	29345862	451	2025-08-21 13:46:15	puhti	COMPLETED	108	0:0	mariaosm	mariaosm	NA	1	1	NA	10485760	5752	3-00:00:00	108	NA
452	ALX3_HT-SELEX_TGCAAG20NGA_AE_NTAATYNRATTAN_1_2	NTAATYNRATTAN	29345862_452	29345862	452	2025-08-21 13:46:15	puhti	COMPLETED	96	0:0	mariaosm	mariaosm	NA	1	1	NA	10485760	5730	3-00:00:00	96	NA
453	ALX4_HT-SELEX_TGTGTC20NGA_W_NTAATYNRATTAN_1_2	NTAATYNRATTAN	29345862_453	29345862	453	2025-08-21 13:46:15	puhti	COMPLETED	96	0:0	mariaosm	mariaosm	NA	1	1	NA	10485760	5761	3-00:00:00	96	NA
454	ARX_HT-SELEX_TGCGTT20NTGC_Z_NTAATYNRATTAN_1_2	NTAATYNRATTAN	29345862_454	29345862	454	2025-08-21 13:46:15	puhti	COMPLETED	96	0:0	mariaosm	mariaosm	NA	1	1	NA	10485760	5752	3-00:00:00	96	NA
455	Alx1_HT-SELEX_TAAAGC20NCG_Z_NNYAATTANN_1_3	NNYAATTANN	29345862_455	29345862	455	2025-08-21 13:46:15	puhti	COMPLETED	108	0:0	mariaosm	mariaosm	NA	1	1	NA	10485760	5741	3-00:00:00	108	NA
456	Alx1_HT-SELEX_TAAAGC20NCG_Z_NTAATYNRATTAN_1_3	NTAATYNRATTAN	29345862_456	29345862	456	2025-08-21 13:46:15	puhti	COMPLETED	96	0:0	mariaosm	mariaosm	NA	1	1	NA	10485760	5742	3-00:00:00	96	NA
457	Alx4_HT-SELEX_TGGTAG20NCG_P_NTAATYNRATTAN_1_2	NTAATYNRATTAN	29345862_457	29345862	457	2025-08-21 13:46:15	puhti	COMPLETED	96	0:0	mariaosm	mariaosm	NA	1	1	NA	10485760	5740	3-00:00:00	96	NA
458	Arx_HT-SELEX_TCGCAT20NACT_AC_NTAATYNRATTAN_1_2	NTAATYNRATTAN	29345862_458	29345862	458	2025-08-21 13:46:15	puhti	COMPLETED	96	0:0	mariaosm	mariaosm	NA	1	1	NA	10485760	5741	3-00:00:00	96	NA
459	BARHL2_HT-SELEX_TATTGT20NGTG_AC_NNTAAACGNN_1_2	NNTAAACGNN	29345862_459	29345862	459	2025-08-21 13:46:15	puhti	COMPLETED	98	0:0	mariaosm	mariaosm	NA	1	1	NA	10485760	5725	3-00:00:00	98	NA
460	BARHL2_HT-SELEX_TATTGT20NGTG_AC_NNTAATTGNN_1_2	NNTAATTGNN	29345862_460	29345862	460	2025-08-21 13:46:15	puhti	COMPLETED	96	0:0	mariaosm	mariaosm	NA	1	1	NA	10485760	5738	3-00:00:00	96	NA
461	BARHL2_HT-SELEX_TATTGT20NGTG_AC_TAAWYGNNNNTAAWYG_1_3	TAAWYGNNNNTAAWYG	29345862_461	29345862	461	2025-08-21 13:46:15	puhti	COMPLETED	624	0:0	mariaosm	mariaosm	NA	1	1	09:24.009	10485760	6051	3-00:00:00	624	NA
462	BARHL2_HT-SELEX_TCCAGT40NGAC_AI_NNTAAACGNN_1_3	NNTAAACGNN	29345862_462	29345862	462	2025-08-21 13:46:15	puhti	COMPLETED	98	0:0	mariaosm	mariaosm	NA	1	1	NA	10485760	5726	3-00:00:00	98	NA
463	BARHL2_HT-SELEX_TCCAGT40NGAC_AI_NNTAATTGNN_1_3	NNTAATTGNN	29345862_463	29345862	463	2025-08-21 13:46:15	puhti	COMPLETED	96	0:0	mariaosm	mariaosm	NA	1	1	NA	10485760	5742	3-00:00:00	96	NA
464	BARHL2_HT-SELEX_TCCAGT40NGAC_AI_TAAWYGNNNNTAAWYG_1_4	TAAWYGNNNNTAAWYG	29345862_464	29345862	464	2025-08-21 13:46:15	puhti	COMPLETED	624	0:0	mariaosm	mariaosm	NA	1	1	09:23.726	10485760	6011	3-00:00:00	624	NA
465	BARX1_HT-SELEX_TATTCG20NCTG_AC_CNATTAAAWANCNATTA_2_3	CNATTAAAWANCNATTA	29345862_465	29345862	465	2025-08-21 13:46:15	puhti	COMPLETED	98	0:0	mariaosm	mariaosm	NA	1	1	NA	10485760	5727	3-00:00:00	98	NA
466	BARX1_HT-SELEX_TATTCG20NCTG_AC_NYNATTAN_1_3	NYNATTAN	29345862_466	29345862	466	2025-08-21 13:46:15	puhti	COMPLETED	83	0:0	mariaosm	mariaosm	NA	1	1	NA	10485760	838072	3-00:00:00	83	NA
467	BSX_HT-SELEX_TATGAA20NCG_Y_NYNATTAN_1_3	NYNATTAN	29345862_467	29345862	467	2025-08-21 13:46:15	puhti	COMPLETED	83	0:0	mariaosm	mariaosm	NA	1	1	NA	10485760	837321	3-00:00:00	83	NA
468	Barhl1_HT-SELEX_TCAGTC20NCG_AC_NNTAAACGNN_1_2	NNTAAACGNN	29345862_468	29345862	468	2025-08-21 13:46:15	puhti	COMPLETED	46	0:0	mariaosm	mariaosm	NA	1	1	NA	10485760	5958	3-00:00:00	47	NA
469	Barhl1_HT-SELEX_TCAGTC20NCG_AC_NNTAATTGNN_1_2	NNTAATTGNN	29345862_469	29345862	469	2025-08-21 13:46:15	puhti	COMPLETED	31	0:0	mariaosm	mariaosm	NA	1	1	NA	10485760	6231	3-00:00:00	31	NA
470	Barhl1_HT-SELEX_TCAGTC20NCG_AC_TAAWYGNNNNTAAWYG_1_3	TAAWYGNNNNTAAWYG	29345862_470	29345862	470	2025-08-21 13:46:15	puhti	COMPLETED	584	0:0	mariaosm	mariaosm	NA	1	1	09:32.567	10485760	6869	3-00:00:00	584	NA
471	CART1_HT-SELEX_TGCGCC20NGA_Y_NTAAYYYAATTAN_1_2	NTAAYYYAATTAN	29345862_471	29345862	471	2025-08-21 13:46:15	puhti	COMPLETED	44	0:0	mariaosm	mariaosm	NA	1	1	NA	10485760	5925	3-00:00:00	44	NA
472	CDX1_HT-SELEX_TCAACC20NCAA_Y_NYMATAAAN_1_3	NYMATAAAN	29345862_472	29345862	472	2025-08-21 13:46:15	puhti	COMPLETED	17	0:0	mariaosm	mariaosm	NA	1	1	NA	10485760	3214	3-00:00:00	17	NA
473	CDX2_HT-SELEX_TACTTG20NCG_Y_NYMATAAAN_1_4	NYMATAAAN	29345862_473	29345862	473	2025-08-21 13:46:15	puhti	COMPLETED	18	0:0	mariaosm	mariaosm	NA	1	1	NA	10485760	3278	3-00:00:00	18	NA
474	DLX1_HT-SELEX_TCTTGA20NGA_AC_NNYAATTANN_1_4	NNYAATTANN	29345862_474	29345862	474	2025-08-21 13:46:15	puhti	COMPLETED	46	0:0	mariaosm	mariaosm	NA	1	1	NA	10485760	5863	3-00:00:00	46	NA
475	DLX2_HT-SELEX_TTCATG20NTA_AF_NYAATTAN_1_2	NYAATTAN	29345862_475	29345862	475	2025-08-21 13:46:15	puhti	COMPLETED	16	0:0	mariaosm	mariaosm	NA	1	1	NA	10485760	3214	3-00:00:00	16	NA
476	DLX3_HT-SELEX_TATGTT20NCG_Y_NYAATTAN_1_2	NYAATTAN	29345862_476	29345862	476	2025-08-21 13:46:15	puhti	COMPLETED	16	0:0	mariaosm	mariaosm	NA	1	1	NA	10485760	3214	3-00:00:00	16	NA
477	DLX4_HT-SELEX_TCTTCT20NGA_AC_NYAATTAN_1_3	NYAATTAN	29345862_477	29345862	477	2025-08-21 13:46:15	puhti	COMPLETED	18	0:0	mariaosm	mariaosm	NA	1	1	NA	10485760	3280	3-00:00:00	18	NA
478	DLX5_HT-SELEX_AGGGC14N_S_NYAATTAN_1_3	NYAATTAN	29345862_478	29345862	478	2025-08-21 13:46:15	puhti	COMPLETED	15	0:0	mariaosm	mariaosm	NA	1	1	NA	10485760	3280	3-00:00:00	15	NA
479	DLX6_HT-SELEX_TGCGGG20NGA_Y_NYAATTAN_1_3	NYAATTAN	29345862_479	29345862	479	2025-08-21 13:46:15	puhti	COMPLETED	18	0:0	mariaosm	mariaosm	NA	1	1	NA	10485760	3280	3-00:00:00	18	NA
480	DMBX1_HT-SELEX_TAACCC20NCCA_AC_NNGGATTANN_1_4	NNGGATTANN	29345862_480	29345862	480	2025-08-21 13:46:15	puhti	COMPLETED	42	0:0	mariaosm	mariaosm	NA	1	1	NA	10485760	5886	3-00:00:00	42	NA
481	DPRX_HT-SELEX_TCGAAG30NAAT_AI_NNGGATTANN_1_2	NNGGATTANN	29345862_481	29345862	481	2025-08-21 13:46:15	puhti	COMPLETED	39	0:0	mariaosm	mariaosm	NA	1	1	NA	10485760	5930	3-00:00:00	39	NA
482	DPRX_HT-SELEX_TCGAAG30NAAT_AI_NRGATAATCYN_1_2	NRGATAATCYN	29345862_482	29345862	482	2025-08-21 13:46:15	puhti	COMPLETED	22	0:0	mariaosm	mariaosm	NA	1	1	NA	10485760	3278	3-00:00:00	22	NA
483	DRGX_HT-SELEX_TCCCTC20NCG_Y_NTAAYYNAATTAN_1_2	NTAAYYNAATTAN	29345862_483	29345862	483	2025-08-21 13:46:15	puhti	COMPLETED	48	0:0	mariaosm	mariaosm	NA	1	1	NA	10485760	5893	3-00:00:00	48	NA
484	DUXA_HT-SELEX_TTCACA20NTA_AF_NTRAYNTAATCAN_1_2	NTRAYNTAATCAN	29345862_484	29345862	484	2025-08-21 13:46:15	puhti	COMPLETED	49	0:0	mariaosm	mariaosm	NA	1	1	NA	10485760	5903	3-00:00:00	49	NA
485	Dlx1_HT-SELEX_TGAGAT20NCG_P_NYAATTAN_1_2	NYAATTAN	29345862_485	29345862	485	2025-08-21 13:46:15	puhti	COMPLETED	17	0:0	mariaosm	mariaosm	NA	1	1	NA	10485760	3214	3-00:00:00	17	NA
486	Dlx2_HT-SELEX_TCGCCA20NCCT_AA_NYAATTAN_1_3	NYAATTAN	29345862_486	29345862	486	2025-08-21 13:46:15	puhti	COMPLETED	17	0:0	mariaosm	mariaosm	NA	1	1	NA	10485760	3268	3-00:00:00	17	NA
487	EMX1_HT-SELEX_TCGCAT30NACT_AI_NNYAATTANN_1_3	NNYAATTANN	29345862_487	29345862	487	2025-08-21 13:46:15	puhti	COMPLETED	51	0:0	mariaosm	mariaosm	NA	1	1	NA	10485760	5870	3-00:00:00	51	NA
488	EMX1_HT-SELEX_TCGCAT30NACT_AI_YMATTARYTAATKR_1_3	YMATTARYTAATKR	29345862_488	29345862	488	2025-08-21 13:46:15	puhti	COMPLETED	21	0:0	mariaosm	mariaosm	NA	1	1	NA	10485760	3270	3-00:00:00	21	NA
489	EMX2_HT-SELEX_TGGTTC30NTTT_AI_NNYAATTANN_1_4	NNYAATTANN	29345862_489	29345862	489	2025-08-21 13:46:15	puhti	COMPLETED	71	0:0	mariaosm	mariaosm	NA	1	1	NA	10485760	6108	3-00:00:00	71	NA
490	EMX2_HT-SELEX_TGGTTC30NTTT_AI_YMATTARYTAATKR_1_4	YMATTARYTAATKR	29345862_490	29345862	490	2025-08-21 13:46:15	puhti	COMPLETED	24	0:0	mariaosm	mariaosm	NA	1	1	NA	10485760	3272	3-00:00:00	24	NA
491	EN1_HT-SELEX_TGTAGG20NGA_Y_NNYAATTANN_1_3	NNYAATTANN	29345862_491	29345862	491	2025-08-21 13:46:15	puhti	COMPLETED	73	0:0	mariaosm	mariaosm	NA	1	1	NA	10485760	6089	3-00:00:00	73	NA
492	EN1_HT-SELEX_TGTAGG20NGA_Y_TAATTRSNYAATTA_2_3	TAATTRSNYAATTA	29345862_492	29345862	492	2025-08-21 13:46:15	puhti	COMPLETED	16	0:0	mariaosm	mariaosm	NA	1	1	NA	10485760	3202	3-00:00:00	16	NA
493	EN1_HT-SELEX_TGACCT20NCCA_W_NYAATTAN_1_3	NYAATTAN	29345862_493	29345862	493	2025-08-21 13:46:15	puhti	COMPLETED	32	0:0	mariaosm	mariaosm	NA	1	1	NA	10485760	6038	3-00:00:00	32	NA
494	EN1_HT-SELEX_TGACCT20NCCA_W_TAATTRSNYAATTA_2_4	TAATTRSNYAATTA	29345862_494	29345862	494	2025-08-21 13:46:15	puhti	COMPLETED	20	0:0	mariaosm	mariaosm	NA	1	1	NA	10485760	3206	3-00:00:00	20	NA
495	EN2_HT-SELEX_TTGAGG20NGA_R_NNYAATTANN_1_3	NNYAATTANN	29345862_495	29345862	495	2025-08-21 13:46:15	puhti	COMPLETED	52	0:0	mariaosm	mariaosm	NA	1	1	NA	10485760	6020	3-00:00:00	52	NA
496	EN2_HT-SELEX_TGCCAT20NGA_AE_NNYAATTANN_1_3	NNYAATTANN	29345862_496	29345862	496	2025-08-21 13:46:15	puhti	COMPLETED	52	0:0	mariaosm	mariaosm	NA	1	1	NA	10485760	5995	3-00:00:00	52	NA
497	ESX1_HT-SELEX_TCTCGG20NGA_AC_NNYAATTANN_1_2	NNYAATTANN	29345862_497	29345862	497	2025-08-21 13:46:15	puhti	COMPLETED	49	0:0	mariaosm	mariaosm	NA	1	1	NA	10485760	6334	3-00:00:00	49	NA
498	ESX1_HT-SELEX_TCTTCT20NGA_AE_NNYAATTANN_1_2	NNYAATTANN	29345862_498	29345862	498	2025-08-21 13:46:15	puhti	COMPLETED	47	0:0	mariaosm	mariaosm	NA	1	1	NA	10485760	5980	3-00:00:00	47	NA
499	EVX1_HT-SELEX_TGGGAC20NAGT_Z_NNTNATTANN_1_3	NNTNATTANN	29345862_499	29345862	499	2025-08-21 13:46:15	puhti	COMPLETED	79	0:0	mariaosm	mariaosm	NA	1	1	01:16.911	10485760	6002	3-00:00:00	79	NA
500	EVX2_HT-SELEX_TCAAGG20NGAA_Y_NNTNATTANN_1_3	NNTNATTANN	29345862_500	29345862	500	2025-08-21 13:46:15	puhti	COMPLETED	79	0:0	mariaosm	mariaosm	NA	1	1	01:17.114	10485760	5991	3-00:00:00	79	NA
501	En2_HT-SELEX_TCAGCT20NCG_Z_NNYAATTANN_1_4	NNYAATTANN	29345862_501	29345862	501	2025-08-21 13:46:15	puhti	COMPLETED	56	0:0	mariaosm	mariaosm	NA	1	1	NA	10485760	5906	3-00:00:00	56	NA
502	GBX1_HT-SELEX_TAGTCC20NCG_Y_NNYAATTANN_1_4	NNYAATTANN	29345862_502	29345862	502	2025-08-21 13:46:15	puhti	COMPLETED	56	0:0	mariaosm	mariaosm	NA	1	1	NA	10485760	5906	3-00:00:00	56	NA
503	GBX2_HT-SELEX_TCCCGA20NGCC_Y_NNYAATTANN_1_3	NNYAATTANN	29345862_503	29345862	503	2025-08-21 13:46:15	puhti	COMPLETED	46	0:0	mariaosm	mariaosm	NA	1	1	NA	10485760	5940	3-00:00:00	46	NA
504	GBX2_HT-SELEX_TCCCGA20NGCC_Y_TAATTRNNYAATTA_2_3	TAATTRNNYAATTA	29345862_504	29345862	504	2025-08-21 13:46:15	puhti	COMPLETED	20	0:0	mariaosm	mariaosm	NA	1	1	NA	10485760	3282	3-00:00:00	20	NA
505	GBX2_HT-SELEX_TGATTT20NGA_AE_NNYAATTANN_1_2	NNYAATTANN	29345862_505	29345862	505	2025-08-21 13:46:15	puhti	COMPLETED	59	0:0	mariaosm	mariaosm	NA	1	1	NA	10485760	5848	3-00:00:00	59	NA
506	GSC2_HT-SELEX_TTAGAA20NTA_AF_NNTAATCCNN_1_3	NNTAATCCNN	29345862_506	29345862	506	2025-08-21 13:46:15	puhti	COMPLETED	44	0:0	mariaosm	mariaosm	NA	1	1	NA	10485760	5832	3-00:00:00	44	NA
507	GSC_HT-SELEX_TGGGAC20NGA_AE_NNTAATCCNN_1_3	NNTAATCCNN	29345862_507	29345862	507	2025-08-21 13:46:15	puhti	COMPLETED	42	0:0	mariaosm	mariaosm	NA	1	1	NA	10485760	5850	3-00:00:00	42	NA
508	GSX1_HT-SELEX_TCACAC20NCG_Y_NNYMATTANN_1_4	NNYMATTANN	29345862_508	29345862	508	2025-08-21 13:46:15	puhti	COMPLETED	75	0:0	mariaosm	mariaosm	NA	1	1	01:13.918	10485760	6131	3-00:00:00	75	NA
509	GSX2_HT-SELEX_TCCAAC20NCG_Y_NNYMATTANN_1_3	NNYMATTANN	29345862_509	29345862	509	2025-08-21 13:46:15	puhti	COMPLETED	79	0:0	mariaosm	mariaosm	NA	1	1	01:17.880	10485760	6022	3-00:00:00	79	NA
510	Gbx1_HT-SELEX_TCGGTT20NCG_Q_NNYAATTANN_1_2	NNYAATTANN	29345862_510	29345862	510	2025-08-21 13:46:15	puhti	COMPLETED	45	0:0	mariaosm	mariaosm	NA	1	1	NA	10485760	5870	3-00:00:00	45	NA
511	Gbx2_HT-SELEX_TACACC20NCAC_Z_NNYAATTANN_1_3	NNYAATTANN	29345862_511	29345862	511	2025-08-21 13:46:15	puhti	COMPLETED	45	0:0	mariaosm	mariaosm	NA	1	1	NA	10485760	5854	3-00:00:00	45	NA
512	HESX1_HT-SELEX_TCTTCT20NCTG_Z_NNTAATTRNN_1_3	NNTAATTRNN	29345862_512	29345862	512	2025-08-21 13:46:15	puhti	COMPLETED	45	0:0	mariaosm	mariaosm	NA	1	1	NA	10485760	5879	3-00:00:00	45	NA
513	HESX1_HT-SELEX_TCTTCT20NCTG_Z_NTAATTRGYAATTAN_2_3	NTAATTRGYAATTAN	29345862_513	29345862	513	2025-08-21 13:46:15	puhti	COMPLETED	31	0:0	mariaosm	mariaosm	NA	1	1	NA	10485760	5903	3-00:00:00	31	NA
514	HMBOX1_HT-SELEX_TCCTGG20NCG_Z_NYTAGTTAMN_1_4	NYTAGTTAMN	29345862_514	29345862	514	2025-08-21 13:46:15	puhti	COMPLETED	22	0:0	mariaosm	mariaosm	NA	1	1	NA	10485760	3276	3-00:00:00	22	NA
515	HMX1_HT-SELEX_TCGCCA20NCCT_Z_NNCAMTTAANN_1_4	NNCAMTTAANN	29345862_515	29345862	515	2025-08-21 13:46:15	puhti	COMPLETED	56	0:0	mariaosm	mariaosm	NA	1	1	NA	10485760	6225	3-00:00:00	56	NA
516	HMX2_HT-SELEX_TAGTGG20NCG_Y_NNCAMTTAANN_1_4	NNCAMTTAANN	29345862_516	29345862	516	2025-08-21 13:46:15	puhti	COMPLETED	69	0:0	mariaosm	mariaosm	NA	1	1	01:06.973	10485760	5998	3-00:00:00	69	NA
517	HMX3_HT-SELEX_TGCACT30NCAC_AI_NNCAMTTAANN_1_3	NNCAMTTAANN	29345862_517	29345862	517	2025-08-21 13:46:15	puhti	COMPLETED	67	0:0	mariaosm	mariaosm	NA	1	1	01:04.667	10485760	6015	3-00:00:00	67	NA
518	HNF1A_HT-SELEX_TGAGCA20NCGA_W_NRTTAATNATTAACN_1_2	NRTTAATNATTAACN	29345862_518	29345862	518	2025-08-21 13:46:15	puhti	COMPLETED	27	0:0	mariaosm	mariaosm	NA	1	1	NA	10485760	3218	3-00:00:00	27	NA
519	HNF1B_HT-SELEX_TCGACT20NCAT_W_GTTAATNATTAAY_1_2	GTTAATNATTAAY	29345862_519	29345862	519	2025-08-21 13:46:15	puhti	COMPLETED	13	0:0	mariaosm	mariaosm	NA	1	1	NA	10485760	3280	3-00:00:00	13	NA
520	HNF1B_HT-SELEX_TCGACT20NCAT_W_NRTTAATNATTAACN_1_2	NRTTAATNATTAACN	29345862_520	29345862	520	2025-08-21 13:46:15	puhti	COMPLETED	29	0:0	mariaosm	mariaosm	NA	1	1	NA	10485760	3212	3-00:00:00	29	NA
521	HOXA10_HT-SELEX_TAGGAT30NAGT_AI_NGTCGTWAAANN_1_4	NGTCGTWAAANN	29345862_521	29345862	521	2025-08-21 13:46:15	puhti	COMPLETED	35	0:0	mariaosm	mariaosm	NA	1	1	NA	10485760	6008	3-00:00:00	35	NA
522	HOXA10_HT-SELEX_TAGGAT30NAGT_AI_NGYAATWAAAN_1_4	NGYAATWAAAN	29345862_522	29345862	522	2025-08-21 13:46:15	puhti	COMPLETED	25	0:0	mariaosm	mariaosm	NA	1	1	NA	10485760	3276	3-00:00:00	25	NA
523	HOXA13_HT-SELEX_TTCTCT20NTA_AF_CCAATAAAAN_1_3	CCAATAAAAN	29345862_523	29345862	523	2025-08-21 13:46:15	puhti	COMPLETED	17	0:0	mariaosm	mariaosm	NA	1	1	NA	10485760	3216	3-00:00:00	17	NA
524	HOXA13_HT-SELEX_TTCTCT20NTA_AF_NCTCGTAAAAN_1_3	NCTCGTAAAAN	29345862_524	29345862	524	2025-08-21 13:46:15	puhti	COMPLETED	16	0:0	mariaosm	mariaosm	NA	1	1	NA	10485760	3206	3-00:00:00	16	NA
525	HOXA13_HT-SELEX_TGTGGA20NGGG_AE_CCAATAAAAN_1_4	CCAATAAAAN	29345862_525	29345862	525	2025-08-21 13:46:15	puhti	COMPLETED	15	0:0	mariaosm	mariaosm	NA	1	1	NA	10485760	3206	3-00:00:00	15	NA
526	HOXA13_HT-SELEX_TGTGGA20NGGG_AE_NCTCGTAAAAN_1_4	NCTCGTAAAAN	29345862_526	29345862	526	2025-08-21 13:46:15	puhti	COMPLETED	16	0:0	mariaosm	mariaosm	NA	1	1	NA	10485760	3208	3-00:00:00	16	NA
527	HOXA1_HT-SELEX_TGGAAT20NAAT_AF_NNYAATTANN_1_3	NNYAATTANN	29345862_527	29345862	527	2025-08-21 13:46:15	puhti	COMPLETED	51	0:0	mariaosm	mariaosm	NA	1	1	NA	10485760	5857	3-00:00:00	51	NA
528	HOXA2_HT-SELEX_TTATTA20NTA_AF_NNYMATTANN_1_3	NNYMATTANN	29345862_528	29345862	528	2025-08-21 13:46:15	puhti	COMPLETED	112	0:0	mariaosm	mariaosm	NA	1	1	01:36.926	10485760	6012	3-00:00:00	112	NA
529	HOXB13_HT-SELEX_TGCCTG20NGA_Y_CCAATAAAAN_1_3	CCAATAAAAN	29345862_529	29345862	529	2025-08-21 13:46:15	puhti	COMPLETED	18	0:0	mariaosm	mariaosm	NA	1	1	NA	10485760	3270	3-00:00:00	18	NA
530	HOXB13_HT-SELEX_TGCCTG20NGA_Y_NCTCGTAAAAN_1_3	NCTCGTAAAAN	29345862_530	29345862	530	2025-08-21 13:46:15	puhti	COMPLETED	32	0:0	mariaosm	mariaosm	NA	1	1	NA	10485760	5979	3-00:00:00	32	NA
531	HOXB2_HT-SELEX_TAACAA20NACA_Y_NNYMATTANN_1_2	NNYMATTANN	29345862_531	29345862	531	2025-08-21 13:46:15	puhti	COMPLETED	95	0:0	mariaosm	mariaosm	NA	1	1	01:21.412	10485760	6052	3-00:00:00	95	NA
532	HOXB3_HT-SELEX_TACATT20NTAC_Y_NNYMATTANN_1_3	NNYMATTANN	29345862_532	29345862	532	2025-08-21 13:46:15	puhti	COMPLETED	150	0:0	mariaosm	mariaosm	NA	1	1	01:18.594	10485760	6022	3-00:00:00	150	NA
533	HOXB5_HT-SELEX_TCTTGA20NGTG_Z_NNYMATTANN_1_3	NNYMATTANN	29345862_533	29345862	533	2025-08-21 13:46:15	puhti	COMPLETED	150	0:0	mariaosm	mariaosm	NA	1	1	01:18.001	10485760	5984	3-00:00:00	150	NA
534	HOXC10_HT-SELEX_TGGACA20NGA_Y_CCCATWAAAN_1_3	CCCATWAAAN	29345862_534	29345862	534	2025-08-21 13:46:15	puhti	COMPLETED	81	0:0	mariaosm	mariaosm	NA	1	1	NA	10485760	762317	3-00:00:00	81	NA
535	HOXC10_HT-SELEX_TGGACA20NGA_Y_GTAATWAAAN_1_3	GTAATWAAAN	29345862_535	29345862	535	2025-08-21 13:46:15	puhti	COMPLETED	15	0:0	mariaosm	mariaosm	NA	1	1	NA	10485760	3206	3-00:00:00	15	NA
536	HOXC10_HT-SELEX_TGGACA20NGA_Y_GTCGTWAAAN_1_3	GTCGTWAAAN	29345862_536	29345862	536	2025-08-21 13:46:15	puhti	COMPLETED	14	0:0	mariaosm	mariaosm	NA	1	1	NA	10485760	3208	3-00:00:00	14	NA
537	HOXC11_HT-SELEX_TCACTA20NTCA_AC_NGTCGTWAAAN_1_4	NGTCGTWAAAN	29345862_537	29345862	537	2025-08-21 13:46:15	puhti	COMPLETED	15	0:0	mariaosm	mariaosm	NA	1	1	NA	10485760	3264	3-00:00:00	15	NA
538	HOXC11_HT-SELEX_TCACTA20NTCA_AC_NGYAATWAAAN_1_4	NGYAATWAAAN	29345862_538	29345862	538	2025-08-21 13:46:15	puhti	COMPLETED	37	0:0	mariaosm	mariaosm	NA	1	1	NA	10485760	5995	3-00:00:00	37	NA
539	HOXC11_HT-SELEX_TGCGAA20NGA_AF_NGTCGTWAAAN_1_4	NGTCGTWAAAN	29345862_539	29345862	539	2025-08-21 13:46:15	puhti	COMPLETED	21	0:0	mariaosm	mariaosm	NA	1	1	NA	10485760	3270	3-00:00:00	21	NA
540	HOXC11_HT-SELEX_TGCGAA20NGA_AF_NGYAATWAAAN_1_4	NGYAATWAAAN	29345862_540	29345862	540	2025-08-21 13:46:15	puhti	COMPLETED	24	0:0	mariaosm	mariaosm	NA	1	1	NA	10485760	3206	3-00:00:00	24	NA
541	HOXC12_HT-SELEX_TCATGC20NGTA_Y_GYAATAAAA_1_4	GYAATAAAA	29345862_541	29345862	541	2025-08-21 13:46:15	puhti	COMPLETED	13	0:0	mariaosm	mariaosm	NA	1	1	NA	10485760	3278	3-00:00:00	13	NA
542	HOXC12_HT-SELEX_TCATGC20NGTA_Y_NGTCGTAAAAN_1_4	NGTCGTAAAAN	29345862_542	29345862	542	2025-08-21 13:46:15	puhti	COMPLETED	18	0:0	mariaosm	mariaosm	NA	1	1	NA	10485760	3274	3-00:00:00	18	NA
543	HOXC13_HT-SELEX_TCCCTC20NTCC_Y_CCAATAAAAN_1_3	CCAATAAAAN	29345862_543	29345862	543	2025-08-21 13:46:15	puhti	COMPLETED	76	0:0	mariaosm	mariaosm	NA	1	1	NA	10485760	765889	3-00:00:00	76	NA
544	HOXC13_HT-SELEX_TCCCTC20NTCC_Y_NCTCGTAAAAN_1_3	NCTCGTAAAAN	29345862_544	29345862	544	2025-08-21 13:46:15	puhti	COMPLETED	76	0:0	mariaosm	mariaosm	NA	1	1	NA	10485760	764907	3-00:00:00	76	NA
545	HOXD11_HT-SELEX_TCCGGC20NGGC_Y_GTCGTWAAAN_1_4	GTCGTWAAAN	29345862_545	29345862	545	2025-08-21 13:46:15	puhti	COMPLETED	76	0:0	mariaosm	mariaosm	NA	1	1	NA	10485760	766912	3-00:00:00	76	NA
546	HOXD11_HT-SELEX_TCCGGC20NGGC_Y_NGYAATAAAA_1_4	NGYAATAAAA	29345862_546	29345862	546	2025-08-21 13:46:15	puhti	COMPLETED	76	0:0	mariaosm	mariaosm	NA	1	1	NA	10485760	765304	3-00:00:00	76	NA
547	HOXD12_HT-SELEX_TCAGTC20NCG_Y_GTAATAAAA_1_4	GTAATAAAA	29345862_547	29345862	547	2025-08-21 13:46:15	puhti	COMPLETED	76	0:0	mariaosm	mariaosm	NA	1	1	NA	10485760	765408	3-00:00:00	76	NA
548	HOXD12_HT-SELEX_TCAGTC20NCG_Y_NGTCGTAAAAN_1_4	NGTCGTAAAAN	29345862_548	29345862	548	2025-08-21 13:46:15	puhti	COMPLETED	76	0:0	mariaosm	mariaosm	NA	1	1	NA	10485760	765471	3-00:00:00	76	NA
549	HOXD13_HT-SELEX_GTGCT14N_U_CYAATAAAAN_1_4	CYAATAAAAN	29345862_549	29345862	549	2025-08-21 13:46:15	puhti	COMPLETED	31	0:0	mariaosm	mariaosm	NA	1	1	NA	10485760	6021	3-00:00:00	31	NA
550	HOXD13_HT-SELEX_GTGCT14N_U_NCTCGTAAAAN_1_4	NCTCGTAAAAN	29345862_550	29345862	550	2025-08-21 13:46:15	puhti	COMPLETED	31	0:0	mariaosm	mariaosm	NA	1	1	NA	10485760	5998	3-00:00:00	31	NA
551	HOXD8_HT-SELEX_TCATAT20NATA_Y_NNTAATTANN_1_4	NNTAATTANN	29345862_551	29345862	551	2025-08-21 13:46:15	puhti	COMPLETED	49	0:0	mariaosm	mariaosm	NA	1	1	NA	10485760	5959	3-00:00:00	49	NA
552	Hoxa11_HT-SELEX_TCCCCT20NCG_Z_NGTCGTWAAANN_1_4	NGTCGTWAAANN	29345862_552	29345862	552	2025-08-21 13:46:15	puhti	COMPLETED	55	0:0	mariaosm	mariaosm	NA	1	1	NA	10485760	889768	3-00:00:00	55	NA
553	Hoxa11_HT-SELEX_TCCCCT20NCG_Z_NGYAATWAAAN_1_4	NGYAATWAAAN	29345862_553	29345862	553	2025-08-21 13:46:15	puhti	COMPLETED	26	0:0	mariaosm	mariaosm	NA	1	1	NA	10485760	3278	3-00:00:00	26	NA
554	Hoxa2_HT-SELEX_TACCGT20NCG_Z_NNYMATTANN_1_3	NNYMATTANN	29345862_554	29345862	554	2025-08-21 13:46:15	puhti	COMPLETED	111	0:0	mariaosm	mariaosm	NA	1	1	01:49.383	10485760	5959	3-00:00:00	111	NA
555	Hoxc10_HT-SELEX_TATAGA20NGAG_Z_GTCGTWAAAN_1_4	GTCGTWAAAN	29345862_555	29345862	555	2025-08-21 13:46:15	puhti	COMPLETED	15	0:0	mariaosm	mariaosm	NA	1	1	NA	10485760	3208	3-00:00:00	15	NA
556	Hoxc10_HT-SELEX_TATAGA20NGAG_Z_GYAATWAAAN_1_4	GYAATWAAAN	29345862_556	29345862	556	2025-08-21 13:46:15	puhti	COMPLETED	16	0:0	mariaosm	mariaosm	NA	1	1	NA	10485760	3204	3-00:00:00	16	NA
557	Hoxd13_HT-SELEX_TGATAA20NATA_AC_CCAATAAAAN_1_4	CCAATAAAAN	29345862_557	29345862	557	2025-08-21 13:46:15	puhti	COMPLETED	30	0:0	mariaosm	mariaosm	NA	1	1	NA	10485760	3208	3-00:00:00	30	NA
558	Hoxd13_HT-SELEX_TGATAA20NATA_AC_NCTCRTAAAAN_1_4	NCTCRTAAAAN	29345862_558	29345862	558	2025-08-21 13:46:15	puhti	COMPLETED	20	0:0	mariaosm	mariaosm	NA	1	1	NA	10485760	3204	3-00:00:00	20	NA
559	Hoxd3_HT-SELEX_TGCCAT20NCG_P_NNYAATTANN_1_4	NNYAATTANN	29345862_559	29345862	559	2025-08-21 13:46:15	puhti	COMPLETED	55	0:0	mariaosm	mariaosm	NA	1	1	NA	10485760	5960	3-00:00:00	55	NA
560	Hoxd9_HT-SELEX_TCCTAA20NCG_Z_CCCATAAAN_1_4	CCCATAAAN	29345862_560	29345862	560	2025-08-21 13:46:15	puhti	COMPLETED	15	0:0	mariaosm	mariaosm	NA	1	1	NA	10485760	3278	3-00:00:00	15	NA
561	Hoxd9_HT-SELEX_TCCTAA20NCG_Z_GTAATWAAAN_1_4	GTAATWAAAN	29345862_561	29345862	561	2025-08-21 13:46:15	puhti	COMPLETED	26	0:0	mariaosm	mariaosm	NA	1	1	NA	10485760	3270	3-00:00:00	26	NA
562	Hoxd9_HT-SELEX_TCCTAA20NCG_Z_GTCGTAAAN_1_4	GTCGTAAAN	29345862_562	29345862	562	2025-08-21 13:46:15	puhti	COMPLETED	24	0:0	mariaosm	mariaosm	NA	1	1	NA	10485760	3272	3-00:00:00	24	NA
563	IRX2_HT-SELEX_TGCATC30NTAC_AI_NWACAYRACAWN_1_4	NWACAYRACAWN	29345862_563	29345862	563	2025-08-21 13:46:15	puhti	COMPLETED	38	0:0	mariaosm	mariaosm	NA	1	1	NA	10485760	5953	3-00:00:00	38	NA
564	IRX5_HT-SELEX_TAAGGT20NTA_Q_NWACAYRACAWN_1_3	NWACAYRACAWN	29345862_564	29345862	564	2025-08-21 13:46:15	puhti	COMPLETED	56	0:0	mariaosm	mariaosm	NA	1	1	NA	10485760	5976	3-00:00:00	56	NA
565	ISL2_HT-SELEX_TCTAAT30NAAG_AI_GCACTTAA_1_4	GCACTTAA	29345862_565	29345862	565	2025-08-21 13:46:15	puhti	COMPLETED	18	0:0	mariaosm	mariaosm	NA	1	1	NA	10485760	3216	3-00:00:00	18	NA
566	ISX_HT-SELEX_TATTTA20NCG_Y_NTAATYTAATTAN_1_3	NTAATYTAATTAN	29345862_566	29345862	566	2025-08-21 13:46:15	puhti	COMPLETED	24	0:0	mariaosm	mariaosm	NA	1	1	NA	10485760	3216	3-00:00:00	24	NA
567	ISX_HT-SELEX_TATTTA20NCG_Y_NYAATTAN_1_2	NYAATTAN	29345862_567	29345862	567	2025-08-21 13:46:15	puhti	COMPLETED	18	0:0	mariaosm	mariaosm	NA	1	1	NA	10485760	3278	3-00:00:00	18	NA
568	ISX_HT-SELEX_TGAGTG20NTGA_AE_NYAATTAN_1_2	NYAATTAN	29345862_568	29345862	568	2025-08-21 13:46:15	puhti	COMPLETED	18	0:0	mariaosm	mariaosm	NA	1	1	NA	10485760	3216	3-00:00:00	18	NA
569	Irx3_HT-SELEX_TACTGC20NCG_Z_NWACATGAMAWN_1_4	NWACATGAMAWN	29345862_569	29345862	569	2025-08-21 13:46:15	puhti	COMPLETED	26	0:0	mariaosm	mariaosm	NA	1	1	NA	10485760	3216	3-00:00:00	26	NA
570	LBX2_HT-SELEX_TAATTC20NTTA_Y_AATTGGCCAATTA_2_4	AATTGGCCAATTA	29345862_570	29345862	570	2025-08-21 13:46:15	puhti	COMPLETED	16	0:0	mariaosm	mariaosm	NA	1	1	NA	10485760	3280	3-00:00:00	16	NA
571	LBX2_HT-SELEX_TAATTC20NTTA_Y_NNYAATTANN_1_2	NNYAATTANN	29345862_571	29345862	571	2025-08-21 13:46:15	puhti	COMPLETED	64	0:0	mariaosm	mariaosm	NA	1	1	01:01.634	10485760	5896	3-00:00:00	64	NA
572	LHX2_HT-SELEX_TCCAGT30NGAC_AI_NCTAATTANN_1_4	NCTAATTANN	29345862_572	29345862	572	2025-08-21 13:46:15	puhti	COMPLETED	34	0:0	mariaosm	mariaosm	NA	1	1	NA	10485760	6009	3-00:00:00	34	NA
573	LHX2_HT-SELEX_TCCAGT30NGAC_AI_YAATTANNCTAATTR_2_4	YAATTANNCTAATTR	29345862_573	29345862	573	2025-08-21 13:46:15	puhti	COMPLETED	24	0:0	mariaosm	mariaosm	NA	1	1	NA	10485760	3268	3-00:00:00	24	NA
574	LHX6_HT-SELEX_TCGGGG20NGGT_AF_NYTAATTARN_1_4	NYTAATTARN	29345862_574	29345862	574	2025-08-21 13:46:15	puhti	COMPLETED	20	0:0	mariaosm	mariaosm	NA	1	1	NA	10485760	3204	3-00:00:00	20	NA
575	LHX6_HT-SELEX_TCGGGG20NGGT_AF_TAATTAGYRYTRATTA_2_4	TAATTAGYRYTRATTA	29345862_575	29345862	575	2025-08-21 13:46:15	puhti	COMPLETED	18	0:0	mariaosm	mariaosm	NA	1	1	NA	10485760	3270	3-00:00:00	18	NA
576	LHX6_HT-SELEX_TCGGGG20NGGT_AF_YRATTGCAATYR_2_4	YRATTGCAATYR	29345862_576	29345862	576	2025-08-21 13:46:15	puhti	COMPLETED	18	0:0	mariaosm	mariaosm	NA	1	1	NA	10485760	3270	3-00:00:00	18	NA
577	LHX9_HT-SELEX_TATTGT20NGTG_Y_NYAATTAN_1_2	NYAATTAN	29345862_577	29345862	577	2025-08-21 13:46:15	puhti	COMPLETED	16	0:0	mariaosm	mariaosm	NA	1	1	NA	10485760	3270	3-00:00:00	16	NA
578	LHX9_HT-SELEX_TATTGT20NGTG_Y_TAATTRCYAATTA_1_3	TAATTRCYAATTA	29345862_578	29345862	578	2025-08-21 13:46:15	puhti	COMPLETED	15	0:0	mariaosm	mariaosm	NA	1	1	NA	10485760	3274	3-00:00:00	15	NA
579	LMX1A_HT-SELEX_TCTGGT20NGGG_Z_NTAATTAN_1_3	NTAATTAN	29345862_579	29345862	579	2025-08-21 13:46:15	puhti	COMPLETED	14	0:0	mariaosm	mariaosm	NA	1	1	NA	10485760	3266	3-00:00:00	14	NA
580	LMX1B_HT-SELEX_TGAGGC20NGGA_Z_NYAATTAN_1_2	NYAATTAN	29345862_580	29345862	580	2025-08-21 13:46:15	puhti	COMPLETED	15	0:0	mariaosm	mariaosm	NA	1	1	NA	10485760	3206	3-00:00:00	15	NA
581	LMX1B_HT-SELEX_TCGGAA20NAGT_AE_NYAATTAN_1_3	NYAATTAN	29345862_581	29345862	581	2025-08-21 13:46:15	puhti	COMPLETED	16	0:0	mariaosm	mariaosm	NA	1	1	NA	10485760	3272	3-00:00:00	16	NA
582	Lhx4_HT-SELEX_TAAATG20NTAA_Z_NTAATTAN_1_3	NTAATTAN	29345862_582	29345862	582	2025-08-21 13:46:15	puhti	COMPLETED	15	0:0	mariaosm	mariaosm	NA	1	1	NA	10485760	3216	3-00:00:00	15	NA
583	Lhx8_HT-SELEX_TGCTCG40NCTC_AI_NTAATTANNNNTAATTAN_1_3	NTAATTANNNNTAATTAN	29345862_583	29345862	583	2025-08-21 13:46:15	puhti	COMPLETED	560	0:0	mariaosm	mariaosm	NA	1	1	09:13.748	10485760	6047	3-00:00:00	560	NA
584	Lhx8_HT-SELEX_TGCTCG40NCTC_AI_NTAATTAN_1_3	NTAATTAN	29345862_584	29345862	584	2025-08-21 13:46:15	puhti	COMPLETED	18	0:0	mariaosm	mariaosm	NA	1	1	NA	10485760	3274	3-00:00:00	18	NA
585	Lhx8_HT-SELEX_TGCTCG40NCTC_AI_TRATTGCAATYA_1_3	TRATTGCAATYA	29345862_585	29345862	585	2025-08-21 13:46:15	puhti	COMPLETED	18	0:0	mariaosm	mariaosm	NA	1	1	NA	10485760	3278	3-00:00:00	18	NA
586	MEOX1_HT-SELEX_TACCTA20NCG_W_NSTAATTANN_1_4	NSTAATTANN	29345862_586	29345862	586	2025-08-21 13:46:15	puhti	COMPLETED	27	0:0	mariaosm	mariaosm	NA	1	1	NA	10485760	3276	3-00:00:00	27	NA
587	MEOX2_HT-SELEX_TAGTTT30NTTT_AI_NSTAATTANN_1_3	NSTAATTANN	29345862_587	29345862	587	2025-08-21 13:46:15	puhti	COMPLETED	26	0:0	mariaosm	mariaosm	NA	1	1	NA	10485760	3214	3-00:00:00	26	NA
588	MEOX2_HT-SELEX_TAGTTT30NTTT_AI_NTAATTANNNTAATTAN_1_4	NTAATTANNNTAATTAN	29345862_588	29345862	588	2025-08-21 13:46:15	puhti	COMPLETED	138	0:0	mariaosm	mariaosm	NA	1	1	02:14.284	10485760	6186	3-00:00:00	138	NA
589	MEOX2_HT-SELEX_TAGTTT30NTTT_AI_NTMATCATCATTAN_1_4	NTMATCATCATTAN	29345862_589	29345862	589	2025-08-21 13:46:15	puhti	COMPLETED	19	0:0	mariaosm	mariaosm	NA	1	1	NA	10485760	3280	3-00:00:00	19	NA
590	MIXL1_HT-SELEX_TGATTT20NTTA_AE_NNYAATTANN_1_3	NNYAATTANN	29345862_590	29345862	590	2025-08-21 13:46:15	puhti	COMPLETED	49	0:0	mariaosm	mariaosm	NA	1	1	NA	10485760	6068	3-00:00:00	49	NA
591	MNX1_HT-SELEX_TGGTGA20NGTT_Z_NNYAATTANN_1_4	NNYAATTANN	29345862_591	29345862	591	2025-08-21 13:46:15	puhti	COMPLETED	61	0:0	mariaosm	mariaosm	NA	1	1	NA	10485760	6035	3-00:00:00	61	NA
592	MSX1_HT-SELEX_TGCGAA30NAGC_AI_NYAATTAAAANNYAATTA_2_3	NYAATTAAAANNYAATTA	29345862_592	29345862	592	2025-08-21 13:46:15	puhti	COMPLETED	82	0:0	mariaosm	mariaosm	NA	1	1	01:03.275	10485760	6151	3-00:00:00	82	NA
593	MSX1_HT-SELEX_TGCGAA30NAGC_AI_NYAATTAN_1_3	NYAATTAN	29345862_593	29345862	593	2025-08-21 13:46:15	puhti	COMPLETED	17	0:0	mariaosm	mariaosm	NA	1	1	NA	10485760	3268	3-00:00:00	17	NA
594	MSX1_HT-SELEX_TGCTTA20NGA_AE_NYAATTAN_1_3	NYAATTAN	29345862_594	29345862	594	2025-08-21 13:46:15	puhti	COMPLETED	17	0:0	mariaosm	mariaosm	NA	1	1	NA	10485760	3268	3-00:00:00	17	NA
595	MSX2_HT-SELEX_TGCGGG20NGA_W_NYAATTAAAANNYAATTA_2_3	NYAATTAAAANNYAATTA	29345862_595	29345862	595	2025-08-21 13:46:15	puhti	COMPLETED	62	0:0	mariaosm	mariaosm	NA	1	1	01:00.074	10485760	6035	3-00:00:00	63	NA
596	MSX2_HT-SELEX_TGCGGG20NGA_W_NYAATTAN_1_3	NYAATTAN	29345862_596	29345862	596	2025-08-21 13:46:15	puhti	COMPLETED	31	0:0	mariaosm	mariaosm	NA	1	1	NA	10485760	6000	3-00:00:00	32	NA
597	Meox2_HT-SELEX_TACGTC20NTGC_Z_NTAATKAN_1_4	NTAATKAN	29345862_597	29345862	597	2025-08-21 13:46:15	puhti	COMPLETED	33	0:0	mariaosm	mariaosm	NA	1	1	NA	10485760	5975	3-00:00:00	33	NA
598	Msx3_HT-SELEX_TCGACT20NCAT_AA_NYAATTAAAANNYAATTA_2_3	NYAATTAAAANNYAATTA	29345862_598	29345862	598	2025-08-21 13:46:15	puhti	COMPLETED	85	0:0	mariaosm	mariaosm	NA	1	1	01:07.279	10485760	6019	3-00:00:00	85	NA
599	Msx3_HT-SELEX_TCGACT20NCAT_AA_NYAATTAN_1_3	NYAATTAN	29345862_599	29345862	599	2025-08-21 13:46:15	puhti	COMPLETED	33	0:0	mariaosm	mariaosm	NA	1	1	NA	10485760	6050	3-00:00:00	33	NA
600	NKX2-3_HT-SELEX_TGCTAC20NGA_Y_NCCACTTRAN_1_4	NCCACTTRAN	29345862_600	29345862	600	2025-08-21 13:46:15	puhti	COMPLETED	21	0:0	mariaosm	mariaosm	NA	1	1	NA	10485760	3204	3-00:00:00	21	NA
601	NKX2-3_HT-SELEX_TGGAAT20NGA_AE_NCCACTTRAN_1_4	NCCACTTRAN	29345938_601	29345938	601	2025-08-21 13:47:02	puhti	COMPLETED	21	0:0	mariaosm	mariaosm	NA	1	1	NA	10485760	3280	3-00:00:00	21	NA
602	NKX2-8_HT-SELEX_TAGGCA20NCG_Y_NCACTTNAN_1_4	NCACTTNAN	29345938_602	29345938	602	2025-08-21 13:47:02	puhti	COMPLETED	23	0:0	mariaosm	mariaosm	NA	1	1	NA	10485760	3278	3-00:00:00	23	NA
603	NKX2-8_HT-SELEX_TGTTGC20NGTG_AE_NCACTTNAN_1_4	NCACTTNAN	29345938_603	29345938	603	2025-08-21 13:47:02	puhti	COMPLETED	22	0:0	mariaosm	mariaosm	NA	1	1	NA	10485760	3206	3-00:00:00	22	NA
604	NKX3-1_HT-SELEX_TCCCTC20NCG_AD_NCCACTTAA_1_3	NCCACTTAA	29345938_604	29345938	604	2025-08-21 13:47:02	puhti	COMPLETED	14	0:0	mariaosm	mariaosm	NA	1	1	NA	10485760	3278	3-00:00:00	14	NA
605	NKX3-2_HT-SELEX_TCCAGT20NGAC_Y_NCCACTTAA_1_3	NCCACTTAA	29345938_605	29345938	605	2025-08-21 13:47:02	puhti	COMPLETED	15	0:0	mariaosm	mariaosm	NA	1	1	NA	10485760	3278	3-00:00:00	15	NA
606	NKX6-1_HT-SELEX_TGCGGG30NGGC_AI_NYMATTAN_1_3	NYMATTAN	29345938_606	29345938	606	2025-08-21 13:47:02	puhti	COMPLETED	23	0:0	mariaosm	mariaosm	NA	1	1	NA	10485760	3280	3-00:00:00	23	NA
607	NKX6-1_HT-SELEX_TGAAAC20NAAA_W_NYMATTAN_1_4	NYMATTAN	29345938_607	29345938	607	2025-08-21 13:47:02	puhti	COMPLETED	23	0:0	mariaosm	mariaosm	NA	1	1	NA	10485760	3278	3-00:00:00	23	NA
608	NKX6-2_HT-SELEX_TTACAT20NTA_AF_NYMATTAN_1_3	NYMATTAN	29345938_608	29345938	608	2025-08-21 13:47:02	puhti	COMPLETED	20	0:0	mariaosm	mariaosm	NA	1	1	NA	10485760	3280	3-00:00:00	20	NA
609	NKX6-2_HT-SELEX_TGGCAA20NGA_AE_NYMATTAN_1_3	NYMATTAN	29345938_609	29345938	609	2025-08-21 13:47:02	puhti	COMPLETED	20	0:0	mariaosm	mariaosm	NA	1	1	NA	10485760	3280	3-00:00:00	20	NA
610	NOTO_HT-SELEX_TGCGTT30NTGC_AI_NYTMATTANN_1_4	NYTMATTANN	29345938_610	29345938	610	2025-08-21 13:47:02	puhti	COMPLETED	42	0:0	mariaosm	mariaosm	NA	1	1	NA	10485760	5949	3-00:00:00	42	NA
611	Nkx3-1_HT-SELEX_TCTTAG20NATG_AA_NCCACTTAA_1_4	NCCACTTAA	29345938_611	29345938	611	2025-08-21 13:47:02	puhti	COMPLETED	18	0:0	mariaosm	mariaosm	NA	1	1	NA	10485760	3218	3-00:00:00	18	NA
612	Nkx6-1_HT-SELEX_TCGTGT20NGTT_AC_NYMATTAN_1_2	NYMATTAN	29345938_612	29345938	612	2025-08-21 13:47:02	puhti	COMPLETED	23	0:0	mariaosm	mariaosm	NA	1	1	NA	10485760	3214	3-00:00:00	23	NA
613	OTX1_HT-SELEX_TGATAA20NGA_Y_NNTAATCCGATTANN_1_3	NNTAATCCGATTANN	29345938_613	29345938	613	2025-08-21 13:47:02	puhti	COMPLETED	69	0:0	mariaosm	mariaosm	NA	1	1	NA	10485760	6023	3-00:00:00	69	NA
614	OTX1_HT-SELEX_TGATAA20NGA_Y_NTAATCCN_1_3	NTAATCCN	29345938_614	29345938	614	2025-08-21 13:47:02	puhti	COMPLETED	15	0:0	mariaosm	mariaosm	NA	1	1	NA	10485760	3208	3-00:00:00	15	NA
615	OTX2_HT-SELEX_TATGGG20NGGG_AC_NNTAATCCGMTTANN_1_4	NNTAATCCGMTTANN	29345938_615	29345938	615	2025-08-21 13:47:02	puhti	COMPLETED	111	0:0	mariaosm	mariaosm	NA	1	1	01:34.443	10485760	5978	3-00:00:00	111	NA
616	OTX2_HT-SELEX_TATGGG20NGGG_AC_NTAATCCN_1_4	NTAATCCN	29345938_616	29345938	616	2025-08-21 13:47:02	puhti	COMPLETED	20	0:0	mariaosm	mariaosm	NA	1	1	NA	10485760	3206	3-00:00:00	20	NA
617	Otx1_HT-SELEX_TCTTAG20NATG_AC_NNTAATCCGATTANN_1_3	NNTAATCCGATTANN	29345938_617	29345938	617	2025-08-21 13:47:02	puhti	COMPLETED	47	0:0	mariaosm	mariaosm	NA	1	1	NA	10485760	6003	3-00:00:00	47	NA
618	Otx1_HT-SELEX_TCTTAG20NATG_AC_NTAATCCN_1_3	NTAATCCN	29345938_618	29345938	618	2025-08-21 13:47:02	puhti	COMPLETED	14	0:0	mariaosm	mariaosm	NA	1	1	NA	10485760	3270	3-00:00:00	14	NA
619	PDX1_HT-SELEX_TGGAAT30NAAT_AI_NYAATTARNNNYAATTAN_1_3	NYAATTARNNNYAATTAN	29345938_619	29345938	619	2025-08-21 13:47:02	puhti	COMPLETED	1157	0:0	mariaosm	mariaosm	NA	1	1	19:07.919	10485760	6029	3-00:00:00	1157	NA
620	PDX1_HT-SELEX_TGGAAT30NAAT_AI_NYMATTAN_1_3	NYMATTAN	29345938_620	29345938	620	2025-08-21 13:47:02	puhti	COMPLETED	16	0:0	mariaosm	mariaosm	NA	1	1	NA	10485760	3202	3-00:00:00	16	NA
621	PHOX2A_HT-SELEX_TGACTC20NGA_Y_TAATYYAATTA_1_3	TAATYYAATTA	29345938_621	29345938	621	2025-08-21 13:47:02	puhti	COMPLETED	19	0:0	mariaosm	mariaosm	NA	1	1	NA	10485760	3268	3-00:00:00	19	NA
622	PHOX2B_HT-SELEX_TGGTCT20NGA_Y_TAATYYAATTA_1_3	TAATYYAATTA	29345938_622	29345938	622	2025-08-21 13:47:02	puhti	COMPLETED	19	0:0	mariaosm	mariaosm	NA	1	1	NA	10485760	3206	3-00:00:00	19	NA
623	PHOX2B_HT-SELEX_TGCTGT20NGA_AE_TAATYYAATTA_1_3	TAATYYAATTA	29345938_623	29345938	623	2025-08-21 13:47:02	puhti	COMPLETED	18	0:0	mariaosm	mariaosm	NA	1	1	NA	10485760	3268	3-00:00:00	18	NA
624	PITX1_HT-SELEX_TCATGC20NCG_Y_NYTAATCCN_1_3	NYTAATCCN	29345938_624	29345938	624	2025-08-21 13:47:02	puhti	COMPLETED	34	0:0	mariaosm	mariaosm	NA	1	1	NA	10485760	5991	3-00:00:00	34	NA
625	PITX1_HT-SELEX_TGAGCA20NCGA_AF_NTTAATCCN_1_3	NTTAATCCN	29345938_625	29345938	625	2025-08-21 13:47:02	puhti	COMPLETED	34	0:0	mariaosm	mariaosm	NA	1	1	NA	10485760	6000	3-00:00:00	34	NA
626	PITX3_HT-SELEX_TGCATC20NGA_Y_NYTAATCCN_1_2	NYTAATCCN	29345938_626	29345938	626	2025-08-21 13:47:02	puhti	COMPLETED	15	0:0	mariaosm	mariaosm	NA	1	1	NA	10485760	3268	3-00:00:00	15	NA
627	PROP1_HT-SELEX_TCCCGA30NGCC_AI_TAATYNAATTA_1_4	TAATYNAATTA	29345938_627	29345938	627	2025-08-21 13:47:02	puhti	COMPLETED	15	0:0	mariaosm	mariaosm	NA	1	1	NA	10485760	3270	3-00:00:00	15	NA
628	PROP1_HT-SELEX_TGTATT20NGA_AE_TAAYYNAATTA_1_3	TAAYYNAATTA	29345938_628	29345938	628	2025-08-21 13:47:02	puhti	COMPLETED	16	0:0	mariaosm	mariaosm	NA	1	1	NA	10485760	3280	3-00:00:00	16	NA
629	PRRX1_HT-SELEX_TAACGG20NGCA_AC_NYAATTAN_1_2	NYAATTAN	29345938_629	29345938	629	2025-08-21 13:47:02	puhti	COMPLETED	19	0:0	mariaosm	mariaosm	NA	1	1	NA	10485760	3268	3-00:00:00	19	NA
630	PRRX1_HT-SELEX_TTCCCC20NTA_AD_NYAATTAN_1_2	NYAATTAN	29345938_630	29345938	630	2025-08-21 13:47:02	puhti	COMPLETED	19	0:0	mariaosm	mariaosm	NA	1	1	NA	10485760	3206	3-00:00:00	19	NA
631	PRRX1_HT-SELEX_TTCCCC20NTA_AD_TAATYTAATTA_1_2	TAATYTAATTA	29345938_631	29345938	631	2025-08-21 13:47:02	puhti	COMPLETED	18	0:0	mariaosm	mariaosm	NA	1	1	NA	10485760	3212	3-00:00:00	18	NA
632	PRRX2_HT-SELEX_TGGGGT20NGA_AE_NYAATTAN_1_2	NYAATTAN	29345938_632	29345938	632	2025-08-21 13:47:02	puhti	COMPLETED	16	0:0	mariaosm	mariaosm	NA	1	1	NA	10485760	3272	3-00:00:00	16	NA
633	Prrx2_HT-SELEX_TATGAA20NAGG_Z_NYAATTAN_1_3	NYAATTAN	29345938_633	29345938	633	2025-08-21 13:47:02	puhti	COMPLETED	18	0:0	mariaosm	mariaosm	NA	1	1	NA	10485760	3268	3-00:00:00	18	NA
634	RAXL1_HT-SELEX_TACTCA20NTA_Q_NYAATTAN_1_2	NYAATTAN	29345938_634	29345938	634	2025-08-21 13:47:02	puhti	COMPLETED	16	0:0	mariaosm	mariaosm	NA	1	1	NA	10485760	3268	3-00:00:00	16	NA
635	RAX_HT-SELEX_TGGTAG20NATT_Z_NNYAATTANN_1_3	NNYAATTANN	29345938_635	29345938	635	2025-08-21 13:47:02	puhti	COMPLETED	72	0:0	mariaosm	mariaosm	NA	1	1	NA	10485760	6004	3-00:00:00	72	NA
636	RHOXF1_HT-SELEX_TGGATG30NTAT_AI_GGMTNAKCC_1_4	GGMTNAKCC	29345938_636	29345938	636	2025-08-21 13:47:02	puhti	COMPLETED	15	0:0	mariaosm	mariaosm	NA	1	1	NA	10485760	3278	3-00:00:00	15	NA
637	RHOXF1_HT-SELEX_TGGATG30NTAT_AI_NTRAKCCN_1_3	NTRAKCCN	29345938_637	29345938	637	2025-08-21 13:47:02	puhti	COMPLETED	18	0:0	mariaosm	mariaosm	NA	1	1	NA	10485760	3332	3-00:00:00	18	NA
638	RHOXF1_HT-SELEX_TTAGAA20NTA_AE_GGMTNAKCC_1_4	GGMTNAKCC	29345938_638	29345938	638	2025-08-21 13:47:02	puhti	COMPLETED	15	0:0	mariaosm	mariaosm	NA	1	1	NA	10485760	3278	3-00:00:00	15	NA
639	RHOXF1_HT-SELEX_TTAGAA20NTA_AE_NTRAKCCN_1_4	NTRAKCCN	29345938_639	29345938	639	2025-08-21 13:47:02	puhti	COMPLETED	19	0:0	mariaosm	mariaosm	NA	1	1	NA	10485760	3212	3-00:00:00	19	NA
640	Rhox11_HT-SELEX_TGGCCC20NCG_P_NGCTGTWAN_1_4	NGCTGTWAN	29345938_640	29345938	640	2025-08-21 13:47:02	puhti	COMPLETED	19	0:0	mariaosm	mariaosm	NA	1	1	NA	10485760	3276	3-00:00:00	19	NA
641	SHOX2_HT-SELEX_TACGTC20NTGC_Y_NYAATTAN_1_2	NYAATTAN	29345938_641	29345938	641	2025-08-21 13:47:02	puhti	COMPLETED	19	0:0	mariaosm	mariaosm	NA	1	1	NA	10485760	3278	3-00:00:00	19	NA
642	SHOX_HT-SELEX_TAAGGT20NGGA_AC_NYAATTAN_1_2	NYAATTAN	29345938_642	29345938	642	2025-08-21 13:47:02	puhti	COMPLETED	19	0:0	mariaosm	mariaosm	NA	1	1	NA	10485760	3278	3-00:00:00	19	NA
643	Shox2_HT-SELEX_TCCCAG20NACC_Z_NYAATTAN_1_2	NYAATTAN	29345938_643	29345938	643	2025-08-21 13:47:02	puhti	COMPLETED	19	0:0	mariaosm	mariaosm	NA	1	1	NA	10485760	3216	3-00:00:00	19	NA
644	UNCX_HT-SELEX_TGCAAG20NGA_AF_NTAATYTAATTAN_1_2	NTAATYTAATTAN	29345938_644	29345938	644	2025-08-21 13:47:02	puhti	COMPLETED	22	0:0	mariaosm	mariaosm	NA	1	1	NA	10485760	3280	3-00:00:00	22	NA
645	UNCX_HT-SELEX_TGCAAG20NGA_AF_NYAATTAN_1_2	NYAATTAN	29345938_645	29345938	645	2025-08-21 13:47:02	puhti	COMPLETED	19	0:0	mariaosm	mariaosm	NA	1	1	NA	10485760	3278	3-00:00:00	19	NA
646	Uncx_HT-SELEX_TGGAGC20NCG_P_NTAATYTAATTAN_1_2	NTAATYTAATTAN	29345938_646	29345938	646	2025-08-21 13:47:02	puhti	COMPLETED	22	0:0	mariaosm	mariaosm	NA	1	1	NA	10485760	3278	3-00:00:00	22	NA
647	Uncx_HT-SELEX_TGGAGC20NCG_P_YTAATTAN_1_2	YTAATTAN	29345938_647	29345938	647	2025-08-21 13:47:02	puhti	COMPLETED	18	0:0	mariaosm	mariaosm	NA	1	1	NA	10485760	3280	3-00:00:00	18	NA
648	VAX1_HT-SELEX_TGCCAT20NACC_Z_YTAATTAN_1_2	YTAATTAN	29345938_648	29345938	648	2025-08-21 13:47:02	puhti	COMPLETED	18	0:0	mariaosm	mariaosm	NA	1	1	NA	10485760	3214	3-00:00:00	18	NA
649	VAX2_HT-SELEX_TGGTAG20NATT_AF_YTAATTAN_1_3	YTAATTAN	29345938_649	29345938	649	2025-08-21 13:47:02	puhti	COMPLETED	18	0:0	mariaosm	mariaosm	NA	1	1	NA	10485760	3278	3-00:00:00	18	NA
650	VENTX_HT-SELEX_TGAAGT30NGAA_AI_NMCRATTAR_1_4	NMCRATTAR	29345938_650	29345938	650	2025-08-21 13:47:02	puhti	COMPLETED	22	0:0	mariaosm	mariaosm	NA	1	1	NA	10485760	3278	3-00:00:00	22	NA
651	VENTX_HT-SELEX_TGAAGT30NGAA_AI_SSYTAATCGRWAANCGATTAR_2_4	SSYTAATCGRWAANCGATTAR	29345938_651	29345938	651	2025-08-21 13:47:02	puhti	COMPLETED	73	0:0	mariaosm	mariaosm	NA	1	1	01:09.188	10485760	5752	3-00:00:00	73	NA
652	VSX1_HT-SELEX_TGGTTC20NTTT_Z_YTAATTAN_1_2	YTAATTAN	29345938_652	29345938	652	2025-08-21 13:47:02	puhti	COMPLETED	19	0:0	mariaosm	mariaosm	NA	1	1	NA	10485760	3280	3-00:00:00	19	NA
653	VSX1_HT-SELEX_TCGGGG20NGGT_AE_NNYTAATTANN_1_3	NNYTAATTANN	29345938_653	29345938	653	2025-08-21 13:47:02	puhti	COMPLETED	67	0:0	mariaosm	mariaosm	NA	1	1	01:02.731	10485760	5727	3-00:00:00	67	NA
654	VSX2_HT-SELEX_TCTCCC20NCCG_Z_YTAATTAN_1_2	YTAATTAN	29345938_654	29345938	654	2025-08-21 13:47:02	puhti	COMPLETED	19	0:0	mariaosm	mariaosm	NA	1	1	NA	10485760	3280	3-00:00:00	19	NA
655	Vsx1_HT-SELEX_TGCAGA20NCG_P_NYAATTAN_1_2	NYAATTAN	29345938_655	29345938	655	2025-08-21 13:47:02	puhti	COMPLETED	22	0:0	mariaosm	mariaosm	NA	1	1	NA	10485760	3274	3-00:00:00	22	NA
656	AR_HT-SELEX_TGCTCG20NGA_AF_RRGWACANNNTGTWCYY_2_3	RRGWACANNNTGTWCYY	29345938_656	29345938	656	2025-08-21 13:47:02	puhti	COMPLETED	578	0:0	mariaosm	mariaosm	NA	1	1	09:31.912	10485760	6017	3-00:00:00	578	NA
657	AR_HT-SELEX_TCTTCT20NCTG_AD_RRGWACANNNTGTWCYY_2_4	RRGWACANNNTGTWCYY	29345938_657	29345938	657	2025-08-21 13:47:02	puhti	COMPLETED	584	0:0	mariaosm	mariaosm	NA	1	1	09:36.525	10485760	6037	3-00:00:00	584	NA
658	Ar_HT-SELEX_TCTAAT20NCG_P_RRGNACANNNTGTNCYY_2_4	RRGNACANNNTGTNCYY	29345938_658	29345938	658	2025-08-21 13:47:02	puhti	COMPLETED	1926	0:0	mariaosm	mariaosm	NA	1	1	31:51.459	10485760	6147	3-00:00:00	1926	NA
659	ESR1_HT-SELEX_TAGAGT20NCG_W_NAGGTCAMSRTGACCTN_2_4	NAGGTCAMSRTGACCTN	29345938_659	29345938	659	2025-08-21 13:47:02	puhti	COMPLETED	30	0:0	mariaosm	mariaosm	NA	1	1	NA	10485760	8785	3-00:00:00	30	NA
660	ESRRA_HT-SELEX_TGACGA30NGCA_AI_NTCAAGGTCAN_2_4	NTCAAGGTCAN	29345938_660	29345938	660	2025-08-21 13:47:02	puhti	COMPLETED	18	0:0	mariaosm	mariaosm	NA	1	1	NA	10485760	3216	3-00:00:00	18	NA
661	ESRRA_HT-SELEX_TGACGA30NGCA_AI_RAGGTCANTCAAGGTCA_2_4	RAGGTCANTCAAGGTCA	29345938_661	29345938	661	2025-08-21 13:47:02	puhti	COMPLETED	14	0:0	mariaosm	mariaosm	NA	1	1	NA	10485760	3216	3-00:00:00	14	NA
662	ESRRA_HT-SELEX_TGACGA30NGCA_AI_SAAGGTCANNTSAAGGTCA_2_4	SAAGGTCANNTSAAGGTCA	29345938_662	29345938	662	2025-08-21 13:47:02	puhti	COMPLETED	24	0:0	mariaosm	mariaosm	NA	1	1	NA	10485760	3278	3-00:00:00	24	NA
663	ESRRB_HT-SELEX_ATTAC14N_U_TCAAGGTCAWN_1_4	TCAAGGTCAWN	29345938_663	29345938	663	2025-08-21 13:47:02	puhti	COMPLETED	18	0:0	mariaosm	mariaosm	NA	1	1	NA	10485760	3276	3-00:00:00	18	NA
664	ESRRG_HT-SELEX_TGACGA20NGCA_AF_AAGGTCANNNNAAGGTCA_2_4	AAGGTCANNNNAAGGTCA	29345938_664	29345938	664	2025-08-21 13:47:02	puhti	COMPLETED	71	0:0	mariaosm	mariaosm	NA	1	1	01:06.758	10485760	5854	3-00:00:00	71	NA
665	ESRRG_HT-SELEX_TGACGA20NGCA_AF_RAGGTCANTCAAGGTCA_2_4	RAGGTCANTCAAGGTCA	29345938_665	29345938	665	2025-08-21 13:47:02	puhti	COMPLETED	30	0:0	mariaosm	mariaosm	NA	1	1	NA	10485760	3208	3-00:00:00	30	NA
666	ESRRG_HT-SELEX_TGACGA20NGCA_AF_TSAAGGTCAN_1_4	TSAAGGTCAN	29345938_666	29345938	666	2025-08-21 13:47:02	puhti	COMPLETED	15	0:0	mariaosm	mariaosm	NA	1	1	NA	10485760	3270	3-00:00:00	15	NA
667	Esrra_HT-SELEX_TAGCTC20NCG_AC_RAGGTCANTCAAGGTCA_2_4	RAGGTCANTCAAGGTCA	29345938_667	29345938	667	2025-08-21 13:47:02	puhti	COMPLETED	18	0:0	mariaosm	mariaosm	NA	1	1	NA	10485760	3270	3-00:00:00	18	NA
668	Esrra_HT-SELEX_TAGCTC20NCG_AC_TTCAAGGTCAN_1_4	TTCAAGGTCAN	29345938_668	29345938	668	2025-08-21 13:47:02	puhti	COMPLETED	16	0:0	mariaosm	mariaosm	NA	1	1	NA	10485760	3270	3-00:00:00	16	NA
669	HNF4A_HT-SELEX_TGACAG20NGA_AF_NRGTCCAAAGTCCANY_1_4	NRGTCCAAAGTCCANY	29345938_669	29345938	669	2025-08-21 13:47:02	puhti	COMPLETED	26	0:0	mariaosm	mariaosm	NA	1	1	NA	10485760	3270	3-00:00:00	26	NA
670	HNF4A_HT-SELEX_TGACAG20NGA_AF_RRGGTCAAAGTCCRNN_1_4	RRGGTCAAAGTCCRNN	29345938_670	29345938	670	2025-08-21 13:47:02	puhti	COMPLETED	37	0:0	mariaosm	mariaosm	NA	1	1	NA	10485760	5934	3-00:00:00	37	NA
671	HNF4A_HT-SELEX_TCCGTG40NTGC_AI_NRGTCCAAAGTCCANY_1_3	NRGTCCAAAGTCCANY	29345938_671	29345938	671	2025-08-21 13:47:02	puhti	COMPLETED	22	0:0	mariaosm	mariaosm	NA	1	1	NA	10485760	3206	3-00:00:00	22	NA
672	HNF4A_HT-SELEX_TCCGTG40NTGC_AI_RRGGTCAAAGGTCA_1_3	RRGGTCAAAGGTCA	29345938_672	29345938	672	2025-08-21 13:47:02	puhti	COMPLETED	14	0:0	mariaosm	mariaosm	NA	1	1	NA	10485760	3270	3-00:00:00	14	NA
673	HNF4A_HT-SELEX_TCCGTG40NTGC_AI_RRGGTCAAAGTCCRNN_1_3	RRGGTCAAAGTCCRNN	29345938_673	29345938	673	2025-08-21 13:47:02	puhti	COMPLETED	30	0:0	mariaosm	mariaosm	NA	1	1	NA	10485760	3266	3-00:00:00	30	NA
674	HNF4A_HT-SELEX_TCCGTG40NTGC_AI_RRGTCCAAAGGTCAA_1_3	RRGTCCAAAGGTCAA	29345938_674	29345938	674	2025-08-21 13:47:02	puhti	COMPLETED	18	0:0	mariaosm	mariaosm	NA	1	1	NA	10485760	3204	3-00:00:00	18	NA
675	Hnf4a_HT-SELEX_TCCACG20NCG_Z_RRGGTCAAAGTCCRNN_1_4	RRGGTCAAAGTCCRNN	29345938_675	29345938	675	2025-08-21 13:47:02	puhti	COMPLETED	44	0:0	mariaosm	mariaosm	NA	1	1	NA	10485760	5864	3-00:00:00	44	NA
676	NR2C2_HT-SELEX_TCGACT20NCAT_Z_RRGGTCAAAGGTCA_2_3	RRGGTCAAAGGTCA	29345938_676	29345938	676	2025-08-21 13:47:02	puhti	COMPLETED	18	0:0	mariaosm	mariaosm	NA	1	1	NA	10485760	3270	3-00:00:00	18	NA
677	NR2E1_HT-SELEX_TAACAA20NACA_W_AAAAGTCAA_1_4	AAAAGTCAA	29345938_677	29345938	677	2025-08-21 13:47:02	puhti	COMPLETED	18	0:0	mariaosm	mariaosm	NA	1	1	NA	10485760	3206	3-00:00:00	18	NA
678	NR2E1_HT-SELEX_TAACAA20NACA_W_RAGTCAANAAGTCA_1_4	RAGTCAANAAGTCA	29345938_678	29345938	678	2025-08-21 13:47:02	puhti	COMPLETED	34	0:0	mariaosm	mariaosm	NA	1	1	NA	10485760	5995	3-00:00:00	34	NA
679	NR2F1_HT-SELEX_TCTGAC30NAGG_AI_NRGGTCANNGGTCAN_1_4	NRGGTCANNGGTCAN	29345938_679	29345938	679	2025-08-21 13:47:02	puhti	COMPLETED	87	0:0	mariaosm	mariaosm	NA	1	1	01:19.144	10485760	6328	3-00:00:00	87	NA
680	NR2F1_HT-SELEX_TCTGAC30NAGG_AI_RRGGTCANNNGGTCAN_1_4	RRGGTCANNNGGTCAN	29345938_680	29345938	680	2025-08-21 13:47:02	puhti	COMPLETED	237	0:0	mariaosm	mariaosm	NA	1	1	03:54.008	10485760	6234	3-00:00:00	237	NA
681	NR2F1_HT-SELEX_TCTGAC20NGA_AE_RRGGTCAN_1_4	RRGGTCAN	29345938_681	29345938	681	2025-08-21 13:47:02	puhti	COMPLETED	14	0:0	mariaosm	mariaosm	NA	1	1	NA	10485760	3270	3-00:00:00	14	NA
682	NR2F6_HT-SELEX_TGTGGA20NGA_Y_RRGGTCAAAAGGTCA_2_3	RRGGTCAAAAGGTCA	29345938_682	29345938	682	2025-08-21 13:47:02	puhti	COMPLETED	15	0:0	mariaosm	mariaosm	NA	1	1	NA	10485760	3272	3-00:00:00	15	NA
683	NR2F6_HT-SELEX_TGTGGA20NGA_Y_RRGGTCAAAGGTCA_2_3	RRGGTCAAAGGTCA	29345938_683	29345938	683	2025-08-21 13:47:02	puhti	COMPLETED	15	0:0	mariaosm	mariaosm	NA	1	1	NA	10485760	3272	3-00:00:00	15	NA
684	NR2F6_HT-SELEX_TCTTGA20NGA_AE_RRGGTCAAAGGTCA_2_3	RRGGTCAAAGGTCA	29345938_684	29345938	684	2025-08-21 13:47:02	puhti	COMPLETED	18	0:0	mariaosm	mariaosm	NA	1	1	NA	10485760	3280	3-00:00:00	18	NA
685	NR3C1_HT-SELEX_TGACGA20NGCA_AG_NRGWACANNNTGTWCYN_2_4	NRGWACANNNTGTWCYN	29345938_685	29345938	685	2025-08-21 13:47:02	puhti	COMPLETED	1729	0:0	mariaosm	mariaosm	NA	1	1	28:34.518	10485760	6380	3-00:00:00	1729	NA
686	NR3C2_HT-SELEX_TCAGAG20NAGA_AC_NRGNACANNNTGTNCYN_2_4	NRGNACANNNTGTNCYN	29345938_686	29345938	686	2025-08-21 13:47:02	puhti	COMPLETED	7214	0:0	mariaosm	mariaosm	NA	1	1	01:59:21	10485760	6369	3-00:00:00	7214	02:00:12
687	NR4A2_HT-SELEX_TCATTG20NTTA_W_AGGTCANNNNNTGACCT_2_4	AGGTCANNNNNTGACCT	29345938_687	29345938	687	2025-08-21 13:47:02	puhti	COMPLETED	117	0:0	mariaosm	mariaosm	NA	1	1	01:53.856	10485760	5929	3-00:00:00	117	NA
688	NR4A2_HT-SELEX_TCATTG20NTTA_W_TGACCTTTAAAGGTCA_2_4	TGACCTTTAAAGGTCA	29345938_688	29345938	688	2025-08-21 13:47:02	puhti	COMPLETED	18	0:0	mariaosm	mariaosm	NA	1	1	NA	10485760	3206	3-00:00:00	18	NA
689	NR4A2_HT-SELEX_TCATTG20NTTA_W_TTTAAAGGTCA_2_4	TTTAAAGGTCA	29345938_689	29345938	689	2025-08-21 13:47:02	puhti	COMPLETED	18	0:0	mariaosm	mariaosm	NA	1	1	NA	10485760	3270	3-00:00:00	18	NA
690	Nr2e1_HT-SELEX_TCGCGC20NGCT_AA_AAAAGTCAA_1_4	AAAAGTCAA	29345938_690	29345938	690	2025-08-21 13:47:02	puhti	COMPLETED	18	0:0	mariaosm	mariaosm	NA	1	1	NA	10485760	3272	3-00:00:00	18	NA
691	Nr2e1_HT-SELEX_TCGCGC20NGCT_AA_RAGTCAANAAGTCA_2_4	RAGTCAANAAGTCA	29345938_691	29345938	691	2025-08-21 13:47:02	puhti	COMPLETED	67	0:0	mariaosm	mariaosm	NA	1	1	NA	10485760	5722	3-00:00:00	67	NA
692	Nr2f6_HT-SELEX_TAGTTT20NCG_Z_RRGGTCAAAAGGTCA_2_4	RRGGTCAAAAGGTCA	29345938_692	29345938	692	2025-08-21 13:47:02	puhti	COMPLETED	67	0:0	mariaosm	mariaosm	NA	1	1	NA	10485760	5715	3-00:00:00	67	NA
693	Nr2f6_HT-SELEX_TAGTTT20NCG_Z_RRGGTCAAAGGTCA_2_4	RRGGTCAAAGGTCA	29345938_693	29345938	693	2025-08-21 13:47:02	puhti	COMPLETED	67	0:0	mariaosm	mariaosm	NA	1	1	NA	10485760	5714	3-00:00:00	67	NA
694	RARA_HT-SELEX_TAAAAT20NTA_Q_ARRGGTCANNNRRGGTCA_2_3	ARRGGTCANNNRRGGTCA	29345938_694	29345938	694	2025-08-21 13:47:02	puhti	COMPLETED	221	0:0	mariaosm	mariaosm	NA	1	1	02:50.208	10485760	5805	3-00:00:00	221	NA
695	RARA_HT-SELEX_TAAAAT20NTA_Q_RAGGTCAAAAGGTCAAKN_2_3	RAGGTCAAAAGGTCAAKN	29345938_695	29345938	695	2025-08-21 13:47:02	puhti	COMPLETED	67	0:0	mariaosm	mariaosm	NA	1	1	NA	10485760	5724	3-00:00:00	67	NA
696	RARA_HT-SELEX_TAAAAT20NTA_Q_RGGTCANNNARRGGTCA_2_3	RGGTCANNNARRGGTCA	29345938_696	29345938	696	2025-08-21 13:47:02	puhti	COMPLETED	139	0:0	mariaosm	mariaosm	NA	1	1	01:29.066	10485760	5722	3-00:00:00	139	NA
697	RARA_HT-SELEX_TATAGA20NCG_AD_ARGGTCAAAAGGTCA_2_3	ARGGTCAAAAGGTCA	29345938_697	29345938	697	2025-08-21 13:47:02	puhti	COMPLETED	67	0:0	mariaosm	mariaosm	NA	1	1	NA	10485760	5719	3-00:00:00	67	NA
698	RARA_HT-SELEX_TATAGA20NCG_AD_ARRGGTCANNNRRGGTCA_2_3	ARRGGTCANNNRRGGTCA	29345938_698	29345938	698	2025-08-21 13:47:02	puhti	COMPLETED	230	0:0	mariaosm	mariaosm	NA	1	1	02:47.225	10485760	5957	3-00:00:00	230	NA
699	RARA_HT-SELEX_TATAGA20NCG_AD_RGGTCANNNARRGGTCA_2_3	RGGTCANNNARRGGTCA	29345938_699	29345938	699	2025-08-21 13:47:02	puhti	COMPLETED	149	0:0	mariaosm	mariaosm	NA	1	1	01:26.215	10485760	5865	3-00:00:00	149	NA
700	RARG_HT-SELEX_TGTTAT20NGA_Y_GRGGTCAAAAGGTCANA_2_3	GRGGTCAAAAGGTCANA	29345938_700	29345938	700	2025-08-21 13:47:02	puhti	COMPLETED	76	0:0	mariaosm	mariaosm	NA	1	1	NA	10485760	765586	3-00:00:00	76	NA
701	RARG_HT-SELEX_TGTTAT20NGA_Y_RRGGTCANNNARAGGTCA_2_3	RRGGTCANNNARAGGTCA	29345938_701	29345938	701	2025-08-21 13:47:02	puhti	COMPLETED	154	0:0	mariaosm	mariaosm	NA	1	1	01:32.046	10485760	5908	3-00:00:00	154	NA
702	RARG_HT-SELEX_TGTTAT20NGA_Y_RRGGTCANNNRRGGTCA_2_3	RRGGTCANNNRRGGTCA	29345938_702	29345938	702	2025-08-21 13:47:02	puhti	COMPLETED	228	0:0	mariaosm	mariaosm	NA	1	1	02:33.200	10485760	5961	3-00:00:00	228	NA
703	RARG_HT-SELEX_TCGGGG20NGA_AE_GRGGTCAAAAGKTCAC_2_3	GRGGTCAAAAGKTCAC	29345938_703	29345938	703	2025-08-21 13:47:02	puhti	COMPLETED	76	0:0	mariaosm	mariaosm	NA	1	1	NA	10485760	766536	3-00:00:00	76	NA
704	RARG_HT-SELEX_TCGGGG20NGA_AE_RRGGTCANNNARAGGTCA_2_3	RRGGTCANNNARAGGTCA	29345938_704	29345938	704	2025-08-21 13:47:02	puhti	COMPLETED	143	0:0	mariaosm	mariaosm	NA	1	1	02:20.008	10485760	5923	3-00:00:00	143	NA
705	RARG_HT-SELEX_TCGGGG20NGA_AE_RRGGTCANNNRRGGTCA_2_3	RRGGTCANNNRRGGTCA	29345938_705	29345938	705	2025-08-21 13:47:02	puhti	COMPLETED	228	0:0	mariaosm	mariaosm	NA	1	1	03:43.664	10485760	5965	3-00:00:00	228	NA
706	RORA_HT-SELEX_TCTGTA30NTGG_AI_NRAAGGTCAANNNNRGGTCA_2_4	NRAAGGTCAANNNNRGGTCA	29345938_706	29345938	706	2025-08-21 13:47:02	puhti	COMPLETED	1083	0:0	mariaosm	mariaosm	NA	1	1	17:53.088	10485760	6224	3-00:00:00	1083	NA
707	RORA_HT-SELEX_TCTGTA30NTGG_AI_WAWNTRGGTYAGTAGGTCA_2_4	WAWNTRGGTYAGTAGGTCA	29345938_707	29345938	707	2025-08-21 13:47:02	puhti	COMPLETED	30	0:0	mariaosm	mariaosm	NA	1	1	NA	10485760	5946	3-00:00:00	30	NA
708	RXRA_HT-SELEX_TCACGT30NGCA_AH_GGGGTCAAAGGTCA_2_3	GGGGTCAAAGGTCA	29345938_708	29345938	708	2025-08-21 13:47:02	puhti	COMPLETED	16	0:0	mariaosm	mariaosm	NA	1	1	NA	10485760	3214	3-00:00:00	16	NA
709	RXRA_HT-SELEX_TCACGT30NGCA_AH_RRGGTCATGACCYY_2_3	RRGGTCATGACCYY	29345938_709	29345938	709	2025-08-21 13:47:02	puhti	COMPLETED	18	0:0	mariaosm	mariaosm	NA	1	1	NA	10485760	3276	3-00:00:00	18	NA
710	RXRA_HT-SELEX_TCTACA40NCAG_AI_GGGGTCAAAGGTCA_2_3	GGGGTCAAAGGTCA	29345938_710	29345938	710	2025-08-21 13:47:02	puhti	COMPLETED	16	0:0	mariaosm	mariaosm	NA	1	1	NA	10485760	3212	3-00:00:00	16	NA
711	RXRA_HT-SELEX_TCTACA40NCAG_AI_RRGGTCATGACCYY_2_3	RRGGTCATGACCYY	29345938_711	29345938	711	2025-08-21 13:47:02	puhti	COMPLETED	18	0:0	mariaosm	mariaosm	NA	1	1	NA	10485760	3276	3-00:00:00	18	NA
712	RXRB_HT-SELEX_TGAGCA20NGA_Y_GGGGTCAAAGGTCA_2_3	GGGGTCAAAGGTCA	29345938_712	29345938	712	2025-08-21 13:47:02	puhti	COMPLETED	13	0:0	mariaosm	mariaosm	NA	1	1	NA	10485760	3280	3-00:00:00	13	NA
713	RXRG_HT-SELEX_TGGAAT20NGA_Y_GGGGTCAAAGGTCA_2_3	GGGGTCAAAGGTCA	29345938_713	29345938	713	2025-08-21 13:47:02	puhti	COMPLETED	18	0:0	mariaosm	mariaosm	NA	1	1	NA	10485760	3276	3-00:00:00	18	NA
714	RXRG_HT-SELEX_TGGAAT20NGA_Y_RRGGTCATGACCYY_2_3	RRGGTCATGACCYY	29345938_714	29345938	714	2025-08-21 13:47:02	puhti	COMPLETED	18	0:0	mariaosm	mariaosm	NA	1	1	NA	10485760	3204	3-00:00:00	18	NA
715	RXRG_HT-SELEX_TTCTCT20NTA_AD_GGGGTCAAAGGTCA_2_4	GGGGTCAAAGGTCA	29345938_715	29345938	715	2025-08-21 13:47:02	puhti	COMPLETED	15	0:0	mariaosm	mariaosm	NA	1	1	NA	10485760	3270	3-00:00:00	15	NA
716	Rara_HT-SELEX_TCGGTT20NCG_P_ARRGGTCANNNRRGGTCA_2_4	ARRGGTCANNNRRGGTCA	29345938_716	29345938	716	2025-08-21 13:47:02	puhti	COMPLETED	188	0:0	mariaosm	mariaosm	NA	1	1	03:04.285	10485760	6014	3-00:00:00	188	NA
717	Rara_HT-SELEX_TCGGTT20NCG_P_RGGTCANNNARRGGTCA_2_4	RGGTCANNNARRGGTCA	29345938_717	29345938	717	2025-08-21 13:47:02	puhti	COMPLETED	100	0:0	mariaosm	mariaosm	NA	1	1	01:35.080	10485760	5881	3-00:00:00	100	NA
718	Rara_HT-SELEX_TCGGTT20NCG_P_RRGGTCAAAAGGTCA_2_4	RRGGTCAAAAGGTCA	29345938_718	29345938	718	2025-08-21 13:47:02	puhti	COMPLETED	18	0:0	mariaosm	mariaosm	NA	1	1	NA	10485760	3268	3-00:00:00	18	NA
719	Rarb_HT-SELEX_TCGTGT20NCG_P_AARGGTCAAAAGGTCA_2_4	AARGGTCAAAAGGTCA	29345938_719	29345938	719	2025-08-21 13:47:02	puhti	COMPLETED	31	0:0	mariaosm	mariaosm	NA	1	1	NA	10485760	5983	3-00:00:00	31	NA
720	Rarb_HT-SELEX_TCGTGT20NCG_P_ARRGGTCANNNRRGGTCA_2_4	ARRGGTCANNNRRGGTCA	29345938_720	29345938	720	2025-08-21 13:47:02	puhti	COMPLETED	228	0:0	mariaosm	mariaosm	NA	1	1	03:29.822	10485760	6172	3-00:00:00	228	NA
721	Rarb_HT-SELEX_TCGTGT20NCG_P_RGGTCANNNARRGGTCA_2_4	RGGTCANNNARRGGTCA	29345938_721	29345938	721	2025-08-21 13:47:02	puhti	COMPLETED	130	0:0	mariaosm	mariaosm	NA	1	1	01:52.953	10485760	6008	3-00:00:00	130	NA
722	Rarg_HT-SELEX_TATCTG20NTCG_Z_GRGGTCAAAAGKTCAC_2_4	GRGGTCAAAAGKTCAC	29345938_722	29345938	722	2025-08-21 13:47:02	puhti	COMPLETED	14	0:0	mariaosm	mariaosm	NA	1	1	NA	10485760	3202	3-00:00:00	14	NA
723	Rarg_HT-SELEX_TATCTG20NTCG_Z_RRGGTCANNNARAGGTCA_2_4	RRGGTCANNNARAGGTCA	29345938_723	29345938	723	2025-08-21 13:47:02	puhti	COMPLETED	138	0:0	mariaosm	mariaosm	NA	1	1	01:41.833	10485760	5755	3-00:00:00	138	NA
724	Rarg_HT-SELEX_TATCTG20NTCG_Z_RRGGTCANNNRRGGTCA_2_4	RRGGTCANNNRRGGTCA	29345938_724	29345938	724	2025-08-21 13:47:02	puhti	COMPLETED	206	0:0	mariaosm	mariaosm	NA	1	1	02:48.555	10485760	5752	3-00:00:00	206	NA
725	Rxra_HT-SELEX_AAGAC14N_T_GGGGTCAAAGGTCA_2_4	GGGGTCAAAGGTCA	29345938_725	29345938	725	2025-08-21 13:47:02	puhti	COMPLETED	55	0:0	mariaosm	mariaosm	NA	1	1	NA	10485760	754903	3-00:00:00	55	NA
726	Rxra_HT-SELEX_AAGAC14N_T_RGGTCATGACCY_2_4	RGGTCATGACCY	29345938_726	29345938	726	2025-08-21 13:47:02	puhti	COMPLETED	55	0:0	mariaosm	mariaosm	NA	1	1	NA	10485760	756729	3-00:00:00	55	NA
727	Rxrb_HT-SELEX_CAATT14N_T_GGGGTCAAAGGTCA_2_4	GGGGTCAAAGGTCA	29345938_727	29345938	727	2025-08-21 13:47:02	puhti	COMPLETED	55	0:0	mariaosm	mariaosm	NA	1	1	NA	10485760	754453	3-00:00:00	55	NA
728	THRA_HT-SELEX_TCGGCC40NCGT_AI_NTGACCTNATNAGGTCAN_2_4	NTGACCTNATNAGGTCAN	29345938_728	29345938	728	2025-08-21 13:47:02	puhti	COMPLETED	84	0:0	mariaosm	mariaosm	NA	1	1	NA	10485760	5697	3-00:00:00	84	NA
729	THRB_HT-SELEX_TGGCAA30NACT_AI_NTGACCTNATNAGGTCAN_2_4	NTGACCTNATNAGGTCAN	29345938_729	29345938	729	2025-08-21 13:47:02	puhti	COMPLETED	40	0:0	mariaosm	mariaosm	NA	1	1	NA	10485760	6123	3-00:00:00	40	NA
730	THRB_HT-SELEX_TGGCAA30NACT_AI_NTGACCTNNNNNAGGTCAN_2_4	NTGACCTNNNNNAGGTCAN	29345938_730	29345938	730	2025-08-21 13:47:02	puhti	COMPLETED	1958	0:0	mariaosm	mariaosm	NA	1	1	32:23.588	10485760	6063	3-00:00:00	1958	NA
731	THRB_HT-SELEX_TGGCAA30NACT_AI_NTGACCTYANNTRAGGTCAN_2_4	NTGACCTYANNTRAGGTCAN	29345938_731	29345938	731	2025-08-21 13:47:02	puhti	COMPLETED	135	0:0	mariaosm	mariaosm	NA	1	1	02:13.352	10485760	5973	3-00:00:00	135	NA
732	VDR_HT-SELEX_TATTGT20NCG_AC_GRGTTCANNRRGTTCA_2_3	GRGTTCANNRRGTTCA	29345938_732	29345938	732	2025-08-21 13:47:02	puhti	COMPLETED	34	0:0	mariaosm	mariaosm	NA	1	1	NA	10485760	5867	3-00:00:00	34	NA
733	Vdr_HT-SELEX_TCCGCA20NCG_Z_RRGTTCANNRRGTTCA_2_3	RRGTTCANNRRGTTCA	29345938_733	29345938	733	2025-08-21 13:47:02	puhti	COMPLETED	48	0:0	mariaosm	mariaosm	NA	1	1	NA	10485760	5837	3-00:00:00	48	NA
734	TP63_HT-SELEX_TTCCTT20NGA_R_RACATGTYNNRACATGTC_2_3	RACATGTYNNRACATGTC	29345938_734	29345938	734	2025-08-21 13:47:02	puhti	COMPLETED	32	0:0	mariaosm	mariaosm	NA	1	1	NA	10485760	5840	3-00:00:00	32	NA
735	Tp53_HT-SELEX_TCGGGG20NGGT_AK_ACAWGTCNNNNRACAWGT_2_4	ACAWGTCNNNNRACAWGT	29345938_735	29345938	735	2025-08-21 13:47:02	puhti	COMPLETED	325	0:0	mariaosm	mariaosm	NA	1	1	05:21.054	10485760	5932	3-00:00:00	325	NA
736	Tp53_HT-SELEX_TCGGGG20NGGT_AK_ACAWGTCNNNRRCAWGT_2_4	ACAWGTCNNNRRCAWGT	29345938_736	29345938	736	2025-08-21 13:47:02	puhti	COMPLETED	164	0:0	mariaosm	mariaosm	NA	1	1	02:42.317	10485760	5891	3-00:00:00	164	NA
737	Tp53_HT-SELEX_TCGGGG20NGGT_AK_RACATGYCNNGRCATGTY_2_4	RACATGYCNNGRCATGTY	29345938_737	29345938	737	2025-08-21 13:47:02	puhti	COMPLETED	47	0:0	mariaosm	mariaosm	NA	1	1	NA	10485760	5852	3-00:00:00	47	NA
738	Tp73_HT-SELEX_TACCGT40NGCC_AK_NRCATGYYNNRRCAYGYN_2_4	NRCATGYYNNRRCAYGYN	29345938_738	29345938	738	2025-08-21 13:47:02	puhti	COMPLETED	4781	0:0	mariaosm	mariaosm	NA	1	1	01:18:22	10485760	6565	3-00:00:00	4781	01:19:38
739	GMEB2_HT-SELEX_TCGCGC20NGA_Y_TTACGTAA_1_4	TTACGTAA	29345938_739	29345938	739	2025-08-21 13:47:02	puhti	COMPLETED	17	0:0	mariaosm	mariaosm	NA	1	1	NA	10485760	3280	3-00:00:00	17	NA
740	PITX1_HT-SELEX_TCTCTT20NTCG_W_NTAATCCN_1_2	NTAATCCN	29345938_740	29345938	740	2025-08-21 13:47:02	puhti	COMPLETED	19	0:0	mariaosm	mariaosm	NA	1	1	NA	10485760	3214	3-00:00:00	19	NA
741	Egr1_HT-SELEX_TGCGCC20NCG_P_NNMCGCCCMCTCANNN_1_4	NNMCGCCCMCTCANNN	29345938_741	29345938	741	2025-08-21 13:47:02	puhti	COMPLETED	568	0:0	mariaosm	mariaosm	NA	1	1	09:22.606	10485760	6238	3-00:00:00	568	NA
742	MTF1_HT-SELEX_TGATCC20NCTA_Y_TTTGCACACGNCAC_2_4	TTTGCACACGNCAC	29345938_742	29345938	742	2025-08-21 13:47:02	puhti	COMPLETED	19	0:0	mariaosm	mariaosm	NA	1	1	NA	10485760	3276	3-00:00:00	19	NA
743	PRDM4_HT-SELEX_TAGCAG20NCG_AC_TTTCAAGGCYCCC_3_4	TTTCAAGGCYCCC	29345938_743	29345938	743	2025-08-21 13:47:02	puhti	COMPLETED	18	0:0	mariaosm	mariaosm	NA	1	1	NA	10485760	3280	3-00:00:00	18	NA
744	ZBTB49_HT-SELEX_TCTAAT20NGA_AC_TTTCGCNTGGCNNGTCA_2_4	TTTCGCNTGGCNNGTCA	29345938_744	29345938	744	2025-08-21 13:47:02	puhti	COMPLETED	29	0:0	mariaosm	mariaosm	NA	1	1	NA	10485760	3280	3-00:00:00	29	NA
745	ZNF232_HT-SELEX_TATCAT20NACG_W_RTGTTAAAYGTAGATTAAG_2_4	RTGTTAAAYGTAGATTAAG	29345938_745	29345938	745	2025-08-21 13:47:02	puhti	COMPLETED	19	0:0	mariaosm	mariaosm	NA	1	1	NA	10485760	3280	3-00:00:00	19	NA
746	ZNF282_HT-SELEX_TGCCTG20NGA_AC_CTTTCCCMYAACACKNN_2_4	CTTTCCCMYAACACKNN	29345938_746	29345938	746	2025-08-21 13:47:02	puhti	COMPLETED	39	0:0	mariaosm	mariaosm	NA	1	1	NA	10485760	5847	3-00:00:00	39	NA
747	ZNF435_HT-SELEX_TATTTA20NTTG_W_AGTGTTAACAGARCACCT_3_4	AGTGTTAACAGARCACCT	29345938_747	29345938	747	2025-08-21 13:47:02	puhti	COMPLETED	18	0:0	mariaosm	mariaosm	NA	1	1	NA	10485760	3278	3-00:00:00	18	NA
748	ZNF713_HT-SELEX_TAGGAT20NAGT_AD_TAGAYRAYTGMCANGAA_3_4	TAGAYRAYTGMCANGAA	29345938_748	29345938	748	2025-08-21 13:47:02	puhti	COMPLETED	29	0:0	mariaosm	mariaosm	NA	1	1	NA	10485760	3276	3-00:00:00	29	NA
749	CPEB1_HT-SELEX_TAACCC20NCG_AC_RATAAAAR_1_3	RATAAAAR	29345938_749	29345938	749	2025-08-21 13:47:02	puhti	COMPLETED	18	0:0	mariaosm	mariaosm	NA	1	1	NA	10485760	3216	3-00:00:00	18	NA
750	E2F1_HT-SELEX_CAATT14N_U_AATGGCGCCAAA_2_4	AATGGCGCCAAA	29345938_750	29345938	750	2025-08-21 13:47:02	puhti	COMPLETED	14	0:0	mariaosm	mariaosm	NA	1	1	NA	10485760	3280	3-00:00:00	14	NA
751	E2F1_HT-SELEX_CAATT14N_U_TTTGGCGCCAAA_2_4	TTTGGCGCCAAA	29345938_751	29345938	751	2025-08-21 13:47:02	puhti	COMPLETED	13	0:0	mariaosm	mariaosm	NA	1	1	NA	10485760	3284	3-00:00:00	13	NA
752	E2F2_HT-SELEX_TACTCA20NCG_W_AAAATGGCGCCATTTT_2_4	AAAATGGCGCCATTTT	29345938_752	29345938	752	2025-08-21 13:47:02	puhti	COMPLETED	13	0:0	mariaosm	mariaosm	NA	1	1	NA	10485760	3278	3-00:00:00	13	NA
753	E2F4_HT-SELEX_AGCAG14N_U_AATGGCGCCAAA_1_4	AATGGCGCCAAA	29345938_753	29345938	753	2025-08-21 13:47:02	puhti	COMPLETED	16	0:0	mariaosm	mariaosm	NA	1	1	NA	10485760	3278	3-00:00:00	16	NA
754	E2F4_HT-SELEX_AGCAG14N_U_TTTGGCGCCAAA_1_4	TTTGGCGCCAAA	29345938_754	29345938	754	2025-08-21 13:47:02	puhti	COMPLETED	19	0:0	mariaosm	mariaosm	NA	1	1	NA	10485760	3212	3-00:00:00	19	NA
755	E2F8_HT-SELEX_GGCTT14N_U_TTTCCCGCCAAA_2_4	TTTCCCGCCAAA	29345938_755	29345938	755	2025-08-21 13:47:02	puhti	COMPLETED	15	0:0	mariaosm	mariaosm	NA	1	1	NA	10485760	3272	3-00:00:00	15	NA
756	SOX10_HT-SELEX_TGATTT20NTTA_AF_AACAATNNNAGTGTT_1_4	AACAATNNNAGTGTT	29345938_756	29345938	756	2025-08-21 13:47:02	puhti	COMPLETED	26	0:0	mariaosm	mariaosm	NA	1	1	NA	10485760	5900	3-00:00:00	26	NA
757	SOX10_HT-SELEX_TGATTT20NTTA_AF_AACAATRTKCAGWGTT_1_4	AACAATRTKCAGWGTT	29345938_757	29345938	757	2025-08-21 13:47:02	puhti	COMPLETED	17	0:0	mariaosm	mariaosm	NA	1	1	NA	10485760	3270	3-00:00:00	17	NA
758	SOX10_HT-SELEX_TGATTT20NTTA_AF_ATCAATTGCAGTGAT_1_4	ATCAATTGCAGTGAT	29345938_758	29345938	758	2025-08-21 13:47:02	puhti	COMPLETED	14	0:0	mariaosm	mariaosm	NA	1	1	NA	10485760	3204	3-00:00:00	14	NA
759	SOX10_HT-SELEX_TGATTT20NTTA_AF_ATGAATTGCAGTCAT_1_4	ATGAATTGCAGTCAT	29345938_759	29345938	759	2025-08-21 13:47:02	puhti	COMPLETED	13	0:0	mariaosm	mariaosm	NA	1	1	NA	10485760	3206	3-00:00:00	13	NA
760	SOX10_HT-SELEX_TGATTT20NTTA_AF_TGAATRTKCAGTCA_1_4	TGAATRTKCAGTCA	29345938_760	29345938	760	2025-08-21 13:47:02	puhti	COMPLETED	30	0:0	mariaosm	mariaosm	NA	1	1	NA	10485760	3206	3-00:00:00	30	NA
761	SOX14_HT-SELEX_TACCTA30NTCC_AH_ACAATANCATTG_1_4	ACAATANCATTG	29345938_761	29345938	761	2025-08-21 13:47:02	puhti	COMPLETED	14	0:0	mariaosm	mariaosm	NA	1	1	NA	10485760	3206	3-00:00:00	14	NA
762	SOX14_HT-SELEX_TACCTA30NTCC_AH_NTGAATNNCATTCAN_1_4	NTGAATNNCATTCAN	29345938_762	29345938	762	2025-08-21 13:47:02	puhti	COMPLETED	61	0:0	mariaosm	mariaosm	NA	1	1	NA	10485760	5987	3-00:00:00	61	NA
763	SOX14_HT-SELEX_TACCTA30NTCC_AH_TCAATNNCATTGA_1_4	TCAATNNCATTGA	29345938_763	29345938	763	2025-08-21 13:47:02	puhti	COMPLETED	21	0:0	mariaosm	mariaosm	NA	1	1	NA	10485760	3270	3-00:00:00	21	NA
764	SOX15_HT-SELEX_TGTTCA20NCTG_AF_AACAATAMCATTGTT_1_4	AACAATAMCATTGTT	29345938_764	29345938	764	2025-08-21 13:47:02	puhti	COMPLETED	19	0:0	mariaosm	mariaosm	NA	1	1	NA	10485760	3274	3-00:00:00	19	NA
765	SOX15_HT-SELEX_TGTTCA20NCTG_AF_ATCAATAACATTGAT_1_4	ATCAATAACATTGAT	29345938_765	29345938	765	2025-08-21 13:47:02	puhti	COMPLETED	31	0:0	mariaosm	mariaosm	NA	1	1	NA	10485760	6079	3-00:00:00	31	NA
766	SOX15_HT-SELEX_TGTTCA20NCTG_AF_ATGAATAACATTCAT_1_4	ATGAATAACATTCAT	29345938_766	29345938	766	2025-08-21 13:47:02	puhti	COMPLETED	28	0:0	mariaosm	mariaosm	NA	1	1	NA	10485760	3270	3-00:00:00	28	NA
767	SOX18_HT-SELEX_TGTGTC20NTGG_AE_AACAATNNCATTGTT_1_4	AACAATNNCATTGTT	29345938_767	29345938	767	2025-08-21 13:47:02	puhti	COMPLETED	23	0:0	mariaosm	mariaosm	NA	1	1	NA	10485760	3270	3-00:00:00	23	NA
768	SOX18_HT-SELEX_TGTGTC20NTGG_AE_ATCAATNNCATTGAT_1_4	ATCAATNNCATTGAT	29345938_768	29345938	768	2025-08-21 13:47:02	puhti	COMPLETED	16	0:0	mariaosm	mariaosm	NA	1	1	NA	10485760	3268	3-00:00:00	16	NA
769	SOX18_HT-SELEX_TGTGTC20NTGG_AE_ATGAATWYCATTCAT_1_4	ATGAATWYCATTCAT	29345938_769	29345938	769	2025-08-21 13:47:02	puhti	COMPLETED	14	0:0	mariaosm	mariaosm	NA	1	1	NA	10485760	3274	3-00:00:00	14	NA
770	SOX21_HT-SELEX_TCAAAA40NAAA_AI_AACAATNNNAKTGTT_1_4	AACAATNNNAKTGTT	29345938_770	29345938	770	2025-08-21 13:47:02	puhti	COMPLETED	28	0:0	mariaosm	mariaosm	NA	1	1	NA	10485760	3208	3-00:00:00	28	NA
771	SOX21_HT-SELEX_TCAAAA40NAAA_AI_AACAATNNNNAKTGTT_1_4	AACAATNNNNAKTGTT	29345938_771	29345938	771	2025-08-21 13:47:02	puhti	COMPLETED	91	0:0	mariaosm	mariaosm	NA	1	1	01:27.848	10485760	5912	3-00:00:00	91	NA
772	SOX21_HT-SELEX_TCAAAA40NAAA_AI_TCAATNNNATTGA_1_4	TCAATNNNATTGA	29345938_772	29345938	772	2025-08-21 13:47:02	puhti	COMPLETED	23	0:0	mariaosm	mariaosm	NA	1	1	NA	10485760	3268	3-00:00:00	23	NA
773	SOX21_HT-SELEX_TCAAAA40NAAA_AI_TGAATNNNAKTCA_1_4	TGAATNNNAKTCA	29345938_773	29345938	773	2025-08-21 13:47:02	puhti	COMPLETED	33	0:0	mariaosm	mariaosm	NA	1	1	NA	10485760	5864	3-00:00:00	33	NA
774	SOX2_HT-SELEX_TAGTAA20NATT_AC_NAACAATNNNATTGTTN_1_4	NAACAATNNNATTGTTN	29345938_774	29345938	774	2025-08-21 13:47:02	puhti	COMPLETED	150	0:0	mariaosm	mariaosm	NA	1	1	02:25.535	10485760	5933	3-00:00:00	150	NA
775	SOX2_HT-SELEX_TAGTAA20NATT_AC_NTGAATNNNATTCAN_1_4	NTGAATNNNATTCAN	29345938_775	29345938	775	2025-08-21 13:47:02	puhti	COMPLETED	101	0:0	mariaosm	mariaosm	NA	1	1	01:37.429	10485760	6244	3-00:00:00	101	NA
776	SOX2_HT-SELEX_TCCCCT20NCCC_AC_NATCAATNNNATTGATN_1_4	NATCAATNNNATTGATN	29345938_776	29345938	776	2025-08-21 13:47:02	puhti	COMPLETED	134	0:0	mariaosm	mariaosm	NA	1	1	02:11.709	10485760	6186	3-00:00:00	134	NA
777	SOX2_HT-SELEX_TGAATA20NTAA_AF_NAACAATANCATTGTTN_1_4	NAACAATANCATTGTTN	29345938_777	29345938	777	2025-08-21 13:47:02	puhti	COMPLETED	27	0:0	mariaosm	mariaosm	NA	1	1	NA	10485760	3212	3-00:00:00	27	NA
778	SOX2_HT-SELEX_TGAATA20NTAA_AF_NATCAATANCATTGATN_1_4	NATCAATANCATTGATN	29345938_778	29345938	778	2025-08-21 13:47:02	puhti	COMPLETED	30	0:0	mariaosm	mariaosm	NA	1	1	NA	10485760	3216	3-00:00:00	30	NA
779	SOX2_HT-SELEX_TGAATA20NTAA_AF_NTGAATWNCATTCAN_1_4	NTGAATWNCATTCAN	29345938_779	29345938	779	2025-08-21 13:47:02	puhti	COMPLETED	35	0:0	mariaosm	mariaosm	NA	1	1	NA	10485760	5977	3-00:00:00	35	NA
780	SOX4_HT-SELEX_TATCGC30NGCG_AH_NAACAATTKCAGTGTT_1_4	NAACAATTKCAGTGTT	29345938_780	29345938	780	2025-08-21 13:47:02	puhti	COMPLETED	17	0:0	mariaosm	mariaosm	NA	1	1	NA	10485760	6215	3-00:00:00	17	NA
781	SOX7_HT-SELEX_TGAGGC20NGGA_AF_AACAATNNNNAKTGTT_1_3	AACAATNNNNAKTGTT	29345938_781	29345938	781	2025-08-21 13:47:02	puhti	COMPLETED	79	0:0	mariaosm	mariaosm	NA	1	1	01:15.587	10485760	6215	3-00:00:00	79	NA
782	SOX7_HT-SELEX_TGAGGC20NGGA_AF_NAACAATKNYAKTGTTN_1_3	NAACAATKNYAKTGTTN	29345938_782	29345938	782	2025-08-21 13:47:02	puhti	COMPLETED	113	0:0	mariaosm	mariaosm	NA	1	1	01:50.649	10485760	6102	3-00:00:00	113	NA
783	SOX7_HT-SELEX_TGAGGC20NGGA_AF_NATGAATKNYAKTCATN_1_3	NATGAATKNYAKTCATN	29345938_783	29345938	783	2025-08-21 13:47:02	puhti	COMPLETED	118	0:0	mariaosm	mariaosm	NA	1	1	01:55.755	10485760	5946	3-00:00:00	118	NA
784	SOX8_HT-SELEX_TCTTTC30NTTG_AI_AACAATRTKCAGWGTT_1_4	AACAATRTKCAGWGTT	29345938_784	29345938	784	2025-08-21 13:47:02	puhti	COMPLETED	19	0:0	mariaosm	mariaosm	NA	1	1	NA	10485760	3278	3-00:00:00	19	NA
785	SOX8_HT-SELEX_TCTTTC30NTTG_AI_ATGAATKNYAGTC_1_4	ATGAATKNYAGTC	29345938_785	29345938	785	2025-08-21 13:47:02	puhti	COMPLETED	20	0:0	mariaosm	mariaosm	NA	1	1	NA	10485760	3212	3-00:00:00	20	NA
786	SOX8_HT-SELEX_TCTTTC30NTTG_AI_NAACAATKNYAGTGTTN_1_4	NAACAATKNYAGTGTTN	29345938_786	29345938	786	2025-08-21 13:47:02	puhti	COMPLETED	78	0:0	mariaosm	mariaosm	NA	1	1	01:01.714	10485760	5996	3-00:00:00	78	NA
787	SOX8_HT-SELEX_TCTTTC30NTTG_AI_NATCAATKNYAGTGATN_1_4	NATCAATKNYAGTGATN	29345938_787	29345938	787	2025-08-21 13:47:02	puhti	COMPLETED	60	0:0	mariaosm	mariaosm	NA	1	1	NA	10485760	5930	3-00:00:00	60	NA
788	SOX8_HT-SELEX_TCTTTC30NTTG_AI_TGAATRTKCAGWCA_1_4	TGAATRTKCAGWCA	29345938_788	29345938	788	2025-08-21 13:47:02	puhti	COMPLETED	18	0:0	mariaosm	mariaosm	NA	1	1	NA	10485760	5920	3-00:00:00	18	NA
789	SOX8_HT-SELEX_TGTCTA20NTCG_AE_AACAATKNYAGTGTT_1_4	AACAATKNYAGTGTT	29345938_789	29345938	789	2025-08-21 13:47:02	puhti	COMPLETED	18	0:0	mariaosm	mariaosm	NA	1	1	NA	10485760	653089	3-00:00:00	18	NA
790	SOX8_HT-SELEX_TGTCTA20NTCG_AE_ATGAATKNYAGTC_1_4	ATGAATKNYAGTC	29345938_790	29345938	790	2025-08-21 13:47:02	puhti	COMPLETED	17	0:0	mariaosm	mariaosm	NA	1	1	NA	10485760	3272	3-00:00:00	17	NA
791	SOX8_HT-SELEX_TGTCTA20NTCG_AE_NATCAATKNYAGTGATN_1_4	NATCAATKNYAGTGATN	29345938_791	29345938	791	2025-08-21 13:47:02	puhti	COMPLETED	66	0:0	mariaosm	mariaosm	NA	1	1	01:03.030	10485760	6018	3-00:00:00	66	NA
792	SOX9_HT-SELEX_TGGGGT20NGGT_W_AACAATRTKCAGWGTT_1_3	AACAATRTKCAGWGTT	29345938_792	29345938	792	2025-08-21 13:47:02	puhti	COMPLETED	14	0:0	mariaosm	mariaosm	NA	1	1	NA	10485760	3206	3-00:00:00	14	NA
793	SOX9_HT-SELEX_TGGGGT20NGGT_W_ATCAATRTKCAGWGAT_1_3	ATCAATRTKCAGWGAT	29345938_793	29345938	793	2025-08-21 13:47:02	puhti	COMPLETED	14	0:0	mariaosm	mariaosm	NA	1	1	NA	10485760	3272	3-00:00:00	14	NA
794	SOX9_HT-SELEX_TGGGGT20NGGT_W_ATGAATRTKCAGWCAT_1_3	ATGAATRTKCAGWCAT	29345938_794	29345938	794	2025-08-21 13:47:02	puhti	COMPLETED	15	0:0	mariaosm	mariaosm	NA	1	1	NA	10485760	3202	3-00:00:00	15	NA
795	SOX9_HT-SELEX_TGGGGT20NGGT_W_NAACAATKNYAGTGTTN_1_3	NAACAATKNYAGTGTTN	29345938_795	29345938	795	2025-08-21 13:47:02	puhti	COMPLETED	79	0:0	mariaosm	mariaosm	NA	1	1	01:04.108	10485760	6075	3-00:00:00	79	NA
796	SOX9_HT-SELEX_TGGGGT20NGGT_W_NATCAATKNYAGTGATN_1_3	NATCAATKNYAGTGATN	29345938_796	29345938	796	2025-08-21 13:47:02	puhti	COMPLETED	54	0:0	mariaosm	mariaosm	NA	1	1	NA	10485760	5832	3-00:00:00	54	NA
797	SOX9_HT-SELEX_TGGGGT20NGGT_W_NATGAATKNYAGTCATN_1_3	NATGAATKNYAGTCATN	29345938_797	29345938	797	2025-08-21 13:47:02	puhti	COMPLETED	61	0:0	mariaosm	mariaosm	NA	1	1	NA	10485760	5947	3-00:00:00	61	NA
798	SRY_HT-SELEX_TACTGC30NGTC_AH_AACAATANCATTGTT_1_3	AACAATANCATTGTT	29345938_798	29345938	798	2025-08-21 13:47:02	puhti	COMPLETED	13	0:0	mariaosm	mariaosm	NA	1	1	NA	10485760	6382	3-00:00:00	13	NA
799	SRY_HT-SELEX_TACTGC30NGTC_AH_AACAATNNNCATTGTT_1_3	AACAATNNNCATTGTT	29345938_799	29345938	799	2025-08-21 13:47:02	puhti	COMPLETED	23	0:0	mariaosm	mariaosm	NA	1	1	NA	10485760	6061	3-00:00:00	23	NA
800	SRY_HT-SELEX_TACTGC30NGTC_AH_TCAATANCATTGA_1_4	TCAATANCATTGA	29345938_800	29345938	800	2025-08-21 13:47:02	puhti	COMPLETED	15	0:0	mariaosm	mariaosm	NA	1	1	NA	10485760	5915	3-00:00:00	15	NA
801	SRY_HT-SELEX_TACTGC30NGTC_AH_TGAATANCATTCA_1_3	TGAATANCATTCA	29345938_801	29345938	801	2025-08-21 13:47:02	puhti	COMPLETED	15	0:0	mariaosm	mariaosm	NA	1	1	NA	10485760	3270	3-00:00:00	15	NA
802	Sox10_HT-SELEX_TGCTGT20NCG_P_AACAATTGCAGTGTT_1_4	AACAATTGCAGTGTT	29345938_802	29345938	802	2025-08-21 13:47:02	puhti	COMPLETED	15	0:0	mariaosm	mariaosm	NA	1	1	NA	10485760	3204	3-00:00:00	15	NA
803	Sox10_HT-SELEX_TGCTGT20NCG_P_ATCAATTGCAGTGAT_1_4	ATCAATTGCAGTGAT	29345938_803	29345938	803	2025-08-21 13:47:02	puhti	COMPLETED	13	0:0	mariaosm	mariaosm	NA	1	1	NA	10485760	3274	3-00:00:00	13	NA
804	Sox10_HT-SELEX_TGCTGT20NCG_P_ATGAATTGCAGTCAT_1_4	ATGAATTGCAGTCAT	29345938_804	29345938	804	2025-08-21 13:47:02	puhti	COMPLETED	13	0:0	mariaosm	mariaosm	NA	1	1	NA	10485760	3206	3-00:00:00	13	NA
805	Sox11_HT-SELEX_TCTTCT20NGA_AF_AACAATTGCAGTGTT_1_3	AACAATTGCAGTGTT	29345938_805	29345938	805	2025-08-21 13:47:02	puhti	COMPLETED	12	0:0	mariaosm	mariaosm	NA	1	1	NA	10485760	3206	3-00:00:00	12	NA
806	Sox17_HT-SELEX_TATTGT20NGTG_AF_AACAATNNCATTGTT_1_3	AACAATNNCATTGTT	29345938_806	29345938	806	2025-08-21 13:47:02	puhti	COMPLETED	15	0:0	mariaosm	mariaosm	NA	1	1	NA	10485760	3278	3-00:00:00	15	NA
807	Sox17_HT-SELEX_TATTGT20NGTG_AF_ATGAATWNCATTCAT_1_3	ATGAATWNCATTCAT	29345938_807	29345938	807	2025-08-21 13:47:02	puhti	COMPLETED	19	0:0	mariaosm	mariaosm	NA	1	1	NA	10485760	3280	3-00:00:00	19	NA
808	Sox1_HT-SELEX_TGTCTA20NTCG_AC_NACAATWNCATTGTN_1_4	NACAATWNCATTGTN	29345938_808	29345938	808	2025-08-21 13:47:02	puhti	COMPLETED	36	0:0	mariaosm	mariaosm	NA	1	1	NA	10485760	5748	3-00:00:00	36	NA
809	Sox1_HT-SELEX_TGTCTA20NTCG_AC_NTGAATWNCATTCAN_1_4	NTGAATWNCATTCAN	29345938_809	29345938	809	2025-08-21 13:47:02	puhti	COMPLETED	37	0:0	mariaosm	mariaosm	NA	1	1	NA	10485760	5755	3-00:00:00	37	NA
810	Sox1_HT-SELEX_TGTCTA20NTCG_AC_TCAATWNCATTGA_1_4	TCAATWNCATTGA	29345938_810	29345938	810	2025-08-21 13:47:02	puhti	COMPLETED	17	0:0	mariaosm	mariaosm	NA	1	1	NA	10485760	3276	3-00:00:00	17	NA
811	Sox1_HT-SELEX_TGTCTA20NTCG_AC_TGAATNNNNATTCA_1_4	TGAATNNNNATTCA	29345938_811	29345938	811	2025-08-21 13:47:02	puhti	COMPLETED	43	0:0	mariaosm	mariaosm	NA	1	1	NA	10485760	5723	3-00:00:00	43	NA
812	Sox3_HT-SELEX_TGGGGT20NCG_Q_NAACAATRNYATTGTTN_1_4	NAACAATRNYATTGTTN	29345938_812	29345938	812	2025-08-21 13:47:02	puhti	COMPLETED	48	0:0	mariaosm	mariaosm	NA	1	1	NA	10485760	5753	3-00:00:00	48	NA
813	Sox3_HT-SELEX_TGGGGT20NCG_Q_NATCAATKNYATTGATN_1_4	NATCAATKNYATTGATN	29345938_813	29345938	813	2025-08-21 13:47:02	puhti	COMPLETED	57	0:0	mariaosm	mariaosm	NA	1	1	NA	10485760	5742	3-00:00:00	57	NA
814	Sox3_HT-SELEX_TGGGGT20NCG_Q_NATGAATKNYATTCATN_1_4	NATGAATKNYATTCATN	29345938_814	29345938	814	2025-08-21 13:47:02	puhti	COMPLETED	56	0:0	mariaosm	mariaosm	NA	1	1	NA	10485760	5733	3-00:00:00	56	NA
815	TBX20_HT-SELEX_TCTTCT20NCTG_AE_AGGTGTKANGGTGTSA_2_4	AGGTGTKANGGTGTSA	29345938_815	29345938	815	2025-08-21 13:47:02	puhti	COMPLETED	20	0:0	mariaosm	mariaosm	NA	1	1	NA	10485760	3214	3-00:00:00	20	NA
816	MSC_HT-SELEX_TAGTCC20NCTT_AA_AACAGCTGTT_1_4	AACAGCTGTT	29345938_816	29345938	816	2025-08-21 13:47:02	puhti	COMPLETED	17	0:0	mariaosm	mariaosm	NA	1	1	NA	10485760	3278	3-00:00:00	17	NA
817	TFEC_HT-SELEX_TAGTGG20NGTT_AF_RTCACGTGAY_1_4	RTCACGTGAY	29345938_817	29345938	817	2025-08-21 13:47:02	puhti	COMPLETED	16	0:0	mariaosm	mariaosm	NA	1	1	NA	10485760	3278	3-00:00:00	16	NA
818	CREB3L1_HT-SELEX_TAGAGT20NCG_AD_NTGCCACGTCANCA_1_4	NTGCCACGTCANCA	29345938_818	29345938	818	2025-08-21 13:47:02	puhti	COMPLETED	15	0:0	mariaosm	mariaosm	NA	1	1	NA	10485760	3220	3-00:00:00	15	NA
819	NR2F1_HT-SELEX_TCTGAC30NAGG_AI_DNNNGGTCANNNH_1_4	DNNNGGTCANNNH	29345938_819	29345938	819	2025-08-21 13:47:02	puhti	COMPLETED	3573	0:0	mariaosm	mariaosm	NA	1	1	59:07.245	10485760	6437	3-00:00:00	3573	NA
820	RARB_HT-SELEX_TAGTTT20NTTT_W_AARGGTCAAAAGGTCA_2_4	AARGGTCAAAAGGTCA	29345938_820	29345938	820	2025-08-21 13:47:02	puhti	COMPLETED	16	0:0	mariaosm	mariaosm	NA	1	1	NA	10485760	3276	3-00:00:00	16	NA
821	ALX4_EOMES_CAP-SELEX_TGCACG40NTTG_AAD_NGYGYTAAYNNNNNNTNACACNN_1_3	NGYGYTAAYNNNNNNTNACACNN	29345938_821	29345938	821	2025-08-21 13:47:02	puhti	CANCELLED	259213	0:0	mariaosm	mariaosm	NA	1	1	NA	10485760	9834405	3-00:00:00	259216	3-00:00:13
822	ALX4_TBX21_CAP-SELEX_TGGCAC40NAAG_AAD_RGGTGNTAATNNNNNNNNNCASYNN_1_3	RGGTGNTAATNNNNNNNNNCASYNN	29345938_822	29345938	822	2025-08-21 13:47:02	puhti	COMPLETED	253207	0:0	mariaosm	mariaosm	NA	1	1	NA	10485760	6478	3-00:00:00	253207	2-22:20:07
823	ALX4_TBX21_CAP-SELEX_TGGCAC40NAAG_AAD_RGGTGYTAATWR_1_3	RGGTGYTAATWR	29345938_823	29345938	823	2025-08-21 13:47:02	puhti	COMPLETED	86	0:0	mariaosm	mariaosm	NA	1	1	NA	10485760	758292	3-00:00:00	86	NA
824	ATF4_CEBPB_CAP-SELEX_TCCATG40NCAC_AT_NNATGAYGCAAYN_1_3	NNATGAYGCAAYN	29345938_824	29345938	824	2025-08-21 13:47:02	puhti	COMPLETED	112	0:0	mariaosm	mariaosm	NA	1	1	NA	10485760	5944	3-00:00:00	112	NA
825	ATF4_CEBPD_CAP-SELEX_TTGAGT40NCGC_AT_NGATGATGCAATNN_2_3	NGATGATGCAATNN	29345938_825	29345938	825	2025-08-21 13:47:02	puhti	COMPLETED	41	0:0	mariaosm	mariaosm	NA	1	1	NA	10485760	6126	3-00:00:00	41	NA
826	ATF4_TEF_CAP-SELEX_TTGCCC40NCTC_AT_RNMTGATGCAATN_1_3	RNMTGATGCAATN	29345938_826	29345938	826	2025-08-21 13:47:02	puhti	COMPLETED	28	0:0	mariaosm	mariaosm	NA	1	1	NA	10485760	3278	3-00:00:00	28	NA
827	CEBPG_CREB3L1_CAP-SELEX_TGACTT40NGGT_AS_NGCCACGCAAYN_1_3	NGCCACGCAAYN	29345938_827	29345938	827	2025-08-21 13:47:02	puhti	COMPLETED	23	0:0	mariaosm	mariaosm	NA	1	1	NA	10485760	3278	3-00:00:00	23	NA
828	CUX1_HOXA13_CAP-SELEX_TCGGTA40NTGA_AY_ATCRATNNNNYCRTAAA_1_3	ATCRATNNNNYCRTAAA	29345938_828	29345938	828	2025-08-21 13:47:02	puhti	COMPLETED	414	0:0	mariaosm	mariaosm	NA	1	1	06:49.615	10485760	6087	3-00:00:00	414	NA
829	CUX1_HOXB13_CAP-SELEX_TACGCA40NAAT_AY_SYMRTAAANATYGATN_1_3	SYMRTAAANATYGATN	29345938_829	29345938	829	2025-08-21 13:47:02	puhti	COMPLETED	115	0:0	mariaosm	mariaosm	NA	1	1	01:37.654	10485760	6059	3-00:00:00	115	NA
830	CUX1_TBX21_CAP-SELEX_TGGCAC40NAAG_AY_NTCACACMNNNATCRATN_1_3	NTCACACMNNNATCRATN	29345938_830	29345938	830	2025-08-21 13:47:02	puhti	COMPLETED	750	0:0	mariaosm	mariaosm	NA	1	1	12:23.596	10485760	6012	3-00:00:00	750	NA
831	CUX1_TBX21_CAP-SELEX_TGGCAC40NAAG_AY_TMACACCYAATA_1_3	TMACACCYAATA	29345938_831	29345938	831	2025-08-21 13:47:02	puhti	COMPLETED	16	0:0	mariaosm	mariaosm	NA	1	1	NA	10485760	3268	3-00:00:00	16	NA
832	E2F1_ELK1_CAP-SELEX_TATGTA40NTGT_AX_SGCGCNNNNNCGGAAGN_1_2	SGCGCNNNNNCGGAAGN	29345938_832	29345938	832	2025-08-21 13:47:02	puhti	COMPLETED	1327	0:0	mariaosm	mariaosm	NA	1	1	21:57.626	10485760	6028	3-00:00:00	1327	NA
833	E2F3_DRGX_CAP-SELEX_TTATAA40NGTG_AAA_SGCGCTAATTKN_1_2	SGCGCTAATTKN	29345938_833	29345938	833	2025-08-21 13:47:02	puhti	COMPLETED	19	0:0	mariaosm	mariaosm	NA	1	1	NA	10485760	3206	3-00:00:00	19	NA
834	E2F3_EOMES_CAP-SELEX_TCTTCG40NGAT_AAA_NNGYGNNNNGGCGCSNNNNCRCNN_1_3	NNGYGNNNNGGCGCSNNNNCRCNN	29345938_834	29345938	834	2025-08-21 13:47:02	puhti	CANCELLED	259213	0:0	mariaosm	mariaosm	NA	1	1	NA	10485760	9781426	3-00:00:00	259216	3-00:00:13
835	E2F3_FOXI1_CAP-SELEX_TCCTCT40NGTC_AAA_NNMCACCGCGCCCMN_1_3	NNMCACCGCGCCCMN	29345938_835	29345938	835	2025-08-21 13:47:02	puhti	COMPLETED	52	0:0	mariaosm	mariaosm	NA	1	1	NA	10485760	5884	3-00:00:00	52	NA
836	E2F3_FOXO6_CAP-SELEX_TCCGAA40NGGC_AAA_NMATGACACGCGCCMNN_2_3	NMATGACACGCGCCMNN	29345938_836	29345938	836	2025-08-21 13:47:02	puhti	COMPLETED	57	0:0	mariaosm	mariaosm	NA	1	1	NA	10485760	5891	3-00:00:00	57	NA
837	E2F3_FOXO6_CAP-SELEX_TCCGAA40NGGC_AAA_NMATGACACNGCGCCMNN_2_3	NMATGACACNGCGCCMNN	29345938_837	29345938	837	2025-08-21 13:47:02	puhti	COMPLETED	182	0:0	mariaosm	mariaosm	NA	1	1	02:59.011	10485760	6100	3-00:00:00	182	NA
838	ELK1_EOMES_CAP-SELEX_TGAGTC40NAAC_AAA_RGGTGNGANNNNNNNNTNNCACCGGAAGY_2_2	RGGTGNGANNNNNNNNTNNCACCGGAAGY	29345938_838	29345938	838	2025-08-21 13:47:02	puhti	CANCELLED	259213	0:0	mariaosm	mariaosm	NA	1	1	NA	10485760	9840072	3-00:00:00	259216	3-00:00:13
839	ELK1_EOMES_CAP-SELEX_TGAGTC40NAAC_AAA_RSCGGAANNAGGYGYNA_1_2	RSCGGAANNAGGYGYNA	29345938_839	29345938	839	2025-08-21 13:47:02	puhti	COMPLETED	218	0:0	mariaosm	mariaosm	NA	1	1	03:20.219	10485760	6028	3-00:00:00	218	NA
840	ELK1_EOMES_CAP-SELEX_TGAGTC40NAAC_AAA_TNRCACCGGAAGN_1_2	TNRCACCGGAAGN	29345938_840	29345938	840	2025-08-21 13:47:02	puhti	COMPLETED	17	0:0	mariaosm	mariaosm	NA	1	1	NA	10485760	3206	3-00:00:00	17	NA
841	ELK1_ETV7_CAP-SELEX_TTGGTG40NTAC_AAA_NNSMGGACGGAYNTCCKSNN_2_2	NNSMGGACGGAYNTCCKSNN	29345938_841	29345938	841	2025-08-21 13:47:02	puhti	COMPLETED	7154	0:0	mariaosm	mariaosm	NA	1	1	01:58:30	10485760	6062	3-00:00:00	7154	01:59:13
842	ELK1_EVX1_CAP-SELEX_TGGAAT40NAAT_AAD_RSCGGWANNNNYMATTA_1_3	RSCGGWANNNNYMATTA	29345938_842	29345938	842	2025-08-21 13:47:02	puhti	COMPLETED	1211	0:0	mariaosm	mariaosm	NA	1	1	20:01.271	10485760	6044	3-00:00:00	1211	NA
843	ELK1_FOXI1_CAP-SELEX_TAGTCA40NTCT_AAA_RSCGGAANNRTMAAYAN_1_3	RSCGGAANNRTMAAYAN	29345938_843	29345938	843	2025-08-21 13:47:02	puhti	COMPLETED	337	0:0	mariaosm	mariaosm	NA	1	1	04:53.097	10485760	6125	3-00:00:00	337	NA
844	ELK1_FOXI1_CAP-SELEX_TAGTCA40NTCT_AAA_RSCGGAANRWMAACAN_1_3	RSCGGAANRWMAACAN	29345938_844	29345938	844	2025-08-21 13:47:02	puhti	COMPLETED	81	0:0	mariaosm	mariaosm	NA	1	1	01:19.354	10485760	5849	3-00:00:00	81	NA
845	ELK1_FOXI1_CAP-SELEX_TAGTCA40NTCT_AAA_RSCGGATGTKKN_1_3	RSCGGATGTKKN	29345938_845	29345938	845	2025-08-21 13:47:02	puhti	COMPLETED	21	0:0	mariaosm	mariaosm	NA	1	1	NA	10485760	3204	3-00:00:00	21	NA
846	ELK1_FOXI1_CAP-SELEX_TAGTCA40NTCT_AAA_WGTTKMCGGAWRTN_1_3	WGTTKMCGGAWRTN	29345938_846	29345938	846	2025-08-21 13:47:02	puhti	COMPLETED	31	0:0	mariaosm	mariaosm	NA	1	1	NA	10485760	3272	3-00:00:00	31	NA
847	ELK1_HOXA3_CAP-SELEX_TCTGTG40NAGA_AAA_NCCGGWNNNNNNNNNNNSCATTAN_1_2	NCCGGWNNNNNNNNNNNSCATTAN	29345938_847	29345938	847	2025-08-21 13:47:02	puhti	COMPLETED	189992	0:0	mariaosm	mariaosm	NA	1	1	NA	10485760	6003	3-00:00:00	189992	2-04:46:32
848	ELK1_HOXA3_CAP-SELEX_TCTGTG40NAGA_AAA_RSCGGTAATKR_1_2	RSCGGTAATKR	29345938_848	29345938	848	2025-08-21 13:47:02	puhti	COMPLETED	19	0:0	mariaosm	mariaosm	NA	1	1	NA	10485760	3272	3-00:00:00	19	NA
849	ELK1_HOXB13_CAP-SELEX_TGCGAC40NGGT_AAA_RSCGGAAGNNGTAAAN_2_3	RSCGGAAGNNGTAAAN	29345938_849	29345938	849	2025-08-21 13:47:02	puhti	COMPLETED	66	0:0	mariaosm	mariaosm	NA	1	1	01:04.392	10485760	5889	3-00:00:00	66	NA
850	ELK1_ONECUT2_CAP-SELEX_TCCAGG40NTAG_AAA_RSCGGAASNGRTCGATAN_2_2	RSCGGAASNGRTCGATAN	29345938_850	29345938	850	2025-08-21 13:47:02	puhti	COMPLETED	74	0:0	mariaosm	mariaosm	NA	1	1	01:10.938	10485760	5917	3-00:00:00	74	NA
851	ELK1_PAX1_CAP-SELEX_TGAAGG40NGAT_AAA_RSCGGAACYACGCWYSANTG_2_2	RSCGGAACYACGCWYSANTG	29345938_851	29345938	851	2025-08-21 13:47:02	puhti	COMPLETED	92	0:0	mariaosm	mariaosm	NA	1	1	01:12.537	10485760	6058	3-00:00:00	92	NA
852	ELK1_PAX5_CAP-SELEX_TCAGTT40NTTG_AAA_RSCGGAACYACGCWYSANTG_2_2	RSCGGAACYACGCWYSANTG	29345938_852	29345938	852	2025-08-21 13:47:02	puhti	COMPLETED	93	0:0	mariaosm	mariaosm	NA	1	1	01:13.086	10485760	6076	3-00:00:00	93	NA
853	ELK1_PAX9_CAP-SELEX_TAGAAA40NCAG_AAA_RSCGGAACYACGCWYSANTG_2_2	RSCGGAACYACGCWYSANTG	29345938_853	29345938	853	2025-08-21 13:47:02	puhti	COMPLETED	92	0:0	mariaosm	mariaosm	NA	1	1	01:14.829	10485760	6075	3-00:00:00	92	NA
854	ELK1_SPDEF_CAP-SELEX_TGGAGC40NGAT_AAD_NSMGGACGGAYNTCCKSN_2_3	NSMGGACGGAYNTCCKSN	29345938_854	29345938	854	2025-08-21 13:47:02	puhti	COMPLETED	405	0:0	mariaosm	mariaosm	NA	1	1	06:26.055	10485760	6343	3-00:00:00	405	NA
855	ELK1_SREBF2_CAP-SELEX_TCTTTG40NACT_AAA_RSCGGAANTSRCGTGA_1_2	RSCGGAANTSRCGTGA	29345938_855	29345938	855	2025-08-21 13:47:02	puhti	COMPLETED	35	0:0	mariaosm	mariaosm	NA	1	1	NA	10485760	6083	3-00:00:00	35	NA
856	ELK1_SREBF2_CAP-SELEX_TCTTTG40NACT_AAA_RWCACGTGNNCGGAANN_1_2	RWCACGTGNNCGGAANN	29345938_856	29345938	856	2025-08-21 13:47:02	puhti	COMPLETED	158	0:0	mariaosm	mariaosm	NA	1	1	02:36.240	10485760	6144	3-00:00:00	158	NA
857	ELK1_TBX21_CAP-SELEX_TCCTAT40NAGA_AAA_RAGGTSRNNNNNNNNNNNNNNNNCGGAAGYN_2_2	RAGGTSRNNNNNNNNNNNNNNNNCGGAAGYN	29345938_857	29345938	857	2025-08-21 13:47:02	puhti	CANCELLED	259213	0:0	mariaosm	mariaosm	NA	1	1	NA	10485760	9906113	3-00:00:00	259217	3-00:00:13
858	ELK1_TBX21_CAP-SELEX_TCCTAT40NAGA_AAA_TNRCACCGGAAGNN_1_2	TNRCACCGGAAGNN	29345938_858	29345938	858	2025-08-21 13:47:02	puhti	COMPLETED	29	0:0	mariaosm	mariaosm	NA	1	1	NA	10485760	3206	3-00:00:00	29	NA
859	ELK1_TEF_CAP-SELEX_TCGTTC40NATA_AAA_NSCGGAWNTTACGTAAN_1_2	NSCGGAWNTTACGTAAN	29345938_859	29345938	859	2025-08-21 13:47:02	puhti	COMPLETED	68	0:0	mariaosm	mariaosm	NA	1	1	01:06.084	10485760	5854	3-00:00:00	68	NA
860	ERF_CEBPD_CAP-SELEX_TAGAGG40NACC_AAC_RSMGGAANTTGCGYAAN_1_3	RSMGGAANTTGCGYAAN	29345938_860	29345938	860	2025-08-21 13:47:02	puhti	COMPLETED	67	0:0	mariaosm	mariaosm	NA	1	1	01:04.958	10485760	5885	3-00:00:00	67	NA
861	ERF_EOMES_CAP-SELEX_TGAGTC40NAAC_AAC_RRGTGTKNNNNNNNNNNNNNNCMGGANNN_1_3	RRGTGTKNNNNNNNNNNNNNNCMGGANNN	29345938_861	29345938	861	2025-08-21 13:47:02	puhti	COMPLETED	214563	0:0	mariaosm	mariaosm	NA	1	1	NA	10485760	6346	3-00:00:00	214563	2-11:36:03
862	ERF_EOMES_CAP-SELEX_TGAGTC40NAAC_AAC_TNTCACACCGGAAAT_2_3	TNTCACACCGGAAAT	29345938_862	29345938	862	2025-08-21 13:47:02	puhti	COMPLETED	17	0:0	mariaosm	mariaosm	NA	1	1	NA	10485760	3282	3-00:00:00	17	NA
863	ERF_ETV7_CAP-SELEX_TTGGTG40NTAC_AAC_NSMGGACGGAYNTCCKSN_1_2	NSMGGACGGAYNTCCKSN	29345938_863	29345938	863	2025-08-21 13:47:02	puhti	COMPLETED	354	0:0	mariaosm	mariaosm	NA	1	1	05:50.065	10485760	6373	3-00:00:00	354	NA
864	ERF_FIGLA_CAP-SELEX_TCGAAC40NGAT_AAC_RSCGGAANCASCTGNN_1_3	RSCGGAANCASCTGNN	29345938_864	29345938	864	2025-08-21 13:47:02	puhti	COMPLETED	91	0:0	mariaosm	mariaosm	NA	1	1	01:28.022	10485760	2086	3-00:00:00	91	NA
865	ERF_FOXI1_CAP-SELEX_TAGTCA40NTCT_AAC_RSCGGATGTTKWN_1_2	RSCGGATGTTKWN	29345938_865	29345938	865	2025-08-21 13:47:02	puhti	COMPLETED	24	0:0	mariaosm	mariaosm	NA	1	1	NA	10485760	3278	3-00:00:00	24	NA
866	ERF_FOXI1_CAP-SELEX_TAGTCA40NTCT_AAC_RTAAACMGGAARYN_1_2	RTAAACMGGAARYN	29345938_866	29345938	866	2025-08-21 13:47:02	puhti	COMPLETED	27	0:0	mariaosm	mariaosm	NA	1	1	NA	10485760	3212	3-00:00:00	27	NA
867	ERF_FOXI1_CAP-SELEX_TAGTCA40NTCT_AAC_TGTTKMCGGAWRN_1_2	TGTTKMCGGAWRN	29345938_867	29345938	867	2025-08-21 13:47:02	puhti	COMPLETED	24	0:0	mariaosm	mariaosm	NA	1	1	NA	10485760	3214	3-00:00:00	24	NA
868	ERF_FOXO1_CAP-SELEX_TATGGT40NATA_AAC_RTMAACAGGAARNN_1_3b1	RTMAACAGGAARNN	29345938_868	29345938	868	2025-08-21 13:47:02	puhti	COMPLETED	36	0:0	mariaosm	mariaosm	NA	1	1	NA	10485760	5866	3-00:00:00	36	NA
869	ERF_HOXB13_CAP-SELEX_TGCGAC40NGGT_AAC_NNMGGAARNNRTAAAN_1_2	NNMGGAARNNRTAAAN	29345938_869	29345938	869	2025-08-21 13:47:02	puhti	COMPLETED	1049	0:0	mariaosm	mariaosm	NA	1	1	17:22.072	10485760	6038	3-00:00:00	1049	NA
870	ERF_MAX_CAP-SELEX_TTAGTC40NTCC_AAC_RSCGGAANCACGTGN_1_3	RSCGGAANCACGTGN	29345938_870	29345938	870	2025-08-21 13:47:02	puhti	COMPLETED	24	0:0	mariaosm	mariaosm	NA	1	1	NA	10485760	3216	3-00:00:00	24	NA
871	ERF_NHLH1_CAP-SELEX_TCTCGT40NGCC_AAC_NNCAGCTGCCGGAWRYN_2_3	NNCAGCTGCCGGAWRYN	29345938_871	29345938	871	2025-08-21 13:47:02	puhti	COMPLETED	93	0:0	mariaosm	mariaosm	NA	1	1	01:31.660	10485760	5858	3-00:00:00	93	NA
872	ETV2_BHLHA15_CAP-SELEX_TCGAGT40NACT_AAA_RSCGGANNCATATGK_1_3b0	RSCGGANNCATATGK	29345938_872	29345938	872	2025-08-21 13:47:02	puhti	COMPLETED	35	0:0	mariaosm	mariaosm	NA	1	1	NA	10485760	6035	3-00:00:00	35	NA
873	ETV2_CEBPD_CAP-SELEX_TGTAGA40NTGT_AAA_RSCGGANNTTGCGYAAN_1_2	RSCGGANNTTGCGYAAN	29345938_873	29345938	873	2025-08-21 13:47:02	puhti	COMPLETED	86	0:0	mariaosm	mariaosm	NA	1	1	01:24.482	10485760	6337	3-00:00:00	86	NA
874	ETV2_DRGX_CAP-SELEX_TCTTGT40NCAG_AAA_RSCGGAANYAATTA_1_2	RSCGGAANYAATTA	29345938_874	29345938	874	2025-08-21 13:47:02	puhti	COMPLETED	57	0:0	mariaosm	mariaosm	NA	1	1	NA	10485760	5715	3-00:00:00	57	NA
875	ETV2_DRGX_CAP-SELEX_TCTTGT40NCAG_AAA_RSCGGAWRYATTA_1_2	RSCGGAWRYATTA	29345938_875	29345938	875	2025-08-21 13:47:02	puhti	COMPLETED	56	0:0	mariaosm	mariaosm	NA	1	1	NA	10485760	763745	3-00:00:00	56	NA
876	ETV2_EOMES_CAP-SELEX_TCAGCA40NCTC_AAA_NGGTGTNNNNNNNNNNNNNNNCCGGAWNNN_1_3	NGGTGTNNNNNNNNNNNNNNNCCGGAWNNN	29345938_876	29345938	876	2025-08-21 13:47:02	puhti	CANCELLED	259221	0:0	mariaosm	mariaosm	NA	1	1	NA	10485760	9878295	3-00:00:00	259224	3-00:00:21
877	ETV2_EOMES_CAP-SELEX_TCAGCA40NCTC_AAA_TCACACCGGAWRY_1_3	TCACACCGGAWRY	29345938_877	29345938	877	2025-08-21 13:47:02	puhti	COMPLETED	56	0:0	mariaosm	mariaosm	NA	1	1	NA	10485760	5723	3-00:00:00	56	NA
878	ETV2_ETV7_CAP-SELEX_TGAGGT40NTCC_AAA_NSMGGACGGAYNTCCKSN_1_2	NSMGGACGGAYNTCCKSN	29345938_878	29345938	878	2025-08-21 13:47:02	puhti	COMPLETED	397	0:0	mariaosm	mariaosm	NA	1	1	05:49.266	10485760	5859	3-00:00:00	397	NA
879	ETV2_EVX1_CAP-SELEX_TCTCCG40NCGC_AAA_RSCGGWAATNNNYATTAN_1_3	RSCGGWAATNNNYATTAN	29345938_879	29345938	879	2025-08-21 13:47:02	puhti	COMPLETED	706	0:0	mariaosm	mariaosm	NA	1	1	10:33.684	10485760	5889	3-00:00:00	706	NA
880	ETV2_FIGLA_CAP-SELEX_TGTGAT40NGCA_AAA_NNCGGAANCAGGTGNN_2_2	NNCGGAANCAGGTGNN	29345938_880	29345938	880	2025-08-21 13:47:02	puhti	COMPLETED	190	0:0	mariaosm	mariaosm	NA	1	1	02:27.841	10485760	5812	3-00:00:00	190	NA
881	ETV2_FOXI1_CAP-SELEX_TACATC40NATA_AAA_NRTMAACMGGAARYN_1_3	NRTMAACMGGAARYN	29345938_881	29345938	881	2025-08-21 13:47:02	puhti	COMPLETED	123	0:0	mariaosm	mariaosm	NA	1	1	01:15.976	10485760	5773	3-00:00:00	123	NA
882	ETV2_FOXI1_CAP-SELEX_TACATC40NATA_AAA_RNCGGAANNAAACA_1_3	RNCGGAANNAAACA	29345938_882	29345938	882	2025-08-21 13:47:02	puhti	COMPLETED	28	0:0	mariaosm	mariaosm	NA	1	1	NA	10485760	3212	3-00:00:00	28	NA
883	ETV2_FOXI1_CAP-SELEX_TACATC40NATA_AAA_RSCGGAANNRYMAACAN_1_3	RSCGGAANNRYMAACAN	29345938_883	29345938	883	2025-08-21 13:47:02	puhti	COMPLETED	298	0:0	mariaosm	mariaosm	NA	1	1	04:55.945	10485760	5949	3-00:00:00	298	NA
884	ETV2_FOXI1_CAP-SELEX_TACATC40NATA_AAA_RSCGGATGTTKW_1_3	RSCGGATGTTKW	29345938_884	29345938	884	2025-08-21 13:47:02	puhti	COMPLETED	17	0:0	mariaosm	mariaosm	NA	1	1	NA	10485760	3214	3-00:00:00	17	NA
885	ETV2_FOXI1_CAP-SELEX_TACATC40NATA_AAA_TGTTKMCGGAWRTN_1_3	TGTTKMCGGAWRTN	29345938_885	29345938	885	2025-08-21 13:47:02	puhti	COMPLETED	32	0:0	mariaosm	mariaosm	NA	1	1	NA	10485760	5880	3-00:00:00	32	NA
886	ETV2_FOXO6_CAP-SELEX_TCGCTA40NTCG_AAA_RCCGGATGTTKWN_1_3	RCCGGATGTTKWN	29345938_886	29345938	886	2025-08-21 13:47:02	puhti	COMPLETED	20	0:0	mariaosm	mariaosm	NA	1	1	NA	10485760	3276	3-00:00:00	20	NA
887	ETV2_HOXA2_CAP-SELEX_TTAACA40NTGT_AAA_NCCGGAAGTMATTA_2_3	NCCGGAAGTMATTA	29345938_887	29345938	887	2025-08-21 13:47:02	puhti	COMPLETED	18	0:0	mariaosm	mariaosm	NA	1	1	NA	10485760	3278	3-00:00:00	18	NA
888	ETV2_HOXB13_CAP-SELEX_TGTGCA40NCCG_AAA_NCCGGAAGTYRTAAAN_1_3	NCCGGAAGTYRTAAAN	29345938_888	29345938	888	2025-08-21 13:47:02	puhti	COMPLETED	28	0:0	mariaosm	mariaosm	NA	1	1	NA	10485760	3206	3-00:00:00	28	NA
889	ETV2_HOXB13_CAP-SELEX_TGTGCA40NCCG_AAA_NCCGGAANYATAAAN_1_3	NCCGGAANYATAAAN	29345938_889	29345938	889	2025-08-21 13:47:02	puhti	COMPLETED	36	0:0	mariaosm	mariaosm	NA	1	1	NA	10485760	5953	3-00:00:00	36	NA
890	ETV2_NHLH1_CAP-SELEX_TGAGAG40NCGC_AAA_NGCAGCTGCCGGAWRYN_1_3	NGCAGCTGCCGGAWRYN	29345938_890	29345938	890	2025-08-21 13:47:02	puhti	COMPLETED	32	0:0	mariaosm	mariaosm	NA	1	1	NA	10485760	6000	3-00:00:00	32	NA
891	ETV2_ONECUT2_CAP-SELEX_TACTAC40NGCC_AAA_NRTCRATANCGGAARYN_1_3	NRTCRATANCGGAARYN	29345938_891	29345938	891	2025-08-21 13:47:02	puhti	COMPLETED	154	0:0	mariaosm	mariaosm	NA	1	1	02:32.246	10485760	5913	3-00:00:00	154	NA
892	ETV2_ONECUT2_CAP-SELEX_TACTAC40NGCC_AAA_RRTCRATNNNCGGAARYN_1_3	RRTCRATNNNCGGAARYN	29345938_892	29345938	892	2025-08-21 13:47:02	puhti	COMPLETED	1438	0:0	mariaosm	mariaosm	NA	1	1	23:34.931	10485760	6075	3-00:00:00	1438	NA
893	ETV2_PAX5_CAP-SELEX_TGGTAT40NTGA_AAA_ACCGGANNTACGCNNNNNYR_2_3	ACCGGANNTACGCNNNNNYR	29345938_893	29345938	893	2025-08-21 13:47:02	puhti	COMPLETED	16030	0:0	mariaosm	mariaosm	NA	1	1	04:23:53	10485760	6200	3-00:00:00	16030	04:27:09
894	ETV2_SPDEF_CAP-SELEX_TTGCAA40NGTG_AAA_NSCGGACGGAWATCCGSNT_2_3	NSCGGACGGAWATCCGSNT	29345938_894	29345938	894	2025-08-21 13:47:02	puhti	COMPLETED	41	0:0	mariaosm	mariaosm	NA	1	1	NA	10485760	5836	3-00:00:00	41	NA
895	ETV2_TBX21_CAP-SELEX_TGTAGC40NCCT_AAA_RGTGTKRNNNNNNNNNNNCNCMGGAARN_1_3	RGTGTKRNNNNNNNNNNNCNCMGGAARN	29345938_895	29345938	895	2025-08-21 13:47:02	puhti	CANCELLED	259209	0:0	mariaosm	mariaosm	NA	1	1	NA	10485760	9676779	3-00:00:00	259213	3-00:00:09
896	ETV2_TBX21_CAP-SELEX_TGTAGC40NCCT_AAA_TMACACMGGAARN_1_3	TMACACMGGAARN	29345938_896	29345938	896	2025-08-21 13:47:02	puhti	COMPLETED	22	0:0	mariaosm	mariaosm	NA	1	1	NA	10485760	3278	3-00:00:00	22	NA
897	ETV2_TEF_CAP-SELEX_TCAGGG40NGCA_AAA_RSCGGAWNTTRCGYAAN_1_3	RSCGGAWNTTRCGYAAN	29345938_897	29345938	897	2025-08-21 13:47:02	puhti	COMPLETED	121	0:0	mariaosm	mariaosm	NA	1	1	01:58.979	10485760	6029	3-00:00:00	121	NA
898	ETV5_EOMES_CAP-SELEX_TACAAG40NTCC_AY_RNGTGNNNNNNNNNNNNNRCRCCGGAWSN_1_3	RNGTGNNNNNNNNNNNNNRCRCCGGAWSN	29345938_898	29345938	898	2025-08-21 13:47:02	puhti	CANCELLED	259209	0:0	mariaosm	mariaosm	NA	1	1	NA	10485760	9695991	3-00:00:00	259212	3-00:00:09
899	ETV5_EOMES_CAP-SELEX_TACAAG40NTCC_AY_TNRCACCGGAWN_1_3	TNRCACCGGAWN	29345938_899	29345938	899	2025-08-21 13:47:02	puhti	COMPLETED	46	0:0	mariaosm	mariaosm	NA	1	1	NA	10485760	654032	3-00:00:00	46	NA
900	ETV5_ETV7_CAP-SELEX_TGTTAC40NCGC_AY_NNGGAMGGATKTCCGSN_1_2	NNGGAMGGATKTCCGSN	29345938_900	29345938	900	2025-08-21 13:47:02	puhti	COMPLETED	145	0:0	mariaosm	mariaosm	NA	1	1	01:27.394	10485760	6028	3-00:00:00	145	NA
901	ETV5_FIGLA_CAP-SELEX_TCAGCC40NTTC_AY_RSCGGAARCAGGTGN_1_3	RSCGGAARCAGGTGN	29347707_1	29347707	1	2025-08-21 14:07:22	puhti	COMPLETED	110	0:0	mariaosm	mariaosm	NA	1	1	NA	10485760	5855	3-00:00:00	110	NA
902	ETV5_FOXI1_CAP-SELEX_TCTATA40NTAT_AY_GTMAACAGGAWRN_1_3b1	GTMAACAGGAWRN	29347707_2	29347707	2	2025-08-21 14:07:22	puhti	COMPLETED	84	0:0	mariaosm	mariaosm	NA	1	1	NA	10485760	758845	3-00:00:00	84	NA
903	ETV5_FOXI1_CAP-SELEX_TCTATA40NTAT_AY_RSCGGATGTTGN_1_3	RSCGGATGTTGN	29347707_3	29347707	3	2025-08-21 14:07:22	puhti	COMPLETED	84	0:0	mariaosm	mariaosm	NA	1	1	NA	10485760	759326	3-00:00:00	84	NA
904	ETV5_FOXI1_CAP-SELEX_TCTATA40NTAT_AY_TGTTGNCGGAWRN_1_3	TGTTGNCGGAWRN	29347707_4	29347707	4	2025-08-21 14:07:22	puhti	COMPLETED	85	0:0	mariaosm	mariaosm	NA	1	1	NA	10485760	759338	3-00:00:00	85	NA
905	ETV5_HOXA2_CAP-SELEX_TCGGCG40NACG_AY_RNCGGAWGTMATTA_1_3	RNCGGAWGTMATTA	29347707_5	29347707	5	2025-08-21 14:07:22	puhti	COMPLETED	30	0:0	mariaosm	mariaosm	NA	1	1	NA	10485760	3204	3-00:00:00	30	NA
906	ETV5_HOXA2_CAP-SELEX_TCGGCG40NACG_AY_RSCGGWAATKNNNNNNNNMATTA_2_3	RSCGGWAATKNNNNNNNNMATTA	29347707_6	29347707	6	2025-08-21 14:07:22	puhti	COMPLETED	198	0:0	mariaosm	mariaosm	NA	1	1	03:02.432	10485760	6075	3-00:00:00	199	NA
907	ETV5_HOXA2_CAP-SELEX_TCGGCG40NACG_AY_RSCGGWAATKR_1_3	RSCGGWAATKR	29347707_7	29347707	7	2025-08-21 14:07:22	puhti	COMPLETED	82	0:0	mariaosm	mariaosm	NA	1	1	01:18.410	10485760	5920	3-00:00:00	82	NA
908	FLI1_CEBPB_CAP-SELEX_TTCGGG40NGAG_AAC_RNCGGANNTTGCGCAAN_1_3	RNCGGANNTTGCGCAAN	29347707_8	29347707	8	2025-08-21 14:07:22	puhti	COMPLETED	21	0:0	mariaosm	mariaosm	NA	1	1	NA	10485760	3206	3-00:00:00	21	NA
909	FLI1_DRGX_CAP-SELEX_TCCCGC40NACA_AAC_NNCGGAWGYMATTAN_1_3	NNCGGAWGYMATTAN	29347707_9	29347707	9	2025-08-21 14:07:22	puhti	COMPLETED	61	0:0	mariaosm	mariaosm	NA	1	1	NA	10485760	764615	3-00:00:00	61	NA
910	FLI1_ETV7_CAP-SELEX_TTTACT40NACA_AAC_NSMGGACGGAYNTCCKSN_2_2	NSMGGACGGAYNTCCKSN	29347707_10	29347707	10	2025-08-21 14:07:22	puhti	COMPLETED	39	0:0	mariaosm	mariaosm	NA	1	1	NA	10485760	764135	3-00:00:00	39	NA
911	FLI1_FIGLA_CAP-SELEX_TTGTAC40NGTA_AAC_RSCGGAANCASSTGN_1_2	RSCGGAANCASSTGN	29359880_901	29359880	901	2025-08-22 11:30:57	puhti	COMPLETED	30	0:0	mariaosm	mariaosm	NA	1	1	NA	10485760	3276	3-00:00:00	30	NA
912	FLI1_FOXI1_CAP-SELEX_TACGGT40NTAC_AAC_GAAAACCGAAAN_1_3	GAAAACCGAAAN	29359880_902	29359880	902	2025-08-22 11:30:57	puhti	COMPLETED	25	0:0	mariaosm	mariaosm	NA	1	1	NA	10485760	3274	3-00:00:00	25	NA
913	FLI1_FOXI1_CAP-SELEX_TACGGT40NTAC_AAC_RCCGGATGTTKWY_1_3	RCCGGATGTTKWY	29359880_903	29359880	903	2025-08-22 11:30:57	puhti	COMPLETED	27	0:0	mariaosm	mariaosm	NA	1	1	NA	10485760	3210	3-00:00:00	27	NA
914	FLI1_FOXI1_CAP-SELEX_TACGGT40NTAC_AAC_RTAAACMGGAARYN_1_3	RTAAACMGGAARYN	29359880_904	29359880	904	2025-08-22 11:30:57	puhti	COMPLETED	30	0:0	mariaosm	mariaosm	NA	1	1	NA	10485760	3214	3-00:00:00	30	NA
915	FLI1_FOXI1_CAP-SELEX_TACGGT40NTAC_AAC_TGTTKMCGGAWRNN_1_3	TGTTKMCGGAWRNN	29359880_905	29359880	905	2025-08-22 11:30:57	puhti	COMPLETED	45	0:0	mariaosm	mariaosm	NA	1	1	NA	10485760	765506	3-00:00:00	45	NA
916	FLI1_MAX_CAP-SELEX_TACCAA40NTTA_AAC_RSCGGAANCACGTGN_1_3	RSCGGAANCACGTGN	29359880_906	29359880	906	2025-08-22 11:30:57	puhti	FAILED	249633	9:0	mariaosm	mariaosm	NA	1	1	NA	10485760	6298	3-00:00:00	249633	2-21:20:33
917	FOXJ2_ELF1_CAP-SELEX_TAAGAT40NATG_AAF_NWAAACAGGAAGNN_1_2	NWAAACAGGAAGNN	29359880_907	29359880	907	2025-08-22 11:30:57	puhti	COMPLETED	28	0:0	mariaosm	mariaosm	NA	1	1	NA	10485760	3270	3-00:00:00	28	NA
918	FOXJ2_ELF1_CAP-SELEX_TAAGAT40NATG_AAF_RMAGAAAACCGAANN_1_2	RMAGAAAACCGAANN	29359880_908	29359880	908	2025-08-22 11:30:57	puhti	COMPLETED	102	0:0	mariaosm	mariaosm	NA	1	1	01:29.955	10485760	5819	3-00:00:00	102	NA
919	FOXJ3_ELF1_CAP-SELEX_TCCGAT40NAGC_AAE_NNARAAAACCGAAWMN_1_2	NNARAAAACCGAAWMN	29359880_909	29359880	909	2025-08-22 11:30:57	puhti	COMPLETED	90	0:0	mariaosm	mariaosm	NA	1	1	01:18.142	10485760	5793	3-00:00:00	90	NA
920	FOXJ3_TBX21_CAP-SELEX_TCCTCC40NCTC_AAE_NNGYGNNNNNNNNWAACAACACNN_1_3	NNGYGNNNNNNNNWAACAACACNN	29359880_910	29359880	910	2025-08-22 11:30:57	puhti	COMPLETED	412	0:0	mariaosm	mariaosm	NA	1	1	06:26.836	10485760	5804	3-00:00:00	412	NA
921	FOXJ3_TBX21_CAP-SELEX_TCCTCC40NCTC_AAE_WAACAACACMY_1_3	WAACAACACMY	29359880_911	29359880	911	2025-08-22 11:30:57	puhti	COMPLETED	78	0:0	mariaosm	mariaosm	NA	1	1	NA	10485760	5753	3-00:00:00	78	NA
922	FOXO1_ELF1_CAP-SELEX_TTTCAC40NGTG_AS_NNGAAAACCGAANM_1_2	NNGAAAACCGAANM	29359880_912	29359880	912	2025-08-22 11:30:57	puhti	COMPLETED	39	0:0	mariaosm	mariaosm	NA	1	1	NA	10485760	763988	3-00:00:00	39	NA
923	FOXO1_ELF1_CAP-SELEX_TTTCAC40NGTG_AS_NTGTTGNCGGAARNN_1_3b1	NTGTTGNCGGAARNN	29359880_913	29359880	913	2025-08-22 11:30:57	puhti	COMPLETED	41	0:0	mariaosm	mariaosm	NA	1	1	NA	10485760	764443	3-00:00:00	41	NA
924	FOXO1_ELF1_CAP-SELEX_TTTCAC40NGTG_AS_RWMAACAGGAAGTN_1_2	RWMAACAGGAAGTN	29359880_914	29359880	914	2025-08-22 11:30:57	puhti	COMPLETED	47	0:0	mariaosm	mariaosm	NA	1	1	NA	10485760	764304	3-00:00:00	47	NA
925	FOXO1_ELK1_CAP-SELEX_TTCGCT40NCTT_AS_RSCGGATGTTRTN_1_2	RSCGGATGTTRTN	29359880_915	29359880	915	2025-08-22 11:30:57	puhti	COMPLETED	62	0:0	mariaosm	mariaosm	NA	1	1	NA	10485760	5762	3-00:00:00	62	NA
926	FOXO1_ELK1_CAP-SELEX_TTCGCT40NCTT_AS_RWYAACAGGAAGYN_1_2	RWYAACAGGAAGYN	29359880_916	29359880	916	2025-08-22 11:30:57	puhti	COMPLETED	36	0:0	mariaosm	mariaosm	NA	1	1	NA	10485760	5755	3-00:00:00	36	NA
927	FOXO1_ELK1_CAP-SELEX_TTCGCT40NCTT_AS_TGTTGCCGGANNN_1_2	TGTTGCCGGANNN	29359880_917	29359880	917	2025-08-22 11:30:57	puhti	COMPLETED	44	0:0	mariaosm	mariaosm	NA	1	1	NA	10485760	5747	3-00:00:00	44	NA
928	FOXO1_ELK3_CAP-SELEX_TTGGGT40NGGC_AS_RCCGGAWGTKKW_1_2	RCCGGAWGTKKW	29359880_918	29359880	918	2025-08-22 11:30:57	puhti	COMPLETED	49	0:0	mariaosm	mariaosm	NA	1	1	NA	10485760	767916	3-00:00:00	49	NA
929	FOXO1_ELK3_CAP-SELEX_TTGGGT40NGGC_AS_RTMAACAGGAAGTN_1_2	RTMAACAGGAAGTN	29359880_919	29359880	919	2025-08-22 11:30:57	puhti	COMPLETED	107	0:0	mariaosm	mariaosm	NA	1	1	01:37.044	10485760	5951	3-00:00:00	107	NA
930	FOXO1_ETV1_CAP-SELEX_TCCTGA40NCTC_AS_RCCGGAWGTKKN_1_2	RCCGGAWGTKKN	29359880_920	29359880	920	2025-08-22 11:30:57	puhti	CANCELLED	259208	0:0	mariaosm	mariaosm	NA	1	1	NA	10485760	9910917	3-00:00:00	259213	3-00:00:08
931	FOXO1_ETV7_CAP-SELEX_TTGGTG40NTAC_AS_RWMAACAGGNNNNNNTTCCNN_1_2	RWMAACAGGNNNNNNTTCCNN	29359880_921	29359880	921	2025-08-22 11:30:57	puhti	COMPLETED	25	0:0	mariaosm	mariaosm	NA	1	1	NA	10485760	3274	3-00:00:00	25	NA
932	GCM1_ELF1_CAP-SELEX_TTTCAC40NGTG_AX_GTGCGGGCGGAAGTN_2_3	GTGCGGGCGGAAGTN	29359880_922	29359880	922	2025-08-22 11:30:57	puhti	COMPLETED	42	0:0	mariaosm	mariaosm	NA	1	1	NA	10485760	5751	3-00:00:00	42	NA
933	GCM1_ELF1_CAP-SELEX_TTTCAC40NGTG_AX_NNMGGAARTGCKGGN_1_3	NNMGGAARTGCKGGN	29359880_923	29359880	923	2025-08-22 11:30:57	puhti	COMPLETED	101	0:0	mariaosm	mariaosm	NA	1	1	01:30.854	10485760	5766	3-00:00:00	101	NA
934	GCM1_ELF1_CAP-SELEX_TTTCAC40NGTG_AX_NRCCCRNNCGGAAGNN_1_3	NRCCCRNNCGGAAGNN	29359880_924	29359880	924	2025-08-22 11:30:57	puhti	COMPLETED	25	0:0	mariaosm	mariaosm	NA	1	1	NA	10485760	3278	3-00:00:00	25	NA
935	GCM1_ELK1_CAP-SELEX_TTCGCT40NCTT_AU_RKRNRGGCGGAARCGGAAGNN_2_3	RKRNRGGCGGAARCGGAAGNN	29359880_925	29359880	925	2025-08-22 11:30:57	puhti	COMPLETED	23	0:0	mariaosm	mariaosm	NA	1	1	NA	10485760	3208	3-00:00:00	23	NA
936	GCM1_ELK1_CAP-SELEX_TTCGCT40NCTT_AU_RTGCGGGCGGAAGTN_1_3	RTGCGGGCGGAAGTN	29359880_926	29359880	926	2025-08-22 11:30:57	puhti	COMPLETED	28	0:0	mariaosm	mariaosm	NA	1	1	NA	10485760	3208	3-00:00:00	28	NA
937	GCM1_ELK3_CAP-SELEX_TTGGGT40NGGC_AU_ACCCGCANCCGGAAGN_2_3	ACCCGCANCCGGAAGN	29359880_927	29359880	927	2025-08-22 11:30:57	puhti	COMPLETED	31	0:0	mariaosm	mariaosm	NA	1	1	NA	10485760	6110	3-00:00:00	31	NA
938	GCM1_ELK3_CAP-SELEX_TTGGGT40NGGC_AU_RTGCGGGCGGAAGTN_2_3	RTGCGGGCGGAAGTN	29359880_928	29359880	928	2025-08-22 11:30:57	puhti	COMPLETED	37	0:0	mariaosm	mariaosm	NA	1	1	NA	10485760	891577	3-00:00:00	37	NA
939	GCM1_ETV1_CAP-SELEX_TCCTGA40NCTC_AU_RTRNNGGCGGAAGTN_1_3	RTRNNGGCGGAAGTN	29359880_929	29359880	929	2025-08-22 11:30:57	puhti	COMPLETED	36	0:0	mariaosm	mariaosm	NA	1	1	NA	10485760	891975	3-00:00:00	36	NA
940	GCM1_ETV4_CAP-SELEX_TCCGTA40NGCC_AX_RTGCGGGCGGAAGTR_2_3	RTGCGGGCGGAAGTR	29359880_930	29359880	930	2025-08-22 11:30:57	puhti	COMPLETED	31	0:0	mariaosm	mariaosm	NA	1	1	NA	10485760	5765	3-00:00:00	31	NA
941	GCM1_ETV7_CAP-SELEX_TTGGTG40NTAC_AU_NTNNNGGCGGAAGNNNTTCCNNN_2_3	NTNNNGGCGGAAGNNNTTCCNNN	29359880_931	29359880	931	2025-08-22 11:30:57	puhti	CANCELLED	259208	0:0	mariaosm	mariaosm	NA	1	1	NA	10485760	8129769	3-00:00:00	259211	3-00:00:08
942	GCM1_FIGLA_CAP-SELEX_TCGAAC40NGAT_AU_CASSTGNNCCCGCAY_1_2	CASSTGNNCCCGCAY	29359880_932	29359880	932	2025-08-22 11:30:57	puhti	COMPLETED	25	0:0	mariaosm	mariaosm	NA	1	1	NA	10485760	3274	3-00:00:00	25	NA
943	GCM1_FOXI1_CAP-SELEX_TAGTCA40NTCT_AU_NTGTTGATRNGGGN_1_3	NTGTTGATRNGGGN	29359880_933	29359880	933	2025-08-22 11:30:57	puhti	COMPLETED	90	0:0	mariaosm	mariaosm	NA	1	1	01:19.257	10485760	5882	3-00:00:00	90	NA
944	GCM1_FOXI1_CAP-SELEX_TAGTCA40NTCT_AU_RTAAATANGGGNN_1_2	RTAAATANGGGNN	29359880_934	29359880	934	2025-08-22 11:30:57	puhti	COMPLETED	555	0:0	mariaosm	mariaosm	NA	1	1	09:02.713	10485760	5938	3-00:00:00	555	NA
945	GCM1_FOXO1_CAP-SELEX_TATGGT40NATA_AU_RTMAATAMGGGYRN_1_3b0	RTMAATAMGGGYRN	29359880_935	29359880	935	2025-08-22 11:30:57	puhti	COMPLETED	472	0:0	mariaosm	mariaosm	NA	1	1	07:40.134	10485760	5844	3-00:00:00	473	NA
946	GCM1_HOXA13_CAP-SELEX_TCCACT40NTGT_AU_RKRNGGGNNATAAA_1_2	RKRNGGGNNATAAA	29359880_936	29359880	936	2025-08-22 11:30:57	puhti	COMPLETED	25	0:0	mariaosm	mariaosm	NA	1	1	NA	10485760	3270	3-00:00:00	25	NA
947	GCM1_HOXB13_CAP-SELEX_TGCGAC40NGGT_AU_RTRNGGGTNNTAAAN_1_2	RTRNGGGTNNTAAAN	29359880_937	29359880	937	2025-08-22 11:30:57	puhti	COMPLETED	26	0:0	mariaosm	mariaosm	NA	1	1	NA	10485760	3270	3-00:00:00	26	NA
948	GCM1_MAX_CAP-SELEX_TTAGTC40NTCC_AU_NNCACGTGNNNGCGGGYN_1_3	NNCACGTGNNNGCGGGYN	29359880_938	29359880	938	2025-08-22 11:30:57	puhti	COMPLETED	24	0:0	mariaosm	mariaosm	NA	1	1	NA	10485760	3276	3-00:00:00	24	NA
949	GCM1_ONECUT2_CAP-SELEX_TCCAGG40NTAG_AU_RTGCGGGNNATCGATR_1_3	RTGCGGGNNATCGATR	29359880_939	29359880	939	2025-08-22 11:30:57	puhti	COMPLETED	58	0:0	mariaosm	mariaosm	NA	1	1	NA	10485760	5756	3-00:00:00	58	NA
950	GCM1_SPDEF_CAP-SELEX_TTCTAC40NCGA_AU_RTRSKGGCGGANNNNNATCCNNN_2_3u	RTRSKGGCGGANNNNNATCCNNN	29359880_940	29359880	940	2025-08-22 11:30:57	puhti	COMPLETED	24	0:0	mariaosm	mariaosm	NA	1	1	NA	10485760	3309	3-00:00:00	24	NA
951	GCM1_SPDEF_CAP-SELEX_TTCTAC40NCGA_AU_RTRSKGGCGGANNNNNNATCCNNN_2_3u	RTRSKGGCGGANNNNNNATCCNNN	29359880_941	29359880	941	2025-08-22 11:30:57	puhti	CANCELLED	259208	0:0	mariaosm	mariaosm	NA	1	1	NA	10485760	9809885	3-00:00:00	259212	3-00:00:08
952	GCM1_TBX21_CAP-SELEX_TCCTAT40NAGA_AU_AGGTGTNRTRCGGGNN_1_3	AGGTGTNRTRCGGGNN	29359880_942	29359880	942	2025-08-22 11:30:57	puhti	COMPLETED	43	0:0	mariaosm	mariaosm	NA	1	1	NA	10485760	5793	3-00:00:00	43	NA
953	GCM2_DRGX_CAP-SELEX_TGAGTG40NTGA_AAB_RTRSGGGNAATTAN_1_3	RTRSGGGNAATTAN	29359880_943	29359880	943	2025-08-22 11:30:57	puhti	COMPLETED	45	0:0	mariaosm	mariaosm	NA	1	1	NA	10485760	5734	3-00:00:00	45	NA
954	GCM2_DRGX_CAP-SELEX_TGAGTG40NTGA_AAB_RTRSGGGNNAATTAN_1_3	RTRSGGGNNAATTAN	29359880_944	29359880	944	2025-08-22 11:30:57	puhti	COMPLETED	42	0:0	mariaosm	mariaosm	NA	1	1	NA	10485760	5737	3-00:00:00	42	NA
955	GCM2_ELK1_CAP-SELEX_TGACGA40NGCA_AAB_NNRNGGGCGGAARTN_1_3	NNRNGGGCGGAARTN	29359880_945	29359880	945	2025-08-22 11:30:57	puhti	COMPLETED	43	0:0	mariaosm	mariaosm	NA	1	1	NA	10485760	5748	3-00:00:00	43	NA
956	GCM2_EOMES_CAP-SELEX_TGTCGT40NGCG_AAB_RTGCGGGNAGGTGNNN_1_3	RTGCGGGNAGGTGNNN	29359880_946	29359880	946	2025-08-22 11:30:57	puhti	COMPLETED	97	0:0	mariaosm	mariaosm	NA	1	1	01:27.715	10485760	5744	3-00:00:00	97	NA
957	GCM2_FIGLA_CAP-SELEX_TCTCTT40NTCG_AAB_RTRCGGGNNCASSTG_1_3	RTRCGGGNNCASSTG	29359880_947	29359880	947	2025-08-22 11:30:57	puhti	COMPLETED	174	0:0	mariaosm	mariaosm	NA	1	1	02:44.780	10485760	5790	3-00:00:00	174	NA
958	GCM2_FOXI1_CAP-SELEX_TGTGTC40NTGG_AAB_RTAAATANGGGNN_1_3	RTAAATANGGGNN	29359880_948	29359880	948	2025-08-22 11:30:57	puhti	COMPLETED	1467	0:0	mariaosm	mariaosm	NA	1	1	24:09.531	10485760	5777	3-00:00:00	1467	NA
959	GCM2_FOXI1_CAP-SELEX_TGTGTC40NTGG_AAB_TGTTKATRCGGGN_1_3	TGTTKATRCGGGN	29359880_949	29359880	949	2025-08-22 11:30:57	puhti	COMPLETED	71	0:0	mariaosm	mariaosm	NA	1	1	NA	10485760	5788	3-00:00:00	71	NA
960	GCM2_HOXA13_CAP-SELEX_TCTAAT40NAAG_AAB_RTRCGGGTAATAAAN_2_3	RTRCGGGTAATAAAN	29359880_950	29359880	950	2025-08-22 11:30:57	puhti	CANCELLED	259208	0:0	mariaosm	mariaosm	NA	1	1	NA	10485760	9773871	3-00:00:00	259212	3-00:00:08
961	GCM2_PITX1_CAP-SELEX_TCTTTC40NTTG_AAB_RTRCGGGNNGATTA_1_3	RTRCGGGNNGATTA	29359880_951	29359880	951	2025-08-22 11:30:57	puhti	CANCELLED	259208	0:0	mariaosm	mariaosm	NA	1	1	NA	10485760	9545442	3-00:00:00	259212	3-00:00:08
962	GCM2_PITX1_CAP-SELEX_TCTTTC40NTTG_AAB_RTRCGGGSGATTAN_1_3	RTRCGGGSGATTAN	29359880_952	29359880	952	2025-08-22 11:30:57	puhti	COMPLETED	107	0:0	mariaosm	mariaosm	NA	1	1	01:03.050	10485760	5824	3-00:00:00	107	NA
963	GCM2_TBX21_CAP-SELEX_TGTTCA40NCTG_AAB_AGGTGTNNNGSGGGN_1_3	AGGTGTNNNGSGGGN	29359880_953	29359880	953	2025-08-22 11:30:57	puhti	COMPLETED	38	0:0	mariaosm	mariaosm	NA	1	1	NA	10485760	6437	3-00:00:00	38	NA
964	GCM2_TBX21_CAP-SELEX_TGTTCA40NCTG_AAB_NNNCGGGNNNGGTGTNN_1_3	NNNCGGGNNNGGTGTNN	29359880_954	29359880	954	2025-08-22 11:30:57	puhti	COMPLETED	101	0:0	mariaosm	mariaosm	NA	1	1	01:31.664	10485760	5837	3-00:00:00	101	NA
965	HOXA3_EOMES_CAP-SELEX_TGCACG40NTTG_AY_TAATKAGGTGNKA_1_2	TAATKAGGTGNKA	29359880_955	29359880	955	2025-08-22 11:30:57	puhti	COMPLETED	168	0:0	mariaosm	mariaosm	NA	1	1	02:38.388	10485760	5892	3-00:00:00	168	NA
966	HOXB2_ELF1_CAP-SELEX_TTTAGG40NTCT_AY_SMGGAAGTMRTTA_1_3	SMGGAAGTMRTTA	29359880_956	29359880	956	2025-08-22 11:30:57	puhti	COMPLETED	108	0:0	mariaosm	mariaosm	NA	1	1	01:38.050	10485760	5837	3-00:00:00	108	NA
967	HOXB2_ELK1_CAP-SELEX_TATGCT40NACT_AY_RSCGGAAGTMRTTA_1_3	RSCGGAAGTMRTTA	29359880_957	29359880	957	2025-08-22 11:30:57	puhti	COMPLETED	65	0:0	mariaosm	mariaosm	NA	1	1	NA	10485760	5829	3-00:00:00	65	NA
968	HOXB2_ELK1_CAP-SELEX_TATGCT40NACT_AY_TAATKRCCGGAAGNN_1_3	TAATKRCCGGAAGNN	29359880_958	29359880	958	2025-08-22 11:30:57	puhti	COMPLETED	38	0:0	mariaosm	mariaosm	NA	1	1	NA	10485760	5874	3-00:00:00	38	NA
969	HOXB2_EOMES_CAP-SELEX_TCAGCA40NCTC_AY_RGGTGTTAATKN_1_2	RGGTGTTAATKN	29359880_959	29359880	959	2025-08-22 11:30:57	puhti	COMPLETED	27	0:0	mariaosm	mariaosm	NA	1	1	NA	10485760	3268	3-00:00:00	28	NA
970	HOXB2_EOMES_CAP-SELEX_TCAGCA40NCTC_AY_TAATKRGGTGYKA_1_3	TAATKRGGTGYKA	29359880_960	29359880	960	2025-08-22 11:30:57	puhti	COMPLETED	27	0:0	mariaosm	mariaosm	NA	1	1	NA	10485760	3204	3-00:00:00	28	NA
971	HOXB2_ETV1_CAP-SELEX_TGTATA40NGGT_AY_ACCGGAAATGA_2_2	ACCGGAAATGA	29359880_961	29359880	961	2025-08-22 11:30:57	puhti	COMPLETED	34	0:0	mariaosm	mariaosm	NA	1	1	NA	10485760	6061	3-00:00:00	34	NA
972	HOXB2_ETV4_CAP-SELEX_TCCGGG40NCTC_AY_ACCGGAAATGAN_2_2	ACCGGAAATGAN	29359880_962	29359880	962	2025-08-22 11:30:57	puhti	COMPLETED	29	0:0	mariaosm	mariaosm	NA	1	1	NA	10485760	3208	3-00:00:00	29	NA
973	HOXB2_HOXB13_CAP-SELEX_TGTGCA40NCCG_AY_NNATCATNGTAAA_1_3	NNATCATNGTAAA	29359880_963	29359880	963	2025-08-22 11:30:57	puhti	COMPLETED	81	0:0	mariaosm	mariaosm	NA	1	1	01:16.681	10485760	6288	3-00:00:00	81	NA
974	HOXB2_HOXB13_CAP-SELEX_TGTGCA40NCCG_AY_NNCGTAAAATTA_1_3	NNCGTAAAATTA	29359880_964	29359880	964	2025-08-22 11:30:57	puhti	COMPLETED	13614	0:0	mariaosm	mariaosm	NA	1	1	03:45:24	10485760	6537	3-00:00:00	13614	03:46:53
975	HOXB2_HOXB13_CAP-SELEX_TGTGCA40NCCG_AY_NNMATCACATAAAN_1_3	NNMATCACATAAAN	29359880_965	29359880	965	2025-08-22 11:30:57	puhti	COMPLETED	19	0:0	mariaosm	mariaosm	NA	1	1	NA	10485760	3268	3-00:00:00	19	NA
976	HOXB2_PAX1_CAP-SELEX_TGAACT40NAAG_AY_NNGTCACGNNTCATTNN_1_3	NNGTCACGNNTCATTNN	29359880_966	29359880	966	2025-08-22 11:30:57	puhti	COMPLETED	19	0:0	mariaosm	mariaosm	NA	1	1	NA	10485760	3206	3-00:00:00	19	NA
977	HOXB2_PAX1_CAP-SELEX_TGAACT40NAAG_AY_NNMATTAGTCACGCWTSRNTG_2_3	NNMATTAGTCACGCWTSRNTG	29359880_967	29359880	967	2025-08-22 11:30:57	puhti	COMPLETED	19	0:0	mariaosm	mariaosm	NA	1	1	NA	10485760	3206	3-00:00:00	19	NA
978	HOXB2_PAX5_CAP-SELEX_TGGTAT40NTGA_AY_NNGTCACGCNNCATTAN_1_2	NNGTCACGCNNCATTAN	29359880_968	29359880	968	2025-08-22 11:30:57	puhti	COMPLETED	25	0:0	mariaosm	mariaosm	NA	1	1	NA	10485760	3270	3-00:00:00	25	NA
979	HOXB2_PAX5_CAP-SELEX_TGGTAT40NTGA_AY_NNMATTAGTCACGCWTSRNTG_2_3	NNMATTAGTCACGCWTSRNTG	29359880_969	29359880	969	2025-08-22 11:30:57	puhti	COMPLETED	18	0:0	mariaosm	mariaosm	NA	1	1	NA	10485760	3206	3-00:00:00	18	NA
980	HOXB2_PAX9_CAP-SELEX_TTAAAT40NAAT_AY_NNMATTAGTCACGCWTSRNTG_2_3	NNMATTAGTCACGCWTSRNTG	29359880_970	29359880	970	2025-08-22 11:30:57	puhti	COMPLETED	20	0:0	mariaosm	mariaosm	NA	1	1	NA	10485760	3270	3-00:00:00	20	NA
981	HOXB2_PAX9_CAP-SELEX_TTAAAT40NAAT_AY_SGTCACGCNTCATTNN_1_3	SGTCACGCNTCATTNN	29359880_971	29359880	971	2025-08-22 11:30:57	puhti	COMPLETED	18	0:0	mariaosm	mariaosm	NA	1	1	NA	10485760	3272	3-00:00:00	18	NA
982	HOXB2_TBX21_CAP-SELEX_TGTAGC40NCCT_AY_NAGGTGNTAATKR_1_2	NAGGTGNTAATKR	29359880_972	29359880	972	2025-08-22 11:30:57	puhti	COMPLETED	18	0:0	mariaosm	mariaosm	NA	1	1	NA	10485760	3272	3-00:00:00	18	NA
983	HOXB2_TBX21_CAP-SELEX_TGTAGC40NCCT_AY_NGGTGTGNNNNNTMATTWGCRN_2_3	NGGTGTGNNNNNTMATTWGCRN	29359880_973	29359880	973	2025-08-22 11:30:57	puhti	COMPLETED	26	0:0	mariaosm	mariaosm	NA	1	1	NA	10485760	3206	3-00:00:00	26	NA
984	HOXB2_TBX21_CAP-SELEX_TGTAGC40NCCT_AY_TAATKRGGTGYKA_1_3	TAATKRGGTGYKA	29359880_974	29359880	974	2025-08-22 11:30:57	puhti	COMPLETED	20	0:0	mariaosm	mariaosm	NA	1	1	NA	10485760	3272	3-00:00:00	20	NA
985	HOXB2_TBX3_CAP-SELEX_TGGCTA40NTCC_AY_AGGTGTTAATKN_1_2	AGGTGTTAATKN	29359880_975	29359880	975	2025-08-22 11:30:57	puhti	COMPLETED	38	0:0	mariaosm	mariaosm	NA	1	1	NA	10485760	6001	3-00:00:00	38	NA
986	HOXD12_ELK1_CAP-SELEX_TTCGCT40NCTT_AAB_NRSCGGAAGNNGTAAAN_1_2	NRSCGGAAGNNGTAAAN	29359880_976	29359880	976	2025-08-22 11:30:57	puhti	COMPLETED	698	0:0	mariaosm	mariaosm	NA	1	1	11:30.302	10485760	6359	3-00:00:00	698	NA
987	HOXD12_ELK1_CAP-SELEX_TTCGCT40NCTT_AAB_RSCGGAAGTAATAAAN_1_3	RSCGGAAGTAATAAAN	29359880_977	29359880	977	2025-08-22 11:30:57	puhti	COMPLETED	250	0:0	mariaosm	mariaosm	NA	1	1	04:04.829	10485760	6153	3-00:00:00	250	NA
988	HOXD12_ELK3_CAP-SELEX_TTGGGT40NGGC_AAB_NTTTAYNNCCGGAARNN_1_2	NTTTAYNNCCGGAARNN	29359880_978	29359880	978	2025-08-22 11:30:57	puhti	COMPLETED	201	0:0	mariaosm	mariaosm	NA	1	1	03:15.954	10485760	6069	3-00:00:00	201	NA
989	HOXD12_ELK3_CAP-SELEX_TTGGGT40NGGC_AAB_RSCGGAAGTAATAAAN_1_2	RSCGGAAGTAATAAAN	29359880_979	29359880	979	2025-08-22 11:30:57	puhti	COMPLETED	237	0:0	mariaosm	mariaosm	NA	1	1	03:52.960	10485760	5788	3-00:00:00	237	NA
990	HOXD12_ELK3_CAP-SELEX_TTGGGT40NGGC_AAB_RSCGGAAGTCGTAAAN_1_2	RSCGGAAGTCGTAAAN	29359880_980	29359880	980	2025-08-22 11:30:57	puhti	COMPLETED	199	0:0	mariaosm	mariaosm	NA	1	1	03:15.843	10485760	6064	3-00:00:00	199	NA
991	HOXD12_EOMES_CAP-SELEX_TGAGTC40NAAC_AAB_AGGYGYGANNNNNNNNNNNNNNNTCRTWAA_2_3	AGGYGYGANNNNNNNNNNNNNNNTCRTWAA	29359880_981	29359880	981	2025-08-22 11:30:57	puhti	COMPLETED	37	0:0	mariaosm	mariaosm	NA	1	1	NA	10485760	5811	3-00:00:00	37	NA
992	HOXD12_EOMES_CAP-SELEX_TGAGTC40NAAC_AAB_NNNACGANNNNNNTCGTNNN_1_3u	NNNACGANNNNNNTCGTNNN	29359880_982	29359880	982	2025-08-22 11:30:57	puhti	COMPLETED	23	0:0	mariaosm	mariaosm	NA	1	1	NA	10485760	3212	3-00:00:00	23	NA
993	HOXD12_EOMES_CAP-SELEX_TGAGTC40NAAC_AAB_TMRCACCTCRTWAA_2_3	TMRCACCTCRTWAA	29359880_983	29359880	983	2025-08-22 11:30:57	puhti	COMPLETED	60271	0:0	mariaosm	mariaosm	NA	1	1	16:32:47	10485760	5858	3-00:00:00	60271	16:44:31
994	HOXD12_ETV1_CAP-SELEX_TCCTGA40NCTC_AAB_RSCGGAAGTAATAAAN_1_3	RSCGGAAGTAATAAAN	29359880_984	29359880	984	2025-08-22 11:30:57	puhti	COMPLETED	17	0:0	mariaosm	mariaosm	NA	1	1	NA	10485760	3206	3-00:00:00	17	NA
995	HOXD12_ETV1_CAP-SELEX_TCCTGA40NCTC_AAB_RSCGGAAGTNGTAAAN_1_3	RSCGGAAGTNGTAAAN	29359880_985	29359880	985	2025-08-22 11:30:57	puhti	COMPLETED	19	0:0	mariaosm	mariaosm	NA	1	1	NA	10485760	3268	3-00:00:00	19	NA
996	HOXD12_ETV4_CAP-SELEX_TCCGTA40NGCC_AAB_RSCGGAAGTAATAAAN_1_3	RSCGGAAGTAATAAAN	29359880_986	29359880	986	2025-08-22 11:30:57	puhti	COMPLETED	204	0:0	mariaosm	mariaosm	NA	1	1	03:18.465	10485760	5787	3-00:00:00	204	NA
997	HOXD12_ETV4_CAP-SELEX_TCCGTA40NGCC_AAB_RSCGGAAGTCGTAAAN_1_3	RSCGGAAGTCGTAAAN	29359880_987	29359880	987	2025-08-22 11:30:57	puhti	COMPLETED	20	0:0	mariaosm	mariaosm	NA	1	1	NA	10485760	3274	3-00:00:00	20	NA
998	HOXD12_TBX21_CAP-SELEX_TCCTAT40NAGA_AAB_AGGTGTKAAGTCGTAAA_2_2	AGGTGTKAAGTCGTAAA	29359880_988	29359880	988	2025-08-22 11:30:57	puhti	COMPLETED	690	0:0	mariaosm	mariaosm	NA	1	1	11:23.213	10485760	5772	3-00:00:00	690	NA
999	HOXD12_TBX21_CAP-SELEX_TCCTAT40NAGA_AAB_NGGTGTNNNNNNNNNNNNNCACNTNNTWAN_1_2	NGGTGTNNNNNNNNNNNNNCACNTNNTWAN	29359880_989	29359880	989	2025-08-22 11:30:57	puhti	COMPLETED	20	0:0	mariaosm	mariaosm	NA	1	1	NA	10485760	3278	3-00:00:00	20	NA
1000	HOXD12_TBX21_CAP-SELEX_TCCTAT40NAGA_AAB_YNRCACSTCGTWAA_1_2	YNRCACSTCGTWAA	29359880_990	29359880	990	2025-08-22 11:30:57	puhti	COMPLETED	18	0:0	mariaosm	mariaosm	NA	1	1	NA	10485760	3276	3-00:00:00	18	NA
1001	MEIS1_DLX2_CAP-SELEX_TCCGCA40NCGC_AT_TGACANNNTAATKR_1_2	TGACANNNTAATKR	29359880_991	29359880	991	2025-08-22 11:30:57	puhti	FAILED	235743	9:0	mariaosm	mariaosm	NA	1	1	NA	10485760	5919	3-00:00:00	235743	2-17:29:03
1002	MEIS1_DRGX_CAP-SELEX_TAGGTG40NTGT_AT_TGACASTAATKR_1_2	TGACASTAATKR	29359880_992	29359880	992	2025-08-22 11:30:57	puhti	CANCELLED	259220	0:0	mariaosm	mariaosm	NA	1	1	NA	10485760	9498769	3-00:00:00	259224	3-00:00:20
1003	MEIS1_DRGX_CAP-SELEX_TAGGTG40NTGT_AT_TGTCAATTA_1_3	TGTCAATTA	29359880_993	29359880	993	2025-08-22 11:30:57	puhti	COMPLETED	18	0:0	mariaosm	mariaosm	NA	1	1	NA	10485760	3268	3-00:00:00	18	NA
1004	MEIS1_ELF1_CAP-SELEX_TCCGAT40NAGC_AT_NTGCCGGAAGTN_1_2	NTGCCGGAAGTN	29359880_994	29359880	994	2025-08-22 11:30:57	puhti	COMPLETED	19	0:0	mariaosm	mariaosm	NA	1	1	NA	10485760	3268	3-00:00:00	19	NA
1005	MEIS1_EOMES_CAP-SELEX_TCCCGA40NGCC_AT_AGGTGTTGACAN_1_3b0	AGGTGTTGACAN	29359880_995	29359880	995	2025-08-22 11:30:57	puhti	COMPLETED	29	0:0	mariaosm	mariaosm	NA	1	1	NA	10485760	3278	3-00:00:00	29	NA
1006	MEIS1_EVX1_CAP-SELEX_TCAAAA40NAAA_AT_TGACANNNNNTCATTA_1_3	TGACANNNNNTCATTA	29359880_996	29359880	996	2025-08-22 11:30:57	puhti	COMPLETED	18	0:0	mariaosm	mariaosm	NA	1	1	NA	10485760	3212	3-00:00:00	18	NA
1007	MEIS1_HOXA13_CAP-SELEX_TACAAA40NAAC_AT_SYNRTAAANNTGTCA_1_3	SYNRTAAANNTGTCA	29359880_997	29359880	997	2025-08-22 11:30:57	puhti	COMPLETED	17	0:0	mariaosm	mariaosm	NA	1	1	NA	10485760	3272	3-00:00:00	17	NA
1008	MEIS1_ONECUT2_CAP-SELEX_TCCCTC40NTCC_AT_TGACAGNWAATCRATR_2_3	TGACAGNWAATCRATR	29359880_998	29359880	998	2025-08-22 11:30:57	puhti	COMPLETED	15	0:0	mariaosm	mariaosm	NA	1	1	NA	10485760	3270	3-00:00:00	15	NA
1009	MEIS2_ONECUT2_CAP-SELEX_TGTTTC40NTTA_AAA_NTGACAGNTAATCRATAN_2_2	NTGACAGNTAATCRATAN	29359880_999	29359880	999	2025-08-22 11:30:57	puhti	FAILED	244264	9:0	mariaosm	mariaosm	NA	1	1	NA	10485760	5956	3-00:00:00	244264	2-19:51:04
1010	MGA_DLX2_CAP-SELEX_TGCGGT40NTCA_AAD_AGGTGNTAATTR_1_2u	AGGTGNTAATTR	29359880_1000	29359880	1000	2025-08-22 11:30:57	puhti	COMPLETED	24	0:0	mariaosm	mariaosm	NA	1	1	NA	10485760	3276	3-00:00:00	24	NA
1011	MGA_DLX2_CAP-SELEX_TGCGGT40NTCA_AAD_SYAATTANWGGTGYGA_2_2	SYAATTANWGGTGYGA	29347902_11	29347902	11	2025-08-21 14:08:43	puhti	COMPLETED	24	0:0	mariaosm	mariaosm	NA	1	1	NA	10485760	3276	3-00:00:00	24	NA
1012	MGA_DLX3_CAP-SELEX_TGGGTG40NGGA_AAD_AGGTGNTAATKR_1_2	AGGTGNTAATKR	29347902_12	29347902	12	2025-08-21 14:08:43	puhti	COMPLETED	16	0:0	mariaosm	mariaosm	NA	1	1	NA	10485760	3276	3-00:00:00	16	NA
1013	MGA_DLX3_CAP-SELEX_TGGGTG40NGGA_AAD_YNATTANRGGTGTGAN_1_2	YNATTANRGGTGTGAN	29347902_13	29347902	13	2025-08-21 14:08:43	puhti	COMPLETED	53	0:0	mariaosm	mariaosm	NA	1	1	NA	10485760	5795	3-00:00:00	53	NA
1014	MGA_EVX1_CAP-SELEX_TCGTGA40NGTC_AAD_AGGTGNTAATKW_1_2	AGGTGNTAATKW	29347902_14	29347902	14	2025-08-21 14:08:43	puhti	COMPLETED	16	0:0	mariaosm	mariaosm	NA	1	1	NA	10485760	3276	3-00:00:00	16	NA
1015	MGA_EVX1_CAP-SELEX_TCGTGA40NGTC_AAD_AGGTGNTAATKWNNNNTN_1_2	AGGTGNTAATKWNNNNTN	29347902_15	29347902	15	2025-08-21 14:08:43	puhti	COMPLETED	2688	0:0	mariaosm	mariaosm	NA	1	1	44:31.226	10485760	5860	3-00:00:00	2688	NA
1016	MGA_PITX1_CAP-SELEX_TTCATT40NTAT_AAD_RGGTGNTAAKCCN_1_2	RGGTGNTAAKCCN	29347902_16	29347902	16	2025-08-21 14:08:43	puhti	COMPLETED	23	0:0	mariaosm	mariaosm	NA	1	1	NA	10485760	3276	3-00:00:00	23	NA
1017	MYBL1_ELF1_CAP-SELEX_TATGAC40NTCA_AX_NMCCGGAACCGTTR_1_3b0	NMCCGGAACCGTTR	29347902_17	29347902	17	2025-08-21 14:08:43	puhti	COMPLETED	17	0:0	mariaosm	mariaosm	NA	1	1	NA	10485760	3212	3-00:00:00	17	NA
1018	MYBL1_EOMES_CAP-SELEX_TACAAG40NTCC_AX_NNSYGNCNAACNNNNNNCACRCNN_1_3	NNSYGNCNAACNNNNNNCACRCNN	29347902_18	29347902	18	2025-08-21 14:08:43	puhti	CANCELLED	259214	0:0	mariaosm	mariaosm	NA	1	1	NA	10485760	9802727	3-00:00:00	259217	3-00:00:14
1019	MYBL1_EOMES_CAP-SELEX_TACAAG40NTCC_AX_RSGTGNNNAACGK_1_3	RSGTGNNNAACGK	29347902_19	29347902	19	2025-08-21 14:08:43	puhti	COMPLETED	73	0:0	mariaosm	mariaosm	NA	1	1	01:11.822	10485760	5913	3-00:00:00	73	NA
1020	MYBL1_TBX21_CAP-SELEX_TTTCTG40NTAG_AX_AGGTGTGNCSGTTR_2_2	AGGTGTGNCSGTTR	29347902_20	29347902	20	2025-08-21 14:08:43	puhti	COMPLETED	17	0:0	mariaosm	mariaosm	NA	1	1	NA	10485760	3270	3-00:00:00	17	NA
1021	PBX4_HOXA1_CAP-SELEX_TTCTGT40NAAC_AS_NYNATMAATCA_1_2	NYNATMAATCA	29347902_21	29347902	21	2025-08-21 14:08:43	puhti	COMPLETED	21	0:0	mariaosm	mariaosm	NA	1	1	NA	10485760	3270	3-00:00:00	21	NA
1022	PBX4_HOXA10_CAP-SELEX_TGACAA40NACT_AS_CCATAAATCA_1_2	CCATAAATCA	29347902_22	29347902	22	2025-08-21 14:08:43	puhti	COMPLETED	15	0:0	mariaosm	mariaosm	NA	1	1	NA	10485760	3268	3-00:00:00	15	NA
1023	PBX4_HOXA10_CAP-SELEX_TGACAA40NACT_AS_NTCGTAAATCA_1_2	NTCGTAAATCA	29347902_23	29347902	23	2025-08-21 14:08:43	puhti	COMPLETED	16	0:0	mariaosm	mariaosm	NA	1	1	NA	10485760	3270	3-00:00:00	16	NA
1024	PBX4_HOXA10_CAP-SELEX_TGACAA40NACT_AS_YNNRTAAATCAATCA_2_2	YNNRTAAATCAATCA	29347902_24	29347902	24	2025-08-21 14:08:43	puhti	COMPLETED	25	0:0	mariaosm	mariaosm	NA	1	1	NA	10485760	3204	3-00:00:00	25	NA
1025	POU2F1_ELK1_CAP-SELEX_TGACGA40NGCA_AS_NCCGGATATGCAN_1_2u	NCCGGATATGCAN	29347902_25	29347902	25	2025-08-21 14:08:43	puhti	COMPLETED	31	0:0	mariaosm	mariaosm	NA	1	1	NA	10485760	3206	3-00:00:00	31	NA
1026	POU2F1_EOMES_CAP-SELEX_TGTCGT40NGCG_AS_NTATKCAGYGTNA_1_2	NTATKCAGYGTNA	29347902_26	29347902	26	2025-08-21 14:08:43	puhti	COMPLETED	20	0:0	mariaosm	mariaosm	NA	1	1	NA	10485760	3272	3-00:00:00	20	NA
1027	POU2F1_EOMES_CAP-SELEX_TGTCGT40NGCG_AS_RGTGTNNNAATATKNN_1_2	RGTGTNNNAATATKNN	29347902_27	29347902	27	2025-08-21 14:08:43	puhti	COMPLETED	544	0:0	mariaosm	mariaosm	NA	1	1	08:59.111	10485760	5939	3-00:00:00	544	NA
1028	POU2F1_ETV1_CAP-SELEX_TGCGAA40NAGC_AS_NCCGGATATGCAN_1_2u	NCCGGATATGCAN	29347902_28	29347902	28	2025-08-21 14:08:43	puhti	COMPLETED	17	0:0	mariaosm	mariaosm	NA	1	1	NA	10485760	3270	3-00:00:00	17	NA
1029	POU2F1_ETV4_CAP-SELEX_TAGAAC40NAAT_AX_NCCGGATATGCAN_1_2	NCCGGATATGCAN	29347902_29	29347902	29	2025-08-21 14:08:43	puhti	COMPLETED	17	0:0	mariaosm	mariaosm	NA	1	1	NA	10485760	3270	3-00:00:00	17	NA
1030	POU2F1_ETV4_CAP-SELEX_TAGAAC40NAAT_AX_NCCGGATATGCAN_1_2_v2	NCCGGATATGCAN	29347902_30	29347902	30	2025-08-21 14:08:43	puhti	COMPLETED	17	0:0	mariaosm	mariaosm	NA	1	1	NA	10485760	3210	3-00:00:00	17	NA
1031	POU2F1_GSC2_CAP-SELEX_TGCCAT40NACC_AS_NNGATTANNNATGCAWNNN_1_2	NNGATTANNNATGCAWNNN	29347902_31	29347902	31	2025-08-21 14:08:43	puhti	COMPLETED	37992	0:0	mariaosm	mariaosm	NA	1	1	10:29:25	10485760	5918	3-00:00:00	37992	10:33:12
1032	POU2F1_HOXB13_CAP-SELEX_TACATT40NTAC_AX_NRMATATACCAATAAA_2_2	NRMATATACCAATAAA	29347902_32	29347902	32	2025-08-21 14:08:43	puhti	COMPLETED	72	0:0	mariaosm	mariaosm	NA	1	1	NA	10485760	877181	3-00:00:00	72	NA
1033	POU2F1_SOX15_CAP-SELEX_TCGCCA40NCCT_AS_WTGMATAACAATR_1_2	WTGMATAACAATR	29347902_33	29347902	33	2025-08-21 14:08:43	puhti	COMPLETED	72	0:0	mariaosm	mariaosm	NA	1	1	NA	10485760	874792	3-00:00:00	72	NA
1034	POU2F1_SOX15_CAP-SELEX_TCGCCA40NCCT_AS_WTGMATAACAATR_1_2_v2	WTGMATAACAATR	29347902_34	29347902	34	2025-08-21 14:08:43	puhti	COMPLETED	33	0:0	mariaosm	mariaosm	NA	1	1	NA	10485760	6300	3-00:00:00	33	NA
1035	POU2F1_SOX2_CAP-SELEX_TGCTCG40NCTC_AS_ATTTGCATNACAATRN_2_2	ATTTGCATNACAATRN	29347902_35	29347902	35	2025-08-21 14:08:43	puhti	COMPLETED	37	0:0	mariaosm	mariaosm	NA	1	1	NA	10485760	6272	3-00:00:00	37	NA
1036	POU2F1_TBX21_CAP-SELEX_TGTTCA40NCTG_AS_NGTGNNNNMATATKNNNACACC_2_2	NGTGNNNNMATATKNNNACACC	29347902_36	29347902	36	2025-08-21 14:08:43	puhti	COMPLETED	178268	0:0	mariaosm	mariaosm	NA	1	1	2-01:10:43	10485760	6508	3-00:00:00	178268	2-01:31:08
1037	POU2F1_TBX21_CAP-SELEX_TGTTCA40NCTG_AS_NTATKCAGYGTNA_1_2	NTATKCAGYGTNA	29347902_37	29347902	37	2025-08-21 14:08:43	puhti	COMPLETED	20	0:0	mariaosm	mariaosm	NA	1	1	NA	10485760	6073	3-00:00:00	20	NA
1038	RFX3_BHLHA15_CAP-SELEX_TTCTTT40NCAG_AY_NRGYAACNNNCATATGKN_1_3	NRGYAACNNNCATATGKN	29347902_38	29347902	38	2025-08-21 14:08:43	puhti	COMPLETED	1397	0:0	mariaosm	mariaosm	NA	1	1	23:08.474	10485760	6141	3-00:00:00	1397	NA
1039	RFX3_SREBF2_CAP-SELEX_TAAAGG40NGAC_AY_NNRGYAACNTCACGTGAY_1_3	NNRGYAACNTCACGTGAY	29347902_39	29347902	39	2025-08-21 14:08:43	puhti	COMPLETED	102	0:0	mariaosm	mariaosm	NA	1	1	01:40.124	10485760	5914	3-00:00:00	102	NA
1040	TEAD4_CEBPD_CAP-SELEX_TGAGGC40NGGA_AY_RGWATGYNNTTRCGYAAN_1_3	RGWATGYNNTTRCGYAAN	29347902_40	29347902	40	2025-08-21 14:08:43	puhti	COMPLETED	342	0:0	mariaosm	mariaosm	NA	1	1	05:38.728	10485760	5961	3-00:00:00	342	NA
1041	TEAD4_DRGX_CAP-SELEX_TGAGTG40NTGA_AY_RGWATGYTAATKN_1_3	RGWATGYTAATKN	29347902_41	29347902	41	2025-08-21 14:08:43	puhti	COMPLETED	23	0:0	mariaosm	mariaosm	NA	1	1	NA	10485760	5911	3-00:00:00	23	NA
1042	TEAD4_ELF1_CAP-SELEX_TGTGAG40NAGG_AY_GGAATGCGGAAGTN_2_2	GGAATGCGGAAGTN	29347902_42	29347902	42	2025-08-21 14:08:43	puhti	COMPLETED	16	0:0	mariaosm	mariaosm	NA	1	1	NA	10485760	3270	3-00:00:00	16	NA
1043	TEAD4_ELK1_CAP-SELEX_TGACGA40NGCA_AY_RCCGGANRNNCGGWATKN_1_3	RCCGGANRNNCGGWATKN	29347902_43	29347902	43	2025-08-21 14:08:43	puhti	COMPLETED	811	0:0	mariaosm	mariaosm	NA	1	1	13:24.866	10485760	6311	3-00:00:00	811	NA
1044	TEAD4_ELK1_CAP-SELEX_TGACGA40NGCA_AY_RGAATSCGGAAGYN_1_3	RGAATSCGGAAGYN	29347902_44	29347902	44	2025-08-21 14:08:43	puhti	COMPLETED	19	0:0	mariaosm	mariaosm	NA	1	1	NA	10485760	3276	3-00:00:00	19	NA
1045	TEAD4_ELK1_CAP-SELEX_TGACGA40NGCA_AY_RMATWCCGGAWRN_1_3	RMATWCCGGAWRN	29347902_45	29347902	45	2025-08-21 14:08:43	puhti	COMPLETED	30	0:0	mariaosm	mariaosm	NA	1	1	NA	10485760	3276	3-00:00:00	30	NA
1046	TEAD4_EOMES_CAP-SELEX_TGTCGT40NGCG_AY_NGYGNNAMATWCYNNTMRCRCN_1_3	NGYGNNAMATWCYNNTMRCRCN	29347902_46	29347902	46	2025-08-21 14:08:43	puhti	CANCELLED	259208	0:0	mariaosm	mariaosm	NA	1	1	NA	10485760	8339799	3-00:00:00	259212	3-00:00:08
1047	TEAD4_EOMES_CAP-SELEX_TGTCGT40NGCG_AY_RGAATGYGTGA_1_3	RGAATGYGTGA	29347902_47	29347902	47	2025-08-21 14:08:43	puhti	COMPLETED	15	0:0	mariaosm	mariaosm	NA	1	1	NA	10485760	3204	3-00:00:00	15	NA
1048	TEAD4_EOMES_CAP-SELEX_TGTCGT40NGCG_AY_WNGTGYKAMATWCY_1_3	WNGTGYKAMATWCY	29347902_48	29347902	48	2025-08-21 14:08:43	puhti	COMPLETED	45	0:0	mariaosm	mariaosm	NA	1	1	NA	10485760	5817	3-00:00:00	45	NA
1049	TEAD4_ERG_CAP-SELEX_TGCCGC40NGCC_AY_RSCGGAAATRCC_1_3	RSCGGAAATRCC	29347902_49	29347902	49	2025-08-21 14:08:43	puhti	COMPLETED	16	0:0	mariaosm	mariaosm	NA	1	1	NA	10485760	3274	3-00:00:00	16	NA
1050	TEAD4_ETV1_CAP-SELEX_TGCGAA40NAGC_AY_RSCGGAAATRCM_1_2	RSCGGAAATRCM	29347902_50	29347902	50	2025-08-21 14:08:43	puhti	COMPLETED	18	0:0	mariaosm	mariaosm	NA	1	1	NA	10485760	3278	3-00:00:00	18	NA
1051	TEAD4_ETV4_CAP-SELEX_TGAAAC40NAAA_AY_RCCGGAAATRCC_1_3	RCCGGAAATRCC	29347902_51	29347902	51	2025-08-21 14:08:43	puhti	COMPLETED	16	0:0	mariaosm	mariaosm	NA	1	1	NA	10485760	3278	3-00:00:00	16	NA
1052	TEAD4_ETV7_CAP-SELEX_TGCAGA40NGAC_AY_RGAATGCGGAARYNNNTCCN_2_3	RGAATGCGGAARYNNNTCCN	29347902_52	29347902	52	2025-08-21 14:08:43	puhti	COMPLETED	383	0:0	mariaosm	mariaosm	NA	1	1	06:18.818	10485760	5837	3-00:00:00	383	NA
1053	TEAD4_GSC2_CAP-SELEX_TCAAGA40NCGC_AX_RGWATGTTAATCCS_2_3	RGWATGTTAATCCS	29347902_53	29347902	53	2025-08-21 14:08:43	puhti	COMPLETED	15	0:0	mariaosm	mariaosm	NA	1	1	NA	10485760	5875	3-00:00:00	15	NA
1054	TEAD4_HOXA13_CAP-SELEX_TTTCAA40NTGA_AX_CYCRTAAATWCCN_1_2	CYCRTAAATWCCN	29347902_54	29347902	54	2025-08-21 14:08:43	puhti	COMPLETED	19	0:0	mariaosm	mariaosm	NA	1	1	NA	10485760	869464	3-00:00:00	19	NA
1055	TEAD4_HOXA13_CAP-SELEX_TTTCAA40NTGA_AX_GGWATGNNNRTAAA_1_2	GGWATGNNNRTAAA	29347902_55	29347902	55	2025-08-21 14:08:43	puhti	COMPLETED	49	0:0	mariaosm	mariaosm	NA	1	1	NA	10485760	5866	3-00:00:00	49	NA
1056	TEAD4_HOXB13_CAP-SELEX_TCTATG40NTAG_AY_CTCGTAAAATGYN_1_3	CTCGTAAAATGYN	29347902_56	29347902	56	2025-08-21 14:08:43	puhti	COMPLETED	18	0:0	mariaosm	mariaosm	NA	1	1	NA	10485760	752683	3-00:00:00	18	NA
1057	TEAD4_HOXB13_CAP-SELEX_TCTATG40NTAG_AY_CYAATAAAATGYN_1_3	CYAATAAAATGYN	29347902_57	29347902	57	2025-08-21 14:08:43	puhti	COMPLETED	19	0:0	mariaosm	mariaosm	NA	1	1	NA	10485760	763424	3-00:00:00	19	NA
1058	TEAD4_HOXB13_CAP-SELEX_TCTATG40NTAG_AY_RGAATGCNNRTAAA_1_3	RGAATGCNNRTAAA	29347902_58	29347902	58	2025-08-21 14:08:43	puhti	COMPLETED	21	0:0	mariaosm	mariaosm	NA	1	1	NA	10485760	3270	3-00:00:00	21	NA
1059	TEAD4_HOXB13_CAP-SELEX_TCTATG40NTAG_AY_RRAATGCARTAAA_1_3	RRAATGCARTAAA	29347902_59	29347902	59	2025-08-21 14:08:43	puhti	COMPLETED	19	0:0	mariaosm	mariaosm	NA	1	1	NA	10485760	3206	3-00:00:00	19	NA
1060	TEAD4_MAX_CAP-SELEX_TGCCTG40NTCC_AY_RGAATGYNNACGTG_1_3	RGAATGYNNACGTG	29347902_60	29347902	60	2025-08-21 14:08:43	puhti	COMPLETED	27	0:0	mariaosm	mariaosm	NA	1	1	NA	10485760	3268	3-00:00:00	27	NA
1061	TEAD4_ONECUT2_CAP-SELEX_TACTAC40NGCC_AX_RCATTCCNNATCGAYN_1_3	RCATTCCNNATCGAYN	29347902_61	29347902	61	2025-08-21 14:08:43	puhti	COMPLETED	55	0:0	mariaosm	mariaosm	NA	1	1	NA	10485760	5824	3-00:00:00	55	NA
1062	TEAD4_SPDEF_CAP-SELEX_TGGAGC40NGAT_AY_RGAATGCGGAWRT_1_3	RGAATGCGGAWRT	29347902_62	29347902	62	2025-08-21 14:08:43	puhti	COMPLETED	14	0:0	mariaosm	mariaosm	NA	1	1	NA	10485760	3206	3-00:00:00	14	NA
1063	TEAD4_SPIB_CAP-SELEX_TGGCCC40NCCT_AY_RGAATGCGGAAGTN_1_2	RGAATGCGGAAGTN	29347902_63	29347902	63	2025-08-21 14:08:43	puhti	COMPLETED	15	0:0	mariaosm	mariaosm	NA	1	1	NA	10485760	3216	3-00:00:00	15	NA
1064	TEAD4_TBX21_CAP-SELEX_TGTTCA40NCTG_AY_ANGTGTGAATWCY_1_3	ANGTGTGAATWCY	29347902_64	29347902	64	2025-08-21 14:08:43	puhti	COMPLETED	18	0:0	mariaosm	mariaosm	NA	1	1	NA	10485760	3204	3-00:00:00	18	NA
1065	TEAD4_TCF3_CAP-SELEX_TCGTTA40NTTT_AY_NCAGGTGNGWATGYN_1_3	NCAGGTGNGWATGYN	29347902_65	29347902	65	2025-08-21 14:08:43	puhti	COMPLETED	50	0:0	mariaosm	mariaosm	NA	1	1	NA	10485760	5790	3-00:00:00	50	NA
1066	TFAP2C_DRGX_CAP-SELEX_TGATCA40NAGG_AY_SCCNNNGGCNNYAATTA_1_3	SCCNNNGGCNNYAATTA	29347902_66	29347902	66	2025-08-21 14:08:43	puhti	COMPLETED	634	0:0	mariaosm	mariaosm	NA	1	1	10:29.485	10485760	5955	3-00:00:00	634	NA
1067	TFAP2C_E2F8_CAP-SELEX_TGCGCG40NTAG_AY_NNTCCCGCNNNCCNNNGGC_1_3	NNTCCCGCNNNCCNNNGGC	29347902_67	29347902	67	2025-08-21 14:08:43	puhti	COMPLETED	18870	0:0	mariaosm	mariaosm	NA	1	1	05:05:44	10485760	2084	3-00:00:00	18870	05:14:27
1068	TFAP2C_ELK1_CAP-SELEX_TTCGCT40NCTT_AY_NGCCTNNGGSNNCGGAAGYN_1_3	NGCCTNNGGSNNCGGAAGYN	29347902_68	29347902	68	2025-08-21 14:08:43	puhti	COMPLETED	3424	0:0	mariaosm	mariaosm	NA	1	1	55:26.672	10485760	6155	3-00:00:00	3424	NA
1069	TFAP2C_HOXB13_CAP-SELEX_TGCGAC40NGGT_AY_SCCNNNNGGCATNGTWAA_1_3	SCCNNNNGGCATNGTWAA	29347902_69	29347902	69	2025-08-21 14:08:43	puhti	COMPLETED	774	0:0	mariaosm	mariaosm	NA	1	1	11:32.115	10485760	6168	3-00:00:00	774	NA
1070	TFAP4_ETV1_CAP-SELEX_TTGCGA40NGTA_AW_RSCGGAANCAGSTGNN_1_2	RSCGGAANCAGSTGNN	29347902_70	29347902	70	2025-08-21 14:08:43	puhti	COMPLETED	173	0:0	mariaosm	mariaosm	NA	1	1	01:32.296	10485760	6163	3-00:00:00	173	NA
1071	TFAP4_ETV4_CAP-SELEX_TTCTAA40NAAT_AW_RCCGGAARCASSTGNN_1_2	RCCGGAARCASSTGNN	29347902_71	29347902	71	2025-08-21 14:08:43	puhti	COMPLETED	82	0:0	mariaosm	mariaosm	NA	1	1	01:01.623	10485760	6004	3-00:00:00	82	NA
1072	TFAP4_FLI1_CAP-SELEX_TAGTAG40NGTT_AW_RSCGGAWRCASSTGN_1_2	RSCGGAWRCASSTGN	29347902_72	29347902	72	2025-08-21 14:08:43	puhti	COMPLETED	51	0:0	mariaosm	mariaosm	NA	1	1	NA	10485760	5808	3-00:00:00	51	NA
1073	CLOCK_EVX1_CAP-SELEX_TCTTAC40NGCG_AX_ATRATYANNNNCACGTG_1_3b0	ATRATYANNNNCACGTG	29347902_73	29347902	73	2025-08-21 14:08:43	puhti	COMPLETED	168	0:0	mariaosm	mariaosm	NA	1	1	02:44.339	10485760	5849	3-00:00:00	168	NA
1074	CLOCK_EVX1_CAP-SELEX_TCTTAC40NGCG_AX_CACGTGNNNTAATKAT_1_3b1	CACGTGNNNTAATKAT	29347902_74	29347902	74	2025-08-21 14:08:43	puhti	COMPLETED	35	0:0	mariaosm	mariaosm	NA	1	1	NA	10485760	5826	3-00:00:00	35	NA
1075	CLOCK_EVX1_CAP-SELEX_TCTTAC40NGCG_AX_TAATTANNNNNNCACGTG_1_3b0	TAATTANNNNNNCACGTG	29347902_75	29347902	75	2025-08-21 14:08:43	puhti	COMPLETED	660	0:0	mariaosm	mariaosm	NA	1	1	10:54.259	10485760	5841	3-00:00:00	660	NA
1076	CLOCK_EVX1_CAP-SELEX_TCTTAC40NGCG_AX_YRATTANNNNNNNCACGTG_1_3b0	YRATTANNNNNNNCACGTG	29347902_76	29347902	76	2025-08-21 14:08:43	puhti	COMPLETED	18226	0:0	mariaosm	mariaosm	NA	1	1	05:01:14	10485760	6040	3-00:00:00	18226	05:03:45
1077	CUX1_HOXA13_CAP-SELEX_TCGGTA40NTGA_AY_NYMRTAAANATYGATN_1_3	NYMRTAAANATYGATN	29347902_77	29347902	77	2025-08-21 14:08:43	puhti	COMPLETED	166	0:0	mariaosm	mariaosm	NA	1	1	02:43.813	10485760	5948	3-00:00:00	166	NA
1078	ELK1_HOXA1_CAP-SELEX_TAGCCG40NGAA_AAA_RCCGGAAGTAATTA_1_3b0	RCCGGAAGTAATTA	29347902_78	29347902	78	2025-08-21 14:08:43	puhti	COMPLETED	16	0:0	mariaosm	mariaosm	NA	1	1	NA	10485760	3208	3-00:00:00	16	NA
1079	ERF_SREBF2_CAP-SELEX_TCTTTG40NACT_AAC_NNCACGTGACMGGAARNN_1_3u	NNCACGTGACMGGAARNN	29347902_79	29347902	79	2025-08-21 14:08:43	puhti	COMPLETED	189	0:0	mariaosm	mariaosm	NA	1	1	03:05.509	10485760	5973	3-00:00:00	189	NA
1080	ERF_SREBF2_CAP-SELEX_TCTTTG40NACT_AAC_NSCGGAARNCACGTGNN_1_2	NSCGGAARNCACGTGNN	29347902_80	29347902	80	2025-08-21 14:08:43	puhti	COMPLETED	157	0:0	mariaosm	mariaosm	NA	1	1	02:35.167	10485760	5999	3-00:00:00	157	NA
1081	ERF_TBX21_CAP-SELEX_TCCTAT40NAGA_AAC_NRGTGTNANNNNNNNNNNNNNCCGGAANN_2_3b1u	NRGTGTNANNNNNNNNNNNNNCCGGAANN	29347902_81	29347902	81	2025-08-21 14:08:43	puhti	COMPLETED	246992	0:0	mariaosm	mariaosm	NA	1	1	NA	10485760	6278	3-00:00:00	246992	2-20:36:32
1082	ERF_TBX21_CAP-SELEX_TCCTAT40NAGA_AAC_TMACACCGGAAG_2_3b1	TMACACCGGAAG	29347902_82	29347902	82	2025-08-21 14:08:43	puhti	COMPLETED	15	0:0	mariaosm	mariaosm	NA	1	1	NA	10485760	3270	3-00:00:00	15	NA
1083	ETV2_SREBF2_CAP-SELEX_TAAAGT40NAGC_AAA_RTCACGYSNCCGGAWN_1_2	RTCACGYSNCCGGAWN	29347902_83	29347902	83	2025-08-21 14:08:43	puhti	COMPLETED	54	0:0	mariaosm	mariaosm	NA	1	1	NA	10485760	6294	3-00:00:00	54	NA
1084	ETV2_SREBF2_CAP-SELEX_TAAAGT40NAGC_AAA_RTMRCGTGACGGAWGN_1_2	RTMRCGTGACGGAWGN	29347902_84	29347902	84	2025-08-21 14:08:43	puhti	COMPLETED	22	0:0	mariaosm	mariaosm	NA	1	1	NA	10485760	3206	3-00:00:00	22	NA
1085	ETV5_CEBPD_CAP-SELEX_TGCAAA40NGAA_AY_NSCGGANNTTRCGYAAN_1_2	NSCGGANNTTRCGYAAN	29347902_85	29347902	85	2025-08-21 14:08:43	puhti	COMPLETED	323	0:0	mariaosm	mariaosm	NA	1	1	05:20.100	10485760	5977	3-00:00:00	323	NA
1086	ETV5_DRGX_CAP-SELEX_TGATCG40NATC_AY_RSMGGAWGYAATTA_1_3	RSMGGAWGYAATTA	29347902_86	29347902	86	2025-08-21 14:08:43	puhti	COMPLETED	22	0:0	mariaosm	mariaosm	NA	1	1	NA	10485760	3272	3-00:00:00	22	NA
1087	ETV5_DRGX_CAP-SELEX_TGATCG40NATC_AY_TAATKRSCGGAWGN_1_3	TAATKRSCGGAWGN	29347902_87	29347902	87	2025-08-21 14:08:43	puhti	COMPLETED	26	0:0	mariaosm	mariaosm	NA	1	1	NA	10485760	3274	3-00:00:00	26	NA
1088	ETV5_EVX1_CAP-SELEX_TCGTGA40NGTC_AY_RSCGGWAATKR_1_3	RSCGGWAATKR	29347902_88	29347902	88	2025-08-21 14:08:43	puhti	COMPLETED	17	0:0	mariaosm	mariaosm	NA	1	1	NA	10485760	3272	3-00:00:00	17	NA
1089	ETV5_EVX1_CAP-SELEX_TCGTGA40NGTC_AY_RSCGGWAATNNNNATTAN_1_3	RSCGGWAATNNNNATTAN	29347902_89	29347902	89	2025-08-21 14:08:43	puhti	COMPLETED	1296	0:0	mariaosm	mariaosm	NA	1	1	21:26.816	10485760	5841	3-00:00:00	1296	NA
1090	ETV5_EVX1_CAP-SELEX_TCGTGA40NGTC_AY_RSCGGWAATNNNNNATTAN_1_3	RSCGGWAATNNNNNATTAN	29347902_90	29347902	90	2025-08-21 14:08:43	puhti	COMPLETED	7168	0:0	mariaosm	mariaosm	NA	1	1	01:58:37	10485760	5929	3-00:00:00	7168	01:59:28
1091	ETV5_FOXO1_CAP-SELEX_TGGCTG40NAGA_AY_RNCGGATGTTKWN_1_2	RNCGGATGTTKWN	29347902_91	29347902	91	2025-08-21 14:08:43	puhti	COMPLETED	30	0:0	mariaosm	mariaosm	NA	1	1	NA	10485760	3208	3-00:00:00	30	NA
1092	ETV5_FOXO1_CAP-SELEX_TGGCTG40NAGA_AY_RTMAACAGGAWRN_1_2	RTMAACAGGAWRN	29347902_92	29347902	92	2025-08-21 14:08:43	puhti	COMPLETED	22	0:0	mariaosm	mariaosm	NA	1	1	NA	10485760	6302	3-00:00:00	22	NA
1093	ETV5_HOXA13_CAP-SELEX_TACTTT40NTCT_AY_NNCGGAWGTNRTWAA_1_3	NNCGGAWGTNRTWAA	29347902_93	29347902	93	2025-08-21 14:08:43	puhti	COMPLETED	80	0:0	mariaosm	mariaosm	NA	1	1	01:17.795	10485760	5822	3-00:00:00	80	NA
1094	ETV5_HOXB13_CAP-SELEX_TTGTTC40NAAG_AY_NNCGGANGNNNTWAA_1_3	NNCGGANGNNNTWAA	29347902_94	29347902	94	2025-08-21 14:08:43	puhti	COMPLETED	1084	0:0	mariaosm	mariaosm	NA	1	1	17:55.874	10485760	5923	3-00:00:00	1084	NA
1095	FLI1_BHLHA15_CAP-SELEX_TTGATG40NATC_AAC_NCCGGAANCATATGN_1_3b0	NCCGGAANCATATGN	29347902_95	29347902	95	2025-08-21 14:08:43	puhti	COMPLETED	24	0:0	mariaosm	mariaosm	NA	1	1	NA	10485760	3270	3-00:00:00	24	NA
1096	FLI1_CEBPD_CAP-SELEX_TTGGCC40NTCG_AAC_RNCGGANNTTGCGCAAN_1_3	RNCGGANNTTGCGCAAN	29347902_96	29347902	96	2025-08-21 14:08:43	puhti	COMPLETED	93	0:0	mariaosm	mariaosm	NA	1	1	01:31.628	10485760	5824	3-00:00:00	93	NA
1097	FLI1_DLX2_CAP-SELEX_TGTCGA40NGCA_AAC_RSCGGAARYAATTA_1_3	RSCGGAARYAATTA	29347902_97	29347902	97	2025-08-21 14:08:43	puhti	COMPLETED	109	0:0	mariaosm	mariaosm	NA	1	1	NA	10485760	9378	3-00:00:00	109	NA
1098	FLI1_HOXB13_CAP-SELEX_TCGGTG40NCAA_AAC_RSCGGAANYNRTAAA_1_2	RSCGGAANYNRTAAA	29347902_98	29347902	98	2025-08-21 14:08:43	puhti	COMPLETED	139	0:0	mariaosm	mariaosm	NA	1	1	NA	10485760	9365	3-00:00:00	139	NA
1099	FLI1_TCF3_CAP-SELEX_TGAGTT40NCGG_AAC_NCCGGANNCASSTGY_1_3b1	NCCGGANNCASSTGY	29347902_99	29347902	99	2025-08-21 14:08:43	puhti	COMPLETED	84	0:0	mariaosm	mariaosm	NA	1	1	01:22.010	10485760	6072	3-00:00:00	84	NA
1100	FOXJ2_HOXB13_CAP-SELEX_TACGCA40NAAT_AAF_NTTTATNRNTMAACA_1_2	NTTTATNRNTMAACA	29347902_100	29347902	100	2025-08-21 14:08:43	puhti	COMPLETED	57	0:0	mariaosm	mariaosm	NA	1	1	NA	10485760	6127	3-00:00:00	57	NA
1101	FOXJ2_HOXB13_CAP-SELEX_TACGCA40NAAT_AAF_RTAAACAYNRTAAAN_1_2b0	RTAAACAYNRTAAAN	29347902_101	29347902	101	2025-08-21 14:08:43	puhti	COMPLETED	37	0:0	mariaosm	mariaosm	NA	1	1	NA	10485760	6026	3-00:00:00	37	NA
1102	FOXJ2_HOXB13_CAP-SELEX_TACGCA40NAAT_AAF_RTAAACWNATWAAA_1_3b1	RTAAACWNATWAAA	29347902_102	29347902	102	2025-08-21 14:08:43	puhti	COMPLETED	20	0:0	mariaosm	mariaosm	NA	1	1	NA	10485760	5799	3-00:00:00	20	NA
1103	FOXJ2_HOXB13_CAP-SELEX_TACGCA40NAAT_AAF_TTTWATNRNMAACA_1_3b1	TTTWATNRNMAACA	29347902_103	29347902	103	2025-08-21 14:08:43	puhti	COMPLETED	30	0:0	mariaosm	mariaosm	NA	1	1	NA	10485760	454314	3-00:00:00	30	NA
1104	FOXJ2_PITX1_CAP-SELEX_TGGCAG40NCCT_AAF_NTAATCCNNWMAACA_1_3b1	NTAATCCNNWMAACA	29347902_104	29347902	104	2025-08-21 14:08:43	puhti	COMPLETED	46	0:0	mariaosm	mariaosm	NA	1	1	NA	10485760	5833	3-00:00:00	46	NA
1105	FOXJ2_PITX1_CAP-SELEX_TGGCAG40NCCT_AAF_TAAACAGGATTA_1_3b1	TAAACAGGATTA	29347902_105	29347902	105	2025-08-21 14:08:43	puhti	COMPLETED	18	0:0	mariaosm	mariaosm	NA	1	1	NA	10485760	3272	3-00:00:00	18	NA
1106	FOXO1_ETV4_CAP-SELEX_TCCGTA40NGCC_AS_RCCGGAWGTKKN_1_3b0	RCCGGAWGTKKN	29347902_106	29347902	106	2025-08-21 14:08:43	puhti	COMPLETED	24	0:0	mariaosm	mariaosm	NA	1	1	NA	10485760	3214	3-00:00:00	24	NA
1107	FOXO1_ETV4_CAP-SELEX_TCCGTA40NGCC_AS_RWMAACAGGAARNN_1_3b0	RWMAACAGGAARNN	29347902_107	29347902	107	2025-08-21 14:08:43	puhti	COMPLETED	49	0:0	mariaosm	mariaosm	NA	1	1	NA	10485760	6064	3-00:00:00	49	NA
1108	FOXO1_FLI1_CAP-SELEX_TGGCGA40NTTA_AS_RTMAACAGGAAGTN_1_3	RTMAACAGGAAGTN	29347902_108	29347902	108	2025-08-21 14:08:43	puhti	COMPLETED	18	0:0	mariaosm	mariaosm	NA	1	1	NA	10485760	3276	3-00:00:00	18	NA
1109	FOXO1_HOXA10_CAP-SELEX_TTTCTT40NTAC_AS_RWMAACAYCRTWAA_1_3b0	RWMAACAYCRTWAA	29347902_109	29347902	109	2025-08-21 14:08:43	puhti	COMPLETED	23	0:0	mariaosm	mariaosm	NA	1	1	NA	10485760	3278	3-00:00:00	23	NA
1110	FOXO1_HOXB13_CAP-SELEX_TGCGAC40NGGT_AS_GWMAACANNSYMRTAAA_1_2	GWMAACANNSYMRTAAA	29347902_110	29347902	110	2025-08-21 14:08:43	puhti	COMPLETED	210	0:0	mariaosm	mariaosm	NA	1	1	03:10.943	10485760	5991	3-00:00:00	210	NA
1111	FOXO1_HOXB13_CAP-SELEX_TGCGAC40NGGT_AS_GWMAACAYMRTAAA_1_2	GWMAACAYMRTAAA	29347902_111	29347902	111	2025-08-21 14:08:43	puhti	COMPLETED	20	0:0	mariaosm	mariaosm	NA	1	1	NA	10485760	3206	3-00:00:00	20	NA
1112	FOXO1_HOXB13_CAP-SELEX_TGCGAC40NGGT_AS_RWMAACASYMRTWAAA_1_2	RWMAACASYMRTWAAA	29347902_112	29347902	112	2025-08-21 14:08:43	puhti	COMPLETED	52	0:0	mariaosm	mariaosm	NA	1	1	NA	10485760	5895	3-00:00:00	52	NA
1113	FOXO1_SPDEF_CAP-SELEX_TTCTAC40NCGA_AS_WMSCGGATGTKNW_1_2	WMSCGGATGTKNW	29347902_113	29347902	113	2025-08-21 14:08:43	puhti	COMPLETED	50	0:0	mariaosm	mariaosm	NA	1	1	NA	10485760	6006	3-00:00:00	50	NA
1114	GCM1_ERG_CAP-SELEX_TAAGAA40NATA_AX_RTRYGGGCGGAARKN_1_3u	RTRYGGGCGGAARKN	29347902_114	29347902	114	2025-08-21 14:08:43	puhti	COMPLETED	31	0:0	mariaosm	mariaosm	NA	1	1	NA	10485760	5825	3-00:00:00	31	NA
1115	GCM2_E2F8_CAP-SELEX_TGTTAT40NATG_AAB_NTRYGGGNNNTGGCGGGARN_2_3	NTRYGGGNNNTGGCGGGARN	29347902_115	29347902	115	2025-08-21 14:08:43	puhti	COMPLETED	1562	0:0	mariaosm	mariaosm	NA	1	1	25:42.077	10485760	6686	3-00:00:00	1562	NA
1116	HOXA3_PAX5_CAP-SELEX_TCTGTC40NCAA_AY_YNATTAGTCACGCWTSRNTR_2_3u	YNATTAGTCACGCWTSRNTR	29347902_116	29347902	116	2025-08-21 14:08:43	puhti	COMPLETED	120	0:0	mariaosm	mariaosm	NA	1	1	01:46.942	10485760	6264	3-00:00:00	120	NA
1117	HOXB13_ELK1_CAP-SELEX_TTGCCA40NGTG_AAD_RSMGGAARTNNTAAAN_1_2	RSMGGAARTNNTAAAN	29347902_117	29347902	117	2025-08-21 14:08:43	puhti	COMPLETED	162	0:0	mariaosm	mariaosm	NA	1	1	02:38.935	10485760	5920	3-00:00:00	162	NA
1118	HOXB13_EOMES_CAP-SELEX_TCGTTT40NGTC_AAD_ANGTGTSNNATAAAN_1_2b0	ANGTGTSNNATAAAN	29347902_118	29347902	118	2025-08-21 14:08:43	puhti	COMPLETED	128	0:0	mariaosm	mariaosm	NA	1	1	02:01.269	10485760	6073	3-00:00:00	128	NA
1119	HOXB13_EOMES_CAP-SELEX_TCGTTT40NGTC_AAD_NNMRTAAANTMACACNN_1_2b0	NNMRTAAANTMACACNN	29347902_119	29347902	119	2025-08-21 14:08:43	puhti	COMPLETED	1178	0:0	mariaosm	mariaosm	NA	1	1	19:30.007	10485760	5854	3-00:00:00	1178	NA
1120	HOXB13_ETV1_CAP-SELEX_TCTACT40NACA_AAD_RSCGGAARYNNTAAAN_1_2	RSCGGAARYNNTAAAN	29347902_120	29347902	120	2025-08-21 14:08:43	puhti	COMPLETED	194	0:0	mariaosm	mariaosm	NA	1	1	03:10.809	10485760	6121	3-00:00:00	194	NA
1121	HOXB13_ONECUT2_CAP-SELEX_TGTTTC40NTTA_AAD_NNNRTAAAWATYGAYY_1_2	NNNRTAAAWATYGAYY	29347902_121	29347902	121	2025-08-21 14:08:43	puhti	COMPLETED	363	0:0	mariaosm	mariaosm	NA	1	1	05:40.440	10485760	6107	3-00:00:00	363	NA
1122	HOXB13_TBX21_CAP-SELEX_TTCATC40NCTT_AAD_ARGTGNNANNNMWTAAAN_1_3	ARGTGNNANNNMWTAAAN	29347902_122	29347902	122	2025-08-21 14:08:43	puhti	COMPLETED	6462	0:0	mariaosm	mariaosm	NA	1	1	01:47:00	10485760	5886	3-00:00:00	6463	01:47:42
1123	HOXB13_TBX21_CAP-SELEX_TTCATC40NCTT_AAD_ARGTGNNNNNNATAAA_1_3	ARGTGNNNNNNATAAA	29347902_123	29347902	123	2025-08-21 14:08:43	puhti	COMPLETED	1154	0:0	mariaosm	mariaosm	NA	1	1	19:06.321	10485760	5926	3-00:00:00	1154	NA
1124	HOXB13_TBX21_CAP-SELEX_TTCATC40NCTT_AAD_ARGTGTKANTTTATNN_1_3b0	ARGTGTKANTTTATNN	29347902_124	29347902	124	2025-08-21 14:08:43	puhti	COMPLETED	62	0:0	mariaosm	mariaosm	NA	1	1	NA	10485760	6014	3-00:00:00	62	NA
1125	HOXB13_TBX3_CAP-SELEX_TGGCCA40NTTC_AAD_NNNRTAAATCACACNN_1_2	NNNRTAAATCACACNN	29347902_125	29347902	125	2025-08-21 14:08:43	puhti	COMPLETED	293	0:0	mariaosm	mariaosm	NA	1	1	04:48.690	10485760	5800	3-00:00:00	293	NA
1126	HOXB2_ELK3_CAP-SELEX_TGCAGT40NAAG_AY_RSCGGAAGTMRTTA_1_3	RSCGGAAGTMRTTA	29347902_126	29347902	126	2025-08-21 14:08:43	puhti	COMPLETED	74	0:0	mariaosm	mariaosm	NA	1	1	NA	10485760	884531	3-00:00:00	74	NA
1127	HOXB2_ETV7_CAP-SELEX_TGAGGT40NTCC_AY_TAATKNNNNGNNNNNNCTTCCNN_1_3	TAATKNNNNGNNNNNNCTTCCNN	29347902_127	29347902	127	2025-08-21 14:08:43	puhti	CANCELLED	259206	0:0	mariaosm	mariaosm	NA	1	1	NA	10485760	9763627	3-00:00:00	259209	3-00:00:06
1128	HOXB2_PITX1_CAP-SELEX_TGGCCT40NTAT_AY_TAATKANNGGATTA_1_3	TAATKANNGGATTA	29347902_128	29347902	128	2025-08-21 14:08:43	puhti	COMPLETED	20	0:0	mariaosm	mariaosm	NA	1	1	NA	10485760	3210	3-00:00:00	20	NA
1129	HOXB2_PITX1_CAP-SELEX_TGGCCT40NTAT_AY_TAATKRNGGATTA_1_3	TAATKRNGGATTA	29347902_129	29347902	129	2025-08-21 14:08:43	puhti	COMPLETED	16	0:0	mariaosm	mariaosm	NA	1	1	NA	10485760	3206	3-00:00:00	16	NA
1130	HOXB2_PITX1_CAP-SELEX_TGGCCT40NTAT_AY_TAATKRNNNNGGATTA_1_3	TAATKRNNNNGGATTA	29347902_130	29347902	130	2025-08-21 14:08:43	puhti	COMPLETED	183	0:0	mariaosm	mariaosm	NA	1	1	02:59.772	10485760	6055	3-00:00:00	183	NA
1131	HOXB2_PITX1_CAP-SELEX_TGGCCT40NTAT_AY_TAATKRNRNGGATTA_1_3	TAATKRNRNGGATTA	29347902_131	29347902	131	2025-08-21 14:08:43	puhti	COMPLETED	34	0:0	mariaosm	mariaosm	NA	1	1	NA	10485760	6213	3-00:00:00	34	NA
1132	HOXC10_EOMES_CAP-SELEX_TCTTCG40NGAT_AZ_TMACACYYMRTWAA_1_2	TMACACYYMRTWAA	29347902_132	29347902	132	2025-08-21 14:08:43	puhti	COMPLETED	86	0:0	mariaosm	mariaosm	NA	1	1	NA	10485760	757896	3-00:00:00	86	NA
1133	HOXC10_TBX21_CAP-SELEX_TGGCAC40NAAG_AZ_TMRCACYTMATWAA_1_3	TMRCACYTMATWAA	29347902_133	29347902	133	2025-08-21 14:08:43	puhti	COMPLETED	82	0:0	mariaosm	mariaosm	NA	1	1	NA	10485760	757580	3-00:00:00	82	NA
1134	HOXD12_HOXA3_CAP-SELEX_TCTGTG40NAGA_AAB_NTAATKRSNMRTAAAN_1_3	NTAATKRSNMRTAAAN	29347902_134	29347902	134	2025-08-21 14:08:43	puhti	COMPLETED	369	0:0	mariaosm	mariaosm	NA	1	1	05:03.979	10485760	5760	3-00:00:00	369	NA
1135	MYBL1_ONECUT2_CAP-SELEX_TCTACC40NTAG_AX_NAACGGNNATYGANN_1_3	NAACGGNNATYGANN	29347902_135	29347902	135	2025-08-21 14:08:43	puhti	COMPLETED	353	0:0	mariaosm	mariaosm	NA	1	1	04:47.919	10485760	5759	3-00:00:00	353	NA
1136	RFX3_ETV7_CAP-SELEX_TCGTCT40NCTA_AY_NNNMGGAANNNNNTCCNNNRCAACN_1_2	NNNMGGAANNNNNTCCNNNRCAACN	29347902_136	29347902	136	2025-08-21 14:08:43	puhti	CANCELLED	259212	0:0	mariaosm	mariaosm	NA	1	1	NA	10485760	9479930	3-00:00:00	259215	3-00:00:12
1137	TEAD4_FLI1_CAP-SELEX_TGGCGG40NGCT_AY_RCCGGAAATRSY_1_3	RCCGGAAATRSY	29347902_137	29347902	137	2025-08-21 14:08:43	puhti	COMPLETED	81	0:0	mariaosm	mariaosm	NA	1	1	NA	10485760	757652	3-00:00:00	81	NA
1138	TFAP2C_ETV7_CAP-SELEX_TTGGTG40NTAC_AY_SCCNNNGGSNNNGGAAGNNNTTCCNN_1_2	SCCNNNGGSNNNGGAAGNNNTTCCNN	29347902_138	29347902	138	2025-08-21 14:08:43	puhti	CANCELLED	259212	0:0	mariaosm	mariaosm	NA	1	1	NA	10485760	9589449	3-00:00:00	259215	3-00:00:12
1139	ARNTL_PITX1_CAP-SELEX_TCTTTC40NTTG_AAC_CACGTGNNNRGATTAN_1_3	CACGTGNNNRGATTAN	29347902_139	29347902	139	2025-08-21 14:08:43	puhti	COMPLETED	157	0:0	mariaosm	mariaosm	NA	1	1	01:33.366	10485760	5767	3-00:00:00	157	NA
1140	ARNTL_PITX1_CAP-SELEX_TCTTTC40NTTG_AAC_NNCACGTGNNNNRGMTTAN_1_3	NNCACGTGNNNNRGMTTAN	29347902_140	29347902	140	2025-08-21 14:08:43	puhti	COMPLETED	17053	0:0	mariaosm	mariaosm	NA	1	1	04:40:43	10485760	5825	3-00:00:00	17053	04:44:10
1141	CLOCK_TBX3_CAP-SELEX_TGGCCA40NTTC_AX_GGTGTGNNNNNCACGTG_1_3b0	GGTGTGNNNNNCACGTG	29347902_141	29347902	141	2025-08-21 14:08:43	puhti	COMPLETED	248	0:0	mariaosm	mariaosm	NA	1	1	03:04.011	10485760	5788	3-00:00:00	248	NA
1142	CUX1_FOXO1_CAP-SELEX_TCTTGC40NTTC_AY_GTMAACANNNNNATCRATN_1_3b0	GTMAACANNNNNATCRATN	29347902_142	29347902	142	2025-08-21 14:08:43	puhti	COMPLETED	3385	0:0	mariaosm	mariaosm	NA	1	1	55:01.125	10485760	5821	3-00:00:00	3385	NA
1143	CUX1_FOXO6_CAP-SELEX_TCCGAA40NGGC_AY_RTAAACANNNNNATCRATN_1_3b0	RTAAACANNNNNATCRATN	29347902_143	29347902	143	2025-08-21 14:08:43	puhti	COMPLETED	3338	0:0	mariaosm	mariaosm	NA	1	1	54:15.194	10485760	5779	3-00:00:00	3338	NA
1144	CUX1_NHLH1_CAP-SELEX_TGCTAT40NCAG_AY_NNCAGCTGNNNNNNNNATCGATN_1_3	NNCAGCTGNNNNNNNNATCGATN	29347902_144	29347902	144	2025-08-21 14:08:43	puhti	CANCELLED	259212	0:0	mariaosm	mariaosm	NA	1	1	NA	10485760	9805025	3-00:00:00	259215	3-00:00:12
1145	CUX1_NHLH1_CAP-SELEX_TGCTAT40NCAG_AY_NNCAGCTGNNNNNNNNNATYGATN_1_3	NNCAGCTGNNNNNNNNNATYGATN	29347902_145	29347902	145	2025-08-21 14:08:43	puhti	CANCELLED	259212	0:0	mariaosm	mariaosm	NA	1	1	NA	10485760	9923683	3-00:00:00	259215	3-00:00:12
1146	CUX1_PITX1_CAP-SELEX_TGGCAG40NCCT_AY_GGATTANNNNATCRATN_1_3	GGATTANNNNATCRATN	29347902_146	29347902	146	2025-08-21 14:08:43	puhti	COMPLETED	433	0:0	mariaosm	mariaosm	NA	1	1	06:58.918	10485760	5798	3-00:00:00	433	NA
1147	CUX1_SRF_CAP-SELEX_TGAAAT40NCAA_AY_NCCATAYWNGGWNNNNATCRATN_1_3	NCCATAYWNGGWNNNNATCRATN	29347902_147	29347902	147	2025-08-21 14:08:43	puhti	CANCELLED	259212	0:0	mariaosm	mariaosm	NA	1	1	NA	10485760	5912	3-00:00:00	259216	3-00:00:12
1148	CUX1_TBX3_CAP-SELEX_TGGGCT40NGTT_AY_AGGTGTGNNNNATCRAT_1_3b0	AGGTGTGNNNNATCRAT	29347902_148	29347902	148	2025-08-21 14:08:43	puhti	COMPLETED	131	0:0	mariaosm	mariaosm	NA	1	1	01:57.617	10485760	5790	3-00:00:00	131	NA
1149	E2F1_EOMES_CAP-SELEX_TGCACG40NTTG_AX_NGGTGTGNNNGGCGCSNNNCRC_1_3	NGGTGTGNNNGGCGCSNNNCRC	29347902_149	29347902	149	2025-08-21 14:08:43	puhti	COMPLETED	29946	0:0	mariaosm	mariaosm	NA	1	1	08:15:15	10485760	5833	3-00:00:00	29946	08:19:04
1150	E2F1_EOMES_CAP-SELEX_TGCACG40NTTG_AX_RGGTGTNNNGGCGSNNTNNCRSNN_1_3	RGGTGTNNNGGCGSNNTNNCRSNN	29347902_150	29347902	150	2025-08-21 14:08:43	puhti	CANCELLED	259212	0:0	mariaosm	mariaosm	NA	1	1	NA	10485760	8220664	3-00:00:00	259216	3-00:00:12
1151	E2F1_HES7_CAP-SELEX_TAAGGG40NACC_AX_RRCRCGYGYNNNNSGCGCSN_1_3	RRCRCGYGYNNNNSGCGCSN	29347902_151	29347902	151	2025-08-21 14:08:43	puhti	COMPLETED	62193	0:0	mariaosm	mariaosm	NA	1	1	17:09:36	10485760	5867	3-00:00:00	62193	17:16:33
1152	E2F1_HES7_CAP-SELEX_TAAGGG40NACC_AX_SRCRCGYGSYNNNNSGCGCSN_1_3	SRCRCGYGSYNNNNSGCGCSN	29347902_152	29347902	152	2025-08-21 14:08:43	puhti	COMPLETED	207425	0:0	mariaosm	mariaosm	NA	1	1	2-09:11:25	10485760	5904	3-00:00:00	207425	2-09:37:05
1153	E2F3_HES7_CAP-SELEX_TATGAG40NCGT_AAA_NNNNGCGCSNNNNNCACGTGNN_1_2	NNNNGCGCSNNNNNCACGTGNN	29347902_153	29347902	153	2025-08-21 14:08:43	puhti	CANCELLED	259212	0:0	mariaosm	mariaosm	NA	1	1	NA	10485760	8035356	3-00:00:00	259216	3-00:00:12
1154	E2F3_ONECUT2_CAP-SELEX_TTGAAG40NCTC_AAA_NNSGCGCSNNNATCGAYN_1_3	NNSGCGCSNNNATCGAYN	29347902_154	29347902	154	2025-08-21 14:08:43	puhti	COMPLETED	8395	0:0	mariaosm	mariaosm	NA	1	1	02:18:30	10485760	5794	3-00:00:00	8395	02:19:52
1155	E2F3_ONECUT2_CAP-SELEX_TTGAAG40NCTC_AAA_NNSGCGCSNNNNATCGAYN_1_3	NNSGCGCSNNNNATCGAYN	29347902_155	29347902	155	2025-08-21 14:08:43	puhti	COMPLETED	54813	0:0	mariaosm	mariaosm	NA	1	1	14:59:23	10485760	5860	3-00:00:00	54813	15:13:33
1156	E2F3_TBX21_CAP-SELEX_TGGCAC40NAAG_AAA_NGGTGTGNNGGCGCSN_1_3b1	NGGTGTGNNGGCGCSN	29347902_156	29347902	156	2025-08-21 14:08:43	puhti	COMPLETED	97	0:0	mariaosm	mariaosm	NA	1	1	01:19.225	10485760	5766	3-00:00:00	98	NA
1157	E2F3_TBX21_CAP-SELEX_TGGCAC40NAAG_AAA_NGGTGTGNNGGCGCSNNNNCRMN_1_3b1	NGGTGTGNNGGCGCSNNNNCRMN	29347902_157	29347902	157	2025-08-21 14:08:43	puhti	CANCELLED	259212	0:0	mariaosm	mariaosm	NA	1	1	NA	10485760	9720400	3-00:00:00	259216	3-00:00:12
1158	E2F3_TBX21_CAP-SELEX_TGGCAC40NAAG_AAA_NGGTGTGNNNGGCGCSN_1_3b1	NGGTGTGNNNGGCGCSN	29347902_158	29347902	158	2025-08-21 14:08:43	puhti	COMPLETED	329	0:0	mariaosm	mariaosm	NA	1	1	05:24.074	10485760	5925	3-00:00:00	329	NA
1159	ERF_DLX2_CAP-SELEX_TCGAAA40NAAT_AAC_RSCGGAANNNNNYMATTA_1_3	RSCGGAANNNNNYMATTA	29347902_159	29347902	159	2025-08-21 14:08:43	puhti	COMPLETED	2844	0:0	mariaosm	mariaosm	NA	1	1	46:43.379	10485760	6050	3-00:00:00	2844	NA
1160	ERF_DLX2_CAP-SELEX_TCGAAA40NAAT_AAC_RSCGGAANNNNNYMATTA_1_3_v2	RSCGGAANNNNNYMATTA	29347902_160	29347902	160	2025-08-21 14:08:43	puhti	COMPLETED	2590	0:0	mariaosm	mariaosm	NA	1	1	42:54.196	10485760	5874	3-00:00:00	2590	NA
1161	ERF_DLX3_CAP-SELEX_TTGCAT40NTGG_AAC_RSCGGAANNNNNYAATTA_1_2	RSCGGAANNNNNYAATTA	29347902_161	29347902	161	2025-08-21 14:08:43	puhti	COMPLETED	1252	0:0	mariaosm	mariaosm	NA	1	1	20:43.690	10485760	5864	3-00:00:00	1253	NA
1162	ERF_DLX3_CAP-SELEX_TTGCAT40NTGG_AAC_RSCGGAANNNNYAATTA_1_2	RSCGGAANNNNYAATTA	29347902_162	29347902	162	2025-08-21 14:08:43	puhti	COMPLETED	311	0:0	mariaosm	mariaosm	NA	1	1	05:03.060	10485760	5835	3-00:00:00	311	NA
1163	ERF_HES7_CAP-SELEX_TGTGAA40NTAC_AAC_NCCGGAANNNNNNCACGYGNN_1_3b1	NCCGGAANNNNNNCACGYGNN	29347902_163	29347902	163	2025-08-21 14:08:43	puhti	CANCELLED	259208	0:0	mariaosm	mariaosm	NA	1	1	NA	10485760	8158927	3-00:00:00	259211	3-00:00:08
1164	ERF_HES7_CAP-SELEX_TGTGAA40NTAC_AAC_NNCACGTGNNNNCCGGAANN_1_3b1	NNCACGTGNNNNCCGGAANN	29347902_164	29347902	164	2025-08-21 14:08:43	puhti	COMPLETED	23291	0:0	mariaosm	mariaosm	NA	1	1	06:23:53	10485760	5985	3-00:00:00	23291	06:28:07
1165	ERF_HES7_CAP-SELEX_TGTGAA40NTAC_AAC_NNCACGTGNNNNNCCGGAANN_1_3b1	NNCACGTGNNNNNCCGGAANN	29347902_165	29347902	165	2025-08-21 14:08:43	puhti	COMPLETED	184694	0:0	mariaosm	mariaosm	NA	1	1	2-02:55:47	10485760	6188	3-00:00:00	184694	2-03:18:14
1166	ERF_HOXA3_CAP-SELEX_TCTGTG40NAGA_AAC_RSCGGAWNNNNNNNYMATTA_1_3	RSCGGAWNNNNNNNYMATTA	29347902_166	29347902	166	2025-08-21 14:08:43	puhti	CANCELLED	259201	0:0	mariaosm	mariaosm	NA	1	1	NA	10485760	6924456	3-00:00:00	259205	3-00:00:01
1167	ERF_ONECUT2_CAP-SELEX_TCCAGG40NTAG_AAC_RSCGGAANNNNNNRTCGATN_1_3	RSCGGAANNNNNNRTCGATN	29347902_167	29347902	167	2025-08-21 14:08:43	puhti	COMPLETED	48683	0:0	mariaosm	mariaosm	NA	1	1	13:25:52	10485760	6084	3-00:00:00	48683	13:31:23
1168	ETV2_DLX2_CAP-SELEX_TCGAAT40NAGG_AAA_RCCGGAANNNNNNYAATTA_1_3	RCCGGAANNNNNNYAATTA	29347902_168	29347902	168	2025-08-21 14:08:43	puhti	COMPLETED	3420	0:0	mariaosm	mariaosm	NA	1	1	56:28.058	10485760	6266	3-00:00:00	3420	NA
1169	ETV2_DLX2_CAP-SELEX_TCGAAT40NAGG_AAA_RCCGGAANNNNNYAATTA_1_2	RCCGGAANNNNNYAATTA	29347902_169	29347902	169	2025-08-21 14:08:43	puhti	COMPLETED	752	0:0	mariaosm	mariaosm	NA	1	1	12:25.918	10485760	5956	3-00:00:00	752	NA
1170	ETV2_DLX3_CAP-SELEX_TAGAGC40NTAG_AAA_RSCGGAANNNNNNNTAATKR_1_3	RSCGGAANNNNNNNTAATKR	29347902_170	29347902	170	2025-08-21 14:08:43	puhti	COMPLETED	146398	0:0	mariaosm	mariaosm	NA	1	1	1-16:21:12	10485760	6146	3-00:00:00	146398	1-16:39:58
1171	ETV2_DLX3_CAP-SELEX_TAGAGC40NTAG_AAA_RSCGGAANNNNNNYAATTA_1_3	RSCGGAANNNNNNYAATTA	29347902_171	29347902	171	2025-08-21 14:08:43	puhti	COMPLETED	6513	0:0	mariaosm	mariaosm	NA	1	1	01:47:51	10485760	5875	3-00:00:00	6513	01:48:32
1172	ETV2_DLX3_CAP-SELEX_TAGAGC40NTAG_AAA_RSCGGAANNNNNYAATTA_1_3	RSCGGAANNNNNYAATTA	29347902_172	29347902	172	2025-08-21 14:08:43	puhti	COMPLETED	1316	0:0	mariaosm	mariaosm	NA	1	1	20:41.125	10485760	5989	3-00:00:00	1316	NA
1173	ETV2_DLX3_CAP-SELEX_TAGAGC40NTAG_AAA_TAATTRNNNNCGGAARYN_1_3	TAATTRNNNNCGGAARYN	29347902_173	29347902	173	2025-08-21 14:08:43	puhti	COMPLETED	1426	0:0	mariaosm	mariaosm	NA	1	1	23:35.589	10485760	5773	3-00:00:00	1426	NA
1174	ETV2_EOMES_CAP-SELEX_TCAGCA40NCTC_AAA_RCCGGANNNNNNNNNNNACACCTN_1_3	RCCGGANNNNNNNNNNNACACCTN	29347902_174	29347902	174	2025-08-21 14:08:43	puhti	CANCELLED	259219	0:0	mariaosm	mariaosm	NA	1	1	NA	10485760	9508861	3-00:00:00	259223	3-00:00:19
1175	ETV2_FIGLA_CAP-SELEX_TGTGAT40NGCA_AAA_NNCAGGTGNNNNNMCGGAARYN_2_2	NNCAGGTGNNNNNMCGGAARYN	29347902_175	29347902	175	2025-08-21 14:08:43	puhti	CANCELLED	259207	0:0	mariaosm	mariaosm	NA	1	1	NA	10485760	8283856	3-00:00:00	259210	3-00:00:07
1176	ETV2_GSC2_CAP-SELEX_TCAAGA40NCGC_AAA_RCCGGANNNNNNNNNNTAATCCN_1_3	RCCGGANNNNNNNNNNTAATCCN	29347902_176	29347902	176	2025-08-21 14:08:43	puhti	CANCELLED	259207	0:0	mariaosm	mariaosm	NA	1	1	NA	10485760	9823520	3-00:00:00	259210	3-00:00:07
1177	ETV2_GSC2_CAP-SELEX_TCAAGA40NCGC_AAA_RCCGGANNNNNNNNNTAATCCN_1_3	RCCGGANNNNNNNNNTAATCCN	29347902_177	29347902	177	2025-08-21 14:08:43	puhti	CANCELLED	259207	0:0	mariaosm	mariaosm	NA	1	1	NA	10485760	9680094	3-00:00:00	259210	3-00:00:07
1178	ETV2_GSC2_CAP-SELEX_TCAAGA40NCGC_AAA_RCCGGANNNNNNNNTAATCCN_1_3	RCCGGANNNNNNNNTAATCCN	29347902_178	29347902	178	2025-08-21 14:08:43	puhti	CANCELLED	259207	0:0	mariaosm	mariaosm	NA	1	1	NA	10485760	8177279	3-00:00:00	259210	3-00:00:07
1179	ETV2_GSC2_CAP-SELEX_TCAAGA40NCGC_AAA_RSCGGAANNNNGGATTA_1_3	RSCGGAANNNNGGATTA	29347902_179	29347902	179	2025-08-21 14:08:43	puhti	COMPLETED	183	0:0	mariaosm	mariaosm	NA	1	1	03:00.650	10485760	5868	3-00:00:00	183	NA
1180	ETV2_GSC2_CAP-SELEX_TCAAGA40NCGC_AAA_RSCGGAANNNNNGGATTA_1_3	RSCGGAANNNNNGGATTA	29347902_180	29347902	180	2025-08-21 14:08:43	puhti	COMPLETED	737	0:0	mariaosm	mariaosm	NA	1	1	12:10.986	10485760	6161	3-00:00:00	737	NA
1181	ETV2_HES7_CAP-SELEX_TAGTGC40NATG_AAA_NNCACGTGNNNNNCGGAWRY_1_3	NNCACGTGNNNNNCGGAWRY	29347902_181	29347902	181	2025-08-21 14:08:43	puhti	COMPLETED	42776	0:0	mariaosm	mariaosm	NA	1	1	11:48:21	10485760	6253	3-00:00:00	42776	11:52:56
1182	ETV2_HES7_CAP-SELEX_TAGTGC40NATG_AAA_RSCGGAANNNNNNCACGTGNN_1_3	RSCGGAANNNNNNCACGTGNN	29347902_182	29347902	182	2025-08-21 14:08:43	puhti	COMPLETED	161659	0:0	mariaosm	mariaosm	NA	1	1	1-20:37:13	10485760	5953	3-00:00:00	161659	1-20:54:19
1183	ETV2_HES7_CAP-SELEX_TAGTGC40NATG_AAA_RSCGGAANNNNNNNCACGTGNN_1_3	RSCGGAANNNNNNNCACGTGNN	29347902_183	29347902	183	2025-08-21 14:08:43	puhti	CANCELLED	259218	0:0	mariaosm	mariaosm	NA	1	1	NA	10485760	9653408	3-00:00:00	259222	3-00:00:18
1184	ETV2_HOXA2_CAP-SELEX_TTAACA40NTGT_AAA_NCCGGAAGNNNNNNYMATTA_2_3	NCCGGAAGNNNNNNYMATTA	29347902_184	29347902	184	2025-08-21 14:08:43	puhti	COMPLETED	20334	0:0	mariaosm	mariaosm	NA	1	1	05:35:11	10485760	5877	3-00:00:00	20334	05:38:53
1185	ETV2_NHLH1_CAP-SELEX_TGAGAG40NCGC_AAA_NCCGGAANNNNNNCAGCTGNN_1_3	NCCGGAANNNNNNCAGCTGNN	29347902_185	29347902	185	2025-08-21 14:08:43	puhti	COMPLETED	174897	0:0	mariaosm	mariaosm	NA	1	1	2-00:12:20	10485760	6193	3-00:00:00	174897	2-00:34:57
1186	ETV2_ONECUT2_CAP-SELEX_TACTAC40NGCC_AAA_RCCGGAANNNNNATCGATN_1_3	RCCGGAANNNNNATCGATN	29347902_186	29347902	186	2025-08-21 14:08:43	puhti	COMPLETED	1871	0:0	mariaosm	mariaosm	NA	1	1	29:45.080	10485760	5813	3-00:00:00	1871	NA
1187	ETV2_ONECUT2_CAP-SELEX_TACTAC40NGCC_AAA_RCCGGAANNNNNNATCGATN_1_3	RCCGGAANNNNNNATCGATN	29347902_187	29347902	187	2025-08-21 14:08:43	puhti	COMPLETED	8764	0:0	mariaosm	mariaosm	NA	1	1	02:23:49	10485760	5856	3-00:00:00	8764	02:26:01
1188	ETV2_ONECUT2_CAP-SELEX_TACTAC40NGCC_AAA_RCCGGAANNNNNNRATCRATN_1_3	RCCGGAANNNNNNRATCRATN	29347902_188	29347902	188	2025-08-21 14:08:43	puhti	COMPLETED	54574	0:0	mariaosm	mariaosm	NA	1	1	15:02:12	10485760	5995	3-00:00:00	54574	15:09:34
1189	ETV2_PITX1_CAP-SELEX_TGGCCT40NTAT_AAA_RSCGGAANNNNNGGMTTAN_1_3	RSCGGAANNNNNGGMTTAN	29347902_189	29347902	189	2025-08-21 14:08:43	puhti	COMPLETED	7888	0:0	mariaosm	mariaosm	NA	1	1	02:09:11	10485760	5834	3-00:00:00	7888	02:11:25
1190	ETV2_SOX15_CAP-SELEX_TTCGCC40NGAC_AAA_RSCGGAANNNNNNNYWTTGT_1_3	RSCGGAANNNNNNNYWTTGT	29347902_190	29347902	190	2025-08-21 14:08:43	puhti	COMPLETED	150118	0:0	mariaosm	mariaosm	NA	1	1	1-17:22:26	10485760	6163	3-00:00:00	150118	1-17:41:58
1191	ETV2_SOX15_CAP-SELEX_TTCGCC40NGAC_AAA_RSCGGAANNNNNNYWTTGT_1_3	RSCGGAANNNNNNYWTTGT	29347902_191	29347902	191	2025-08-21 14:08:43	puhti	COMPLETED	19096	0:0	mariaosm	mariaosm	NA	1	1	05:14:47	10485760	5888	3-00:00:00	19096	05:18:14
1192	ETV2_SOX15_CAP-SELEX_TTCGCC40NGAC_AAA_RSCGGAWNNNNNNACAATRN_1_3	RSCGGAWNNNNNNACAATRN	29347902_192	29347902	192	2025-08-21 14:08:43	puhti	COMPLETED	147640	0:0	mariaosm	mariaosm	NA	1	1	1-16:42:12	10485760	6145	3-00:00:00	147640	1-17:00:40
1193	ETV2_SOX15_CAP-SELEX_TTCGCC40NGAC_AAA_RSCGGAWNNNNNNNACAATRN_1_3	RSCGGAWNNNNNNNACAATRN	29347902_193	29347902	193	2025-08-21 14:08:43	puhti	CANCELLED	259210	0:0	mariaosm	mariaosm	NA	1	1	NA	10485760	9494344	3-00:00:00	259213	3-00:00:10
1194	ETV2_TBX21_CAP-SELEX_TGTAGC40NCCT_AAA_RCCGGANNNNNNNNNNNACACCTN_1_3	RCCGGANNNNNNNNNNNACACCTN	29347902_194	29347902	194	2025-08-21 14:08:43	puhti	COMPLETED	239223	0:0	mariaosm	mariaosm	NA	1	1	NA	10485760	6048	3-00:00:00	239223	2-18:27:03
1195	ETV2_TCF3_CAP-SELEX_TGAAGC40NCTA_AAA_CASSTGNNCCGGAWRYN_1_3b0	CASSTGNNCCGGAWRYN	29347902_195	29347902	195	2025-08-21 14:08:43	puhti	COMPLETED	379	0:0	mariaosm	mariaosm	NA	1	1	05:57.623	10485760	6014	3-00:00:00	379	NA
1196	ETV5_CLOCK_CAP-SELEX_TTGTCT40NGCT_AY_NCACGTGNNNNNSCGGAWRN_1_3b1	NCACGTGNNNNNSCGGAWRN	29347902_196	29347902	196	2025-08-21 14:08:43	puhti	COMPLETED	46688	0:0	mariaosm	mariaosm	NA	1	1	12:53:35	10485760	5896	3-00:00:00	46688	12:58:08
1197	ETV5_DLX2_CAP-SELEX_TGCGGT40NTCA_AY_RSCGGAANNNNNYAATTA_1_3	RSCGGAANNNNNYAATTA	29347902_197	29347902	197	2025-08-21 14:08:43	puhti	COMPLETED	1658	0:0	mariaosm	mariaosm	NA	1	1	27:21.879	10485760	5896	3-00:00:00	1658	NA
1198	ETV5_TCF3_CAP-SELEX_TCGTCC40NGCC_AY_CASSTGNRNNGGAAGNN_1_2	CASSTGNRNNGGAAGNN	29347902_198	29347902	198	2025-08-21 14:08:43	puhti	COMPLETED	1198	0:0	mariaosm	mariaosm	NA	1	1	18:45.233	10485760	5975	3-00:00:00	1198	NA
1199	ETV5_TCF3_CAP-SELEX_TCGTCC40NGCC_AY_RNCGGAAGNNNNNCASSTGN_1_2	RNCGGAAGNNNNNCASSTGN	29347902_199	29347902	199	2025-08-21 14:08:43	puhti	COMPLETED	48403	0:0	mariaosm	mariaosm	NA	1	1	13:21:37	10485760	5914	3-00:00:00	48403	13:26:43
1200	FLI1_DLX2_CAP-SELEX_TGTCGA40NGCA_AAC_RSCGGAANNNNNYAATTAN_1_2	RSCGGAANNNNNYAATTAN	29347902_200	29347902	200	2025-08-21 14:08:43	puhti	COMPLETED	6034	0:0	mariaosm	mariaosm	NA	1	1	01:38:41	10485760	5953	3-00:00:00	6034	01:40:33
1201	FLI1_ONECUT2_CAP-SELEX_TGACAT40NCGG_AAC_RSCGGAANNNNNNRTCGAT_1_3	RSCGGAANNNNNNRTCGAT	29347902_201	29347902	201	2025-08-21 14:08:43	puhti	COMPLETED	6752	0:0	mariaosm	mariaosm	NA	1	1	01:51:49	10485760	6170	3-00:00:00	6752	01:52:32
1202	GCM1_CEBPB_CAP-SELEX_TGCAGG40NTCG_AX_ATRSGGGNNNNTTRCGYAAN_1_3	ATRSGGGNNNNTTRCGYAAN	29347902_202	29347902	202	2025-08-21 14:08:43	puhti	COMPLETED	3747	0:0	mariaosm	mariaosm	NA	1	1	01:01:59	10485760	5897	3-00:00:00	3747	01:02:27
1203	GCM1_CEBPB_CAP-SELEX_TGCAGG40NTCG_AX_MTRSGGGNNNNNNTTRCGYAAN_1_3	MTRSGGGNNNNNNTTRCGYAAN	29347902_203	29347902	203	2025-08-21 14:08:43	puhti	CANCELLED	259203	0:0	mariaosm	mariaosm	NA	1	1	NA	10485760	8238737	3-00:00:00	259206	3-00:00:03
1204	GCM1_CEBPB_CAP-SELEX_TGCAGG40NTCG_AX_MTRSGGGNNNNNTTRCGYAAN_1_3	MTRSGGGNNNNNTTRCGYAAN	29347902_204	29347902	204	2025-08-21 14:08:43	puhti	COMPLETED	45977	0:0	mariaosm	mariaosm	NA	1	1	12:41:20	10485760	6034	3-00:00:00	45977	12:46:17
1205	GCM1_FIGLA_CAP-SELEX_TCGAAC40NGAT_AU_CASSTGNNNNNNNNNNNTGCGGG_1_2	CASSTGNNNNNNNNNNNTGCGGG	29347902_205	29347902	205	2025-08-21 14:08:43	puhti	CANCELLED	259220	0:0	mariaosm	mariaosm	NA	1	1	NA	10485760	8138341	3-00:00:00	259223	3-00:00:20
1206	GCM1_FIGLA_CAP-SELEX_TCGAAC40NGAT_AU_CASSTGNNNNNNNNNNTGCGGG_1_2	CASSTGNNNNNNNNNNTGCGGG	29347902_206	29347902	206	2025-08-21 14:08:43	puhti	CANCELLED	259210	0:0	mariaosm	mariaosm	NA	1	1	NA	10485760	9754149	3-00:00:00	259214	3-00:00:10
1207	GCM1_FIGLA_CAP-SELEX_TCGAAC40NGAT_AU_CASSTGNNNNNNNNTGCGGG_1_2	CASSTGNNNNNNNNTGCGGG	29347902_207	29347902	207	2025-08-21 14:08:43	puhti	COMPLETED	114069	0:0	mariaosm	mariaosm	NA	1	1	1-07:29:00	10485760	6568	3-00:00:00	114069	1-07:41:09
1208	GCM1_FIGLA_CAP-SELEX_TCGAAC40NGAT_AU_CASSTGNNNNNNNTGCGGG_1_2	CASSTGNNNNNNNTGCGGG	29347902_208	29347902	208	2025-08-21 14:08:43	puhti	COMPLETED	17112	0:0	mariaosm	mariaosm	NA	1	1	04:43:18	10485760	5862	3-00:00:00	17112	04:45:11
1209	GCM1_MAX_CAP-SELEX_TTAGTC40NTCC_AU_NNCACGTGNNNNNNNNNNRTGCGGGYRN_1_3	NNCACGTGNNNNNNNNNNRTGCGGGYRN	29347902_209	29347902	209	2025-08-21 14:08:43	puhti	CANCELLED	259216	0:0	mariaosm	mariaosm	NA	1	1	NA	10485760	9637815	3-00:00:00	259219	3-00:00:16
1210	GCM1_MAX_CAP-SELEX_TTAGTC40NTCC_AU_RTGCGGGNNNNNNNCACGTGN_1_3	RTGCGGGNNNNNNNCACGTGN	29347902_210	29347902	210	2025-08-21 14:08:43	puhti	COMPLETED	59801	0:0	mariaosm	mariaosm	NA	1	1	16:29:24	10485760	6038	3-00:00:00	59801	16:36:41
1211	GCM1_SOX2_CAP-SELEX_TATGAT40NACA_AX_RTRSGGGNNNATTGTKY_1_3	RTRSGGGNNNATTGTKY	29347902_211	29347902	211	2025-08-21 14:08:43	puhti	COMPLETED	344	0:0	mariaosm	mariaosm	NA	1	1	05:40.960	10485760	5902	3-00:00:00	344	NA
1212	GCM1_TBX21_CAP-SELEX_TCCTAT40NAGA_AU_RGGTGWKNNNNNNNNNTNNCRTRNGGGN_2_3	RGGTGWKNNNNNNNNNTNNCRTRNGGGN	29347902_212	29347902	212	2025-08-21 14:08:43	puhti	COMPLETED	202925	0:0	mariaosm	mariaosm	NA	1	1	NA	10485760	6180	3-00:00:00	202925	2-08:22:05
1213	GCM2_DLX2_CAP-SELEX_TGTGCT40NCGG_AAB_RTRCGGGNNNNNTAATTR_1_3u	RTRCGGGNNNNNTAATTR	29347902_213	29347902	213	2025-08-21 14:08:43	puhti	COMPLETED	1610	0:0	mariaosm	mariaosm	NA	1	1	26:37.391	10485760	5866	3-00:00:00	1610	NA
1214	GCM2_DLX3_CAP-SELEX_TCGAGA40NGAT_AAB_RTRCGGGNNNNNNTAATKR_1_3	RTRCGGGNNNNNNTAATKR	29347902_214	29347902	214	2025-08-21 14:08:43	puhti	COMPLETED	14851	0:0	mariaosm	mariaosm	NA	1	1	04:05:10	10485760	6310	3-00:00:00	14851	04:07:30
1215	GCM2_DLX3_CAP-SELEX_TCGAGA40NGAT_AAB_RTRCGGGNNNNNTAATKR_1_3	RTRCGGGNNNNNTAATKR	29347902_215	29347902	215	2025-08-21 14:08:43	puhti	COMPLETED	2869	0:0	mariaosm	mariaosm	NA	1	1	46:27.475	10485760	6371	3-00:00:00	2869	NA
1216	GCM2_FIGLA_CAP-SELEX_TCTCTT40NTCG_AAB_NCASSTGNNNNNNNNRTRCGGG_1_3	NCASSTGNNNNNNNNRTRCGGG	29347902_216	29347902	216	2025-08-21 14:08:43	puhti	COMPLETED	242762	0:0	mariaosm	mariaosm	NA	1	1	NA	10485760	7220	3-00:00:00	242762	2-19:26:02
1217	GCM2_HES7_CAP-SELEX_TGGTGA40NGTT_AAB_RTRNKGGTNNNGCACGYGNN_1_3	RTRNKGGTNNNGCACGYGNN	29347902_217	29347902	217	2025-08-21 14:08:43	puhti	COMPLETED	16737	0:0	mariaosm	mariaosm	NA	1	1	04:36:29	10485760	6164	3-00:00:00	16737	04:38:52
1218	GCM2_ONECUT2_CAP-SELEX_TGTCTA40NTCG_AAB_RTRCGGGNNNNNNATCRATN_1_3	RTRCGGGNNNNNNATCRATN	29347902_218	29347902	218	2025-08-21 14:08:43	puhti	COMPLETED	44460	0:0	mariaosm	mariaosm	NA	1	1	12:16:17	10485760	5896	3-00:00:00	44460	12:21:00
1219	GCM2_SOX15_CAP-SELEX_TCGCCA40NCCT_AAB_ATRCGGGYNNNNNYWTTGTNN_1_3u	ATRCGGGYNNNNNYWTTGTNN	29347902_219	29347902	219	2025-08-21 14:08:43	puhti	COMPLETED	132739	0:0	mariaosm	mariaosm	NA	1	1	1-12:38:21	10485760	6453	3-00:00:00	132739	1-12:52:19
1220	GCM2_SOX15_CAP-SELEX_TCGCCA40NCCT_AAB_RTRCGGGNNNNNNNYWTTGTNN_1_3u	RTRCGGGNNNNNNNYWTTGTNN	29347902_220	29347902	220	2025-08-21 14:08:43	puhti	CANCELLED	259229	0:0	mariaosm	mariaosm	NA	1	1	NA	10485760	9590218	3-00:00:00	259233	3-00:00:29
1221	GCM2_SOX15_CAP-SELEX_TCGCCA40NCCT_AAB_RTRCGGGNNNNRNACAAWN_1_3u	RTRCGGGNNNNRNACAAWN	29347902_221	29347902	221	2025-08-21 14:08:43	puhti	COMPLETED	15478	0:0	mariaosm	mariaosm	NA	1	1	04:16:15	10485760	6187	3-00:00:00	15478	04:17:57
1222	GCM2_SOX15_CAP-SELEX_TCGCCA40NCCT_AAB_RTRCGGGNNNRNACAAWN_1_3u	RTRCGGGNNNRNACAAWN	29347902_222	29347902	222	2025-08-21 14:08:43	puhti	COMPLETED	3620	0:0	mariaosm	mariaosm	NA	1	1	59:51.553	10485760	5775	3-00:00:00	3620	01:00:20
1223	HOXB2_ELF1_CAP-SELEX_TTTAGG40NTCT_AY_NNYMATTANNNNNNNGGAAGNN_1_3	NNYMATTANNNNNNNGGAAGNN	29347902_223	29347902	223	2025-08-21 14:08:43	puhti	CANCELLED	259230	0:0	mariaosm	mariaosm	NA	1	1	NA	10485760	9705026	3-00:00:00	259233	3-00:00:30
1224	HOXB2_ELF1_CAP-SELEX_TTTAGG40NTCT_AY_NYMATTANNNNNNNNGGAAGNN_1_3	NYMATTANNNNNNNNGGAAGNN	29347902_224	29347902	224	2025-08-21 14:08:43	puhti	CANCELLED	259230	0:0	mariaosm	mariaosm	NA	1	1	NA	10485760	9616814	3-00:00:00	259233	3-00:00:30
1225	HOXB2_ELF1_CAP-SELEX_TTTAGG40NTCT_AY_TAATKRNNNNGGAAGTN_1_3	TAATKRNNNNGGAAGTN	29347902_225	29347902	225	2025-08-21 14:08:43	puhti	COMPLETED	737	0:0	mariaosm	mariaosm	NA	1	1	11:52.608	10485760	6455	3-00:00:00	737	NA
1226	HOXB2_ELF1_CAP-SELEX_TTTAGG40NTCT_AY_TAATKRNNNNNGGAAGTN_1_2	TAATKRNNNNNGGAAGTN	29347902_226	29347902	226	2025-08-21 14:08:43	puhti	COMPLETED	3209	0:0	mariaosm	mariaosm	NA	1	1	53:06.039	10485760	6042	3-00:00:00	3209	NA
1227	HOXB2_ESRRB_CAP-SELEX_TCCTCG40NCAG_AY_TAATKNNNNNNNNAAGGTCA_1_3	TAATKNNNNNNNNAAGGTCA	29347902_227	29347902	227	2025-08-21 14:08:43	puhti	COMPLETED	57893	0:0	mariaosm	mariaosm	NA	1	1	15:57:23	10485760	7247	3-00:00:00	57893	16:04:53
1228	HOXB2_ESRRB_CAP-SELEX_TCCTCG40NCAG_AY_TAATKRNNNNNNAAGGTCA_1_3	TAATKRNNNNNNAAGGTCA	29347902_228	29347902	228	2025-08-21 14:08:43	puhti	COMPLETED	3711	0:0	mariaosm	mariaosm	NA	1	1	01:01:20	10485760	5856	3-00:00:00	3711	01:01:51
1229	HOXB2_RFX5_CAP-SELEX_TGCTCT40NTTA_AY_SYMATTANNNNNNRGCAACN_1_2	SYMATTANNNNNNRGCAACN	29347902_229	29347902	229	2025-08-21 14:08:43	puhti	COMPLETED	123480	0:0	mariaosm	mariaosm	NA	1	1	1-10:04:34	10485760	6147	3-00:00:00	123480	1-10:18:00
1230	HOXB2_RFX5_CAP-SELEX_TGCTCT40NTTA_AY_TAATKRNNNNGCAAC_1_2	TAATKRNNNNGCAAC	29347902_230	29347902	230	2025-08-21 14:08:43	puhti	COMPLETED	164	0:0	mariaosm	mariaosm	NA	1	1	02:42.402	10485760	6035	3-00:00:00	164	NA
1231	HOXB2_RFX5_CAP-SELEX_TGCTCT40NTTA_AY_TAATKRNNNNNGCAAC_1_2	TAATKRNNNNNGCAAC	29347902_231	29347902	231	2025-08-21 14:08:43	puhti	COMPLETED	560	0:0	mariaosm	mariaosm	NA	1	1	09:04.630	10485760	6059	3-00:00:00	560	NA
1232	HOXB2_SPDEF_CAP-SELEX_TTGCAA40NGTG_AY_ANCCGGATNNNNNNMATTA_1_3	ANCCGGATNNNNNNMATTA	29347902_232	29347902	232	2025-08-21 14:08:43	puhti	COMPLETED	7670	0:0	mariaosm	mariaosm	NA	1	1	02:06:26	10485760	6573	3-00:00:00	7670	02:07:39
1233	HOXB2_TCF3_CAP-SELEX_TGAAGC40NCTA_AY_NCACCTGNNNNNMATTA_1_3	NCACCTGNNNNNMATTA	29347902_233	29347902	233	2025-08-21 14:08:43	puhti	COMPLETED	1208	0:0	mariaosm	mariaosm	NA	1	1	19:43.218	10485760	5993	3-00:00:00	1208	NA
1234	HOXB2_TCF3_CAP-SELEX_TGAAGC40NCTA_AY_NCAGGTGNNNNNMATTA_1_3	NCAGGTGNNNNNMATTA	29347902_234	29347902	234	2025-08-21 14:08:43	puhti	COMPLETED	1205	0:0	mariaosm	mariaosm	NA	1	1	19:34.460	10485760	5994	3-00:00:00	1205	NA
1235	HOXD12_FIGLA_CAP-SELEX_TCGAAC40NGAT_AAB_SYMRTAAANNNNCASSTGN_1_2	SYMRTAAANNNNCASSTGN	29347902_235	29347902	235	2025-08-21 14:08:43	puhti	COMPLETED	17738	0:0	mariaosm	mariaosm	NA	1	1	04:53:37	10485760	5769	3-00:00:00	17738	04:55:36
1236	MEIS1_DLX3_CAP-SELEX_TAAAGC40NGAA_AT_TGACANSNTAATTG_1_3	TGACANSNTAATTG	29347902_236	29347902	236	2025-08-21 14:08:43	puhti	COMPLETED	22	0:0	mariaosm	mariaosm	NA	1	1	NA	10485760	3272	3-00:00:00	22	NA
1237	MYBL1_FIGLA_CAP-SELEX_TCAGCC40NTTC_AX_NCASSTGNNNNNNNCSGTTR_1_3	NCASSTGNNNNNNNCSGTTR	29347902_237	29347902	237	2025-08-21 14:08:43	puhti	CANCELLED	259221	0:0	mariaosm	mariaosm	NA	1	1	NA	10485760	8069547	3-00:00:00	259224	3-00:00:21
1238	MYBL1_FIGLA_CAP-SELEX_TCAGCC40NTTC_AX_NCASSTGNNNNNNNNCSGTTR_1_3	NCASSTGNNNNNNNNCSGTTR	29347902_238	29347902	238	2025-08-21 14:08:43	puhti	CANCELLED	259221	0:0	mariaosm	mariaosm	NA	1	1	NA	10485760	7922888	3-00:00:00	259224	3-00:00:21
1239	MYBL1_FIGLA_CAP-SELEX_TCAGCC40NTTC_AX_NCASSTGNNNNNNNNNCSGTTR_1_3	NCASSTGNNNNNNNNNCSGTTR	29347902_239	29347902	239	2025-08-21 14:08:43	puhti	CANCELLED	259221	0:0	mariaosm	mariaosm	NA	1	1	NA	10485760	9482550	3-00:00:00	259224	3-00:00:21
1240	MYBL1_FIGLA_CAP-SELEX_TCAGCC40NTTC_AX_NCASSTGNNNNNNYAACSGYN_1_3	NCASSTGNNNNNNYAACSGYN	29347902_240	29347902	240	2025-08-21 14:08:43	puhti	CANCELLED	259221	0:0	mariaosm	mariaosm	NA	1	1	NA	10485760	8279410	3-00:00:00	259225	3-00:00:21
1241	MYBL1_FIGLA_CAP-SELEX_TCAGCC40NTTC_AX_NCASSTGNNNNNYAACSGYN_1_3	NCASSTGNNNNNYAACSGYN	29347902_241	29347902	241	2025-08-21 14:08:43	puhti	CANCELLED	259221	0:0	mariaosm	mariaosm	NA	1	1	NA	10485760	6883876	3-00:00:00	259224	3-00:00:21
1242	MYBL1_MAX_CAP-SELEX_TCCTTG40NGGT_AX_NCACGTGNNYAACSGNN_1_2	NCACGTGNNYAACSGNN	29347902_242	29347902	242	2025-08-21 14:08:43	puhti	COMPLETED	651	0:0	mariaosm	mariaosm	NA	1	1	10:45.303	10485760	6059	3-00:00:00	651	NA
1243	MYBL1_MAX_CAP-SELEX_TCCTTG40NGGT_AX_YAACGGNNNNNNNNNNCACGTG_1_2	YAACGGNNNNNNNNNNCACGTG	29347902_243	29347902	243	2025-08-21 14:08:43	puhti	CANCELLED	259212	0:0	mariaosm	mariaosm	NA	1	1	NA	10485760	9646729	3-00:00:00	259216	3-00:00:12
1244	MYBL1_MAX_CAP-SELEX_TCCTTG40NGGT_AX_YAACGGNNNNNNNNNNNCACGTG_1_2	YAACGGNNNNNNNNNNNCACGTG	29347902_244	29347902	244	2025-08-21 14:08:43	puhti	CANCELLED	259212	0:0	mariaosm	mariaosm	NA	1	1	NA	10485760	8248333	3-00:00:00	259216	3-00:00:12
1245	PITX1_FIGLA_CAP-SELEX_TGTGAT40NGCA_AAB_TAATCCNNNNCASSTG_1_3	TAATCCNNNNCASSTG	29347902_245	29347902	245	2025-08-21 14:08:43	puhti	COMPLETED	157	0:0	mariaosm	mariaosm	NA	1	1	02:34.386	10485760	5792	3-00:00:00	157	NA
1246	POU2F1_FOXO6_CAP-SELEX_TAATGA40NGTA_AX_RMATATKCNNNNNNNNNNNNNNNNRWMAACA_1_2	RMATATKCNNNNNNNNNNNNNNNNRWMAACA	29347902_246	29347902	246	2025-08-21 14:08:43	puhti	CANCELLED	259212	0:0	mariaosm	mariaosm	NA	1	1	NA	10485760	9840056	3-00:00:00	259216	3-00:00:12
1247	POU2F1_FOXO6_CAP-SELEX_TAATGA40NGTA_AX_RMATATKCNNNNNNNNNNNNNNNRWMAACA_1_2	RMATATKCNNNNNNNNNNNNNNNRWMAACA	29347902_247	29347902	247	2025-08-21 14:08:43	puhti	CANCELLED	259212	0:0	mariaosm	mariaosm	NA	1	1	NA	10485760	9677577	3-00:00:00	259216	3-00:00:12
1248	POU2F1_FOXO6_CAP-SELEX_TAATGA40NGTA_AX_RMATATKCNNNNNNNNNNNNNRWMAACA_1_2	RMATATKCNNNNNNNNNNNNNRWMAACA	29347902_248	29347902	248	2025-08-21 14:08:43	puhti	CANCELLED	259212	0:0	mariaosm	mariaosm	NA	1	1	NA	10485760	9648898	3-00:00:00	259216	3-00:00:12
1249	POU2F1_GSC2_CAP-SELEX_TGCCAT40NACC_AS_NNGATTANNNATGCAWNNN_1_2_v2	NNGATTANNNATGCAWNNN	29347902_249	29347902	249	2025-08-21 14:08:43	puhti	COMPLETED	34666	0:0	mariaosm	mariaosm	NA	1	1	09:33:38	10485760	6061	3-00:00:00	34666	09:37:43
1250	RFX3_SRF_CAP-SELEX_TTACGG40NCGC_AY_NRGYAACNNNNNCCTWWWNNGGN_1_3	NRGYAACNNNNNCCTWWWNNGGN	29347902_250	29347902	250	2025-08-21 14:08:43	puhti	COMPLETED	253654	0:0	mariaosm	mariaosm	NA	1	1	NA	10485760	6775	3-00:00:00	253654	2-22:27:34
1251	TEAD4_ALX4_CAP-SELEX_TGGCAA40NACT_AY_GGAATGNNNNNYTAATTA_1_3	GGAATGNNNNNYTAATTA	29347902_251	29347902	251	2025-08-21 14:08:43	puhti	COMPLETED	339	0:0	mariaosm	mariaosm	NA	1	1	05:26.369	10485760	5893	3-00:00:00	339	NA
1252	TEAD4_ALX4_CAP-SELEX_TGGCAA40NACT_AY_RCATWCYNNNNTAATYRNATTA_1_3	RCATWCYNNNNTAATYRNATTA	29347902_252	29347902	252	2025-08-21 14:08:43	puhti	COMPLETED	7647	0:0	mariaosm	mariaosm	NA	1	1	02:06:10	10485760	6002	3-00:00:00	7647	02:07:25
1253	TEAD4_CEBPB_CAP-SELEX_TGACTC40NTCA_AY_NTTRCGYAANNNNNNGGAATGY_1_3	NTTRCGYAANNNNNNGGAATGY	29347902_253	29347902	253	2025-08-21 14:08:43	puhti	COMPLETED	51888	0:0	mariaosm	mariaosm	NA	1	1	14:19:48	10485760	5960	3-00:00:00	51888	14:24:48
1254	TEAD4_CEBPD_CAP-SELEX_TGAGGC40NGGA_AY_NTTRCGYAANNNNNNNNRGWATGY_1_3	NTTRCGYAANNNNNNNNRGWATGY	29347902_254	29347902	254	2025-08-21 14:08:43	puhti	CANCELLED	259212	0:0	mariaosm	mariaosm	NA	1	1	NA	10485760	9778339	3-00:00:00	259216	3-00:00:12
1255	TEAD4_CEBPD_CAP-SELEX_TGAGGC40NGGA_AY_NTTRCGYAANNNNNNNRGWATGY_1_3	NTTRCGYAANNNNNNNRGWATGY	29347902_255	29347902	255	2025-08-21 14:08:43	puhti	CANCELLED	259212	0:0	mariaosm	mariaosm	NA	1	1	NA	10485760	8140462	3-00:00:00	259216	3-00:00:12
1256	TEAD4_CEBPD_CAP-SELEX_TGAGGC40NGGA_AY_NTTRCGYAANNNNNNRGWATGY_1_3	NTTRCGYAANNNNNNRGWATGY	29347902_256	29347902	256	2025-08-21 14:08:43	puhti	CANCELLED	259212	0:0	mariaosm	mariaosm	NA	1	1	NA	10485760	8041666	3-00:00:00	259216	3-00:00:12
1257	TEAD4_CLOCK_CAP-SELEX_TCTTGA40NGTG_AY_NCACGTGNNNNNNCATWCC_1_3	NCACGTGNNNNNNCATWCC	29347902_257	29347902	257	2025-08-21 14:08:43	puhti	COMPLETED	7584	0:0	mariaosm	mariaosm	NA	1	1	02:05:27	10485760	5899	3-00:00:00	7584	02:06:21
1258	TEAD4_CLOCK_CAP-SELEX_TCTTGA40NGTG_AY_NCACGTGNNNNNNNCATWCC_1_3	NCACGTGNNNNNNNCATWCC	29347902_258	29347902	258	2025-08-21 14:08:43	puhti	COMPLETED	51119	0:0	mariaosm	mariaosm	NA	1	1	14:05:38	10485760	5930	3-00:00:00	51119	14:11:59
1259	TEAD4_DLX2_CAP-SELEX_TGTGCT40NCGG_AY_RCATTCYNNNCAATTA_1_2	RCATTCYNNNCAATTA	29347902_259	29347902	259	2025-08-21 14:08:43	puhti	COMPLETED	58	0:0	mariaosm	mariaosm	NA	1	1	NA	10485760	5764	3-00:00:00	58	NA
1260	TEAD4_DLX2_CAP-SELEX_TGTGCT40NCGG_AY_RCATTCYNNNNCAATTA_1_2	RCATTCYNNNNCAATTA	29347902_260	29347902	260	2025-08-21 14:08:43	puhti	COMPLETED	200	0:0	mariaosm	mariaosm	NA	1	1	03:04.370	10485760	6005	3-00:00:00	200	NA
1261	TEAD4_DLX2_CAP-SELEX_TGTGCT40NCGG_AY_RCATTCYNNNNTAATTR_1_2	RCATTCYNNNNTAATTR	29347902_261	29347902	261	2025-08-21 14:08:43	puhti	COMPLETED	362	0:0	mariaosm	mariaosm	NA	1	1	05:50.811	10485760	5771	3-00:00:00	362	NA
1262	TEAD4_DLX3_CAP-SELEX_TCGAGA40NGAT_AY_RCATTCCNNNYAATTA_1_3	RCATTCCNNNYAATTA	29347902_262	29347902	262	2025-08-21 14:08:43	puhti	COMPLETED	60	0:0	mariaosm	mariaosm	NA	1	1	NA	10485760	5776	3-00:00:00	60	NA
1263	TEAD4_DLX3_CAP-SELEX_TCGAGA40NGAT_AY_RCATTCNNNNNTAATKR_1_3	RCATTCNNNNNTAATKR	29347902_263	29347902	263	2025-08-21 14:08:43	puhti	COMPLETED	1191	0:0	mariaosm	mariaosm	NA	1	1	19:41.792	10485760	5866	3-00:00:00	1191	NA
1264	TEAD4_ERG_CAP-SELEX_TGCCGC40NGCC_AY_RSCGGAANNNNNNNNCATWCC_1_3	RSCGGAANNNNNNNNCATWCC	29347902_264	29347902	264	2025-08-21 14:08:43	puhti	CANCELLED	259217	0:0	mariaosm	mariaosm	NA	1	1	NA	10485760	8101927	3-00:00:00	259220	3-00:00:17
1265	TEAD4_FIGLA_CAP-SELEX_TCTCTT40NTCG_AY_GGAATKNNCASSTG_1_3	GGAATKNNCASSTG	29347902_265	29347902	265	2025-08-21 14:08:43	puhti	COMPLETED	46	0:0	mariaosm	mariaosm	NA	1	1	NA	10485760	5847	3-00:00:00	46	NA
1266	TEAD4_HES7_CAP-SELEX_TAGTGC40NATG_AX_GGWATGYNNNNCRCGYGY_1_2	GGWATGYNNNNCRCGYGY	29347902_266	29347902	266	2025-08-21 14:08:43	puhti	COMPLETED	1440	0:0	mariaosm	mariaosm	NA	1	1	23:34.888	10485760	5916	3-00:00:00	1440	NA
1267	TEAD4_HES7_CAP-SELEX_TAGTGC40NATG_AX_GGWATGYNNNNNNCRCGYGY_1_2	GGWATGYNNNNNNCRCGYGY	29347902_267	29347902	267	2025-08-21 14:08:43	puhti	COMPLETED	43554	0:0	mariaosm	mariaosm	NA	1	1	12:01:15	10485760	5957	3-00:00:00	43554	12:05:54
1268	TEAD4_HES7_CAP-SELEX_TAGTGC40NATG_AX_RCATTCCNNCRCGYGYN_1_2	RCATTCCNNCRCGYGYN	29347902_268	29347902	268	2025-08-21 14:08:43	puhti	COMPLETED	172	0:0	mariaosm	mariaosm	NA	1	1	02:47.930	10485760	5898	3-00:00:00	172	NA
1269	TEAD4_HES7_CAP-SELEX_TAGTGC40NATG_AX_RCATTCCNNNNNCRCGYGYN_1_2	RCATTCCNNNNNCRCGYGYN	29347902_269	29347902	269	2025-08-21 14:08:43	puhti	COMPLETED	16285	0:0	mariaosm	mariaosm	NA	1	1	04:29:14	10485760	6598	3-00:00:00	16285	04:31:25
1270	TEAD4_HOXA13_CAP-SELEX_TTTCAA40NTGA_AX_RCATWCCNNNNNNNNYNNTAAA_1_2	RCATWCCNNNNNNNNYNNTAAA	29347902_270	29347902	270	2025-08-21 14:08:43	puhti	COMPLETED	231482	0:0	mariaosm	mariaosm	NA	1	1	NA	10485760	6341	3-00:00:00	231482	2-16:18:02
1271	TEAD4_HOXA13_CAP-SELEX_TTTCAA40NTGA_AX_RCATWCCNNNNNNTTTAYNNN_1_2	RCATWCCNNNNNNTTTAYNNN	29347902_271	29347902	271	2025-08-21 14:08:43	puhti	COMPLETED	248942	0:0	mariaosm	mariaosm	NA	1	1	NA	10485760	6374	3-00:00:00	248942	2-21:09:02
1272	TEAD4_HOXA2_CAP-SELEX_TCTGCG40NCGG_AY_RCATTCNNNNNNCATTA_1_3	RCATTCNNNNNNCATTA	29347902_272	29347902	272	2025-08-21 14:08:43	puhti	COMPLETED	1396	0:0	mariaosm	mariaosm	NA	1	1	22:52.601	10485760	5872	3-00:00:00	1396	NA
1273	TEAD4_HOXA3_CAP-SELEX_TCTCCC40NCCG_AY_RCATTCYNNNNNCATTA_1_3	RCATTCYNNNNNCATTA	29347902_273	29347902	273	2025-08-21 14:08:43	puhti	COMPLETED	731	0:0	mariaosm	mariaosm	NA	1	1	12:03.719	10485760	5828	3-00:00:00	731	NA
1274	TEAD4_MAX_CAP-SELEX_TGCCTG40NTCC_AY_RCATTCCNNNNNNCACGTG_1_3	RCATTCCNNNNNNCACGTG	29347902_274	29347902	274	2025-08-21 14:08:43	puhti	COMPLETED	1363	0:0	mariaosm	mariaosm	NA	1	1	22:35.240	10485760	5978	3-00:00:00	1363	NA
1275	TEAD4_MAX_CAP-SELEX_TGCCTG40NTCC_AY_RCATTCCNNNNNNNCACGTG_1_3	RCATTCCNNNNNNNCACGTG	29347902_275	29347902	275	2025-08-21 14:08:43	puhti	COMPLETED	9321	0:0	mariaosm	mariaosm	NA	1	1	02:33:36	10485760	5765	3-00:00:00	9321	02:35:18
1276	TEAD4_PAX5_CAP-SELEX_TGGATG40NTAT_AY_RCATWCCNNNNNNNNNNNNRWGCGTGACN_2_3	RCATWCCNNNNNNNNNNNNRWGCGTGACN	29347902_276	29347902	276	2025-08-21 14:08:43	puhti	CANCELLED	259225	0:0	mariaosm	mariaosm	NA	1	1	NA	10485760	9723013	3-00:00:00	259228	3-00:00:25
1277	TEAD4_PITX1_CAP-SELEX_TCTTTC40NTTG_AY_RCATWCNNNNGGATTA_1_3	RCATWCNNNNGGATTA	29347902_277	29347902	277	2025-08-21 14:08:43	puhti	COMPLETED	192	0:0	mariaosm	mariaosm	NA	1	1	03:08.508	10485760	5818	3-00:00:00	192	NA
1278	TEAD4_PITX1_CAP-SELEX_TCTTTC40NTTG_AY_RCATWCNNNNNGGATTA_1_3	RCATWCNNNNNGGATTA	29347902_278	29347902	278	2025-08-21 14:08:43	puhti	COMPLETED	603	0:0	mariaosm	mariaosm	NA	1	1	09:49.872	10485760	6366	3-00:00:00	603	NA
1279	TEAD4_PITX1_CAP-SELEX_TCTTTC40NTTG_AY_RCATWCYNNNNNTAATCC_1_3	RCATWCYNNNNNTAATCC	29347902_279	29347902	279	2025-08-21 14:08:43	puhti	COMPLETED	1839	0:0	mariaosm	mariaosm	NA	1	1	30:12.398	10485760	5757	3-00:00:00	1839	NA
1280	TEAD4_PITX1_CAP-SELEX_TCTTTC40NTTG_AY_RCATWCYNNNNTAATCC_1_3	RCATWCYNNNNTAATCC	29347902_280	29347902	280	2025-08-21 14:08:43	puhti	COMPLETED	435	0:0	mariaosm	mariaosm	NA	1	1	06:58.251	10485760	5755	3-00:00:00	436	NA
1281	TEAD4_RFX5_CAP-SELEX_TCGGTT40NTGT_AY_RCATTCNNNNNNNNNNNNNNNNGCAACN_1_2	RCATTCNNNNNNNNNNNNNNNNGCAACN	29347902_281	29347902	281	2025-08-21 14:08:43	puhti	CANCELLED	259226	0:0	mariaosm	mariaosm	NA	1	1	NA	10485760	9623372	3-00:00:00	259231	3-00:00:26
1282	TEAD4_RFX5_CAP-SELEX_TCGGTT40NTGT_AY_RCATTCNNNNNNNNNNNNNNNNNGCAACN_1_2	RCATTCNNNNNNNNNNNNNNNNNGCAACN	29347902_282	29347902	282	2025-08-21 14:08:43	puhti	CANCELLED	259226	0:0	mariaosm	mariaosm	NA	1	1	NA	10485760	9871152	3-00:00:00	259232	3-00:00:26
1283	TEAD4_SOX6_CAP-SELEX_TGAGAT40NAGA_AY_NNACAATNNNNNNGAATGY_1_3	NNACAATNNNNNNGAATGY	29347902_283	29347902	283	2025-08-21 14:08:43	puhti	COMPLETED	51994	0:0	mariaosm	mariaosm	NA	1	1	14:20:20	10485760	5786	3-00:00:00	51994	14:26:34
1284	TEAD4_TBX21_CAP-SELEX_TGTTCA40NCTG_AY_ARGTGTKRNNNNNRGWATGY_1_3	ARGTGTKRNNNNNRGWATGY	29347902_284	29347902	284	2025-08-21 14:08:43	puhti	COMPLETED	22910	0:0	mariaosm	mariaosm	NA	1	1	06:18:33	10485760	5766	3-00:00:00	22910	06:21:47
1285	TFAP2C_DLX3_CAP-SELEX_TTGCAT40NTGG_AY_NSCCNNNRGGCANNNNNNTAATKR_1_3	NSCCNNNRGGCANNNNNNTAATKR	29347902_285	29347902	285	2025-08-21 14:08:43	puhti	CANCELLED	259226	0:0	mariaosm	mariaosm	NA	1	1	NA	10485760	9765518	3-00:00:00	259232	3-00:00:26
1286	TFAP2C_DLX3_CAP-SELEX_TTGCAT40NTGG_AY_NSCCNNNRGGCANNNNNTAATKR_1_3	NSCCNNNRGGCANNNNNTAATKR	29347902_286	29347902	286	2025-08-21 14:08:43	puhti	CANCELLED	259226	0:0	mariaosm	mariaosm	NA	1	1	NA	10485760	9640693	3-00:00:00	259231	3-00:00:26
1287	TFAP2C_DLX3_CAP-SELEX_TTGCAT40NTGG_AY_NSCCNNNRGGCANNNNYMATTA_1_3	NSCCNNNRGGCANNNNYMATTA	29347902_287	29347902	287	2025-08-21 14:08:43	puhti	CANCELLED	259226	0:0	mariaosm	mariaosm	NA	1	1	NA	10485760	9511668	3-00:00:00	259232	3-00:00:26
1288	TFAP2C_HES7_CAP-SELEX_TGTGAA40NTAC_AY_NNCRCGYGNNNNNNNSCCNNNGGS_1_3	NNCRCGYGNNNNNNNSCCNNNGGS	29347902_288	29347902	288	2025-08-21 14:08:43	puhti	CANCELLED	259226	0:0	mariaosm	mariaosm	NA	1	1	NA	10485760	9795564	3-00:00:00	259231	3-00:00:26
1289	TFAP2C_HES7_CAP-SELEX_TGTGAA40NTAC_AY_NNCRCGYGNNNNNNSCCNNNGGS_1_3	NNCRCGYGNNNNNNSCCNNNGGS	29347902_289	29347902	289	2025-08-21 14:08:43	puhti	CANCELLED	259226	0:0	mariaosm	mariaosm	NA	1	1	NA	10485760	8177998	3-00:00:00	259231	3-00:00:26
1290	TFAP2C_MAX_CAP-SELEX_TTAGTC40NTCC_AY_TNSCCNNNGGSNNNCACGTGN_1_2	TNSCCNNNGGSNNNCACGTGN	29347902_290	29347902	290	2025-08-21 14:08:43	puhti	COMPLETED	119057	0:0	mariaosm	mariaosm	NA	1	1	1-08:50:46	10485760	5808	3-00:00:00	119057	1-09:04:17
1291	TFAP2C_MAX_CAP-SELEX_TTAGTC40NTCC_AY_TNSCCNNNGGSNNNNCACGTGN_1_3	TNSCCNNNGGSNNNNCACGTGN	29347902_291	29347902	291	2025-08-21 14:08:43	puhti	CANCELLED	259226	0:0	mariaosm	mariaosm	NA	1	1	NA	10485760	9640430	3-00:00:00	259231	3-00:00:26
1292	TFAP2C_MAX_CAP-SELEX_TTAGTC40NTCC_AY_TNSCCNNNGGSNNNNNNNNNNNNNCACGTGN_1_3	TNSCCNNNGGSNNNNNNNNNNNNNCACGTGN	29347902_292	29347902	292	2025-08-21 14:08:43	puhti	CANCELLED	259226	0:0	mariaosm	mariaosm	NA	1	1	NA	10485760	9980003	3-00:00:00	259231	3-00:00:26
1293	TFAP2C_MAX_CAP-SELEX_TTAGTC40NTCC_AY_TNSCCNNNGGSNNNNNNNNNNNNNNCACGTGN_1_3	TNSCCNNNGGSNNNNNNNNNNNNNNCACGTGN	29347902_293	29347902	293	2025-08-21 14:08:43	puhti	COMPLETED	175305	0:0	mariaosm	mariaosm	NA	1	1	NA	10485760	5782	3-00:00:00	175305	2-00:41:45
1294	TFAP2C_ONECUT2_CAP-SELEX_TCCAGG40NTAG_AY_NATCGATNNNNNGCCTNNGGSNN_1_3	NATCGATNNNNNGCCTNNGGSNN	29347902_294	29347902	294	2025-08-21 14:08:43	puhti	CANCELLED	259226	0:0	mariaosm	mariaosm	NA	1	1	NA	10485760	9857635	3-00:00:00	259231	3-00:00:26
1295	TFAP2C_ONECUT2_CAP-SELEX_TCCAGG40NTAG_AY_NATCGATNNNNNNNGCCTNNGGSNN_1_3	NATCGATNNNNNNNGCCTNNGGSNN	29347902_295	29347902	295	2025-08-21 14:08:43	puhti	CANCELLED	259226	0:0	mariaosm	mariaosm	NA	1	1	NA	10485760	9508094	3-00:00:00	259229	3-00:00:26
1296	TFAP2C_ONECUT2_CAP-SELEX_TCCAGG40NTAG_AY_NATCGATNNNNNNNNGCCTNNGGSNN_1_3	NATCGATNNNNNNNNGCCTNNGGSNN	29347902_296	29347902	296	2025-08-21 14:08:43	puhti	CANCELLED	259226	0:0	mariaosm	mariaosm	NA	1	1	NA	10485760	9597154	3-00:00:00	259229	3-00:00:26
1297	TFAP2C_ONECUT2_CAP-SELEX_TCCAGG40NTAG_AY_NATYGATNNNNNNNNNGCCTNNGGSNN_1_3	NATYGATNNNNNNNNNGCCTNNGGSNN	29347902_297	29347902	297	2025-08-21 14:08:43	puhti	CANCELLED	259226	0:0	mariaosm	mariaosm	NA	1	1	NA	10485760	9565327	3-00:00:00	259229	3-00:00:26
1298	TFAP4_DLX3_CAP-SELEX_TGGGTG40NGGA_AW_NCAGSTGNNNNNNGTAATKR_1_3	NCAGSTGNNNNNNGTAATKR	29347902_298	29347902	298	2025-08-21 14:08:43	puhti	COMPLETED	46153	0:0	mariaosm	mariaosm	NA	1	1	12:44:14	10485760	5880	3-00:00:00	46153	12:49:13
1299	TFAP4_DLX3_CAP-SELEX_TGGGTG40NGGA_AW_NCAGSTGNNNNNNNGTAATKR_1_3	NCAGSTGNNNNNNNGTAATKR	29347902_299	29347902	299	2025-08-21 14:08:43	puhti	CANCELLED	259226	0:0	mariaosm	mariaosm	NA	1	1	NA	10485760	8104244	3-00:00:00	259229	3-00:00:26
1300	TFAP4_MAX_CAP-SELEX_TCCTTG40NGGT_AW_NCAGCTGNNNNNCACGTGN_1_3	NCAGCTGNNNNNCACGTGN	29347902_300	29347902	300	2025-08-21 14:08:43	puhti	COMPLETED	3387	0:0	mariaosm	mariaosm	NA	1	1	55:41.929	10485760	6033	3-00:00:00	3387	NA
1301	TFAP4_MAX_CAP-SELEX_TCCTTG40NGGT_AW_NCAGCTGNNNNNNNCACGTGN_1_3	NCAGCTGNNNNNNNCACGTGN	29347983_301	29347983	301	2025-08-21 14:09:41	puhti	COMPLETED	191560	0:0	mariaosm	mariaosm	NA	1	1	2-04:49:14	10485760	6209	3-00:00:00	191560	2-05:12:40
1302	ARNTL_BHLHA15_CAP-SELEX_TGGTCT40NCTT_AAC_RKCACGTGNNNMCATATGKN_2_3	RKCACGTGNNNMCATATGKN	29347983_302	29347983	302	2025-08-21 14:09:41	puhti	COMPLETED	962	0:0	mariaosm	mariaosm	NA	1	1	15:35.384	10485760	5708	3-00:00:00	962	NA
1303	CEBPG_ELF1_CAP-SELEX_TATGAC40NTCA_AS_TTGCGYAANNSCGGAAGN_2_3	TTGCGYAANNSCGGAAGN	29347983_303	29347983	303	2025-08-21 14:09:41	puhti	COMPLETED	87	0:0	mariaosm	mariaosm	NA	1	1	01:11.563	10485760	5689	3-00:00:00	87	NA
1304	CLOCK_BHLHA15_CAP-SELEX_TTCTTT40NCAG_AX_NCACGTGNNNNNCATATGN_1_2	NCACGTGNNNNNCATATGN	29347983_304	29347983	304	2025-08-21 14:09:41	puhti	COMPLETED	3816	0:0	mariaosm	mariaosm	NA	1	1	01:02:52	10485760	5710	3-00:00:00	3816	01:03:34
1305	CLOCK_FIGLA_CAP-SELEX_TCGGCA40NAGC_AX_NCASSTGKNNNNNNNNCACGTGN_1_2	NCASSTGKNNNNNNNNCACGTGN	29347983_305	29347983	305	2025-08-21 14:09:41	puhti	CANCELLED	259226	0:0	mariaosm	mariaosm	NA	1	1	NA	10485760	8144115	3-00:00:00	259231	3-00:00:26
1306	CLOCK_FIGLA_CAP-SELEX_TCGGCA40NAGC_AX_NCASSTGKNNNNNNNNNCACGTGN_1_2	NCASSTGKNNNNNNNNNCACGTGN	29347983_306	29347983	306	2025-08-21 14:09:41	puhti	CANCELLED	259226	0:0	mariaosm	mariaosm	NA	1	1	NA	10485760	9445430	3-00:00:00	259229	3-00:00:26
1307	CLOCK_NHLH1_CAP-SELEX_TAGATT40NACA_AX_NNCAGCTGNNNNNNCACGTGNN_1_2	NNCAGCTGNNNNNNCACGTGNN	29347983_307	29347983	307	2025-08-21 14:09:41	puhti	CANCELLED	259226	0:0	mariaosm	mariaosm	NA	1	1	NA	10485760	8074650	3-00:00:00	259229	3-00:00:26
1308	CLOCK_NHLH1_CAP-SELEX_TAGATT40NACA_AX_NRCAGCTGNNNNNCACGTGNN_1_2	NRCAGCTGNNNNNCACGTGNN	29347983_308	29347983	308	2025-08-21 14:09:41	puhti	COMPLETED	48383	0:0	mariaosm	mariaosm	NA	1	1	13:21:11	10485760	5775	3-00:00:00	48383	13:26:23
1309	CUX1_FOXI1_CAP-SELEX_TCCTCT40NGTC_AY_RTAAACANNNNNATCRATN_1_3	RTAAACANNNNNATCRATN	29347983_309	29347983	309	2025-08-21 14:09:41	puhti	COMPLETED	3064	0:0	mariaosm	mariaosm	NA	1	1	50:24.884	10485760	5710	3-00:00:00	3064	NA
1310	CUX1_RFX5_CAP-SELEX_TTCACG40NAGT_AY_RATCRATNNNNNNNNNNRGYAAC_1_3b0	RATCRATNNNNNNNNNNRGYAAC	29347983_310	29347983	310	2025-08-21 14:09:41	puhti	CANCELLED	259226	0:0	mariaosm	mariaosm	NA	1	1	NA	10485760	9666299	3-00:00:00	259229	3-00:00:26
1311	CUX1_RFX5_CAP-SELEX_TTCACG40NAGT_AY_RATCRATNNNNNNNNNRGYAAC_1_3b0	RATCRATNNNNNNNNNRGYAAC	29347983_311	29347983	311	2025-08-21 14:09:41	puhti	CANCELLED	259226	0:0	mariaosm	mariaosm	NA	1	1	NA	10485760	9578618	3-00:00:00	259229	3-00:00:26
1312	CUX1_SOX15_CAP-SELEX_TGCTTC40NTTA_AY_ATCRATNNNNNNNNSYATTGTT_1_3b0	ATCRATNNNNNNNNSYATTGTT	29347983_312	29347983	312	2025-08-21 14:09:41	puhti	CANCELLED	259209	0:0	mariaosm	mariaosm	NA	1	1	NA	10485760	8231684	3-00:00:00	259213	3-00:00:09
1313	CUX1_SOX15_CAP-SELEX_TGCTTC40NTTA_AY_NATCRATNNNNNNNAACAATRS_1_3b0	NATCRATNNNNNNNAACAATRS	29347983_313	29347983	313	2025-08-21 14:09:41	puhti	CANCELLED	259209	0:0	mariaosm	mariaosm	NA	1	1	NA	10485760	8098998	3-00:00:00	259212	3-00:00:09
1314	CUX1_SOX15_CAP-SELEX_TGCTTC40NTTA_AY_NATCRATNNNNNNNNAACAATRS_1_3b0	NATCRATNNNNNNNNAACAATRS	29347983_314	29347983	314	2025-08-21 14:09:41	puhti	CANCELLED	259209	0:0	mariaosm	mariaosm	NA	1	1	NA	10485760	9684585	3-00:00:00	259212	3-00:00:09
1315	E2F1_ELK1_CAP-SELEX_TATGTA40NTGT_AX_SGCGCNNNNNNNNNNCGGAAGN_1_2	SGCGCNNNNNNNNNNCGGAAGN	29347983_315	29347983	315	2025-08-21 14:09:41	puhti	CANCELLED	259209	0:0	mariaosm	mariaosm	NA	1	1	NA	10485760	9698533	3-00:00:00	259212	3-00:00:09
1316	E2F1_ELK1_CAP-SELEX_TATGTA40NTGT_AX_SGCGCNNNNNNNNNNNCGGAAGN_1_2	SGCGCNNNNNNNNNNNCGGAAGN	29347983_316	29347983	316	2025-08-21 14:09:41	puhti	CANCELLED	259209	0:0	mariaosm	mariaosm	NA	1	1	NA	10485760	9823916	3-00:00:00	259212	3-00:00:09
1317	E2F1_NHLH1_CAP-SELEX_TGCTTT40NAGA_AX_SGCGCCNNNNNNNNNNNNCAGCTGNN_1_3b1	SGCGCCNNNNNNNNNNNNCAGCTGNN	29347983_317	29347983	317	2025-08-21 14:09:41	puhti	COMPLETED	237692	0:0	mariaosm	mariaosm	NA	1	1	NA	10485760	6119	3-00:00:00	237692	2-18:01:32
1318	ERF_CLOCK_CAP-SELEX_TCCAGA40NGTA_AAC_CACGTGNNNNNSRGGAARNN_1_3b0	CACGTGNNNNNSRGGAARNN	29347983_318	29347983	318	2025-08-21 14:09:41	puhti	COMPLETED	57174	0:0	mariaosm	mariaosm	NA	1	1	15:46:36	10485760	5759	3-00:00:00	57174	15:52:54
1319	ERF_PITX1_CAP-SELEX_TCGAGC40NAAT_AAC_NSCGGANNNNNGGMTTA_1_3b0	NSCGGANNNNNGGMTTA	29347983_319	29347983	319	2025-08-21 14:09:41	puhti	COMPLETED	2865	0:0	mariaosm	mariaosm	NA	1	1	47:10.701	10485760	5823	3-00:00:00	2865	NA
1320	ERF_PITX1_CAP-SELEX_TCGAGC40NAAT_AAC_NSCGGANNNNNNGGMTTA_1_3b0	NSCGGANNNNNNGGMTTA	29347983_320	29347983	320	2025-08-21 14:09:41	puhti	COMPLETED	16447	0:0	mariaosm	mariaosm	NA	1	1	04:32:09	10485760	5879	3-00:00:00	16447	04:34:06
1321	ETV2_CLOCK_CAP-SELEX_TCGGGC40NAAT_AAA_NNCACGTGNNNNNCCGGAWRY_1_3	NNCACGTGNNNNNCCGGAWRY	29347983_321	29347983	321	2025-08-21 14:09:41	puhti	COMPLETED	49674	0:0	mariaosm	mariaosm	NA	1	1	13:42:05	10485760	6128	3-00:00:00	49674	13:47:54
1322	ETV2_RFX5_CAP-SELEX_TGCTCT40NTTA_AAA_NACTTCCGGYNNNNGCAACSN_2_2	NACTTCCGGYNNNNGCAACSN	29347983_322	29347983	322	2025-08-21 14:09:41	puhti	COMPLETED	3833	0:0	mariaosm	mariaosm	NA	1	1	01:03:25	10485760	6061	3-00:00:00	3833	01:03:51
1323	ETV2_RFX5_CAP-SELEX_TGCTCT40NTTA_AAA_NCCGGAAGYNNCNTAGCAACS_2_2	NCCGGAAGYNNCNTAGCAACS	29347983_323	29347983	323	2025-08-21 14:09:41	puhti	COMPLETED	243	0:0	mariaosm	mariaosm	NA	1	1	03:16.606	10485760	6347	3-00:00:00	243	NA
1324	ETV2_RFX5_CAP-SELEX_TGCTCT40NTTA_AAA_NNNTTCCGSNNNNGCAACNN_1_2	NNNTTCCGSNNNNGCAACNN	29347983_324	29347983	324	2025-08-21 14:09:41	puhti	CANCELLED	259229	0:0	mariaosm	mariaosm	NA	1	1	NA	10485760	8141699	3-00:00:00	259234	3-00:00:29
1325	ETV2_RFX5_CAP-SELEX_TGCTCT40NTTA_AAA_RNCGGAANNNNNNNNNGCAACN_1_2	RNCGGAANNNNNNNNNGCAACN	29347983_325	29347983	325	2025-08-21 14:09:41	puhti	CANCELLED	259229	0:0	mariaosm	mariaosm	NA	1	1	NA	10485760	9590281	3-00:00:00	259234	3-00:00:29
1326	ETV2_TEF_CAP-SELEX_TCAGGG40NGCA_AAA_TTACGTNNNNNNNNNCCGGAANN_1_3	TTACGTNNNNNNNNNCCGGAANN	29347983_326	29347983	326	2025-08-21 14:09:41	puhti	CANCELLED	259229	0:0	mariaosm	mariaosm	NA	1	1	NA	10485760	9723341	3-00:00:00	259235	3-00:00:29
1327	ETV5_HES7_CAP-SELEX_TTGGCA40NTCG_AY_CCGGAANNNNNNCACGTG_1_2	CCGGAANNNNNNCACGTG	29347983_327	29347983	327	2025-08-21 14:09:41	puhti	COMPLETED	801	0:0	mariaosm	mariaosm	NA	1	1	12:35.197	10485760	5772	3-00:00:00	801	NA
1328	ETV5_HES7_CAP-SELEX_TTGGCA40NTCG_AY_NNCACGTGNNNNCCGGAANN_1_2	NNCACGTGNNNNCCGGAANN	29347983_328	29347983	328	2025-08-21 14:09:41	puhti	COMPLETED	24629	0:0	mariaosm	mariaosm	NA	1	1	06:46:36	10485760	5835	3-00:00:00	24629	06:50:25
1329	ETV7_TBX21_CAP-SELEX_TTTCTG40NTAG_AV_NSCGGAARNNNNNNTCACACNN_1_2	NSCGGAARNNNNNNTCACACNN	29347983_329	29347983	329	2025-08-21 14:09:41	puhti	CANCELLED	259229	0:0	mariaosm	mariaosm	NA	1	1	NA	10485760	9594387	3-00:00:00	259236	3-00:00:29
1330	ETV7_TBX21_CAP-SELEX_TTTCTG40NTAG_AV_NSCGGAARNNNNNTCACACNN_1_2	NSCGGAARNNNNNTCACACNN	29347983_330	29347983	330	2025-08-21 14:09:41	puhti	COMPLETED	188033	0:0	mariaosm	mariaosm	NA	1	1	2-03:50:13	10485760	5899	3-00:00:00	188033	2-04:13:53
1331	GCM1_HOXA2_CAP-SELEX_TCACAG40NGTT_AX_RTRSGGGNNTAATKR_1_3	RTRSGGGNNTAATKR	29347983_331	29347983	331	2025-08-21 14:09:41	puhti	COMPLETED	130	0:0	mariaosm	mariaosm	NA	1	1	01:27.016	10485760	5766	3-00:00:00	130	NA
1332	GCM1_NHLH1_CAP-SELEX_TCTCGT40NGCC_AX_NCAGCTGNNNNNNNNTRCGGG_1_3b1	NCAGCTGNNNNNNNNTRCGGG	29347983_332	29347983	332	2025-08-21 14:09:41	puhti	CANCELLED	259229	0:0	mariaosm	mariaosm	NA	1	1	NA	10485760	8144787	3-00:00:00	259235	3-00:00:29
1333	GCM1_NHLH1_CAP-SELEX_TCTCGT40NGCC_AX_NCAGCTGNNNNNNNTRCGGG_1_3b1	NCAGCTGNNNNNNNTRCGGG	29347983_333	29347983	333	2025-08-21 14:09:41	puhti	COMPLETED	55277	0:0	mariaosm	mariaosm	NA	1	1	15:14:28	10485760	5875	3-00:00:00	55277	15:21:17
1334	GCM1_PITX1_CAP-SELEX_TCGAGC40NAAT_AU_GGATTANNNNNNNNNTGCGGG_1_3b1	GGATTANNNNNNNNNTGCGGG	29347983_334	29347983	334	2025-08-21 14:09:41	puhti	COMPLETED	195097	0:0	mariaosm	mariaosm	NA	1	1	2-05:47:14	10485760	5920	3-00:00:00	195097	2-06:11:37
1335	GCM1_PITX1_CAP-SELEX_TCGAGC40NAAT_AU_GGATTANNNNNNNTGCGGG_1_3b1	GGATTANNNNNNNTGCGGG	29347983_335	29347983	335	2025-08-21 14:09:41	puhti	COMPLETED	4014	0:0	mariaosm	mariaosm	NA	1	1	01:05:25	10485760	5774	3-00:00:00	4014	01:06:49
1336	GCM1_PITX1_CAP-SELEX_TCGAGC40NAAT_AU_GGATTANNNNNNTGCGGG_1_3b1	GGATTANNNNNNTGCGGG	29347983_336	29347983	336	2025-08-21 14:09:41	puhti	COMPLETED	799	0:0	mariaosm	mariaosm	NA	1	1	12:29.201	10485760	5774	3-00:00:00	799	NA
1337	GCM2_MAX_CAP-SELEX_TGCCTG40NTCC_AAB_NTRNGGGNNNCACGTG_1_3	NTRNGGGNNNCACGTG	29347983_337	29347983	337	2025-08-21 14:09:41	puhti	COMPLETED	285	0:0	mariaosm	mariaosm	NA	1	1	04:41.719	10485760	5864	3-00:00:00	285	NA
1338	GCM2_TEF_CAP-SELEX_TGACAG40NACA_AAB_RTRCGGGNNNNTTACGTAA_1_3	RTRCGGGNNNNTTACGTAA	29347983_338	29347983	338	2025-08-21 14:09:41	puhti	COMPLETED	263	0:0	mariaosm	mariaosm	NA	1	1	03:58.928	10485760	5702	3-00:00:00	263	NA
1339	HOXB13_TBX3_CAP-SELEX_TGGCCA40NTTC_AAD_NNNRTAAANNTNACACYN_1_2	NNNRTAAANNTNACACYN	29347983_339	29347983	339	2025-08-21 14:09:41	puhti	COMPLETED	20127	0:0	mariaosm	mariaosm	NA	1	1	05:13:50	10485760	5751	3-00:00:00	20127	05:35:25
1340	HOXB2_ELK3_CAP-SELEX_TGCAGT40NAAG_AY_TAATGNNNNNCGGAAGTN_1_3	TAATGNNNNNCGGAAGTN	29347983_340	29347983	340	2025-08-21 14:09:41	puhti	COMPLETED	686	0:0	mariaosm	mariaosm	NA	1	1	10:53.096	10485760	5835	3-00:00:00	686	NA
1341	HOXB2_ETV7_CAP-SELEX_TGAGGT40NTCC_AY_NSCGGAARNNNNNMATTAN_1_3	NSCGGAARNNNNNMATTAN	29347983_341	29347983	341	2025-08-21 14:09:41	puhti	COMPLETED	36545	0:0	mariaosm	mariaosm	NA	1	1	10:04:43	10485760	6150	3-00:00:00	36545	10:09:05
1342	HOXB2_ETV7_CAP-SELEX_TGAGGT40NTCC_AY_NSCGGAARNNNNNNMATTAN_1_3	NSCGGAARNNNNNNMATTAN	29347983_342	29347983	342	2025-08-21 14:09:41	puhti	CANCELLED	259229	0:0	mariaosm	mariaosm	NA	1	1	NA	10485760	6973724	3-00:00:00	259233	3-00:00:29
1343	HOXB2_NHLH1_CAP-SELEX_TGAGAG40NCGC_AY_NYMATTANNNNNCAGCTGNN_1_3	NYMATTANNNNNCAGCTGNN	29347983_343	29347983	343	2025-08-21 14:09:41	puhti	COMPLETED	151688	0:0	mariaosm	mariaosm	NA	1	1	1-17:48:19	10485760	6292	3-00:00:00	151688	1-18:08:08
1344	HOXB2_NHLH1_CAP-SELEX_TGAGAG40NCGC_AY_NYMATTANNNNNNCAGCTGNN_1_3	NYMATTANNNNNNCAGCTGNN	29347983_344	29347983	344	2025-08-21 14:09:41	puhti	CANCELLED	259218	0:0	mariaosm	mariaosm	NA	1	1	NA	10485760	7959293	3-00:00:00	259222	3-00:00:18
1345	HOXB2_NHLH1_CAP-SELEX_TGAGAG40NCGC_AY_NYMATTANNNNNNNCAGCTGNN_1_3	NYMATTANNNNNNNCAGCTGNN	29347983_345	29347983	345	2025-08-21 14:09:41	puhti	COMPLETED	252692	0:0	mariaosm	mariaosm	NA	1	1	NA	10485760	6747	3-00:00:00	252692	2-22:11:32
1346	HOXB2_SOX15_CAP-SELEX_TTCGCC40NGAC_AY_ACAAWRSNNNNNYMATTA_1_2	ACAAWRSNNNNNYMATTA	29347983_346	29347983	346	2025-08-21 14:09:41	puhti	COMPLETED	6249	0:0	mariaosm	mariaosm	NA	1	1	01:43:17	10485760	6012	3-00:00:00	6249	01:44:08
1347	HOXB2_SOX15_CAP-SELEX_TTCGCC40NGAC_AY_ACAAWRSNNNNYMATTA_1_2	ACAAWRSNNNNYMATTA	29347983_347	29347983	347	2025-08-21 14:09:41	puhti	COMPLETED	1411	0:0	mariaosm	mariaosm	NA	1	1	22:36.539	10485760	6025	3-00:00:00	1411	NA
1348	HOXB2_SOX15_CAP-SELEX_TTCGCC40NGAC_AY_ACAAWRSNNNYMATTA_1_2	ACAAWRSNNNYMATTA	29347983_348	29347983	348	2025-08-21 14:09:41	puhti	COMPLETED	397	0:0	mariaosm	mariaosm	NA	1	1	05:46.592	10485760	5884	3-00:00:00	397	NA
1349	HOXB2_SOX15_CAP-SELEX_TTCGCC40NGAC_AY_NYMATTANNNNNACAATR_1_2	NYMATTANNNNNACAATR	29347983_349	29347983	349	2025-08-21 14:09:41	puhti	COMPLETED	7158	0:0	mariaosm	mariaosm	NA	1	1	01:57:14	10485760	6539	3-00:00:00	7158	01:59:13
1350	HOXB2_SOX15_CAP-SELEX_TTCGCC40NGAC_AY_NYMATTANNNNNNACAATR_1_2	NYMATTANNNNNNACAATR	29347983_350	29347983	350	2025-08-21 14:09:41	puhti	COMPLETED	30966	0:0	mariaosm	mariaosm	NA	1	1	08:33:01	10485760	6589	3-00:00:00	30966	08:36:05
1351	HOXD12_HOXA3_CAP-SELEX_TCTGTG40NAGA_AAB_NTAATNRSNYMRTAAAN_1_3	NTAATNRSNYMRTAAAN	29347983_351	29347983	351	2025-08-21 14:09:41	puhti	COMPLETED	1187	0:0	mariaosm	mariaosm	NA	1	1	19:31.902	10485760	6076	3-00:00:00	1187	NA
1352	MEIS1_MAX_CAP-SELEX_TATCTG40NTCG_AT_NTGACRNNNNNNCACGTGN_1_3	NTGACRNNNNNNCACGTGN	29347983_352	29347983	352	2025-08-21 14:09:41	puhti	COMPLETED	38626	0:0	mariaosm	mariaosm	NA	1	1	10:39:58	10485760	5925	3-00:00:00	38626	10:43:46
1353	MEIS1_SOX2_CAP-SELEX_TATTCG40NCTG_AT_TGACAKNNNAACAATGN_1_3b1	TGACAKNNNAACAATGN	29347983_353	29347983	353	2025-08-21 14:09:41	puhti	COMPLETED	120	0:0	mariaosm	mariaosm	NA	1	1	01:55.185	10485760	5686	3-00:00:00	120	NA
1354	MYBL1_HOXA13_CAP-SELEX_TTTCAA40NTGA_AT_CTCRTAAAWNNNNRMCGTTR_2_2	CTCRTAAAWNNNNRMCGTTR	29347983_354	29347983	354	2025-08-21 14:09:41	puhti	COMPLETED	1409	0:0	mariaosm	mariaosm	NA	1	1	22:42.232	10485760	6392	3-00:00:00	1409	NA
1355	PITX1_EOMES_CAP-SELEX_TCAGCA40NCTC_AAB_GGATTANNARGTGTKN_1_3	GGATTANNARGTGTKN	29347983_355	29347983	355	2025-08-21 14:09:41	puhti	COMPLETED	58	0:0	mariaosm	mariaosm	NA	1	1	NA	10485760	5782	3-00:00:00	58	NA
1356	PITX1_EOMES_CAP-SELEX_TCAGCA40NCTC_AAB_RGGTGTKANNNNGGATTA_1_3	RGGTGTKANNNNGGATTA	29347983_356	29347983	356	2025-08-21 14:09:41	puhti	COMPLETED	184	0:0	mariaosm	mariaosm	NA	1	1	03:00.083	10485760	5798	3-00:00:00	184	NA
1357	PITX1_HES7_CAP-SELEX_TAGTGC40NATG_AAB_NCACGTGNNGGATTA_1_3b1	NCACGTGNNGGATTA	29347983_357	29347983	357	2025-08-21 14:09:41	puhti	COMPLETED	30	0:0	mariaosm	mariaosm	NA	1	1	NA	10485760	3272	3-00:00:00	30	NA
1358	PITX1_HES7_CAP-SELEX_TAGTGC40NATG_AAB_NCRCGTGNNNGGATTA_1_3b1	NCRCGTGNNNGGATTA	29347983_358	29347983	358	2025-08-21 14:09:41	puhti	COMPLETED	84	0:0	mariaosm	mariaosm	NA	1	1	01:21.049	10485760	5723	3-00:00:00	84	NA
1359	PITX1_HES7_CAP-SELEX_TAGTGC40NATG_AAB_NNCRCGTGNNNNGGATTA_1_3b1	NNCRCGTGNNNNGGATTA	29347983_359	29347983	359	2025-08-21 14:09:41	puhti	COMPLETED	1477	0:0	mariaosm	mariaosm	NA	1	1	24:25.035	10485760	5812	3-00:00:00	1477	NA
1360	PITX1_HOXA3_CAP-SELEX_TAGCGT40NTCA_AAB_TAATKRNNNNGGATTA_1_3b0	TAATKRNNNNGGATTA	29347983_360	29347983	360	2025-08-21 14:09:41	puhti	COMPLETED	173	0:0	mariaosm	mariaosm	NA	1	1	02:50.116	10485760	5754	3-00:00:00	173	NA
1361	PITX1_TBX21_CAP-SELEX_TGTAGC40NCCT_AAB_AGGTGNGAARGGATTA_2_3	AGGTGNGAARGGATTA	29347983_361	29347983	361	2025-08-21 14:09:41	puhti	COMPLETED	86	0:0	mariaosm	mariaosm	NA	1	1	NA	10485760	757736	3-00:00:00	86	NA
1362	POU2F1_DLX2_CAP-SELEX_TCCGCA40NCGC_AX_TGMATATKCANNNNNTAATKR_1_2	TGMATATKCANNNNNTAATKR	29347983_362	29347983	362	2025-08-21 14:09:41	puhti	COMPLETED	4505	0:0	mariaosm	mariaosm	NA	1	1	01:13:22	10485760	5810	3-00:00:00	4505	01:15:04
1363	POU2F1_DLX2_CAP-SELEX_TCCGCA40NCGC_AX_TGMATATKCANNNNTAATKR_1_2	TGMATATKCANNNNTAATKR	29347983_363	29347983	363	2025-08-21 14:09:41	puhti	COMPLETED	1013	0:0	mariaosm	mariaosm	NA	1	1	15:40.649	10485760	5777	3-00:00:00	1013	NA
1364	POU2F1_DLX2_CAP-SELEX_TCCGCA40NCGC_AX_WTWTGCATANNTAATTA_1_2	WTWTGCATANNTAATTA	29347983_364	29347983	364	2025-08-21 14:09:41	puhti	COMPLETED	93	0:0	mariaosm	mariaosm	NA	1	1	NA	10485760	5766	3-00:00:00	93	NA
1365	RFX3_FIGLA_CAP-SELEX_TCGGCA40NAGC_AY_GTTGCYNNNNNNNNNNNNCASSTG_1_3	GTTGCYNNNNNNNNNNNNCASSTG	29347983_365	29347983	365	2025-08-21 14:09:41	puhti	CANCELLED	259228	0:0	mariaosm	mariaosm	NA	1	1	NA	10485760	9846680	3-00:00:00	259234	3-00:00:28
1366	RFX3_FIGLA_CAP-SELEX_TCGGCA40NAGC_AY_TRGYAACNNNNCASSTGNN_1_3	TRGYAACNNNNCASSTGNN	29347983_366	29347983	366	2025-08-21 14:09:41	puhti	COMPLETED	19724	0:0	mariaosm	mariaosm	NA	1	1	05:04:17	10485760	5869	3-00:00:00	19724	05:28:41
1367	RFX3_HES7_CAP-SELEX_TGCCGG40NCAG_AY_NRGCAACNNNCRCGYGNN_1_3b1	NRGCAACNNNCRCGYGNN	29347983_367	29347983	367	2025-08-21 14:09:41	puhti	COMPLETED	7348	0:0	mariaosm	mariaosm	NA	1	1	02:00:22	10485760	5805	3-00:00:00	7348	02:02:26
1368	SOX6_TBX21_CAP-SELEX_TTCATC40NCTT_AS_RGGTGTNNNNNNNNNYATTGT_1_2	RGGTGTNNNNNNNNNYATTGT	29347983_368	29347983	368	2025-08-21 14:09:41	puhti	CANCELLED	259228	0:0	mariaosm	mariaosm	NA	1	1	NA	10485760	9566637	3-00:00:00	259234	3-00:00:28
1369	SOX6_TBX21_CAP-SELEX_TTCATC40NCTT_AS_RRGTGTNNNNNNNNACAATRN_1_2	RRGTGTNNNNNNNNACAATRN	29347983_369	29347983	369	2025-08-21 14:09:41	puhti	CANCELLED	259228	0:0	mariaosm	mariaosm	NA	1	1	NA	10485760	9550473	3-00:00:00	259234	3-00:00:28
1370	TEAD4_ELK3_CAP-SELEX_TGGGCG40NCGT_AY_NCCGGAANNNNNNNMATWCC_1_3b1	NCCGGAANNNNNNNMATWCC	29347983_370	29347983	370	2025-08-21 14:09:41	puhti	COMPLETED	125430	0:0	mariaosm	mariaosm	NA	1	1	1-10:34:00	10485760	5917	3-00:00:00	125430	1-10:50:30
1371	TEAD4_ESRRB_CAP-SELEX_TCGATC40NTAT_AY_RCATTCYNNNNCAAGGTCAN_2_2	RCATTCYNNNNCAAGGTCAN	29347983_371	29347983	371	2025-08-21 14:09:41	puhti	COMPLETED	1043	0:0	mariaosm	mariaosm	NA	1	1	16:09.959	10485760	5803	3-00:00:00	1043	NA
1372	TEAD4_ESRRB_CAP-SELEX_TCGATC40NTAT_AY_RCATWCNNNNNNAGGTCA_1_2	RCATWCNNNNNNAGGTCA	29347983_372	29347983	372	2025-08-21 14:09:41	puhti	COMPLETED	3372	0:0	mariaosm	mariaosm	NA	1	1	55:44.448	10485760	5720	3-00:00:00	3372	NA
1373	TEAD4_FOXI1_CAP-SELEX_TACATC40NATA_AX_GGWATGYGTMAACA_1_3b1	GGWATGYGTMAACA	29347983_373	29347983	373	2025-08-21 14:09:41	puhti	COMPLETED	27	0:0	mariaosm	mariaosm	NA	1	1	NA	10485760	3210	3-00:00:00	27	NA
1374	TEAD4_FOXI1_CAP-SELEX_TACATC40NATA_AX_RCATWCCNNNNNNNNNNNNNNRTMAACA_1_3b1	RCATWCCNNNNNNNNNNNNNNRTMAACA	29347983_374	29347983	374	2025-08-21 14:09:41	puhti	CANCELLED	259221	0:0	mariaosm	mariaosm	NA	1	1	NA	10485760	9716381	3-00:00:00	259224	3-00:00:21
1375	TEAD4_FOXI1_CAP-SELEX_TACATC40NATA_AX_RCATWCCNNNNNNNNNNNNNRTMAACA_1_3b1	RCATWCCNNNNNNNNNNNNNRTMAACA	29347983_375	29347983	375	2025-08-21 14:09:41	puhti	CANCELLED	259221	0:0	mariaosm	mariaosm	NA	1	1	NA	10485760	9589971	3-00:00:00	259224	3-00:00:21
1376	TEAD4_FOXI1_CAP-SELEX_TACATC40NATA_AX_RCATWCCNNNNNNNNNNNNRTMAACA_1_3b1	RCATWCCNNNNNNNNNNNNRTMAACA	29347983_376	29347983	376	2025-08-21 14:09:41	puhti	CANCELLED	259221	0:0	mariaosm	mariaosm	NA	1	1	NA	10485760	9537703	3-00:00:00	259225	3-00:00:21
1377	TEAD4_FOXI1_CAP-SELEX_TACATC40NATA_AX_RCATWCCNNNNNNNNNNNRTMAACA_1_3b1	RCATWCCNNNNNNNNNNNRTMAACA	29347983_377	29347983	377	2025-08-21 14:09:41	puhti	CANCELLED	259221	0:0	mariaosm	mariaosm	NA	1	1	NA	10485760	9532099	3-00:00:00	259225	3-00:00:21
1378	TEAD4_GATA3_CAP-SELEX_TGGGTA40NTGT_AY_NGATAASNNNRGWATGY_1_3	NGATAASNNNRGWATGY	29347983_378	29347983	378	2025-08-21 14:09:41	puhti	COMPLETED	658	0:0	mariaosm	mariaosm	NA	1	1	10:15.699	10485760	5974	3-00:00:00	658	NA
1379	TEAD4_SOX15_CAP-SELEX_TCGCCA40NCCT_AY_NACAATRNNNNGAATGY_1_3	NACAATRNNNNGAATGY	29347983_379	29347983	379	2025-08-21 14:09:41	puhti	COMPLETED	678	0:0	mariaosm	mariaosm	NA	1	1	10:52.714	10485760	6131	3-00:00:00	678	NA
1380	TEAD4_SOX15_CAP-SELEX_TCGCCA40NCCT_AY_NACAATRNNNNNGAATGY_1_3	NACAATRNNNNNGAATGY	29347983_380	29347983	380	2025-08-21 14:09:41	puhti	COMPLETED	3247	0:0	mariaosm	mariaosm	NA	1	1	53:34.657	10485760	6072	3-00:00:00	3247	NA
1381	CEBPG_ATF4_CAP-SELEX_TGCGTC40NTTA_AAB_NNATGAYGCAAT_1_3b0	NNATGAYGCAAT	29347983_381	29347983	381	2025-08-21 14:09:41	puhti	COMPLETED	23	0:0	mariaosm	mariaosm	NA	1	1	NA	10485760	3210	3-00:00:00	23	NA
1382	MEIS1_HOXB13_CAP-SELEX_TAAGGA40NCCG_AAB_SYMRTAAANCTGTCA_1_3	SYMRTAAANCTGTCA	29347983_382	29347983	382	2025-08-21 14:09:41	puhti	COMPLETED	25	0:0	mariaosm	mariaosm	NA	1	1	NA	10485760	3206	3-00:00:00	25	NA
1383	BACH1_HT-SELEX_TTCCCC20NCCC_AL_ATGACTCAT_1_NA	ATGACTCAT	29347983_383	29347983	383	2025-08-21 14:09:41	puhti	COMPLETED	19	0:0	mariaosm	mariaosm	NA	1	1	NA	10485760	3214	3-00:00:00	19	NA
1384	ELF2_HT-SELEX_TGCAAG20NAAC_AL_NAMCCGGAAGTR_1_2	NAMCCGGAAGTR	29347983_384	29347983	384	2025-08-21 14:09:41	puhti	COMPLETED	17	0:0	mariaosm	mariaosm	NA	1	1	NA	10485760	3204	3-00:00:00	17	NA
1385	ELF2_HT-SELEX_TGCAAG20NAAC_AL_NATGCGGAAGTR_1_2	NATGCGGAAGTR	29347983_385	29347983	385	2025-08-21 14:09:41	puhti	COMPLETED	57	0:0	mariaosm	mariaosm	NA	1	1	NA	10485760	5748	3-00:00:00	57	NA
1386	ETS2_HT-SELEX_TAAGTG40NGAA_AR_RCCGGAAGTG_1_2	RCCGGAAGTG	29347983_386	29347983	386	2025-08-21 14:09:41	puhti	COMPLETED	57	0:0	mariaosm	mariaosm	NA	1	1	NA	10485760	5765	3-00:00:00	57	NA
1387	ETV7_HT-SELEX_TCTGAT40NCTA_AQ_NNGCGGAAGTG_1_4	NNGCGGAAGTG	29347983_387	29347983	387	2025-08-21 14:09:41	puhti	COMPLETED	19	0:0	mariaosm	mariaosm	NA	1	1	NA	10485760	3212	3-00:00:00	19	NA
1388	ETV7_HT-SELEX_TCTGAT40NCTA_AQ_NNGGAAGTGCTTCCNN_2_4	NNGGAAGTGCTTCCNN	29347983_388	29347983	388	2025-08-21 14:09:41	puhti	COMPLETED	55	0:0	mariaosm	mariaosm	NA	1	1	NA	10485760	5934	3-00:00:00	55	NA
1389	ETV7_HT-SELEX_TCTGAT40NCTA_AQ_NNYTTCCGGGAARNR_1_4	NNYTTCCGGGAARNR	29347983_389	29347983	389	2025-08-21 14:09:41	puhti	COMPLETED	151	0:0	mariaosm	mariaosm	NA	1	1	01:23.293	10485760	2080	3-00:00:00	151	NA
1390	FOS_HT-SELEX_TGAACT40NAAG_KR_NGATGACGTCATCR_2_4	NGATGACGTCATCR	29347983_390	29347983	390	2025-08-21 14:09:41	puhti	COMPLETED	74	0:0	mariaosm	mariaosm	NA	1	1	NA	10485760	765986	3-00:00:00	74	NA
1391	FOXA1_HT-SELEX_TTCTAA40NAAT_KN_TRNGTAAACA_1_3b1	TRNGTAAACA	29347983_391	29347983	391	2025-08-21 14:09:41	puhti	COMPLETED	74	0:0	mariaosm	mariaosm	NA	1	1	NA	10485760	765449	3-00:00:00	74	NA
1392	GATA1_HT-SELEX_TGGGTA20NTGT_AL_AGATAAN_1_2	AGATAAN	29347983_392	29347983	392	2025-08-21 14:09:41	puhti	COMPLETED	74	0:0	mariaosm	mariaosm	NA	1	1	NA	10485760	766502	3-00:00:00	74	NA
1393	GLI3_HT-SELEX_TACCCG20NCCC_AN_NGACCACMCACGWNG_2_3	NGACCACMCACGWNG	29347983_393	29347983	393	2025-08-21 14:09:41	puhti	COMPLETED	79	0:0	mariaosm	mariaosm	NA	1	1	NA	10485760	767129	3-00:00:00	79	NA
1394	HES1_HT-SELEX_TCTTTC20NTTG_AL_GNCACGTGNC_1_3	GNCACGTGNC	29347983_394	29347983	394	2025-08-21 14:09:41	puhti	COMPLETED	74	0:0	mariaosm	mariaosm	NA	1	1	NA	10485760	766286	3-00:00:00	74	NA
1395	HOXA3_HT-SELEX_TGTCGT40NGCG_AL_NSTAATTANN_1_3	NSTAATTANN	29347983_395	29347983	395	2025-08-21 14:09:41	puhti	COMPLETED	79	0:0	mariaosm	mariaosm	NA	1	1	NA	10485760	765570	3-00:00:00	79	NA
1396	HOXA4_HT-SELEX_TGACCT40NCCA_AR_RTMATTAN_1_4	RTMATTAN	29347983_396	29347983	396	2025-08-21 14:09:41	puhti	COMPLETED	17	0:0	mariaosm	mariaosm	NA	1	1	NA	10485760	3274	3-00:00:00	17	NA
1397	HOXA6_HT-SELEX_TCGCCA20NGA_AN_SYMATTAN_1_3	SYMATTAN	29347983_397	29347983	397	2025-08-21 14:09:41	puhti	COMPLETED	18	0:0	mariaosm	mariaosm	NA	1	1	NA	10485760	3276	3-00:00:00	18	NA
1398	HOXA7_HT-SELEX_TCGCGC20NGA_AN_NYMATTAN_1_3	NYMATTAN	29347983_398	29347983	398	2025-08-21 14:09:41	puhti	COMPLETED	21	0:0	mariaosm	mariaosm	NA	1	1	NA	10485760	3278	3-00:00:00	21	NA
1399	HOXD4_HT-SELEX_TGGCCC40NCCT_AR_NNYMATTANN_1_4b0	NNYMATTANN	29347983_399	29347983	399	2025-08-21 14:09:41	puhti	COMPLETED	90	0:0	mariaosm	mariaosm	NA	1	1	01:27.190	10485760	6595	3-00:00:00	90	NA
1400	IRF2_HT-SELEX_TTGCCC40NCTC_AAF_NAANCGAAASYR_1_3	NAANCGAAASYR	29347983_400	29347983	400	2025-08-21 14:09:41	puhti	COMPLETED	34	0:0	mariaosm	mariaosm	NA	1	1	NA	10485760	6240	3-00:00:00	34	NA
1401	JUN_HT-SELEX_TTAGCC20NTA_AL_ATGACGTCAT_1_3	ATGACGTCAT	29348008_401	29348008	401	2025-08-21 14:10:28	puhti	COMPLETED	24	0:0	mariaosm	mariaosm	NA	1	1	NA	10485760	3276	3-00:00:00	24	NA
1402	MYCL2_HT-SELEX_TAGCCT40NCCT_AR_SCACGTGS_1_3	SCACGTGS	29348008_402	29348008	402	2025-08-21 14:10:28	puhti	COMPLETED	68	0:0	mariaosm	mariaosm	NA	1	1	NA	10485760	888633	3-00:00:00	68	NA
1403	NR1D2_HT-SELEX_TGAATT40NTAA_KR_TRGGTYASTAGGTCA_2_3	TRGGTYASTAGGTCA	29348008_403	29348008	403	2025-08-21 14:10:28	puhti	COMPLETED	32	0:0	mariaosm	mariaosm	NA	1	1	NA	10485760	5990	3-00:00:00	32	NA
1404	NR1I2_HT-SELEX_TACTGG40NGGA_KR_RGTTCRNNNRGTTC_1_4	RGTTCRNNNRGTTC	29348008_404	29348008	404	2025-08-21 14:10:28	puhti	COMPLETED	102	0:0	mariaosm	mariaosm	NA	1	1	01:39.672	10485760	5839	3-00:00:00	102	NA
1405	POU5F1_HT-SELEX_TTTAAG40NAGC_AQ_NATATGCTAATKN_1_3	NATATGCTAATKN	29348008_405	29348008	405	2025-08-21 14:10:28	puhti	COMPLETED	36	0:0	mariaosm	mariaosm	NA	1	1	NA	10485760	5991	3-00:00:00	36	NA
1406	POU5F1_HT-SELEX_TTTAAG40NAGC_AQ_WATGCGCATW_1_3	WATGCGCATW	29348008_406	29348008	406	2025-08-21 14:10:28	puhti	COMPLETED	16	0:0	mariaosm	mariaosm	NA	1	1	NA	10485760	3274	3-00:00:00	16	NA
1407	RORB_HT-SELEX_TTCGGG40NGAG_KS_AANTAGGTCAGTAGGTCA_2_4	AANTAGGTCAGTAGGTCA	29348008_407	29348008	407	2025-08-21 14:10:28	puhti	COMPLETED	18	0:0	mariaosm	mariaosm	NA	1	1	NA	10485760	3204	3-00:00:00	18	NA
1408	RORB_HT-SELEX_TTCGGG40NGAG_KS_AWNTAGGTCATGACCTANWT_2_4	AWNTAGGTCATGACCTANWT	29348008_408	29348008	408	2025-08-21 14:10:28	puhti	COMPLETED	25	0:0	mariaosm	mariaosm	NA	1	1	NA	10485760	3210	3-00:00:00	25	NA
1409	SOX17_HT-SELEX_TATGCT40NACT_KO_ACCGAACAAT_1_4b2	ACCGAACAAT	29348008_409	29348008	409	2025-08-21 14:10:28	puhti	COMPLETED	24	0:0	mariaosm	mariaosm	NA	1	1	NA	10485760	3204	3-00:00:00	24	NA
1410	SOX6_HT-SELEX_TTCCAA20NACC_AL_CACCGAACAAT_2_3	CACCGAACAAT	29348008_410	29348008	410	2025-08-21 14:10:28	puhti	COMPLETED	17	0:0	mariaosm	mariaosm	NA	1	1	NA	10485760	3272	3-00:00:00	17	NA
1411	TBX3_HT-SELEX_TAAGCC40NAGT_AR_AGGTGTNR_1_4	AGGTGTNR	29348008_411	29348008	411	2025-08-21 14:10:28	puhti	COMPLETED	29	0:0	mariaosm	mariaosm	NA	1	1	NA	10485760	3210	3-00:00:00	29	NA
1412	TCF15_HT-SELEX_TCTTAG40NATG_AR_NACAYATGNN_1_4	NACAYATGNN	29348008_412	29348008	412	2025-08-21 14:10:28	puhti	COMPLETED	27	0:0	mariaosm	mariaosm	NA	1	1	NA	10485760	3208	3-00:00:00	27	NA
1413	PAX3_HT-SELEX_TTAGGG20NGGA_AL_GTCACGCNNMATTAN_1_3	GTCACGCNNMATTAN	29348008_413	29348008	413	2025-08-21 14:10:28	puhti	COMPLETED	52	0:0	mariaosm	mariaosm	NA	1	1	NA	10485760	6008	3-00:00:00	52	NA
1414	SREBF2_HT-SELEX_TGAGAT20NGA_Y_NRTCACGCCAYN_1_3	NRTCACGCCAYN	29348008_414	29348008	414	2025-08-21 14:10:28	puhti	COMPLETED	24	0:0	mariaosm	mariaosm	NA	1	1	NA	10485760	3274	3-00:00:00	24	NA
1415	PAX4_HT-SELEX_TCGGGG20NGA_KG_SGTCACGCATSRNTG_2_3	SGTCACGCATSRNTG	29348008_415	29348008	415	2025-08-21 14:10:28	puhti	COMPLETED	20	0:0	mariaosm	mariaosm	NA	1	1	NA	10485760	3212	3-00:00:00	20	NA
1416	PAX4_HT-SELEX_TCGGGG20NGA_KG_NKAATTAGNTAATTAN_2_3	NKAATTAGNTAATTAN	29348008_416	29348008	416	2025-08-21 14:10:28	puhti	COMPLETED	35	0:0	mariaosm	mariaosm	NA	1	1	NA	10485760	5891	3-00:00:00	35	NA
1417	PAX3_HT-SELEX_TTAGGG20NGGA_AL_NNTAATYGATTANN_1_3	NNTAATYGATTANN	29348008_417	29348008	417	2025-08-21 14:10:28	puhti	COMPLETED	64	0:0	mariaosm	mariaosm	NA	1	1	01:03.019	10485760	5815	3-00:00:00	64	NA
1418	PAX3_HT-SELEX_TTAGGG20NGGA_AL_ASCGTGACTAATT_1_3	ASCGTGACTAATT	29348008_418	29348008	418	2025-08-21 14:10:28	puhti	COMPLETED	25	0:0	mariaosm	mariaosm	NA	1	1	NA	10485760	3210	3-00:00:00	25	NA
1419	PGR_HT-SELEX_TCGCAA40NTGT_AR_RGNACRNNNTGTNCY_1_4	RGNACRNNNTGTNCY	29348008_419	29348008	419	2025-08-21 14:10:28	puhti	COMPLETED	1008	0:0	mariaosm	mariaosm	NA	1	1	16:39.449	10485760	5914	3-00:00:00	1008	NA
1420	ONECUT2_HT-SELEX_TGGGCG30NCGT_AH_NNCGATCRATAWNN_1_2	NNCGATCRATAWNN	29348008_420	29348008	420	2025-08-21 14:10:28	puhti	COMPLETED	151	0:0	mariaosm	mariaosm	NA	1	1	02:27.570	10485760	5754	3-00:00:00	151	NA
1421	ONECUT1_HT-SELEX_TAGCTC20NTCT_Y_CRATCRATAWN_1_3	CRATCRATAWN	29348008_421	29348008	421	2025-08-21 14:10:28	puhti	COMPLETED	22	0:0	mariaosm	mariaosm	NA	1	1	NA	10485760	6053	3-00:00:00	22	NA
1422	NR1I2_HT-SELEX_TACTGG40NGGA_KR_AGTTCRNNNRGTTCA_1_4b2	AGTTCRNNNRGTTCA	29348008_422	29348008	422	2025-08-21 14:10:28	puhti	COMPLETED	54	0:0	mariaosm	mariaosm	NA	1	1	NA	10485760	6002	3-00:00:00	54	NA
1423	NR1I3_HT-SELEX_TTTAGC40NGAC_KL_AGTTCANNNNAGTTCA_1_3b1	AGTTCANNNNAGTTCA	29348008_423	29348008	423	2025-08-21 14:10:28	puhti	COMPLETED	70	0:0	mariaosm	mariaosm	NA	1	1	01:08.149	10485760	5874	3-00:00:00	70	NA
1424	E2F8_Morgunova2015	NA	29348008_424	29348008	424	2025-08-21 14:10:28	puhti	FAILED	29	0:0	mariaosm	mariaosm	NA	1	1	NA	10485760	3204	3-00:00:00	29	NA
1425	ALX3_TBX20_TCCAAA40NTCA_YWIIII_NGGTGTTAATTRN_1_3	NGGTGTTAATTRN	29348008_425	29348008	425	2025-08-21 14:10:28	puhti	COMPLETED	34	0:0	mariaosm	mariaosm	NA	1	1	NA	10485760	5767	3-00:00:00	34	NA
1426	ARX_TBX21_TCAGTG40NGAT_YYI_NAGGTGTTAATTRN_1_3	NAGGTGTTAATTRN	29348008_426	29348008	426	2025-08-21 14:10:28	puhti	COMPLETED	34	0:0	mariaosm	mariaosm	NA	1	1	NA	10485760	5758	3-00:00:00	34	NA
1427	ARX_TBX4_TCAGTG40NGAT_YWII_NTAATTAGGTGTNRN_1_3	NTAATTAGGTGTNRN	29348008_427	29348008	427	2025-08-21 14:10:28	puhti	COMPLETED	48	0:0	mariaosm	mariaosm	NA	1	1	NA	10485760	5756	3-00:00:00	48	NA
1428	ATF2_FLI1_TACAGA40NAGAT_YYIII_NRCCGGAARTGACGTN_1_3	NRCCGGAARTGACGTN	29348008_428	29348008	428	2025-08-21 14:10:28	puhti	COMPLETED	40	0:0	mariaosm	mariaosm	NA	1	1	NA	10485760	5776	3-00:00:00	40	NA
1429	ATF2_FLI1_TACAGA40NAGAT_YYIII_NTGACGTMACCGGAWRYN_2_3	NTGACGTMACCGGAWRYN	29348008_429	29348008	429	2025-08-21 14:10:28	puhti	COMPLETED	77	0:0	mariaosm	mariaosm	NA	1	1	01:01.574	10485760	5773	3-00:00:00	77	NA
1430	ATF2_TBX4_TTAGAG40NCGG_YWII_NAGGTGACGTGTNRN_1_3	NAGGTGACGTGTNRN	29348008_430	29348008	430	2025-08-21 14:10:28	puhti	COMPLETED	49	0:0	mariaosm	mariaosm	NA	1	1	NA	10485760	5759	3-00:00:00	49	NA
1431	ATF2_TBX4_TTAGAG40NCGG_YWII_NAGGTGTKACGTMAN_1_3	NAGGTGTKACGTMAN	29348008_431	29348008	431	2025-08-21 14:10:28	puhti	COMPLETED	39	0:0	mariaosm	mariaosm	NA	1	1	NA	10485760	5763	3-00:00:00	39	NA
1432	ATF3_ELK1_TGAGAG40NTGTG_YRII_NCGGAWRTGACGTN_1_3	NCGGAWRTGACGTN	29348008_432	29348008	432	2025-08-21 14:10:28	puhti	COMPLETED	38	0:0	mariaosm	mariaosm	NA	1	1	NA	10485760	5752	3-00:00:00	38	NA
1433	ATF3_FLI1_TGAGAG40NTGTG_YYIII_NRCCGGAARTGACGTMN_2_3	NRCCGGAARTGACGTMN	29348008_433	29348008	433	2025-08-21 14:10:28	puhti	COMPLETED	52	0:0	mariaosm	mariaosm	NA	1	1	NA	10485760	5773	3-00:00:00	52	NA
1434	ATF3_FLI1_TGAGAG40NTGTG_YYIII_NRCCGGAARTNCGTCAN_1_3	NRCCGGAARTNCGTCAN	29348008_434	29348008	434	2025-08-21 14:10:28	puhti	COMPLETED	74	0:0	mariaosm	mariaosm	NA	1	1	NA	10485760	5781	3-00:00:00	74	NA
1435	ATF3_FOXA1_TGAGAG40NTGTG_YWII_NTGACGNNNNYAAAYAN_1_3	NTGACGNNNNYAAAYAN	29348008_435	29348008	435	2025-08-21 14:10:28	puhti	COMPLETED	2269	0:0	mariaosm	mariaosm	NA	1	1	37:18.898	10485760	5854	3-00:00:00	2269	NA
1436	ATF3_GABPA_TCATTC40NATT_YYIIII_NCGGAARTGACGTMAN_1_3	NCGGAARTGACGTMAN	29348008_436	29348008	436	2025-08-21 14:10:28	puhti	COMPLETED	33	0:0	mariaosm	mariaosm	NA	1	1	NA	10485760	6418	3-00:00:00	33	NA
1437	ATF3_ONECUT1_TCATTC40NATT_YJII_NTGACGTCANNNNATCGATN_1_3	NTGACGTCANNNNATCGATN	29348008_437	29348008	437	2025-08-21 14:10:28	puhti	COMPLETED	832	0:0	mariaosm	mariaosm	NA	1	1	13:40.805	10485760	5871	3-00:00:00	832	NA
1438	ATF3_ONECUT1_TCATTC40NATT_YJII_TGACGTCANNNNATCGAT_1_3	TGACGTCANNNNATCGAT	29348008_438	29348008	438	2025-08-21 14:10:28	puhti	COMPLETED	70	0:0	mariaosm	mariaosm	NA	1	1	01:06.480	10485760	6067	3-00:00:00	70	NA
1439	ATF3_SOX11_TGAGAG40NTGTG_YUIII_NACAATGACGTMAN_1_3	NACAATGACGTMAN	29348008_439	29348008	439	2025-08-21 14:10:28	puhti	COMPLETED	74	0:0	mariaosm	mariaosm	NA	1	1	NA	10485760	845474	3-00:00:00	74	NA
1440	ATF3_SOX11_TGAGAG40NTGTG_YUIII_NTKACGTMACAATRN_1_3	NTKACGTMACAATRN	29348008_440	29348008	440	2025-08-21 14:10:28	puhti	COMPLETED	43	0:0	mariaosm	mariaosm	NA	1	1	NA	10485760	5853	3-00:00:00	43	NA
1441	ATF3_TBX4_TCATTC40NATT_YWII_GGTGACGTGT_1_3	GGTGACGTGT	29348008_441	29348008	441	2025-08-21 14:10:28	puhti	COMPLETED	16	0:0	mariaosm	mariaosm	NA	1	1	NA	10485760	3204	3-00:00:00	16	NA
1442	ATF3_TBX4_TCATTC40NATT_YWII_NAGGTGACGTGTNRN_1_3	NAGGTGACGTGTNRN	29348008_442	29348008	442	2025-08-21 14:10:28	puhti	COMPLETED	44	0:0	mariaosm	mariaosm	NA	1	1	NA	10485760	6405	3-00:00:00	44	NA
1443	ATF3_TBX4_TCATTC40NATT_YWII_NAGGTGTKACGTMAN_1_3	NAGGTGTKACGTMAN	29348008_443	29348008	443	2025-08-21 14:10:28	puhti	COMPLETED	23	0:0	mariaosm	mariaosm	NA	1	1	NA	10485760	3204	3-00:00:00	23	NA
1444	ATF4_CEBPD_TAGCAT40NAGG_YKIII_NRTTGCGTCAYN_1_3	NRTTGCGTCAYN	29348008_444	29348008	444	2025-08-21 14:10:28	puhti	COMPLETED	23	0:0	mariaosm	mariaosm	NA	1	1	NA	10485760	3270	3-00:00:00	23	NA
1445	ATF4_ELF1_TCACAA40NCGC_YADIIII_VCGGAARTGACGT_1_3	VCGGAARTGACGT	29348008_445	29348008	445	2025-08-21 14:10:28	puhti	COMPLETED	15	0:0	mariaosm	mariaosm	NA	1	1	NA	10485760	3270	3-00:00:00	15	NA
1446	ATF4_FLI1_TCACAA40NCGC_YYIII_NCGGAARTGACGN_1_3	NCGGAARTGACGN	29348008_446	29348008	446	2025-08-21 14:10:28	puhti	COMPLETED	20	0:0	mariaosm	mariaosm	NA	1	1	NA	10485760	3206	3-00:00:00	20	NA
1447	ATF4_GABPA_TAGCAT40NAGG_YYIIII_NCGGAARTGACGTN_1_3	NCGGAARTGACGTN	29348008_447	29348008	447	2025-08-21 14:10:28	puhti	COMPLETED	20	0:0	mariaosm	mariaosm	NA	1	1	NA	10485760	3270	3-00:00:00	20	NA
1448	ATF4_ISX_TAGCAT40NAGG_YUIIII_NTGACGTAATTAN_1_3	NTGACGTAATTAN	29348008_448	29348008	448	2025-08-21 14:10:28	puhti	COMPLETED	18	0:0	mariaosm	mariaosm	NA	1	1	NA	10485760	3270	3-00:00:00	18	NA
1449	ATF4_TBX21_TAGCAT40NAGG_YYI_NTGACGTGTGAN_1_3	NTGACGTGTGAN	29348008_449	29348008	449	2025-08-21 14:10:28	puhti	COMPLETED	18	0:0	mariaosm	mariaosm	NA	1	1	NA	10485760	3268	3-00:00:00	18	NA
1450	ATF4_TBX4_TAGCAT40NAGG_YWII_NAGGTGACGTGTNRN_1_3	NAGGTGACGTGTNRN	29348008_450	29348008	450	2025-08-21 14:10:28	puhti	COMPLETED	35	0:0	mariaosm	mariaosm	NA	1	1	NA	10485760	5780	3-00:00:00	35	NA
1451	ATF6B_ETV4_TAACTA40NCTGT_YSIII_NNMGGAWRTGACGTNNN_1_3	NNMGGAWRTGACGTNNN	29348008_451	29348008	451	2025-08-21 14:10:28	puhti	COMPLETED	1272	0:0	mariaosm	mariaosm	NA	1	1	20:59.288	10485760	5859	3-00:00:00	1272	NA
1452	ATF6B_FLI1_TAACTA40NCTGT_YYIII_NMCGGAWNYACGTMAN_1_3	NMCGGAWNYACGTMAN	29348008_452	29348008	452	2025-08-21 14:10:28	puhti	COMPLETED	315	0:0	mariaosm	mariaosm	NA	1	1	02:21.901	10485760	5995	3-00:00:00	315	NA
1453	ATF6B_FLI1_TAACTA40NCTGT_YYIII_NRCCGGAWRTGACGTN_2_3	NRCCGGAWRTGACGTN	29348008_453	29348008	453	2025-08-21 14:10:28	puhti	COMPLETED	36	0:0	mariaosm	mariaosm	NA	1	1	NA	10485760	5785	3-00:00:00	36	NA
1454	ATF6B_GABPA_TTTCAA40NTGA_YYIIII_NCGGAARYACGTCAN_2_3	NCGGAARYACGTCAN	29348008_454	29348008	454	2025-08-21 14:10:28	puhti	COMPLETED	26	0:0	mariaosm	mariaosm	NA	1	1	NA	10485760	660399	3-00:00:00	26	NA
1455	ATF6B_TBX21_TTTCAA40NTGA_YYI_NTGACGNAGGTGTKAN_1_3	NTGACGNAGGTGTKAN	29348008_455	29348008	455	2025-08-21 14:10:28	puhti	COMPLETED	36	0:0	mariaosm	mariaosm	NA	1	1	NA	10485760	5798	3-00:00:00	36	NA
1456	ATF6B_TBX4_TTTCAA40NTGA_YWII_NAGGTGACGTGTNRN_1_3	NAGGTGACGTGTNRN	29348008_456	29348008	456	2025-08-21 14:10:28	puhti	COMPLETED	31	0:0	mariaosm	mariaosm	NA	1	1	NA	10485760	5840	3-00:00:00	31	NA
1457	ATOH1_FLI1_TTCGGG40NGAG_YYIII_NCCGGAAACAGCTGN_1_3	NCCGGAAACAGCTGN	29348008_457	29348008	457	2025-08-21 14:10:28	puhti	COMPLETED	18	0:0	mariaosm	mariaosm	NA	1	1	NA	10485760	5768	3-00:00:00	18	NA
1458	ATOH1_FOXD2_TCCATG40NCAC_YWI_NWRNRYAAACANCAGCTGTYN_2_3	NWRNRYAAACANCAGCTGTYN	29348008_458	29348008	458	2025-08-21 14:10:28	puhti	COMPLETED	1740	0:0	mariaosm	mariaosm	NA	1	1	28:45.397	10485760	5865	3-00:00:00	1740	NA
1459	ATOH1_POU2F2_TTCGGG40NGAG_YAAIIII_CATATGCTAATY_1_3	CATATGCTAATY	29348008_459	29348008	459	2025-08-21 14:10:28	puhti	COMPLETED	15	0:0	mariaosm	mariaosm	NA	1	1	NA	10485760	3266	3-00:00:00	15	NA
1460	ATOH1_TBX21_TCCATG40NCAC_YYI_NAGGTGTNANCATATGNYN_1_3	NAGGTGTNANCATATGNYN	29348008_460	29348008	460	2025-08-21 14:10:28	puhti	COMPLETED	379	0:0	mariaosm	mariaosm	NA	1	1	06:15.687	10485760	5807	3-00:00:00	379	NA
1461	BACH2_FOXD2_TCACTT40NTTG_YWI_NTGASTCANNNNRYAAACAN_1_3	NTGASTCANNNNRYAAACAN	29348008_461	29348008	461	2025-08-21 14:10:28	puhti	COMPLETED	8866	0:0	mariaosm	mariaosm	NA	1	1	02:26:35	10485760	5875	3-00:00:00	8866	02:27:45
1462	BARHL1_ELK3_TCTATT40NCAT_YAFI_NCGGAANCGTTTAN_1_3	NCGGAANCGTTTAN	29348008_462	29348008	462	2025-08-21 14:10:28	puhti	COMPLETED	27	0:0	mariaosm	mariaosm	NA	1	1	NA	10485760	3212	3-00:00:00	27	NA
1463	BARHL1_ELK3_TCTATT40NCAT_YAFI_NTAAACGGAAGTN_1_3	NTAAACGGAAGTN	29348008_463	29348008	463	2025-08-21 14:10:28	puhti	COMPLETED	18	0:0	mariaosm	mariaosm	NA	1	1	NA	10485760	3208	3-00:00:00	18	NA
1464	BARHL1_ETV5_TTGCGA40NTACG_YKII_TAAACGGAAGT_1_3	TAAACGGAAGT	29348008_464	29348008	464	2025-08-21 14:10:28	puhti	COMPLETED	15	0:0	mariaosm	mariaosm	NA	1	1	NA	10485760	3208	3-00:00:00	15	NA
1465	BARHL1_FOXD2_TCTATT40NCAT_YWI_NCGTTTANNNNNRYAAACAN_1_3	NCGTTTANNNNNRYAAACAN	29348008_465	29348008	465	2025-08-21 14:10:28	puhti	COMPLETED	22081	0:0	mariaosm	mariaosm	NA	1	1	05:57:28	10485760	6527	3-00:00:00	22081	06:08:00
1466	BARHL1_MEF2C_TTGCGA40NTACG_YAFIII_CCATAAAYGG_1_3	CCATAAAYGG	29348008_466	29348008	466	2025-08-21 14:10:28	puhti	COMPLETED	14	0:0	mariaosm	mariaosm	NA	1	1	NA	10485760	3214	3-00:00:00	14	NA
1467	BARHL1_MEF2D_TTGCGA40NTACG_YAEII_CCTAATTAGG_1_3	CCTAATTAGG	29348008_467	29348008	467	2025-08-21 14:10:28	puhti	COMPLETED	205	0:0	mariaosm	mariaosm	NA	1	1	NA	10485760	930125	3-00:00:00	205	NA
1468	BARHL1_MEF2D_TTGCGA40NTACG_YAEII_NCCTAATTAGGN_1_3	NCCTAATTAGGN	29348008_468	29348008	468	2025-08-21 14:10:28	puhti	COMPLETED	17	0:0	mariaosm	mariaosm	NA	1	1	NA	10485760	3204	3-00:00:00	17	NA
1469	BARHL1_TBX20_TTGCGA40NTACG_YWIIII_NANGTGTTAATTRN_1_3	NANGTGTTAATTRN	29348008_469	29348008	469	2025-08-21 14:10:28	puhti	COMPLETED	206	0:0	mariaosm	mariaosm	NA	1	1	NA	10485760	5828	3-00:00:00	206	NA
1470	BARHL1_TBX21_TCTATT40NCAT_YYI_NAGGTGTTAAACGN_1_3	NAGGTGTTAAACGN	29348008_470	29348008	470	2025-08-21 14:10:28	puhti	COMPLETED	18	0:0	mariaosm	mariaosm	NA	1	1	NA	10485760	3206	3-00:00:00	18	NA
1471	BARHL1_TBX4_TCTATT40NCAT_YWII_NCGTTTAGGTGWNRN_1_3	NCGTTTAGGTGWNRN	29348008_471	29348008	471	2025-08-21 14:10:28	puhti	COMPLETED	57	0:0	mariaosm	mariaosm	NA	1	1	NA	10485760	6059	3-00:00:00	57	NA
1472	BARHL1_TBX6_TCTATT40NCAT_YAAII_NRGTGTTAATTGN_1_3	NRGTGTTAATTGN	29348008_472	29348008	472	2025-08-21 14:10:28	puhti	COMPLETED	201	0:0	mariaosm	mariaosm	NA	1	1	NA	10485760	5846	3-00:00:00	201	NA
1473	BARHL1_TEAD4_TTGCGA40NTACG_YJII_NCATTCCNNCAATTAN_1_3	NCATTCCNNCAATTAN	29348008_473	29348008	473	2025-08-21 14:10:28	puhti	COMPLETED	225	0:0	mariaosm	mariaosm	NA	1	1	NA	10485760	5803	3-00:00:00	225	NA
1474	BARHL1_TEAD4_TTGCGA40NTACG_YJII_NCATTCCNNCGTTTAN_1_3	NCATTCCNNCGTTTAN	29348008_474	29348008	474	2025-08-21 14:10:28	puhti	COMPLETED	193	0:0	mariaosm	mariaosm	NA	1	1	NA	10485760	2084	3-00:00:00	193	NA
1475	BARHL2_ELF1_TTGGGT40NGGC_YADIIII_TAAACGGWART_1_3	TAAACGGWART	29348008_475	29348008	475	2025-08-21 14:10:28	puhti	COMPLETED	13	0:0	mariaosm	mariaosm	NA	1	1	NA	10485760	3206	3-00:00:00	13	NA
1476	BARHL2_ELK3_TTGGAC40NGTG_YAFI_NCCGGAAGYAATTAN_1_3	NCCGGAAGYAATTAN	29348008_476	29348008	476	2025-08-21 14:10:28	puhti	COMPLETED	193	0:0	mariaosm	mariaosm	NA	1	1	NA	10485760	5843	3-00:00:00	193	NA
1477	BARHL2_ELK3_TTGGAC40NGTG_YAFI_NCGGAANCGTTTAN_1_3	NCGGAANCGTTTAN	29348008_477	29348008	477	2025-08-21 14:10:28	puhti	COMPLETED	24	0:0	mariaosm	mariaosm	NA	1	1	NA	10485760	3272	3-00:00:00	24	NA
1478	BARHL2_ELK3_TTGGAC40NGTG_YAFI_NTAAACGGAAGTN_1_3	NTAAACGGAAGTN	29348008_478	29348008	478	2025-08-21 14:10:28	puhti	COMPLETED	17	0:0	mariaosm	mariaosm	NA	1	1	NA	10485760	3208	3-00:00:00	17	NA
1479	BARHL2_ELK3_TTGGAC40NGTG_YAFI_NYAATTAMCGGAWRYN_1_3	NYAATTAMCGGAWRYN	29348008_479	29348008	479	2025-08-21 14:10:28	puhti	COMPLETED	241	0:0	mariaosm	mariaosm	NA	1	1	01:39.108	10485760	5845	3-00:00:00	241	NA
1480	BARHL2_ETV4_TTGGGT40NGGC_YSIII_NCGGAANYAATTAN_1_3	NCGGAANYAATTAN	29348008_480	29348008	480	2025-08-21 14:10:28	puhti	COMPLETED	30	0:0	mariaosm	mariaosm	NA	1	1	NA	10485760	3278	3-00:00:00	30	NA
1481	BARHL2_ETV4_TTGGGT40NGGC_YSIII_NMGGAANCGTTTAN_1_3	NMGGAANCGTTTAN	29348008_481	29348008	481	2025-08-21 14:10:28	puhti	COMPLETED	31	0:0	mariaosm	mariaosm	NA	1	1	NA	10485760	5780	3-00:00:00	31	NA
1482	BARHL2_ETV5_TTGGGT40NGGC_YKII_TAAACGGAAGT_1_3	TAAACGGAAGT	29348008_482	29348008	482	2025-08-21 14:10:28	puhti	COMPLETED	203	0:0	mariaosm	mariaosm	NA	1	1	NA	10485760	3270	3-00:00:00	203	NA
1483	BARHL2_GABPA_TTGGAC40NGTG_YYIIII_NCCGGAWRCGTTTAN_1_3	NCCGGAWRCGTTTAN	29348008_483	29348008	483	2025-08-21 14:10:28	puhti	COMPLETED	22	0:0	mariaosm	mariaosm	NA	1	1	NA	10485760	3206	3-00:00:00	22	NA
1484	BARHL2_TBX20_TTGGGT40NGGC_YWIIII_NAGGTGNTAATKRN_1_3	NAGGTGNTAATKRN	29348008_484	29348008	484	2025-08-21 14:10:28	puhti	COMPLETED	44	0:0	mariaosm	mariaosm	NA	1	1	NA	10485760	5785	3-00:00:00	44	NA
1485	BARHL2_TBX21_TTGGAC40NGTG_YYI_NAGGTGTTAAACGN_1_3	NAGGTGTTAAACGN	29348008_485	29348008	485	2025-08-21 14:10:28	puhti	COMPLETED	168	0:0	mariaosm	mariaosm	NA	1	1	NA	10485760	5831	3-00:00:00	168	NA
1486	BARHL2_TBX4_TTGGAC40NGTG_YWII_NAGGTGHTAAACGN_1_3	NAGGTGHTAAACGN	29348008_486	29348008	486	2025-08-21 14:10:28	puhti	COMPLETED	22	0:0	mariaosm	mariaosm	NA	1	1	NA	10485760	3212	3-00:00:00	22	NA
1487	BARHL2_TBX4_TTGGAC40NGTG_YWII_NAGGTGHTAATTGN_1_3	NAGGTGHTAATTGN	29348008_487	29348008	487	2025-08-21 14:10:28	puhti	COMPLETED	156	0:0	mariaosm	mariaosm	NA	1	1	NA	10485760	3278	3-00:00:00	156	NA
1488	BARHL2_TBX4_TTGGAC40NGTG_YWII_NTAAAMGGTGTNRN_1_3	NTAAAMGGTGTNRN	29348008_488	29348008	488	2025-08-21 14:10:28	puhti	COMPLETED	103	0:0	mariaosm	mariaosm	NA	1	1	NA	10485760	5773	3-00:00:00	103	NA
1489	BARHL2_TEAD4_TTGGGT40NGGC_YJII_YNWTTAACATTCC_1_3	YNWTTAACATTCC	29348008_489	29348008	489	2025-08-21 14:10:28	puhti	COMPLETED	17	0:0	mariaosm	mariaosm	NA	1	1	NA	10485760	3278	3-00:00:00	17	NA
1490	BARHL2_TGIF2LX_TTGGAC40NGTG_YVII_NTAATTGACAN_1_3	NTAATTGACAN	29348008_490	29348008	490	2025-08-21 14:10:28	puhti	COMPLETED	101	0:0	mariaosm	mariaosm	NA	1	1	NA	10485760	7919	3-00:00:00	101	NA
1491	BHLHA15_TBX21_TTTATG40NTAA_YYI_NCATATGGTGTGAN_1_3	NCATATGGTGTGAN	29348008_491	29348008	491	2025-08-21 14:10:28	puhti	COMPLETED	80	0:0	mariaosm	mariaosm	NA	1	1	NA	10485760	3268	3-00:00:00	80	NA
1492	BHLHB2_ERG_TGCAGG40NTCTA_YYII_NCACGTGACCGGAAGTN_2_3	NCACGTGACCGGAAGTN	29348008_492	29348008	492	2025-08-21 14:10:28	puhti	COMPLETED	20	0:0	mariaosm	mariaosm	NA	1	1	NA	10485760	3208	3-00:00:00	20	NA
1493	BHLHB2_ETV4_TGCAGG40NTCTA_YSIII_NKCACGTGACCGGAWRYN_2_3	NKCACGTGACCGGAWRYN	29348008_493	29348008	493	2025-08-21 14:10:28	puhti	COMPLETED	111	0:0	mariaosm	mariaosm	NA	1	1	01:03.976	10485760	6060	3-00:00:00	111	NA
1494	BHLHB2_FLI1_TGCAGG40NTCTA_YYIII_NRCCGGAARCACGTGMN_2_3	NRCCGGAARCACGTGMN	29348008_494	29348008	494	2025-08-21 14:10:28	puhti	COMPLETED	40	0:0	mariaosm	mariaosm	NA	1	1	NA	10485760	6027	3-00:00:00	40	NA
1495	BHLHB2_FLI1_TGCAGG40NTCTA_YYIII_NRCCGGAARTCACGMN_2_3	NRCCGGAARTCACGMN	29348008_495	29348008	495	2025-08-21 14:10:28	puhti	COMPLETED	79	0:0	mariaosm	mariaosm	NA	1	1	NA	10485760	2104	3-00:00:00	79	NA
1496	BHLHB2_TBX21_TGGGTT40NCGT_YYI_NGTGTGRCACGTGMN_1_3	NGTGTGRCACGTGMN	29348008_496	29348008	496	2025-08-21 14:10:28	puhti	COMPLETED	125	0:0	mariaosm	mariaosm	NA	1	1	NA	10485760	8569	3-00:00:00	126	NA
1497	BHLHB2_TEAD4_TGCAGG40NTCTA_YJII_NTCACGTGANNNNAMATTCCN_2_3	NTCACGTGANNNNAMATTCCN	29348008_497	29348008	497	2025-08-21 14:10:28	puhti	COMPLETED	1660	0:0	mariaosm	mariaosm	NA	1	1	26:09.023	10485760	7939	3-00:00:00	1660	NA
1498	BHLHB8_FLI1_TCCTGC40NTGCC_YYIII_NRMCGGAAACAGCTGN_1_3	NRMCGGAAACAGCTGN	29348008_498	29348008	498	2025-08-21 14:10:28	puhti	COMPLETED	24	0:0	mariaosm	mariaosm	NA	1	1	NA	10485760	3210	3-00:00:00	24	NA
1499	BHLHB8_FLI1_TCCTGC40NTGCC_YYIII_NRMCGGAAACATATGN_1_3	NRMCGGAAACATATGN	29348008_499	29348008	499	2025-08-21 14:10:28	puhti	COMPLETED	54	0:0	mariaosm	mariaosm	NA	1	1	NA	10485760	5785	3-00:00:00	54	NA
1500	BHLHB8_TBX21_TAGCGT40NTCA_YYI_NAGGTGTNAMCAGCTGKN_2_3	NAGGTGTNAMCAGCTGKN	29348008_500	29348008	500	2025-08-21 14:10:28	puhti	COMPLETED	123	0:0	mariaosm	mariaosm	NA	1	1	01:03.364	10485760	2084	3-00:00:00	123	NA
1501	BHLHB8_TBX21_TAGCGT40NTCA_YYI_NAGGTGTNAMCATATGKN_2_3	NAGGTGTNAMCATATGKN	29348008_501	29348008	501	2025-08-21 14:10:28	puhti	COMPLETED	66	0:0	mariaosm	mariaosm	NA	1	1	01:05.224	10485760	6053	3-00:00:00	66	NA
1502	BHLHE22_GMEB2_TACGAT40NCCG_YRI_NACGTRNCATATGNYN_1_3	NACGTRNCATATGNYN	29348008_502	29348008	502	2025-08-21 14:10:28	puhti	COMPLETED	157	0:0	mariaosm	mariaosm	NA	1	1	02:34.621	10485760	5792	3-00:00:00	157	NA
1503	BHLHE22_TBX21_TAACAG40NGGC_YYI_NCATATGGTGTGAN_1_3	NCATATGGTGTGAN	29348008_503	29348008	503	2025-08-21 14:10:28	puhti	COMPLETED	16	0:0	mariaosm	mariaosm	NA	1	1	NA	10485760	3208	3-00:00:00	16	NA
1504	BHLHE22_TGIF2LX_TAACAG40NGGC_YVII_NCATATGNNNNNTGTCAN_1_3	NCATATGNNNNNTGTCAN	29348008_504	29348008	504	2025-08-21 14:10:28	puhti	COMPLETED	3112	0:0	mariaosm	mariaosm	NA	1	1	51:26.715	10485760	5787	3-00:00:00	3112	NA
1505	BSX_FLI1_TCGGTG40NCAA_YYIII_NMGGAWRYAATTAN_1_3	NMGGAWRYAATTAN	29348008_505	29348008	505	2025-08-21 14:10:28	puhti	COMPLETED	116	0:0	mariaosm	mariaosm	NA	1	1	NA	10485760	5954	3-00:00:00	116	NA
1506	CDX1_ETV1_TCACTC40NCAG_YRIIII_CGGAANNNATAAA_1_3	CGGAANNNATAAA	29348008_506	29348008	506	2025-08-21 14:10:28	puhti	COMPLETED	88	0:0	mariaosm	mariaosm	NA	1	1	NA	10485760	757246	3-00:00:00	88	NA
1507	CDX1_FLI1_TCACTC40NCAG_YYIII_NCGGAWRTCGYAAAN_1_3	NCGGAWRTCGYAAAN	29348008_507	29348008	507	2025-08-21 14:10:28	puhti	COMPLETED	98	0:0	mariaosm	mariaosm	NA	1	1	NA	10485760	5966	3-00:00:00	98	NA
1508	CDX1_HES7_TCACTC40NCAG_YKIII_CACGTGNCATAAA_1_3	CACGTGNCATAAA	29348008_508	29348008	508	2025-08-21 14:10:28	puhti	COMPLETED	83	0:0	mariaosm	mariaosm	NA	1	1	NA	10485760	757890	3-00:00:00	83	NA
1509	CDX1_SOX11_TCACTC40NCAG_YUIII_NAACAATAAAAN_1_3	NAACAATAAAAN	29348008_509	29348008	509	2025-08-21 14:10:28	puhti	COMPLETED	83	0:0	mariaosm	mariaosm	NA	1	1	NA	10485760	756920	3-00:00:00	83	NA
1510	CDX1_TEAD4_TCACTC40NCAG_YJII_NYMRTAAACATTCCN_1_3	NYMRTAAACATTCCN	29348008_510	29348008	510	2025-08-21 14:10:28	puhti	COMPLETED	98	0:0	mariaosm	mariaosm	NA	1	1	NA	10485760	5973	3-00:00:00	98	NA
1511	CDX1_TEAD4_TCACTC40NCAG_YJII_NYMRTAAATWCCN_1_3	NYMRTAAATWCCN	29348008_511	29348008	511	2025-08-21 14:10:28	puhti	COMPLETED	111	0:0	mariaosm	mariaosm	NA	1	1	NA	10485760	5966	3-00:00:00	111	NA
1512	CDX1_TGIF2LX_TCGACG40NTAA_YVII_NTGTCATAAAAN_1_3	NTGTCATAAAAN	29348008_512	29348008	512	2025-08-21 14:10:28	puhti	COMPLETED	83	0:0	mariaosm	mariaosm	NA	1	1	NA	10485760	756452	3-00:00:00	83	NA
1513	CDX1_T_TCACTC40NCAG_YAFIIII_RGGTGYTAATTRN_1_3	RGGTGYTAATTRN	29348008_513	29348008	513	2025-08-21 14:10:28	puhti	COMPLETED	83	0:0	mariaosm	mariaosm	NA	1	1	NA	10485760	756265	3-00:00:00	83	NA
1514	CEBPB_ETV1_TAGTCA40NTCT_YRIIII_NCCGGAWRNNNCGYAAN_1_3	NCCGGAWRNNNCGYAAN	29348008_514	29348008	514	2025-08-21 14:10:28	puhti	COMPLETED	1251	0:0	mariaosm	mariaosm	NA	1	1	19:41.460	10485760	5921	3-00:00:00	1251	NA
1515	CEBPB_FLI1_TAGTCA40NTCT_YYIII_NSCGGAAGTTGCGN_1_3	NSCGGAAGTTGCGN	29348008_515	29348008	515	2025-08-21 14:10:28	puhti	COMPLETED	84	0:0	mariaosm	mariaosm	NA	1	1	NA	10485760	756759	3-00:00:00	84	NA
1516	CEBPB_FOSB_TCCTCT40NGTC_YWIII_NRTTGCGTCAYN_1_3	NRTTGCGTCAYN	29348008_516	29348008	516	2025-08-21 14:10:28	puhti	COMPLETED	87	0:0	mariaosm	mariaosm	NA	1	1	NA	10485760	756514	3-00:00:00	87	NA
1517	CEBPB_FOXD2_TCCTCT40NGTC_YWI_NTTRYGTAAACAN_1_3	NTTRYGTAAACAN	29348008_517	29348008	517	2025-08-21 14:10:28	puhti	COMPLETED	87	0:0	mariaosm	mariaosm	NA	1	1	NA	10485760	758325	3-00:00:00	87	NA
1518	CEBPD_ETV5_TTTGTA40NTCC_YJI_NCCGGAANNNNYGCAAN_1_3	NCCGGAANNNNYGCAAN	29348008_518	29348008	518	2025-08-21 14:10:28	puhti	COMPLETED	1268	0:0	mariaosm	mariaosm	NA	1	1	19:58.130	10485760	5908	3-00:00:00	1268	NA
1519	CEBPE_FOSB_TGGGCT40NGTT_YWIII_NRTTGCGTCAYN_1_3	NRTTGCGTCAYN	29348008_519	29348008	519	2025-08-21 14:10:28	puhti	COMPLETED	87	0:0	mariaosm	mariaosm	NA	1	1	NA	10485760	757060	3-00:00:00	87	NA
1520	CEBPE_FOXD2_TGGGCT40NGTT_YWI_NTTRYGTAAACAN_1_3	NTTRYGTAAACAN	29348008_520	29348008	520	2025-08-21 14:10:28	puhti	COMPLETED	87	0:0	mariaosm	mariaosm	NA	1	1	NA	10485760	757472	3-00:00:00	87	NA
1521	CEBPE_FOXD3_TGGGCT40NGTT_YWIIII_NTTRCGYAAACAN_1_3	NTTRCGYAAACAN	29348008_521	29348008	521	2025-08-21 14:10:28	puhti	COMPLETED	87	0:0	mariaosm	mariaosm	NA	1	1	NA	10485760	757873	3-00:00:00	87	NA
1522	CEBPE_GABPA_TGGGCT40NGTT_YYIIII_NCCGGAAGTTGCGYMAN_1_3	NCCGGAAGTTGCGYMAN	29348008_522	29348008	522	2025-08-21 14:10:28	puhti	COMPLETED	91	0:0	mariaosm	mariaosm	NA	1	1	NA	10485760	756187	3-00:00:00	91	NA
1523	CEBPE_TBX21_TGGGCT40NGTT_YYI_NAGGTGTYGCAAN_1_3	NAGGTGTYGCAAN	29348008_523	29348008	523	2025-08-21 14:10:28	puhti	COMPLETED	18	0:0	mariaosm	mariaosm	NA	1	1	NA	10485760	3210	3-00:00:00	18	NA
1524	CEBPE_TBX4_TGGGCT40NGTT_YWII_NAGGTGTYGCAAYN_1_3	NAGGTGTYGCAAYN	29348008_524	29348008	524	2025-08-21 14:10:28	puhti	COMPLETED	23	0:0	mariaosm	mariaosm	NA	1	1	NA	10485760	3268	3-00:00:00	23	NA
1525	CEBPE_TGIF2LX_TGGGCT40NGTT_YVII_NATTGTGACATN_1_3	NATTGTGACATN	29348008_525	29348008	525	2025-08-21 14:10:28	puhti	COMPLETED	18	0:0	mariaosm	mariaosm	NA	1	1	NA	10485760	3266	3-00:00:00	18	NA
1526	CLOCK_FOXA1_TTGCTT40NCCA_YWII_NRYAAAYANNNNCACGTGN_1_3	NRYAAAYANNNNCACGTGN	29348008_526	29348008	526	2025-08-21 14:10:28	puhti	COMPLETED	7771	0:0	mariaosm	mariaosm	NA	1	1	02:08:29	10485760	5833	3-00:00:00	7771	02:09:30
1527	CLOCK_FOXD2_TCTGAA40NCAT_YWI_NCACGTGNNNNNNNRTAAACAN_1_3	NCACGTGNNNNNNNRTAAACAN	29348008_527	29348008	527	2025-08-21 14:10:28	puhti	CANCELLED	259223	0:0	mariaosm	mariaosm	NA	1	1	NA	10485760	8122330	3-00:00:00	259227	3-00:00:23
1528	CLOCK_RUNX2_TTGCTT40NCCA_YII_NACCRCARCACGTGN_1_3	NACCRCARCACGTGN	29348008_528	29348008	528	2025-08-21 14:10:28	puhti	COMPLETED	26	0:0	mariaosm	mariaosm	NA	1	1	NA	10485760	3204	3-00:00:00	26	NA
1529	CREB1_ELF1_TAACTG40NCGCG_YADIIII_NCGGAAGTNNTGACGN_1_3	NCGGAAGTNNTGACGN	29348008_529	29348008	529	2025-08-21 14:10:28	puhti	COMPLETED	59	0:0	mariaosm	mariaosm	NA	1	1	NA	10485760	5737	3-00:00:00	59	NA
1530	CREB1_ELK1_TAACTG40NCGCG_YRII_NCGGAWRTGACGTNNN_1_3	NCGGAWRTGACGTNNN	29348008_530	29348008	530	2025-08-21 14:10:28	puhti	COMPLETED	146	0:0	mariaosm	mariaosm	NA	1	1	02:24.626	10485760	6079	3-00:00:00	146	NA
1531	CREB1_ERG_TAACTG40NCGCG_YYII_NCGGAWRTGACGTNNN_1_3	NCGGAWRTGACGTNNN	29348008_531	29348008	531	2025-08-21 14:10:28	puhti	COMPLETED	173	0:0	mariaosm	mariaosm	NA	1	1	02:50.717	10485760	5737	3-00:00:00	173	NA
1532	CREB1_ETV1_TAACTG40NCGCG_YRIIII_NNMGGAWRTGACGTNNN_1_3	NNMGGAWRTGACGTNNN	29348008_532	29348008	532	2025-08-21 14:10:28	puhti	COMPLETED	1386	0:0	mariaosm	mariaosm	NA	1	1	22:56.595	10485760	5773	3-00:00:00	1386	NA
1533	CREB1_ETV4_TAACTG40NCGCG_YSIII_NNCGTCANCGGAWRYN_1_3	NNCGTCANCGGAWRYN	29348008_533	29348008	533	2025-08-21 14:10:28	puhti	COMPLETED	282	0:0	mariaosm	mariaosm	NA	1	1	04:39.565	10485760	5834	3-00:00:00	282	NA
1534	CREB1_ETV4_TAACTG40NCGCG_YSIII_NNMGGAWRTGACGTNNN_1_3	NNMGGAWRTGACGTNNN	29348008_534	29348008	534	2025-08-21 14:10:28	puhti	COMPLETED	1279	0:0	mariaosm	mariaosm	NA	1	1	21:03.384	10485760	6747	3-00:00:00	1279	NA
1535	CREB1_FLI1_TAACTG40NCGCG_YYIII_NACCGGAARTACGTCAN_2_3	NACCGGAARTACGTCAN	29348008_535	29348008	535	2025-08-21 14:10:28	puhti	COMPLETED	19	0:0	mariaosm	mariaosm	NA	1	1	NA	10485760	3276	3-00:00:00	19	NA
1536	CREB1_FLI1_TAACTG40NCGCG_YYIII_NRCCGGAARTGACGTN_2_3	NRCCGGAARTGACGTN	29348008_536	29348008	536	2025-08-21 14:10:28	puhti	COMPLETED	27	0:0	mariaosm	mariaosm	NA	1	1	NA	10485760	3268	3-00:00:00	27	NA
1537	CREB1_FLI1_TAACTG40NCGCG_YYIII_NRTGACGTACCGGAARYN_2_3	NRTGACGTACCGGAARYN	29348008_537	29348008	537	2025-08-21 14:10:28	puhti	COMPLETED	40	0:0	mariaosm	mariaosm	NA	1	1	NA	10485760	5784	3-00:00:00	40	NA
1538	CREB1_IRF7_TAACTG40NCGCG_YAEIIII_NRTGACGNNNCGAAAN_1_3	NRTGACGNNNCGAAAN	29348008_538	29348008	538	2025-08-21 14:10:28	puhti	COMPLETED	306	0:0	mariaosm	mariaosm	NA	1	1	05:02.668	10485760	5887	3-00:00:00	306	NA
1539	CREB1_SOX11_TAACTG40NCGCG_YUIII_NACAATGACGTMAN_1_3	NACAATGACGTMAN	29348008_539	29348008	539	2025-08-21 14:10:28	puhti	COMPLETED	20	0:0	mariaosm	mariaosm	NA	1	1	NA	10485760	3206	3-00:00:00	20	NA
1540	CREB1_SOX11_TAACTG40NCGCG_YUIII_NTKACGTMACAATRN_1_3	NTKACGTMACAATRN	29348008_540	29348008	540	2025-08-21 14:10:28	puhti	COMPLETED	37	0:0	mariaosm	mariaosm	NA	1	1	NA	10485760	6061	3-00:00:00	37	NA
1541	CREB3L1_ELF1_TAGGGT40NGTT_YADIIII_NMYACGTNNNCGGAWRY_1_3	NMYACGTNNNCGGAWRY	29348008_541	29348008	541	2025-08-21 14:10:28	puhti	COMPLETED	1307	0:0	mariaosm	mariaosm	NA	1	1	21:39.194	10485760	6151	3-00:00:00	1307	NA
1542	CREB3L1_FLI1_TAGGGT40NGTT_YYIII_NCGGAAGTGACGN_1_3	NCGGAAGTGACGN	29348008_542	29348008	542	2025-08-21 14:10:28	puhti	COMPLETED	16	0:0	mariaosm	mariaosm	NA	1	1	NA	10485760	3276	3-00:00:00	16	NA
1543	CREB3L1_TBX4_TCCGCT40NGCG_YWII_AGGTGACGTGTCA_2_3	AGGTGACGTGTCA	29348008_543	29348008	543	2025-08-21 14:10:28	puhti	COMPLETED	15	0:0	mariaosm	mariaosm	NA	1	1	NA	10485760	3274	3-00:00:00	15	NA
1544	CREB3L4_ELK3_TTCACG40NAGT_YAFI_NACGTGGAAGTN_1_3	NACGTGGAAGTN	29348008_544	29348008	544	2025-08-21 14:10:28	puhti	COMPLETED	20	0:0	mariaosm	mariaosm	NA	1	1	NA	10485760	3274	3-00:00:00	20	NA
1545	CREB3L4_ELK3_TTCACG40NAGT_YAFI_NACGTGNCCGGAWRYN_1_3	NACGTGNCCGGAWRYN	29348008_545	29348008	545	2025-08-21 14:10:28	puhti	COMPLETED	99	0:0	mariaosm	mariaosm	NA	1	1	01:37.866	10485760	5766	3-00:00:00	99	NA
1546	CREB3L4_ETV1_TCTCAC40NCTG_YRIIII_NACGTGGNNCGGAWRY_1_3	NACGTGGNNCGGAWRY	29348008_546	29348008	546	2025-08-21 14:10:28	puhti	COMPLETED	98	0:0	mariaosm	mariaosm	NA	1	1	01:35.514	10485760	5760	3-00:00:00	98	NA
1547	CREB3L4_FLI1_TCTCAC40NCTG_YYIII_NRCCGGAARTGACGTGGN_2_3	NRCCGGAARTGACGTGGN	29348008_547	29348008	547	2025-08-21 14:10:28	puhti	COMPLETED	26	0:0	mariaosm	mariaosm	NA	1	1	NA	10485760	3274	3-00:00:00	27	NA
1548	CREB3L4_TBX4_TTCACG40NAGT_YWII_NAGGTGACGTGTCAN_2_3	NAGGTGACGTGTCAN	29348008_548	29348008	548	2025-08-21 14:10:28	puhti	COMPLETED	88	0:0	mariaosm	mariaosm	NA	1	1	NA	10485760	694547	3-00:00:00	88	NA
1549	CREB3L4_TGIF2LX_TTCACG40NAGT_YVII_NTGACACGTCAY_1_3	NTGACACGTCAY	29348008_549	29348008	549	2025-08-21 14:10:28	puhti	COMPLETED	88	0:0	mariaosm	mariaosm	NA	1	1	NA	10485760	693367	3-00:00:00	88	NA
1550	CREB5_ELK1_TCCAGA40NCTCC_YRII_NCGGAARTGACGTNNN_1_3	NCGGAARTGACGTNNN	29348008_550	29348008	550	2025-08-21 14:10:28	puhti	COMPLETED	158	0:0	mariaosm	mariaosm	NA	1	1	01:24.762	10485760	5912	3-00:00:00	158	NA
1551	CREB5_ELK1_TCCAGA40NCTCC_YRII_NRMCGGAWRTGACGTNNN_1_3	NRMCGGAWRTGACGTNNN	29348008_551	29348008	551	2025-08-21 14:10:28	puhti	COMPLETED	685	0:0	mariaosm	mariaosm	NA	1	1	10:08.236	10485760	5965	3-00:00:00	685	NA
1552	CREB5_ERG_TCCAGA40NCTCC_YYII_NRMCGGAARTGACGTNNN_1_3	NRMCGGAARTGACGTNNN	29348008_552	29348008	552	2025-08-21 14:10:28	puhti	COMPLETED	410	0:0	mariaosm	mariaosm	NA	1	1	06:45.200	10485760	5876	3-00:00:00	410	NA
1553	CREB5_FLI1_TCCAGA40NCTCC_YYIII_NMCGGAWNYACGTMAN_1_3	NMCGGAWNYACGTMAN	29348008_553	29348008	553	2025-08-21 14:10:28	puhti	COMPLETED	169	0:0	mariaosm	mariaosm	NA	1	1	02:46.836	10485760	5779	3-00:00:00	169	NA
1554	CREB5_FLI1_TCCAGA40NCTCC_YYIII_NRCCGGAWRTGACGTMN_2_3	NRCCGGAWRTGACGTMN	29348008_554	29348008	554	2025-08-21 14:10:28	puhti	COMPLETED	61	0:0	mariaosm	mariaosm	NA	1	1	NA	10485760	5768	3-00:00:00	61	NA
1555	CREB5_SOX11_TCCAGA40NCTCC_YUIII_NACAATGACGTMAN_1_3	NACAATGACGTMAN	29348008_555	29348008	555	2025-08-21 14:10:28	puhti	COMPLETED	20	0:0	mariaosm	mariaosm	NA	1	1	NA	10485760	3272	3-00:00:00	20	NA
1556	CREB5_SOX11_TCCAGA40NCTCC_YUIII_NTKACGTMACAATRN_1_3	NTKACGTMACAATRN	29348008_556	29348008	556	2025-08-21 14:10:28	puhti	COMPLETED	39	0:0	mariaosm	mariaosm	NA	1	1	NA	10485760	5850	3-00:00:00	39	NA
1557	CREB5_TBX21_TAGAGC40NTAG_YYI_NAGGTGTNARTGACGTMN_2_3	NAGGTGTNARTGACGTMN	29348008_557	29348008	557	2025-08-21 14:10:28	puhti	COMPLETED	54	0:0	mariaosm	mariaosm	NA	1	1	NA	10485760	6000	3-00:00:00	54	NA
1558	CREM_ELF2_TCATAG40NGGT_YSIII_NCGGAWRTGACGTMN_1_3	NCGGAWRTGACGTMN	29348008_558	29348008	558	2025-08-21 14:10:28	puhti	COMPLETED	37	0:0	mariaosm	mariaosm	NA	1	1	NA	10485760	6058	3-00:00:00	37	NA
1559	CREM_ETV1_TACCAA40NTTA_YRIIII_CCGGANNNNCGTCA_1_3	CCGGANNNNCGTCA	29348008_559	29348008	559	2025-08-21 14:10:28	puhti	COMPLETED	54	0:0	mariaosm	mariaosm	NA	1	1	NA	10485760	5835	3-00:00:00	54	NA
1560	CREM_FLI1_TACCAA40NTTA_YYIII_NRCCGGAARTGACGYN_2_3	NRCCGGAARTGACGYN	29348008_560	29348008	560	2025-08-21 14:10:28	puhti	COMPLETED	38	0:0	mariaosm	mariaosm	NA	1	1	NA	10485760	5805	3-00:00:00	38	NA
1561	CREM_GABPA_TCATAG40NGGT_YYIIII_NCGGAARTGACGTN_1_3	NCGGAARTGACGTN	29348008_561	29348008	561	2025-08-21 14:10:28	puhti	COMPLETED	21	0:0	mariaosm	mariaosm	NA	1	1	NA	10485760	3276	3-00:00:00	21	NA
1562	CREM_HOXA2_TCATAG40NGGT_YJI_ACGTMATTA_0_3	ACGTMATTA	29348008_562	29348008	562	2025-08-21 14:10:28	puhti	COMPLETED	16	0:0	mariaosm	mariaosm	NA	1	1	NA	10485760	3278	3-00:00:00	16	NA
1563	CREM_RFX3_TCATAG40NGGT_YSII_NGTTGCTACGTCAN_1_3	NGTTGCTACGTCAN	29348008_563	29348008	563	2025-08-21 14:10:28	puhti	COMPLETED	19	0:0	mariaosm	mariaosm	NA	1	1	NA	10485760	3274	3-00:00:00	19	NA
1564	CREM_TBX4_TCATAG40NGGT_YWII_NAGGTGACGTGTNAN_1_3	NAGGTGACGTGTNAN	29348008_564	29348008	564	2025-08-21 14:10:28	puhti	COMPLETED	27	0:0	mariaosm	mariaosm	NA	1	1	NA	10485760	3276	3-00:00:00	27	NA
1565	CUX1_POU2F2_TATTCA40NTCAG_YAAIIII_NATCGATTATGCAAATNN_2_3	NATCGATTATGCAAATNN	29348008_565	29348008	565	2025-08-21 14:10:28	puhti	COMPLETED	29	0:0	mariaosm	mariaosm	NA	1	1	NA	10485760	3316	3-00:00:00	29	NA
1566	DBX2_ELF1_TGCACG40NTTG_YADIIII_MGGAAGYAATTRN_1_3	MGGAAGYAATTRN	29348008_566	29348008	566	2025-08-21 14:10:28	puhti	COMPLETED	21	0:0	mariaosm	mariaosm	NA	1	1	NA	10485760	3276	3-00:00:00	21	NA
1567	DBX2_TGIF2LX_TCGTTT40NGTC_YVII_NMTGTCAATTAN_1_3	NMTGTCAATTAN	29348008_567	29348008	567	2025-08-21 14:10:28	puhti	COMPLETED	21	0:0	mariaosm	mariaosm	NA	1	1	NA	10485760	3274	3-00:00:00	21	NA
1568	DLX1_ELF1_TTACTA40NCTGA_YADIIII_NMGGAAGYAATTAN_1_3	NMGGAAGYAATTAN	29348008_568	29348008	568	2025-08-21 14:10:28	puhti	COMPLETED	27	0:0	mariaosm	mariaosm	NA	1	1	NA	10485760	3210	3-00:00:00	27	NA
1569	DLX1_ELK1_TTACTA40NCTGA_YRII_NCGGAWRTAATTAN_1_3	NCGGAWRTAATTAN	29348008_569	29348008	569	2025-08-21 14:10:28	puhti	COMPLETED	26	0:0	mariaosm	mariaosm	NA	1	1	NA	10485760	3276	3-00:00:00	26	NA
1570	DLX1_ELK1_TTACTA40NCTGA_YRII_NTAATTRCCGGAWRYN_1_3	NTAATTRCCGGAWRYN	29348008_570	29348008	570	2025-08-21 14:10:28	puhti	COMPLETED	50	0:0	mariaosm	mariaosm	NA	1	1	NA	10485760	5798	3-00:00:00	50	NA
1571	DLX1_ELK3_TGTATA40NGGT_YAFI_NRCCGGAAGYAATTAN_1_3	NRCCGGAAGYAATTAN	29348008_571	29348008	571	2025-08-21 14:10:28	puhti	COMPLETED	26	0:0	mariaosm	mariaosm	NA	1	1	NA	10485760	606434	3-00:00:00	26	NA
1572	DLX1_ELK3_TGTATA40NGGT_YAFI_NYAATTAMCGGAWRYN_1_3	NYAATTAMCGGAWRYN	29348008_572	29348008	572	2025-08-21 14:10:28	puhti	COMPLETED	80	0:0	mariaosm	mariaosm	NA	1	1	01:18.368	10485760	6008	3-00:00:00	80	NA
1573	DLX1_FLI1_TTACTA40NCTGA_YYIII_NCCGGAWRTAATTAN_1_3	NCCGGAWRTAATTAN	29348008_573	29348008	573	2025-08-21 14:10:28	puhti	COMPLETED	26	0:0	mariaosm	mariaosm	NA	1	1	NA	10485760	3274	3-00:00:00	26	NA
1574	DLX1_TBX21_TGTATA40NGGT_YYI_NTAATTAGGTGTNAN_1_3	NTAATTAGGTGTNAN	29348008_574	29348008	574	2025-08-21 14:10:28	puhti	COMPLETED	26	0:0	mariaosm	mariaosm	NA	1	1	NA	10485760	3276	3-00:00:00	26	NA
1575	DLX1_TBX4_TGTATA40NGGT_YWII_NAGGTGTAATTAN_1_3	NAGGTGTAATTAN	29348008_575	29348008	575	2025-08-21 14:10:28	puhti	COMPLETED	18	0:0	mariaosm	mariaosm	NA	1	1	NA	10485760	3212	3-00:00:00	18	NA
1576	DLX1_TBX4_TGTATA40NGGT_YWII_NAGGTGTNATAATTRN_1_3	NAGGTGTNATAATTRN	29348008_576	29348008	576	2025-08-21 14:10:28	puhti	COMPLETED	38	0:0	mariaosm	mariaosm	NA	1	1	NA	10485760	6061	3-00:00:00	38	NA
1577	DLX1_TBX4_TGTATA40NGGT_YWII_NAGGTGTTAATTRN_1_3	NAGGTGTTAATTRN	29348008_577	29348008	577	2025-08-21 14:10:28	puhti	COMPLETED	23	0:0	mariaosm	mariaosm	NA	1	1	NA	10485760	3276	3-00:00:00	23	NA
1578	DLX1_TBX4_TGTATA40NGGT_YWII_NTAATKAGGTGTNRN_1_3	NTAATKAGGTGTNRN	29348008_578	29348008	578	2025-08-21 14:10:28	puhti	COMPLETED	55	0:0	mariaosm	mariaosm	NA	1	1	NA	10485760	5749	3-00:00:00	55	NA
1579	DLX1_TGIF2LX_TGTATA40NGGT_YVII_NTGTCAATTAN_1_3	NTGTCAATTAN	29348008_579	29348008	579	2025-08-21 14:10:28	puhti	COMPLETED	19	0:0	mariaosm	mariaosm	NA	1	1	NA	10485760	3276	3-00:00:00	19	NA
1580	DLX2_ELK3_TTGACT40NAGT_YAFI_NRCCGGAWGYAATTAN_1_3	NRCCGGAWGYAATTAN	29348008_580	29348008	580	2025-08-21 14:10:28	puhti	COMPLETED	38	0:0	mariaosm	mariaosm	NA	1	1	NA	10485760	5765	3-00:00:00	38	NA
1581	DLX2_TBX21_TTGACT40NAGT_YYI_NTAATKAGGTGTNAN_1_3	NTAATKAGGTGTNAN	29348008_581	29348008	581	2025-08-21 14:10:28	puhti	COMPLETED	36	0:0	mariaosm	mariaosm	NA	1	1	NA	10485760	5764	3-00:00:00	36	NA
1582	DLX2_TBX4_TTGACT40NAGT_YWII_NAGGTGTAATTAN_1_3	NAGGTGTAATTAN	29348008_582	29348008	582	2025-08-21 14:10:28	puhti	COMPLETED	18	0:0	mariaosm	mariaosm	NA	1	1	NA	10485760	3274	3-00:00:00	18	NA
1583	DLX2_TBX4_TTGACT40NAGT_YWII_NAGGTGTNATAATTRN_1_3	NAGGTGTNATAATTRN	29348008_583	29348008	583	2025-08-21 14:10:28	puhti	COMPLETED	39	0:0	mariaosm	mariaosm	NA	1	1	NA	10485760	5771	3-00:00:00	39	NA
1584	DLX2_TBX4_TTGACT40NAGT_YWII_NAGGTGTTAATTRN_1_3	NAGGTGTTAATTRN	29348008_584	29348008	584	2025-08-21 14:10:28	puhti	COMPLETED	21	0:0	mariaosm	mariaosm	NA	1	1	NA	10485760	3276	3-00:00:00	21	NA
1585	DLX2_TBX4_TTGACT40NAGT_YWII_NTAATKAGGTGTNRN_1_3	NTAATKAGGTGTNRN	29348008_585	29348008	585	2025-08-21 14:10:28	puhti	COMPLETED	55	0:0	mariaosm	mariaosm	NA	1	1	NA	10485760	5793	3-00:00:00	55	NA
1586	DLX2_TGIF2LX_TTGACT40NAGT_YVII_NMTGTCAATTAN_1_3	NMTGTCAATTAN	29348008_586	29348008	586	2025-08-21 14:10:28	puhti	COMPLETED	20	0:0	mariaosm	mariaosm	NA	1	1	NA	10485760	3274	3-00:00:00	20	NA
1587	DLX2_TGIF2LX_TTGACT40NAGT_YVII_NTGTCAAATTAN_1_3	NTGTCAAATTAN	29348008_587	29348008	587	2025-08-21 14:10:28	puhti	COMPLETED	19	0:0	mariaosm	mariaosm	NA	1	1	NA	10485760	3274	3-00:00:00	19	NA
1588	DLX2_TGIF2LX_TTGACT40NAGT_YVII_NYAATTATGTCAN_1_3	NYAATTATGTCAN	29348008_588	29348008	588	2025-08-21 14:10:28	puhti	COMPLETED	21	0:0	mariaosm	mariaosm	NA	1	1	NA	10485760	3212	3-00:00:00	21	NA
1589	DLX4_ELK1_TCTATA40NCCTA_YRII_NCGGAWRTAATTAN_1_3	NCGGAWRTAATTAN	29348008_589	29348008	589	2025-08-21 14:10:28	puhti	COMPLETED	27	0:0	mariaosm	mariaosm	NA	1	1	NA	10485760	3210	3-00:00:00	27	NA
1590	DLX4_ELK1_TCTATA40NCCTA_YRII_NTAATTRCCGGAWRTN_1_3	NTAATTRCCGGAWRTN	29348008_590	29348008	590	2025-08-21 14:10:28	puhti	COMPLETED	37	0:0	mariaosm	mariaosm	NA	1	1	NA	10485760	5798	3-00:00:00	37	NA
1591	DLX4_ELK3_TCGTCA40NCTA_YAFI_NRCCGGAAGYAATTAN_2_3	NRCCGGAAGYAATTAN	29348008_591	29348008	591	2025-08-21 14:10:28	puhti	COMPLETED	24	0:0	mariaosm	mariaosm	NA	1	1	NA	10485760	3210	3-00:00:00	24	NA
1592	DLX4_ELK3_TCGTCA40NCTA_YAFI_NYAATTAMCGGAWRYN_1_3	NYAATTAMCGGAWRYN	29348008_592	29348008	592	2025-08-21 14:10:28	puhti	COMPLETED	95	0:0	mariaosm	mariaosm	NA	1	1	01:33.376	10485760	5791	3-00:00:00	95	NA
1593	DLX4_TBX21_TCGTCA40NCTA_YYI_NTAATTAGGTGTNAN_1_3	NTAATTAGGTGTNAN	29348008_593	29348008	593	2025-08-21 14:10:28	puhti	COMPLETED	25	0:0	mariaosm	mariaosm	NA	1	1	NA	10485760	3204	3-00:00:00	25	NA
1594	DLX4_TBX4_TCGTCA40NCTA_YWII_NAGGTGTTAATTRN_1_3	NAGGTGTTAATTRN	29348008_594	29348008	594	2025-08-21 14:10:28	puhti	COMPLETED	17	0:0	mariaosm	mariaosm	NA	1	1	NA	10485760	3208	3-00:00:00	17	NA
1595	DLX4_TEAD4_TCTATA40NCCTA_YJII_TAATTAACATTCC_2_3	TAATTAACATTCC	29348008_595	29348008	595	2025-08-21 14:10:28	puhti	COMPLETED	15	0:0	mariaosm	mariaosm	NA	1	1	NA	10485760	3274	3-00:00:00	15	NA
1596	DLX5_ELF1_TGGGTC40NGACT_YADIIII_NMGGAARYAATTA_1_3	NMGGAARYAATTA	29348008_596	29348008	596	2025-08-21 14:10:28	puhti	COMPLETED	20	0:0	mariaosm	mariaosm	NA	1	1	NA	10485760	3278	3-00:00:00	20	NA
1597	DLX5_ELK3_TCAAGA40NCGC_YAFI_NRCCGGAWGYAATTAN_1_3	NRCCGGAWGYAATTAN	29348008_597	29348008	597	2025-08-21 14:10:28	puhti	COMPLETED	40	0:0	mariaosm	mariaosm	NA	1	1	NA	10485760	5845	3-00:00:00	40	NA
1598	DLX5_FLI1_TGGGTC40NGACT_YYIII_NCCGGAAGTAATTAN_1_3	NCCGGAAGTAATTAN	29348008_598	29348008	598	2025-08-21 14:10:28	puhti	COMPLETED	19	0:0	mariaosm	mariaosm	NA	1	1	NA	10485760	3212	3-00:00:00	19	NA
1599	DLX5_RUNX2_TGGGTC40NGACT_YII_ACCGCAATTA_1_3	ACCGCAATTA	29348008_599	29348008	599	2025-08-21 14:10:28	puhti	COMPLETED	15	0:0	mariaosm	mariaosm	NA	1	1	NA	10485760	3278	3-00:00:00	15	NA
1600	DLX5_TBX21_TCAAGA40NCGC_YYI_NTAATTAGGTGTNAN_1_3	NTAATTAGGTGTNAN	29348008_600	29348008	600	2025-08-21 14:10:28	puhti	COMPLETED	56	0:0	mariaosm	mariaosm	NA	1	1	NA	10485760	811402	3-00:00:00	56	NA
1601	DLX5_TBX4_TCAAGA40NCGC_YWII_NAGGTGTAATTAN_1_3	NAGGTGTAATTAN	29348008_601	29348008	601	2025-08-21 14:10:28	puhti	COMPLETED	18	0:0	mariaosm	mariaosm	NA	1	1	NA	10485760	999866	3-00:00:00	18	NA
1602	DLX5_TBX4_TCAAGA40NCGC_YWII_NAGGTGTNATAATTRN_1_3	NAGGTGTNATAATTRN	29348008_602	29348008	602	2025-08-21 14:10:28	puhti	COMPLETED	38	0:0	mariaosm	mariaosm	NA	1	1	NA	10485760	5731	3-00:00:00	38	NA
1603	DLX5_TBX4_TCAAGA40NCGC_YWII_NAGGTGTTAATTRN_1_3	NAGGTGTTAATTRN	29348008_603	29348008	603	2025-08-21 14:10:28	puhti	COMPLETED	21	0:0	mariaosm	mariaosm	NA	1	1	NA	10485760	5746	3-00:00:00	21	NA
1604	DLX5_TBX4_TCAAGA40NCGC_YWII_NAGGTGTTRATKRGGTGNNRN_2_3	NAGGTGTTRATKRGGTGNNRN	29348008_604	29348008	604	2025-08-21 14:10:28	puhti	COMPLETED	794	0:0	mariaosm	mariaosm	NA	1	1	13:07.822	10485760	5894	3-00:00:00	794	NA
1605	DLX5_TBX4_TCAAGA40NCGC_YWII_NTAATKAGGTGTNRN_1_3	NTAATKAGGTGTNRN	29348008_605	29348008	605	2025-08-21 14:10:28	puhti	COMPLETED	49	0:0	mariaosm	mariaosm	NA	1	1	NA	10485760	5792	3-00:00:00	49	NA
1606	DLX6_TBX21_TCTCAT40NTGT_YYI_NTAATKAGGTGTNAN_1_3	NTAATKAGGTGTNAN	29348008_606	29348008	606	2025-08-21 14:10:28	puhti	COMPLETED	30	0:0	mariaosm	mariaosm	NA	1	1	NA	10485760	3272	3-00:00:00	30	NA
1607	DLX6_TBX4_TCTCAT40NTGT_YWII_NAGGTGTTAATTRN_1_3	NAGGTGTTAATTRN	29348008_607	29348008	607	2025-08-21 14:10:28	puhti	COMPLETED	20	0:0	mariaosm	mariaosm	NA	1	1	NA	10485760	755537	3-00:00:00	20	NA
1608	DLX6_TBX4_TCTCAT40NTGT_YWII_NTAATKAGGTGTNRN_1_3	NTAATKAGGTGTNRN	29348008_608	29348008	608	2025-08-21 14:10:28	puhti	COMPLETED	56	0:0	mariaosm	mariaosm	NA	1	1	NA	10485760	5801	3-00:00:00	56	NA
1609	DLX6_TGIF2LX_TCTCAT40NTGT_YVII_NTGTCAATTAN_1_3	NTGTCAATTAN	29348008_609	29348008	609	2025-08-21 14:10:28	puhti	COMPLETED	16	0:0	mariaosm	mariaosm	NA	1	1	NA	10485760	5788	3-00:00:00	16	NA
1610	DLX6_TGIF2LX_TCTCAT40NTGT_YVII_NTGTCATTAN_1_3	NTGTCATTAN	29348008_610	29348008	610	2025-08-21 14:10:28	puhti	COMPLETED	17	0:0	mariaosm	mariaosm	NA	1	1	NA	10485760	3208	3-00:00:00	17	NA
1611	DMBX1_FLI1_TGTCTC40NAACT_YYIII_NTAATCCTTCCGGTN_1_3	NTAATCCTTCCGGTN	29348008_611	29348008	611	2025-08-21 14:10:28	puhti	COMPLETED	17	0:0	mariaosm	mariaosm	NA	1	1	NA	10485760	3208	3-00:00:00	17	NA
1612	DMBX1_GABPA_TACATC40NATA_YYIIII_NTAATCCTTCCGGTN_1_3	NTAATCCTTCCGGTN	29348008_612	29348008	612	2025-08-21 14:10:28	puhti	COMPLETED	18	0:0	mariaosm	mariaosm	NA	1	1	NA	10485760	3206	3-00:00:00	18	NA
1613	DRGX_MEIS3_TGTAGT40NGAT_YRIIII_NTGTCAATTAN_1_3	NTGTCAATTAN	29348008_613	29348008	613	2025-08-21 14:10:28	puhti	COMPLETED	20	0:0	mariaosm	mariaosm	NA	1	1	NA	10485760	3204	3-00:00:00	20	NA
1614	DRGX_TBX21_TGTAGT40NGAT_YYI_NTAATKAGGTGTNAN_1_3	NTAATKAGGTGTNAN	29348008_614	29348008	614	2025-08-21 14:10:28	puhti	COMPLETED	30	0:0	mariaosm	mariaosm	NA	1	1	NA	10485760	6064	3-00:00:00	30	NA
1615	DRGX_TBX4_TGTAGT40NGAT_YWII_NAGGTGTTAATTRN_1_3	NAGGTGTTAATTRN	29348008_615	29348008	615	2025-08-21 14:10:28	puhti	COMPLETED	22	0:0	mariaosm	mariaosm	NA	1	1	NA	10485760	5757	3-00:00:00	22	NA
1616	DRGX_TBX4_TGTAGT40NGAT_YWII_NTAATKAGGTGTNRN_1_3	NTAATKAGGTGTNRN	29348008_616	29348008	616	2025-08-21 14:10:28	puhti	COMPLETED	57	0:0	mariaosm	mariaosm	NA	1	1	NA	10485760	5755	3-00:00:00	57	NA
1617	DRGX_TBX6_TGTAGT40NGAT_YAAII_NAGGTGTTAATTN_1_3	NAGGTGTTAATTN	29348008_617	29348008	617	2025-08-21 14:10:28	puhti	COMPLETED	20	0:0	mariaosm	mariaosm	NA	1	1	NA	10485760	5753	3-00:00:00	20	NA
1618	DRGX_TGIF2LX_TGTAGT40NGAT_YVII_NMTGTCAAATTAN_1_3	NMTGTCAAATTAN	29348008_618	29348008	618	2025-08-21 14:10:28	puhti	COMPLETED	21	0:0	mariaosm	mariaosm	NA	1	1	NA	10485760	5718	3-00:00:00	21	NA
1619	DRGX_TGIF2LX_TGTAGT40NGAT_YVII_NMTGTCAATTAN_1_3	NMTGTCAATTAN	29348008_619	29348008	619	2025-08-21 14:10:28	puhti	COMPLETED	21	0:0	mariaosm	mariaosm	NA	1	1	NA	10485760	5743	3-00:00:00	21	NA
1620	DRGX_TGIF2LX_TGTAGT40NGAT_YVII_NYAATTATGTCAN_1_3	NYAATTATGTCAN	29348008_620	29348008	620	2025-08-21 14:10:28	puhti	COMPLETED	21	0:0	mariaosm	mariaosm	NA	1	1	NA	10485760	5744	3-00:00:00	21	NA
1621	DUXA_RUNX2_TAGCGG40NCTG_YII_NACCRCWNNNNTAATCAN_1_3	NACCRCWNNNNTAATCAN	29348008_621	29348008	621	2025-08-21 14:10:28	puhti	COMPLETED	2597	0:0	mariaosm	mariaosm	NA	1	1	43:01.171	10485760	5976	3-00:00:00	2597	NA
1622	EGR1_ELK3_TCAAAT40NCTG_YAFI_NCCGCCCACGCACTTCCGN_2_3	NCCGCCCACGCACTTCCGN	29348008_622	29348008	622	2025-08-21 14:10:28	puhti	COMPLETED	20	0:0	mariaosm	mariaosm	NA	1	1	NA	10485760	3268	3-00:00:00	20	NA
1623	EGR1_ERG_TGCTAA40NAACA_YYII_NCGCCCACNCTTCCGNYN_1_3	NCGCCCACNCTTCCGNYN	29348008_623	29348008	623	2025-08-21 14:10:28	puhti	COMPLETED	108	0:0	mariaosm	mariaosm	NA	1	1	01:45.782	10485760	5801	3-00:00:00	108	NA
1624	EGR1_FLI1_TGCTAA40NAACA_YYIII_NCGCCCACGNYTTCCGNYN_1_3	NCGCCCACGNYTTCCGNYN	29348008_624	29348008	624	2025-08-21 14:10:28	puhti	COMPLETED	201	0:0	mariaosm	mariaosm	NA	1	1	03:17.497	10485760	5802	3-00:00:00	201	NA
1625	EGR1_GABPA_TCAAAT40NCTG_YYIIII_NCGCCCACGNYTTCCGNYN_2_3	NCGCCCACGNYTTCCGNYN	29348008_625	29348008	625	2025-08-21 14:10:28	puhti	COMPLETED	207	0:0	mariaosm	mariaosm	NA	1	1	03:24.676	10485760	5860	3-00:00:00	207	NA
1626	EGR1_HOXA2_TCAAAT40NCTG_YJI_MCGCCCNNNNNAATTAN_2_3	MCGCCCNNNNNAATTAN	29348008_626	29348008	626	2025-08-21 14:10:28	puhti	COMPLETED	1175	0:0	mariaosm	mariaosm	NA	1	1	19:27.696	10485760	5972	3-00:00:00	1175	NA
1627	EGR1_RFX3_TCAAAT40NCTG_YSII_NCCWTRRCAACNCRCCCMCKYN_1_3	NCCWTRRCAACNCRCCCMCKYN	29348008_627	29348008	627	2025-08-21 14:10:28	puhti	COMPLETED	1630	0:0	mariaosm	mariaosm	NA	1	1	27:00.786	10485760	5991	3-00:00:00	1630	NA
1628	EGR1_RUNX2_TGCTAA40NAACA_YII_NCGCCCACNNNNNTGCGGN_2_3	NCGCCCACNNNNNTGCGGN	29348008_628	29348008	628	2025-08-21 14:10:28	puhti	COMPLETED	2971	0:0	mariaosm	mariaosm	NA	1	1	49:14.128	10485760	5984	3-00:00:00	2971	NA
1629	EGR1_TBX21_TCAAAT40NCTG_YYI_NCGCCCACGCNACACCT_1_3	NCGCCCACGCNACACCT	29348008_629	29348008	629	2025-08-21 14:10:28	puhti	COMPLETED	17	0:0	mariaosm	mariaosm	NA	1	1	NA	10485760	3276	3-00:00:00	17	NA
1630	EGR1_TBX21_TCAAAT40NCTG_YYI_NTCACACCTMCGCCCACGCN_2_3	NTCACACCTMCGCCCACGCN	29348008_630	29348008	630	2025-08-21 14:10:28	puhti	COMPLETED	25	0:0	mariaosm	mariaosm	NA	1	1	NA	10485760	3208	3-00:00:00	25	NA
1631	EGR1_TBX4_TCAAAT40NCTG_YWII_NCGCCCACGCNACACCT_1_3	NCGCCCACGCNACACCT	29348008_631	29348008	631	2025-08-21 14:10:28	puhti	COMPLETED	22	0:0	mariaosm	mariaosm	NA	1	1	NA	10485760	3208	3-00:00:00	22	NA
1632	EGR1_TEAD4_TGCTAA40NAACA_YJII_NCRCCCACRCAMATTCCN_2_3	NCRCCCACRCAMATTCCN	29348008_632	29348008	632	2025-08-21 14:10:28	puhti	COMPLETED	41	0:0	mariaosm	mariaosm	NA	1	1	NA	10485760	5769	3-00:00:00	41	NA
1633	EGR4_FLI1_TAGGTC40NATTT_YYIII_NCGCCCACSCCTTCCGSYN_2_3	NCGCCCACSCCTTCCGSYN	29348008_633	29348008	633	2025-08-21 14:10:28	puhti	COMPLETED	42	0:0	mariaosm	mariaosm	NA	1	1	NA	10485760	5752	3-00:00:00	42	NA
1634	ELF1_CREM_TTCATT40NTAT_YLIII_NMGGAWRTGACGTR_1_3	NMGGAWRTGACGTR	29348008_634	29348008	634	2025-08-21 14:10:28	puhti	COMPLETED	26	0:0	mariaosm	mariaosm	NA	1	1	NA	10485760	3212	3-00:00:00	26	NA
1635	ELF1_FOXD2_TTCATT40NTAT_YWI_NACCGGAWGTTTRYNTWN_2_3	NACCGGAWGTTTRYNTWN	29348008_635	29348008	635	2025-08-21 14:10:28	puhti	COMPLETED	174	0:0	mariaosm	mariaosm	NA	1	1	02:50.871	10485760	6059	3-00:00:00	174	NA
1636	ELF1_FOXD2_TTCATT40NTAT_YWI_NWRNRTAAACMGGAAGTN_2_3	NWRNRTAAACMGGAAGTN	29348008_636	29348008	636	2025-08-21 14:10:28	puhti	COMPLETED	198	0:0	mariaosm	mariaosm	NA	1	1	03:15.313	10485760	6070	3-00:00:00	198	NA
1637	ELF1_FOXK1_TTCATT40NTAT_YXI_NAGAAAACCGAAWMN_2_3	NAGAAAACCGAAWMN	29348008_637	29348008	637	2025-08-21 14:10:28	puhti	COMPLETED	27	0:0	mariaosm	mariaosm	NA	1	1	NA	10485760	3276	3-00:00:00	27	NA
1638	ELF1_FOXO1_TTACAA40NGGAG_YIII_NCGGAWGTAAAYAN_1_3	NCGGAWGTAAAYAN	29348008_638	29348008	638	2025-08-21 14:10:28	puhti	COMPLETED	21	0:0	mariaosm	mariaosm	NA	1	1	NA	10485760	3270	3-00:00:00	21	NA
1639	ELF1_FOXO1_TTACAA40NGGAG_YIII_NRWAAAYAGGAWRTN_1_3	NRWAAAYAGGAWRTN	29348008_639	29348008	639	2025-08-21 14:10:28	puhti	COMPLETED	92	0:0	mariaosm	mariaosm	NA	1	1	01:29.254	10485760	5788	3-00:00:00	92	NA
1640	ELF1_FOXO1_TTACAA40NGGAG_YIII_NTRTTTACGGAWRYN_1_3	NTRTTTACGGAWRYN	29348008_640	29348008	640	2025-08-21 14:10:28	puhti	COMPLETED	57	0:0	mariaosm	mariaosm	NA	1	1	NA	10485760	5740	3-00:00:00	57	NA
1641	ELF1_HOXA2_TTCATT40NTAT_YJI_NTAATTNNGGAAGYN_1_3	NTAATTNNGGAAGYN	29348008_641	29348008	641	2025-08-21 14:10:28	puhti	COMPLETED	95	0:0	mariaosm	mariaosm	NA	1	1	01:31.274	10485760	5787	3-00:00:00	95	NA
1642	ELF1_HOXC10_TTACAA40NGGAG_YAEIII_NMGGAAGTMRTAAAN_1_3	NMGGAAGTMRTAAAN	29348008_642	29348008	642	2025-08-21 14:10:28	puhti	COMPLETED	37	0:0	mariaosm	mariaosm	NA	1	1	NA	10485760	5734	3-00:00:00	37	NA
1643	ELF1_IRF8_TTACAA40NGGAG_YQIIII_NCCGGAAGYGAAACYN_1_3	NCCGGAAGYGAAACYN	29348008_643	29348008	643	2025-08-21 14:10:28	puhti	COMPLETED	29	0:0	mariaosm	mariaosm	NA	1	1	NA	10485760	3276	3-00:00:00	29	NA
1644	ELF1_RUNX2_TTACAA40NGGAG_YII_NMGGAWRTTGCGGTW_1_3	NMGGAWRTTGCGGTW	29348008_644	29348008	644	2025-08-21 14:10:28	puhti	COMPLETED	27	0:0	mariaosm	mariaosm	NA	1	1	NA	10485760	3276	3-00:00:00	27	NA
1645	ELF1_TBX21_TTCATT40NTAT_YYI_NAGGTGTNAYWTCCGGN_2_3	NAGGTGTNAYWTCCGGN	29348008_645	29348008	645	2025-08-21 14:10:28	puhti	COMPLETED	62	0:0	mariaosm	mariaosm	NA	1	1	01:00.121	10485760	5807	3-00:00:00	62	NA
1646	ELF1_TEAD4_TTACAA40NGGAG_YJII_NACTTCCGCATTCCN_1_3	NACTTCCGCATTCCN	29348008_646	29348008	646	2025-08-21 14:10:28	puhti	COMPLETED	15	0:0	mariaosm	mariaosm	NA	1	1	NA	10485760	3206	3-00:00:00	15	NA
1647	ELF1_TGIF2LX_TTCATT40NTAT_YVII_TGWCAGGAAGT_1_3	TGWCAGGAAGT	29348008_647	29348008	647	2025-08-21 14:10:28	puhti	COMPLETED	17	0:0	mariaosm	mariaosm	NA	1	1	NA	10485760	3278	3-00:00:00	17	NA
1648	ELF2_FOXD2_TTATGG40NCCA_YWI_NACCGGAWGTTTRYNTWN_2_3	NACCGGAWGTTTRYNTWN	29348008_648	29348008	648	2025-08-21 14:10:28	puhti	COMPLETED	174	0:0	mariaosm	mariaosm	NA	1	1	02:51.426	10485760	5858	3-00:00:00	174	NA
1649	ELF2_FOXD2_TTATGG40NCCA_YWI_NWANGYAAACACGGAARYN_2_3	NWANGYAAACACGGAARYN	29348008_649	29348008	649	2025-08-21 14:10:28	puhti	COMPLETED	194	0:0	mariaosm	mariaosm	NA	1	1	03:10.966	10485760	5835	3-00:00:00	194	NA
1650	ELF2_FOXK1_TTATGG40NCCA_YXI_NAGAAAACCGAAWMN_2_3	NAGAAAACCGAAWMN	29348008_650	29348008	650	2025-08-21 14:10:28	puhti	COMPLETED	23	0:0	mariaosm	mariaosm	NA	1	1	NA	10485760	3206	3-00:00:00	23	NA
1651	ELF2_HOXA2_TTATGG40NCCA_YJI_NCCGGAAGTAATTAN_1_3	NCCGGAAGTAATTAN	29348008_651	29348008	651	2025-08-21 14:10:28	puhti	COMPLETED	18	0:0	mariaosm	mariaosm	NA	1	1	NA	10485760	3214	3-00:00:00	18	NA
1652	ELF2_HOXA2_TTATGG40NCCA_YJI_NTAATTRCGGAARTN_1_3	NTAATTRCGGAARTN	29348008_652	29348008	652	2025-08-21 14:10:28	puhti	COMPLETED	43	0:0	mariaosm	mariaosm	NA	1	1	NA	10485760	6453	3-00:00:00	43	NA
1653	ELF2_HOXB2_TTATGG40NCCA_YUI_NCCGGAAGTAATTAN_2_3	NCCGGAAGTAATTAN	29348008_653	29348008	653	2025-08-21 14:10:28	puhti	COMPLETED	17	0:0	mariaosm	mariaosm	NA	1	1	NA	10485760	3212	3-00:00:00	17	NA
1654	ELF2_IRF7_TTCTCC40NAGA_YAEIIII_NWCGAAASCGGAAGTN_2_3	NWCGAAASCGGAAGTN	29348008_654	29348008	654	2025-08-21 14:10:28	puhti	COMPLETED	23	0:0	mariaosm	mariaosm	NA	1	1	NA	10485760	3272	3-00:00:00	24	NA
1655	ELF2_IRF8_TTCTCC40NAGA_YQIIII_NCCGGAAGYGAAACYN_1_3	NCCGGAAGYGAAACYN	29348008_655	29348008	655	2025-08-21 14:10:28	puhti	COMPLETED	23	0:0	mariaosm	mariaosm	NA	1	1	NA	10485760	3272	3-00:00:00	23	NA
1656	ELF2_ONECUT1_TTATGG40NCCA_YJII_ATCGATNNNCGGAARY_1_3	ATCGATNNNCGGAARY	29348008_656	29348008	656	2025-08-21 14:10:28	puhti	COMPLETED	49	0:0	mariaosm	mariaosm	NA	1	1	NA	10485760	6057	3-00:00:00	49	NA
1657	ELF2_TBX21_TTATGG40NCCA_YYI_NCGGAAGTAACACCTN_1_3	NCGGAAGTAACACCTN	29348008_657	29348008	657	2025-08-21 14:10:28	puhti	COMPLETED	21	0:0	mariaosm	mariaosm	NA	1	1	NA	10485760	3276	3-00:00:00	21	NA
1658	ELF2_TBX4_TTATGG40NCCA_YWII_NAGGTGTYACTTCCGSN_2_3	NAGGTGTYACTTCCGSN	29348008_658	29348008	658	2025-08-21 14:10:28	puhti	COMPLETED	29	0:0	mariaosm	mariaosm	NA	1	1	NA	10485760	3212	3-00:00:00	29	NA
1659	ELF2_TEAD4_TTCTCC40NAGA_YJII_NGGAATGCGGAARN_2_3	NGGAATGCGGAARN	29348008_659	29348008	659	2025-08-21 14:10:28	puhti	COMPLETED	21	0:0	mariaosm	mariaosm	NA	1	1	NA	10485760	3212	3-00:00:00	21	NA
1660	ELF4_CREM_TCTAGA40NCGA_YLIII_NMGGAWRTGACGTNNN_1_3	NMGGAWRTGACGTNNN	29348008_660	29348008	660	2025-08-21 14:10:28	puhti	COMPLETED	286	0:0	mariaosm	mariaosm	NA	1	1	04:42.547	10485760	5919	3-00:00:00	286	NA
1661	ELF4_FOXA1_TAGCCC40NCATA_YWII_NRYAAACAMGGAWRN_1_3	NRYAAACAMGGAWRN	29348008_661	29348008	661	2025-08-21 14:10:28	puhti	COMPLETED	86	0:0	mariaosm	mariaosm	NA	1	1	01:23.828	10485760	5810	3-00:00:00	86	NA
1662	ELF4_FOXK1_TCTAGA40NCGA_YXI_NAGAAAACCGAAWMN_2_3	NAGAAAACCGAAWMN	29348008_662	29348008	662	2025-08-21 14:10:28	puhti	COMPLETED	26	0:0	mariaosm	mariaosm	NA	1	1	NA	10485760	3268	3-00:00:00	26	NA
1663	ELF4_HOXA2_TCTAGA40NCGA_YJI_NMGGAAGTAATTAN_1_3	NMGGAAGTAATTAN	29348008_663	29348008	663	2025-08-21 14:10:28	puhti	COMPLETED	20	0:0	mariaosm	mariaosm	NA	1	1	NA	10485760	3268	3-00:00:00	20	NA
1664	ELF4_HOXA2_TCTAGA40NCGA_YJI_NTAATKRNNGGAAGN_1_3	NTAATKRNNGGAAGN	29348008_664	29348008	664	2025-08-21 14:10:28	puhti	COMPLETED	149	0:0	mariaosm	mariaosm	NA	1	1	02:25.782	10485760	5834	3-00:00:00	149	NA
1665	ELF4_HOXB2_TCTAGA40NCGA_YUI_NTMATTANNMGGAAGTN_1_3	NTMATTANNMGGAAGTN	29348008_665	29348008	665	2025-08-21 14:10:28	puhti	COMPLETED	165	0:0	mariaosm	mariaosm	NA	1	1	02:38.582	10485760	5865	3-00:00:00	165	NA
1666	ELF4_HOXB5_TCTAGA40NCGA_YVIII_NMGGAAGNWAATTRN_1_3	NMGGAAGNWAATTRN	29348008_666	29348008	666	2025-08-21 14:10:28	puhti	COMPLETED	85	0:0	mariaosm	mariaosm	NA	1	1	01:18.096	10485760	5847	3-00:00:00	85	NA
1667	ELF4_ISL2_TCTAGA40NCGA_YUIII_NMGGAAGYAMTTAAN_1_3	NMGGAAGYAMTTAAN	29348008_667	29348008	667	2025-08-21 14:10:28	puhti	COMPLETED	36	0:0	mariaosm	mariaosm	NA	1	1	NA	10485760	5771	3-00:00:00	36	NA
1668	ELF4_NKX6-1_TAGCCC40NCATA_YVIII_NTAATTACCGGAARYN_2_3	NTAATTACCGGAARYN	29348008_668	29348008	668	2025-08-21 14:10:28	puhti	COMPLETED	27	0:0	mariaosm	mariaosm	NA	1	1	NA	10485760	3212	3-00:00:00	27	NA
1669	ELF4_POU2F2_TAGCCC40NCATA_YAAIIII_NCGGAWATGCWAATN_1_3	NCGGAWATGCWAATN	29348008_669	29348008	669	2025-08-21 14:10:28	puhti	COMPLETED	23	0:0	mariaosm	mariaosm	NA	1	1	NA	10485760	3276	3-00:00:00	23	NA
1670	ELF4_TBX21_TCTAGA40NCGA_YYI_NAGGTGTKANNNNGGAAGTN_1_3	NAGGTGTKANNNNGGAAGTN	29348008_670	29348008	670	2025-08-21 14:10:28	puhti	COMPLETED	1788	0:0	mariaosm	mariaosm	NA	1	1	29:35.313	10485760	5847	3-00:00:00	1788	NA
1671	ELF4_TBX4_TCTAGA40NCGA_YWII_MGGAAGNNNRGGTGTNR_1_3	MGGAAGNNNRGGTGTNR	29348008_671	29348008	671	2025-08-21 14:10:28	puhti	COMPLETED	298	0:0	mariaosm	mariaosm	NA	1	1	04:51.815	10485760	5916	3-00:00:00	298	NA
1672	ELF4_TEAD3_TAGCCC40NCATA_YZI_NGGAATGCGGAAGTN_1_3	NGGAATGCGGAAGTN	29348008_672	29348008	672	2025-08-21 14:10:28	puhti	COMPLETED	15	0:0	mariaosm	mariaosm	NA	1	1	NA	10485760	3272	3-00:00:00	15	NA
1673	ELF4_TEAD4_TAGCCC40NCATA_YJII_NGGAATGCGGAAGTN_1_3	NGGAATGCGGAAGTN	29348008_673	29348008	673	2025-08-21 14:10:28	puhti	COMPLETED	19	0:0	mariaosm	mariaosm	NA	1	1	NA	10485760	3212	3-00:00:00	20	NA
1674	ELF4_TGIF2LX_TCTAGA40NCGA_YVII_NMGGAAGTGWCAN_1_3	NMGGAAGTGWCAN	29348008_674	29348008	674	2025-08-21 14:10:28	puhti	COMPLETED	25	0:0	mariaosm	mariaosm	NA	1	1	NA	10485760	3212	3-00:00:00	25	NA
1675	ELF4_TGIF2LX_TCTAGA40NCGA_YVII_NTGWCAGGAAGYN_1_3	NTGWCAGGAAGYN	29348008_675	29348008	675	2025-08-21 14:10:28	puhti	COMPLETED	22	0:0	mariaosm	mariaosm	NA	1	1	NA	10485760	3206	3-00:00:00	22	NA
1676	ELF5_TEAD4_TGACCG40NTGCT_YJII_RYTTCCGCATTCYN_1_3	RYTTCCGCATTCYN	29348008_676	29348008	676	2025-08-21 14:10:28	puhti	COMPLETED	23	0:0	mariaosm	mariaosm	NA	1	1	NA	10485760	3212	3-00:00:00	23	NA
1677	ELK1_FOXD2_TACTCT40NAAC_YWI_NCCGGAWGTTTAYNTWN_2_3	NCCGGAWGTTTAYNTWN	29348008_677	29348008	677	2025-08-21 14:10:28	puhti	COMPLETED	126	0:0	mariaosm	mariaosm	NA	1	1	01:46.479	10485760	6429	3-00:00:00	126	NA
1678	ELK1_FOXO1_TCCTTG40NTGGC_YIII_NCGGAWGTAAAYAN_1_3	NCGGAWGTAAAYAN	29348008_678	29348008	678	2025-08-21 14:10:28	puhti	COMPLETED	25	0:0	mariaosm	mariaosm	NA	1	1	NA	10485760	3276	3-00:00:00	25	NA
1679	ELK1_HOXA2_TACTCT40NAAC_YJI_NMGGAAGTMATTAN_1_3	NMGGAAGTMATTAN	29348008_679	29348008	679	2025-08-21 14:10:28	puhti	COMPLETED	25	0:0	mariaosm	mariaosm	NA	1	1	NA	10485760	3210	3-00:00:00	25	NA
1680	ELK1_IRF8_TCCTTG40NTGGC_YQIIII_NACCGGAAGYGAAACYN_1_3	NACCGGAAGYGAAACYN	29348008_680	29348008	680	2025-08-21 14:10:28	puhti	COMPLETED	30	0:0	mariaosm	mariaosm	NA	1	1	NA	10485760	3270	3-00:00:00	30	NA
1681	ELK1_IRF8_TCCTTG40NTGGC_YQIIII_NRYTTCCGGNNCGAAACYN_2_3	NRYTTCCGGNNCGAAACYN	29348008_681	29348008	681	2025-08-21 14:10:28	puhti	COMPLETED	394	0:0	mariaosm	mariaosm	NA	1	1	06:29.167	10485760	5855	3-00:00:00	394	NA
1682	ELK1_IRF8_TCCTTG40NTGGC_YQIIII_NYGAAASYGAAACCGGAWGYN_2_3	NYGAAASYGAAACCGGAWGYN	29348008_682	29348008	682	2025-08-21 14:10:28	puhti	COMPLETED	116	0:0	mariaosm	mariaosm	NA	1	1	01:52.208	10485760	5822	3-00:00:00	116	NA
1683	ELK1_ONECUT1_TACTCT40NAAC_YJII_NCGGAASNGATCGATN_1_3	NCGGAASNGATCGATN	29348008_683	29348008	683	2025-08-21 14:10:28	puhti	COMPLETED	37	0:0	mariaosm	mariaosm	NA	1	1	NA	10485760	5765	3-00:00:00	37	NA
1684	ELK1_RUNX2_TCCTTG40NTGGC_YII_NCCGGAAGTTGCGGTTN_2_3	NCCGGAAGTTGCGGTTN	29348008_684	29348008	684	2025-08-21 14:10:28	puhti	COMPLETED	20	0:0	mariaosm	mariaosm	NA	1	1	NA	10485760	3204	3-00:00:00	20	NA
1685	ELK1_SOX11_TCCTTG40NTGGC_YUIII_NCCGGAACAAWRN_1_3	NCCGGAACAAWRN	29348008_685	29348008	685	2025-08-21 14:10:28	puhti	COMPLETED	25	0:0	mariaosm	mariaosm	NA	1	1	NA	10485760	3268	3-00:00:00	25	NA
1686	ELK1_TBX21_TACTCT40NAAC_YYI_NAGGTGTGAMCGGAAGTN_2_3	NAGGTGTGAMCGGAAGTN	29348008_686	29348008	686	2025-08-21 14:10:28	puhti	COMPLETED	21	0:0	mariaosm	mariaosm	NA	1	1	NA	10485760	3208	3-00:00:00	21	NA
1687	ELK1_TBX21_TACTCT40NAAC_YYI_NAGGTGTTACTTCCGGYN_2_3	NAGGTGTTACTTCCGGYN	29348008_687	29348008	687	2025-08-21 14:10:28	puhti	COMPLETED	19	0:0	mariaosm	mariaosm	NA	1	1	NA	10485760	3206	3-00:00:00	19	NA
1688	ELK1_TCF7L1_TCCTTG40NTGGC_YAFII_NCCGGANNNNNATCAAA_1_3	NCCGGANNNNNATCAAA	29348008_688	29348008	688	2025-08-21 14:10:28	puhti	COMPLETED	819	0:0	mariaosm	mariaosm	NA	1	1	12:45.238	10485760	5854	3-00:00:00	819	NA
1689	ELK1_TEAD4_TCCTTG40NTGGC_YJII_YSTTCCGNATTCCN_1_3	YSTTCCGNATTCCN	29348008_689	29348008	689	2025-08-21 14:10:28	puhti	COMPLETED	69	0:0	mariaosm	mariaosm	NA	1	1	NA	10485760	6058	3-00:00:00	69	NA
1690	ELK3_FOXD2_TGGTAT40NTGA_YWI_NCCGGAWGTTTAYNTWN_2_3	NCCGGAWGTTTAYNTWN	29348008_690	29348008	690	2025-08-21 14:10:28	puhti	COMPLETED	167	0:0	mariaosm	mariaosm	NA	1	1	02:01.069	10485760	5752	3-00:00:00	167	NA
1691	ELK3_GCM1_TGGTAT40NTGA_YACII_NRTGNGGGCGGAAGTN_2_3	NRTGNGGGCGGAAGTN	29348008_691	29348008	691	2025-08-21 14:10:28	puhti	COMPLETED	78	0:0	mariaosm	mariaosm	NA	1	1	NA	10485760	5794	3-00:00:00	78	NA
1692	ELK3_HOXA2_TGGTAT40NTGA_YJI_NACCGGAWGTAATTAN_1_3	NACCGGAWGTAATTAN	29348008_692	29348008	692	2025-08-21 14:10:28	puhti	COMPLETED	64	0:0	mariaosm	mariaosm	NA	1	1	NA	10485760	3278	3-00:00:00	65	NA
1693	ELK3_HOXA2_TGGTAT40NTGA_YJI_NTAATTRNNNCGGAARTN_1_3	NTAATTRNNNCGGAARTN	29348008_693	29348008	693	2025-08-21 14:10:28	puhti	COMPLETED	691	0:0	mariaosm	mariaosm	NA	1	1	10:41.703	10485760	5845	3-00:00:00	691	NA
1694	ELK3_HOXB2_TGGTAT40NTGA_YUI_NTAATTANNNNCGGAAGTN_2_3	NTAATTANNNNCGGAAGTN	29348008_694	29348008	694	2025-08-21 14:10:28	puhti	COMPLETED	756	0:0	mariaosm	mariaosm	NA	1	1	11:46.954	10485760	5827	3-00:00:00	756	NA
1695	ELK3_IRF8_TATTTC40NTGTG_YQIIII_NACCGGAAGYGAAACYN_1_3	NACCGGAAGYGAAACYN	29348008_695	29348008	695	2025-08-21 14:10:28	puhti	COMPLETED	82	0:0	mariaosm	mariaosm	NA	1	1	NA	10485760	5983	3-00:00:00	82	NA
1696	ELK3_IRF8_TATTTC40NTGTG_YQIIII_NRYTTCCGGNNCGAAACYN_2_3	NRYTTCCGGNNCGAAACYN	29348008_696	29348008	696	2025-08-21 14:10:28	puhti	COMPLETED	417	0:0	mariaosm	mariaosm	NA	1	1	06:09.351	10485760	5903	3-00:00:00	417	NA
1697	ELK3_IRF8_TATTTC40NTGTG_YQIIII_NYGAAASYGAAACCGGAWGYN_2_3	NYGAAASYGAAACCGGAWGYN	29348008_697	29348008	697	2025-08-21 14:10:28	puhti	COMPLETED	195	0:0	mariaosm	mariaosm	NA	1	1	02:18.279	10485760	6007	3-00:00:00	195	NA
1698	ELK3_TBX21_TGGTAT40NTGA_YYI_NAGGTGTGACCGGAAGTN_2_3	NAGGTGTGACCGGAAGTN	29348008_698	29348008	698	2025-08-21 14:10:28	puhti	COMPLETED	77	0:0	mariaosm	mariaosm	NA	1	1	NA	10485760	5846	3-00:00:00	77	NA
1699	EN2_SIX6_TTACTT40NGTAT_YVI_NGGTATAAGTAN_1_3	NGGTATAAGTAN	29348008_699	29348008	699	2025-08-21 14:10:28	puhti	COMPLETED	59	0:0	mariaosm	mariaosm	NA	1	1	NA	10485760	3272	3-00:00:00	59	NA
1700	EN2_TBX20_TTACTT40NGTAT_YWIIII_NRGTGTTAATTRN_1_3	NRGTGTTAATTRN	29348008_700	29348008	700	2025-08-21 14:10:28	puhti	COMPLETED	68	0:0	mariaosm	mariaosm	NA	1	1	NA	10485760	5786	3-00:00:00	68	NA
1701	EN2_TBX21_TTGAAT40NTAC_YYI_NAGGTGTTAATTRN_1_3	NAGGTGTTAATTRN	29348079_701	29348079	701	2025-08-21 14:12:02	puhti	COMPLETED	20	0:0	mariaosm	mariaosm	NA	1	1	NA	10485760	3270	3-00:00:00	20	NA
1702	EN2_TBX4_TTGAAT40NTAC_YWII_NTAATTAGGTGTNRN_1_3	NTAATTAGGTGTNRN	29348079_702	29348079	702	2025-08-21 14:12:02	puhti	COMPLETED	34	0:0	mariaosm	mariaosm	NA	1	1	NA	10485760	6229	3-00:00:00	34	NA
1703	EOMES_HOXA2_TTTAGA40NGGC_YJI_NAGGTGTTAATTRN_1_3	NAGGTGTTAATTRN	29348079_703	29348079	703	2025-08-21 14:12:02	puhti	COMPLETED	20	0:0	mariaosm	mariaosm	NA	1	1	NA	10485760	3208	3-00:00:00	20	NA
1704	EOMES_HOXA2_TTTAGA40NGGC_YJI_NTAATKARGTGTKAN_1_3	NTAATKARGTGTKAN	29348079_704	29348079	704	2025-08-21 14:12:02	puhti	COMPLETED	87	0:0	mariaosm	mariaosm	NA	1	1	NA	10485760	889997	3-00:00:00	87	NA
1705	EOMES_IRF8_TAGAAA40NCAG_YQIIII_NYGAAACTAACACCYN_1_3	NYGAAACTAACACCYN	29348079_705	29348079	705	2025-08-21 14:12:02	puhti	COMPLETED	28	0:0	mariaosm	mariaosm	NA	1	1	NA	10485760	3274	3-00:00:00	28	NA
1706	EOMES_OTP_TAGAAA40NCAG_YPIII_NAGGTGTTAATTR_1_3	NAGGTGTTAATTR	29348079_706	29348079	706	2025-08-21 14:12:02	puhti	COMPLETED	17	0:0	mariaosm	mariaosm	NA	1	1	NA	10485760	3212	3-00:00:00	17	NA
1707	EOMES_RUNX2_TAGAAA40NCAG_YII_NYMACACCNNNACCGCMM_1_3	NYMACACCNNNACCGCMM	29348079_707	29348079	707	2025-08-21 14:12:02	puhti	COMPLETED	694	0:0	mariaosm	mariaosm	NA	1	1	11:27.562	10485760	5916	3-00:00:00	694	NA
1708	EOMES_TEAD4_TAGAAA40NCAG_YJII_AGGYGTGANATTCC_2_3	AGGYGTGANATTCC	29348079_708	29348079	708	2025-08-21 14:12:02	puhti	COMPLETED	62	0:0	mariaosm	mariaosm	NA	1	1	NA	10485760	756105	3-00:00:00	63	NA
1709	ERG_FOXO1_TAGGAC40NCGGT_YIII_NMGGAAATAAYAN_2_3	NMGGAAATAAYAN	29348079_709	29348079	709	2025-08-21 14:12:02	puhti	COMPLETED	23	0:0	mariaosm	mariaosm	NA	1	1	NA	10485760	3274	3-00:00:00	23	NA
1710	ERG_TBX21_TGAATG40NTAG_YYI_NACCGGAAGTCACACCTN_2_3	NACCGGAAGTCACACCTN	29348079_710	29348079	710	2025-08-21 14:12:02	puhti	COMPLETED	22	0:0	mariaosm	mariaosm	NA	1	1	NA	10485760	3270	3-00:00:00	22	NA
1711	ERG_TEAD4_TAGGAC40NCGGT_YJII_NRCCGGAMATACCN_1_3	NRCCGGAMATACCN	29348079_711	29348079	711	2025-08-21 14:12:02	puhti	COMPLETED	29	0:0	mariaosm	mariaosm	NA	1	1	NA	10485760	3270	3-00:00:00	29	NA
1712	ESR2_TBX21_TCCCGG40NTAC_YYI_NAGGTGTGAGGTCAN_2_3	NAGGTGTGAGGTCAN	29348079_712	29348079	712	2025-08-21 14:12:02	puhti	COMPLETED	21	0:0	mariaosm	mariaosm	NA	1	1	NA	10485760	3268	3-00:00:00	21	NA
1713	ESRRG_TBX21_TTGAAC40NGCT_YYI_NAGGTGTGAAGGTCAN_2_3	NAGGTGTGAAGGTCAN	29348079_713	29348079	713	2025-08-21 14:12:02	puhti	COMPLETED	21	0:0	mariaosm	mariaosm	NA	1	1	NA	10485760	3270	3-00:00:00	21	NA
1714	ESX1_FOXA1_TTCGTC40NTGCG_YWII_NTAATTANRYAAAYAN_1_3	NTAATTANRYAAAYAN	29348079_714	29348079	714	2025-08-21 14:12:02	puhti	COMPLETED	114	0:0	mariaosm	mariaosm	NA	1	1	01:50.197	10485760	5865	3-00:00:00	114	NA
1715	ESX1_FOXD2_TAGCAA40NCGA_YWI_NTAATTANNRYAAACAN_1_3	NTAATTANNRYAAACAN	29348079_715	29348079	715	2025-08-21 14:12:02	puhti	COMPLETED	175	0:0	mariaosm	mariaosm	NA	1	1	02:51.551	10485760	5868	3-00:00:00	175	NA
1716	ESX1_IRF8_TTCGTC40NTGCG_YQIIII_NYGAAASYAATTRN_1_3	NYGAAASYAATTRN	29348079_716	29348079	716	2025-08-21 14:12:02	puhti	COMPLETED	82	0:0	mariaosm	mariaosm	NA	1	1	NA	10485760	5855	3-00:00:00	82	NA
1717	ESX1_TBX21_TAGCAA40NCGA_YYI_NAGGTGTTAATTRN_1_3	NAGGTGTTAATTRN	29348079_717	29348079	717	2025-08-21 14:12:02	puhti	COMPLETED	21	0:0	mariaosm	mariaosm	NA	1	1	NA	10485760	3270	3-00:00:00	22	NA
1718	ESX1_TBX4_TAGCAA40NCGA_YWII_NTRATKAGGTGTNRN_1_3	NTRATKAGGTGTNRN	29348079_718	29348079	718	2025-08-21 14:12:02	puhti	COMPLETED	95	0:0	mariaosm	mariaosm	NA	1	1	01:26.753	10485760	5985	3-00:00:00	95	NA
1719	ETV1_FOXO1_TGGACT40NAACT_YIII_NCGGAWGTAAAYAN_1_3	NCGGAWGTAAAYAN	29348079_719	29348079	719	2025-08-21 14:12:02	puhti	COMPLETED	63	0:0	mariaosm	mariaosm	NA	1	1	NA	10485760	650393	3-00:00:00	63	NA
1720	ETV1_FOXO1_TGGACT40NAACT_YIII_NRTAAACAGGAWRYN_1_3	NRTAAACAGGAWRYN	29348079_720	29348079	720	2025-08-21 14:12:02	puhti	COMPLETED	50	0:0	mariaosm	mariaosm	NA	1	1	NA	10485760	5782	3-00:00:00	50	NA
1721	ETV1_FOXO1_TGGACT40NAACT_YIII_NTRTTTACGGAWRYN_1_3	NTRTTTACGGAWRYN	29348079_721	29348079	721	2025-08-21 14:12:02	puhti	COMPLETED	51	0:0	mariaosm	mariaosm	NA	1	1	NA	10485760	5884	3-00:00:00	51	NA
1722	ETV1_IRF8_TGGACT40NAACT_YQIIII_NACCGGAAGYGAAACYN_1_3	NACCGGAAGYGAAACYN	29348079_722	29348079	722	2025-08-21 14:12:02	puhti	COMPLETED	26	0:0	mariaosm	mariaosm	NA	1	1	NA	10485760	3276	3-00:00:00	26	NA
1723	ETV1_IRF8_TGGACT40NAACT_YQIIII_NRYTTCCGGNNCGAAACYN_1_3	NRYTTCCGGNNCGAAACYN	29348079_723	29348079	723	2025-08-21 14:12:02	puhti	COMPLETED	371	0:0	mariaosm	mariaosm	NA	1	1	06:07.703	10485760	5953	3-00:00:00	371	NA
1724	ETV1_IRF8_TGGACT40NAACT_YQIIII_NYGAAASYGAAACCGGAWGYN_2_3	NYGAAASYGAAACCGGAWGYN	29348079_724	29348079	724	2025-08-21 14:12:02	puhti	COMPLETED	146	0:0	mariaosm	mariaosm	NA	1	1	02:23.141	10485760	5900	3-00:00:00	146	NA
1725	ETV1_TBX21_TTATAT40NACC_YYI_AGGTGNGAMCGGAAGT_2_3	AGGTGNGAMCGGAAGT	29348079_725	29348079	725	2025-08-21 14:12:02	puhti	COMPLETED	19	0:0	mariaosm	mariaosm	NA	1	1	NA	10485760	3268	3-00:00:00	19	NA
1726	ETV1_TBX21_TTATAT40NACC_YYI_NACCGGAAGTAACACCTN_2_3	NACCGGAAGTAACACCTN	29348079_726	29348079	726	2025-08-21 14:12:02	puhti	COMPLETED	21	0:0	mariaosm	mariaosm	NA	1	1	NA	10485760	3270	3-00:00:00	21	NA
1727	ETV1_TEAD4_TGGACT40NAACT_YJII_NGGAATNCGGAARN_1_3	NGGAATNCGGAARN	29348079_727	29348079	727	2025-08-21 14:12:02	puhti	COMPLETED	31	0:0	mariaosm	mariaosm	NA	1	1	NA	10485760	5996	3-00:00:00	31	NA
1728	ETV1_TEAD4_TGGACT40NAACT_YJII_NRCATWCCGGAART_1_3	NRCATWCCGGAART	29348079_728	29348079	728	2025-08-21 14:12:02	puhti	COMPLETED	32	0:0	mariaosm	mariaosm	NA	1	1	NA	10485760	6293	3-00:00:00	32	NA
1729	ETV2_FOXD2_TCCGAC40NAAC_YWI_NACCGGAWGTTTRYNTWN_1_3	NACCGGAWGTTTRYNTWN	29348079_729	29348079	729	2025-08-21 14:12:02	puhti	COMPLETED	224	0:0	mariaosm	mariaosm	NA	1	1	03:41.253	10485760	5860	3-00:00:00	224	NA
1730	ETV2_FOXD2_TCCGAC40NAAC_YWI_NRTAAACAGGAARYN_1_3	NRTAAACAGGAARYN	29348079_730	29348079	730	2025-08-21 14:12:02	puhti	COMPLETED	38	0:0	mariaosm	mariaosm	NA	1	1	NA	10485760	6059	3-00:00:00	38	NA
1731	ETV2_TBX21_TCCGAC40NAAC_YYI_NAGGTGTNAYTTCCGGTN_2_3	NAGGTGTNAYTTCCGGTN	29348079_731	29348079	731	2025-08-21 14:12:02	puhti	COMPLETED	51	0:0	mariaosm	mariaosm	NA	1	1	NA	10485760	6071	3-00:00:00	51	NA
1732	ETV2_TBX21_TCCGAC40NAAC_YYI_NAYTTCCGGTGTGA_1_3	NAYTTCCGGTGTGA	29348079_732	29348079	732	2025-08-21 14:12:02	puhti	COMPLETED	18	0:0	mariaosm	mariaosm	NA	1	1	NA	10485760	3268	3-00:00:00	18	NA
1733	ETV4_FOXA1_TCCGCG40NGTTC_YWII_NCGGAWGTTTACN_1_3	NCGGAWGTTTACN	29348079_733	29348079	733	2025-08-21 14:12:02	puhti	COMPLETED	21	0:0	mariaosm	mariaosm	NA	1	1	NA	10485760	5772	3-00:00:00	21	NA
1734	ETV4_FOXD2_TCAGCC40NTTC_YWI_NACCGGAWGTTTRYNTWN_2_3	NACCGGAWGTTTRYNTWN	29348079_734	29348079	734	2025-08-21 14:12:02	puhti	COMPLETED	195	0:0	mariaosm	mariaosm	NA	1	1	03:11.623	10485760	5795	3-00:00:00	195	NA
1735	ETV4_FOXD2_TCAGCC40NTTC_YWI_NSCGGATGTTATTTTWN_2_3	NSCGGATGTTATTTTWN	29348079_735	29348079	735	2025-08-21 14:12:02	puhti	COMPLETED	31	0:0	mariaosm	mariaosm	NA	1	1	NA	10485760	5875	3-00:00:00	31	NA
1736	ETV4_FOXO1_TCCGCG40NGTTC_YIII_NCGGAWGTAAAYAN_1_3	NCGGAWGTAAAYAN	29348079_736	29348079	736	2025-08-21 14:12:02	puhti	COMPLETED	26	0:0	mariaosm	mariaosm	NA	1	1	NA	10485760	878089	3-00:00:00	26	NA
1737	ETV4_FOXO1_TCCGCG40NGTTC_YIII_NMCGGATGTTATN_1_3	NMCGGATGTTATN	29348079_737	29348079	737	2025-08-21 14:12:02	puhti	COMPLETED	20	0:0	mariaosm	mariaosm	NA	1	1	NA	10485760	882419	3-00:00:00	20	NA
1738	ETV4_FOXO1_TCCGCG40NGTTC_YIII_NRWAAAYAGGAWRYN_1_3	NRWAAAYAGGAWRYN	29348079_738	29348079	738	2025-08-21 14:12:02	puhti	COMPLETED	166	0:0	mariaosm	mariaosm	NA	1	1	02:43.970	10485760	5996	3-00:00:00	166	NA
1739	ETV4_FOXO1_TCCGCG40NGTTC_YIII_NTRTTTACGGAWRYN_1_3	NTRTTTACGGAWRYN	29348079_739	29348079	739	2025-08-21 14:12:02	puhti	COMPLETED	59	0:0	mariaosm	mariaosm	NA	1	1	NA	10485760	5769	3-00:00:00	59	NA
1740	ETV4_GCM1_TCAGCC40NTTC_YACII_NRTGNGGGCGGAWGN_1_3	NRTGNGGGCGGAWGN	29348079_740	29348079	740	2025-08-21 14:12:02	puhti	COMPLETED	54	0:0	mariaosm	mariaosm	NA	1	1	NA	10485760	5775	3-00:00:00	54	NA
1741	ETV4_HOXA2_TCAGCC40NTTC_YJI_NRSCGGAAGTAATTAN_2_3	NRSCGGAAGTAATTAN	29348079_741	29348079	741	2025-08-21 14:12:02	puhti	COMPLETED	29	0:0	mariaosm	mariaosm	NA	1	1	NA	10485760	3206	3-00:00:00	29	NA
1742	ETV4_HOXA2_TCAGCC40NTTC_YJI_NTAATKACCGGAARYN_2_3	NTAATKACCGGAARYN	29348079_742	29348079	742	2025-08-21 14:12:02	puhti	COMPLETED	38	0:0	mariaosm	mariaosm	NA	1	1	NA	10485760	6227	3-00:00:00	38	NA
1743	ETV4_HOXC10_TCCGCG40NGTTC_YAEIII_NMGGAAGTMRTAAAN_1_3	NMGGAAGTMRTAAAN	29348079_743	29348079	743	2025-08-21 14:12:02	puhti	COMPLETED	29	0:0	mariaosm	mariaosm	NA	1	1	NA	10485760	3208	3-00:00:00	29	NA
1744	ETV4_IRF8_TCCGCG40NGTTC_YQIIII_NCCGGAAGYGAAACYN_1_3	NCCGGAAGYGAAACYN	29348079_744	29348079	744	2025-08-21 14:12:02	puhti	COMPLETED	29	0:0	mariaosm	mariaosm	NA	1	1	NA	10485760	3278	3-00:00:00	29	NA
1745	ETV4_IRF8_TCCGCG40NGTTC_YQIIII_NYGAAASYGAAACCGGAWNYN_2_3	NYGAAASYGAAACCGGAWNYN	29348079_745	29348079	745	2025-08-21 14:12:02	puhti	COMPLETED	421	0:0	mariaosm	mariaosm	NA	1	1	06:56.278	10485760	5898	3-00:00:00	421	NA
1746	ETV4_RFX3_TCAGCC40NTTC_YSII_NMGGAAGNGTTGYYAN_1_3	NMGGAAGNGTTGYYAN	29348079_746	29348079	746	2025-08-21 14:12:02	puhti	COMPLETED	165	0:0	mariaosm	mariaosm	NA	1	1	01:32.424	10485760	5925	3-00:00:00	165	NA
1747	ETV4_TBX21_TCAGCC40NTTC_YYI_NAGGTGTGANCGGAAGT_2_3	NAGGTGTGANCGGAAGT	29348079_747	29348079	747	2025-08-21 14:12:02	puhti	COMPLETED	98	0:0	mariaosm	mariaosm	NA	1	1	NA	10485760	5916	3-00:00:00	98	NA
1748	ETV4_TBX21_TCAGCC40NTTC_YYI_NAGGTGTNANWTCCGGN_1_3	NAGGTGTNANWTCCGGN	29348079_748	29348079	748	2025-08-21 14:12:02	puhti	COMPLETED	98	0:0	mariaosm	mariaosm	NA	1	1	01:33.929	10485760	6271	3-00:00:00	98	NA
1749	ETV4_TBX4_TCAGCC40NTTC_YWII_NAGGTGTNRCMGGAWGN_1_3	NAGGTGTNRCMGGAWGN	29348079_749	29348079	749	2025-08-21 14:12:02	puhti	COMPLETED	130	0:0	mariaosm	mariaosm	NA	1	1	01:49.663	10485760	6124	3-00:00:00	130	NA
1750	ETV4_TEAD4_TCCGCG40NGTTC_YJII_NCCGGAAATWCCN_1_3	NCCGGAAATWCCN	29348079_750	29348079	750	2025-08-21 14:12:02	puhti	COMPLETED	21	0:0	mariaosm	mariaosm	NA	1	1	NA	10485760	3270	3-00:00:00	21	NA
1751	ETV4_TGIF2LX_TCAGCC40NTTC_YVII_NRCCGGATGTCAN_1_3	NRCCGGATGTCAN	29348079_751	29348079	751	2025-08-21 14:12:02	puhti	COMPLETED	29	0:0	mariaosm	mariaosm	NA	1	1	NA	10485760	3268	3-00:00:00	29	NA
1752	ETV4_TGIF2LX_TCAGCC40NTTC_YVII_NTGACAGGAWGTN_1_3	NTGACAGGAWGTN	29348079_752	29348079	752	2025-08-21 14:12:02	puhti	COMPLETED	29	0:0	mariaosm	mariaosm	NA	1	1	NA	10485760	3270	3-00:00:00	29	NA
1753	ETV5_FOXO1_TCATGA40NCCTG_YIII_NCCGTAAACAN_1_3	NCCGTAAACAN	29348079_753	29348079	753	2025-08-21 14:12:02	puhti	COMPLETED	21	0:0	mariaosm	mariaosm	NA	1	1	NA	10485760	3272	3-00:00:00	22	NA
1754	ETV5_RUNX2_TCATGA40NCCTG_YII_NCCGCANNCCGGAWGYN_1_3	NCCGCANNCCGGAWGYN	29348079_754	29348079	754	2025-08-21 14:12:02	puhti	COMPLETED	224	0:0	mariaosm	mariaosm	NA	1	1	03:30.204	10485760	6052	3-00:00:00	224	NA
1755	ETV5_TBX21_TTCGCC40NGAC_YYI_NAGGTGTGAMCGGAAGTN_2_3	NAGGTGTGAMCGGAAGTN	29348079_755	29348079	755	2025-08-21 14:12:02	puhti	COMPLETED	24	0:0	mariaosm	mariaosm	NA	1	1	NA	10485760	3204	3-00:00:00	24	NA
1756	ETV5_TBX21_TTCGCC40NGAC_YYI_NAGGTGTTACTTCCGGYN_2_3	NAGGTGTTACTTCCGGYN	29348079_756	29348079	756	2025-08-21 14:12:02	puhti	COMPLETED	26	0:0	mariaosm	mariaosm	NA	1	1	NA	10485760	3208	3-00:00:00	26	NA
1757	ETV5_TBX4_TTCGCC40NGAC_YWII_NACCGGAWGTNACACCTN_2_3	NACCGGAWGTNACACCTN	29348079_757	29348079	757	2025-08-21 14:12:02	puhti	COMPLETED	46	0:0	mariaosm	mariaosm	NA	1	1	NA	10485760	5781	3-00:00:00	46	NA
1758	ETV5_TEAD4_TCATGA40NCCTG_YJII_NYTTCCGNATTCCN_1_3	NYTTCCGNATTCCN	29348079_758	29348079	758	2025-08-21 14:12:02	puhti	COMPLETED	32	0:0	mariaosm	mariaosm	NA	1	1	NA	10485760	5886	3-00:00:00	32	NA
1759	EVX1_ELF1_TGAATT40NTAA_YADIIII_MGGAAGTAATTAN_2_3	MGGAAGTAATTAN	29348079_759	29348079	759	2025-08-21 14:12:02	puhti	COMPLETED	16	0:0	mariaosm	mariaosm	NA	1	1	NA	10485760	3210	3-00:00:00	16	NA
1760	EVX1_PAX2_TGAATT40NTAA_YZII_NGTCACGSNYMATTAN_2_3	NGTCACGSNYMATTAN	29348079_760	29348079	760	2025-08-21 14:12:02	puhti	COMPLETED	94	0:0	mariaosm	mariaosm	NA	1	1	01:32.276	10485760	5856	3-00:00:00	94	NA
1761	EVX1_PAX2_TGAATT40NTAA_YZII_YMATTACACGSNYSANYRN_2_3	YMATTACACGSNYSANYRN	29348079_761	29348079	761	2025-08-21 14:12:02	puhti	COMPLETED	1465	0:0	mariaosm	mariaosm	NA	1	1	24:15.498	10485760	6076	3-00:00:00	1465	NA
1762	EVX1_TBX20_TGAATT40NTAA_YWIIII_NGGTGTTAATGTGTTN_2_3	NGGTGTTAATGTGTTN	29348079_762	29348079	762	2025-08-21 14:12:02	puhti	COMPLETED	15	0:0	mariaosm	mariaosm	NA	1	1	NA	10485760	3272	3-00:00:00	15	NA
1763	EVX1_TBX21_TTCATC40NCTT_YYI_AGGTGNTAATKAGGTGTNAN_1_3	AGGTGNTAATKAGGTGTNAN	29348079_763	29348079	763	2025-08-21 14:12:02	puhti	COMPLETED	39	0:0	mariaosm	mariaosm	NA	1	1	NA	10485760	5787	3-00:00:00	39	NA
1764	EVX1_TBX21_TTCATC40NCTT_YYI_NTAATKAGGTGTNAN_1_3	NTAATKAGGTGTNAN	29348079_764	29348079	764	2025-08-21 14:12:02	puhti	COMPLETED	54	0:0	mariaosm	mariaosm	NA	1	1	NA	10485760	6004	3-00:00:00	54	NA
1765	EVX1_TBX4_TTCATC40NCTT_YWII_NTAAYKAGGTGNRN_2_3	NTAAYKAGGTGNRN	29348079_765	29348079	765	2025-08-21 14:12:02	puhti	COMPLETED	97	0:0	mariaosm	mariaosm	NA	1	1	01:34.793	10485760	5893	3-00:00:00	97	NA
1766	EVX2_ELF1_TCGCTT40NTCT_YADIIII_NMGGAAGTAATTAN_2_3	NMGGAAGTAATTAN	29348079_766	29348079	766	2025-08-21 14:12:02	puhti	COMPLETED	26	0:0	mariaosm	mariaosm	NA	1	1	NA	10485760	3204	3-00:00:00	26	NA
1767	EVX2_ELK3_TCCTGT40NGGC_YAFI_NCCGGAAGYAATTAN_1_3	NCCGGAAGYAATTAN	29348079_767	29348079	767	2025-08-21 14:12:02	puhti	COMPLETED	27	0:0	mariaosm	mariaosm	NA	1	1	NA	10485760	3206	3-00:00:00	27	NA
1768	EVX2_GMEB2_TCGCTT40NTCT_YRI_NACGTCAATTAN_1_3	NACGTCAATTAN	29348079_768	29348079	768	2025-08-21 14:12:02	puhti	COMPLETED	22	0:0	mariaosm	mariaosm	NA	1	1	NA	10485760	3210	3-00:00:00	22	NA
1769	EVX2_PAX2_TCGCTT40NTCT_YZII_NGTCACGSNYCATTAN_1_3	NGTCACGSNYCATTAN	29348079_769	29348079	769	2025-08-21 14:12:02	puhti	COMPLETED	60	0:0	mariaosm	mariaosm	NA	1	1	NA	10485760	6229	3-00:00:00	60	NA
1770	EVX2_PAX2_TCGCTT40NTCT_YZII_YMATTACACGSNYSANYRN_2_3	YMATTACACGSNYSANYRN	29348079_770	29348079	770	2025-08-21 14:12:02	puhti	COMPLETED	1449	0:0	mariaosm	mariaosm	NA	1	1	23:40.507	10485760	6014	3-00:00:00	1449	NA
1771	EVX2_TBX20_TCGCTT40NTCT_YWIIII_NAGGTGNTAATKAN_1_3	NAGGTGNTAATKAN	29348079_771	29348079	771	2025-08-21 14:12:02	puhti	COMPLETED	37	0:0	mariaosm	mariaosm	NA	1	1	NA	10485760	5879	3-00:00:00	37	NA
1772	EVX2_TBX21_TCCTGT40NGGC_YYI_NAGGTGTTAATTAN_2_3	NAGGTGTTAATTAN	29348079_772	29348079	772	2025-08-21 14:12:02	puhti	COMPLETED	22	0:0	mariaosm	mariaosm	NA	1	1	NA	10485760	3278	3-00:00:00	22	NA
1773	EVX2_TBX21_TCCTGT40NGGC_YYI_NTAATKAGGTGTNAWN_2_3	NTAATKAGGTGTNAWN	29348079_773	29348079	773	2025-08-21 14:12:02	puhti	COMPLETED	70	0:0	mariaosm	mariaosm	NA	1	1	01:03.944	10485760	5852	3-00:00:00	70	NA
1774	FEV_HOXA2_TCGTAT40NTTA_YJI_NWCCGGAAGTAATTAN_2_3	NWCCGGAAGTAATTAN	29348079_774	29348079	774	2025-08-21 14:12:02	puhti	COMPLETED	20	0:0	mariaosm	mariaosm	NA	1	1	NA	10485760	3206	3-00:00:00	20	NA
1775	FEV_TBX21_TCGTAT40NTTA_YYI_NACCGGAWRTNACACCTN_1_3	NACCGGAWRTNACACCTN	29348079_775	29348079	775	2025-08-21 14:12:02	puhti	COMPLETED	86	0:0	mariaosm	mariaosm	NA	1	1	01:08.794	10485760	6051	3-00:00:00	86	NA
1776	FEV_TBX4_TCGTAT40NTTA_YWII_NACCGGAWRTNACACCTN_2_3	NACCGGAWRTNACACCTN	29348079_776	29348079	776	2025-08-21 14:12:02	puhti	COMPLETED	84	0:0	mariaosm	mariaosm	NA	1	1	01:22.571	10485760	6076	3-00:00:00	84	NA
1777	FEV_TEAD4_TTGCTC40NGAA_YJII_NCCGGAAATNNNNNRMATTCCN_1_3	NCCGGAAATNNNNNRMATTCCN	29348079_777	29348079	777	2025-08-21 14:12:02	puhti	COMPLETED	20048	0:0	mariaosm	mariaosm	NA	1	1	05:31:39	10485760	5782	3-00:00:00	20048	05:34:07
1778	FIGLA_BACH2_TTAGCG40NAGA_YACIIII_NCACCTGNNRTGASTCAN_1_3	NCACCTGNNRTGASTCAN	29348079_778	29348079	778	2025-08-21 14:12:02	puhti	COMPLETED	168	0:0	mariaosm	mariaosm	NA	1	1	02:45.463	10485760	5986	3-00:00:00	168	NA
1779	FIGLA_ERG_TTAGCG40NAGA_YYII_NCGGAARCAGGTN_1_3	NCGGAARCAGGTN	29348079_779	29348079	779	2025-08-21 14:12:02	puhti	COMPLETED	19	0:0	mariaosm	mariaosm	NA	1	1	NA	10485760	3274	3-00:00:00	19	NA
1780	FIGLA_ETV1_TTAGCG40NAGA_YRIIII_NCAGGTGNCGGAWRYN_1_3	NCAGGTGNCGGAWRYN	29348079_780	29348079	780	2025-08-21 14:12:02	puhti	COMPLETED	147	0:0	mariaosm	mariaosm	NA	1	1	01:24.496	10485760	6014	3-00:00:00	147	NA
1781	FIGLA_ETV1_TTAGCG40NAGA_YRIIII_NCAGGTGNNCGGAWRYN_1_3	NCAGGTGNNCGGAWRYN	29348079_781	29348079	781	2025-08-21 14:12:02	puhti	COMPLETED	366	0:0	mariaosm	mariaosm	NA	1	1	05:00.926	10485760	6088	3-00:00:00	366	NA
1782	FIGLA_ETV1_TTAGCG40NAGA_YRIIII_NRSCGGAWRCAGGTGN_1_3	NRSCGGAWRCAGGTGN	29348079_782	29348079	782	2025-08-21 14:12:02	puhti	COMPLETED	111	0:0	mariaosm	mariaosm	NA	1	1	NA	10485760	5949	3-00:00:00	111	NA
1783	FIGLA_ETV4_TTAGCG40NAGA_YSIII_NCGGAWRCAGGTGN_1_3	NCGGAWRCAGGTGN	29348079_783	29348079	783	2025-08-21 14:12:02	puhti	COMPLETED	84	0:0	mariaosm	mariaosm	NA	1	1	NA	10485760	787100	3-00:00:00	84	NA
1784	FIGLA_EVX2_TTAGCG40NAGA_YZIIII_CAGGTRATTA_1_3	CAGGTRATTA	29348079_784	29348079	784	2025-08-21 14:12:02	puhti	COMPLETED	15	0:0	mariaosm	mariaosm	NA	1	1	NA	10485760	3206	3-00:00:00	15	NA
1785	FIGLA_FLI1_TTAGCG40NAGA_YYIII_NCGGAARCACCTGN_1_3	NCGGAARCACCTGN	29348079_785	29348079	785	2025-08-21 14:12:02	puhti	COMPLETED	48	0:0	mariaosm	mariaosm	NA	1	1	NA	10485760	736449	3-00:00:00	48	NA
1786	FIGLA_FLI1_TTAGCG40NAGA_YYIII_NCGGAARCAGGTGN_1_3	NCGGAARCAGGTGN	29348079_786	29348079	786	2025-08-21 14:12:02	puhti	COMPLETED	20	0:0	mariaosm	mariaosm	NA	1	1	NA	10485760	3210	3-00:00:00	20	NA
1787	FIGLA_FOXD2_TGACGG40NCTC_YWI_NCACCTGNRYAAACAN_1_3	NCACCTGNRYAAACAN	29348079_787	29348079	787	2025-08-21 14:12:02	puhti	COMPLETED	56	0:0	mariaosm	mariaosm	NA	1	1	NA	10485760	5779	3-00:00:00	56	NA
1788	FIGLA_FOXD3_TGACGG40NCTC_YWIIII_NCACCTGNRYAAAYAN_1_3	NCACCTGNRYAAAYAN	29348079_788	29348079	788	2025-08-21 14:12:02	puhti	COMPLETED	108	0:0	mariaosm	mariaosm	NA	1	1	01:46.295	10485760	5766	3-00:00:00	108	NA
1789	FIGLA_GABPA_TGACGG40NCTC_YYIIII_NCGGAAGCAGGTN_1_3	NCGGAAGCAGGTN	29348079_789	29348079	789	2025-08-21 14:12:02	puhti	COMPLETED	86	0:0	mariaosm	mariaosm	NA	1	1	NA	10485760	693425	3-00:00:00	86	NA
1790	FIGLA_TEAD4_TTAGCG40NAGA_YJII_NCASSTGNNNATTCCN_1_3	NCASSTGNNNATTCCN	29348079_790	29348079	790	2025-08-21 14:12:02	puhti	COMPLETED	684	0:0	mariaosm	mariaosm	NA	1	1	10:09.820	10485760	6187	3-00:00:00	684	NA
1791	FLI1_FOXO1_TCCTTC40NCGAT_YIII_NMGGAAATAAYAN_1_3	NMGGAAATAAYAN	29348079_791	29348079	791	2025-08-21 14:12:02	puhti	COMPLETED	90	0:0	mariaosm	mariaosm	NA	1	1	NA	10485760	694227	3-00:00:00	90	NA
1792	FLI1_FOXO1_TCCTTC40NCGAT_YIII_NRTAAACMGGAWRYN_1_3	NRTAAACMGGAWRYN	29348079_792	29348079	792	2025-08-21 14:12:02	puhti	COMPLETED	145	0:0	mariaosm	mariaosm	NA	1	1	01:13.312	10485760	6156	3-00:00:00	145	NA
1793	FLI1_HOXA2_TTAAAT40NAAT_YJI_NACCGGAWGTAATTAN_2_3	NACCGGAWGTAATTAN	29348079_793	29348079	793	2025-08-21 14:12:02	puhti	COMPLETED	87	0:0	mariaosm	mariaosm	NA	1	1	NA	10485760	767149	3-00:00:00	87	NA
1794	FLI1_TBX21_TTAAAT40NAAT_YYI_NCCGGAWRTNACACCTN_2_3	NCCGGAWRTNACACCTN	29348079_794	29348079	794	2025-08-21 14:12:02	puhti	COMPLETED	56	0:0	mariaosm	mariaosm	NA	1	1	NA	10485760	5906	3-00:00:00	56	NA
1795	FLI1_TEAD4_TCCTTC40NCGAT_YJII_NCCGGAMATACCN_1_3	NCCGGAMATACCN	29348079_795	29348079	795	2025-08-21 14:12:02	puhti	COMPLETED	22	0:0	mariaosm	mariaosm	NA	1	1	NA	10485760	3270	3-00:00:00	22	NA
1796	FOSB_CEBPD_TCCGAA40NGGC_YKIII_NRTTGCGTCAYN_1_3	NRTTGCGTCAYN	29348079_796	29348079	796	2025-08-21 14:12:02	puhti	COMPLETED	26	0:0	mariaosm	mariaosm	NA	1	1	NA	10485760	3268	3-00:00:00	26	NA
1797	FOS_CEBPD_TAAATC40NGTT_YKIII_NRTTGCGTCAYN_1_3	NRTTGCGTCAYN	29348079_797	29348079	797	2025-08-21 14:12:02	puhti	COMPLETED	23	0:0	mariaosm	mariaosm	NA	1	1	NA	10485760	3270	3-00:00:00	23	NA
1798	FOS_FLI1_TGACTG40NATG_YYIII_NCGGAWRTGACGTN_1_3	NCGGAWRTGACGTN	29348079_798	29348079	798	2025-08-21 14:12:02	puhti	COMPLETED	26	0:0	mariaosm	mariaosm	NA	1	1	NA	10485760	3210	3-00:00:00	26	NA
1799	FOSL1_FLI1_TTGTGA40NGGC_YYIII_NCGGAARTGACGN_1_3	NCGGAARTGACGN	29348079_799	29348079	799	2025-08-21 14:12:02	puhti	COMPLETED	18	0:0	mariaosm	mariaosm	NA	1	1	NA	10485760	3212	3-00:00:00	18	NA
1800	FOXA2_FLI1_TAGGTC40NACG_YYIII_NRTAAACATCCGGYN_1_3	NRTAAACATCCGGYN	29348079_800	29348079	800	2025-08-21 14:12:02	puhti	COMPLETED	23	0:0	mariaosm	mariaosm	NA	1	1	NA	10485760	3270	3-00:00:00	23	NA
1801	FOXA2_GABPA_TCACCA40NATG_YYIIII_NRMCGGAWRTAAAYAN_1_3	NRMCGGAWRTAAAYAN	29348079_801	29348079	801	2025-08-21 14:12:02	puhti	COMPLETED	88	0:0	mariaosm	mariaosm	NA	1	1	01:26.166	10485760	5886	3-00:00:00	88	NA
1802	FOXA2_ONECUT1_TCACCA40NATG_YJII_GTAAAYANATCRAT_1_3	GTAAAYANATCRAT	29348079_802	29348079	802	2025-08-21 14:12:02	puhti	COMPLETED	17	0:0	mariaosm	mariaosm	NA	1	1	NA	10485760	3210	3-00:00:00	17	NA
1803	FOXA2_POU3F1_TCACCA40NATG_YXIIII_NTMATTWGCATANRYAAAYAN_2_3	NTMATTWGCATANRYAAAYAN	29348079_803	29348079	803	2025-08-21 14:12:02	puhti	COMPLETED	410	0:0	mariaosm	mariaosm	NA	1	1	06:46.479	10485760	5909	3-00:00:00	410	NA
1804	FOXB1_ELF2_TGCCGG40NCAG_YSIII_NWRNRYAAAYAMGGAAGTN_2_3	NWRNRYAAAYAMGGAAGTN	29348079_804	29348079	804	2025-08-21 14:12:02	puhti	COMPLETED	769	0:0	mariaosm	mariaosm	NA	1	1	12:42.968	10485760	5766	3-00:00:00	769	NA
1805	FOXB1_ELF5_TAAGGG40NACC_YYI_NRYAAATAAGGAARTN_2_3	NRYAAATAAGGAARTN	29348079_805	29348079	805	2025-08-21 14:12:02	puhti	COMPLETED	55	0:0	mariaosm	mariaosm	NA	1	1	NA	10485760	6003	3-00:00:00	55	NA
1806	FOXB1_ETV4_TAAGGG40NACC_YSIII_NRTAAACATCCGNN_1_3	NRTAAACATCCGNN	29348079_806	29348079	806	2025-08-21 14:12:02	puhti	COMPLETED	38	0:0	mariaosm	mariaosm	NA	1	1	NA	10485760	5864	3-00:00:00	38	NA
1807	FOXB1_FLI1_TAAGGG40NACC_YYIII_NRTAAACATCCGGYN_1_3	NRTAAACATCCGGYN	29348079_807	29348079	807	2025-08-21 14:12:02	puhti	COMPLETED	24	0:0	mariaosm	mariaosm	NA	1	1	NA	10485760	3204	3-00:00:00	24	NA
1808	FOXB1_GABPA_TGCCGG40NCAG_YYIIII_NCCGGATGTTTACWNWN_1_3	NCCGGATGTTTACWNWN	29348079_808	29348079	808	2025-08-21 14:12:02	puhti	COMPLETED	54	0:0	mariaosm	mariaosm	NA	1	1	NA	10485760	5787	3-00:00:00	54	NA
1809	FOXB1_GCM1_TGCCGG40NCAG_YACII_NWRWGYAAATANGGGYN_1_3	NWRWGYAAATANGGGYN	29348079_809	29348079	809	2025-08-21 14:12:02	puhti	COMPLETED	389	0:0	mariaosm	mariaosm	NA	1	1	06:25.352	10485760	5906	3-00:00:00	389	NA
1810	FOXB1_ISX_TGCCGG40NCAG_YUIIII_NTAATGNNNNGTAAAYAN_1_3	NTAATGNNNNGTAAAYAN	29348079_810	29348079	810	2025-08-21 14:12:02	puhti	COMPLETED	1663	0:0	mariaosm	mariaosm	NA	1	1	27:29.926	10485760	5904	3-00:00:00	1663	NA
1811	FOXB1_ISX_TGCCGG40NCAG_YUIIII_NTAATGNNNNNNGTAAAYAN_1_3	NTAATGNNNNNNGTAAAYAN	29348079_811	29348079	811	2025-08-21 14:12:02	puhti	COMPLETED	48127	0:0	mariaosm	mariaosm	NA	1	1	13:17:19	10485760	6038	3-00:00:00	48127	13:22:07
1812	FOXB1_ONECUT1_TGCCGG40NCAG_YJII_ATCGATNNNNYAAACA_2_3	ATCGATNNNNYAAACA	29348079_812	29348079	812	2025-08-21 14:12:02	puhti	COMPLETED	98	0:0	mariaosm	mariaosm	NA	1	1	01:36.030	10485760	6140	3-00:00:00	98	NA
1813	FOXB1_ONECUT2_TAAGGG40NACC_YXIII_NATCGATNNNGTAAACAN_1_3	NATCGATNNNGTAAACAN	29348079_813	29348079	813	2025-08-21 14:12:02	puhti	COMPLETED	186	0:0	mariaosm	mariaosm	NA	1	1	03:04.123	10485760	5929	3-00:00:00	186	NA
1814	FOXB1_SOX11_TAAGGG40NACC_YUIII_NGYAAACAAWGN_1_3	NGYAAACAAWGN	29348079_814	29348079	814	2025-08-21 14:12:02	puhti	COMPLETED	21	0:0	mariaosm	mariaosm	NA	1	1	NA	10485760	2374	3-00:00:00	21	NA
1815	FOXB1_TBX21_TGCCGG40NCAG_YYI_NAGGTGTTRTTTACWYWN_2_3	NAGGTGTTRTTTACWYWN	29348079_815	29348079	815	2025-08-21 14:12:02	puhti	COMPLETED	70	0:0	mariaosm	mariaosm	NA	1	1	01:08.788	10485760	5771	3-00:00:00	70	NA
1816	FOXB1_TBX21_TGCCGG40NCAG_YYI_NAGGTGTWRWGTAAAYA_2_3	NAGGTGTWRWGTAAAYA	29348079_816	29348079	816	2025-08-21 14:12:02	puhti	COMPLETED	83	0:0	mariaosm	mariaosm	NA	1	1	NA	10485760	756002	3-00:00:00	83	NA
1817	FOXB1_TBX4_TGCCGG40NCAG_YWII_NAGGTGTTRTTTRYN_1_3	NAGGTGTTRTTTRYN	29348079_817	29348079	817	2025-08-21 14:12:02	puhti	COMPLETED	90	0:0	mariaosm	mariaosm	NA	1	1	NA	10485760	757264	3-00:00:00	90	NA
1818	FOXB1_TCF12_TAAGGG40NACC_YADIII_NCACCTGTGYAAAYAN_2_3	NCACCTGTGYAAAYAN	29348079_818	29348079	818	2025-08-21 14:12:02	puhti	COMPLETED	82	0:0	mariaosm	mariaosm	NA	1	1	NA	10485760	755993	3-00:00:00	82	NA
1819	FOXB1_TCF3_TGCCGG40NCAG_YIII_NCACCTGNRYAAACAN_1_3	NCACCTGNRYAAACAN	29348079_819	29348079	819	2025-08-21 14:12:02	puhti	COMPLETED	72	0:0	mariaosm	mariaosm	NA	1	1	NA	10485760	6266	3-00:00:00	72	NA
1820	FOXB1_TCF4_TAAGGG40NACC_YACII_NRCACCTGTGYAAAYAN_2_3	NRCACCTGTGYAAAYAN	29348079_820	29348079	820	2025-08-21 14:12:02	puhti	COMPLETED	37	0:0	mariaosm	mariaosm	NA	1	1	NA	10485760	6239	3-00:00:00	37	NA
1821	FOXB1_TFAP2C_TAAGGG40NACC_YXIIII_NGTAAATAGCCNNNGGCN_2_3	NGTAAATAGCCNNNGGCN	29348079_821	29348079	821	2025-08-21 14:12:02	puhti	COMPLETED	182	0:0	mariaosm	mariaosm	NA	1	1	03:00.067	10485760	5821	3-00:00:00	182	NA
1822	FOXB1_TGIF2LX_TGCCGG40NCAG_YVII_NYMAATATTGACAN_1_3	NYMAATATTGACAN	29348079_822	29348079	822	2025-08-21 14:12:02	puhti	COMPLETED	29	0:0	mariaosm	mariaosm	NA	1	1	NA	10485760	5830	3-00:00:00	29	NA
1823	FOXC2_ELF2_TGACGT40NAGC_YSIII_NAGAAAACCGAAWN_2_3	NAGAAAACCGAAWN	29348079_823	29348079	823	2025-08-21 14:12:02	puhti	COMPLETED	17	0:0	mariaosm	mariaosm	NA	1	1	NA	10485760	3212	3-00:00:00	17	NA
1824	FOXC2_ELK3_TGACGT40NAGC_YAFI_NRMMGGAARNRHAAAYAN_1_3	NRMMGGAARNRHAAAYAN	29348079_824	29348079	824	2025-08-21 14:12:02	puhti	COMPLETED	2187	0:0	mariaosm	mariaosm	NA	1	1	35:59.591	10485760	6110	3-00:00:00	2187	NA
1825	FOXC2_TBX21_TGACGT40NAGC_YYI_NWRNRYAAACATNACACCTN_2_3	NWRNRYAAACATNACACCTN	29348079_825	29348079	825	2025-08-21 14:12:02	puhti	COMPLETED	829	0:0	mariaosm	mariaosm	NA	1	1	13:43.342	10485760	5858	3-00:00:00	829	NA
1826	FOXC2_TCF12_TGCCTC40NCAA_YADIII_NCACCTGTRYAAAYAN_2_3	NCACCTGTRYAAAYAN	29348079_826	29348079	826	2025-08-21 14:12:02	puhti	COMPLETED	42	0:0	mariaosm	mariaosm	NA	1	1	NA	10485760	5828	3-00:00:00	42	NA
1827	FOXC2_TCF3_TGACGT40NAGC_YIII_NCACCTGNAATAAYAN_1_3	NCACCTGNAATAAYAN	29348079_827	29348079	827	2025-08-21 14:12:02	puhti	COMPLETED	36	0:0	mariaosm	mariaosm	NA	1	1	NA	10485760	5750	3-00:00:00	36	NA
1828	FOXC2_TCF3_TGACGT40NAGC_YIII_NCACCTGNRTAAAYAN_1_3	NCACCTGNRTAAAYAN	29348079_828	29348079	828	2025-08-21 14:12:02	puhti	COMPLETED	57	0:0	mariaosm	mariaosm	NA	1	1	NA	10485760	5890	3-00:00:00	57	NA
1829	FOXC2_TGIF2LX_TGACGT40NAGC_YVII_NYMAATATTGACAN_1_3	NYMAATATTGACAN	29348079_829	29348079	829	2025-08-21 14:12:02	puhti	COMPLETED	22	0:0	mariaosm	mariaosm	NA	1	1	NA	10485760	3274	3-00:00:00	22	NA
1830	FOXD2_TCF3_TGTTTC40NTTA_YIII_NCACCTGNRYAAACAN_1_3	NCACCTGNRYAAACAN	29348079_830	29348079	830	2025-08-21 14:12:02	puhti	COMPLETED	57	0:0	mariaosm	mariaosm	NA	1	1	NA	10485760	5832	3-00:00:00	57	NA
1831	FOXI1_ELF1_TGATCA40NAGG_YADIIII_NTGTTKMCGGAAGTN_2_3	NTGTTKMCGGAAGTN	29348079_831	29348079	831	2025-08-21 14:12:02	puhti	COMPLETED	27	0:0	mariaosm	mariaosm	NA	1	1	NA	10485760	3208	3-00:00:00	27	NA
1832	FOXI1_ELF2_TTATAA40NGTG_YSIII_NAGAAAACCGAAWN_2_3	NAGAAAACCGAAWN	29348079_832	29348079	832	2025-08-21 14:12:02	puhti	COMPLETED	42	0:0	mariaosm	mariaosm	NA	1	1	NA	10485760	762564	3-00:00:00	42	NA
1833	FOXI1_ELF2_TTATAA40NGTG_YSIII_NAYTTCCGKMAACAN_2_3	NAYTTCCGKMAACAN	29348079_833	29348079	833	2025-08-21 14:12:02	puhti	COMPLETED	59	0:0	mariaosm	mariaosm	NA	1	1	NA	10485760	763920	3-00:00:00	59	NA
1834	FOXI1_ELF2_TTATAA40NGTG_YSIII_NRTAAACAGGAAGTN_2_3	NRTAAACAGGAAGTN	29348079_834	29348079	834	2025-08-21 14:12:02	puhti	COMPLETED	21	0:0	mariaosm	mariaosm	NA	1	1	NA	10485760	3274	3-00:00:00	21	NA
1835	FOXI1_ELK3_TTATAA40NGTG_YAFI_NACCGGAAACAN_1_3	NACCGGAAACAN	29348079_835	29348079	835	2025-08-21 14:12:02	puhti	COMPLETED	14	0:0	mariaosm	mariaosm	NA	1	1	NA	10485760	3214	3-00:00:00	14	NA
1836	FOXI1_ELK3_TTATAA40NGTG_YAFI_NMCGGAANYRTAAACAN_1_3	NMCGGAANYRTAAACAN	29348079_836	29348079	836	2025-08-21 14:12:02	puhti	COMPLETED	131	0:0	mariaosm	mariaosm	NA	1	1	01:52.223	10485760	6080	3-00:00:00	131	NA
1837	FOXI1_ELK3_TTATAA40NGTG_YAFI_NMCGGATGTTTAYN_1_3	NMCGGATGTTTAYN	29348079_837	29348079	837	2025-08-21 14:12:02	puhti	COMPLETED	31	0:0	mariaosm	mariaosm	NA	1	1	NA	10485760	6076	3-00:00:00	31	NA
1838	FOXI1_ETV1_TGATCA40NAGG_YRIIII_NGTAAACAGGAWRYN_1_3	NGTAAACAGGAWRYN	29348079_838	29348079	838	2025-08-21 14:12:02	puhti	COMPLETED	35	0:0	mariaosm	mariaosm	NA	1	1	NA	10485760	6207	3-00:00:00	35	NA
1839	FOXI1_ETV4_TGATCA40NAGG_YSIII_NRYTTCCGTAAAYAN_1_3	NRYTTCCGTAAAYAN	29348079_839	29348079	839	2025-08-21 14:12:02	puhti	COMPLETED	31	0:0	mariaosm	mariaosm	NA	1	1	NA	10485760	5960	3-00:00:00	31	NA
1840	FOXI1_ETV5_TGATCA40NAGG_YKII_NGTAAACATCCGGN_2_3	NGTAAACATCCGGN	29348079_840	29348079	840	2025-08-21 14:12:02	puhti	COMPLETED	27	0:0	mariaosm	mariaosm	NA	1	1	NA	10485760	3270	3-00:00:00	28	NA
1841	FOXI1_FLI1_TGATCA40NAGG_YYIII_NRTAAACAGGAAGTN_1_3	NRTAAACAGGAAGTN	29348079_841	29348079	841	2025-08-21 14:12:02	puhti	COMPLETED	17	0:0	mariaosm	mariaosm	NA	1	1	NA	10485760	3210	3-00:00:00	17	NA
1842	FOXI1_GABPA_TTATAA40NGTG_YYIIII_NRTAAACAGGAAGTN_1_3	NRTAAACAGGAAGTN	29348079_842	29348079	842	2025-08-21 14:12:02	puhti	COMPLETED	49	0:0	mariaosm	mariaosm	NA	1	1	NA	10485760	765247	3-00:00:00	49	NA
1843	FOXI1_GCM1_TTATAA40NGTG_YACII_NRTAAATANGGGYN_1_3	NRTAAATANGGGYN	29348079_843	29348079	843	2025-08-21 14:12:02	puhti	COMPLETED	46	0:0	mariaosm	mariaosm	NA	1	1	NA	10485760	5779	3-00:00:00	46	NA
1844	FOXI1_TCF3_TTATAA40NGTG_YIII_NRTAAACAGGTGN_1_3	NRTAAACAGGTGN	29348079_844	29348079	844	2025-08-21 14:12:02	puhti	COMPLETED	18	0:0	mariaosm	mariaosm	NA	1	1	NA	10485760	3276	3-00:00:00	18	NA
1845	FOXI1_TGIF2LX_TTATAA40NGTG_YVII_NRTMAATATTGACAN_1_3	NRTMAATATTGACAN	29348079_845	29348079	845	2025-08-21 14:12:02	puhti	COMPLETED	41	0:0	mariaosm	mariaosm	NA	1	1	NA	10485760	6006	3-00:00:00	41	NA
1846	FOXK1_ELF2_TCGTAG40NACT_YSIII_NAGAAAACCGAAWN_2_3	NAGAAAACCGAAWN	29348079_846	29348079	846	2025-08-21 14:12:02	puhti	COMPLETED	17	0:0	mariaosm	mariaosm	NA	1	1	NA	10485760	3206	3-00:00:00	17	NA
1847	FOXK2_ELF1_TTGAAC40NTAGC_YADIIII_NNGAAAACCGAAWNN_1_3	NNGAAAACCGAAWNN	29348079_847	29348079	847	2025-08-21 14:12:02	puhti	COMPLETED	83	0:0	mariaosm	mariaosm	NA	1	1	01:21.527	10485760	5933	3-00:00:00	83	NA
1848	FOXO1_ELF2_TTTGCG40NGCT_YSIII_NAGAAAACCGAAWN_2_3	NAGAAAACCGAAWN	29348079_848	29348079	848	2025-08-21 14:12:02	puhti	COMPLETED	19	0:0	mariaosm	mariaosm	NA	1	1	NA	10485760	3210	3-00:00:00	19	NA
1849	FOXO1_TBX21_TTTGCG40NGCT_YYI_NAGGTGTNATAAACAN_1_3	NAGGTGTNATAAACAN	29348079_849	29348079	849	2025-08-21 14:12:02	puhti	COMPLETED	23	0:0	mariaosm	mariaosm	NA	1	1	NA	10485760	3208	3-00:00:00	23	NA
1850	FOXO3A_ELF2_TGTCTC40NTCA_YSIII_NAGAAAACCGAAWN_2_3	NAGAAAACCGAAWN	29348079_850	29348079	850	2025-08-21 14:12:02	puhti	COMPLETED	17	0:0	mariaosm	mariaosm	NA	1	1	NA	10485760	3206	3-00:00:00	17	NA
1851	FOXO6_ELF2_TCCCAT40NTGT_YSIII_NAGAAAACCGAAWN_2_3	NAGAAAACCGAAWN	29348079_851	29348079	851	2025-08-21 14:12:02	puhti	COMPLETED	21	0:0	mariaosm	mariaosm	NA	1	1	NA	10485760	3204	3-00:00:00	21	NA
1852	FOXO6_TBX21_TCCCAT40NTGT_YYI_NAGGTGTNATAAACAN_1_3	NAGGTGTNATAAACAN	29348079_852	29348079	852	2025-08-21 14:12:02	puhti	COMPLETED	27	0:0	mariaosm	mariaosm	NA	1	1	NA	10485760	5768	3-00:00:00	27	NA
1853	GATA2_ELF5_TGAGTC40NAAC_YYI_NGATAAGGAAGTN_1_3	NGATAAGGAAGTN	29348079_853	29348079	853	2025-08-21 14:12:02	puhti	COMPLETED	17	0:0	mariaosm	mariaosm	NA	1	1	NA	10485760	3274	3-00:00:00	17	NA
1854	GATA2_ONECUT1_TCTTCG40NGAT_YJII_MGATAANATCGAT_1_3	MGATAANATCGAT	29348079_854	29348079	854	2025-08-21 14:12:02	puhti	COMPLETED	15	0:0	mariaosm	mariaosm	NA	1	1	NA	10485760	3212	3-00:00:00	15	NA
1855	GATA2_TEAD4_TGAGTC40NAAC_YJII_MGATAANNRCATTCCWN_1_3	MGATAANNRCATTCCWN	29348079_855	29348079	855	2025-08-21 14:12:02	puhti	COMPLETED	100	0:0	mariaosm	mariaosm	NA	1	1	01:38.305	10485760	5857	3-00:00:00	100	NA
1856	GATA3_ELF5_TGCGGA40NCGA_YYI_NGATAAGGAAGTN_1_3	NGATAAGGAAGTN	29348079_856	29348079	856	2025-08-21 14:12:02	puhti	COMPLETED	18	0:0	mariaosm	mariaosm	NA	1	1	NA	10485760	6002	3-00:00:00	18	NA
1857	GATA3_FLI1_TGCGGA40NCGA_YYIII_NRSCGGAWRNAGATAAN_1_3	NRSCGGAWRNAGATAAN	29348079_857	29348079	857	2025-08-21 14:12:02	puhti	COMPLETED	171	0:0	mariaosm	mariaosm	NA	1	1	02:40.559	10485760	6023	3-00:00:00	171	NA
1858	GATA3_TEAD4_TGCGGA40NCGA_YJII_MGATAANNRMATWCC_1_3	MGATAANNRMATWCC	29348079_858	29348079	858	2025-08-21 14:12:02	puhti	COMPLETED	53	0:0	mariaosm	mariaosm	NA	1	1	NA	10485760	5868	3-00:00:00	53	NA
1859	GATA4_TBX20_TATAAC40NCGG_YWIIII_NHGATAACACCN_1_3	NHGATAACACCN	29348079_859	29348079	859	2025-08-21 14:12:02	puhti	COMPLETED	18	0:0	mariaosm	mariaosm	NA	1	1	NA	10485760	654313	3-00:00:00	18	NA
1860	GATA4_TBX21_TTATGA40NCAG_YYI_NAGGTGTGAGATAAN_1_3	NAGGTGTGAGATAAN	29348079_860	29348079	860	2025-08-21 14:12:02	puhti	COMPLETED	22	0:0	mariaosm	mariaosm	NA	1	1	NA	10485760	6060	3-00:00:00	22	NA
1861	GATA5_TBX20_TTAGAC40NCAG_YWIIII_RGGTGTTATCG_1_3	RGGTGTTATCG	29348079_861	29348079	861	2025-08-21 14:12:02	puhti	COMPLETED	16	0:0	mariaosm	mariaosm	NA	1	1	NA	10485760	5772	3-00:00:00	16	NA
1862	GATA5_TEAD4_TTAGAC40NCAG_YJII_NMGATAANNRCATWCCN_1_3	NMGATAANNRCATWCCN	29348079_862	29348079	862	2025-08-21 14:12:02	puhti	COMPLETED	416	0:0	mariaosm	mariaosm	NA	1	1	06:52.300	10485760	5805	3-00:00:00	416	NA
1863	GATA6_ELF5_TCGCGA40NCATT_YYI_NGATAAGGAAGTN_1_3	NGATAAGGAAGTN	29348079_863	29348079	863	2025-08-21 14:12:02	puhti	COMPLETED	19	0:0	mariaosm	mariaosm	NA	1	1	NA	10485760	5794	3-00:00:00	19	NA
1864	GATA6_FOXA1_TCGCGA40NCATT_YWII_NGATAARYAAAYAN_1_3	NGATAARYAAAYAN	29348079_864	29348079	864	2025-08-21 14:12:02	puhti	COMPLETED	30	0:0	mariaosm	mariaosm	NA	1	1	NA	10485760	5805	3-00:00:00	30	NA
1865	GATA6_FOXA1_TCGCGA40NCATT_YWII_NWAGATAAACAN_1_3	NWAGATAAACAN	29348079_865	29348079	865	2025-08-21 14:12:02	puhti	COMPLETED	17	0:0	mariaosm	mariaosm	NA	1	1	NA	10485760	3208	3-00:00:00	17	NA
1866	GATA6_FOXD2_TGACCA40NTCC_YWI_NWAGATAAACAN_1_3	NWAGATAAACAN	29348079_866	29348079	866	2025-08-21 14:12:02	puhti	COMPLETED	22	0:0	mariaosm	mariaosm	NA	1	1	NA	10485760	3206	3-00:00:00	22	NA
1867	GATA6_SOX11_TCGCGA40NCATT_YUIII_NAGATAACAAWRN_1_3	NAGATAACAAWRN	29348079_867	29348079	867	2025-08-21 14:12:02	puhti	COMPLETED	20	0:0	mariaosm	mariaosm	NA	1	1	NA	10485760	3206	3-00:00:00	20	NA
1868	GATA6_TBX21_TGACCA40NTCC_YYI_AGGTGTGATAA_1_3	AGGTGTGATAA	29348079_868	29348079	868	2025-08-21 14:12:02	puhti	COMPLETED	13	0:0	mariaosm	mariaosm	NA	1	1	NA	10485760	3208	3-00:00:00	13	NA
1869	GATA6_TBX21_TGACCA40NTCC_YYI_NAGGTGTTATCN_1_3	NAGGTGTTATCN	29348079_869	29348079	869	2025-08-21 14:12:02	puhti	COMPLETED	18	0:0	mariaosm	mariaosm	NA	1	1	NA	10485760	3270	3-00:00:00	18	NA
1870	GATA6_TBX21_TGACCA40NTCC_YYI_NGATAAGGTGTNRN_1_3	NGATAAGGTGTNRN	29348079_870	29348079	870	2025-08-21 14:12:02	puhti	COMPLETED	36	0:0	mariaosm	mariaosm	NA	1	1	NA	10485760	5887	3-00:00:00	36	NA
1871	GATA6_TBX6_TGACCA40NTCC_YAAII_NGATAAGGTGTNR_1_3	NGATAAGGTGTNR	29348079_871	29348079	871	2025-08-21 14:12:02	puhti	COMPLETED	21	0:0	mariaosm	mariaosm	NA	1	1	NA	10485760	3208	3-00:00:00	21	NA
1872	GATA6_TGIF2LX_TGACCA40NTCC_YVII_NTGWCAGATAAN_1_3	NTGWCAGATAAN	29348079_872	29348079	872	2025-08-21 14:12:02	puhti	COMPLETED	18	0:0	mariaosm	mariaosm	NA	1	1	NA	10485760	6239	3-00:00:00	18	NA
1873	GCM1_ERG_TTGTGA40NTCCC_YYII_NRTGCGGGCGGAWGN_1_3	NRTGCGGGCGGAWGN	29348079_873	29348079	873	2025-08-21 14:12:02	puhti	COMPLETED	21	0:0	mariaosm	mariaosm	NA	1	1	NA	10485760	3272	3-00:00:00	21	NA
1874	GCM1_ETV1_TTGTGA40NTCCC_YRIIII_NRTGCGGGCGGAWRN_1_3	NRTGCGGGCGGAWRN	29348079_874	29348079	874	2025-08-21 14:12:02	puhti	COMPLETED	32	0:0	mariaosm	mariaosm	NA	1	1	NA	10485760	5896	3-00:00:00	32	NA
1875	GCM1_ETV4_TTGTGA40NTCCC_YSIII_NRTGCGGGCGGAWGN_1_3	NRTGCGGGCGGAWGN	29348079_875	29348079	875	2025-08-21 14:12:02	puhti	COMPLETED	25	0:0	mariaosm	mariaosm	NA	1	1	NA	10485760	3270	3-00:00:00	25	NA
1876	GCM1_ETV5_TTGTGA40NTCCC_YKII_NATGCGGGCGGAAGTN_2_3	NATGCGGGCGGAAGTN	29348079_876	29348079	876	2025-08-21 14:12:02	puhti	COMPLETED	20	0:0	mariaosm	mariaosm	NA	1	1	NA	10485760	3278	3-00:00:00	20	NA
1877	GCM1_FLI1_TTGTGA40NTCCC_YYIII_NATGCGGGCGGAWRYN_2_3	NATGCGGGCGGAWRYN	29348079_877	29348079	877	2025-08-21 14:12:02	puhti	COMPLETED	36	0:0	mariaosm	mariaosm	NA	1	1	NA	10485760	5768	3-00:00:00	36	NA
1878	GCM1_FLI1_TTGTGA40NTCCC_YYIII_NSCGGATGCGGGYN_1_3	NSCGGATGCGGGYN	29348079_878	29348079	878	2025-08-21 14:12:02	puhti	COMPLETED	24	0:0	mariaosm	mariaosm	NA	1	1	NA	10485760	3208	3-00:00:00	24	NA
1879	GCM1_FOXO1_TTGTGA40NTCCC_YIII_NRWAAATANGGGTAN_2_3	NRWAAATANGGGTAN	29348079_879	29348079	879	2025-08-21 14:12:02	puhti	COMPLETED	60	0:0	mariaosm	mariaosm	NA	1	1	NA	10485760	5889	3-00:00:00	60	NA
1880	GCM1_GABPA_TGAGAG40NCGC_YYIIII_NRTGCGGGCGGAWGN_1_3	NRTGCGGGCGGAWGN	29348079_880	29348079	880	2025-08-21 14:12:02	puhti	COMPLETED	41	0:0	mariaosm	mariaosm	NA	1	1	NA	10485760	5998	3-00:00:00	41	NA
1881	GLI2_FLI1_TCGTCT40NGGTG_YYIII_NGACCACCCANNCTTCCGN_2_3	NGACCACCCANNCTTCCGN	29348079_881	29348079	881	2025-08-21 14:12:02	puhti	COMPLETED	70	0:0	mariaosm	mariaosm	NA	1	1	01:07.705	10485760	5931	3-00:00:00	70	NA
1882	GLI2_FLI1_TCGTCT40NGGTG_YYIII_NRYWTCCGGNCCACMCACN_2_3	NRYWTCCGGNCCACMCACN	29348079_882	29348079	882	2025-08-21 14:12:02	puhti	COMPLETED	211	0:0	mariaosm	mariaosm	NA	1	1	03:27.218	10485760	5995	3-00:00:00	211	NA
1883	GLI2_SOX11_TCGTCT40NGGTG_YUIII_NRCCCACCGAACAMN_2_3	NRCCCACCGAACAMN	29348079_883	29348079	883	2025-08-21 14:12:02	puhti	COMPLETED	28	0:0	mariaosm	mariaosm	NA	1	1	NA	10485760	3270	3-00:00:00	28	NA
1884	GLI3_FLI1_TTAGGA40NTCT_YYIII_NYTTCCGGNCCACCCACN_2_3	NYTTCCGGNCCACCCACN	29348079_884	29348079	884	2025-08-21 14:12:02	puhti	COMPLETED	33	0:0	mariaosm	mariaosm	NA	1	1	NA	10485760	6023	3-00:00:00	33	NA
1885	GLI3_GABPA_TTTGCT40NCGT_YYIIII_NCTTCCGGNCCACCCRCN_2_3	NCTTCCGGNCCACCCRCN	29348079_885	29348079	885	2025-08-21 14:12:02	puhti	COMPLETED	41	0:0	mariaosm	mariaosm	NA	1	1	NA	10485760	6061	3-00:00:00	41	NA
1886	GLI3_RFX3_TTTGCT40NCGT_YSII_NCCACCCACGTTGYYAYRNNNNN_2_3	NCCACCCACGTTGYYAYRNNNNN	29348079_886	29348079	886	2025-08-21 14:12:02	puhti	COMPLETED	27717	0:0	mariaosm	mariaosm	NA	1	1	07:37:48	10485760	5891	3-00:00:00	27717	07:41:57
1887	GLI3_RFX3_TTTGCT40NCGT_YSII_NRCCACMCACGTTGYYAN_2_3	NRCCACMCACGTTGYYAN	29348079_887	29348079	887	2025-08-21 14:12:02	puhti	COMPLETED	52	0:0	mariaosm	mariaosm	NA	1	1	NA	10485760	6365	3-00:00:00	52	NA
1888	GLI3_SOX11_TTAGGA40NTCT_YUIII_NRCCCACCGAACAMN_2_3	NRCCCACCGAACAMN	29348079_888	29348079	888	2025-08-21 14:12:02	puhti	COMPLETED	30	0:0	mariaosm	mariaosm	NA	1	1	NA	10485760	3274	3-00:00:00	30	NA
1889	gntR_TEAD4_TACAGA40NCGGA_YJII_TGTTAHGGWATGY_1_3	TGTTAHGGWATGY	29348079_889	29348079	889	2025-08-21 14:12:02	puhti	COMPLETED	16	0:0	mariaosm	mariaosm	NA	1	1	NA	10485760	3208	3-00:00:00	16	NA
1890	GSC2_FLI1_TTTCTA40NCAT_YYIII_NTAATMCTTCCGGTN_1_3	NTAATMCTTCCGGTN	29348079_890	29348079	890	2025-08-21 14:12:02	puhti	COMPLETED	20	0:0	mariaosm	mariaosm	NA	1	1	NA	10485760	3212	3-00:00:00	20	NA
1891	GSC_FLI1_TATAGT40NATAA_YYIII_NTAATMCTTCCGGTN_1_3	NTAATMCTTCCGGTN	29348079_891	29348079	891	2025-08-21 14:12:02	puhti	COMPLETED	22	0:0	mariaosm	mariaosm	NA	1	1	NA	10485760	3212	3-00:00:00	22	NA
1892	GSC_MEIS3_TGCCAC40NGCC_YRIIII_NTGACANTAATCYN_1_3	NTGACANTAATCYN	29348079_892	29348079	892	2025-08-21 14:12:02	puhti	COMPLETED	52	0:0	mariaosm	mariaosm	NA	1	1	NA	10485760	6444	3-00:00:00	52	NA
1893	GSC_TBX20_TATAGT40NATAA_YWIIII_NGTGTTAATCCN_1_3	NGTGTTAATCCN	29348079_893	29348079	893	2025-08-21 14:12:02	puhti	COMPLETED	16	0:0	mariaosm	mariaosm	NA	1	1	NA	10485760	3278	3-00:00:00	16	NA
1894	GSC_TBX21_TGCCAC40NGCC_YYI_NAGGTGTGANGGATTAN_1_3	NAGGTGTGANGGATTAN	29348079_894	29348079	894	2025-08-21 14:12:02	puhti	COMPLETED	25	0:0	mariaosm	mariaosm	NA	1	1	NA	10485760	3278	3-00:00:00	25	NA
1895	GSC_TBX4_TGCCAC40NGCC_YWII_NTAATCCNTNACACCTN_1_3	NTAATCCNTNACACCTN	29348079_895	29348079	895	2025-08-21 14:12:02	puhti	COMPLETED	68	0:0	mariaosm	mariaosm	NA	1	1	NA	10485760	5880	3-00:00:00	68	NA
1896	GSX1_FLI1_TCTCTC40NTTG_YYIII_NCCGGAWRTAATTAN_1_3	NCCGGAWRTAATTAN	29348079_896	29348079	896	2025-08-21 14:12:02	puhti	COMPLETED	33	0:0	mariaosm	mariaosm	NA	1	1	NA	10485760	6039	3-00:00:00	33	NA
1897	GSX1_PAX2_TCTCTC40NTTG_YZII_YMATTAGTCACGSNYSANYRN_2_3	YMATTAGTCACGSNYSANYRN	29348079_897	29348079	897	2025-08-21 14:12:02	puhti	COMPLETED	1552	0:0	mariaosm	mariaosm	NA	1	1	24:52.146	10485760	6020	3-00:00:00	1552	NA
1898	GSX1_TBX20_TCTCTC40NTTG_YWIIII_NAGGTGTTAATGTGNNRN_2_3	NAGGTGTTAATGTGNNRN	29348079_898	29348079	898	2025-08-21 14:12:02	puhti	COMPLETED	132	0:0	mariaosm	mariaosm	NA	1	1	01:37.893	10485760	5969	3-00:00:00	132	NA
1899	GSX1_TBX21_TCAAAG40NGAG_YYI_NAGGTGTTAATTRN_1_3	NAGGTGTTAATTRN	29348079_899	29348079	899	2025-08-21 14:12:02	puhti	COMPLETED	40	0:0	mariaosm	mariaosm	NA	1	1	NA	10485760	838017	3-00:00:00	40	NA
1900	GSX1_TBX21_TCAAAG40NGAG_YYI_NTAATTAGGTGTNAN_1_3	NTAATTAGGTGTNAN	29348079_900	29348079	900	2025-08-21 14:12:02	puhti	COMPLETED	32	0:0	mariaosm	mariaosm	NA	1	1	NA	10485760	6262	3-00:00:00	32	NA
1901	GSX1_TBX4_TCAAAG40NGAG_YWII_NAGGTGTTAATKAGGTGTN_2_3	NAGGTGTTAATKAGGTGTN	29348079_901	29348079	901	2025-08-21 14:12:02	puhti	COMPLETED	20	0:0	mariaosm	mariaosm	NA	1	1	NA	10485760	3272	3-00:00:00	20	NA
1902	GSX1_TBX4_TCAAAG40NGAG_YWII_NAGGTGTTAATTRN_1_3	NAGGTGTTAATTRN	29348079_902	29348079	902	2025-08-21 14:12:02	puhti	COMPLETED	16	0:0	mariaosm	mariaosm	NA	1	1	NA	10485760	3206	3-00:00:00	16	NA
1903	GSX1_TBX4_TCAAAG40NGAG_YWII_NTAATKAGGTGTNRN_1_3	NTAATKAGGTGTNRN	29348079_903	29348079	903	2025-08-21 14:12:02	puhti	COMPLETED	52	0:0	mariaosm	mariaosm	NA	1	1	NA	10485760	5994	3-00:00:00	52	NA
1904	GSX2_ELF1_TCGCGT40NCGG_YADIIII_MGGAARYMATTAN_1_3	MGGAARYMATTAN	29348079_904	29348079	904	2025-08-21 14:12:02	puhti	COMPLETED	25	0:0	mariaosm	mariaosm	NA	1	1	NA	10485760	3202	3-00:00:00	25	NA
1905	GSX2_FLI1_TCGCGT40NCGG_YYIII_NCCGGAWRTAATTAN_1_3	NCCGGAWRTAATTAN	29348079_905	29348079	905	2025-08-21 14:12:02	puhti	COMPLETED	24	0:0	mariaosm	mariaosm	NA	1	1	NA	10485760	3210	3-00:00:00	24	NA
1906	GSX2_ONECUT1_TTGTAG40NTCT_YJII_ATCGATWAATTR_1_3	ATCGATWAATTR	29348079_906	29348079	906	2025-08-21 14:12:02	puhti	COMPLETED	17	0:0	mariaosm	mariaosm	NA	1	1	NA	10485760	3268	3-00:00:00	17	NA
1907	GSX2_TBX20_TCGCGT40NCGG_YWIIII_NGTGTTAATGTGN_1_3	NGTGTTAATGTGN	29348079_907	29348079	907	2025-08-21 14:12:02	puhti	COMPLETED	20	0:0	mariaosm	mariaosm	NA	1	1	NA	10485760	3208	3-00:00:00	20	NA
1908	GSX2_TBX21_TTGTAG40NTCT_YYI_NAGGTGTTAATTRN_1_3	NAGGTGTTAATTRN	29348079_908	29348079	908	2025-08-21 14:12:02	puhti	COMPLETED	21	0:0	mariaosm	mariaosm	NA	1	1	NA	10485760	3276	3-00:00:00	21	NA
1909	GSX2_TBX21_TTGTAG40NTCT_YYI_NTAATTAGGTGTNAN_1_3	NTAATTAGGTGTNAN	29348079_909	29348079	909	2025-08-21 14:12:02	puhti	COMPLETED	28	0:0	mariaosm	mariaosm	NA	1	1	NA	10485760	3266	3-00:00:00	28	NA
1910	GSX2_TBX4_TTGTAG40NTCT_YWII_NAGGTGTTAATTRN_1_3	NAGGTGTTAATTRN	29348079_910	29348079	910	2025-08-21 14:12:02	puhti	COMPLETED	17	0:0	mariaosm	mariaosm	NA	1	1	NA	10485760	3214	3-00:00:00	17	NA
1911	GSX2_TBX4_TTGTAG40NTCT_YWII_NAGGTGTTAAYKAGGTGN_2_3	NAGGTGTTAAYKAGGTGN	29348079_911	29348079	911	2025-08-21 14:12:02	puhti	COMPLETED	28	0:0	mariaosm	mariaosm	NA	1	1	NA	10485760	3272	3-00:00:00	28	NA
1912	GSX2_TBX4_TTGTAG40NTCT_YWII_NTAATKAGGTGTNRN_1_3	NTAATKAGGTGTNRN	29348079_912	29348079	912	2025-08-21 14:12:02	puhti	COMPLETED	52	0:0	mariaosm	mariaosm	NA	1	1	NA	10485760	5769	3-00:00:00	52	NA
1913	GSX2_TEAD4_TCGCGT40NCGG_YJII_NYAATTAAMATTCCWN_1_3	NYAATTAAMATTCCWN	29348079_913	29348079	913	2025-08-21 14:12:02	puhti	COMPLETED	38	0:0	mariaosm	mariaosm	NA	1	1	NA	10485760	5881	3-00:00:00	38	NA
1914	GSX2_TGIF2LX_TTGTAG40NTCT_YVII_NMTGTCAAATTAN_1_3	NMTGTCAAATTAN	29348079_914	29348079	914	2025-08-21 14:12:02	puhti	COMPLETED	21	0:0	mariaosm	mariaosm	NA	1	1	NA	10485760	3270	3-00:00:00	21	NA
1915	GSX2_TGIF2LX_TTGTAG40NTCT_YVII_NMTGTCAATTAN_1_3	NMTGTCAATTAN	29348079_915	29348079	915	2025-08-21 14:12:02	puhti	COMPLETED	20	0:0	mariaosm	mariaosm	NA	1	1	NA	10485760	3208	3-00:00:00	20	NA
1916	HES7_ETV5_TCTCTA40NCGAT_YJII_NGGCACGYGNCCGGAASYN_2_3	NGGCACGYGNCCGGAASYN	29348079_916	29348079	916	2025-08-21 14:12:02	puhti	COMPLETED	114	0:0	mariaosm	mariaosm	NA	1	1	01:51.817	10485760	5764	3-00:00:00	114	NA
1917	HMX1_ELF1_TTTACT40NACA_YADIIII_MGGAAGYAATTAN_1_3	MGGAAGYAATTAN	29348079_917	29348079	917	2025-08-21 14:12:02	puhti	COMPLETED	17	0:0	mariaosm	mariaosm	NA	1	1	NA	10485760	3212	3-00:00:00	17	NA
1918	HMX3_RUNX2_TACTGG40NGGA_YII_NRACCGCAATTAMN_1_3	NRACCGCAATTAMN	29348079_918	29348079	918	2025-08-21 14:12:02	puhti	COMPLETED	22	0:0	mariaosm	mariaosm	NA	1	1	NA	10485760	3274	3-00:00:00	22	NA
1919	HOXA10_ETV1_TTTCTA40NCCAG_YRIIII_NTTTACGACCGGAWRN_1_3	NTTTACGACCGGAWRN	29348079_919	29348079	919	2025-08-21 14:12:02	puhti	COMPLETED	38	0:0	mariaosm	mariaosm	NA	1	1	NA	10485760	5993	3-00:00:00	38	NA
1920	HOXA10_FLI1_TTTCTA40NCCAG_YYIII_NCGGAARYMRTAAAN_1_3	NCGGAARYMRTAAAN	29348079_920	29348079	920	2025-08-21 14:12:02	puhti	COMPLETED	68	0:0	mariaosm	mariaosm	NA	1	1	NA	10485760	5997	3-00:00:00	68	NA
1921	HOXA10_GABPA_TGCGGT40NTCA_YYIIII_NCGGAARYMRTAAAN_1_3	NCGGAARYMRTAAAN	29348079_921	29348079	921	2025-08-21 14:12:02	puhti	COMPLETED	57	0:0	mariaosm	mariaosm	NA	1	1	NA	10485760	5979	3-00:00:00	57	NA
1922	HOXA10_ONECUT1_TGCGGT40NTCA_YJII_NYMRTAAAWATYGAYY_1_3	NYMRTAAAWATYGAYY	29348079_922	29348079	922	2025-08-21 14:12:02	puhti	COMPLETED	106	0:0	mariaosm	mariaosm	NA	1	1	01:43.604	10485760	5836	3-00:00:00	106	NA
1923	HOXA10_PAX2_TTTCTA40NCCAG_YZII_GTCACGSNYMATTAANYN_2_3	GTCACGSNYMATTAANYN	29348079_923	29348079	923	2025-08-21 14:12:02	puhti	COMPLETED	191	0:0	mariaosm	mariaosm	NA	1	1	03:08.621	10485760	5786	3-00:00:00	191	NA
1924	HOXA10_PAX5_TTTCTA40NCCAG_YXII_NYGTYACGSNYMATTAANYN_2_3	NYGTYACGSNYMATTAANYN	29348079_924	29348079	924	2025-08-21 14:12:02	puhti	COMPLETED	3361	0:0	mariaosm	mariaosm	NA	1	1	55:40.291	10485760	6249	3-00:00:00	3361	NA
1925	HOXA10_SOX11_TTTCTA40NCCAG_YUIII_NAACAATAAAAMN_1_3	NAACAATAAAAMN	29348079_925	29348079	925	2025-08-21 14:12:02	puhti	COMPLETED	21	0:0	mariaosm	mariaosm	NA	1	1	NA	10485760	3208	3-00:00:00	21	NA
1926	HOXA10_SOX11_TTTCTA40NCCAG_YUIII_NACAAWRNNYMRTAAAN_1_3	NACAAWRNNYMRTAAAN	29348079_926	29348079	926	2025-08-21 14:12:02	puhti	COMPLETED	1267	0:0	mariaosm	mariaosm	NA	1	1	20:47.299	10485760	6044	3-00:00:00	1267	NA
1927	HOXA10_TBX20_TTTCTA40NCCAG_YWIIII_NTTTAYKANGTGTNRN_1_3	NTTTAYKANGTGTNRN	29348079_927	29348079	927	2025-08-21 14:12:02	puhti	COMPLETED	335	0:0	mariaosm	mariaosm	NA	1	1	05:26.766	10485760	6034	3-00:00:00	335	NA
1928	HOXA10_TBX21_TGCGGT40NTCA_YYI_NTTTAYKAGGTGTGAN_2_3	NTTTAYKAGGTGTGAN	29348079_928	29348079	928	2025-08-21 14:12:02	puhti	COMPLETED	28	0:0	mariaosm	mariaosm	NA	1	1	NA	10485760	3206	3-00:00:00	28	NA
1929	HOXA10_TBX4_TGCGGT40NTCA_YWII_NTTTAYKAGGTGNNRN_1_3	NTTTAYKAGGTGNNRN	29348079_929	29348079	929	2025-08-21 14:12:02	puhti	COMPLETED	297	0:0	mariaosm	mariaosm	NA	1	1	04:54.603	10485760	5897	3-00:00:00	297	NA
1930	HOXA10_TBX4_TGCGGT40NTCA_YWII_NYMRTWAAAAAGGTGTNRN_2_3	NYMRTWAAAAAGGTGTNRN	29348079_930	29348079	930	2025-08-21 14:12:02	puhti	COMPLETED	460	0:0	mariaosm	mariaosm	NA	1	1	07:35.851	10485760	5873	3-00:00:00	460	NA
1931	HOXA10_TBX6_TGCGGT40NTCA_YAAII_NYNRTWAAAWNGGTGTNRN_1_3	NYNRTWAAAWNGGTGTNRN	29348079_931	29348079	931	2025-08-21 14:12:02	puhti	COMPLETED	7415	0:0	mariaosm	mariaosm	NA	1	1	02:02:35	10485760	6138	3-00:00:00	7415	02:03:32
1932	HOXA2_TBX20_TCACCC40NTGC_YWIIII_NANGTGTTAATTRN_1_3	NANGTGTTAATTRN	29348079_932	29348079	932	2025-08-21 14:12:02	puhti	COMPLETED	31	0:0	mariaosm	mariaosm	NA	1	1	NA	10485760	5801	3-00:00:00	31	NA
1933	HOXA2_TBX21_TCGTGC40NACC_YYI_NAGGTGNTAATKAGGTGTNAN_1_3	NAGGTGNTAATKAGGTGTNAN	29348079_933	29348079	933	2025-08-21 14:12:02	puhti	COMPLETED	129	0:0	mariaosm	mariaosm	NA	1	1	02:05.684	10485760	6042	3-00:00:00	129	NA
1934	HOXA2_TBX21_TCGTGC40NACC_YYI_NTAATKAGGTGTNAN_1_3	NTAATKAGGTGTNAN	29348079_934	29348079	934	2025-08-21 14:12:02	puhti	COMPLETED	34	0:0	mariaosm	mariaosm	NA	1	1	NA	10485760	5903	3-00:00:00	34	NA
1935	HOXA2_TBX4_TCGTGC40NACC_YWII_NTAATKAGGTGTNAN_1_3	NTAATKAGGTGTNAN	29348079_935	29348079	935	2025-08-21 14:12:02	puhti	COMPLETED	30	0:0	mariaosm	mariaosm	NA	1	1	NA	10485760	3274	3-00:00:00	30	NA
1936	HOXA4_CREM_TAGACT40NGTG_YLIII_ACGTCATTAA_1_3	ACGTCATTAA	29348079_936	29348079	936	2025-08-21 14:12:02	puhti	COMPLETED	19	0:0	mariaosm	mariaosm	NA	1	1	NA	10485760	3212	3-00:00:00	19	NA
1937	HOXA4_TBX20_TGCCCT40NTCG_YWIIII_NGTGTTAATGTGTN_2_3	NGTGTTAATGTGTN	29348079_937	29348079	937	2025-08-21 14:12:02	puhti	COMPLETED	18	0:0	mariaosm	mariaosm	NA	1	1	NA	10485760	3212	3-00:00:00	18	NA
1938	HOXA4_TBX21_TAGACT40NGTG_YYI_NAGGTGTTAATTRN_1_3	NAGGTGTTAATTRN	29348079_938	29348079	938	2025-08-21 14:12:02	puhti	COMPLETED	18	0:0	mariaosm	mariaosm	NA	1	1	NA	10485760	3272	3-00:00:00	18	NA
1939	HOXA4_TBX4_TAGACT40NGTG_YWII_NTAATKAGGTGNNRN_1_3	NTAATKAGGTGNNRN	29348079_939	29348079	939	2025-08-21 14:12:02	puhti	COMPLETED	140	0:0	mariaosm	mariaosm	NA	1	1	02:18.290	10485760	5854	3-00:00:00	140	NA
1940	HOXA6_ATF7_TCTGAT40NCTA_YJI_NTGACGTAATKRN_1_3	NTGACGTAATKRN	29348079_940	29348079	940	2025-08-21 14:12:02	puhti	COMPLETED	23	0:0	mariaosm	mariaosm	NA	1	1	NA	10485760	3268	3-00:00:00	23	NA
1941	HOXA6_FLI1_TCTGAT40NCTA_YYIII_NCCGGAAGTAATTAN_1_3	NCCGGAAGTAATTAN	29348079_941	29348079	941	2025-08-21 14:12:02	puhti	COMPLETED	28	0:0	mariaosm	mariaosm	NA	1	1	NA	10485760	3270	3-00:00:00	28	NA
1942	HOXA6_TBX20_TCTGAT40NCTA_YWIIII_NANGTGNTAATKRN_1_3	NANGTGNTAATKRN	29348079_942	29348079	942	2025-08-21 14:12:02	puhti	COMPLETED	147	0:0	mariaosm	mariaosm	NA	1	1	02:22.834	10485760	6028	3-00:00:00	147	NA
1943	HOXA6_TBX21_TGAAAT40NCAA_YYI_NAGGTGTTAATTAN_1_3	NAGGTGTTAATTAN	29348079_943	29348079	943	2025-08-21 14:12:02	puhti	COMPLETED	19	0:0	mariaosm	mariaosm	NA	1	1	NA	10485760	3204	3-00:00:00	19	NA
1944	HOXA6_TBX21_TGAAAT40NCAA_YYI_NTAATKAGGTGTNAWN_1_3	NTAATKAGGTGTNAWN	29348079_944	29348079	944	2025-08-21 14:12:02	puhti	COMPLETED	53	0:0	mariaosm	mariaosm	NA	1	1	NA	10485760	5865	3-00:00:00	53	NA
1945	HOXA6_TBX4_TGAAAT40NCAA_YWII_NAGGTGTTAATTRN_1_3	NAGGTGTTAATTRN	29348079_945	29348079	945	2025-08-21 14:12:02	puhti	COMPLETED	19	0:0	mariaosm	mariaosm	NA	1	1	NA	10485760	3208	3-00:00:00	19	NA
1946	HOXA6_TBX4_TGAAAT40NCAA_YWII_NTAATKAGGTGTNRN_1_3	NTAATKAGGTGTNRN	29348079_946	29348079	946	2025-08-21 14:12:02	puhti	COMPLETED	59	0:0	mariaosm	mariaosm	NA	1	1	NA	10485760	5883	3-00:00:00	59	NA
1947	HOXA9_FLI1_TACGAC40NGCTA_YYIII_NCCGGAAGTAATTAN_1_3	NCCGGAAGTAATTAN	29348079_947	29348079	947	2025-08-21 14:12:02	puhti	COMPLETED	16	0:0	mariaosm	mariaosm	NA	1	1	NA	10485760	3206	3-00:00:00	16	NA
1948	HOXA9_TEAD4_TACGAC40NGCTA_YJII_GAATGNNAATTA_1_3	GAATGNNAATTA	29348079_948	29348079	948	2025-08-21 14:12:02	puhti	COMPLETED	18	0:0	mariaosm	mariaosm	NA	1	1	NA	10485760	3268	3-00:00:00	18	NA
1949	HOXB13_ETV1_TCCCGC40NCGTA_YRIIII_NMGGAWRYMRTAAAN_1_3	NMGGAWRYMRTAAAN	29348079_949	29348079	949	2025-08-21 14:12:02	puhti	COMPLETED	184	0:0	mariaosm	mariaosm	NA	1	1	03:01.787	10485760	5785	3-00:00:00	184	NA
1950	HOXB13_ETV5_TCCCGC40NCGTA_YKII_NMGGAWGYMRTAAAN_1_3	NMGGAWGYMRTAAAN	29348079_950	29348079	950	2025-08-21 14:12:02	puhti	COMPLETED	79	0:0	mariaosm	mariaosm	NA	1	1	01:17.783	10485760	5810	3-00:00:00	79	NA
1951	HOXB13_FLI1_TCCCGC40NCGTA_YYIII_NCGGAWRTMRTAAAN_1_3	NCGGAWRTMRTAAAN	29348079_951	29348079	951	2025-08-21 14:12:02	puhti	COMPLETED	51	0:0	mariaosm	mariaosm	NA	1	1	NA	10485760	5849	3-00:00:00	51	NA
1952	HOXB13_MEF2C_TCCCGC40NCGTA_YAFIII_CYWWATTAGGAAAC_1_3	CYWWATTAGGAAAC	29348079_952	29348079	952	2025-08-21 14:12:02	puhti	COMPLETED	15	0:0	mariaosm	mariaosm	NA	1	1	NA	10485760	3212	3-00:00:00	15	NA
1953	HOXB13_ONECUT1_TGCGAT40NGAT_YJII_NNNRTAAAWATYGAYY_1_3	NNNRTAAAWATYGAYY	29348079_953	29348079	953	2025-08-21 14:12:02	puhti	COMPLETED	353	0:0	mariaosm	mariaosm	NA	1	1	05:33.596	10485760	6438	3-00:00:00	353	NA
1954	HOXB13_SOX11_TCCCGC40NCGTA_YUIII_NAACAATAAAAN_1_3	NAACAATAAAAN	29348079_954	29348079	954	2025-08-21 14:12:02	puhti	COMPLETED	18	0:0	mariaosm	mariaosm	NA	1	1	NA	10485760	3270	3-00:00:00	18	NA
1955	HOXB13_SOX11_TCCCGC40NCGTA_YUIII_NACAAWRNNYMRTAAAN_1_3	NACAAWRNNYMRTAAAN	29348079_955	29348079	955	2025-08-21 14:12:02	puhti	COMPLETED	1474	0:0	mariaosm	mariaosm	NA	1	1	24:17.761	10485760	5854	3-00:00:00	1474	NA
1956	HOXB13_TBX21_TGCGAT40NGAT_YYI_NTNACACCNNATAAAN_1_3	NTNACACCNNATAAAN	29348079_956	29348079	956	2025-08-21 14:12:02	puhti	COMPLETED	183	0:0	mariaosm	mariaosm	NA	1	1	02:54.299	10485760	6001	3-00:00:00	183	NA
1957	HOXB13_TBX4_TGCGAT40NGAT_YWII_NTTTAYGABGTGNNRN_1_3	NTTTAYGABGTGNNRN	29348079_957	29348079	957	2025-08-21 14:12:02	puhti	COMPLETED	476	0:0	mariaosm	mariaosm	NA	1	1	07:51.998	10485760	6041	3-00:00:00	476	NA
1958	HOXB13_TEAD4_TCCCGC40NCGTA_YJII_NRGWATKYNCGTAAAWN_1_3	NRGWATKYNCGTAAAWN	29348079_958	29348079	958	2025-08-21 14:12:02	puhti	COMPLETED	316	0:0	mariaosm	mariaosm	NA	1	1	05:01.003	10485760	6059	3-00:00:00	316	NA
1959	HOXB13_TGIF2LX_TGCGAT40NGAT_YVII_NYMRTAAANNTGTCAN_1_3	NYMRTAAANNTGTCAN	29348079_959	29348079	959	2025-08-21 14:12:02	puhti	COMPLETED	420	0:0	mariaosm	mariaosm	NA	1	1	06:55.356	10485760	6101	3-00:00:00	420	NA
1960	HOXB5_TBX20_TAAGGC40NTGA_YWIIII_NRNGTGTTAATGTGTNRN_2_3	NRNGTGTTAATGTGTNRN	29348079_960	29348079	960	2025-08-21 14:12:02	puhti	COMPLETED	195	0:0	mariaosm	mariaosm	NA	1	1	03:12.089	10485760	5789	3-00:00:00	195	NA
1961	HOXB5_TBX21_TAGCAC40NTTG_YYI_NAGGTGTTAATTRN_1_3	NAGGTGTTAATTRN	29348079_961	29348079	961	2025-08-21 14:12:02	puhti	COMPLETED	20	0:0	mariaosm	mariaosm	NA	1	1	NA	10485760	3210	3-00:00:00	20	NA
1962	HOXB5_TBX21_TAGCAC40NTTG_YYI_NAGGTGTTRATKRGGTGNNRN_2_3	NAGGTGTTRATKRGGTGNNRN	29348079_962	29348079	962	2025-08-21 14:12:02	puhti	COMPLETED	875	0:0	mariaosm	mariaosm	NA	1	1	14:27.058	10485760	5775	3-00:00:00	875	NA
1963	HOXB5_TBX21_TAGCAC40NTTG_YYI_NTAATKAGGTGTNRN_1_3	NTAATKAGGTGTNRN	29348079_963	29348079	963	2025-08-21 14:12:02	puhti	COMPLETED	50	0:0	mariaosm	mariaosm	NA	1	1	NA	10485760	5824	3-00:00:00	50	NA
1964	HOXB5_TBX4_TAGCAC40NTTG_YWII_NTAATKAGGTGNNRN_1_3	NTAATKAGGTGNNRN	29348079_964	29348079	964	2025-08-21 14:12:02	puhti	COMPLETED	191	0:0	mariaosm	mariaosm	NA	1	1	02:56.998	10485760	6010	3-00:00:00	191	NA
1965	HOXB7_FLI1_TCTTAA40NGCA_YYIII_NCCGGAAGTAATTAN_1_3	NCCGGAAGTAATTAN	29348079_965	29348079	965	2025-08-21 14:12:02	puhti	COMPLETED	18	0:0	mariaosm	mariaosm	NA	1	1	NA	10485760	3206	3-00:00:00	18	NA
1966	HOXB7_TBX20_TCTTAA40NGCA_YWIIII_NGGTGTTAATGTGTN_2_3	NGGTGTTAATGTGTN	29348079_966	29348079	966	2025-08-21 14:12:02	puhti	COMPLETED	36	0:0	mariaosm	mariaosm	NA	1	1	NA	10485760	6022	3-00:00:00	36	NA
1967	HOXB7_TBX21_TATTCT40NCTC_YYI_NTAATKAGGTGTNAN_1_3	NTAATKAGGTGTNAN	29348079_967	29348079	967	2025-08-21 14:12:02	puhti	COMPLETED	31	0:0	mariaosm	mariaosm	NA	1	1	NA	10485760	5824	3-00:00:00	31	NA
1968	HOXB7_TBX4_TATTCT40NCTC_YWII_NAGGTGTTAATKRN_1_3	NAGGTGTTAATKRN	29348079_968	29348079	968	2025-08-21 14:12:02	puhti	COMPLETED	27	0:0	mariaosm	mariaosm	NA	1	1	NA	10485760	3270	3-00:00:00	27	NA
1969	HOXB7_TBX4_TATTCT40NCTC_YWII_NTAATKAGGTGTNRN_1_3	NTAATKAGGTGTNRN	29348079_969	29348079	969	2025-08-21 14:12:02	puhti	COMPLETED	56	0:0	mariaosm	mariaosm	NA	1	1	NA	10485760	5921	3-00:00:00	56	NA
1970	HOXB7_TEAD4_TCTTAA40NGCA_YJII_NYAATTRNCATWCYN_1_3	NYAATTRNCATWCYN	29348079_970	29348079	970	2025-08-21 14:12:02	puhti	COMPLETED	145	0:0	mariaosm	mariaosm	NA	1	1	02:21.700	10485760	5933	3-00:00:00	145	NA
1971	HOXC10_ELF2_TGTATG40NCGG_YSIII_NMGGAAGYMRTWAAN_1_3	NMGGAAGYMRTWAAN	29348079_971	29348079	971	2025-08-21 14:12:02	puhti	COMPLETED	100	0:0	mariaosm	mariaosm	NA	1	1	01:37.894	10485760	5889	3-00:00:00	100	NA
1972	HOXC10_FLI1_TTGTTC40NTCTA_YYIII_NRMCGGAWRTMRTAAAN_1_3	NRMCGGAWRTMRTAAAN	29348079_972	29348079	972	2025-08-21 14:12:02	puhti	COMPLETED	152	0:0	mariaosm	mariaosm	NA	1	1	02:30.196	10485760	5981	3-00:00:00	152	NA
1973	HOXC10_GABPA_TGTATG40NCGG_YYIIII_NCGGAARYMRTAAAN_1_3	NCGGAARYMRTAAAN	29348079_973	29348079	973	2025-08-21 14:12:02	puhti	COMPLETED	49	0:0	mariaosm	mariaosm	NA	1	1	NA	10485760	5900	3-00:00:00	49	NA
1974	HOXC10_IRF7_TTGTTC40NTCTA_YAEIIII_NATAAANCGAAAN_1_3	NATAAANCGAAAN	29348079_974	29348079	974	2025-08-21 14:12:02	puhti	COMPLETED	25	0:0	mariaosm	mariaosm	NA	1	1	NA	10485760	3268	3-00:00:00	25	NA
1975	HOXC10_ONECUT1_TGTATG40NCGG_YJII_NYMRTAAAWATYGAYY_1_3	NYMRTAAAWATYGAYY	29348079_975	29348079	975	2025-08-21 14:12:02	puhti	COMPLETED	86	0:0	mariaosm	mariaosm	NA	1	1	01:24.440	10485760	5941	3-00:00:00	86	NA
1976	HOXC10_PAX5_TTGTTC40NTCTA_YXII_NYGTYACGSNYMATTAANYN_2_3	NYGTYACGSNYMATTAANYN	29348079_976	29348079	976	2025-08-21 14:12:02	puhti	COMPLETED	2890	0:0	mariaosm	mariaosm	NA	1	1	47:44.617	10485760	6378	3-00:00:00	2890	NA
1977	HOXC10_SOX11_TTGTTC40NTCTA_YUIII_NAACAATAAAAMN_1_3	NAACAATAAAAMN	29348079_977	29348079	977	2025-08-21 14:12:02	puhti	COMPLETED	20	0:0	mariaosm	mariaosm	NA	1	1	NA	10485760	3270	3-00:00:00	20	NA
1978	HOXC10_SOX11_TTGTTC40NTCTA_YUIII_NACAAWRNNYMRTAAAN_1_3	NACAAWRNNYMRTAAAN	29348079_978	29348079	978	2025-08-21 14:12:02	puhti	COMPLETED	1168	0:0	mariaosm	mariaosm	NA	1	1	19:21.024	10485760	5845	3-00:00:00	1168	NA
1979	HOXC10_TBX20_TTGTTC40NTCTA_YWIIII_NARGTGTTAATTGN_1_3	NARGTGTTAATTGN	29348079_979	29348079	979	2025-08-21 14:12:02	puhti	COMPLETED	16	0:0	mariaosm	mariaosm	NA	1	1	NA	10485760	3206	3-00:00:00	16	NA
1980	HOXC10_TBX21_TGTATG40NCGG_YYI_NAGGTGTNRTAAAWN_1_3	NAGGTGTNRTAAAWN	29348079_980	29348079	980	2025-08-21 14:12:02	puhti	COMPLETED	52	0:0	mariaosm	mariaosm	NA	1	1	NA	10485760	6023	3-00:00:00	52	NA
1981	HOXC10_TBX21_TGTATG40NCGG_YYI_NTTTAYKAGGTGTGAN_2_3	NTTTAYKAGGTGTGAN	29348079_981	29348079	981	2025-08-21 14:12:02	puhti	COMPLETED	25	0:0	mariaosm	mariaosm	NA	1	1	NA	10485760	3212	3-00:00:00	25	NA
1982	HOXC10_TBX21_TGTATG40NCGG_YYI_NYMRTAAAAGGTGTNAN_2_3	NYMRTAAAAGGTGTNAN	29348079_982	29348079	982	2025-08-21 14:12:02	puhti	COMPLETED	121	0:0	mariaosm	mariaosm	NA	1	1	01:42.445	10485760	5999	3-00:00:00	121	NA
1983	HOXC10_TBX4_TGTATG40NCGG_YWII_NCACCTMRTAAAN_1_3	NCACCTMRTAAAN	29348079_983	29348079	983	2025-08-21 14:12:02	puhti	COMPLETED	22	0:0	mariaosm	mariaosm	NA	1	1	NA	10485760	3272	3-00:00:00	22	NA
1984	HOXC10_TGIF2LX_TGTATG40NCGG_YVII_NYMRTAAANNYGTCAN_1_3	NYMRTAAANNYGTCAN	29348079_984	29348079	984	2025-08-21 14:12:02	puhti	COMPLETED	532	0:0	mariaosm	mariaosm	NA	1	1	08:48.013	10485760	5833	3-00:00:00	532	NA
1985	HOXC11_ETV1_TCTTGT40NGATC_YRIIII_NMGGAWGTCGTAAAN_1_3	NMGGAWGTCGTAAAN	29348079_985	29348079	985	2025-08-21 14:12:02	puhti	COMPLETED	26	0:0	mariaosm	mariaosm	NA	1	1	NA	10485760	3272	3-00:00:00	26	NA
1986	HOXC11_ETV4_TCTTGT40NGATC_YSIII_NCGGAWGTCGTAAAN_1_3	NCGGAWGTCGTAAAN	29348079_986	29348079	986	2025-08-21 14:12:02	puhti	COMPLETED	20	0:0	mariaosm	mariaosm	NA	1	1	NA	10485760	3268	3-00:00:00	20	NA
1987	HOXC11_FLI1_TCTTGT40NGATC_YYIII_NMCGGAAGTCGTAAAN_1_3	NMCGGAAGTCGTAAAN	29348079_987	29348079	987	2025-08-21 14:12:02	puhti	COMPLETED	21	0:0	mariaosm	mariaosm	NA	1	1	NA	10485760	3270	3-00:00:00	21	NA
1988	HOXC11_FLI1_TCTTGT40NGATC_YYIII_NRYTTCCGGWNRTCGTAAAN_2_3	NRYTTCCGGWNRTCGTAAAN	29348079_988	29348079	988	2025-08-21 14:12:02	puhti	COMPLETED	237	0:0	mariaosm	mariaosm	NA	1	1	03:49.241	10485760	6066	3-00:00:00	237	NA
1989	HOXC11_GABPA_TTTACA40NGCT_YYIIII_NCGGAARYMRTAAAN_1_3	NCGGAARYMRTAAAN	29348079_989	29348079	989	2025-08-21 14:12:02	puhti	COMPLETED	48	0:0	mariaosm	mariaosm	NA	1	1	NA	10485760	5892	3-00:00:00	48	NA
1990	HOXC11_IRF8_TCTTGT40NGATC_YQIIII_NYRAAANYKAAANNNNTTTTAYGAN_2_3	NYRAAANYKAAANNNNTTTTAYGAN	29348079_990	29348079	990	2025-08-21 14:12:02	puhti	CANCELLED	259229	0:0	mariaosm	mariaosm	NA	1	1	NA	10485760	6988	3-00:00:00	259233	3-00:00:29
1991	HOXC11_LMX1B_TTTACA40NGCT_YVIIII_NGTAATWAAAAN_1_3	NGTAATWAAAAN	29348079_991	29348079	991	2025-08-21 14:12:02	puhti	COMPLETED	17	0:0	mariaosm	mariaosm	NA	1	1	NA	10485760	3276	3-00:00:00	17	NA
1992	HOXC11_MEF2C_TTGGGC40NTTTC_YAFIII_CYWWATTAGGAAAC_1_3	CYWWATTAGGAAAC	29348079_992	29348079	992	2025-08-21 14:12:02	puhti	COMPLETED	16	0:0	mariaosm	mariaosm	NA	1	1	NA	10485760	3212	3-00:00:00	16	NA
1993	HOXC11_ONECUT1_TTTACA40NGCT_YJII_NATCGATNNNNNMRTAAAN_1_3	NATCGATNNNNNMRTAAAN	29348079_993	29348079	993	2025-08-21 14:12:02	puhti	COMPLETED	23582	0:0	mariaosm	mariaosm	NA	1	1	06:30:01	10485760	5793	3-00:00:00	23582	06:33:00
1994	HOXC11_PAX2_TTGGGC40NTTTC_YZII_GTCACGSNYMATTAANYN_2_3	GTCACGSNYMATTAANYN	29348079_994	29348079	994	2025-08-21 14:12:02	puhti	COMPLETED	196	0:0	mariaosm	mariaosm	NA	1	1	02:55.014	10485760	5993	3-00:00:00	196	NA
1995	HOXC11_PAX5_TTGGGC40NTTTC_YXII_NYGTYACGSNYMATTAANYN_2_3	NYGTYACGSNYMATTAANYN	29348079_995	29348079	995	2025-08-21 14:12:02	puhti	COMPLETED	3430	0:0	mariaosm	mariaosm	NA	1	1	56:47.696	10485760	5811	3-00:00:00	3430	NA
1996	HOXC11_RUNX2_TCTTGT40NGATC_YII_NMRTAAAACCGCAN_1_3	NMRTAAAACCGCAN	29348079_996	29348079	996	2025-08-21 14:12:02	puhti	COMPLETED	25	0:0	mariaosm	mariaosm	NA	1	1	NA	10485760	3206	3-00:00:00	25	NA
1997	HOXC11_SOX11_TCTTGT40NGATC_YUIII_NAACAATAAAAMN_1_3	NAACAATAAAAMN	29348079_997	29348079	997	2025-08-21 14:12:02	puhti	COMPLETED	19	0:0	mariaosm	mariaosm	NA	1	1	NA	10485760	3212	3-00:00:00	19	NA
1998	HOXC11_SOX11_TCTTGT40NGATC_YUIII_NACAAWRNNYMRTAAAN_1_3	NACAAWRNNYMRTAAAN	29348079_998	29348079	998	2025-08-21 14:12:02	puhti	COMPLETED	1175	0:0	mariaosm	mariaosm	NA	1	1	19:26.286	10485760	5842	3-00:00:00	1175	NA
1999	HOXC11_TBX20_TCTTGT40NGATC_YWIIII_NANGTGTTTACGAYN_1_3	NANGTGTTTACGAYN	29348079_999	29348079	999	2025-08-21 14:12:02	puhti	COMPLETED	34	0:0	mariaosm	mariaosm	NA	1	1	NA	10485760	5878	3-00:00:00	34	NA
2000	HOXC11_TBX20_TCTTGT40NGATC_YWIIII_NARGTGTTAATTGN_1_3	NARGTGTTAATTGN	29348079_1000	29348079	1000	2025-08-21 14:12:02	puhti	COMPLETED	74	0:0	mariaosm	mariaosm	NA	1	1	NA	10485760	812439	3-00:00:00	74	NA
2001	HOXC11_TBX20_TCTTGT40NGATC_YWIIII_NTTTAYKANGTGTNRN_1_3	NTTTAYKANGTGTNRN	29355999_1	29355999	1	2025-08-22 09:40:18	puhti	COMPLETED	285	0:0	mariaosm	mariaosm	NA	1	1	04:26.856	10485760	6094	3-00:00:00	285	NA
2002	HOXC11_TBX20_TCTTGT40NGATC_YWIIII_NYNRTAAAANGTGTNRN_1_3	NYNRTAAAANGTGTNRN	29355999_2	29355999	2	2025-08-22 09:40:18	puhti	COMPLETED	1183	0:0	mariaosm	mariaosm	NA	1	1	19:03.630	10485760	6127	3-00:00:00	1183	NA
2003	HOXC11_TBX21_TTTACA40NGCT_YYI_NAGGTGTNANGTCGTAAAN_2_3	NAGGTGTNANGTCGTAAAN	29355999_3	29355999	3	2025-08-22 09:40:18	puhti	COMPLETED	72	0:0	mariaosm	mariaosm	NA	1	1	NA	10485760	6024	3-00:00:00	72	NA
2004	HOXC11_TBX21_TTTACA40NGCT_YYI_NAGGTGTNRTAAAWN_1_3	NAGGTGTNRTAAAWN	29355999_4	29355999	4	2025-08-22 09:40:18	puhti	COMPLETED	61	0:0	mariaosm	mariaosm	NA	1	1	NA	10485760	5960	3-00:00:00	61	NA
2005	HOXC11_TBX21_TTTACA40NGCT_YYI_NTTTAYKAGGTGTGAN_1_3	NTTTAYKAGGTGTGAN	29355999_5	29355999	5	2025-08-22 09:40:18	puhti	COMPLETED	23	0:0	mariaosm	mariaosm	NA	1	1	NA	10485760	3272	3-00:00:00	23	NA
2006	HOXC11_TBX4_TTTACA40NGCT_YWII_NRGGTGYNRTAAAN_1_3	NRGGTGYNRTAAAN	29355999_6	29355999	6	2025-08-22 09:40:18	puhti	COMPLETED	70	0:0	mariaosm	mariaosm	NA	1	1	01:07.890	10485760	6184	3-00:00:00	70	NA
2007	HOXC11_TBX4_TTTACA40NGCT_YWII_NTTTAYGABGTGNNRN_1_3	NTTTAYGABGTGNNRN	29355999_7	29355999	7	2025-08-22 09:40:18	puhti	COMPLETED	382	0:0	mariaosm	mariaosm	NA	1	1	06:18.543	10485760	6775	3-00:00:00	382	NA
2008	HOXD10_ETV1_TAGCTG40NCTA_YRIIII_NMGGAAGYMRTAAAN_1_3	NMGGAAGYMRTAAAN	29355999_8	29355999	8	2025-08-22 09:40:18	puhti	COMPLETED	45	0:0	mariaosm	mariaosm	NA	1	1	NA	10485760	6176	3-00:00:00	45	NA
2009	HOXD10_ETV4_TAGCTG40NCTA_YSIII_NCGGAWGYMRTAAAN_1_3	NCGGAWGYMRTAAAN	29355999_9	29355999	9	2025-08-22 09:40:18	puhti	COMPLETED	68	0:0	mariaosm	mariaosm	NA	1	1	NA	10485760	5798	3-00:00:00	68	NA
2010	HOXD10_FLI1_TAGCTG40NCTA_YYIII_NCGGAARYMRTAAAN_1_3	NCGGAARYMRTAAAN	29355999_10	29355999	10	2025-08-22 09:40:18	puhti	COMPLETED	64	0:0	mariaosm	mariaosm	NA	1	1	NA	10485760	5802	3-00:00:00	64	NA
2011	HOXD10_GABPA_TCTACT40NACA_YYIIII_NCGGAARYMRTAAAN_1_3	NCGGAARYMRTAAAN	29355999_11	29355999	11	2025-08-22 09:40:18	puhti	COMPLETED	64	0:0	mariaosm	mariaosm	NA	1	1	NA	10485760	5770	3-00:00:00	64	NA
2012	HOXD10_LMX1B_TCTACT40NACA_YVIIII_NGTAATWAAAAN_1_3	NGTAATWAAAAN	29355999_12	29355999	12	2025-08-22 09:40:18	puhti	COMPLETED	30	0:0	mariaosm	mariaosm	NA	1	1	NA	10485760	3272	3-00:00:00	30	NA
2013	HOXD10_ONECUT1_TCTACT40NACA_YJII_NATCGATNNNNYAATAAAN_2_3	NATCGATNNNNYAATAAAN	29355999_13	29355999	13	2025-08-22 09:40:18	puhti	COMPLETED	1638	0:0	mariaosm	mariaosm	NA	1	1	26:55.937	10485760	5804	3-00:00:00	1638	NA
2014	HOXD10_PAX2_TAGCTG40NCTA_YZII_NGTCACGSNYNATTAANYN_1_3	NGTCACGSNYNATTAANYN	29355999_14	29355999	14	2025-08-22 09:40:18	puhti	COMPLETED	1627	0:0	mariaosm	mariaosm	NA	1	1	26:41.744	10485760	5793	3-00:00:00	1627	NA
2015	HOXD10_RUNX2_TAGCTG40NCTA_YII_NACCGCAATAAAN_1_3	NACCGCAATAAAN	29355999_15	29355999	15	2025-08-22 09:40:18	puhti	COMPLETED	29	0:0	mariaosm	mariaosm	NA	1	1	NA	10485760	3274	3-00:00:00	29	NA
2016	HOXD10_TBX20_TAGCTG40NCTA_YWIIII_NRNGTGTTAACGAN_1_3	NRNGTGTTAACGAN	29355999_16	29355999	16	2025-08-22 09:40:18	puhti	COMPLETED	45	0:0	mariaosm	mariaosm	NA	1	1	NA	10485760	5747	3-00:00:00	45	NA
2017	HOXD10_TBX20_TAGCTG40NCTA_YWIIII_NTTTAYKANGTGTNRN_1_3	NTTTAYKANGTGTNRN	29355999_17	29355999	17	2025-08-22 09:40:18	puhti	COMPLETED	345	0:0	mariaosm	mariaosm	NA	1	1	05:32.256	10485760	5804	3-00:00:00	345	NA
2018	HOXD10_TBX20_TAGCTG40NCTA_YWIIII_NYMRTAAAANAGGTGTNRN_2_3	NYMRTAAAANAGGTGTNRN	29355999_18	29355999	18	2025-08-22 09:40:18	puhti	COMPLETED	825	0:0	mariaosm	mariaosm	NA	1	1	13:27.635	10485760	5779	3-00:00:00	825	NA
2019	HOXD10_TBX21_TCTACT40NACA_YYI_NAGGTGYMATAAAWN_1_3	NAGGTGYMATAAAWN	29355999_19	29355999	19	2025-08-22 09:40:18	puhti	COMPLETED	46	0:0	mariaosm	mariaosm	NA	1	1	NA	10485760	5745	3-00:00:00	46	NA
2020	HOXD10_TBX21_TCTACT40NACA_YYI_NTTTAYKAGGTGTGAWN_2_3	NTTTAYKAGGTGTGAWN	29355999_20	29355999	20	2025-08-22 09:40:18	puhti	COMPLETED	49	0:0	mariaosm	mariaosm	NA	1	1	NA	10485760	5728	3-00:00:00	49	NA
2021	HOXD10_TBX21_TCTACT40NACA_YYI_NYMRTAAAAANAGGTGTNAN_2_3	NYMRTAAAAANAGGTGTNAN	29355999_21	29355999	21	2025-08-22 09:40:18	puhti	COMPLETED	457	0:0	mariaosm	mariaosm	NA	1	1	07:23.636	10485760	5775	3-00:00:00	457	NA
2022	HOXD10_TBX4_TCTACT40NACA_YWII_NAGGTGTMRTAAAWN_1_3	NAGGTGTMRTAAAWN	29355999_22	29355999	22	2025-08-22 09:40:18	puhti	COMPLETED	46	0:0	mariaosm	mariaosm	NA	1	1	NA	10485760	5745	3-00:00:00	46	NA
2023	HOXD10_TBX4_TCTACT40NACA_YWII_NWTTTAYKAGGTGTNRN_1_3	NWTTTAYKAGGTGTNRN	29355999_23	29355999	23	2025-08-22 09:40:18	puhti	COMPLETED	197	0:0	mariaosm	mariaosm	NA	1	1	03:05.639	10485760	5782	3-00:00:00	197	NA
2024	HOXD10_TBX4_TCTACT40NACA_YWII_NYMRTAAAANAGGTGNNRN_1_3	NYMRTAAAANAGGTGNNRN	29355999_24	29355999	24	2025-08-22 09:40:18	puhti	COMPLETED	3180	0:0	mariaosm	mariaosm	NA	1	1	52:26.438	10485760	5824	3-00:00:00	3180	NA
2025	HOXD10_TBX6_TCTACT40NACA_YAAII_NRGGTGTMRTAAAN_1_3	NRGGTGTMRTAAAN	29355999_25	29355999	25	2025-08-22 09:40:18	puhti	COMPLETED	44	0:0	mariaosm	mariaosm	NA	1	1	NA	10485760	5739	3-00:00:00	44	NA
2026	HOXD10_TBX6_TCTACT40NACA_YAAII_NYMRTAAAANAGGTGTNA_1_3	NYMRTAAAANAGGTGTNA	29355999_26	29355999	26	2025-08-22 09:40:18	puhti	COMPLETED	107	0:0	mariaosm	mariaosm	NA	1	1	01:35.428	10485760	5961	3-00:00:00	107	NA
2027	HOXD10_TGIF2LX_TCTACT40NACA_YVII_NTGTCATAAAAN_1_3	NTGTCATAAAAN	29355999_27	29355999	27	2025-08-22 09:40:18	puhti	COMPLETED	27	0:0	mariaosm	mariaosm	NA	1	1	NA	10485760	3270	3-00:00:00	27	NA
2028	HOXD12_ELK3_TCACTG40NACC_YAFI_NRCCGGAAGTMRTAAAN_2_3	NRCCGGAAGTMRTAAAN	29355999_28	29355999	28	2025-08-22 09:40:18	puhti	COMPLETED	44	0:0	mariaosm	mariaosm	NA	1	1	NA	10485760	5960	3-00:00:00	44	NA
2029	HOXD12_ETV1_TCGGAC40NCCA_YRIIII_NCGGAWGYMRTAAAN_1_3	NCGGAWGYMRTAAAN	29355999_29	29355999	29	2025-08-22 09:40:18	puhti	COMPLETED	58	0:0	mariaosm	mariaosm	NA	1	1	NA	10485760	5970	3-00:00:00	58	NA
2030	HOXD12_ETV5_TCGGAC40NCCA_YKII_NCGGAWGTMRTWAAN_1_3	NCGGAWGTMRTWAAN	29355999_30	29355999	30	2025-08-22 09:40:18	puhti	COMPLETED	58	0:0	mariaosm	mariaosm	NA	1	1	NA	10485760	5981	3-00:00:00	58	NA
2031	HOXD12_GABPA_TCACTG40NACC_YYIIII_NCGGAARYMRTAAAN_1_3	NCGGAARYMRTAAAN	29355999_31	29355999	31	2025-08-22 09:40:18	puhti	COMPLETED	58	0:0	mariaosm	mariaosm	NA	1	1	NA	10485760	5970	3-00:00:00	58	NA
2032	HOXD12_IRF7_TCGGAC40NCCA_YAEIIII_NATAAANCGAAAN_1_3	NATAAANCGAAAN	29355999_32	29355999	32	2025-08-22 09:40:18	puhti	COMPLETED	32	0:0	mariaosm	mariaosm	NA	1	1	NA	10485760	3270	3-00:00:00	32	NA
2033	HOXD12_LMX1B_TCACTG40NACC_YVIIII_NGTAATWAAAAN_1_3	NGTAATWAAAAN	29355999_33	29355999	33	2025-08-22 09:40:18	puhti	COMPLETED	29	0:0	mariaosm	mariaosm	NA	1	1	NA	10485760	3268	3-00:00:00	29	NA
2034	HOXD12_SOX11_TCGGAC40NCCA_YUIII_NAACAATAAAAMN_1_3	NAACAATAAAAMN	29355999_34	29355999	34	2025-08-22 09:40:18	puhti	COMPLETED	29	0:0	mariaosm	mariaosm	NA	1	1	NA	10485760	3270	3-00:00:00	29	NA
2035	HOXD12_TEAD3_TCGGAC40NCCA_YZI_NYMRTAAATTCC_1_3	NYMRTAAATTCC	29355999_35	29355999	35	2025-08-22 09:40:18	puhti	COMPLETED	29	0:0	mariaosm	mariaosm	NA	1	1	NA	10485760	3270	3-00:00:00	29	NA
2036	HOXD12_TEAD4_TCGGAC40NCCA_YJII_GYCRTAAATWCCN_1_3	GYCRTAAATWCCN	29355999_36	29355999	36	2025-08-22 09:40:18	puhti	COMPLETED	29	0:0	mariaosm	mariaosm	NA	1	1	NA	10485760	3202	3-00:00:00	29	NA
2037	HOXD12_TGIF2LX_TCACTG40NACC_YVII_NTGTCATAAAAN_1_3	NTGTCATAAAAN	29355999_37	29355999	37	2025-08-22 09:40:18	puhti	COMPLETED	27	0:0	mariaosm	mariaosm	NA	1	1	NA	10485760	3208	3-00:00:00	27	NA
2038	HOXD12_TGIF2LX_TCACTG40NACC_YVII_NYMRTAAATGTCAN_1_3	NYMRTAAATGTCAN	29355999_38	29355999	38	2025-08-22 09:40:18	puhti	COMPLETED	44	0:0	mariaosm	mariaosm	NA	1	1	NA	10485760	5777	3-00:00:00	44	NA
2039	HOXD13_MEIS3_TTTAAA40NTAT_YRIIII_NATAAATGTCAN_1_3	NATAAATGTCAN	29355999_39	29355999	39	2025-08-22 09:40:18	puhti	COMPLETED	28	0:0	mariaosm	mariaosm	NA	1	1	NA	10485760	3204	3-00:00:00	29	NA
2040	HOXD13_ONECUT1_TTTAAA40NTAT_YJII_NYAATAAANATCGATN_2_3	NYAATAAANATCGATN	29355999_40	29355999	40	2025-08-22 09:40:18	puhti	COMPLETED	45	0:0	mariaosm	mariaosm	NA	1	1	NA	10485760	5793	3-00:00:00	45	NA
2041	HOXD13_TBX21_TTTAAA40NTAT_YYI_NTTTAYKAGGTGTNAN_1_3	NTTTAYKAGGTGTNAN	29355999_41	29355999	41	2025-08-22 09:40:18	puhti	COMPLETED	62	0:0	mariaosm	mariaosm	NA	1	1	NA	10485760	5786	3-00:00:00	62	NA
2042	HOXD13_TBX4_TTTAAA40NTAT_YWII_NTTTAYGAGGTGNNRN_1_3	NTTTAYGAGGTGNNRN	29355999_42	29355999	42	2025-08-22 09:40:18	puhti	COMPLETED	171	0:0	mariaosm	mariaosm	NA	1	1	02:40.211	10485760	6042	3-00:00:00	171	NA
2043	HOXD13_TBX6_TTTAAA40NTAT_YAAII_NYMRTAAAANAGGTGTNRN_2_3	NYMRTAAAANAGGTGTNRN	29355999_43	29355999	43	2025-08-22 09:40:18	puhti	COMPLETED	879	0:0	mariaosm	mariaosm	NA	1	1	14:23.528	10485760	6079	3-00:00:00	879	NA
2044	HOXD13_TEAD4_TACAGC40NCTT_YJII_NCCAATAAANNNCATTCCN_2_3	NCCAATAAANNNCATTCCN	29355999_44	29355999	44	2025-08-22 09:40:18	puhti	COMPLETED	213	0:0	mariaosm	mariaosm	NA	1	1	03:21.569	10485760	6079	3-00:00:00	213	NA
2045	HOXD13_TEAD4_TACAGC40NCTT_YJII_NGGAATKCTCGTAAAN_2_3	NGGAATKCTCGTAAAN	29355999_45	29355999	45	2025-08-22 09:40:18	puhti	COMPLETED	31	0:0	mariaosm	mariaosm	NA	1	1	NA	10485760	3272	3-00:00:00	31	NA
2046	HOXD1_FLI1_TGCAAA40NGTCA_YYIII_NCCGGAAGTAATTAN_1_3	NCCGGAAGTAATTAN	29355999_46	29355999	46	2025-08-22 09:40:18	puhti	COMPLETED	29	0:0	mariaosm	mariaosm	NA	1	1	NA	10485760	3272	3-00:00:00	29	NA
2047	HOXD1_TBX21_TCCCTA40NGAA_YYI_NTAATKAGGTGTNAN_1_3	NTAATKAGGTGTNAN	29355999_47	29355999	47	2025-08-22 09:40:18	puhti	COMPLETED	44	0:0	mariaosm	mariaosm	NA	1	1	NA	10485760	5784	3-00:00:00	44	NA
2048	HOXD1_TBX4_TCCCTA40NGAA_YWII_NTRATKAGGTGTNRN_1_3	NTRATKAGGTGTNRN	29355999_48	29355999	48	2025-08-22 09:40:18	puhti	COMPLETED	91	0:0	mariaosm	mariaosm	NA	1	1	01:20.147	10485760	6062	3-00:00:00	91	NA
2049	HOXD3_CREM_TGTAAG40NACT_YLIII_NKACGTCATTAN_1_3	NKACGTCATTAN	29355999_49	29355999	49	2025-08-22 09:40:18	puhti	COMPLETED	30	0:0	mariaosm	mariaosm	NA	1	1	NA	10485760	3266	3-00:00:00	30	NA
2050	HOXD3_GABPA_TGTAAG40NACT_YYIIII_NCCGGAWRYAATTAN_1_3	NCCGGAWRYAATTAN	29355999_50	29355999	50	2025-08-22 09:40:18	puhti	COMPLETED	44	0:0	mariaosm	mariaosm	NA	1	1	NA	10485760	5799	3-00:00:00	44	NA
2051	HOXD3_SOX11_TAAAGT40NTTCG_YUIII_NYAATTAACAAWGN_1_3	NYAATTAACAAWGN	29355999_51	29355999	51	2025-08-22 09:40:18	puhti	COMPLETED	36	0:0	mariaosm	mariaosm	NA	1	1	NA	10485760	5807	3-00:00:00	36	NA
2052	HOXD3_TBX20_TAAAGT40NTTCG_YWIIII_NRGTGTTAATTRN_1_3	NRGTGTTAATTRN	29355999_52	29355999	52	2025-08-22 09:40:18	puhti	COMPLETED	34	0:0	mariaosm	mariaosm	NA	1	1	NA	10485760	3270	3-00:00:00	34	NA
2053	HOXD3_TBX21_TGTAAG40NACT_YYI_NAGGTGTTAATTRN_1_3	NAGGTGTTAATTRN	29355999_53	29355999	53	2025-08-22 09:40:18	puhti	COMPLETED	31	0:0	mariaosm	mariaosm	NA	1	1	NA	10485760	3272	3-00:00:00	31	NA
2054	HOXD3_TBX4_TGTAAG40NACT_YWII_NAGGTGTTAATKRN_1_3	NAGGTGTTAATKRN	29355999_54	29355999	54	2025-08-22 09:40:18	puhti	COMPLETED	36	0:0	mariaosm	mariaosm	NA	1	1	NA	10485760	3206	3-00:00:00	36	NA
2055	HOXD3_TBX4_TGTAAG40NACT_YWII_NAGGTGTTRATKRGGTGNNRN_2_3	NAGGTGTTRATKRGGTGNNRN	29355999_55	29355999	55	2025-08-22 09:40:18	puhti	COMPLETED	992	0:0	mariaosm	mariaosm	NA	1	1	16:15.902	10485760	6064	3-00:00:00	992	NA
2056	HOXD3_TBX4_TGTAAG40NACT_YWII_NTAATKAGGTGTNRN_1_3	NTAATKAGGTGTNRN	29355999_56	29355999	56	2025-08-22 09:40:18	puhti	COMPLETED	64	0:0	mariaosm	mariaosm	NA	1	1	NA	10485760	5850	3-00:00:00	64	NA
2057	HOXD4_CREM_TTCTGG40NTGC_YLIII_NKACGTCATTAN_1_3	NKACGTCATTAN	29355999_57	29355999	57	2025-08-22 09:40:18	puhti	COMPLETED	30	0:0	mariaosm	mariaosm	NA	1	1	NA	10485760	3272	3-00:00:00	30	NA
2058	HOXD4_GABPA_TTCTGG40NTGC_YYIIII_NCCGGAYAATTAN_1_3	NCCGGAYAATTAN	29355999_58	29355999	58	2025-08-22 09:40:18	puhti	COMPLETED	30	0:0	mariaosm	mariaosm	NA	1	1	NA	10485760	3272	3-00:00:00	30	NA
2059	HOXD4_TBX20_TAGGTT40NAAG_YWIIII_NGGTGTTAATGTGTN_2_3	NGGTGTTAATGTGTN	29355999_59	29355999	59	2025-08-22 09:40:18	puhti	COMPLETED	29	0:0	mariaosm	mariaosm	NA	1	1	NA	10485760	3270	3-00:00:00	29	NA
2060	HOXD4_TBX21_TTCTGG40NTGC_YYI_NTAATKAGGTGTNAN_1_3	NTAATKAGGTGTNAN	29355999_60	29355999	60	2025-08-22 09:40:18	puhti	COMPLETED	46	0:0	mariaosm	mariaosm	NA	1	1	NA	10485760	5769	3-00:00:00	46	NA
2061	HOXD4_TBX4_TTCTGG40NTGC_YWII_NAGGTGTTRATKAGGTGNKRN_2_3	NAGGTGTTRATKAGGTGNKRN	29355999_61	29355999	61	2025-08-22 09:40:18	puhti	COMPLETED	259	0:0	mariaosm	mariaosm	NA	1	1	04:07.154	10485760	5862	3-00:00:00	260	NA
2062	HOXD4_TBX4_TTCTGG40NTGC_YWII_NAGGTGWKTMATTAN_1_3	NAGGTGWKTMATTAN	29355999_62	29355999	62	2025-08-22 09:40:18	puhti	COMPLETED	46	0:0	mariaosm	mariaosm	NA	1	1	NA	10485760	5768	3-00:00:00	46	NA
2063	HOXD4_TBX4_TTCTGG40NTGC_YWII_NAGGTGWTAATKRN_1_3	NAGGTGWTAATKRN	29355999_63	29355999	63	2025-08-22 09:40:18	puhti	COMPLETED	45	0:0	mariaosm	mariaosm	NA	1	1	NA	10485760	5780	3-00:00:00	45	NA
2064	HOXD4_TBX4_TTCTGG40NTGC_YWII_NTAATKAGGTGNNRN_1_3	NTAATKAGGTGNNRN	29355999_64	29355999	64	2025-08-22 09:40:18	puhti	COMPLETED	184	0:0	mariaosm	mariaosm	NA	1	1	02:51.902	10485760	5861	3-00:00:00	184	NA
2065	HOXD9_FLI1_TACTAA40NTGTT_YYIII_NRMCGGAARYMRTAAAN_1_3	NRMCGGAARYMRTAAAN	29355999_65	29355999	65	2025-08-22 09:40:18	puhti	COMPLETED	203	0:0	mariaosm	mariaosm	NA	1	1	03:10.749	10485760	5862	3-00:00:00	203	NA
2066	HOXD9_ONECUT1_TAGGCT40NACC_YJII_NYNRTAAANATCGATYN_1_3	NYNRTAAANATCGATYN	29355999_66	29355999	66	2025-08-22 09:40:18	puhti	COMPLETED	390	0:0	mariaosm	mariaosm	NA	1	1	06:15.971	10485760	5844	3-00:00:00	390	NA
2067	HOXD9_SOX11_TACTAA40NTGTT_YUIII_NAACAATAAAAMN_1_3	NAACAATAAAAMN	29355999_67	29355999	67	2025-08-22 09:40:18	puhti	COMPLETED	30	0:0	mariaosm	mariaosm	NA	1	1	NA	10485760	3202	3-00:00:00	30	NA
2068	HOXD9_SOX11_TACTAA40NTGTT_YUIII_NACAAWRNNYMRTAAAN_1_3	NACAAWRNNYMRTAAAN	29355999_68	29355999	68	2025-08-22 09:40:18	puhti	COMPLETED	1421	0:0	mariaosm	mariaosm	NA	1	1	23:21.136	10485760	5859	3-00:00:00	1421	NA
2069	HOXD9_TBX20_TACTAA40NTGTT_YWIIII_NAGGTGTTAATKN_1_3	NAGGTGTTAATKN	29355999_69	29355999	69	2025-08-22 09:40:18	puhti	COMPLETED	30	0:0	mariaosm	mariaosm	NA	1	1	NA	10485760	3270	3-00:00:00	30	NA
2070	HOXD9_TBX21_TAGGCT40NACC_YYI_NAGGTGTNAWTTTAYKN_1_3	NAGGTGTNAWTTTAYKN	29355999_70	29355999	70	2025-08-22 09:40:18	puhti	COMPLETED	119	0:0	mariaosm	mariaosm	NA	1	1	01:48.049	10485760	5886	3-00:00:00	119	NA
2071	HOXD9_TBX21_TAGGCT40NACC_YYI_NTTTAYKAGGTGTGAN_1_3	NTTTAYKAGGTGTGAN	29355999_71	29355999	71	2025-08-22 09:40:18	puhti	COMPLETED	38	0:0	mariaosm	mariaosm	NA	1	1	NA	10485760	5783	3-00:00:00	38	NA
2072	HOXD9_TBX4_TAGGCT40NACC_YWII_NRGGTGYNRTAAAN_1_3	NRGGTGYNRTAAAN	29355999_72	29355999	72	2025-08-22 09:40:18	puhti	COMPLETED	87	0:0	mariaosm	mariaosm	NA	1	1	01:15.756	10485760	5948	3-00:00:00	87	NA
2073	HOXD9_TBX4_TAGGCT40NACC_YWII_NTTTAYKAGGTGNNRN_1_3	NTTTAYKAGGTGNNRN	29355999_73	29355999	73	2025-08-22 09:40:18	puhti	COMPLETED	341	0:0	mariaosm	mariaosm	NA	1	1	05:28.852	10485760	5981	3-00:00:00	341	NA
2074	HSF5_FOXA1_TTCGCT40NCTT_YWII_NCGTTCTAWRYAAACAN_2_3	NCGTTCTAWRYAAACAN	29355999_74	29355999	74	2025-08-22 09:40:18	puhti	COMPLETED	46	0:0	mariaosm	mariaosm	NA	1	1	NA	10485760	5784	3-00:00:00	46	NA
2075	IRF8_FLI1_TACGGT40NTAC_YYIII_NYGAAACCGGAAGYN_1_3	NYGAAACCGGAAGYN	29355999_75	29355999	75	2025-08-22 09:40:18	puhti	COMPLETED	36	0:0	mariaosm	mariaosm	NA	1	1	NA	10485760	5796	3-00:00:00	36	NA
2076	IRF8_FOXD3_TCGTAA40NCGG_YWIIII_NYGAAASNNNNNTGTTTRYN_1_3	NYGAAASNNNNNTGTTTRYN	29355999_76	29355999	76	2025-08-22 09:40:18	puhti	COMPLETED	160934	0:0	mariaosm	mariaosm	NA	1	1	1-20:21:58	10485760	5985	3-00:00:00	160934	1-20:42:14
2077	IRF8_GABPA_TCGTAA40NCGG_YYIIII_NACCGGANNCGAAACN_1_3	NACCGGANNCGAAACN	29355999_77	29355999	77	2025-08-22 09:40:18	puhti	COMPLETED	63	0:0	mariaosm	mariaosm	NA	1	1	NA	10485760	5986	3-00:00:00	63	NA
2078	IRF8_HOXB5_TCGTAA40NCGG_YVIII_NYGAAACTAATTAN_1_3	NYGAAACTAATTAN	29355999_78	29355999	78	2025-08-22 09:40:18	puhti	COMPLETED	30	0:0	mariaosm	mariaosm	NA	1	1	NA	10485760	3272	3-00:00:00	30	NA
2079	IRF8_TBX21_TCGTAA40NCGG_YYI_NAGGTGTTASTTTCRN_2_3	NAGGTGTTASTTTCRN	29355999_79	29355999	79	2025-08-22 09:40:18	puhti	COMPLETED	36	0:0	mariaosm	mariaosm	NA	1	1	NA	10485760	5777	3-00:00:00	36	NA
2080	IRF8_TBX4_TCGTAA40NCGG_YWII_NYGAAASTANCACCTN_1_3	NYGAAASTANCACCTN	29355999_80	29355999	80	2025-08-22 09:40:18	puhti	COMPLETED	61	0:0	mariaosm	mariaosm	NA	1	1	NA	10485760	5793	3-00:00:00	61	NA
2081	IRX1_TBX20_TATATG40NCTA_YWIIII_NGTGTNAACATN_1_3	NGTGTNAACATN	29355999_81	29355999	81	2025-08-22 09:40:18	puhti	COMPLETED	32	0:0	mariaosm	mariaosm	NA	1	1	NA	10485760	3274	3-00:00:00	32	NA
2082	IRX5_HOXA2_TACGAA40NAGA_YJI_TACRCTAATTA_1_3	TACRCTAATTA	29355999_82	29355999	82	2025-08-22 09:40:18	puhti	COMPLETED	25	0:0	mariaosm	mariaosm	NA	1	1	NA	10485760	3270	3-00:00:00	25	NA
2083	IRX5_TBX20_TTGGCG40NGGGA_YWIIII_TACAAGGTGTNR_1_3	TACAAGGTGTNR	29355999_83	29355999	83	2025-08-22 09:40:18	puhti	COMPLETED	26	0:0	mariaosm	mariaosm	NA	1	1	NA	10485760	3272	3-00:00:00	26	NA
2084	ISL1_FLI1_TTCTAA40NCACA_YYIII_NCCGGAAGTAATTAN_1_3	NCCGGAAGTAATTAN	29355999_84	29355999	84	2025-08-22 09:40:18	puhti	COMPLETED	28	0:0	mariaosm	mariaosm	NA	1	1	NA	10485760	3272	3-00:00:00	28	NA
2085	JDP2_SOX11_TGCTTT40NAGA_YUIII_NACAATGACGTMAN_1_3	NACAATGACGTMAN	29355999_85	29355999	85	2025-08-22 09:40:18	puhti	COMPLETED	29	0:0	mariaosm	mariaosm	NA	1	1	NA	10485760	3274	3-00:00:00	29	NA
2086	JDP2_SOX11_TGCTTT40NAGA_YUIII_NTKACGTMACAATRN_1_3	NTKACGTMACAATRN	29355999_86	29355999	86	2025-08-22 09:40:18	puhti	COMPLETED	43	0:0	mariaosm	mariaosm	NA	1	1	NA	10485760	5792	3-00:00:00	43	NA
2087	JDP2_TBX4_TAGATT40NACA_YWII_NAGGTGACGTGTYRN_1_3	NAGGTGACGTGTYRN	29355999_87	29355999	87	2025-08-22 09:40:18	puhti	COMPLETED	35	0:0	mariaosm	mariaosm	NA	1	1	NA	10485760	5800	3-00:00:00	35	NA
2088	KLF13_FLI1_TGATGA40NCATT_YYIII_NCGGAARYGCCACGCCCN_2_3	NCGGAARYGCCACGCCCN	29355999_88	29355999	88	2025-08-22 09:40:18	puhti	COMPLETED	35	0:0	mariaosm	mariaosm	NA	1	1	NA	10485760	6105	3-00:00:00	35	NA
2089	KLF13_FLI1_TGATGA40NCATT_YYIII_NRNCACGCCCCTTCCGNYN_2_3	NRNCACGCCCCTTCCGNYN	29355999_89	29355999	89	2025-08-22 09:40:18	puhti	COMPLETED	187	0:0	mariaosm	mariaosm	NA	1	1	02:54.383	10485760	6334	3-00:00:00	187	NA
2090	KLF14_FLI1_TGTCCT40NATTT_YYIII_NCGGAARYGCCACGCCCN_2_3	NCGGAARYGCCACGCCCN	29355999_90	29355999	90	2025-08-22 09:40:18	puhti	COMPLETED	35	0:0	mariaosm	mariaosm	NA	1	1	NA	10485760	6061	3-00:00:00	35	NA
2091	KLF14_FLI1_TGTCCT40NATTT_YYIII_NRNCACGCCCCTTCCGNYN_2_3	NRNCACGCCCCTTCCGNYN	29355999_91	29355999	91	2025-08-22 09:40:18	puhti	COMPLETED	189	0:0	mariaosm	mariaosm	NA	1	1	02:56.474	10485760	6265	3-00:00:00	189	NA
2092	LBX2_ELK3_TCATAC40NTTA_YAFI_NCCGGAAGYAATTAN_1_3	NCCGGAAGYAATTAN	29355999_92	29355999	92	2025-08-22 09:40:18	puhti	COMPLETED	30	0:0	mariaosm	mariaosm	NA	1	1	NA	10485760	3268	3-00:00:00	30	NA
2093	LBX2_ELK3_TCATAC40NTTA_YAFI_NYAATTAMCGGAWRYN_1_3	NYAATTAMCGGAWRYN	29355999_93	29355999	93	2025-08-22 09:40:18	puhti	COMPLETED	104	0:0	mariaosm	mariaosm	NA	1	1	01:21.205	10485760	5926	3-00:00:00	104	NA
2094	LBX2_SOX11_TTCAGT40NAAC_YUIII_NMACAAWGNYAATTAN_1_3	NMACAAWGNYAATTAN	29355999_94	29355999	94	2025-08-22 09:40:18	puhti	COMPLETED	104	0:0	mariaosm	mariaosm	NA	1	1	01:21.364	10485760	5922	3-00:00:00	104	NA
2095	LBX2_TBX21_TCATAC40NTTA_YYI_NTAATKAGGTGTNAN_1_3	NTAATKAGGTGTNAN	29355999_95	29355999	95	2025-08-22 09:40:18	puhti	COMPLETED	53	0:0	mariaosm	mariaosm	NA	1	1	NA	10485760	859524	3-00:00:00	53	NA
2096	LBX2_TBX4_TCATAC40NTTA_YWII_NAGGTGTTAATTAN_1_3	NAGGTGTTAATTAN	29355999_96	29355999	96	2025-08-22 09:40:18	puhti	COMPLETED	38	0:0	mariaosm	mariaosm	NA	1	1	NA	10485760	857638	3-00:00:00	38	NA
2097	LBX2_TBX4_TCATAC40NTTA_YWII_NTAACGAGGTGNNRN_1_3	NTAACGAGGTGNNRN	29355999_97	29355999	97	2025-08-22 09:40:18	puhti	COMPLETED	100	0:0	mariaosm	mariaosm	NA	1	1	01:17.501	10485760	5929	3-00:00:00	100	NA
2098	LBX2_TBX4_TCATAC40NTTA_YWII_NTAATTAGGTGNNRN_1_3	NTAATTAGGTGNNRN	29355999_98	29355999	98	2025-08-22 09:40:18	puhti	COMPLETED	100	0:0	mariaosm	mariaosm	NA	1	1	01:16.818	10485760	5910	3-00:00:00	100	NA
2099	LBX2_TEAD4_TTCAGT40NAAC_YJII_NYAATTARCATTCCN_1_3	NYAATTARCATTCCN	29355999_99	29355999	99	2025-08-22 09:40:18	puhti	COMPLETED	45	0:0	mariaosm	mariaosm	NA	1	1	NA	10485760	875087	3-00:00:00	45	NA
2100	LEF1_TEAD4_TGTCGA40NCCGA_YJII_NSWTCAAAGCATTCCN_2_3	NSWTCAAAGCATTCCN	29355999_100	29355999	100	2025-08-22 09:40:18	puhti	COMPLETED	45	0:0	mariaosm	mariaosm	NA	1	1	NA	10485760	886278	3-00:00:00	45	NA
2101	LHX5_ELF1_TTTGAC40NGGT_YADIIII_MGGAWGYAATTAN_1_3	MGGAWGYAATTAN	29355999_101	29355999	101	2025-08-22 09:40:18	puhti	COMPLETED	39	0:0	mariaosm	mariaosm	NA	1	1	NA	10485760	836970	3-00:00:00	39	NA
2102	LHX5_ELK3_TTACGG40NCGC_YAFI_NMMGGAWGYAATTAN_1_3	NMMGGAWGYAATTAN	29355999_102	29355999	102	2025-08-22 09:40:18	puhti	COMPLETED	67	0:0	mariaosm	mariaosm	NA	1	1	NA	10485760	5919	3-00:00:00	67	NA
2103	LHX5_TGIF2LX_TTACGG40NCGC_YVII_NMTGTCAATTAN_1_3	NMTGTCAATTAN	29355999_103	29355999	103	2025-08-22 09:40:18	puhti	COMPLETED	38	0:0	mariaosm	mariaosm	NA	1	1	NA	10485760	837985	3-00:00:00	38	NA
2104	LMX1A_ELK3_TCTTAC40NGCG_YAFI_NMMGGAWGYAATTAN_1_3	NMMGGAWGYAATTAN	29355999_104	29355999	104	2025-08-22 09:40:18	puhti	COMPLETED	67	0:0	mariaosm	mariaosm	NA	1	1	NA	10485760	5931	3-00:00:00	67	NA
2105	LMX1A_GABPA_TCTTAC40NGCG_YYIIII_NCCGGAWRYAATTAN_1_3	NCCGGAWRYAATTAN	29355999_105	29355999	105	2025-08-22 09:40:18	puhti	COMPLETED	51	0:0	mariaosm	mariaosm	NA	1	1	NA	10485760	861534	3-00:00:00	51	NA
2106	LMX1A_TBX21_TCTTAC40NGCG_YYI_NAGGTGTTAATTAN_1_3	NAGGTGTTAATTAN	29355999_106	29355999	106	2025-08-22 09:40:18	puhti	COMPLETED	38	0:0	mariaosm	mariaosm	NA	1	1	NA	10485760	826505	3-00:00:00	38	NA
2107	LMX1A_TBX4_TCTTAC40NGCG_YWII_NAGGTGTTMATTAN_1_3	NAGGTGTTMATTAN	29355999_107	29355999	107	2025-08-22 09:40:18	puhti	COMPLETED	41	0:0	mariaosm	mariaosm	NA	1	1	NA	10485760	766750	3-00:00:00	41	NA
2108	LMX1A_TBX4_TCTTAC40NGCG_YWII_NAGGTGTTTMATTAN_1_3	NAGGTGTTTMATTAN	29355999_108	29355999	108	2025-08-22 09:40:18	puhti	COMPLETED	41	0:0	mariaosm	mariaosm	NA	1	1	NA	10485760	764901	3-00:00:00	41	NA
2109	LMX1A_TEAD4_TTATTT40NCGT_YJII_NTAATTRNNATTCCWN_1_3	NTAATTRNNATTCCWN	29355999_109	29355999	109	2025-08-22 09:40:18	puhti	COMPLETED	209	0:0	mariaosm	mariaosm	NA	1	1	03:06.401	10485760	6871	3-00:00:00	209	NA
2110	LMX1A_TGIF2LX_TCTTAC40NGCG_YVII_NMTGTCAAATTAN_1_3	NMTGTCAAATTAN	29355999_110	29355999	110	2025-08-22 09:40:18	puhti	COMPLETED	40	0:0	mariaosm	mariaosm	NA	1	1	NA	10485760	821668	3-00:00:00	40	NA
2111	LMX1A_TGIF2LX_TCTTAC40NGCG_YVII_NMTGTCAATTAN_1_3	NMTGTCAATTAN	29355999_111	29355999	111	2025-08-22 09:40:18	puhti	COMPLETED	40	0:0	mariaosm	mariaosm	NA	1	1	NA	10485760	827493	3-00:00:00	40	NA
2112	LMX1B_ETV4_TACGGG40NCTT_YSIII_NSCGGAAATTRN_1_3	NSCGGAAATTRN	29355999_112	29355999	112	2025-08-22 09:40:18	puhti	COMPLETED	42	0:0	mariaosm	mariaosm	NA	1	1	NA	10485760	839826	3-00:00:00	42	NA
2113	LMX1B_FLI1_TACGGG40NCTT_YYIII_NCCGGAWRTAATTAN_1_3	NCCGGAWRTAATTAN	29355999_113	29355999	113	2025-08-22 09:40:18	puhti	COMPLETED	49	0:0	mariaosm	mariaosm	NA	1	1	NA	10485760	784328	3-00:00:00	49	NA
2114	LMX1B_GCM1_TAGGTA40NGAT_YACII_NRTRCGGGTMATTAN_1_3	NRTRCGGGTMATTAN	29355999_114	29355999	114	2025-08-22 09:40:18	puhti	COMPLETED	59	0:0	mariaosm	mariaosm	NA	1	1	NA	10485760	808443	3-00:00:00	59	NA
2115	LMX1B_IRF7_TACGGG40NCTT_YAEIIII_NTAATTAANNCGAAANYN_2_3	NTAATTAANNCGAAANYN	29355999_115	29355999	115	2025-08-22 09:40:18	puhti	COMPLETED	477	0:0	mariaosm	mariaosm	NA	1	1	07:34.555	10485760	5873	3-00:00:00	477	NA
2116	LMX1B_SOX11_TACGGG40NCTT_YUIII_NYAATTAACAAWGN_1_3	NYAATTAACAAWGN	29355999_116	29355999	116	2025-08-22 09:40:18	puhti	COMPLETED	48	0:0	mariaosm	mariaosm	NA	1	1	NA	10485760	859990	3-00:00:00	48	NA
2117	LMX1B_TBX20_TACGGG40NCTT_YWIIII_NAGGTGTTAATTRN_1_3	NAGGTGTTAATTRN	29355999_117	29355999	117	2025-08-22 09:40:18	puhti	COMPLETED	42	0:0	mariaosm	mariaosm	NA	1	1	NA	10485760	840194	3-00:00:00	42	NA
2118	LMX1B_TBX4_TAGGTA40NGAT_YWII_NAGGTGTTMATTAN_1_3	NAGGTGTTMATTAN	29355999_118	29355999	118	2025-08-22 09:40:18	puhti	COMPLETED	42	0:0	mariaosm	mariaosm	NA	1	1	NA	10485760	861871	3-00:00:00	42	NA
2119	LMX1B_TBX4_TAGGTA40NGAT_YWII_NTAATTAGGTGTNRN_1_3	NTAATTAGGTGTNRN	29355999_119	29355999	119	2025-08-22 09:40:18	puhti	COMPLETED	59	0:0	mariaosm	mariaosm	NA	1	1	NA	10485760	872005	3-00:00:00	59	NA
2120	LMX1B_TEAD3_TACGGG40NCTT_YZI_NTAATTACATTCCN_1_3	NTAATTACATTCCN	29355999_120	29355999	120	2025-08-22 09:40:18	puhti	COMPLETED	38	0:0	mariaosm	mariaosm	NA	1	1	NA	10485760	787688	3-00:00:00	38	NA
2121	LMX1B_TEAD4_TACGGG40NCTT_YJII_NTAATTANMATTCCN_1_3	NTAATTANMATTCCN	29355999_121	29355999	121	2025-08-22 09:40:18	puhti	COMPLETED	53	0:0	mariaosm	mariaosm	NA	1	1	NA	10485760	819084	3-00:00:00	53	NA
2122	LMX1B_TEF_TACGGG40NCTT_YSII_NTAATTACGTAAYN_1_3	NTAATTACGTAAYN	29355999_122	29355999	122	2025-08-22 09:40:18	puhti	COMPLETED	40	0:0	mariaosm	mariaosm	NA	1	1	NA	10485760	837775	3-00:00:00	40	NA
2123	LMX1B_TGIF2LX_TAGGTA40NGAT_YVII_NMTGTCAATTAN_1_3	NMTGTCAATTAN	29355999_123	29355999	123	2025-08-22 09:40:18	puhti	COMPLETED	40	0:0	mariaosm	mariaosm	NA	1	1	NA	10485760	861713	3-00:00:00	40	NA
2124	MAFA_FLI1_TTACAG40NGTG_YYIII_NTGCTGACGGAWRN_1_3	NTGCTGACGGAWRN	29355999_124	29355999	124	2025-08-22 09:40:18	puhti	COMPLETED	44	0:0	mariaosm	mariaosm	NA	1	1	NA	10485760	860015	3-00:00:00	44	NA
2125	MAFA_FOSB_TTACTT40NTAT_YWIII_YGCTGASTCAY_1_3	YGCTGASTCAY	29355999_125	29355999	125	2025-08-22 09:40:18	puhti	COMPLETED	36	0:0	mariaosm	mariaosm	NA	1	1	NA	10485760	872380	3-00:00:00	36	NA
2126	MAFA_IRF7_TTACAG40NGTG_YAEIIII_NCGAAANYNGCTGAYN_2_3	NCGAAANYNGCTGAYN	29355999_126	29355999	126	2025-08-22 09:40:18	puhti	COMPLETED	178	0:0	mariaosm	mariaosm	NA	1	1	02:33.703	10485760	6592	3-00:00:00	178	NA
2127	MAFA_NFATC1_TTACTT40NTAT_YADI_WWWNYGCTGAYGGAAWN_2_3	WWWNYGCTGAYGGAAWN	29355999_127	29355999	127	2025-08-22 09:40:18	puhti	COMPLETED	179	0:0	mariaosm	mariaosm	NA	1	1	02:34.957	10485760	6609	3-00:00:00	179	NA
2128	MAF_ATF7_TGCTCC40NCCG_YJI_NTGACGTMAGCAN_1_3	NTGACGTMAGCAN	29355999_128	29355999	128	2025-08-22 09:40:18	puhti	COMPLETED	40	0:0	mariaosm	mariaosm	NA	1	1	NA	10485760	847219	3-00:00:00	40	NA
2129	MAF_ELK3_TGATCT40NATG_YAFI_NGTCAGCGGAAWYN_1_3	NGTCAGCGGAAWYN	29355999_129	29355999	129	2025-08-22 09:40:18	puhti	COMPLETED	44	0:0	mariaosm	mariaosm	NA	1	1	NA	10485760	861067	3-00:00:00	44	NA
2130	MAFF_FOSB_TATACC40NGCC_YWIII_WWWNTGCTGACGTCAYN_2_3	WWWNTGCTGACGTCAYN	29355999_130	29355999	130	2025-08-22 09:40:18	puhti	COMPLETED	53	0:0	mariaosm	mariaosm	NA	1	1	NA	10485760	6146	3-00:00:00	53	NA
2131	MAFF_FOSB_TATACC40NGCC_YWIII_WWWNTGCTGAGTCAYN_2_3	WWWNTGCTGAGTCAYN	29355999_131	29355999	131	2025-08-22 09:40:18	puhti	COMPLETED	51	0:0	mariaosm	mariaosm	NA	1	1	NA	10485760	6165	3-00:00:00	51	NA
2132	MAFF_FOXD2_TATACC40NGCC_YWI_NTGCTTACGTAAGCAN_1_3	NTGCTTACGTAAGCAN	29355999_132	29355999	132	2025-08-22 09:40:18	puhti	COMPLETED	16	0:0	mariaosm	mariaosm	NA	1	1	NA	10485760	3210	3-00:00:00	16	NA
2133	MAF_FLI1_TGCTCC40NCCG_YYIII_NCGGAARTGCTGACN_1_3	NCGGAARTGCTGACN	29355999_133	29355999	133	2025-08-22 09:40:18	puhti	COMPLETED	19	0:0	mariaosm	mariaosm	NA	1	1	NA	10485760	3276	3-00:00:00	19	NA
2134	MAFF_NFATC1_TATACC40NGCC_YADI_NYGCTGAYGGAAMN_1_3	NYGCTGAYGGAAMN	29355999_134	29355999	134	2025-08-22 09:40:18	puhti	COMPLETED	37	0:0	mariaosm	mariaosm	NA	1	1	NA	10485760	5923	3-00:00:00	37	NA
2135	MAF_FOSB_TGATCT40NATG_YWIII_WWWNTGCTGACGTCAYN_2_3	WWWNTGCTGACGTCAYN	29355999_135	29355999	135	2025-08-22 09:40:18	puhti	COMPLETED	65	0:0	mariaosm	mariaosm	NA	1	1	01:02.481	10485760	5974	3-00:00:00	65	NA
2136	MAF_FOSB_TGATCT40NATG_YWIII_WWWNTGCTGAGTCAYN_2_3	WWWNTGCTGAGTCAYN	29355999_136	29355999	136	2025-08-22 09:40:18	puhti	COMPLETED	62	0:0	mariaosm	mariaosm	NA	1	1	01:00.160	10485760	6014	3-00:00:00	62	NA
2137	MAF_FOXA1_TGCTCC40NCCG_YWII_NTGCTGARYAAAYAN_2_3	NTGCTGARYAAAYAN	29355999_137	29355999	137	2025-08-22 09:40:18	puhti	COMPLETED	40	0:0	mariaosm	mariaosm	NA	1	1	NA	10485760	5888	3-00:00:00	40	NA
2138	MAF_FOXD2_TGATCT40NATG_YWI_NYGCTGANTAAACAN_1_3	NYGCTGANTAAACAN	29355999_138	29355999	138	2025-08-22 09:40:18	puhti	COMPLETED	36	0:0	mariaosm	mariaosm	NA	1	1	NA	10485760	5799	3-00:00:00	36	NA
2139	MAF_FOXD3_TGATCT40NATG_YWIIII_NYGCTGARYAAAYAN_1_3	NYGCTGARYAAAYAN	29355999_139	29355999	139	2025-08-22 09:40:18	puhti	COMPLETED	53	0:0	mariaosm	mariaosm	NA	1	1	NA	10485760	5808	3-00:00:00	53	NA
2140	MAFF_TBX21_TATACC40NGCC_YYI_NTGCTGASGTGTNAWWN_1_3	NTGCTGASGTGTNAWWN	29355999_140	29355999	140	2025-08-22 09:40:18	puhti	COMPLETED	98	0:0	mariaosm	mariaosm	NA	1	1	01:35.039	10485760	5946	3-00:00:00	98	NA
2141	MAFF_TBX4_TATACC40NGCC_YWII_NTGCTGAGGTGTNAN_1_3	NTGCTGAGGTGTNAN	29355999_141	29355999	141	2025-08-22 09:40:18	puhti	COMPLETED	27	0:0	mariaosm	mariaosm	NA	1	1	NA	10485760	3210	3-00:00:00	27	NA
2142	MAFF_TEAD4_TAAGCA40NGTC_YJII_NTCAGCAMATTCCN_1_3	NTCAGCAMATTCCN	29355999_142	29355999	142	2025-08-22 09:40:18	puhti	COMPLETED	17	0:0	mariaosm	mariaosm	NA	1	1	NA	10485760	3276	3-00:00:00	17	NA
2143	MAFG_ATF7_TGTCGA40NGCA_YJI_TGCTGACGTCA_1_3	TGCTGACGTCA	29355999_143	29355999	143	2025-08-22 09:40:18	puhti	COMPLETED	13	0:0	mariaosm	mariaosm	NA	1	1	NA	10485760	3208	3-00:00:00	13	NA
2144	MAFG_ELF1_TGTCGA40NGCA_YADIIII_NMGGAWRTGCTGAN_1_3	NMGGAWRTGCTGAN	29355999_144	29355999	144	2025-08-22 09:40:18	puhti	COMPLETED	35	0:0	mariaosm	mariaosm	NA	1	1	NA	10485760	5750	3-00:00:00	35	NA
2145	MAFG_FOSB_TGTTAA40NACT_YWIII_WWWNTGCTGACGTCAYN_2_3	WWWNTGCTGACGTCAYN	29355999_145	29355999	145	2025-08-22 09:40:18	puhti	COMPLETED	59	0:0	mariaosm	mariaosm	NA	1	1	NA	10485760	5809	3-00:00:00	59	NA
2146	MAFG_FOSB_TGTTAA40NACT_YWIII_WWWNTGCTGAGTCAYN_2_3	WWWNTGCTGAGTCAYN	29355999_146	29355999	146	2025-08-22 09:40:18	puhti	COMPLETED	53	0:0	mariaosm	mariaosm	NA	1	1	NA	10485760	5984	3-00:00:00	53	NA
2147	MAFG_FOXA1_TGTCGA40NGCA_YWII_NTGCTGARYAAAYAN_2_3	NTGCTGARYAAAYAN	29355999_147	29355999	147	2025-08-22 09:40:18	puhti	COMPLETED	37	0:0	mariaosm	mariaosm	NA	1	1	NA	10485760	5750	3-00:00:00	37	NA
2148	MAFG_FOXD2_TGTTAA40NACT_YWI_NTGCTGARTAAACAN_1_3	NTGCTGARTAAACAN	29355999_148	29355999	148	2025-08-22 09:40:18	puhti	COMPLETED	22	0:0	mariaosm	mariaosm	NA	1	1	NA	10485760	3276	3-00:00:00	22	NA
2149	MAFG_NFATC1_TGTTAA40NACT_YADI_WWWNYGCTGAYGGAAHN_2_3	WWWNYGCTGAYGGAAHN	29355999_149	29355999	149	2025-08-22 09:40:18	puhti	COMPLETED	277	0:0	mariaosm	mariaosm	NA	1	1	04:33.341	10485760	5756	3-00:00:00	277	NA
2150	MAFG_TBX21_TGTTAA40NACT_YYI_NTGCTGAGGTGTNRN_1_3	NTGCTGAGGTGTNRN	29355999_150	29355999	150	2025-08-22 09:40:18	puhti	COMPLETED	32	0:0	mariaosm	mariaosm	NA	1	1	NA	10485760	5810	3-00:00:00	32	NA
2151	MAFG_TBX4_TGTTAA40NACT_YWII_NTGCTGAGGTGTNRN_1_3	NTGCTGAGGTGTNRN	29355999_151	29355999	151	2025-08-22 09:40:18	puhti	COMPLETED	30	0:0	mariaosm	mariaosm	NA	1	1	NA	10485760	3208	3-00:00:00	30	NA
2152	MAFG_TEAD4_TGTCGA40NGCA_YJII_NTCAGCAMATTCCN_1_3	NTCAGCAMATTCCN	29355999_152	29355999	152	2025-08-22 09:40:18	puhti	COMPLETED	23	0:0	mariaosm	mariaosm	NA	1	1	NA	10485760	3210	3-00:00:00	23	NA
2153	MAF_IRF8_TGCTCC40NCCG_YQIIII_NCGAAACNNNNNNNTCAGCAN_1_3	NCGAAACNNNNNNNTCAGCAN	29355999_153	29355999	153	2025-08-22 09:40:18	puhti	COMPLETED	182230	0:0	mariaosm	mariaosm	NA	1	1	2-02:15:50	10485760	5784	3-00:00:00	182230	2-02:37:10
2154	MAF_NFATC1_TGATCT40NATG_YADI_WWWNYGCTGAYGGAAHN_2_3	WWWNYGCTGAYGGAAHN	29355999_154	29355999	154	2025-08-22 09:40:18	puhti	COMPLETED	243	0:0	mariaosm	mariaosm	NA	1	1	03:59.315	10485760	5739	3-00:00:00	243	NA
2155	MAF_TBX21_TGATCT40NATG_YYI_NTGCTGACACCTN_1_3	NTGCTGACACCTN	29355999_155	29355999	155	2025-08-22 09:40:18	puhti	COMPLETED	19	0:0	mariaosm	mariaosm	NA	1	1	NA	10485760	3274	3-00:00:00	19	NA
2156	MAF_TBX4_TGATCT40NATG_YWII_NTGCTGAGGTGTNRN_1_3	NTGCTGAGGTGTNRN	29355999_156	29355999	156	2025-08-22 09:40:18	puhti	COMPLETED	35	0:0	mariaosm	mariaosm	NA	1	1	NA	10485760	5806	3-00:00:00	35	NA
2157	MAF_TEAD4_TGCTCC40NCCG_YJII_NTCAGCAMATTCCN_1_3	NTCAGCAMATTCCN	29355999_157	29355999	157	2025-08-22 09:40:18	puhti	COMPLETED	21	0:0	mariaosm	mariaosm	NA	1	1	NA	10485760	3274	3-00:00:00	21	NA
2158	MAX_FLI1_TCTGCA40NAGAC_YYIII_NRSCGGAARCACGTGN_2_3	NRSCGGAARCACGTGN	29355999_158	29355999	158	2025-08-22 09:40:18	puhti	COMPLETED	37	0:0	mariaosm	mariaosm	NA	1	1	NA	10485760	5808	3-00:00:00	37	NA
2159	MEIS2_MSX2_TGATTC40NTAT_YSIIII_NTGACAAATTGN_1_3	NTGACAAATTGN	29355999_159	29355999	159	2025-08-22 09:40:18	puhti	COMPLETED	19	0:0	mariaosm	mariaosm	NA	1	1	NA	10485760	3274	3-00:00:00	19	NA
2160	MEIS2_ONECUT1_TAAATA40NTAT_YJII_NTGACANNNAATCGATW_1_3	NTGACANNNAATCGATW	29355999_160	29355999	160	2025-08-22 09:40:18	puhti	COMPLETED	93	0:0	mariaosm	mariaosm	NA	1	1	01:29.794	10485760	5977	3-00:00:00	93	NA
2161	MEIS2_TBX20_TGATTC40NTAT_YWIIII_NRGGTGWTGACAN_1_3	NRGGTGWTGACAN	29355999_161	29355999	161	2025-08-22 09:40:18	puhti	COMPLETED	26	0:0	mariaosm	mariaosm	NA	1	1	NA	10485760	3276	3-00:00:00	26	NA
2162	MEIS3_TBX20_TGACGC40NTGTT_YWIIII_NAGGTGNTGACAN_1_3	NAGGTGNTGACAN	29355999_162	29355999	162	2025-08-22 09:40:18	puhti	COMPLETED	26	0:0	mariaosm	mariaosm	NA	1	1	NA	10485760	3274	3-00:00:00	26	NA
2163	MIXL1_PAX5_TTGGCC40NTCG_YXII_NYAATTWCACGCNYNRNYRN_1_3	NYAATTWCACGCNYNRNYRN	29355999_163	29355999	163	2025-08-22 09:40:18	puhti	COMPLETED	15569	0:0	mariaosm	mariaosm	NA	1	1	04:17:52	10485760	6088	3-00:00:00	15569	04:19:27
2164	MIXL1_TBX20_TTGGCC40NTCG_YWIIII_NRGGTGTNAATTAN_1_3	NRGGTGTNAATTAN	29355999_164	29355999	164	2025-08-22 09:40:18	puhti	COMPLETED	35	0:0	mariaosm	mariaosm	NA	1	1	NA	10485760	5822	3-00:00:00	35	NA
2165	MIXL1_TBX21_TTGAGT40NCGC_YYI_NTAATTAGGTGTNAN_1_3	NTAATTAGGTGTNAN	29355999_165	29355999	165	2025-08-22 09:40:18	puhti	COMPLETED	28	0:0	mariaosm	mariaosm	NA	1	1	NA	10485760	3274	3-00:00:00	28	NA
2166	MLX_ELF1_TCCAGC40NGTCC_YADIIII_NCACGTGNNCGGAAGTN_2_3	NCACGTGNNCGGAAGTN	29355999_166	29355999	166	2025-08-22 09:40:18	puhti	COMPLETED	58	0:0	mariaosm	mariaosm	NA	1	1	NA	10485760	5823	3-00:00:00	58	NA
2167	MLX_ELF2_TTGTCT40NGCT_YSIII_NCACGTGNNCGGAAGTN_1_3	NCACGTGNNCGGAAGTN	29355999_167	29355999	167	2025-08-22 09:40:18	puhti	COMPLETED	59	0:0	mariaosm	mariaosm	NA	1	1	NA	10485760	5814	3-00:00:00	59	NA
2168	MLX_ERG_TCCAGC40NGTCC_YYII_NCGGAARCACGTGN_1_3	NCGGAARCACGTGN	29355999_168	29355999	168	2025-08-22 09:40:18	puhti	COMPLETED	21	0:0	mariaosm	mariaosm	NA	1	1	NA	10485760	3204	3-00:00:00	21	NA
2169	MLX_ETV4_TCCAGC40NGTCC_YSIII_NSCGGAWRCACGTGN_1_3	NSCGGAWRCACGTGN	29355999_169	29355999	169	2025-08-22 09:40:18	puhti	COMPLETED	38	0:0	mariaosm	mariaosm	NA	1	1	NA	10485760	5751	3-00:00:00	38	NA
2170	MLX_ETV4_TCCAGC40NGTCC_YSIII_NSCGGAWRNCACGTGN_1_3	NSCGGAWRNCACGTGN	29355999_170	29355999	170	2025-08-22 09:40:18	puhti	COMPLETED	104	0:0	mariaosm	mariaosm	NA	1	1	01:41.517	10485760	5751	3-00:00:00	104	NA
2171	MLX_FLI1_TCCAGC40NGTCC_YYIII_NCCGGAARCACGTGN_1_3	NCCGGAARCACGTGN	29355999_171	29355999	171	2025-08-22 09:40:18	puhti	COMPLETED	22	0:0	mariaosm	mariaosm	NA	1	1	NA	10485760	3268	3-00:00:00	22	NA
2172	MLX_GABPA_TTGTCT40NGCT_YYIIII_NACCGGAARCACGTGN_1_3	NACCGGAARCACGTGN	29355999_172	29355999	172	2025-08-22 09:40:18	puhti	COMPLETED	23	0:0	mariaosm	mariaosm	NA	1	1	NA	10485760	3268	3-00:00:00	23	NA
2173	MNX1_FOXO1_TCCTAC40NGAA_YIII_NRTAAACAAATTAN_2_3	NRTAAACAAATTAN	29355999_173	29355999	173	2025-08-22 09:40:18	puhti	COMPLETED	22	0:0	mariaosm	mariaosm	NA	1	1	NA	10485760	3268	3-00:00:00	22	NA
2174	MNX1_GABPA_TTGCAG40NGAC_YYIIII_NCCGGAWRYAATTAN_1_3	NCCGGAWRYAATTAN	29355999_174	29355999	174	2025-08-22 09:40:18	puhti	COMPLETED	37	0:0	mariaosm	mariaosm	NA	1	1	NA	10485760	5805	3-00:00:00	37	NA
2175	MNX1_PAX2_TCCTAC40NGAA_YZII_YMATTAGTCACGSNYSANYRN_2_3	YMATTAGTCACGSNYSANYRN	29355999_175	29355999	175	2025-08-22 09:40:18	puhti	COMPLETED	1697	0:0	mariaosm	mariaosm	NA	1	1	28:04.135	10485760	5867	3-00:00:00	1697	NA
2176	MNX1_TBX21_TTGCAG40NGAC_YYI_NTAATKAGGTGTNAN_1_3	NTAATKAGGTGTNAN	29355999_176	29355999	176	2025-08-22 09:40:18	puhti	COMPLETED	34	0:0	mariaosm	mariaosm	NA	1	1	NA	10485760	5766	3-00:00:00	34	NA
2177	MNX1_TBX4_TTGCAG40NGAC_YWII_NAGGTGTNATAATTRN_1_3	NAGGTGTNATAATTRN	29355999_177	29355999	177	2025-08-22 09:40:18	puhti	COMPLETED	64	0:0	mariaosm	mariaosm	NA	1	1	NA	10485760	5854	3-00:00:00	64	NA
2178	MNX1_TBX4_TTGCAG40NGAC_YWII_NAGGTGTTAATKRN_1_3	NAGGTGTTAATKRN	29355999_178	29355999	178	2025-08-22 09:40:18	puhti	COMPLETED	21	0:0	mariaosm	mariaosm	NA	1	1	NA	10485760	3210	3-00:00:00	21	NA
2179	MNX1_TBX4_TTGCAG40NGAC_YWII_NTAATKAGGTGNNRN_1_3	NTAATKAGGTGNNRN	29355999_179	29355999	179	2025-08-22 09:40:18	puhti	COMPLETED	147	0:0	mariaosm	mariaosm	NA	1	1	02:21.366	10485760	6313	3-00:00:00	147	NA
2180	MNX1_TEAD4_TCCTAC40NGAA_YJII_YAATTANNATTCC_1_3	YAATTANNATTCC	29355999_180	29355999	180	2025-08-22 09:40:18	puhti	COMPLETED	23	0:0	mariaosm	mariaosm	NA	1	1	NA	10485760	3276	3-00:00:00	23	NA
2181	MSX1_ELF5_TCTTAT40NACA_YYI_NMGGAAGTAATTAN_1_3	NMGGAAGTAATTAN	29355999_181	29355999	181	2025-08-22 09:40:18	puhti	COMPLETED	23	0:0	mariaosm	mariaosm	NA	1	1	NA	10485760	3276	3-00:00:00	23	NA
2182	MSX1_ELK3_TTACAA40NTAC_YAFI_NCCGGAAGYAATTAN_2_3	NCCGGAAGYAATTAN	29355999_182	29355999	182	2025-08-22 09:40:18	puhti	COMPLETED	23	0:0	mariaosm	mariaosm	NA	1	1	NA	10485760	3274	3-00:00:00	23	NA
2183	MSX1_FLI1_TCTTAT40NACA_YYIII_NCCGGAWRYAATTAN_1_3	NCCGGAWRYAATTAN	29355999_183	29355999	183	2025-08-22 09:40:18	puhti	COMPLETED	36	0:0	mariaosm	mariaosm	NA	1	1	NA	10485760	6065	3-00:00:00	36	NA
2184	MSX1_GABPA_TTACAA40NTAC_YYIIII_NCCGGAWRYAATTAN_1_3	NCCGGAWRYAATTAN	29355999_184	29355999	184	2025-08-22 09:40:18	puhti	COMPLETED	36	0:0	mariaosm	mariaosm	NA	1	1	NA	10485760	6042	3-00:00:00	36	NA
2185	MSX1_IRF8_TCTTAT40NACA_YQIIII_NYGAAASYAATTAN_1_3	NYGAAASYAATTAN	29355999_185	29355999	185	2025-08-22 09:40:18	puhti	COMPLETED	30	0:0	mariaosm	mariaosm	NA	1	1	NA	10485760	3274	3-00:00:00	30	NA
2186	MSX1_MEIS3_TTACAA40NTAC_YRIIII_NTGWCAAATTRN_1_3	NTGWCAAATTRN	29355999_186	29355999	186	2025-08-22 09:40:18	puhti	COMPLETED	22	0:0	mariaosm	mariaosm	NA	1	1	NA	10485760	3212	3-00:00:00	22	NA
2187	MSX1_ONECUT1_TTACAA40NTAC_YJII_ATCGATNNNAATTA_1_3	ATCGATNNNAATTA	29355999_187	29355999	187	2025-08-22 09:40:18	puhti	COMPLETED	24	0:0	mariaosm	mariaosm	NA	1	1	NA	10485760	3272	3-00:00:00	24	NA
2188	MSX1_PAX2_TCTTAT40NACA_YZII_YMATTACACGSNYSANYRN_2_3	YMATTACACGSNYSANYRN	29355999_188	29355999	188	2025-08-22 09:40:18	puhti	COMPLETED	1452	0:0	mariaosm	mariaosm	NA	1	1	23:58.485	10485760	5937	3-00:00:00	1452	NA
2189	MSX1_TBX21_TTACAA40NTAC_YYI_NTAATTAGGTGTGAN_1_3	NTAATTAGGTGTGAN	29355999_189	29355999	189	2025-08-22 09:40:18	puhti	COMPLETED	20	0:0	mariaosm	mariaosm	NA	1	1	NA	10485760	3274	3-00:00:00	20	NA
2190	MSX1_TBX4_TTACAA40NTAC_YWII_NTAATTAGGTGTNRN_1_3	NTAATTAGGTGTNRN	29355999_190	29355999	190	2025-08-22 09:40:18	puhti	COMPLETED	35	0:0	mariaosm	mariaosm	NA	1	1	NA	10485760	5986	3-00:00:00	35	NA
2191	MSX1_TEAD4_TCTTAT40NACA_YJII_YAATTANCATTCC_1_3	YAATTANCATTCC	29355999_191	29355999	191	2025-08-22 09:40:18	puhti	COMPLETED	19	0:0	mariaosm	mariaosm	NA	1	1	NA	10485760	3210	3-00:00:00	19	NA
2192	MSX2_ELF5_TCGAAA40NAAT_YYI_NAYSMGGAAGTAATTAN_1_3	NAYSMGGAAGTAATTAN	29355999_192	29355999	192	2025-08-22 09:40:18	puhti	COMPLETED	38	0:0	mariaosm	mariaosm	NA	1	1	NA	10485760	5991	3-00:00:00	38	NA
2193	MSX2_ELK3_TGTGAC40NGTC_YAFI_NAATTANCGGAARYN_1_3	NAATTANCGGAARYN	29355999_193	29355999	193	2025-08-22 09:40:18	puhti	COMPLETED	51	0:0	mariaosm	mariaosm	NA	1	1	NA	10485760	6009	3-00:00:00	51	NA
2194	MSX2_ELK3_TGTGAC40NGTC_YAFI_NMMGGAWGYAATTAN_1_3	NMMGGAWGYAATTAN	29355999_194	29355999	194	2025-08-22 09:40:18	puhti	COMPLETED	50	0:0	mariaosm	mariaosm	NA	1	1	NA	10485760	5857	3-00:00:00	50	NA
2195	MSX2_FLI1_TCGAAA40NAAT_YYIII_NRCCGGAAGYAATTAN_1_3	NRCCGGAAGYAATTAN	29355999_195	29355999	195	2025-08-22 09:40:18	puhti	COMPLETED	27	0:0	mariaosm	mariaosm	NA	1	1	NA	10485760	3274	3-00:00:00	27	NA
2196	MSX2_IRF8_TCGAAA40NAAT_YQIIII_NYGAAACYAATTAN_1_3	NYGAAACYAATTAN	29355999_196	29355999	196	2025-08-22 09:40:18	puhti	COMPLETED	25	0:0	mariaosm	mariaosm	NA	1	1	NA	10485760	3272	3-00:00:00	25	NA
2197	MSX2_MEIS3_TGTGAC40NGTC_YRIIII_NTGACAAATTRN_1_3	NTGACAAATTRN	29355999_197	29355999	197	2025-08-22 09:40:18	puhti	COMPLETED	20	0:0	mariaosm	mariaosm	NA	1	1	NA	10485760	3274	3-00:00:00	20	NA
2198	MSX2_PAX2_TCGAAA40NAAT_YZII_YMATTACACGSNYSANYRN_2_3	YMATTACACGSNYSANYRN	29355999_198	29355999	198	2025-08-22 09:40:18	puhti	COMPLETED	1614	0:0	mariaosm	mariaosm	NA	1	1	26:38.785	10485760	5830	3-00:00:00	1614	NA
2199	MSX2_PAX5_TCGAAA40NAAT_YXII_NYMATTACAYGCNYNRNYRN_1_3	NYMATTACAYGCNYNRNYRN	29355999_199	29355999	199	2025-08-22 09:40:18	puhti	COMPLETED	52035	0:0	mariaosm	mariaosm	NA	1	1	14:20:49	10485760	5818	3-00:00:00	52035	14:27:15
2200	MSX2_TBX21_TGTGAC40NGTC_YYI_NAGGTGTTAATTRN_1_3	NAGGTGTTAATTRN	29355999_200	29355999	200	2025-08-22 09:40:18	puhti	COMPLETED	20	0:0	mariaosm	mariaosm	NA	1	1	NA	10485760	3266	3-00:00:00	20	NA
2201	MSX2_TBX21_TGTGAC40NGTC_YYI_NTAATKAGGTGTNAN_1_3	NTAATKAGGTGTNAN	29356094_201	29356094	201	2025-08-22 09:40:42	puhti	COMPLETED	52	0:0	mariaosm	mariaosm	NA	1	1	NA	10485760	836597	3-00:00:00	52	NA
2202	MSX2_TBX4_TGTGAC40NGTC_YWII_NAGGTGTTAATTRN_1_3	NAGGTGTTAATTRN	29356094_202	29356094	202	2025-08-22 09:40:42	puhti	COMPLETED	40	0:0	mariaosm	mariaosm	NA	1	1	NA	10485760	840603	3-00:00:00	40	NA
2203	MSX2_TBX4_TGTGAC40NGTC_YWII_NTAATKAGGTGTNRN_1_3	NTAATKAGGTGTNRN	29356094_203	29356094	203	2025-08-22 09:40:42	puhti	COMPLETED	45	0:0	mariaosm	mariaosm	NA	1	1	NA	10485760	6374	3-00:00:00	45	NA
2204	MYOG_FLI1_TGCTTC40NGTCA_YYIII_NCCGGAAACANNTGTTN_1_3	NCCGGAAACANNTGTTN	29356094_204	29356094	204	2025-08-22 09:40:42	puhti	COMPLETED	60	0:0	mariaosm	mariaosm	NA	1	1	NA	10485760	5835	3-00:00:00	60	NA
2205	MYOG_TBX21_TAGTAG40NGTT_YYI_NAGGTGTGNNCAGCTGNYN_1_3	NAGGTGTGNNCAGCTGNYN	29356094_205	29356094	205	2025-08-22 09:40:42	puhti	COMPLETED	426	0:0	mariaosm	mariaosm	NA	1	1	07:01.698	10485760	5857	3-00:00:00	426	NA
2206	NEUROG1_FOXD2_TCGCAC40NCCT_YWI_NRYAAAYANNNNCATAWGN_1_3	NRYAAAYANNNNCATAWGN	29356094_206	29356094	206	2025-08-22 09:40:42	puhti	COMPLETED	13961	0:0	mariaosm	mariaosm	NA	1	1	03:51:08	10485760	6255	3-00:00:00	13961	03:52:40
2207	NEUROG1_TCF3_TCGCAC40NCCT_YIII_NMCATCTGYYN_1_3	NMCATCTGYYN	29356094_207	29356094	207	2025-08-22 09:40:42	puhti	COMPLETED	27	0:0	mariaosm	mariaosm	NA	1	1	NA	10485760	3268	3-00:00:00	27	NA
2208	NEUROG1_TCF4_TCGAAT40NTCGT_YACII_NMCATCTGTYN_1_3	NMCATCTGTYN	29356094_208	29356094	208	2025-08-22 09:40:42	puhti	COMPLETED	22	0:0	mariaosm	mariaosm	NA	1	1	NA	10485760	3204	3-00:00:00	22	NA
2209	NEUROG2_FOXD2_TAGGAG40NAGT_YWI_NCATATGNNNNNNGTAAACAN_2_3	NCATATGNNNNNNGTAAACAN	29356094_209	29356094	209	2025-08-22 09:40:42	puhti	COMPLETED	18909	0:0	mariaosm	mariaosm	NA	1	1	05:13:00	10485760	6260	3-00:00:00	18909	05:15:07
2210	NEUROG2_TCF3_TAGGAG40NAGT_YIII_NCCATCTGTCA_1_3	NCCATCTGTCA	29356094_210	29356094	210	2025-08-22 09:40:42	puhti	COMPLETED	16	0:0	mariaosm	mariaosm	NA	1	1	NA	10485760	3204	3-00:00:00	16	NA
2211	NFAT5_HOXC10_TCATTC40NAGGC_YAEIII_NGGAAANTTTTTAN_1_3	NGGAAANTTTTTAN	29356094_211	29356094	211	2025-08-22 09:40:42	puhti	COMPLETED	24	0:0	mariaosm	mariaosm	NA	1	1	NA	10485760	3272	3-00:00:00	24	NA
2212	NFATC1_HOXB5_TGACGC40NCAC_YVIII_NTAATGYGGAAAN_2_3	NTAATGYGGAAAN	29356094_212	29356094	212	2025-08-22 09:40:42	puhti	COMPLETED	20	0:0	mariaosm	mariaosm	NA	1	1	NA	10485760	3202	3-00:00:00	20	NA
2213	NFATC1_POU2F2_TAGGTC40NACCA_YAAIIII_NYGGAAANTATGCAAAN_2_3	NYGGAAANTATGCAAAN	29356094_213	29356094	213	2025-08-22 09:40:42	puhti	COMPLETED	39	0:0	mariaosm	mariaosm	NA	1	1	NA	10485760	6140	3-00:00:00	39	NA
2214	NFATC4_HOXB5_TCCGTC40NGTT_YVIII_NTAATKYGGAAWN_1_3	NTAATKYGGAAWN	29356094_214	29356094	214	2025-08-22 09:40:42	puhti	COMPLETED	32	0:0	mariaosm	mariaosm	NA	1	1	NA	10485760	6119	3-00:00:00	32	NA
2215	NFATC4_ONECUT1_TCCGTC40NGTT_YJII_NRYGGAAANNNATCGATYKN_2_3	NRYGGAAANNNATCGATYKN	29356094_215	29356094	215	2025-08-22 09:40:42	puhti	COMPLETED	3610	0:0	mariaosm	mariaosm	NA	1	1	59:46.466	10485760	6106	3-00:00:00	3610	01:00:09
2216	NKX2-3_TEAD4_TTCTCC40NTCTC_YJII_CACTTAACATTCC_2_3	CACTTAACATTCC	29356094_216	29356094	216	2025-08-22 09:40:42	puhti	COMPLETED	16	0:0	mariaosm	mariaosm	NA	1	1	NA	10485760	3206	3-00:00:00	16	NA
2217	NKX2-3_TGIF2LX_TACGTA40NATC_YVII_NCCACTTGACAN_1_3	NCCACTTGACAN	29356094_217	29356094	217	2025-08-22 09:40:42	puhti	COMPLETED	19	0:0	mariaosm	mariaosm	NA	1	1	NA	10485760	3202	3-00:00:00	19	NA
2218	NKX2-4_TBX4_TCCAGC40NGGC_YWII_AGGTGTNAAGTG_1_3	AGGTGTNAAGTG	29356094_218	29356094	218	2025-08-22 09:40:42	puhti	COMPLETED	37	0:0	mariaosm	mariaosm	NA	1	1	NA	10485760	823973	3-00:00:00	37	NA
2219	NKX6-2_ATF7_TCTGCA40NATA_YJI_NTGACGTAATKRN_1_3	NTGACGTAATKRN	29356094_219	29356094	219	2025-08-22 09:40:42	puhti	COMPLETED	44	0:0	mariaosm	mariaosm	NA	1	1	NA	10485760	823834	3-00:00:00	44	NA
2220	NKX6-2_TBX21_TAAAGG40NGAC_YYI_NAGGTGTTAATTRN_1_3	NAGGTGTTAATTRN	29356094_220	29356094	220	2025-08-22 09:40:42	puhti	COMPLETED	41	0:0	mariaosm	mariaosm	NA	1	1	NA	10485760	834615	3-00:00:00	41	NA
2221	NR2C1_FOXD2_TTACCG40NATC_YWI_NTGACCYNNNNNNRYAAACAN_1_3	NTGACCYNNNNNNRYAAACAN	29356094_221	29356094	221	2025-08-22 09:40:42	puhti	CANCELLED	259202	0:0	mariaosm	mariaosm	NA	1	1	NA	10485760	8106957	3-00:00:00	259206	3-00:00:02
2222	NR2F1_TBX21_TCGGCA40NAGC_YYI_NAGGTCACACACCYN_1_3	NAGGTCACACACCYN	29356094_222	29356094	222	2025-08-22 09:40:42	puhti	COMPLETED	41	0:0	mariaosm	mariaosm	NA	1	1	NA	10485760	835860	3-00:00:00	41	NA
2223	NR2F1_TBX4_TCGGCA40NAGC_YWII_NAGGTCACACACCYN_1_3	NAGGTCACACACCYN	29356094_223	29356094	223	2025-08-22 09:40:42	puhti	COMPLETED	41	0:0	mariaosm	mariaosm	NA	1	1	NA	10485760	858571	3-00:00:00	41	NA
2224	NR4A1_HOXA2_TGAACA40NAAT_YJI_NAAAGGTTAATKRN_1_3	NAAAGGTTAATKRN	29356094_224	29356094	224	2025-08-22 09:40:42	puhti	COMPLETED	45	0:0	mariaosm	mariaosm	NA	1	1	NA	10485760	848847	3-00:00:00	45	NA
2225	NRL_FLI1_TTTCTT40NTTTA_YYIII_NRMCGGAWRNNNGTCAGCAN_2_3	NRMCGGAWRNNNGTCAGCAN	29356094_225	29356094	225	2025-08-22 09:40:42	puhti	COMPLETED	3807	0:0	mariaosm	mariaosm	NA	1	1	01:02:21	10485760	5898	3-00:00:00	3807	01:03:25
2226	NRL_FOSB_TTCTAA40NAAT_YWIII_WWWNTGCTGACGTCAYN_2_3	WWWNTGCTGACGTCAYN	29356094_226	29356094	226	2025-08-22 09:40:42	puhti	COMPLETED	80	0:0	mariaosm	mariaosm	NA	1	1	NA	10485760	5827	3-00:00:00	80	NA
2227	NRL_FOSB_TTCTAA40NAAT_YWIII_WWWNTGCTGAGTCAYN_2_3	WWWNTGCTGAGTCAYN	29356094_227	29356094	227	2025-08-22 09:40:42	puhti	COMPLETED	77	0:0	mariaosm	mariaosm	NA	1	1	NA	10485760	5841	3-00:00:00	77	NA
2228	NRL_NFATC1_TTCTAA40NAAT_YADI_WWWNYGCTGAYGGAAHN_2_3	WWWNYGCTGAYGGAAHN	29356094_228	29356094	228	2025-08-22 09:40:42	puhti	COMPLETED	282	0:0	mariaosm	mariaosm	NA	1	1	04:18.406	10485760	5888	3-00:00:00	282	NA
2229	NRL_TEAD4_TTTCTT40NTTTA_YJII_NGTCAGCAMATTCCN_2_3	NGTCAGCAMATTCCN	29356094_229	29356094	229	2025-08-22 09:40:42	puhti	COMPLETED	41	0:0	mariaosm	mariaosm	NA	1	1	NA	10485760	883000	3-00:00:00	41	NA
2230	OLIG2_NKX6-1_TGGCCG40NCTTT_YVIII_NTAATKRNNNNNNCATATGKYN_2_3	NTAATKRNNNNNNCATATGKYN	29356094_230	29356094	230	2025-08-22 09:40:42	puhti	COMPLETED	251285	0:0	mariaosm	mariaosm	NA	1	1	NA	10485760	5973	3-00:00:00	251285	2-21:48:05
2231	OLIG2_RUNX2_TGGCCG40NCTTT_YII_NWACCGCNNNNCATATGN_1_3	NWACCGCNNNNCATATGN	29356094_231	29356094	231	2025-08-22 09:40:42	puhti	COMPLETED	1543	0:0	mariaosm	mariaosm	NA	1	1	25:11.586	10485760	5905	3-00:00:00	1543	NA
2232	OLIG2_TGIF2LX_TCTAAA40NCGC_YVII_NCATATGNNNNNTGTCAN_1_3	NCATATGNNNNNTGTCAN	29356094_232	29356094	232	2025-08-22 09:40:42	puhti	COMPLETED	3163	0:0	mariaosm	mariaosm	NA	1	1	52:01.479	10485760	5884	3-00:00:00	3163	NA
2233	OLIG3_ONECUT1_TCTACC40NTAG_YJII_NATCGATNNNNNNCATATGN_2_3	NATCGATNNNNNNCATATGN	29356094_233	29356094	233	2025-08-22 09:40:42	puhti	COMPLETED	21108	0:0	mariaosm	mariaosm	NA	1	1	05:48:58	10485760	6047	3-00:00:00	21108	05:51:46
2234	ONECUT2_FOXD2_TGGCCG40NGCT_YWI_NATCGATNNNRYAAACAN_1_3	NATCGATNNNRYAAACAN	29356094_234	29356094	234	2025-08-22 09:40:42	puhti	COMPLETED	793	0:0	mariaosm	mariaosm	NA	1	1	12:47.141	10485760	6047	3-00:00:00	793	NA
2235	ONECUT2_IRF7_TCGTTC40NATA_YAEIIII_NRAATCGAAANYN_1_3	NRAATCGAAANYN	29356094_235	29356094	235	2025-08-22 09:40:42	puhti	COMPLETED	67	0:0	mariaosm	mariaosm	NA	1	1	NA	10485760	5928	3-00:00:00	67	NA
2236	ONECUT2_ISX_TGGCCG40NGCT_YUIIII_NTAATCAATTAN_1_3	NTAATCAATTAN	29356094_236	29356094	236	2025-08-22 09:40:42	puhti	COMPLETED	38	0:0	mariaosm	mariaosm	NA	1	1	NA	10485760	857979	3-00:00:00	38	NA
2237	ONECUT2_POU3F1_TGGCCG40NGCT_YXIIII_NATCGATTATGCWAAN_1_3	NATCGATTATGCWAAN	29356094_237	29356094	237	2025-08-22 09:40:42	puhti	COMPLETED	41	0:0	mariaosm	mariaosm	NA	1	1	NA	10485760	863360	3-00:00:00	42	NA
2238	ONECUT2_TGIF2LX_TGGCCG40NGCT_YVII_NATYGATGACAN_1_3	NATYGATGACAN	29356094_238	29356094	238	2025-08-22 09:40:42	puhti	COMPLETED	40	0:0	mariaosm	mariaosm	NA	1	1	NA	10485760	875020	3-00:00:00	40	NA
2239	ONECUT2_TGIF2LX_TGGCCG40NGCT_YVII_NATYGATTGACAN_1_3	NATYGATTGACAN	29356094_239	29356094	239	2025-08-22 09:40:42	puhti	COMPLETED	40	0:0	mariaosm	mariaosm	NA	1	1	NA	10485760	883100	3-00:00:00	40	NA
2240	ONECUT2_TGIF2LX_TGGCCG40NGCT_YVII_NMTGTCAATAAN_1_3	NMTGTCAATAAN	29356094_240	29356094	240	2025-08-22 09:40:42	puhti	COMPLETED	40	0:0	mariaosm	mariaosm	NA	1	1	NA	10485760	884161	3-00:00:00	40	NA
2241	OTX1_ELF1_TTTATT40NGCTG_YADIIII_NAMSMGGAAGKATTAN_1_3	NAMSMGGAAGKATTAN	29356094_241	29356094	241	2025-08-22 09:40:42	puhti	COMPLETED	75	0:0	mariaosm	mariaosm	NA	1	1	NA	10485760	5930	3-00:00:00	75	NA
2242	OTX1_FOXD2_TTGCGA40NGTA_YWI_NTAATCCNNNNNRYAAACAN_1_3	NTAATCCNNNNNRYAAACAN	29356094_242	29356094	242	2025-08-22 09:40:42	puhti	COMPLETED	19820	0:0	mariaosm	mariaosm	NA	1	1	05:27:44	10485760	6028	3-00:00:00	19820	05:30:15
2243	OTX1_SOX11_TTTATT40NGCTG_YUIII_NACAAWGGATTAN_1_3	NACAAWGGATTAN	29356094_243	29356094	243	2025-08-22 09:40:42	puhti	COMPLETED	39	0:0	mariaosm	mariaosm	NA	1	1	NA	10485760	886054	3-00:00:00	39	NA
2244	OTX1_TBX4_TTGCGA40NGTA_YWII_NAGGTGTNATAATCCN_1_3	NAGGTGTNATAATCCN	29356094_244	29356094	244	2025-08-22 09:40:42	puhti	COMPLETED	45	0:0	mariaosm	mariaosm	NA	1	1	NA	10485760	886767	3-00:00:00	45	NA
2245	OTX1_TEAD4_TTTATT40NGCTG_YJII_TAATCNNCATTCC_1_3	TAATCNNCATTCC	29356094_245	29356094	245	2025-08-22 09:40:42	puhti	COMPLETED	37	0:0	mariaosm	mariaosm	NA	1	1	NA	10485760	5760	3-00:00:00	37	NA
2246	OTX2_FLI1_TATGAT40NACA_YYIII_NCGGAARNGATTAN_1_3	NCGGAARNGATTAN	29356094_246	29356094	246	2025-08-22 09:40:42	puhti	COMPLETED	56	0:0	mariaosm	mariaosm	NA	1	1	NA	10485760	835794	3-00:00:00	56	NA
2247	OTX2_FOXD2_TGCTAA40NCTG_YWI_NTAATCCNNNNNRYAAACAN_1_3	NTAATCCNNNNNRYAAACAN	29356094_247	29356094	247	2025-08-22 09:40:42	puhti	COMPLETED	19820	0:0	mariaosm	mariaosm	NA	1	1	05:27:48	10485760	5793	3-00:00:00	19820	05:30:18
2248	OTX2_ISX_TGCTAA40NCTG_YUIIII_NTAATCCAATTAN_1_3	NTAATCCAATTAN	29356094_248	29356094	248	2025-08-22 09:40:42	puhti	COMPLETED	38	0:0	mariaosm	mariaosm	NA	1	1	NA	10485760	834861	3-00:00:00	38	NA
2249	OTX2_SOX11_TATGAT40NACA_YUIII_NACAAWGGATTAN_1_3	NACAAWGGATTAN	29356094_249	29356094	249	2025-08-22 09:40:42	puhti	COMPLETED	40	0:0	mariaosm	mariaosm	NA	1	1	NA	10485760	835724	3-00:00:00	40	NA
2250	OTX2_TBX4_TGCTAA40NCTG_YWII_NAGGTGTNATAATCCN_1_3	NAGGTGTNATAATCCN	29356094_250	29356094	250	2025-08-22 09:40:42	puhti	COMPLETED	48	0:0	mariaosm	mariaosm	NA	1	1	NA	10485760	837044	3-00:00:00	48	NA
2251	PAX1_ELK3_TATAGC40NGAC_YAFI_NRCCGGAASYACGCWYSANYKN_2_3	NRCCGGAASYACGCWYSANYKN	29356094_251	29356094	251	2025-08-22 09:40:42	puhti	COMPLETED	4305	0:0	mariaosm	mariaosm	NA	1	1	01:10:42	10485760	5785	3-00:00:00	4305	01:11:43
2252	PAX1_EVX1_TCCTGC40NTCG_YPIIII_NTMATTACAYGCWYNRNYRN_2_3	NTMATTACAYGCWYNRNYRN	29356094_252	29356094	252	2025-08-22 09:40:42	puhti	COMPLETED	8099	0:0	mariaosm	mariaosm	NA	1	1	02:13:43	10485760	5811	3-00:00:00	8099	02:14:57
2253	PAX1_EVX2_TCCTGC40NTCG_YZIIII_NGTCACGSNYMATTAN_1_3	NGTCACGSNYMATTAN	29356094_253	29356094	253	2025-08-22 09:40:42	puhti	COMPLETED	118	0:0	mariaosm	mariaosm	NA	1	1	01:36.111	10485760	5761	3-00:00:00	118	NA
2254	PAX1_FOXD2_TATAGC40NGAC_YWI_NTGTTTRYNNNGTCACGSNYNRNYKN_2_3	NTGTTTRYNNNGTCACGSNYNRNYKN	29356094_254	29356094	254	2025-08-22 09:40:42	puhti	CANCELLED	259202	0:0	mariaosm	mariaosm	NA	1	1	NA	10485760	9744378	3-00:00:00	259205	3-00:00:02
2255	PAX1_HOXA2_TATAGC40NGAC_YJI_NKWYACGSNYMATTAN_1_3	NKWYACGSNYMATTAN	29356094_255	29356094	255	2025-08-22 09:40:42	puhti	COMPLETED	647	0:0	mariaosm	mariaosm	NA	1	1	10:22.128	10485760	5756	3-00:00:00	647	NA
2256	PAX1_HOXA2_TATAGC40NGAC_YJI_NYMATTAGTCACGSN_1_3	NYMATTAGTCACGSN	29356094_256	29356094	256	2025-08-22 09:40:42	puhti	COMPLETED	56	0:0	mariaosm	mariaosm	NA	1	1	NA	10485760	881716	3-00:00:00	56	NA
2257	PAX1_HOXB2_TATAGC40NGAC_YUI_NGTCAYGSNYMATTAN_1_3	NGTCAYGSNYMATTAN	29356094_257	29356094	257	2025-08-22 09:40:42	puhti	COMPLETED	195	0:0	mariaosm	mariaosm	NA	1	1	02:52.550	10485760	5766	3-00:00:00	195	NA
2258	PAX1_HOXB2_TATAGC40NGAC_YUI_NYMATTAGTCAYGSN_1_3	NYMATTAGTCAYGSN	29356094_258	29356094	258	2025-08-22 09:40:42	puhti	COMPLETED	119	0:0	mariaosm	mariaosm	NA	1	1	NA	10485760	5778	3-00:00:00	119	NA
2259	PAX1_HOXB5_TATAGC40NGAC_YVIII_NSGTCAYGSNYMATTAN_1_3	NSGTCAYGSNYMATTAN	29356094_259	29356094	259	2025-08-22 09:40:42	puhti	COMPLETED	448	0:0	mariaosm	mariaosm	NA	1	1	06:25.755	10485760	5748	3-00:00:00	448	NA
2260	PAX1_HOXC10_TCCTGC40NTCG_YAEIII_NSGTYACGSNYMATTAAN_2_3	NSGTYACGSNYMATTAAN	29356094_260	29356094	260	2025-08-22 09:40:42	puhti	COMPLETED	480	0:0	mariaosm	mariaosm	NA	1	1	06:57.340	10485760	5762	3-00:00:00	480	NA
2261	PAX1_HOXD8_TATAGC40NGAC_YZIII_NSGTYACGSNYMATTAAN_1_3	NSGTYACGSNYMATTAAN	29356094_261	29356094	261	2025-08-22 09:40:42	puhti	COMPLETED	479	0:0	mariaosm	mariaosm	NA	1	1	06:55.957	10485760	5767	3-00:00:00	479	NA
2262	PAX1_ISX_TATAGC40NGAC_YUIIII_NGTCAYGSNYMATTAN_1_3	NGTCAYGSNYMATTAN	29356094_262	29356094	262	2025-08-22 09:40:42	puhti	COMPLETED	257	0:0	mariaosm	mariaosm	NA	1	1	03:15.359	10485760	5747	3-00:00:00	257	NA
2263	PAX1_ISX_TATAGC40NGAC_YUIIII_NYAATTRGTCAYGSNYNRN_1_3	NYAATTRGTCAYGSNYNRN	29356094_263	29356094	263	2025-08-22 09:40:42	puhti	COMPLETED	3326	0:0	mariaosm	mariaosm	NA	1	1	54:05.417	10485760	5800	3-00:00:00	3326	NA
2264	PAX1_MSX2_TCCTGC40NTCG_YSIIII_NGTCAYGSNYMATTAN_1_3	NGTCAYGSNYMATTAN	29356094_264	29356094	264	2025-08-22 09:40:42	puhti	COMPLETED	258	0:0	mariaosm	mariaosm	NA	1	1	03:16.489	10485760	5749	3-00:00:00	258	NA
2265	PAX1_MSX2_TCCTGC40NTCG_YSIIII_NYAATTACAYGSNYMATTRN_2_3	NYAATTACAYGSNYMATTRN	29356094_265	29356094	265	2025-08-22 09:40:42	puhti	COMPLETED	964	0:0	mariaosm	mariaosm	NA	1	1	14:58.286	10485760	5773	3-00:00:00	964	NA
2266	PAX1_NKX6-1_TCCTGC40NTCG_YVIII_NSGTCAYGSNYMATTAN_2_3	NSGTCAYGSNYMATTAN	29356094_266	29356094	266	2025-08-22 09:40:42	puhti	COMPLETED	306	0:0	mariaosm	mariaosm	NA	1	1	04:41.224	10485760	6173	3-00:00:00	306	NA
2267	PAX1_OTP_TCCTGC40NTCG_YPIII_NYAATTAGTYACGSWYSRNYKN_2_3	NYAATTAGTYACGSWYSRNYKN	29356094_267	29356094	267	2025-08-22 09:40:42	puhti	COMPLETED	7265	0:0	mariaosm	mariaosm	NA	1	1	02:00:04	10485760	6586	3-00:00:00	7265	02:01:02
2268	PAX1_TBX21_TATAGC40NGAC_YYI_NTNACACCTTCACGCWYSRNYN_2_3	NTNACACCTTCACGCWYSRNYN	29356094_268	29356094	268	2025-08-22 09:40:42	puhti	COMPLETED	1583	0:0	mariaosm	mariaosm	NA	1	1	25:51.991	10485760	6290	3-00:00:00	1583	NA
2269	PAX1_TBX4_TATAGC40NGAC_YWII_NACACCTNCACGCWYNRNYRN_2_3	NACACCTNCACGCWYNRNYRN	29356094_269	29356094	269	2025-08-22 09:40:42	puhti	COMPLETED	12876	0:0	mariaosm	mariaosm	NA	1	1	03:32:26	10485760	6028	3-00:00:00	12876	03:34:34
2270	PAX1_TBX4_TATAGC40NGAC_YWII_NGTCACGCWYYAACACCTN_2_3	NGTCACGCWYYAACACCTN	29356094_270	29356094	270	2025-08-22 09:40:42	puhti	COMPLETED	60	0:0	mariaosm	mariaosm	NA	1	1	NA	10485760	826713	3-00:00:00	60	NA
2271	PAX1_TBX6_TATAGC40NGAC_YAAII_NAGGTGTYRNNGCGTGACN_2_3	NAGGTGTYRNNGCGTGACN	29356094_271	29356094	271	2025-08-22 09:40:42	puhti	COMPLETED	212	0:0	mariaosm	mariaosm	NA	1	1	03:08.160	10485760	5812	3-00:00:00	212	NA
2272	PAX1_VSX2_TATAGC40NGAC_YLIIII_NGCTAATTNCACGSNYNRNNK_2_3	NGCTAATTNCACGSNYNRNNK	29356094_272	29356094	272	2025-08-22 09:40:42	puhti	COMPLETED	17294	0:0	mariaosm	mariaosm	NA	1	1	04:45:47	10485760	6030	3-00:00:00	17294	04:48:11
2273	PAX2_ELK3_TTGCTG40NCTA_YAFI_NRCCGGAASYACGCWYSANYN_2_3	NRCCGGAASYACGCWYSANYN	29356094_273	29356094	273	2025-08-22 09:40:42	puhti	COMPLETED	1675	0:0	mariaosm	mariaosm	NA	1	1	27:11.703	10485760	5822	3-00:00:00	1675	NA
2274	PAX2_EVX1_TAAACT40NTGA_YPIIII_NTMATTACAYGCWYNRNYRN_2_3	NTMATTACAYGCWYNRNYRN	29356094_274	29356094	274	2025-08-22 09:40:42	puhti	COMPLETED	6696	0:0	mariaosm	mariaosm	NA	1	1	01:50:12	10485760	5953	3-00:00:00	6696	01:51:34
2275	PAX2_EVX2_TAAACT40NTGA_YZIIII_NGTCACGSNYMATTAN_1_3	NGTCACGSNYMATTAN	29356094_275	29356094	275	2025-08-22 09:40:42	puhti	COMPLETED	109	0:0	mariaosm	mariaosm	NA	1	1	01:25.890	10485760	5801	3-00:00:00	109	NA
2276	PAX2_EVX2_TAAACT40NTGA_YZIIII_YMATTACACGSNYSANYRN_1_3	YMATTACACGSNYSANYRN	29356094_276	29356094	276	2025-08-22 09:40:42	puhti	COMPLETED	1466	0:0	mariaosm	mariaosm	NA	1	1	23:46.270	10485760	5787	3-00:00:00	1466	NA
2277	PAX2_EVX2_TAAACT40NTGA_YZIIII_YMATTAGTCACGSNYSANYRN_2_3	YMATTAGTCACGSNYSANYRN	29356094_277	29356094	277	2025-08-22 09:40:42	puhti	COMPLETED	1667	0:0	mariaosm	mariaosm	NA	1	1	27:02.498	10485760	5827	3-00:00:00	1667	NA
2278	PAX2_FLI1_TAAACT40NTGA_YYIII_NCCGGAWMYACGCNYSRNYRNNYN_1_3	NCCGGAWMYACGCNYSRNYRNNYN	29356094_278	29356094	278	2025-08-22 09:40:42	puhti	COMPLETED	254404	0:0	mariaosm	mariaosm	NA	1	1	NA	10485760	6966	3-00:00:00	254404	2-22:40:04
2279	PAX2_FOXD2_TTGCTG40NCTA_YWI_NTGTTTRYNNNGTCACGSNYNRNYKN_2_3	NTGTTTRYNNNGTCACGSNYNRNYKN	29356094_279	29356094	279	2025-08-22 09:40:42	puhti	COMPLETED	212707	0:0	mariaosm	mariaosm	NA	1	1	NA	10485760	6593	3-00:00:00	212707	2-11:05:07
2280	PAX2_GATA4_TTGCTG40NCTA_YII_NGATAGTYACGSNYNRNYRN_1_3	NGATAGTYACGSNYNRNYRN	29356094_280	29356094	280	2025-08-22 09:40:42	puhti	COMPLETED	20422	0:0	mariaosm	mariaosm	NA	1	1	05:37:36	10485760	5848	3-00:00:00	20422	05:40:21
2281	PAX2_HOXA2_TTGCTG40NCTA_YJI_NKWYACGSNYMATTAN_1_3	NKWYACGSNYMATTAN	29356094_281	29356094	281	2025-08-22 09:40:42	puhti	COMPLETED	658	0:0	mariaosm	mariaosm	NA	1	1	10:28.384	10485760	5806	3-00:00:00	658	NA
2282	PAX2_HOXA2_TTGCTG40NCTA_YJI_NYMATTAGTCAYGSNYNRNYN_1_3	NYMATTAGTCAYGSNYNRNYN	29356094_282	29356094	282	2025-08-22 09:40:42	puhti	COMPLETED	53071	0:0	mariaosm	mariaosm	NA	1	1	14:39:14	10485760	6048	3-00:00:00	53071	14:44:31
2283	PAX2_HOXB2_TTGCTG40NCTA_YUI_NGTCAYGSNYMATTAN_1_3	NGTCAYGSNYMATTAN	29356094_283	29356094	283	2025-08-22 09:40:42	puhti	COMPLETED	176	0:0	mariaosm	mariaosm	NA	1	1	02:21.359	10485760	5979	3-00:00:00	176	NA
2284	PAX2_HOXB2_TTGCTG40NCTA_YUI_NYMATTAGTCAYGSNNNRN_1_3	NYMATTAGTCAYGSNNNRN	29356094_284	29356094	284	2025-08-22 09:40:42	puhti	COMPLETED	7272	0:0	mariaosm	mariaosm	NA	1	1	01:59:58	10485760	5793	3-00:00:00	7272	02:01:11
2285	PAX2_HOXB5_TTGCTG40NCTA_YVIII_NSGTCAYGSNYMATTAN_2_3	NSGTCAYGSNYMATTAN	29356094_285	29356094	285	2025-08-22 09:40:42	puhti	COMPLETED	373	0:0	mariaosm	mariaosm	NA	1	1	05:50.593	10485760	5762	3-00:00:00	373	NA
2286	PAX2_HOXB5_TTGCTG40NCTA_YVIII_NYMATTAGTYAYGSNYNRNYRN_2_3	NYMATTAGTYAYGSNYNRNYRN	29356094_286	29356094	286	2025-08-22 09:40:42	puhti	CANCELLED	259202	0:0	mariaosm	mariaosm	NA	1	1	NA	10485760	8314009	3-00:00:00	259205	3-00:00:02
2287	PAX2_HOXC10_TAAACT40NTGA_YAEIII_NYGTYACGSNYMATTAANYN_2_3	NYGTYACGSNYMATTAANYN	29356094_287	29356094	287	2025-08-22 09:40:42	puhti	COMPLETED	3670	0:0	mariaosm	mariaosm	NA	1	1	01:00:06	10485760	5775	3-00:00:00	3670	01:01:08
2288	PAX2_ISX_TTGCTG40NCTA_YUIIII_NGTCAYGSNYMATTAN_1_3	NGTCAYGSNYMATTAN	29356094_288	29356094	288	2025-08-22 09:40:42	puhti	COMPLETED	199	0:0	mariaosm	mariaosm	NA	1	1	02:57.665	10485760	5754	3-00:00:00	199	NA
2289	PAX2_MSX2_TAAACT40NTGA_YSIIII_NGTCAYGSNYMATTAN_1_3	NGTCAYGSNYMATTAN	29356094_289	29356094	289	2025-08-22 09:40:42	puhti	COMPLETED	200	0:0	mariaosm	mariaosm	NA	1	1	02:58.205	10485760	5744	3-00:00:00	200	NA
2290	PAX2_MSX2_TAAACT40NTGA_YSIIII_NYAATTACAYGSNYNRNNRN_1_3	NYAATTACAYGSNYNRNNRN	29356094_290	29356094	290	2025-08-22 09:40:42	puhti	COMPLETED	125813	0:0	mariaosm	mariaosm	NA	1	1	1-10:42:23	10485760	5884	3-00:00:00	125813	1-10:56:53
2291	PAX2_MSX2_TAAACT40NTGA_YSIIII_NYMATTAGTCAYGSN_1_3	NYMATTAGTCAYGSN	29356094_291	29356094	291	2025-08-22 09:40:42	puhti	COMPLETED	77	0:0	mariaosm	mariaosm	NA	1	1	NA	10485760	5746	3-00:00:00	77	NA
2292	PAX2_NKX6-1_TAAACT40NTGA_YVIII_NSGTCAYGSNYMATTAN_2_3	NSGTCAYGSNYMATTAN	29356094_292	29356094	292	2025-08-22 09:40:42	puhti	COMPLETED	376	0:0	mariaosm	mariaosm	NA	1	1	05:53.657	10485760	5779	3-00:00:00	376	NA
2293	PAX2_OTP_TAAACT40NTGA_YPIII_NYMATTAGTYACGSNYSRNYRN_2_3	NYMATTAGTYACGSNYSRNYRN	29356094_293	29356094	293	2025-08-22 09:40:42	puhti	COMPLETED	57363	0:0	mariaosm	mariaosm	NA	1	1	15:48:58	10485760	5904	3-00:00:00	57363	15:56:03
2294	PAX2_RUNX2_TAAACT40NTGA_YII_NGTTCCGCTCCANTGNNYN_1_3	NGTTCCGCTCCANTGNNYN	29356094_294	29356094	294	2025-08-22 09:40:42	puhti	COMPLETED	439	0:0	mariaosm	mariaosm	NA	1	1	06:56.194	10485760	5774	3-00:00:00	439	NA
2295	PAX2_TBX21_TTGCTG40NCTA_YYI_NGTCACGCWYYAACACCTYN_2_3	NGTCACGCWYYAACACCTYN	29356094_295	29356094	295	2025-08-22 09:40:42	puhti	COMPLETED	93	0:0	mariaosm	mariaosm	NA	1	1	01:11.904	10485760	8299	3-00:00:00	93	NA
2296	PAX2_TBX21_TTGCTG40NCTA_YYI_NYNACACCTTCACGCWYSRNYRNNYN_2_3	NYNACACCTTCACGCWYSRNYRNNYN	29356094_296	29356094	296	2025-08-22 09:40:42	puhti	CANCELLED	259202	0:0	mariaosm	mariaosm	NA	1	1	NA	10485760	9824415	3-00:00:00	259205	3-00:00:02
2297	PAX2_TBX4_TTGCTG40NCTA_YWII_NACACCTNCACGCN_1_3	NACACCTNCACGCN	29356094_297	29356094	297	2025-08-22 09:40:42	puhti	COMPLETED	46	0:0	mariaosm	mariaosm	NA	1	1	NA	10485760	884397	3-00:00:00	46	NA
2298	PAX2_TBX4_TTGCTG40NCTA_YWII_NGTCACGCWNYAACACCTN_2_3	NGTCACGCWNYAACACCTN	29356094_298	29356094	298	2025-08-22 09:40:42	puhti	COMPLETED	91	0:0	mariaosm	mariaosm	NA	1	1	01:09.891	10485760	5749	3-00:00:00	91	NA
2299	PAX2_TBX6_TTGCTG40NCTA_YAAII_NAGGTGTYRNNGCGTGACN_2_3	NAGGTGTYRNNGCGTGACN	29356094_299	29356094	299	2025-08-22 09:40:42	puhti	COMPLETED	241	0:0	mariaosm	mariaosm	NA	1	1	03:38.877	10485760	5753	3-00:00:00	241	NA
2300	PAX2_TEAD4_TAAACT40NTGA_YJII_RCATTCYNCACGCNYN_1_3	RCATTCYNCACGCNYN	29356094_300	29356094	300	2025-08-22 09:40:42	puhti	COMPLETED	107	0:0	mariaosm	mariaosm	NA	1	1	01:24.390	10485760	5933	3-00:00:00	107	NA
2301	PAX2_VSX2_TTGCTG40NCTA_YLIIII_NGCYAATTACACGCWYNRNYRN_2_3	NGCYAATTACACGCWYNRNYRN	29356094_301	29356094	301	2025-08-22 09:40:42	puhti	COMPLETED	4172	0:0	mariaosm	mariaosm	NA	1	1	01:08:45	10485760	5795	3-00:00:00	4172	01:09:27
2302	PAX5_EVX2_TATATT40NTGC_YZIIII_NGTCACGSNYMATTAN_1_3	NGTCACGSNYMATTAN	29356094_302	29356094	302	2025-08-22 09:40:42	puhti	COMPLETED	122	0:0	mariaosm	mariaosm	NA	1	1	01:41.858	10485760	5719	3-00:00:00	122	NA
2303	PAX5_EVX2_TATATT40NTGC_YZIIII_YMATTACACGSNYSANYRN_2_3	YMATTACACGSNYSANYRN	29356094_303	29356094	303	2025-08-22 09:40:42	puhti	COMPLETED	1519	0:0	mariaosm	mariaosm	NA	1	1	24:50.418	10485760	5757	3-00:00:00	1519	NA
2304	PAX5_EVX2_TATATT40NTGC_YZIIII_YMATTAGTCACGSNYSANYRN_2_3	YMATTAGTCACGSNYSANYRN	29356094_304	29356094	304	2025-08-22 09:40:42	puhti	COMPLETED	1737	0:0	mariaosm	mariaosm	NA	1	1	28:27.044	10485760	5790	3-00:00:00	1737	NA
2305	PAX5_FLI1_TATATT40NTGC_YYIII_NCCGGAWMYACGCNYSRNYRNNYN_1_3	NCCGGAWMYACGCNYSRNYRNNYN	29356094_305	29356094	305	2025-08-22 09:40:42	puhti	CANCELLED	259215	0:0	mariaosm	mariaosm	NA	1	1	NA	10485760	9649826	3-00:00:00	259219	3-00:00:15
2306	PAX5_FOXD2_TAGCTT40NGAC_YWI_NTGTTTRYNNNGTCACGSNYNRNYKN_2_3	NTGTTTRYNNNGTCACGSNYNRNYKN	29356094_306	29356094	306	2025-08-22 09:40:42	puhti	COMPLETED	250983	0:0	mariaosm	mariaosm	NA	1	1	NA	10485760	6245	3-00:00:00	250983	2-21:43:03
2307	PAX5_GATA4_TAGCTT40NGAC_YII_NGATAGTCACGCNYNRNYRN_1_3	NGATAGTCACGCNYNRNYRN	29356094_307	29356094	307	2025-08-22 09:40:42	puhti	COMPLETED	3473	0:0	mariaosm	mariaosm	NA	1	1	57:10.731	10485760	5882	3-00:00:00	3473	NA
2308	PAX5_HOXB5_TAGCTT40NGAC_YVIII_NYMATTAGTCAYGSNYNRNYRN_2_3	NYMATTAGTCAYGSNYNRNYRN	29356094_308	29356094	308	2025-08-22 09:40:42	puhti	COMPLETED	141020	0:0	mariaosm	mariaosm	NA	1	1	1-14:53:32	10485760	6108	3-00:00:00	141020	1-15:10:20
2309	PAX5_HOXC10_TATATT40NTGC_YAEIII_NSGTYACGSNYMATTAANYN_2_3	NSGTYACGSNYMATTAANYN	29356094_309	29356094	309	2025-08-22 09:40:42	puhti	COMPLETED	3421	0:0	mariaosm	mariaosm	NA	1	1	56:18.153	10485760	5872	3-00:00:00	3421	NA
2310	PAX5_TBX21_TAGCTT40NGAC_YYI_NGTCACGCWYYAACACCTYN_2_3	NGTCACGCWYYAACACCTYN	29356094_310	29356094	310	2025-08-22 09:40:42	puhti	COMPLETED	90	0:0	mariaosm	mariaosm	NA	1	1	01:09.213	10485760	5803	3-00:00:00	90	NA
2311	PAX5_TBX21_TAGCTT40NGAC_YYI_NYNACACCTTCACGCWYSRNYRNNYN_2_3	NYNACACCTTCACGCWYSRNYRNNYN	29356094_311	29356094	311	2025-08-22 09:40:42	puhti	CANCELLED	259215	0:0	mariaosm	mariaosm	NA	1	1	NA	10485760	9924003	3-00:00:00	259219	3-00:00:15
2312	PAX5_TBX4_TAGCTT40NGAC_YWII_NACACCTNCACGCWYNRNYRN_2_3	NACACCTNCACGCWYNRNYRN	29356094_312	29356094	312	2025-08-22 09:40:42	puhti	COMPLETED	7584	0:0	mariaosm	mariaosm	NA	1	1	02:05:16	10485760	5963	3-00:00:00	7584	02:06:21
2313	PAX5_TBX4_TAGCTT40NGAC_YWII_NGTCACGCWYYAACACCTN_2_3	NGTCACGCWYYAACACCTN	29356094_313	29356094	313	2025-08-22 09:40:42	puhti	COMPLETED	62	0:0	mariaosm	mariaosm	NA	1	1	NA	10485760	900877	3-00:00:00	62	NA
2314	PAX5_TBX6_TAGCTT40NGAC_YAAII_NGTCACGCWYYNNCACCYN_2_3	NGTCACGCWYYNNCACCYN	29356094_314	29356094	314	2025-08-22 09:40:42	puhti	COMPLETED	775	0:0	mariaosm	mariaosm	NA	1	1	12:29.808	10485760	5841	3-00:00:00	775	NA
2315	PAX7_FLI1_TAGTAC40NTAG_YYIII_NRCCGGAWMYACGCNYSRNYRN_1_3	NRCCGGAWMYACGCNYSRNYRN	29356094_315	29356094	315	2025-08-22 09:40:42	puhti	COMPLETED	52979	0:0	mariaosm	mariaosm	NA	1	1	14:36:47	10485760	6003	3-00:00:00	52979	14:42:59
2316	PAX7_MYBL2_TATGGA40NAGA_YABI_NTAACCGATTAN_1_3	NTAACCGATTAN	29356094_316	29356094	316	2025-08-22 09:40:42	puhti	COMPLETED	38	0:0	mariaosm	mariaosm	NA	1	1	NA	10485760	902830	3-00:00:00	38	NA
2317	PAX7_TBX4_TATGGA40NAGA_YWII_NACACCTNCACRCN_1_3	NACACCTNCACRCN	29356094_317	29356094	317	2025-08-22 09:40:42	puhti	COMPLETED	54	0:0	mariaosm	mariaosm	NA	1	1	NA	10485760	5729	3-00:00:00	54	NA
2318	PAX7_TBX4_TATGGA40NAGA_YWII_NAGGTGNNATAATYRN_1_3	NAGGTGNNATAATYRN	29356094_318	29356094	318	2025-08-22 09:40:42	puhti	COMPLETED	193	0:0	mariaosm	mariaosm	NA	1	1	02:50.800	10485760	5816	3-00:00:00	193	NA
2319	PAX7_TBX4_TATGGA40NAGA_YWII_NAGGTGTTAATTRN_1_3	NAGGTGTTAATTRN	29356094_319	29356094	319	2025-08-22 09:40:42	puhti	COMPLETED	41	0:0	mariaosm	mariaosm	NA	1	1	NA	10485760	5739	3-00:00:00	41	NA
2320	PAX7_TEAD4_TAGTAC40NTAG_YJII_NWGGAATGTTAATYRN_1_3	NWGGAATGTTAATYRN	29356094_320	29356094	320	2025-08-22 09:40:42	puhti	COMPLETED	56	0:0	mariaosm	mariaosm	NA	1	1	NA	10485760	5740	3-00:00:00	56	NA
2321	PBX1_EN2_TGGTAC40NTCT_YRIII_ACATCTNAATTA_1_3	ACATCTNAATTA	29356094_321	29356094	321	2025-08-22 09:40:42	puhti	COMPLETED	63	0:0	mariaosm	mariaosm	NA	1	1	NA	10485760	654647	3-00:00:00	63	NA
2322	PBX1_EN2_TGGTAC40NTCT_YRIII_TAATTAAGAC_1_3	TAATTAAGAC	29356094_322	29356094	322	2025-08-22 09:40:42	puhti	COMPLETED	36	0:0	mariaosm	mariaosm	NA	1	1	NA	10485760	860766	3-00:00:00	36	NA
2323	PBX1_EN2_TGGTAC40NTCT_YRIII_TAATTAANNCATCA_1_3	TAATTAANNCATCA	29356094_323	29356094	323	2025-08-22 09:40:42	puhti	COMPLETED	37	0:0	mariaosm	mariaosm	NA	1	1	NA	10485760	861051	3-00:00:00	37	NA
2324	PBX1_HOXC10_TCCAGA40NGCTC_YAEIII_NRYMRTCATAAATCAN_1_3	NRYMRTCATAAATCAN	29356094_324	29356094	324	2025-08-22 09:40:42	puhti	COMPLETED	70	0:0	mariaosm	mariaosm	NA	1	1	NA	10485760	5925	3-00:00:00	70	NA
2325	PBX1_MEIS3_TGGTAC40NTCT_YRIIII_CTGTCAATCAN_1_3	CTGTCAATCAN	29356094_325	29356094	325	2025-08-22 09:40:42	puhti	COMPLETED	36	0:0	mariaosm	mariaosm	NA	1	1	NA	10485760	862454	3-00:00:00	36	NA
2326	PBX1_TEAD4_TCCAGA40NGCTC_YJII_GGWATKCMATCAA_1_3	GGWATKCMATCAA	29356094_326	29356094	326	2025-08-22 09:40:42	puhti	COMPLETED	36	0:0	mariaosm	mariaosm	NA	1	1	NA	10485760	861185	3-00:00:00	36	NA
2327	PBX2_EN2_TAAATT40NCTG_YRIII_ACATCTTAATTA_2_3	ACATCTTAATTA	29356094_327	29356094	327	2025-08-22 09:40:42	puhti	COMPLETED	36	0:0	mariaosm	mariaosm	NA	1	1	NA	10485760	860511	3-00:00:00	36	NA
2328	PBX2_HOXC10_TGATCA40NGGTT_YAEIII_NRYMRTCATAAATCAN_1_3	NRYMRTCATAAATCAN	29356094_328	29356094	328	2025-08-22 09:40:42	puhti	COMPLETED	71	0:0	mariaosm	mariaosm	NA	1	1	NA	10485760	6303	3-00:00:00	71	NA
2329	PDX1_ELK3_TGCCGT40NCTT_YAFI_NRCCGGAAGYAATTAN_1_3	NRCCGGAAGYAATTAN	29356094_329	29356094	329	2025-08-22 09:40:42	puhti	COMPLETED	45	0:0	mariaosm	mariaosm	NA	1	1	NA	10485760	858962	3-00:00:00	45	NA
2330	PDX1_FLI1_TAGAGA40NCGC_YYIII_NCCGGAWRYAATTAN_1_3	NCCGGAWRYAATTAN	29356094_330	29356094	330	2025-08-22 09:40:42	puhti	COMPLETED	52	0:0	mariaosm	mariaosm	NA	1	1	NA	10485760	859135	3-00:00:00	52	NA
2331	PDX1_GABPA_TGCCGT40NCTT_YYIIII_NCCGGAWRYAATTAN_1_3	NCCGGAWRYAATTAN	29356094_331	29356094	331	2025-08-22 09:40:42	puhti	COMPLETED	52	0:0	mariaosm	mariaosm	NA	1	1	NA	10485760	858379	3-00:00:00	52	NA
2332	PDX1_TBX20_TAGAGA40NCGC_YWIIII_NAGGTGTTAATKN_1_3	NAGGTGTTAATKN	29356094_332	29356094	332	2025-08-22 09:40:42	puhti	COMPLETED	39	0:0	mariaosm	mariaosm	NA	1	1	NA	10485760	876553	3-00:00:00	39	NA
2333	PDX1_TBX21_TGCCGT40NCTT_YYI_NAGGTGTTAATTRN_1_3	NAGGTGTTAATTRN	29356094_333	29356094	333	2025-08-22 09:40:42	puhti	COMPLETED	40	0:0	mariaosm	mariaosm	NA	1	1	NA	10485760	861718	3-00:00:00	40	NA
2334	PDX1_TBX4_TGCCGT40NCTT_YWII_NAGGTGTTAATKRN_1_3	NAGGTGTTAATKRN	29356094_334	29356094	334	2025-08-22 09:40:42	puhti	COMPLETED	44	0:0	mariaosm	mariaosm	NA	1	1	NA	10485760	860821	3-00:00:00	44	NA
2335	PDX1_TBX4_TGCCGT40NCTT_YWII_NTAATKAGGTGNNRN_1_3	NTAATKAGGTGNNRN	29356094_335	29356094	335	2025-08-22 09:40:42	puhti	COMPLETED	161	0:0	mariaosm	mariaosm	NA	1	1	02:18.072	10485760	6547	3-00:00:00	161	NA
2336	PDX1_TBX6_TGCCGT40NCTT_YAAII_NAGGTGTTAATTN_1_3	NAGGTGTTAATTN	29356094_336	29356094	336	2025-08-22 09:40:42	puhti	COMPLETED	38	0:0	mariaosm	mariaosm	NA	1	1	NA	10485760	866984	3-00:00:00	38	NA
2337	PHOX2B_TBX21_TGCATG40NATG_YYI_NTAATKAGGTGTNAN_1_3	NTAATKAGGTGTNAN	29356094_337	29356094	337	2025-08-22 09:40:42	puhti	COMPLETED	53	0:0	mariaosm	mariaosm	NA	1	1	NA	10485760	860237	3-00:00:00	53	NA
2338	PHOX2B_TBX4_TGCATG40NATG_YWII_NTAATTAGGTGTNRN_1_3	NTAATTAGGTGTNRN	29356094_338	29356094	338	2025-08-22 09:40:42	puhti	COMPLETED	53	0:0	mariaosm	mariaosm	NA	1	1	NA	10485760	884821	3-00:00:00	53	NA
2339	PHOX2B_TEAD4_TCAGAC40NCCAA_YJII_NNNATTAACATTCCN_1_3	NNNATTAACATTCCN	29356094_339	29356094	339	2025-08-22 09:40:42	puhti	COMPLETED	69	0:0	mariaosm	mariaosm	NA	1	1	NA	10485760	6307	3-00:00:00	69	NA
2340	PITX1_FOXD2_TCGCGA40NGTT_YWI_NTAATCCNNNNRYAAACAN_1_3	NTAATCCNNNNRYAAACAN	29356094_340	29356094	340	2025-08-22 09:40:42	puhti	COMPLETED	2757	0:0	mariaosm	mariaosm	NA	1	1	45:19.195	10485760	7061	3-00:00:00	2757	NA
2341	PITX1_TBX21_TCGCGA40NGTT_YYI_NAGGTGTTAATCCN_1_3	NAGGTGTTAATCCN	29356094_341	29356094	341	2025-08-22 09:40:42	puhti	COMPLETED	37	0:0	mariaosm	mariaosm	NA	1	1	NA	10485760	860851	3-00:00:00	37	NA
2342	PITX1_TBX4_TCGCGA40NGTT_YWII_NRGGTGTTAATCCN_1_3	NRGGTGTTAATCCN	29356094_342	29356094	342	2025-08-22 09:40:42	puhti	COMPLETED	39	0:0	mariaosm	mariaosm	NA	1	1	NA	10485760	860734	3-00:00:00	39	NA
2343	PITX2_FOXD2_TTCGAG40NGCG_YWI_NTAATCCNNNNRYAAACAN_1_3	NTAATCCNNNNRYAAACAN	29356094_343	29356094	343	2025-08-22 09:40:42	puhti	COMPLETED	2803	0:0	mariaosm	mariaosm	NA	1	1	46:07.837	10485760	6011	3-00:00:00	2803	NA
2344	PITX3_FOXA1_TCCTCT40NGGTC_YWII_NTAATCCNNNNRYAAAYAN_1_3	NTAATCCNNNNRYAAAYAN	29356094_344	29356094	344	2025-08-22 09:40:42	puhti	COMPLETED	5970	0:0	mariaosm	mariaosm	NA	1	1	01:38:36	10485760	6001	3-00:00:00	5970	01:39:28
2345	POU1F1_FLI1_TCGAGC40NAAT_YYIII_NMGGAARTGCATTAN_1_3	NMGGAARTGCATTAN	29356094_345	29356094	345	2025-08-22 09:40:42	puhti	COMPLETED	44	0:0	mariaosm	mariaosm	NA	1	1	NA	10485760	882929	3-00:00:00	44	NA
2346	POU1F1_TBX21_TGGCAG40NCCT_YYI_NAGGTGTKAATTAN_1_3	NAGGTGTKAATTAN	29356094_346	29356094	346	2025-08-22 09:40:42	puhti	COMPLETED	40	0:0	mariaosm	mariaosm	NA	1	1	NA	10485760	883501	3-00:00:00	40	NA
2347	POU2F2_FOXA1_TCCCAA40NGCGC_YWII_NTTTGCATANRYAAACAN_1_3	NTTTGCATANRYAAACAN	29356094_347	29356094	347	2025-08-22 09:40:42	puhti	COMPLETED	92	0:0	mariaosm	mariaosm	NA	1	1	01:10.543	10485760	5993	3-00:00:00	92	NA
2348	POU2F2_FOXD2_TAACTC40NGTC_YWI_NNTTTGCATANRYAAACAN_1_3	NNTTTGCATANRYAAACAN	29356094_348	29356094	348	2025-08-22 09:40:42	puhti	COMPLETED	248	0:0	mariaosm	mariaosm	NA	1	1	03:45.735	10485760	6170	3-00:00:00	248	NA
2349	POU2F2_FOXD3_TAACTC40NGTC_YWIIII_NTTTGCATANRYAAACAN_2_3	NTTTGCATANRYAAACAN	29356094_349	29356094	349	2025-08-22 09:40:42	puhti	COMPLETED	91	0:0	mariaosm	mariaosm	NA	1	1	01:09.725	10485760	5914	3-00:00:00	91	NA
2350	POU2F2_FOXO1_TCCCAA40NGCGC_YIII_NWTGCATAAACAN_1_3	NWTGCATAAACAN	29356094_350	29356094	350	2025-08-22 09:40:42	puhti	COMPLETED	40	0:0	mariaosm	mariaosm	NA	1	1	NA	10485760	858859	3-00:00:00	40	NA
2351	POU2F2_RUNX2_TCCCAA40NGCGC_YII_NAACCGCAATTAN_1_3	NAACCGCAATTAN	29356094_351	29356094	351	2025-08-22 09:40:42	puhti	COMPLETED	38	0:0	mariaosm	mariaosm	NA	1	1	NA	10485760	875185	3-00:00:00	38	NA
2352	POU2F2_SOX11_TCCCAA40NGCGC_YUIII_NACAATGCAAATN_1_3	NACAATGCAAATN	29356094_352	29356094	352	2025-08-22 09:40:42	puhti	COMPLETED	38	0:0	mariaosm	mariaosm	NA	1	1	NA	10485760	875952	3-00:00:00	38	NA
2353	POU2F2_TEAD4_TCCCAA40NGCGC_YJII_TATGCAGGWATGY_1_3	TATGCAGGWATGY	29356094_353	29356094	353	2025-08-22 09:40:42	puhti	COMPLETED	36	0:0	mariaosm	mariaosm	NA	1	1	NA	10485760	883255	3-00:00:00	36	NA
2354	POU2F3_SOX11_TCGCCT40NAGT_YUIII_NWATGYAAACAATRN_1_3	NWATGYAAACAATRN	29356094_354	29356094	354	2025-08-22 09:40:42	puhti	COMPLETED	54	0:0	mariaosm	mariaosm	NA	1	1	NA	10485760	859262	3-00:00:00	54	NA
2355	POU2F3_SOX11_TCGCCT40NAGT_YUIII_NWWWGCATAACAATRN_1_3	NWWWGCATAACAATRN	29356094_355	29356094	355	2025-08-22 09:40:42	puhti	COMPLETED	75	0:0	mariaosm	mariaosm	NA	1	1	NA	10485760	5866	3-00:00:00	75	NA
2356	POU2F3_TGIF2LX_TGTGGG40NAAC_YVII_NATGCAAATGACAN_2_3	NATGCAAATGACAN	29356094_356	29356094	356	2025-08-22 09:40:42	puhti	COMPLETED	38	0:0	mariaosm	mariaosm	NA	1	1	NA	10485760	860937	3-00:00:00	38	NA
2357	POU2F3_TGIF2LX_TGTGGG40NAAC_YVII_TGACANATGCAAAWN_2_3	TGACANATGCAAAWN	29356094_357	29356094	357	2025-08-22 09:40:42	puhti	COMPLETED	40	0:0	mariaosm	mariaosm	NA	1	1	NA	10485760	872616	3-00:00:00	40	NA
2358	POU3F2_FOXA1_TGGTTT40NTCTG_YWII_NATTWGCATANRYAAAYAN_1_3	NATTWGCATANRYAAAYAN	29356094_358	29356094	358	2025-08-22 09:40:42	puhti	COMPLETED	218	0:0	mariaosm	mariaosm	NA	1	1	03:15.850	10485760	5893	3-00:00:00	218	NA
2359	POU3F2_MEF2C_TGGTTT40NTCTG_YAFIII_CCTAATTAGG_1_3	CCTAATTAGG	29356094_359	29356094	359	2025-08-22 09:40:42	puhti	COMPLETED	36	0:0	mariaosm	mariaosm	NA	1	1	NA	10485760	880999	3-00:00:00	36	NA
2360	POU3F2_TGIF2LX_TTGTCC40NTAG_YVII_NATGYWAATGWCAN_1_3	NATGYWAATGWCAN	29356094_360	29356094	360	2025-08-22 09:40:42	puhti	COMPLETED	52	0:0	mariaosm	mariaosm	NA	1	1	NA	10485760	860652	3-00:00:00	52	NA
2361	POU3F4_FLI1_TCCGTA40NGCC_YYIII_NTWTGCAWANCGGAAGT_1_3	NTWTGCAWANCGGAAGT	29356094_361	29356094	361	2025-08-22 09:40:42	puhti	COMPLETED	48	0:0	mariaosm	mariaosm	NA	1	1	NA	10485760	860157	3-00:00:00	48	NA
2362	POU3F4_FOXA1_TCCGTA40NGCC_YWII_NTTWGCATANRYAAAYAN_1_3	NTTWGCATANRYAAAYAN	29356094_362	29356094	362	2025-08-22 09:40:42	puhti	COMPLETED	198	0:0	mariaosm	mariaosm	NA	1	1	02:55.637	10485760	6168	3-00:00:00	198	NA
2363	POU3F4_TBX21_TCCCAA40NGAA_YYI_NTAATTAGGTGTNAN_1_3	NTAATTAGGTGTNAN	29356094_363	29356094	363	2025-08-22 09:40:42	puhti	COMPLETED	45	0:0	mariaosm	mariaosm	NA	1	1	NA	10485760	860209	3-00:00:00	45	NA
2364	POU4F1_FOXD2_TAACGC40NGTG_YWI_NATGCAYWANRYAAACAN_1_3	NATGCAYWANRYAAACAN	29356094_364	29356094	364	2025-08-22 09:40:42	puhti	COMPLETED	198	0:0	mariaosm	mariaosm	NA	1	1	02:55.556	10485760	6155	3-00:00:00	198	NA
2365	POU4F1_ONECUT2_TCGAAC40NGAT_YXIII_NTRAATAATCGAT_1_3	NTRAATAATCGAT	29356094_365	29356094	365	2025-08-22 09:40:42	puhti	COMPLETED	38	0:0	mariaosm	mariaosm	NA	1	1	NA	10485760	877230	3-00:00:00	38	NA
2366	POU4F1_SOX11_TCGAAC40NGAT_YUIII_NTNAWTAAACAATRN_1_3	NTNAWTAAACAATRN	29356094_366	29356094	366	2025-08-22 09:40:42	puhti	COMPLETED	70	0:0	mariaosm	mariaosm	NA	1	1	NA	10485760	6055	3-00:00:00	70	NA
2367	POU4F1_TBX21_TAACGC40NGTG_YYI_NAGGTGTGAATTAN_1_3	NAGGTGTGAATTAN	29356094_367	29356094	367	2025-08-22 09:40:42	puhti	COMPLETED	38	0:0	mariaosm	mariaosm	NA	1	1	NA	10485760	885736	3-00:00:00	38	NA
2368	POU4F1_TEAD4_TCGAAC40NGAT_YJII_NTATGCATWCCN_1_3	NTATGCATWCCN	29356094_368	29356094	368	2025-08-22 09:40:42	puhti	COMPLETED	40	0:0	mariaosm	mariaosm	NA	1	1	NA	10485760	880860	3-00:00:00	40	NA
2369	POU4F1_TGIF2LX_TAACGC40NGTG_YVII_NTGTCAATWATGNAN_1_3	NTGTCAATWATGNAN	29356094_369	29356094	369	2025-08-22 09:40:42	puhti	COMPLETED	56	0:0	mariaosm	mariaosm	NA	1	1	NA	10485760	859218	3-00:00:00	56	NA
2370	POU4F2_FOXD2_TCTTGC40NTTC_YWI_NATGCAYWANRYAAACAN_2_3	NATGCAYWANRYAAACAN	29356094_370	29356094	370	2025-08-22 09:40:42	puhti	COMPLETED	214	0:0	mariaosm	mariaosm	NA	1	1	03:12.412	10485760	5854	3-00:00:00	214	NA
2371	POU4F2_ONECUT2_TATGGT40NATA_YXIII_NTRAATAATCGAT_1_3	NTRAATAATCGAT	29356094_371	29356094	371	2025-08-22 09:40:42	puhti	COMPLETED	37	0:0	mariaosm	mariaosm	NA	1	1	NA	10485760	858158	3-00:00:00	37	NA
2372	POU4F2_PAX2_TATGGT40NATA_YZII_NGTYACGCATGANTAANY_2_3	NGTYACGCATGANTAANY	29356094_372	29356094	372	2025-08-22 09:40:42	puhti	COMPLETED	84	0:0	mariaosm	mariaosm	NA	1	1	01:02.598	10485760	5773	3-00:00:00	84	NA
2373	POU4F2_SOX11_TATGGT40NATA_YUIII_NWTNAWTAAACAATRN_1_3	NWTNAWTAAACAATRN	29356094_373	29356094	373	2025-08-22 09:40:42	puhti	COMPLETED	116	0:0	mariaosm	mariaosm	NA	1	1	01:34.124	10485760	5890	3-00:00:00	116	NA
2374	POU4F2_TGIF2LX_TCTTGC40NTTC_YVII_NTGTCAATWATGNAN_1_3	NTGTCAATWATGNAN	29356094_374	29356094	374	2025-08-22 09:40:42	puhti	COMPLETED	56	0:0	mariaosm	mariaosm	NA	1	1	NA	10485760	876406	3-00:00:00	56	NA
2375	POU4F2_TGIF2LX_TCTTGC40NTTC_YVII_TGTCATNAATAANNNAN_2_3	TGTCATNAATAANNNAN	29356094_375	29356094	375	2025-08-22 09:40:42	puhti	COMPLETED	207	0:0	mariaosm	mariaosm	NA	1	1	03:04.882	10485760	5863	3-00:00:00	207	NA
2376	POU4F3_CREM_TAAGTT40NGAT_YLIII_GACGTCNNNNNNNNNNNNTATGCA_1_3	GACGTCNNNNNNNNNNNNTATGCA	29356094_376	29356094	376	2025-08-22 09:40:42	puhti	COMPLETED	230496	0:0	mariaosm	mariaosm	NA	1	1	NA	10485760	7348	3-00:00:00	230496	2-16:01:36
2377	POU4F3_FOXD2_TAAGTT40NGAT_YWI_NATGCAYWANRYAAACAN_1_3	NATGCAYWANRYAAACAN	29356094_377	29356094	377	2025-08-22 09:40:42	puhti	COMPLETED	214	0:0	mariaosm	mariaosm	NA	1	1	03:11.852	10485760	5859	3-00:00:00	214	NA
2378	POU4F3_SOX11_TACCAT40NGCG_YUIII_NTNAWTAAACAATRN_1_3	NTNAWTAAACAATRN	29356094_378	29356094	378	2025-08-22 09:40:42	puhti	COMPLETED	74	0:0	mariaosm	mariaosm	NA	1	1	NA	10485760	5810	3-00:00:00	74	NA
2379	POU4F3_TBX21_TAAGTT40NGAT_YYI_NAGGTGTNAATTATTNAN_1_3	NAGGTGTNAATTATTNAN	29356094_379	29356094	379	2025-08-22 09:40:42	puhti	COMPLETED	84	0:0	mariaosm	mariaosm	NA	1	1	01:03.127	10485760	5780	3-00:00:00	84	NA
2380	POU4F3_TGIF2LX_TAAGTT40NGAT_YVII_NTGTCAATWATKCAN_1_3	NTGTCAATWATKCAN	29356094_380	29356094	380	2025-08-22 09:40:42	puhti	COMPLETED	27	0:0	mariaosm	mariaosm	NA	1	1	NA	10485760	3278	3-00:00:00	27	NA
2381	POU4F3_TGIF2LX_TAAGTT40NGAT_YVII_TGTCATNAATAANNNAN_2_3	TGTCATNAATAANNNAN	29356094_381	29356094	381	2025-08-22 09:40:42	puhti	COMPLETED	227	0:0	mariaosm	mariaosm	NA	1	1	03:43.603	10485760	6103	3-00:00:00	227	NA
2382	PRDM1_FOXD2_TGCGAG40NTTC_YWI_NWANRYAAACAAKNGAAAGT_2_3	NWANRYAAACAAKNGAAAGT	29356094_382	29356094	382	2025-08-22 09:40:42	puhti	COMPLETED	261	0:0	mariaosm	mariaosm	NA	1	1	04:17.343	10485760	6113	3-00:00:00	261	NA
2383	PROP1_FLI1_TCCCTT40NCTCC_YYIII_NCCGGAAGTAATTAN_1_3	NCCGGAAGTAATTAN	29356094_383	29356094	383	2025-08-22 09:40:42	puhti	COMPLETED	16	0:0	mariaosm	mariaosm	NA	1	1	NA	10485760	3270	3-00:00:00	16	NA
2384	PROP1_PAX2_TCCCTT40NCTCC_YZII_YRWTTAGTCACGSNYNRNYRN_2_3	YRWTTAGTCACGSNYNRNYRN	29356094_384	29356094	384	2025-08-22 09:40:42	puhti	COMPLETED	17863	0:0	mariaosm	mariaosm	NA	1	1	04:55:44	10485760	6251	3-00:00:00	17863	04:57:41
2385	PROP1_TBX21_TGTAGC40NCCT_YYI_NAGGTGTTAATTRN_1_3	NAGGTGTTAATTRN	29356094_385	29356094	385	2025-08-22 09:40:42	puhti	COMPLETED	23	0:0	mariaosm	mariaosm	NA	1	1	NA	10485760	3278	3-00:00:00	23	NA
2386	PROX1_HOXA2_TCATAA40NAGC_YJI_NTAATTAAAGAN_1_3	NTAATTAAAGAN	29356094_386	29356094	386	2025-08-22 09:40:42	puhti	COMPLETED	20	0:0	mariaosm	mariaosm	NA	1	1	NA	10485760	3276	3-00:00:00	20	NA
2387	PROX1_HOXB2_TCATAA40NAGC_YUI_NYMATTWAAGNNNNCTTN_1_3	NYMATTWAAGNNNNCTTN	29356094_387	29356094	387	2025-08-22 09:40:42	puhti	COMPLETED	8567	0:0	mariaosm	mariaosm	NA	1	1	02:21:37	10485760	5808	3-00:00:00	8567	02:22:45
2388	PROX2_HOXA2_TAACCT40NCGG_YJI_NTAATTWAAGNNNNCTTN_1_3	NTAATTWAAGNNNNCTTN	29356094_388	29356094	388	2025-08-22 09:40:42	puhti	COMPLETED	1835	0:0	mariaosm	mariaosm	NA	1	1	30:21.630	10485760	5811	3-00:00:00	1835	NA
2389	PROX2_HOXB2_TAACCT40NCGG_YUI_NYMATTWAAGNNNNCTTN_1_3	NYMATTWAAGNNNNCTTN	29356094_389	29356094	389	2025-08-22 09:40:42	puhti	COMPLETED	8358	0:0	mariaosm	mariaosm	NA	1	1	02:18:06	10485760	5805	3-00:00:00	8358	02:19:16
2390	PROX2_MAFK_TAACCT40NCGG_YPIIII_NGTAAGGCGTCATCN_2_3	NGTAAGGCGTCATCN	29356094_390	29356094	390	2025-08-22 09:40:42	puhti	COMPLETED	21	0:0	mariaosm	mariaosm	NA	1	1	NA	10485760	3212	3-00:00:00	21	NA
2391	PRRX1_ELF1_TACATC40NCAAG_YADIIII_NCGGAANYAATTAN_1_3	NCGGAANYAATTAN	29356094_391	29356094	391	2025-08-22 09:40:42	puhti	COMPLETED	33	0:0	mariaosm	mariaosm	NA	1	1	NA	10485760	5767	3-00:00:00	33	NA
2392	PRRX1_FLI1_TACATC40NCAAG_YYIII_NCCGGAAGTAATTAN_1_3	NCCGGAAGTAATTAN	29356094_392	29356094	392	2025-08-22 09:40:42	puhti	COMPLETED	18	0:0	mariaosm	mariaosm	NA	1	1	NA	10485760	3268	3-00:00:00	18	NA
2393	PRRX1_NFKB2_TACATC40NCAAG_YADI_NTAATTANNNNNNNNNNNTTYCCCN_1_3	NTAATTANNNNNNNNNNNTTYCCCN	29356094_393	29356094	393	2025-08-22 09:40:42	puhti	CANCELLED	259229	0:0	mariaosm	mariaosm	NA	1	1	NA	10485760	9510991	3-00:00:00	259233	3-00:00:29
2394	PRRX1_TBX21_TACTGA40NACC_YYI_NAGGTGTTAATTRN_1_3	NAGGTGTTAATTRN	29356094_394	29356094	394	2025-08-22 09:40:42	puhti	COMPLETED	20	0:0	mariaosm	mariaosm	NA	1	1	NA	10485760	3202	3-00:00:00	20	NA
2395	PRRX1_TEAD4_TACATC40NCAAG_YJII_YAATTAACATTCC_1_3	YAATTAACATTCC	29356094_395	29356094	395	2025-08-22 09:40:42	puhti	COMPLETED	16	0:0	mariaosm	mariaosm	NA	1	1	NA	10485760	3270	3-00:00:00	16	NA
2396	PTF1A_NKX6-1_TCTGCC40NCAC_YVIII_NCASCTGNNNTMATTAN_1_3	NCASCTGNNNTMATTAN	29356094_396	29356094	396	2025-08-22 09:40:42	puhti	COMPLETED	641	0:0	mariaosm	mariaosm	NA	1	1	10:35.306	10485760	5754	3-00:00:00	641	NA
2397	RAX_TGIF2LX_TGCATA40NTCA_YVII_NMTGTCAATTAN_1_3	NMTGTCAATTAN	29356094_397	29356094	397	2025-08-22 09:40:42	puhti	COMPLETED	20	0:0	mariaosm	mariaosm	NA	1	1	NA	10485760	3274	3-00:00:00	20	NA
2398	RFX5_CREM_TCCCTT40NCAT_YLIII_NTGACGTCANNNGTTGCYRN_1_3	NTGACGTCANNNGTTGCYRN	29356094_398	29356094	398	2025-08-22 09:40:42	puhti	COMPLETED	819	0:0	mariaosm	mariaosm	NA	1	1	13:33.893	10485760	6067	3-00:00:00	819	NA
2399	RFX5_HOXA2_TCCCTT40NCAT_YJI_NGTTGCTAATTRN_1_3	NGTTGCTAATTRN	29356094_399	29356094	399	2025-08-22 09:40:42	puhti	COMPLETED	21	0:0	mariaosm	mariaosm	NA	1	1	NA	10485760	3276	3-00:00:00	21	NA
2400	RFX5_OTP_TTGCAT40NTGG_YPIII_NGTTGCYNNNNNYAATTAN_1_3	NGTTGCYNNNNNYAATTAN	29356094_400	29356094	400	2025-08-22 09:40:42	puhti	COMPLETED	14549	0:0	mariaosm	mariaosm	NA	1	1	04:01:00	10485760	6081	3-00:00:00	14549	04:02:26
2401	RFX5_TBX6_TCCCTT40NCAT_YAAII_NGTTGYYRNNNNGGTGTNRN_1_3	NGTTGYYRNNNNGGTGTNRN	29356094_401	29356094	401	2025-08-22 09:40:42	puhti	COMPLETED	129685	0:0	mariaosm	mariaosm	NA	1	1	1-11:45:17	10485760	6071	3-00:00:00	129685	1-12:01:25
2402	RFX5_TCF3_TCCCTT40NCAT_YIII_NGTTGCYAGGTGN_1_3	NGTTGCYAGGTGN	29356094_402	29356094	402	2025-08-22 09:40:42	puhti	COMPLETED	22	0:0	mariaosm	mariaosm	NA	1	1	NA	10485760	3276	3-00:00:00	22	NA
2403	RUNX3_FOXD2_TCATGT40NCTG_YWI_NWAACCGCAAARTAAACAN_2_3	NWAACCGCAAARTAAACAN	29356094_403	29356094	403	2025-08-22 09:40:42	puhti	COMPLETED	29	0:0	mariaosm	mariaosm	NA	1	1	NA	10485760	5873	3-00:00:00	29	NA
2404	RUNX3_TBX6_TCATGT40NCTG_YAAII_NACCGCAAAAAGGTGTNAN_2_3	NACCGCAAAAAGGTGTNAN	29356094_404	29356094	404	2025-08-22 09:40:42	puhti	COMPLETED	30	0:0	mariaosm	mariaosm	NA	1	1	NA	10485760	5864	3-00:00:00	30	NA
2405	SCRT2_FLI1_TCTTTA40NTAGC_YYIII_NSCGGAAGYGCAACAGGTN_2_3	NSCGGAAGYGCAACAGGTN	29356094_405	29356094	405	2025-08-22 09:40:42	puhti	COMPLETED	30	0:0	mariaosm	mariaosm	NA	1	1	NA	10485760	5864	3-00:00:00	30	NA
2406	SCRT2_TEAD4_TCTTTA40NTAGC_YJII_NKCAACAGGTGCATTCCN_2_3	NKCAACAGGTGCATTCCN	29356094_406	29356094	406	2025-08-22 09:40:42	puhti	COMPLETED	24	0:0	mariaosm	mariaosm	NA	1	1	NA	10485760	3276	3-00:00:00	24	NA
2407	SHOX_FLI1_TGGTCG40NTCGG_YYIII_NCCGGAAGTAATTAN_1_3	NCCGGAAGTAATTAN	29356094_407	29356094	407	2025-08-22 09:40:42	puhti	COMPLETED	21	0:0	mariaosm	mariaosm	NA	1	1	NA	10485760	3278	3-00:00:00	21	NA
2408	SHOX_MEF2D_TGGTCG40NTCGG_YAEII_CCAATTATGG_1_3	CCAATTATGG	29356094_408	29356094	408	2025-08-22 09:40:42	puhti	COMPLETED	18	0:0	mariaosm	mariaosm	NA	1	1	NA	10485760	3276	3-00:00:00	18	NA
2409	SHOX_TBX4_TCCAAG40NAAC_YWII_NAGGTGTTAATTRN_1_3	NAGGTGTTAATTRN	29356094_409	29356094	409	2025-08-22 09:40:42	puhti	COMPLETED	24	0:0	mariaosm	mariaosm	NA	1	1	NA	10485760	3214	3-00:00:00	24	NA
2410	SHOX_TBX4_TCCAAG40NAAC_YWII_NTAATTAGGTGTNRN_1_3	NTAATTAGGTGTNRN	29356094_410	29356094	410	2025-08-22 09:40:42	puhti	COMPLETED	37	0:0	mariaosm	mariaosm	NA	1	1	NA	10485760	5997	3-00:00:00	37	NA
2411	SHOX_TEAD4_TGGTCG40NTCGG_YJII_YAATTAACATTCC_1_3	YAATTAACATTCC	29356094_411	29356094	411	2025-08-22 09:40:42	puhti	COMPLETED	20	0:0	mariaosm	mariaosm	NA	1	1	NA	10485760	3276	3-00:00:00	20	NA
2412	SHOX_TGIF2LX_TCCAAG40NAAC_YVII_NTGTCAATTAN_1_3	NTGTCAATTAN	29356094_412	29356094	412	2025-08-22 09:40:42	puhti	COMPLETED	21	0:0	mariaosm	mariaosm	NA	1	1	NA	10485760	3276	3-00:00:00	21	NA
2413	SIX4_FLI1_TCCGAG40NAGCG_YYIII_NMGGAAGTATCN_1_3	NMGGAAGTATCN	29356094_413	29356094	413	2025-08-22 09:40:42	puhti	COMPLETED	20	0:0	mariaosm	mariaosm	NA	1	1	NA	10485760	3266	3-00:00:00	20	NA
2414	SOHLH2_FLI1_TGGTCG40NTAA_YYIII_NCCGGAWRCACGTGN_1_3	NCCGGAWRCACGTGN	29356094_414	29356094	414	2025-08-22 09:40:42	puhti	COMPLETED	27	0:0	mariaosm	mariaosm	NA	1	1	NA	10485760	3204	3-00:00:00	27	NA
2415	SOX11_TBX4_TGCCAG40NATA_YWII_NACAAWRNNNAGGTGTNRN_2_3	NACAAWRNNNAGGTGTNRN	29356094_415	29356094	415	2025-08-22 09:40:42	puhti	COMPLETED	5924	0:0	mariaosm	mariaosm	NA	1	1	01:38:11	10485760	5963	3-00:00:00	5924	01:38:43
2416	SOX14_TBX4_TGGTGC40NTAG_YWII_NACAAWRNNNAGGTGTNRN_2_3	NACAAWRNNNAGGTGTNRN	29356094_416	29356094	416	2025-08-22 09:40:42	puhti	COMPLETED	5924	0:0	mariaosm	mariaosm	NA	1	1	01:38:12	10485760	5972	3-00:00:00	5924	01:38:43
2417	SOX30_TBX4_TACCCA40NTGT_YWII_NRACAATNNNNAGGTGTNRN_2_3	NRACAATNNNNAGGTGTNRN	29356094_417	29356094	417	2025-08-22 09:40:42	puhti	COMPLETED	17050	0:0	mariaosm	mariaosm	NA	1	1	04:42:25	10485760	5910	3-00:00:00	17050	04:44:09
2418	SOX3_TBX4_TCAGTA40NACC_YWII_NACAAWRNNNAGGTGTNRN_2_3	NACAAWRNNNAGGTGTNRN	29356094_418	29356094	418	2025-08-22 09:40:42	puhti	COMPLETED	6462	0:0	mariaosm	mariaosm	NA	1	1	01:47:01	10485760	5891	3-00:00:00	6462	01:47:41
2419	SOX9_TBX21_TGCCCG40NCTG_YYI_NAGGTGTKGYATTGTTN_2_3	NAGGTGTKGYATTGTTN	29356094_419	29356094	419	2025-08-22 09:40:42	puhti	COMPLETED	31	0:0	mariaosm	mariaosm	NA	1	1	NA	10485760	5891	3-00:00:00	31	NA
2420	SOX9_TBX6_TGCCCG40NCTG_YAAII_NRACAATAGGTGTNRN_1_3	NRACAATAGGTGTNRN	29356094_420	29356094	420	2025-08-22 09:40:42	puhti	COMPLETED	64	0:0	mariaosm	mariaosm	NA	1	1	01:01.558	10485760	6046	3-00:00:00	64	NA
2421	SPIB_FOXD2_TTAGTG40NACC_YWI_NRNGGAWGTTTRTTTWN_1_3	NRNGGAWGTTTRTTTWN	29356094_421	29356094	421	2025-08-22 09:40:42	puhti	COMPLETED	200	0:0	mariaosm	mariaosm	NA	1	1	03:16.406	10485760	6188	3-00:00:00	200	NA
2422	SPIB_HOXC10_TGGCTA40NTGCG_YAEIII_NWWWRHGGAAGTMRTAAAN_1_3	NWWWRHGGAAGTMRTAAAN	29356094_422	29356094	422	2025-08-22 09:40:42	puhti	COMPLETED	552	0:0	mariaosm	mariaosm	NA	1	1	09:06.306	10485760	6796	3-00:00:00	552	NA
2423	SPIB_TBX21_TTAGTG40NACC_YYI_NRGGTGTNANRNGGAAG_1_3	NRGGTGTNANRNGGAAG	29356094_423	29356094	423	2025-08-22 09:40:42	puhti	COMPLETED	182	0:0	mariaosm	mariaosm	NA	1	1	02:54.943	10485760	5913	3-00:00:00	182	NA
2424	SPIB_TBX4_TTAGTG40NACC_YWII_NAGGTGTNNNNNNNNGGAAGTN_1_3	NAGGTGTNNNNNNNNGGAAGTN	29356094_424	29356094	424	2025-08-22 09:40:42	puhti	CANCELLED	259229	0:0	mariaosm	mariaosm	NA	1	1	NA	10485760	9644705	3-00:00:00	259233	3-00:00:29
2425	SPIB_TEAD4_TGGCTA40NTGCG_YJII_NGGAATGCGGAAGTN_2_3	NGGAATGCGGAAGTN	29356094_425	29356094	425	2025-08-22 09:40:42	puhti	COMPLETED	23	0:0	mariaosm	mariaosm	NA	1	1	NA	10485760	3270	3-00:00:00	23	NA
2426	SREBF2_FLI1_TTCAGT40NTTTC_YYIII_NTCACGCCACCGGAWRYN_2_3	NTCACGCCACCGGAWRYN	29356094_426	29356094	426	2025-08-22 09:40:42	puhti	COMPLETED	39	0:0	mariaosm	mariaosm	NA	1	1	NA	10485760	5785	3-00:00:00	39	NA
2427	SRF_FOXA1_TTCGAG40NCATT_YWII_NCAAATATTGAN_1_3	NCAAATATTGAN	29356094_427	29356094	427	2025-08-22 09:40:42	puhti	COMPLETED	18	0:0	mariaosm	mariaosm	NA	1	1	NA	10485760	3270	3-00:00:00	18	NA
2428	SRF_TBX21_TAGGAC40NACA_YYI_CCWWWWWAGGTGTGAN_1_3	CCWWWWWAGGTGTGAN	29356094_428	29356094	428	2025-08-22 09:40:42	puhti	COMPLETED	35	0:0	mariaosm	mariaosm	NA	1	1	NA	10485760	5752	3-00:00:00	35	NA
2429	TBX20_HOXA2_TAACCA40NGGT_YJI_NAGGTGYTAATTRN_1_3	NAGGTGYTAATTRN	29356094_429	29356094	429	2025-08-22 09:40:42	puhti	COMPLETED	25	0:0	mariaosm	mariaosm	NA	1	1	NA	10485760	3266	3-00:00:00	25	NA
2430	TBX20_NKX6-1_TGTTCG40NGAC_YVIII_NAGGTGWTAATTRN_1_3	NAGGTGWTAATTRN	29356094_430	29356094	430	2025-08-22 09:40:42	puhti	COMPLETED	38	0:0	mariaosm	mariaosm	NA	1	1	NA	10485760	5814	3-00:00:00	38	NA
2431	TBX21_HOXA2_TACCTG40NACG_YJI_NTAATKARGTGTKAN_1_3	NTAATKARGTGTKAN	29356094_431	29356094	431	2025-08-22 09:40:42	puhti	COMPLETED	34	0:0	mariaosm	mariaosm	NA	1	1	NA	10485760	5799	3-00:00:00	34	NA
2432	TBX21_HOXB2_TACCTG40NACG_YUI_NAGGTGYTAATKRN_1_3	NAGGTGYTAATKRN	29356094_432	29356094	432	2025-08-22 09:40:42	puhti	COMPLETED	44	0:0	mariaosm	mariaosm	NA	1	1	NA	10485760	5798	3-00:00:00	44	NA
2433	TBX21_OTP_TTTAAG40NAGC_YPIII_NAGGTGTTAATTR_1_3	NAGGTGTTAATTR	29356094_433	29356094	433	2025-08-22 09:40:42	puhti	COMPLETED	18	0:0	mariaosm	mariaosm	NA	1	1	NA	10485760	3214	3-00:00:00	18	NA
2434	TBX21_RUNX2_TTTAAG40NAGC_YII_NACCGCANNNAGGTGYNAN_2_3	NACCGCANNNAGGTGYNAN	29356094_434	29356094	434	2025-08-22 09:40:42	puhti	COMPLETED	1618	0:0	mariaosm	mariaosm	NA	1	1	26:46.507	10485760	6065	3-00:00:00	1618	NA
2435	TBX21_TEAD4_TTTAAG40NAGC_YJII_AGGYGTGANATTCC_2_3	AGGYGTGANATTCC	29356094_435	29356094	435	2025-08-22 09:40:42	puhti	COMPLETED	18	0:0	mariaosm	mariaosm	NA	1	1	NA	10485760	3278	3-00:00:00	18	NA
2436	TBX2_HOXB2_TTACTA40NAGG_YUI_AGGTGTTAATKR_1_3	AGGTGTTAATKR	29356094_436	29356094	436	2025-08-22 09:40:42	puhti	COMPLETED	17	0:0	mariaosm	mariaosm	NA	1	1	NA	10485760	3278	3-00:00:00	17	NA
2437	TBX3_FLI1_TAACAT40NATG_YYIII_NCCGGAWRTNACACCYN_1_3	NCCGGAWRTNACACCYN	29356094_437	29356094	437	2025-08-22 09:40:42	puhti	COMPLETED	92	0:0	mariaosm	mariaosm	NA	1	1	01:29.026	10485760	6067	3-00:00:00	92	NA
2438	TBX3_GABPA_TCACGA40NTTA_YYIIII_NCCGGAAGTNACACCTN_1_3	NCCGGAAGTNACACCTN	29356094_438	29356094	438	2025-08-22 09:40:42	puhti	COMPLETED	28	0:0	mariaosm	mariaosm	NA	1	1	NA	10485760	3212	3-00:00:00	28	NA
2439	TBX3_HOXA2_TCACGA40NTTA_YJI_NAGGTGTTAATTRN_1_3	NAGGTGTTAATTRN	29356094_439	29356094	439	2025-08-22 09:40:42	puhti	COMPLETED	50	0:0	mariaosm	mariaosm	NA	1	1	NA	10485760	3276	3-00:00:00	50	NA
2440	TBX3_IRF7_TAACAT40NATG_YAEIIII_YGAAASTNACACCT_1_3	YGAAASTNACACCT	29356094_440	29356094	440	2025-08-22 09:40:42	puhti	COMPLETED	20	0:0	mariaosm	mariaosm	NA	1	1	NA	10485760	3276	3-00:00:00	20	NA
2441	TBX3_TEAD4_TAACAT40NATG_YJII_NASGTGTGAMATTCCN_2_3	NASGTGTGAMATTCCN	29356094_441	29356094	441	2025-08-22 09:40:42	puhti	COMPLETED	28	0:0	mariaosm	mariaosm	NA	1	1	NA	10485760	3276	3-00:00:00	28	NA
2442	TBX4_EVX2_TGCAGG40NTCG_YZIIII_NTAATKAGGTGTNAN_1_3	NTAATKAGGTGTNAN	29356094_442	29356094	442	2025-08-22 09:40:42	puhti	COMPLETED	36	0:0	mariaosm	mariaosm	NA	1	1	NA	10485760	5804	3-00:00:00	36	NA
2443	TBX4_HOXA2_TTAGAT40NGTG_YJI_NTAATKARGTGTNN_1_3	NTAATKARGTGTNN	29356094_443	29356094	443	2025-08-22 09:40:42	puhti	COMPLETED	55	0:0	mariaosm	mariaosm	NA	1	1	NA	10485760	5715	3-00:00:00	55	NA
2444	TBX4_IRF8_TGCAGG40NTCG_YQIIII_NCGAAACNNNNNNYNACACCYN_1_3	NCGAAACNNNNNNYNACACCYN	29356094_444	29356094	444	2025-08-22 09:40:42	puhti	CANCELLED	259212	0:0	mariaosm	mariaosm	NA	1	1	NA	10485760	9689980	3-00:00:00	259215	3-00:00:12
2445	TBX4_OTP_TGCAGG40NTCG_YPIII_NAGGTGTTAATTR_1_3	NAGGTGTTAATTR	29356094_445	29356094	445	2025-08-22 09:40:42	puhti	COMPLETED	17	0:0	mariaosm	mariaosm	NA	1	1	NA	10485760	3212	3-00:00:00	17	NA
2446	TCF12_FLI1_TGAACA40NTACT_YYIII_NCGGAWRCACCTGN_1_3	NCGGAWRCACCTGN	29356094_446	29356094	446	2025-08-22 09:40:42	puhti	COMPLETED	55	0:0	mariaosm	mariaosm	NA	1	1	NA	10485760	767739	3-00:00:00	55	NA
2447	TCF12_FOXA1_TGAACA40NTACT_YWII_NCACCTGNRYAAAYAN_1_3	NCACCTGNRYAAAYAN	29356094_447	29356094	447	2025-08-22 09:40:42	puhti	COMPLETED	81	0:0	mariaosm	mariaosm	NA	1	1	01:19.628	10485760	5906	3-00:00:00	81	NA
2448	TCF12_FOXD2_TGGTCC40NTTC_YWI_NCACCTGWAATAACAN_1_3	NCACCTGWAATAACAN	29356094_448	29356094	448	2025-08-22 09:40:42	puhti	COMPLETED	45	0:0	mariaosm	mariaosm	NA	1	1	NA	10485760	692754	3-00:00:00	45	NA
2449	TCF12_FOXD2_TGGTCC40NTTC_YWI_NCACCTGWRYAAACAN_1_3	NCACCTGWRYAAACAN	29356094_449	29356094	449	2025-08-22 09:40:42	puhti	COMPLETED	59	0:0	mariaosm	mariaosm	NA	1	1	NA	10485760	692357	3-00:00:00	59	NA
2450	TCF12_FOXD3_TGGTCC40NTTC_YWIIII_NCACCTGNAAYAACN_1_3	NCACCTGNAAYAACN	29356094_450	29356094	450	2025-08-22 09:40:42	puhti	COMPLETED	57	0:0	mariaosm	mariaosm	NA	1	1	NA	10485760	692207	3-00:00:00	57	NA
2451	TCF12_FOXD3_TGGTCC40NTTC_YWIIII_NCACCTGNRYAAACN_1_3	NCACCTGNRYAAACN	29356094_451	29356094	451	2025-08-22 09:40:42	puhti	COMPLETED	73	0:0	mariaosm	mariaosm	NA	1	1	NA	10485760	6145	3-00:00:00	73	NA
2452	TCF12_NEUROG2_TGAACA40NTACT_YVII_NAMCATCTGTTN_1_3	NAMCATCTGTTN	29356094_452	29356094	452	2025-08-22 09:40:42	puhti	COMPLETED	44	0:0	mariaosm	mariaosm	NA	1	1	NA	10485760	692284	3-00:00:00	44	NA
2453	TCF15_TBX21_TCTCTG40NGAA_YYI_NCATATGNNAGGTGTGAN_1_3	NCATATGNNAGGTGTGAN	29356094_453	29356094	453	2025-08-22 09:40:42	puhti	COMPLETED	82	0:0	mariaosm	mariaosm	NA	1	1	NA	10485760	6153	3-00:00:00	82	NA
2454	TCF4_FLI1_TTTCAC40NGTG_YYIII_NSCGGAWRCACCTGN_1_3	NSCGGAWRCACCTGN	29356094_454	29356094	454	2025-08-22 09:40:42	puhti	COMPLETED	34	0:0	mariaosm	mariaosm	NA	1	1	NA	10485760	5944	3-00:00:00	34	NA
2455	TCF4_FLI1_TTTCAC40NGTG_YYIII_NSCGGAWRCAGGTGN_1_3	NSCGGAWRCAGGTGN	29356094_455	29356094	455	2025-08-22 09:40:42	puhti	COMPLETED	41	0:0	mariaosm	mariaosm	NA	1	1	NA	10485760	5957	3-00:00:00	41	NA
2456	TCF4_FOXA1_TTTCAC40NGTG_YWII_NCACCTGNRYAAAYAN_1_3	NCACCTGNRYAAAYAN	29356094_456	29356094	456	2025-08-22 09:40:42	puhti	COMPLETED	86	0:0	mariaosm	mariaosm	NA	1	1	01:23.421	10485760	5950	3-00:00:00	86	NA
2457	TCF4_FOXD2_TAAGAT40NATG_YWI_NCACCTGWAATAACAN_1_3	NCACCTGWAATAACAN	29356094_457	29356094	457	2025-08-22 09:40:42	puhti	COMPLETED	20	0:0	mariaosm	mariaosm	NA	1	1	NA	10485760	3278	3-00:00:00	20	NA
2458	TCF4_FOXD2_TAAGAT40NATG_YWI_NCACCTGWRYAAACAN_1_3	NCACCTGWRYAAACAN	29356094_458	29356094	458	2025-08-22 09:40:42	puhti	COMPLETED	48	0:0	mariaosm	mariaosm	NA	1	1	NA	10485760	5929	3-00:00:00	48	NA
2459	TCF4_FOXD3_TAAGAT40NATG_YWIIII_NCACCTGNAAYAACN_1_3	NCACCTGNAAYAACN	29356094_459	29356094	459	2025-08-22 09:40:42	puhti	COMPLETED	33	0:0	mariaosm	mariaosm	NA	1	1	NA	10485760	5954	3-00:00:00	33	NA
2460	TCF4_FOXD3_TAAGAT40NATG_YWIIII_NCACCTGNRYAAACN_1_3	NCACCTGNRYAAACN	29356094_460	29356094	460	2025-08-22 09:40:42	puhti	COMPLETED	48	0:0	mariaosm	mariaosm	NA	1	1	NA	10485760	5871	3-00:00:00	48	NA
2461	TCF4_NEUROG1_TAAGAT40NATG_YAEII_NMCATCTGTTN_1_3	NMCATCTGTTN	29356094_461	29356094	461	2025-08-22 09:40:42	puhti	COMPLETED	36	0:0	mariaosm	mariaosm	NA	1	1	NA	10485760	5874	3-00:00:00	36	NA
2462	TCF4_NEUROG2_TTTCAC40NGTG_YVII_NCCATCTGTTN_1_3	NCCATCTGTTN	29356094_462	29356094	462	2025-08-22 09:40:42	puhti	COMPLETED	16	0:0	mariaosm	mariaosm	NA	1	1	NA	10485760	3276	3-00:00:00	16	NA
2463	TCF7_FOXD2_TCGGGT40NAAG_YWI_ATCAAANNNNNRTAAACAN_2_3	ATCAAANNNNNRTAAACAN	29356094_463	29356094	463	2025-08-22 09:40:42	puhti	COMPLETED	1358	0:0	mariaosm	mariaosm	NA	1	1	22:20.767	10485760	5942	3-00:00:00	1358	NA
2464	TCF7_PAX2_TGAAGA40NACAG_YZII_GTCACGCNYSNNYGATCAAA_2_3	GTCACGCNYSNNYGATCAAA	29356094_464	29356094	464	2025-08-22 09:40:42	puhti	COMPLETED	122	0:0	mariaosm	mariaosm	NA	1	1	01:59.196	10485760	5816	3-00:00:00	122	NA
2465	TFAP2C_TBX21_TCTTTA40NGGA_YYI_NTGCCCNNNGGGTGTKAN_1_3	NTGCCCNNNGGGTGTKAN	29356094_465	29356094	465	2025-08-22 09:40:42	puhti	COMPLETED	359	0:0	mariaosm	mariaosm	NA	1	1	05:54.422	10485760	5882	3-00:00:00	359	NA
2466	TFAP4_ETV4_TCTGAA40NAACT_YSIII_NCAGCTGNCGGAWRTN_1_3	NCAGCTGNCGGAWRTN	29356094_466	29356094	466	2025-08-22 09:40:42	puhti	COMPLETED	62	0:0	mariaosm	mariaosm	NA	1	1	NA	10485760	5829	3-00:00:00	62	NA
2467	TFAP4_ETV4_TCTGAA40NAACT_YSIII_NRSCGGAANCAGCTGN_1_3	NRSCGGAANCAGCTGN	29356094_467	29356094	467	2025-08-22 09:40:42	puhti	COMPLETED	101	0:0	mariaosm	mariaosm	NA	1	1	NA	10485760	5867	3-00:00:00	101	NA
2468	TFAP4_FLI1_TCTGAA40NAACT_YYIII_NCGGAWRCAGCTGN_1_3	NCGGAWRCAGCTGN	29356094_468	29356094	468	2025-08-22 09:40:42	puhti	COMPLETED	70	0:0	mariaosm	mariaosm	NA	1	1	NA	10485760	5838	3-00:00:00	70	NA
2469	TFAP4_FLI1_TCTGAA40NAACT_YYIII_NCGGAWRYCAGCTGN_1_3	NCGGAWRYCAGCTGN	29356094_469	29356094	469	2025-08-22 09:40:42	puhti	COMPLETED	79	0:0	mariaosm	mariaosm	NA	1	1	NA	10485760	5812	3-00:00:00	79	NA
2470	TFAP4_FOXA1_TCTGAA40NAACT_YWII_NCAGCTGNRYAAAYAN_1_3	NCAGCTGNRYAAAYAN	29356094_470	29356094	470	2025-08-22 09:40:42	puhti	COMPLETED	137	0:0	mariaosm	mariaosm	NA	1	1	01:30.071	10485760	5983	3-00:00:00	137	NA
2471	TFAP4_FOXD2_TACTGT40NCGC_YWI_NCAGCTGWAATAACAN_2_3	NCAGCTGWAATAACAN	29356094_471	29356094	471	2025-08-22 09:40:42	puhti	COMPLETED	67	0:0	mariaosm	mariaosm	NA	1	1	NA	10485760	5828	3-00:00:00	67	NA
2472	TFAP4_FOXD2_TACTGT40NCGC_YWI_NCAGCTGWRYAAACAN_2_3	NCAGCTGWRYAAACAN	29356094_472	29356094	472	2025-08-22 09:40:42	puhti	COMPLETED	81	0:0	mariaosm	mariaosm	NA	1	1	NA	10485760	5832	3-00:00:00	81	NA
2473	TFAP4_FOXD3_TACTGT40NCGC_YWIIII_NCAGCTGNAATAACN_2_3	NCAGCTGNAATAACN	29356094_473	29356094	473	2025-08-22 09:40:42	puhti	COMPLETED	70	0:0	mariaosm	mariaosm	NA	1	1	NA	10485760	5823	3-00:00:00	70	NA
2474	TFAP4_FOXD3_TACTGT40NCGC_YWIIII_NCAGCTGNRYAAACN_2_3	NCAGCTGNRYAAACN	29356094_474	29356094	474	2025-08-22 09:40:42	puhti	COMPLETED	54	0:0	mariaosm	mariaosm	NA	1	1	NA	10485760	5813	3-00:00:00	54	NA
2475	TFAP4_FOXD3_TACTGT40NCGC_YWIIII_NCANNTGWAATAACN_1_3	NCANNTGWAATAACN	29356094_475	29356094	475	2025-08-22 09:40:42	puhti	COMPLETED	91	0:0	mariaosm	mariaosm	NA	1	1	01:28.887	10485760	5808	3-00:00:00	91	NA
2476	TFAP4_GABPA_TACTGT40NCGC_YYIIII_NACCGGAWRCAGCTGN_1_3	NACCGGAWRCAGCTGN	29356094_476	29356094	476	2025-08-22 09:40:42	puhti	COMPLETED	34	0:0	mariaosm	mariaosm	NA	1	1	NA	10485760	3278	3-00:00:00	34	NA
2477	TFAP4_IRF7_TCTGAA40NAACT_YAEIIII_NCAGCTGNNCGAAAN_2_3	NCAGCTGNNCGAAAN	29356094_477	29356094	477	2025-08-22 09:40:42	puhti	COMPLETED	57	0:0	mariaosm	mariaosm	NA	1	1	NA	10485760	5804	3-00:00:00	57	NA
2478	TFAP4_TBX21_TACTGT40NCGC_YYI_NAGGTGTCAGCTGN_1_3	NAGGTGTCAGCTGN	29356094_478	29356094	478	2025-08-22 09:40:42	puhti	COMPLETED	33	0:0	mariaosm	mariaosm	NA	1	1	NA	10485760	3276	3-00:00:00	33	NA
2479	TFAP4_TGIF2LX_TACTGT40NCGC_YVII_NCAGCTGACAN_1_3	NCAGCTGACAN	29356094_479	29356094	479	2025-08-22 09:40:42	puhti	COMPLETED	18	0:0	mariaosm	mariaosm	NA	1	1	NA	10485760	3276	3-00:00:00	18	NA
2480	TFE3_CUX2_TACAGA40NTATT_YKI_CACGTGATCGAT_1_3	CACGTGATCGAT	29356094_480	29356094	480	2025-08-22 09:40:42	puhti	COMPLETED	17	0:0	mariaosm	mariaosm	NA	1	1	NA	10485760	3274	3-00:00:00	17	NA
2481	TFE3_ETV4_TACAGA40NTATT_YSIII_NCACGTGNNMGGAWRYN_1_3	NCACGTGNNMGGAWRYN	29356094_481	29356094	481	2025-08-22 09:40:42	puhti	COMPLETED	717	0:0	mariaosm	mariaosm	NA	1	1	11:49.812	10485760	5759	3-00:00:00	717	NA
2482	TFE3_FLI1_TACAGA40NTATT_YYIII_NRMCGGAAACACGTGN_1_3	NRMCGGAAACACGTGN	29356094_482	29356094	482	2025-08-22 09:40:42	puhti	COMPLETED	23	0:0	mariaosm	mariaosm	NA	1	1	NA	10485760	3276	3-00:00:00	23	NA
2483	TFE3_FLI1_TACAGA40NTATT_YYIII_NRMCGGAARTCACGTGN_1_3	NRMCGGAARTCACGTGN	29356094_483	29356094	483	2025-08-22 09:40:42	puhti	COMPLETED	34	0:0	mariaosm	mariaosm	NA	1	1	NA	10485760	6161	3-00:00:00	34	NA
2484	TFE3_GABPA_TGCAGT40NAAG_YYIIII_NCACGTGACCGGAWRN_1_3	NCACGTGACCGGAWRN	29356094_484	29356094	484	2025-08-22 09:40:42	puhti	COMPLETED	23	0:0	mariaosm	mariaosm	NA	1	1	NA	10485760	3278	3-00:00:00	23	NA
2485	TFEC_ETV5_TTATGG40NCGTT_YKII_NCACGTGACCGGAWGTN_2_3	NCACGTGACCGGAWGTN	29356094_485	29356094	485	2025-08-22 09:40:42	puhti	COMPLETED	19	0:0	mariaosm	mariaosm	NA	1	1	NA	10485760	3274	3-00:00:00	19	NA
2486	TGIF2_ATF7_TGGACT40NAAT_YJI_NTGACGTATGTCAN_1_3	NTGACGTATGTCAN	29356094_486	29356094	486	2025-08-22 09:40:42	puhti	COMPLETED	28	0:0	mariaosm	mariaosm	NA	1	1	NA	10485760	3210	3-00:00:00	28	NA
2487	TGIF2_ELK3_TGGGTC40NAAG_YAFI_NRCMGGAAGTGACAN_1_3	NRCMGGAAGTGACAN	29356094_487	29356094	487	2025-08-22 09:40:42	puhti	COMPLETED	28	0:0	mariaosm	mariaosm	NA	1	1	NA	10485760	3214	3-00:00:00	28	NA
2488	TGIF2_EVX2_TGGACT40NAAT_YZIIII_MTGTCATTAN_1_3	MTGTCATTAN	29356094_488	29356094	488	2025-08-22 09:40:42	puhti	COMPLETED	16	0:0	mariaosm	mariaosm	NA	1	1	NA	10485760	3268	3-00:00:00	17	NA
2489	TGIF2_GCM1_TGGGTC40NAAG_YACII_NRTRCKGGYTGTCAN_1_3	NRTRCKGGYTGTCAN	29356094_489	29356094	489	2025-08-22 09:40:42	puhti	COMPLETED	51	0:0	mariaosm	mariaosm	NA	1	1	NA	10485760	5756	3-00:00:00	51	NA
2490	TGIF2_HOXB2_TGGGTC40NAAG_YUI_NMTGTCATTAN_1_3	NMTGTCATTAN	29356094_490	29356094	490	2025-08-22 09:40:42	puhti	COMPLETED	20	0:0	mariaosm	mariaosm	NA	1	1	NA	10485760	3266	3-00:00:00	20	NA
2491	TGIF2_HOXB5_TGGGTC40NAAG_YVIII_NTGTCATTAN_1_3	NTGTCATTAN	29356094_491	29356094	491	2025-08-22 09:40:42	puhti	COMPLETED	19	0:0	mariaosm	mariaosm	NA	1	1	NA	10485760	3212	3-00:00:00	19	NA
2492	TGIF2_HOXC10_TGGACT40NAAT_YAEIII_NYGTCATWAAN_1_3	NYGTCATWAAN	29356094_492	29356094	492	2025-08-22 09:40:42	puhti	COMPLETED	25	0:0	mariaosm	mariaosm	NA	1	1	NA	10485760	3276	3-00:00:00	25	NA
2493	TGIF2_ISL2_TGGGTC40NAAG_YUIII_NCTGTCAATTAN_1_3	NCTGTCAATTAN	29356094_493	29356094	493	2025-08-22 09:40:42	puhti	COMPLETED	20	0:0	mariaosm	mariaosm	NA	1	1	NA	10485760	3268	3-00:00:00	20	NA
2494	TGIF2_LMX1B_TGGGTC40NAAG_YVIIII_NTGTCAATTAAN_1_3	NTGTCAATTAAN	29356094_494	29356094	494	2025-08-22 09:40:42	puhti	COMPLETED	20	0:0	mariaosm	mariaosm	NA	1	1	NA	10485760	3268	3-00:00:00	20	NA
2495	TGIF2_MYBL2_TGGGTC40NAAG_YABI_TGACANCCGTT_1_3	TGACANCCGTT	29356094_495	29356094	495	2025-08-22 09:40:42	puhti	COMPLETED	18	0:0	mariaosm	mariaosm	NA	1	1	NA	10485760	3270	3-00:00:00	18	NA
2496	TGIF2_SOX11_TGGACT40NAAT_YUIII_NACAATGACAN_1_3	NACAATGACAN	29356094_496	29356094	496	2025-08-22 09:40:42	puhti	COMPLETED	20	0:0	mariaosm	mariaosm	NA	1	1	NA	10485760	3268	3-00:00:00	20	NA
2497	TGIF2_TBX21_TGGGTC40NAAG_YYI_NAGGTGTCAWN_1_3	NAGGTGTCAWN	29356094_497	29356094	497	2025-08-22 09:40:42	puhti	COMPLETED	22	0:0	mariaosm	mariaosm	NA	1	1	NA	10485760	3268	3-00:00:00	22	NA
2498	TGIF2_TBX21_TGGGTC40NAAG_YYI_NAGGTGTGACAN_1_3	NAGGTGTGACAN	29356094_498	29356094	498	2025-08-22 09:40:42	puhti	COMPLETED	18	0:0	mariaosm	mariaosm	NA	1	1	NA	10485760	3204	3-00:00:00	18	NA
2499	TGIF2_TBX21_TGGGTC40NAAG_YYI_NTGACAGGTGTCAN_1_3	NTGACAGGTGTCAN	29356094_499	29356094	499	2025-08-22 09:40:42	puhti	COMPLETED	18	0:0	mariaosm	mariaosm	NA	1	1	NA	10485760	3214	3-00:00:00	18	NA
2500	TGIF2_TBX21_TGGGTC40NAAG_YYI_NTGACGTGTGAN_1_3	NTGACGTGTGAN	29356094_500	29356094	500	2025-08-22 09:40:42	puhti	COMPLETED	18	0:0	mariaosm	mariaosm	NA	1	1	NA	10485760	3278	3-00:00:00	18	NA
2501	TGIF2_TBX4_TGGGTC40NAAG_YWII_NAGGTGTGACAN_1_3	NAGGTGTGACAN	29356233_501	29356233	501	2025-08-22 09:41:37	puhti	COMPLETED	48	0:0	mariaosm	mariaosm	NA	1	1	NA	10485760	770900	3-00:00:00	48	NA
2502	TLX2_FOXA1_TTGATG40NATC_YWII_NTAATTRNNNNNRYAAAYAN_1_3	NTAATTRNNNNNRYAAAYAN	29356233_502	29356233	502	2025-08-22 09:41:37	puhti	COMPLETED	97087	0:0	mariaosm	mariaosm	NA	1	1	1-02:47:42	10485760	6180	3-00:00:00	97087	1-02:58:07
2503	TLX2_TBX21_TTCTTT40NCAG_YYI_NAGGTGTTAATTRN_1_3	NAGGTGTTAATTRN	29356233_503	29356233	503	2025-08-22 09:41:37	puhti	COMPLETED	18	0:0	mariaosm	mariaosm	NA	1	1	NA	10485760	3214	3-00:00:00	18	NA
2504	TLX2_TBX4_TTCTTT40NCAG_YWII_NAGGTGTTAATTRN_1_3	NAGGTGTTAATTRN	29356233_504	29356233	504	2025-08-22 09:41:37	puhti	COMPLETED	18	0:0	mariaosm	mariaosm	NA	1	1	NA	10485760	3212	3-00:00:00	18	NA
2505	USF2_ELK1_TATGAC40NGACC_YRII_NCACGTGNNCGGAARYN_1_3	NCACGTGNNCGGAARYN	29356233_505	29356233	505	2025-08-22 09:41:37	puhti	COMPLETED	204	0:0	mariaosm	mariaosm	NA	1	1	03:20.929	10485760	5768	3-00:00:00	204	NA
2506	USF2_ELK3_TCGGCG40NACG_YAFI_NRSMGGAARCACGTGN_1_3	NRSMGGAARCACGTGN	29356233_506	29356233	506	2025-08-22 09:41:37	puhti	COMPLETED	58	0:0	mariaosm	mariaosm	NA	1	1	NA	10485760	5809	3-00:00:00	58	NA
2507	USF2_ETV4_TATGAC40NGACC_YSIII_NCACGTGNNCGGAWRYN_1_3	NCACGTGNNCGGAWRYN	29356233_507	29356233	507	2025-08-22 09:41:37	puhti	COMPLETED	365	0:0	mariaosm	mariaosm	NA	1	1	06:00.151	10485760	5764	3-00:00:00	365	NA
2508	USF2_ETV4_TATGAC40NGACC_YSIII_NSCGGAWRCACGTGN_1_3	NSCGGAWRCACGTGN	29356233_508	29356233	508	2025-08-22 09:41:37	puhti	COMPLETED	37	0:0	mariaosm	mariaosm	NA	1	1	NA	10485760	5754	3-00:00:00	37	NA
2509	USF2_ETV4_TATGAC40NGACC_YSIII_NSCGGAWRNCACGTGN_1_3	NSCGGAWRNCACGTGN	29356233_509	29356233	509	2025-08-22 09:41:37	puhti	COMPLETED	102	0:0	mariaosm	mariaosm	NA	1	1	01:39.175	10485760	5773	3-00:00:00	102	NA
2510	USF2_FLI1_TATGAC40NGACC_YYIII_NCACGTGACCGGAARYN_1_3	NCACGTGACCGGAARYN	29356233_510	29356233	510	2025-08-22 09:41:37	puhti	COMPLETED	30	0:0	mariaosm	mariaosm	NA	1	1	NA	10485760	3276	3-00:00:00	30	NA
2511	USF2_FLI1_TATGAC40NGACC_YYIII_NSCGGAARCACGTGN_1_3	NSCGGAARCACGTGN	29356233_511	29356233	511	2025-08-22 09:41:37	puhti	COMPLETED	28	0:0	mariaosm	mariaosm	NA	1	1	NA	10485760	3276	3-00:00:00	28	NA
2512	USF2_GABPA_TCGGCG40NACG_YYIIII_NCAYGTGACCGGAAGTN_1_3	NCAYGTGACCGGAAGTN	29356233_512	29356233	512	2025-08-22 09:41:37	puhti	COMPLETED	24	0:0	mariaosm	mariaosm	NA	1	1	NA	10485760	3212	3-00:00:00	24	NA
2513	VAX1_ELF1_TCATGA40NAGT_YADIIII_MGGAAGTAATTAN_1_3	MGGAAGTAATTAN	29356233_513	29356233	513	2025-08-22 09:41:37	puhti	COMPLETED	17	0:0	mariaosm	mariaosm	NA	1	1	NA	10485760	3204	3-00:00:00	17	NA
2514	VAX1_GCM1_TGGCCA40NTTC_YACII_NTAATKATRCGGGYN_1_3	NTAATKATRCGGGYN	29356233_514	29356233	514	2025-08-22 09:41:37	puhti	COMPLETED	33	0:0	mariaosm	mariaosm	NA	1	1	NA	10485760	5990	3-00:00:00	33	NA
2515	VAX1_IRF8_TCATGA40NAGT_YQIIII_NYGAAASYAATTRN_1_3	NYGAAASYAATTRN	29356233_515	29356233	515	2025-08-22 09:41:37	puhti	COMPLETED	45	0:0	mariaosm	mariaosm	NA	1	1	NA	10485760	5970	3-00:00:00	45	NA
2516	VAX1_TBX20_TCATGA40NAGT_YWIIII_NGTGTTAATGTGTN_1_3	NGTGTTAATGTGTN	29356233_516	29356233	516	2025-08-22 09:41:37	puhti	COMPLETED	18	0:0	mariaosm	mariaosm	NA	1	1	NA	10485760	3268	3-00:00:00	18	NA
2517	VAX1_TBX21_TGGCCA40NTTC_YYI_NTAATTAGGTGTNAN_1_3	NTAATTAGGTGTNAN	29356233_517	29356233	517	2025-08-22 09:41:37	puhti	COMPLETED	25	0:0	mariaosm	mariaosm	NA	1	1	NA	10485760	3270	3-00:00:00	25	NA
2518	VAX1_TBX4_TGGCCA40NTTC_YWII_NAGGTGTTMATTAN_1_3	NAGGTGTTMATTAN	29356233_518	29356233	518	2025-08-22 09:41:37	puhti	COMPLETED	21	0:0	mariaosm	mariaosm	NA	1	1	NA	10485760	3270	3-00:00:00	21	NA
2519	VAX1_TBX4_TGGCCA40NTTC_YWII_NTAATKAGGTGTNRN_1_3	NTAATKAGGTGTNRN	29356233_519	29356233	519	2025-08-22 09:41:37	puhti	COMPLETED	49	0:0	mariaosm	mariaosm	NA	1	1	NA	10485760	5968	3-00:00:00	49	NA
2520	VAX2_ELK3_TAACCG40NCAA_YAFI_NRCCGGAAGYAATTAN_2_3	NRCCGGAAGYAATTAN	29356233_520	29356233	520	2025-08-22 09:41:37	puhti	COMPLETED	26	0:0	mariaosm	mariaosm	NA	1	1	NA	10485760	3204	3-00:00:00	26	NA
2521	VAX2_ETV4_TTCTAA40NACTG_YSIII_NCGGAWGYAATTAN_1_3	NCGGAWGYAATTAN	29356233_521	29356233	521	2025-08-22 09:41:37	puhti	COMPLETED	25	0:0	mariaosm	mariaosm	NA	1	1	NA	10485760	3270	3-00:00:00	25	NA
2522	VAX2_FLI1_TTCTAA40NACTG_YYIII_NCCGGAAGTAATTAN_1_3	NCCGGAAGTAATTAN	29356233_522	29356233	522	2025-08-22 09:41:37	puhti	COMPLETED	19	0:0	mariaosm	mariaosm	NA	1	1	NA	10485760	3268	3-00:00:00	19	NA
2523	VAX2_GABPA_TAACCG40NCAA_YYIIII_NCCGGAWRYAATTAN_1_3	NCCGGAWRYAATTAN	29356233_523	29356233	523	2025-08-22 09:41:37	puhti	COMPLETED	35	0:0	mariaosm	mariaosm	NA	1	1	NA	10485760	5817	3-00:00:00	35	NA
2524	VAX2_IRF8_TTCTAA40NACTG_YQIIII_NYGAAASYAATTRN_1_3	NYGAAASYAATTRN	29356233_524	29356233	524	2025-08-22 09:41:37	puhti	COMPLETED	48	0:0	mariaosm	mariaosm	NA	1	1	NA	10485760	5834	3-00:00:00	48	NA
2525	VAX2_RUNX2_TTCTAA40NACTG_YII_NACCGCAATTAN_1_3	NACCGCAATTAN	29356233_525	29356233	525	2025-08-22 09:41:37	puhti	COMPLETED	19	0:0	mariaosm	mariaosm	NA	1	1	NA	10485760	3268	3-00:00:00	19	NA
2526	VAX2_TBX20_TTCTAA40NACTG_YWIIII_NGGTGTTAATTRN_1_3	NGGTGTTAATTRN	29356233_526	29356233	526	2025-08-22 09:41:37	puhti	COMPLETED	22	0:0	mariaosm	mariaosm	NA	1	1	NA	10485760	3270	3-00:00:00	22	NA
2527	VAX2_TBX20_TTCTAA40NACTG_YWIIII_NRGTGTTAATGTGTNRN_1_3	NRGTGTTAATGTGTNRN	29356233_527	29356233	527	2025-08-22 09:41:37	puhti	COMPLETED	60	0:0	mariaosm	mariaosm	NA	1	1	NA	10485760	5851	3-00:00:00	60	NA
2528	VAX2_TBX21_TAACCG40NCAA_YYI_NTAATKAGGTGTNAN_1_3	NTAATKAGGTGTNAN	29356233_528	29356233	528	2025-08-22 09:41:37	puhti	COMPLETED	36	0:0	mariaosm	mariaosm	NA	1	1	NA	10485760	5832	3-00:00:00	36	NA
2529	VAX2_TBX4_TAACCG40NCAA_YWII_NAGGTGTTAATTRN_1_3	NAGGTGTTAATTRN	29356233_529	29356233	529	2025-08-22 09:41:37	puhti	COMPLETED	22	0:0	mariaosm	mariaosm	NA	1	1	NA	10485760	3270	3-00:00:00	22	NA
2530	VAX2_TBX4_TAACCG40NCAA_YWII_NTAATKAGGTGTNRN_1_3	NTAATKAGGTGTNRN	29356233_530	29356233	530	2025-08-22 09:41:37	puhti	COMPLETED	53	0:0	mariaosm	mariaosm	NA	1	1	NA	10485760	5811	3-00:00:00	53	NA
2531	VAX2_TEAD4_TTCTAA40NACTG_YJII_NYAATTAACATTCCN_2_3	NYAATTAACATTCCN	29356233_531	29356233	531	2025-08-22 09:41:37	puhti	COMPLETED	23	0:0	mariaosm	mariaosm	NA	1	1	NA	10485760	3270	3-00:00:00	23	NA
2532	VAX2_TGIF2LX_TAACCG40NCAA_YVII_NTGTCAATTAN_1_3	NTGTCAATTAN	29356233_532	29356233	532	2025-08-22 09:41:37	puhti	COMPLETED	20	0:0	mariaosm	mariaosm	NA	1	1	NA	10485760	3268	3-00:00:00	20	NA
2533	VAX2_TGIF2LX_TAACCG40NCAA_YVII_NTGTCATTAN_1_3	NTGTCATTAN	29356233_533	29356233	533	2025-08-22 09:41:37	puhti	COMPLETED	20	0:0	mariaosm	mariaosm	NA	1	1	NA	10485760	3268	3-00:00:00	20	NA
2534	VENTX_FLI1_TTCGGC40NAGC_YYIII_NMGGAARTNNNYAATTAN_1_3	NMGGAARTNNNYAATTAN	29356233_534	29356233	534	2025-08-22 09:41:37	puhti	COMPLETED	1657	0:0	mariaosm	mariaosm	NA	1	1	27:23.609	10485760	5875	3-00:00:00	1657	NA
2535	VENTX_PAX2_TTCGGC40NAGC_YZII_NGTCACGSNYMATTAN_1_3	NGTCACGSNYMATTAN	29356233_535	29356233	535	2025-08-22 09:41:37	puhti	COMPLETED	109	0:0	mariaosm	mariaosm	NA	1	1	01:42.471	10485760	5763	3-00:00:00	109	NA
2536	VENTX_TBX4_TGATGA40NCCA_YWII_NAGGTGTTAATTRN_1_3	NAGGTGTTAATTRN	29356233_536	29356233	536	2025-08-22 09:41:37	puhti	COMPLETED	26	0:0	mariaosm	mariaosm	NA	1	1	NA	10485760	3276	3-00:00:00	26	NA
2537	VENTX_TBX4_TGATGA40NCCA_YWII_NTAATKAGGTGTNRN_1_3	NTAATKAGGTGTNRN	29356233_537	29356233	537	2025-08-22 09:41:37	puhti	COMPLETED	62	0:0	mariaosm	mariaosm	NA	1	1	NA	10485760	5731	3-00:00:00	62	NA
2538	VSX1_ELK3_TGGGCC40NGGA_YAFI_NYAATTAMCGGAWRYN_1_3	NYAATTAMCGGAWRYN	29356233_538	29356233	538	2025-08-22 09:41:37	puhti	COMPLETED	108	0:0	mariaosm	mariaosm	NA	1	1	01:41.135	10485760	5752	3-00:00:00	108	NA
2539	VSX1_SIX6_TTGAGC40NGTC_YVI_NTAATTAGCNNTATCAN_1_3	NTAATTAGCNNTATCAN	29356233_539	29356233	539	2025-08-22 09:41:37	puhti	COMPLETED	72	0:0	mariaosm	mariaosm	NA	1	1	01:04.139	10485760	5735	3-00:00:00	72	NA
2540	VSX1_TBX21_TGGGCC40NGGA_YYI_NAGGTGNTAATTRN_1_3	NAGGTGNTAATTRN	29356233_540	29356233	540	2025-08-22 09:41:37	puhti	COMPLETED	41	0:0	mariaosm	mariaosm	NA	1	1	NA	10485760	5731	3-00:00:00	41	NA
2541	VSX1_TBX4_TGGGCC40NGGA_YWII_NAGGTGTTAATKRN_1_3	NAGGTGTTAATKRN	29356233_541	29356233	541	2025-08-22 09:41:37	puhti	COMPLETED	32	0:0	mariaosm	mariaosm	NA	1	1	NA	10485760	5726	3-00:00:00	32	NA
2542	VSX1_TGIF2LX_TGGGCC40NGGA_YVII_NMTGTCAATTAN_1_3	NMTGTCAATTAN	29356233_542	29356233	542	2025-08-22 09:41:37	puhti	COMPLETED	26	0:0	mariaosm	mariaosm	NA	1	1	NA	10485760	3270	3-00:00:00	26	NA
2543	VSX2_FLI1_TCGCCG40NTGC_YYIII_NCCGGAWRTAATTAN_1_3	NCCGGAWRTAATTAN	29356233_543	29356233	543	2025-08-22 09:41:37	puhti	COMPLETED	33	0:0	mariaosm	mariaosm	NA	1	1	NA	10485760	5724	3-00:00:00	33	NA
2544	VSX2_SIX6_TCGCCG40NTGC_YVI_NTAATTAGCNNTATCAN_1_3	NTAATTAGCNNTATCAN	29356233_544	29356233	544	2025-08-22 09:41:37	puhti	COMPLETED	74	0:0	mariaosm	mariaosm	NA	1	1	01:07.040	10485760	5727	3-00:00:00	74	NA
2545	VSX2_TBX21_TTTCGG40NAGA_YYI_NAGGTGNTAATTRN_1_3	NAGGTGNTAATTRN	29356233_545	29356233	545	2025-08-22 09:41:37	puhti	COMPLETED	34	0:0	mariaosm	mariaosm	NA	1	1	NA	10485760	5769	3-00:00:00	34	NA
2546	VSX2_TBX4_TTTCGG40NAGA_YWII_NAGGTGTTAATTRN_1_3	NAGGTGTTAATTRN	29356233_546	29356233	546	2025-08-22 09:41:37	puhti	COMPLETED	21	0:0	mariaosm	mariaosm	NA	1	1	NA	10485760	3274	3-00:00:00	21	NA
2547	VSX2_TBX6_TTTCGG40NAGA_YAAII_NAGGTGTTAATTN_1_3	NAGGTGTTAATTN	29356233_547	29356233	547	2025-08-22 09:41:37	puhti	COMPLETED	19	0:0	mariaosm	mariaosm	NA	1	1	NA	10485760	3274	3-00:00:00	19	NA
2548	XBP1_ETV5_TCCAGG40NTAG_YKII_NCGGAARNNNTGACGTN_1_3	NCGGAARNNNTGACGTN	29356233_548	29356233	548	2025-08-22 09:41:37	puhti	COMPLETED	389	0:0	mariaosm	mariaosm	NA	1	1	06:24.066	10485760	5791	3-00:00:00	389	NA
2549	XBP1_FLI1_TCCAGG40NTAG_YYIII_NCCGGAARTGACGTN_1_3	NCCGGAARTGACGTN	29356233_549	29356233	549	2025-08-22 09:41:37	puhti	COMPLETED	22	0:0	mariaosm	mariaosm	NA	1	1	NA	10485760	3278	3-00:00:00	22	NA
2550	XBP1_HOXB5_TTGAAG40NCTC_YVIII_NACGTGTCATTAN_1_3	NACGTGTCATTAN	29356233_550	29356233	550	2025-08-22 09:41:37	puhti	COMPLETED	20	0:0	mariaosm	mariaosm	NA	1	1	NA	10485760	3274	3-00:00:00	20	NA
2551	XBP1_TBX4_TTGAAG40NCTC_YWII_NAGGTGACGTGTNRN_1_3	NAGGTGACGTGTNRN	29356233_551	29356233	551	2025-08-22 09:41:37	puhti	COMPLETED	37	0:0	mariaosm	mariaosm	NA	1	1	NA	10485760	5777	3-00:00:00	37	NA
2552	ZBTB20_FLI1_TTCTAC40NCGA_YYIII_NSCGGAAGCTATASRYYN_2_3	NSCGGAAGCTATASRYYN	29356233_552	29356233	552	2025-08-22 09:41:37	puhti	COMPLETED	115	0:0	mariaosm	mariaosm	NA	1	1	01:51.405	10485760	5796	3-00:00:00	115	NA
2553	ZBTB33_TEAD4_TCCGCT40NGGAC_YJII_NWGGWATGYNAARWATKYN_1_3	NWGGWATGYNAARWATKYN	29356233_553	29356233	553	2025-08-22 09:41:37	puhti	COMPLETED	1597	0:0	mariaosm	mariaosm	NA	1	1	26:24.369	10485760	5778	3-00:00:00	1597	NA
2554	ZBTB7A_FLI1_TCTGGC40NTAG_YYIII_NGACCCNCTTCCGNYN_1_3	NGACCCNCTTCCGNYN	29356233_554	29356233	554	2025-08-22 09:41:37	puhti	COMPLETED	105	0:0	mariaosm	mariaosm	NA	1	1	01:40.744	10485760	5790	3-00:00:00	105	NA
2555	ZNF238_FLI1_TGTGAA40NTAC_YYIII_NRSCGGAAGCACATSTGN_2_3	NRSCGGAAGCACATSTGN	29356233_555	29356233	555	2025-08-22 09:41:37	puhti	COMPLETED	42	0:0	mariaosm	mariaosm	NA	1	1	NA	10485760	5783	3-00:00:00	42	NA
2556	ATF3_TEAD4_TGAGAG40NTGTG_YJII_NCATTCCNNNNNNNTGACGTMAN_1_3	NCATTCCNNNNNNNTGACGTMAN	29356233_556	29356233	556	2025-08-22 09:41:37	puhti	CANCELLED	259215	0:0	mariaosm	mariaosm	NA	1	1	NA	10485760	9700603	3-00:00:00	259218	3-00:00:15
2557	ATOH1_BACH2_TTCGGG40NGAG_YACIIII_NCATATGNNNNNNNNTGASTCAN_1_3	NCATATGNNNNNNNNTGASTCAN	29356233_557	29356233	557	2025-08-22 09:41:37	puhti	CANCELLED	259215	0:0	mariaosm	mariaosm	NA	1	1	NA	10485760	9738238	3-00:00:00	259218	3-00:00:15
2558	ATOH1_ELF5_TTCGGG40NGAG_YYI_NMGGAAGTNNNNNATATG_2_3	NMGGAAGTNNNNNATATG	29356233_558	29356233	558	2025-08-22 09:41:37	puhti	COMPLETED	1224	0:0	mariaosm	mariaosm	NA	1	1	20:13.831	10485760	6339	3-00:00:00	1224	NA
2559	ATOH1_ETV1_TTCGGG40NGAG_YRIIII_NCGGAWNNNNNNCAKMTGN_1_3	NCGGAWNNNNNNCAKMTGN	29356233_559	29356233	559	2025-08-22 09:41:37	puhti	CANCELLED	259215	0:0	mariaosm	mariaosm	NA	1	1	NA	10485760	7240	3-00:00:00	259219	3-00:00:15
2560	ATOH1_EVX2_TTCGGG40NGAG_YZIIII_NTAATTANNNNNCAKMTGN_1_3	NTAATTANNNNNCAKMTGN	29356233_560	29356233	560	2025-08-22 09:41:37	puhti	COMPLETED	16516	0:0	mariaosm	mariaosm	NA	1	1	04:33:21	10485760	6068	3-00:00:00	16516	04:35:15
2561	ATOH1_EVX2_TTCGGG40NGAG_YZIIII_NTAATTANNNNNNCAKMTGN_1_3	NTAATTANNNNNNCAKMTGN	29356233_561	29356233	561	2025-08-22 09:41:37	puhti	COMPLETED	133260	0:0	mariaosm	mariaosm	NA	1	1	1-12:43:57	10485760	6210	3-00:00:00	133260	1-13:01:00
2562	ATOH1_FOXA1_TTCGGG40NGAG_YWII_NRYAAACANNNNCATATGN_2_3	NRYAAACANNNNCATATGN	29356233_562	29356233	562	2025-08-22 09:41:37	puhti	COMPLETED	3363	0:0	mariaosm	mariaosm	NA	1	1	55:39.263	10485760	6001	3-00:00:00	3363	NA
2563	ATOH1_HOXB5_TCCATG40NCAC_YVIII_NTAATTANNNNCAKMTGN_1_3	NTAATTANNNNCAKMTGN	29356233_563	29356233	563	2025-08-22 09:41:37	puhti	COMPLETED	3142	0:0	mariaosm	mariaosm	NA	1	1	51:57.839	10485760	5975	3-00:00:00	3142	NA
2564	ATOH1_HOXC10_TTCGGG40NGAG_YAEIII_NYMRTAAANNNNNCATATGN_1_3	NYMRTAAANNNNNCATATGN	29356233_564	29356233	564	2025-08-22 09:41:37	puhti	COMPLETED	53453	0:0	mariaosm	mariaosm	NA	1	1	14:44:44	10485760	5800	3-00:00:00	53453	14:50:53
2565	ATOH1_ONECUT1_TCCATG40NCAC_YJII_CATATGNNNNNNATCGAT_1_3	CATATGNNNNNNATCGAT	29356233_565	29356233	565	2025-08-22 09:41:37	puhti	COMPLETED	793	0:0	mariaosm	mariaosm	NA	1	1	13:06.387	10485760	5769	3-00:00:00	793	NA
2566	ATOH1_RUNX2_TTCGGG40NGAG_YII_NMCCRCANNNNCATATGNYN_1_3	NMCCRCANNNNCATATGNYN	29356233_566	29356233	566	2025-08-22 09:41:37	puhti	COMPLETED	44113	0:0	mariaosm	mariaosm	NA	1	1	12:11:09	10485760	6030	3-00:00:00	44113	12:15:13
2567	ATOH1_TEAD4_TTCGGG40NGAG_YJII_NCATATGNNNNNNRCATTCCN_2_3	NCATATGNNNNNNRCATTCCN	29356233_567	29356233	567	2025-08-22 09:41:37	puhti	COMPLETED	53557	0:0	mariaosm	mariaosm	NA	1	1	14:47:19	10485760	6026	3-00:00:00	53557	14:52:37
2568	BARHL1_TCF12_TTGCGA40NTACG_YADIII_NTAAACGNNNNCACCTGN_1_3	NTAAACGNNNNCACCTGN	29356233_568	29356233	568	2025-08-22 09:41:37	puhti	COMPLETED	636	0:0	mariaosm	mariaosm	NA	1	1	10:30.786	10485760	6057	3-00:00:00	636	NA
2569	BARHL1_TCF12_TTGCGA40NTACG_YADIII_NTAATTGNNNNCACCTGN_1_3	NTAATTGNNNNCACCTGN	29356233_569	29356233	569	2025-08-22 09:41:37	puhti	COMPLETED	818	0:0	mariaosm	mariaosm	NA	1	1	13:13.145	10485760	5777	3-00:00:00	818	NA
2570	BARHL1_TEAD4_TTGCGA40NTACG_YJII_NTAAACGNNNNCATTCCN_1_3	NTAAACGNNNNCATTCCN	29356233_570	29356233	570	2025-08-22 09:41:37	puhti	COMPLETED	796	0:0	mariaosm	mariaosm	NA	1	1	12:52.073	10485760	5746	3-00:00:00	796	NA
2571	BARHL1_TEAD4_TTGCGA40NTACG_YJII_NTAATTGNNNNCATTCCN_1_3	NTAATTGNNNNCATTCCN	29356233_571	29356233	571	2025-08-22 09:41:37	puhti	COMPLETED	797	0:0	mariaosm	mariaosm	NA	1	1	12:52.418	10485760	5763	3-00:00:00	797	NA
2572	BARHL2_FLI1_TTGGGT40NGGC_YYIII_NSCGGAAGTNNNCGTTTAN_1_3	NSCGGAAGTNNNCGTTTAN	29356233_572	29356233	572	2025-08-22 09:41:37	puhti	COMPLETED	451	0:0	mariaosm	mariaosm	NA	1	1	07:08.316	10485760	5741	3-00:00:00	451	NA
2573	BARHL2_TCF4_TTGGGT40NGGC_YACII_NTAAACGNNNNCACCTGN_1_3	NTAAACGNNNNCACCTGN	29356233_573	29356233	573	2025-08-22 09:41:37	puhti	COMPLETED	800	0:0	mariaosm	mariaosm	NA	1	1	12:55.388	10485760	5767	3-00:00:00	800	NA
2574	BARHL2_TCF4_TTGGGT40NGGC_YACII_NTAATTGNNNNCACCTGN_1_3	NTAATTGNNNNCACCTGN	29356233_574	29356233	574	2025-08-22 09:41:37	puhti	COMPLETED	798	0:0	mariaosm	mariaosm	NA	1	1	12:53.762	10485760	5746	3-00:00:00	798	NA
2575	BARHL2_TGIF2LX_TTGGAC40NGTG_YVII_NTGWCATAAAYGN_1_3	NTGWCATAAAYGN	29356233_575	29356233	575	2025-08-22 09:41:37	puhti	COMPLETED	45	0:0	mariaosm	mariaosm	NA	1	1	NA	10485760	880163	3-00:00:00	45	NA
2576	BHLHA15_EN2_TTTATG40NTAA_YRIII_TAATTANNNCATATG_1_3	TAATTANNNCATATG	29356233_576	29356233	576	2025-08-22 09:41:37	puhti	COMPLETED	48	0:0	mariaosm	mariaosm	NA	1	1	NA	10485760	888366	3-00:00:00	48	NA
2577	BHLHA15_ISX_TTTATG40NTAA_YUIIII_NTAATTRNNNNCAKMTGN_1_3	NTAATTRNNNNCAKMTGN	29356233_577	29356233	577	2025-08-22 09:41:37	puhti	COMPLETED	6518	0:0	mariaosm	mariaosm	NA	1	1	01:47:29	10485760	5802	3-00:00:00	6518	01:48:35
2578	BHLHA15_ONECUT1_TTTATG40NTAA_YJII_CATATGNNNNNNATCGAT_1_3	CATATGNNNNNNATCGAT	29356233_578	29356233	578	2025-08-22 09:41:37	puhti	COMPLETED	802	0:0	mariaosm	mariaosm	NA	1	1	12:57.829	10485760	5744	3-00:00:00	802	NA
2579	BHLHA15_TEAD4_TGCGCA40NCAA_YJII_NCATATGNNNNNNNNATTCCN_2_3	NCATATGNNNNNNNNATTCCN	29356233_579	29356233	579	2025-08-22 09:41:37	puhti	CANCELLED	259215	0:0	mariaosm	mariaosm	NA	1	1	NA	10485760	9594013	3-00:00:00	259220	3-00:00:15
2580	BHLHB5_FLI1_TCTGCA40NTGGG_YYIII_NACCGGAWRYNNNNCATATGN_1_3	NACCGGAWRYNNNNCATATGN	29356233_580	29356233	580	2025-08-22 09:41:37	puhti	COMPLETED	8406	0:0	mariaosm	mariaosm	NA	1	1	02:18:47	10485760	5899	3-00:00:00	8406	02:20:01
2581	BHLHB5_MEIS3_TCGCTA40NTCG_YRIIII_NCATATGNNNNNTGTCAN_1_3	NCATATGNNNNNTGTCAN	29356233_581	29356233	581	2025-08-22 09:41:37	puhti	COMPLETED	3050	0:0	mariaosm	mariaosm	NA	1	1	50:13.698	10485760	5787	3-00:00:00	3050	NA
2582	BHLHB5_OTP_TCTGCA40NTGGG_YPIII_NCATATGNNNNTAATTAN_1_3	NCATATGNNNNTAATTAN	29356233_582	29356233	582	2025-08-22 09:41:37	puhti	COMPLETED	800	0:0	mariaosm	mariaosm	NA	1	1	12:55.151	10485760	5739	3-00:00:00	800	NA
2583	BHLHB5_TBX6_TCGCTA40NTCG_YAAII_NCATATGNNNNGGTGTNRN_1_3	NCATATGNNNNGGTGTNRN	29356233_583	29356233	583	2025-08-22 09:41:37	puhti	COMPLETED	7282	0:0	mariaosm	mariaosm	NA	1	1	01:59:54	10485760	5821	3-00:00:00	7282	02:01:16
2584	BHLHB5_TEAD4_TCTGCA40NTGGG_YJII_NAMCATATGKTNNNNNCATTCN_2_3	NAMCATATGKTNNNNNCATTCN	29356233_584	29356233	584	2025-08-22 09:41:37	puhti	COMPLETED	20500	0:0	mariaosm	mariaosm	NA	1	1	05:39:00	10485760	6052	3-00:00:00	20500	05:41:33
2585	BHLHB8_ISX_TAGCGT40NTCA_YUIIII_NTAATTRNNNNCAKMTGN_1_3	NTAATTRNNNNCAKMTGN	29356233_585	29356233	585	2025-08-22 09:41:37	puhti	COMPLETED	6467	0:0	mariaosm	mariaosm	NA	1	1	01:46:36	10485760	5809	3-00:00:00	6467	01:47:40
2586	BHLHB8_OTP_TCCTGC40NTGCC_YPIII_NTAATTNNNNNCATATGN_1_3	NTAATTNNNNNCATATGN	29356233_586	29356233	586	2025-08-22 09:41:37	puhti	COMPLETED	3116	0:0	mariaosm	mariaosm	NA	1	1	51:19.293	10485760	5789	3-00:00:00	3116	NA
2587	BHLHB8_TBX21_TAGCGT40NTCA_YYI_NMCAGCTGKNNAGGTGTNAN_2_3	NMCAGCTGKNNAGGTGTNAN	29356233_587	29356233	587	2025-08-22 09:41:37	puhti	COMPLETED	901	0:0	mariaosm	mariaosm	NA	1	1	14:35.947	10485760	5752	3-00:00:00	901	NA
2588	BHLHB8_TBX21_TAGCGT40NTCA_YYI_NMCATATGKNNAGGTGTNAN_2_3	NMCATATGKNNAGGTGTNAN	29356233_588	29356233	588	2025-08-22 09:41:37	puhti	COMPLETED	875	0:0	mariaosm	mariaosm	NA	1	1	14:10.736	10485760	5754	3-00:00:00	875	NA
2589	BHLHB8_TEAD4_TCCTGC40NTGCC_YJII_NMCATATGKNNNNNRMATTCCN_1_3	NMCATATGKNNNNNRMATTCCN	29356233_589	29356233	589	2025-08-22 09:41:37	puhti	COMPLETED	157190	0:0	mariaosm	mariaosm	NA	1	1	1-19:20:00	10485760	5969	3-00:00:00	157190	1-19:39:50
2590	BHLHE22_EVX2_TACGAT40NCCG_YZIIII_NRNCATATGNYNNNTAATTAN_1_3	NRNCATATGNYNNNTAATTAN	29356233_590	29356233	590	2025-08-22 09:41:37	puhti	COMPLETED	20465	0:0	mariaosm	mariaosm	NA	1	1	05:38:19	10485760	5878	3-00:00:00	20465	05:41:02
2591	BHLHE22_EVX2_TACGAT40NCCG_YZIIII_NRNCATATGNYNNTAATTAN_1_3	NRNCATATGNYNNTAATTAN	29356233_591	29356233	591	2025-08-22 09:41:37	puhti	COMPLETED	3682	0:0	mariaosm	mariaosm	NA	1	1	01:00:38	10485760	5820	3-00:00:00	3682	01:01:20
2592	BHLHE22_FLI1_TACGAT40NCCG_YYIII_ACCGGAWRYNNNNCATATGN_1_3	ACCGGAWRYNNNNCATATGN	29356233_592	29356233	592	2025-08-22 09:41:37	puhti	COMPLETED	1676	0:0	mariaosm	mariaosm	NA	1	1	27:27.242	10485760	5769	3-00:00:00	1676	NA
2593	BHLHE22_ISX_TAACAG40NGGC_YUIIII_NTAATTRNNNNCAKMTGN_1_3	NTAATTRNNNNCAKMTGN	29356233_593	29356233	593	2025-08-22 09:41:37	puhti	COMPLETED	6536	0:0	mariaosm	mariaosm	NA	1	1	01:47:52	10485760	5807	3-00:00:00	6536	01:48:52
2594	BHLHE22_ONECUT1_TAACAG40NGGC_YJII_ATCGATNNNNNNCATATG_1_3	ATCGATNNNNNNCATATG	29356233_594	29356233	594	2025-08-22 09:41:37	puhti	COMPLETED	781	0:0	mariaosm	mariaosm	NA	1	1	12:36.045	10485760	5760	3-00:00:00	781	NA
2595	CDX1_TGIF2LX_TCGACG40NTAA_YVII_NYMRTAAANNTGTCAN_1_3	NYMRTAAANNTGTCAN	29356233_595	29356233	595	2025-08-22 09:41:37	puhti	COMPLETED	357	0:0	mariaosm	mariaosm	NA	1	1	05:35.279	10485760	5731	3-00:00:00	357	NA
2596	CLOCK_ISL2_TCTGAA40NCAT_YUIII_NCAMTTANNNNNNCACGTGN_1_3	NCAMTTANNNNNNCACGTGN	29356233_596	29356233	596	2025-08-22 09:41:37	puhti	COMPLETED	49413	0:0	mariaosm	mariaosm	NA	1	1	13:37:41	10485760	5865	3-00:00:00	49413	13:43:33
2597	CLOCK_TEAD4_TTGCTT40NCCA_YJII_CACGTGNNNNNNNNATTCC_1_3	CACGTGNNNNNNNNATTCC	29356233_597	29356233	597	2025-08-22 09:41:37	puhti	COMPLETED	17078	0:0	mariaosm	mariaosm	NA	1	1	04:42:15	10485760	5854	3-00:00:00	17078	04:44:35
2598	CREM_TEAD4_TACCAA40NTTA_YJII_NRCATTCCNNNNTGACGTN_2_3	NRCATTCCNNNNTGACGTN	29356233_598	29356233	598	2025-08-22 09:41:37	puhti	COMPLETED	1590	0:0	mariaosm	mariaosm	NA	1	1	26:01.414	10485760	5773	3-00:00:00	1590	NA
2599	CUX1_FLI1_TATTCA40NTCAG_YYIII_NRCCGGAWRTNNNNNATCGATN_2_3	NRCCGGAWRTNNNNNATCGATN	29356233_599	29356233	599	2025-08-22 09:41:37	puhti	COMPLETED	58182	0:0	mariaosm	mariaosm	NA	1	1	16:02:14	10485760	5901	3-00:00:00	58183	16:09:42
2600	DLX1_FOXA1_TTACTA40NCTGA_YWII_NYAAACANYAATTAN_1_3	NYAAACANYAATTAN	29356233_600	29356233	600	2025-08-22 09:41:37	puhti	COMPLETED	77	0:0	mariaosm	mariaosm	NA	1	1	NA	10485760	5744	3-00:00:00	77	NA
2601	DLX1_MEIS3_TGTATA40NGGT_YRIIII_NTGACANNNTAATTRN_1_3	NTGACANNNTAATTRN	29356233_601	29356233	601	2025-08-22 09:41:37	puhti	COMPLETED	311	0:0	mariaosm	mariaosm	NA	1	1	05:07.108	10485760	5814	3-00:00:00	311	NA
2602	DLX2_TEAD4_TCCAGA40NGTA_YJII_NRCATTCCNNNNTAATTRN_1_3	NRCATTCCNNNNTAATTRN	29356233_602	29356233	602	2025-08-22 09:41:37	puhti	COMPLETED	3272	0:0	mariaosm	mariaosm	NA	1	1	54:06.488	10485760	5813	3-00:00:00	3272	NA
2603	DLX4_FLI1_TCTATA40NCCTA_YYIII_NRCCGGAWRYNNNYAATTAN_1_3	NRCCGGAWRYNNNYAATTAN	29356233_603	29356233	603	2025-08-22 09:41:37	puhti	COMPLETED	7684	0:0	mariaosm	mariaosm	NA	1	1	02:07:06	10485760	5821	3-00:00:00	7684	02:08:03
2604	DLX4_TGIF2LX_TCGTCA40NCTA_YVII_NYAATTANNNTGTCAN_1_3	NYAATTANNNTGTCAN	29356233_604	29356233	604	2025-08-22 09:41:37	puhti	COMPLETED	311	0:0	mariaosm	mariaosm	NA	1	1	05:07.210	10485760	5801	3-00:00:00	311	NA
2605	DLX5_TEAD4_TGGGTC40NGACT_YJII_NTAATTAACATTCCWN_1_3	NTAATTAACATTCCWN	29356233_605	29356233	605	2025-08-22 09:41:37	puhti	COMPLETED	22	0:0	mariaosm	mariaosm	NA	1	1	NA	10485760	3270	3-00:00:00	22	NA
2606	DLX5_TGIF2LX_TCAAGA40NCGC_YVII_NYAATTANNNTGTCAN_1_3	NYAATTANNNTGTCAN	29356233_606	29356233	606	2025-08-22 09:41:37	puhti	COMPLETED	310	0:0	mariaosm	mariaosm	NA	1	1	05:06.210	10485760	5818	3-00:00:00	311	NA
2607	DMBX1_FOXD2_TACATC40NATA_YWI_NTAATCCNNNNNNNNRYAAACAN_1_3	NTAATCCNNNNNNNNRYAAACAN	29356233_607	29356233	607	2025-08-22 09:41:37	puhti	CANCELLED	259229	0:0	mariaosm	mariaosm	NA	1	1	NA	10485760	9715400	3-00:00:00	259233	3-00:00:29
2608	DMBX1_TEAD3_TGTCTC40NAACT_YZI_NGGATTAACATTCCN_1_3	NGGATTAACATTCCN	29356233_608	29356233	608	2025-08-22 09:41:37	puhti	COMPLETED	19	0:0	mariaosm	mariaosm	NA	1	1	NA	10485760	3272	3-00:00:00	19	NA
2609	DMBX1_TEAD4_TGTCTC40NAACT_YJII_NGGATTAACATTCCN_1_3	NGGATTAACATTCCN	29356233_609	29356233	609	2025-08-22 09:41:37	puhti	COMPLETED	20	0:0	mariaosm	mariaosm	NA	1	1	NA	10485760	3272	3-00:00:00	20	NA
2610	DRGX_FOXD2_TGTAGT40NGAT_YWI_NTAATTRNRTAAACAN_1_3	NTAATTRNRTAAACAN	29356233_610	29356233	610	2025-08-22 09:41:37	puhti	COMPLETED	55	0:0	mariaosm	mariaosm	NA	1	1	NA	10485760	5808	3-00:00:00	55	NA
2611	DRGX_ONECUT1_TGTAGT40NGAT_YJII_TAATTANNNTCGAT_1_3	TAATTANNNTCGAT	29356233_611	29356233	611	2025-08-22 09:41:37	puhti	COMPLETED	46	0:0	mariaosm	mariaosm	NA	1	1	NA	10485760	858829	3-00:00:00	46	NA
2612	DRGX_TEAD4_TGCCGA40NGTA_YJII_NWATTARCATWCCN_1_3	NWATTARCATWCCN	29356233_612	29356233	612	2025-08-22 09:41:37	puhti	COMPLETED	54	0:0	mariaosm	mariaosm	NA	1	1	NA	10485760	875615	3-00:00:00	54	NA
2613	DRGX_TGIF2LX_TGTAGT40NGAT_YVII_NYAATTANTGTCAN_1_3	NYAATTANTGTCAN	29356233_613	29356233	613	2025-08-22 09:41:37	puhti	COMPLETED	55	0:0	mariaosm	mariaosm	NA	1	1	NA	10485760	878290	3-00:00:00	55	NA
2614	DUXA_TBX21_TATAGT40NAGG_YYI_NAGGTGTGNNNNTGATTA_1_3	NAGGTGTGNNNNTGATTA	29356233_614	29356233	614	2025-08-22 09:41:37	puhti	COMPLETED	232	0:0	mariaosm	mariaosm	NA	1	1	03:30.695	10485760	5750	3-00:00:00	232	NA
2615	DUXA_TBX4_TATAGT40NAGG_YWII_NTGATTRNNNNNNNNNYNACACCTN_1_3	NTGATTRNNNNNNNNNYNACACCTN	29356233_615	29356233	615	2025-08-22 09:41:37	puhti	CANCELLED	259229	0:0	mariaosm	mariaosm	NA	1	1	NA	10485760	9547996	3-00:00:00	259236	3-00:00:29
2616	EGR1_TBX6_TCAAAT40NCTG_YAAII_NYNACACCYNNNNNNNCRCCCMCGCN_2_3	NYNACACCYNNNNNNNCRCCCMCGCN	29356233_616	29356233	616	2025-08-22 09:41:37	puhti	CANCELLED	259229	0:0	mariaosm	mariaosm	NA	1	1	NA	10485760	9544348	3-00:00:00	259236	3-00:00:29
2617	ELF1_TBX6_TTCATT40NTAT_YAAII_NSMGGAARYNNRGGTGTNRN_2_3	NSMGGAARYNNRGGTGTNRN	29356233_617	29356233	617	2025-08-22 09:41:37	puhti	COMPLETED	19567	0:0	mariaosm	mariaosm	NA	1	1	05:21:45	10485760	5787	3-00:00:00	19567	05:26:04
2618	ELF2_TBX6_TTATGG40NCCA_YAAII_NYNACACCNNNNNNCGGAARN_1_3	NYNACACCNNNNNNCGGAARN	29356233_618	29356233	618	2025-08-22 09:41:37	puhti	CANCELLED	259229	0:0	mariaosm	mariaosm	NA	1	1	NA	10485760	9573395	3-00:00:00	259236	3-00:00:29
2619	ELF5_OTP_TGACCG40NTGCT_YPIII_MGGAARYNNNTAATTR_1_3	MGGAARYNNNTAATTR	29356233_619	29356233	619	2025-08-22 09:41:37	puhti	COMPLETED	199	0:0	mariaosm	mariaosm	NA	1	1	02:58.213	10485760	5772	3-00:00:00	199	NA
2620	ELK1_ISX_TACTCT40NAAC_YUIIII_NCGGAWGNNNYAATTAN_1_3	NCGGAWGNNNYAATTAN	29356233_620	29356233	620	2025-08-22 09:41:37	puhti	COMPLETED	738	0:0	mariaosm	mariaosm	NA	1	1	11:53.187	10485760	5764	3-00:00:00	738	NA
2621	ELK1_TEAD4_TCCTTG40NTGGC_YJII_NMGGAARYNNNNNRCATTCC_1_3	NMGGAARYNNNNNRCATTCC	29356233_621	29356233	621	2025-08-22 09:41:37	puhti	COMPLETED	20559	0:0	mariaosm	mariaosm	NA	1	1	05:38:04	10485760	5792	3-00:00:00	20559	05:42:34
2622	ELK3_ISX_TGGTAT40NTGA_YUIIII_NCGGAAGNNNNYAATTAN_1_3	NCGGAAGNNNNYAATTAN	29356233_622	29356233	622	2025-08-22 09:41:37	puhti	COMPLETED	1544	0:0	mariaosm	mariaosm	NA	1	1	25:13.999	10485760	5762	3-00:00:00	1544	NA
2623	ELK3_ONECUT1_TGGTAT40NTGA_YJII_NCCGGAAGNNNNNATCGATN_1_3	NCCGGAAGNNNNNATCGATN	29356233_623	29356233	623	2025-08-22 09:41:37	puhti	COMPLETED	3981	0:0	mariaosm	mariaosm	NA	1	1	01:05:31	10485760	5761	3-00:00:00	3981	01:06:16
2624	ELK3_TBX4_TGGTAT40NTGA_YWII_NCGGAAGTNNAGGTGTNRN_2_3	NCGGAAGTNNAGGTGTNRN	29356233_624	29356233	624	2025-08-22 09:41:37	puhti	COMPLETED	455	0:0	mariaosm	mariaosm	NA	1	1	07:12.252	10485760	5746	3-00:00:00	455	NA
2625	ELK3_TBX6_TGGTAT40NTGA_YAAII_RSMGGAARYNNRGGTGTNRN_1_3	RSMGGAARYNNRGGTGTNRN	29356233_625	29356233	625	2025-08-22 09:41:37	puhti	COMPLETED	7974	0:0	mariaosm	mariaosm	NA	1	1	02:11:18	10485760	5744	3-00:00:00	7974	02:12:48
2626	ERG_TBX6_TGAATG40NTAG_YAAII_RSMGGAARYNNNRGGTGTNRN_2_3	RSMGGAARYNNNRGGTGTNRN	29356233_626	29356233	626	2025-08-22 09:41:37	puhti	COMPLETED	56243	0:0	mariaosm	mariaosm	NA	1	1	15:28:22	10485760	5853	3-00:00:00	56243	15:37:23
2627	ESX1_TEAD4_TTCGTC40NTGCG_YJII_CATTCCNNNNNTAATTA_2_3	CATTCCNNNNNTAATTA	29356233_627	29356233	627	2025-08-22 09:41:37	puhti	COMPLETED	159	0:0	mariaosm	mariaosm	NA	1	1	02:36.507	10485760	5826	3-00:00:00	159	NA
2628	ETV1_OTP_TGGACT40NAACT_YPIII_NRCCGGAAGTNNNYAATTAN_2_3	NRCCGGAAGTNNNYAATTAN	29356233_628	29356233	628	2025-08-22 09:41:37	puhti	COMPLETED	697	0:0	mariaosm	mariaosm	NA	1	1	11:31.450	10485760	5865	3-00:00:00	697	NA
2629	ETV1_TEAD4_TGGACT40NAACT_YJII_NCCGGAARTNNNNNRMATTCCN_1_3	NCCGGAARTNNNNNRMATTCCN	29356233_629	29356233	629	2025-08-22 09:41:37	puhti	COMPLETED	51646	0:0	mariaosm	mariaosm	NA	1	1	14:15:14	10485760	6070	3-00:00:00	51646	14:20:46
2630	ETV5_ISX_TTCGCC40NGAC_YUIIII_NCGGAWRNNNNYAATTAN_1_3	NCGGAWRNNNNYAATTAN	29356233_630	29356233	630	2025-08-22 09:41:37	puhti	COMPLETED	5747	0:0	mariaosm	mariaosm	NA	1	1	01:35:09	10485760	5880	3-00:00:00	5747	01:35:45
2631	ETV5_ONECUT1_TTCGCC40NGAC_YJII_NATCGATNNNNNCCGGAWGYN_1_3	NATCGATNNNNNCCGGAWGYN	29356233_631	29356233	631	2025-08-22 09:41:37	puhti	COMPLETED	19618	0:0	mariaosm	mariaosm	NA	1	1	05:24:40	10485760	5865	3-00:00:00	19618	05:26:56
2632	ETV5_ONECUT1_TTCGCC40NGAC_YJII_NCCGGAAGNNNNNNATCGATN_1_3	NCCGGAAGNNNNNNATCGATN	29356233_632	29356233	632	2025-08-22 09:41:37	puhti	COMPLETED	19727	0:0	mariaosm	mariaosm	NA	1	1	05:26:38	10485760	5851	3-00:00:00	19727	05:28:45
2633	EVX1_FLI1_TGAATT40NTAA_YYIII_NCCGGAWRYNNNTAATTAN_1_3	NCCGGAWRYNNNTAATTAN	29356233_633	29356233	633	2025-08-22 09:41:37	puhti	COMPLETED	1293	0:0	mariaosm	mariaosm	NA	1	1	21:21.206	10485760	6102	3-00:00:00	1306	NA
2634	EVX1_TEAD4_TGAATT40NTAA_YJII_YAATTANNNNNNNNATTCC_1_3	YAATTANNNNNNNNATTCC	29356233_634	29356233	634	2025-08-22 09:41:37	puhti	COMPLETED	36861	0:0	mariaosm	mariaosm	NA	1	1	10:10:54	10485760	3113431	3-00:00:00	36861	10:14:21
2635	EVX2_FOXA1_TCGCTT40NTCT_YWII_NTAATTRNNNNNNRYAAAYAN_1_3	NTAATTRNNNNNNRYAAAYAN	29356233_635	29356233	635	2025-08-22 09:41:37	puhti	CANCELLED	259229	0:0	mariaosm	mariaosm	NA	1	1	NA	10485760	9763670	3-00:00:00	259232	3-00:00:29
2636	FIGLA_ONECUT1_TGACGG40NCTC_YJII_CASSTGNNNNNNATCGAT_1_3	CASSTGNNNNNNATCGAT	29356233_636	29356233	636	2025-08-22 09:41:37	puhti	COMPLETED	2963	0:0	mariaosm	mariaosm	NA	1	1	48:43.445	10485760	6041	3-00:00:00	2963	NA
2637	FOXA2_ISX_TCACCA40NATG_YUIIII_NTAATTRNNNNGYAAAYAN_1_3	NTAATTRNNNNGYAAAYAN	29356233_637	29356233	637	2025-08-22 09:41:37	puhti	COMPLETED	6673	0:0	mariaosm	mariaosm	NA	1	1	01:50:12	10485760	6120	3-00:00:00	6673	01:51:11
2638	FOXA2_ISX_TCACCA40NATG_YUIIII_NTAATTRNNNNNGYAAAYAN_1_3	NTAATTRNNNNNGYAAAYAN	29356233_638	29356233	638	2025-08-22 09:41:37	puhti	COMPLETED	40561	0:0	mariaosm	mariaosm	NA	1	1	11:12:03	10485760	5962	3-00:00:00	40561	11:16:01
2639	FOXA2_TEAD4_TAGGTC40NACG_YJII_TRTTTNNNNNNNNCATTCC_1_3	TRTTTNNNNNNNNCATTCC	29356233_639	29356233	639	2025-08-22 09:41:37	puhti	COMPLETED	36974	0:0	mariaosm	mariaosm	NA	1	1	10:11:19	10485760	6338	3-00:00:00	36974	10:16:14
2640	FOXB1_OTP_TAAGGG40NACC_YPIII_NTAATTRNNNNNNTAAAYAN_1_3	NTAATTRNNNNNNTAAAYAN	29356233_640	29356233	640	2025-08-22 09:41:37	puhti	COMPLETED	107897	0:0	mariaosm	mariaosm	NA	1	1	1-05:45:29	10485760	6841	3-00:00:00	107897	1-05:58:17
2641	FOXB1_RUNX2_TAAGGG40NACC_YII_NAACCGCANNNNRYAAAYAN_2_3	NAACCGCANNNNRYAAAYAN	29356233_641	29356233	641	2025-08-22 09:41:37	puhti	COMPLETED	6573	0:0	mariaosm	mariaosm	NA	1	1	01:48:07	10485760	6132	3-00:00:00	6573	01:49:31
2642	FOXB1_TEAD4_TAAGGG40NACC_YJII_NGGWATKYNNNNNGTAAAYAN_1_3	NGGWATKYNNNNNGTAAAYAN	29356233_642	29356233	642	2025-08-22 09:41:37	puhti	COMPLETED	155768	0:0	mariaosm	mariaosm	NA	1	1	1-18:52:09	10485760	5924	3-00:00:00	155768	1-19:16:08
2643	FOXD2_TBX6_TGTTTC40NTTA_YAAII_NTGTTTNYNNNNNNGGTGTGRN_2_3	NTGTTTNYNNNNNNGGTGTGRN	29356233_643	29356233	643	2025-08-22 09:41:37	puhti	CANCELLED	259229	0:0	mariaosm	mariaosm	NA	1	1	NA	10485760	9647181	3-00:00:00	259232	3-00:00:29
2644	GATA3_ONECUT1_TAACTG40NGTA_YJII_MGATAANNNNNNATCGATN_1_3	MGATAANNNNNNATCGATN	29356233_644	29356233	644	2025-08-22 09:41:37	puhti	COMPLETED	7434	0:0	mariaosm	mariaosm	NA	1	1	02:01:35	10485760	5827	3-00:00:00	7434	02:03:53
2645	GATA4_ONECUT1_TTATGA40NCAG_YJII_ATCGATNNNMGATAA_1_3	ATCGATNNNMGATAA	29356233_645	29356233	645	2025-08-22 09:41:37	puhti	COMPLETED	38	0:0	mariaosm	mariaosm	NA	1	1	NA	10485760	5721	3-00:00:00	38	NA
2646	GATA4_TBX6_TTATGA40NCAG_YAAII_NTTATCNNNNNNNNGGTGTNRN_1_3	NTTATCNNNNNNNNGGTGTNRN	29356233_646	29356233	646	2025-08-22 09:41:37	puhti	CANCELLED	259229	0:0	mariaosm	mariaosm	NA	1	1	NA	10485760	9639707	3-00:00:00	259232	3-00:00:29
2647	GATA4_TEAD4_TATAAC40NCGG_YJII_TTATCTNNCATWCC_1_3	TTATCTNNCATWCC	29356233_647	29356233	647	2025-08-22 09:41:37	puhti	COMPLETED	22	0:0	mariaosm	mariaosm	NA	1	1	NA	10485760	3268	3-00:00:00	22	NA
2648	GATA5_FLI1_TTAGAC40NCAG_YYIII_NCGGAANNNNNNNNNNGATAAN_1_3	NCGGAANNNNNNNNNNGATAAN	29356233_648	29356233	648	2025-08-22 09:41:37	puhti	CANCELLED	259229	0:0	mariaosm	mariaosm	NA	1	1	NA	10485760	9631143	3-00:00:00	259232	3-00:00:29
2649	GATA5_IRF8_TTAGAC40NCAG_YQIIII_NGAAACYGAAACYNNGATAA_2_3	NGAAACYGAAACYNNGATAA	29356233_649	29356233	649	2025-08-22 09:41:37	puhti	COMPLETED	71	0:0	mariaosm	mariaosm	NA	1	1	01:09.085	10485760	5825	3-00:00:00	71	NA
2650	GATA5_ONECUT1_TCAGCG40NATG_YJII_NATCGATNNNNNNNNMGATAAN_1_3	NATCGATNNNNNNNNMGATAAN	29356233_650	29356233	650	2025-08-22 09:41:37	puhti	CANCELLED	259229	0:0	mariaosm	mariaosm	NA	1	1	NA	10485760	9586429	3-00:00:00	259232	3-00:00:29
2651	GCM1_HOXA2_TGAGAG40NCGC_YJI_NWRYKGGTAGYAATTAN_2_3	NWRYKGGTAGYAATTAN	29356233_651	29356233	651	2025-08-22 09:41:37	puhti	COMPLETED	107	0:0	mariaosm	mariaosm	NA	1	1	01:44.279	10485760	5838	3-00:00:00	107	NA
2652	gntR_ATF7_TACAGA40NCGGA_YJI_TGACGTMATNATGTTA_1_3	TGACGTMATNATGTTA	29356233_652	29356233	652	2025-08-22 09:41:37	puhti	COMPLETED	19	0:0	mariaosm	mariaosm	NA	1	1	NA	10485760	3268	3-00:00:00	19	NA
2653	GSC2_TEAD4_TTTCTA40NCAT_YJII_NMRTTAACATTCCN_1_3	NMRTTAACATTCCN	29356233_653	29356233	653	2025-08-22 09:41:37	puhti	COMPLETED	26	0:0	mariaosm	mariaosm	NA	1	1	NA	10485760	3272	3-00:00:00	26	NA
2654	GSC_ONECUT1_TGCCAC40NGCC_YJII_ATCGATNNNTAATCC_1_3	ATCGATNNNTAATCC	29356233_654	29356233	654	2025-08-22 09:41:37	puhti	COMPLETED	28	0:0	mariaosm	mariaosm	NA	1	1	NA	10485760	3206	3-00:00:00	28	NA
2655	GSC_TEAD4_TATAGT40NATAA_YJII_NGGWATGTTAATCCN_1_3	NGGWATGTTAATCCN	29356233_655	29356233	655	2025-08-22 09:41:37	puhti	COMPLETED	23	0:0	mariaosm	mariaosm	NA	1	1	NA	10485760	3204	3-00:00:00	23	NA
2656	GSX2_TCF7L1_TCGCGT40NCGG_YAFII_NATCAAANNNYAATTAN_1_3	NATCAAANNNYAATTAN	29356233_656	29356233	656	2025-08-22 09:41:37	puhti	COMPLETED	404	0:0	mariaosm	mariaosm	NA	1	1	06:38.036	10485760	5853	3-00:00:00	404	NA
2657	HES5_TEAD4_TCTACG40NCTC_YJII_NCACGYGNNNNNNCATTCCN_1_3	NCACGYGNNNNNNCATTCCN	29356233_657	29356233	657	2025-08-22 09:41:37	puhti	COMPLETED	48294	0:0	mariaosm	mariaosm	NA	1	1	13:18:55	10485760	5956	3-00:00:00	48294	13:24:54
2658	HOXA10_FLI1_TTTCTA40NCCAG_YYIII_NCCGGAARYNNNTTTAYKN_1_3	NCCGGAARYNNNTTTAYKN	29356233_658	29356233	658	2025-08-22 09:41:37	puhti	COMPLETED	3478	0:0	mariaosm	mariaosm	NA	1	1	57:28.978	10485760	5811	3-00:00:00	3478	NA
2659	HOXA10_TBX4_TGCGGT40NTCA_YWII_NAGGTGTNANRTCGTAAAN_2_3	NAGGTGTNANRTCGTAAAN	29356233_659	29356233	659	2025-08-22 09:41:37	puhti	COMPLETED	134	0:0	mariaosm	mariaosm	NA	1	1	02:09.062	10485760	5755	3-00:00:00	134	NA
2660	HOXA10_TEAD4_TTTCTA40NCCAG_YJII_NYMRTAAANNNNNNNNATTCCWN_1_3	NYMRTAAANNNNNNNNATTCCWN	29356233_660	29356233	660	2025-08-22 09:41:37	puhti	CANCELLED	259229	0:0	mariaosm	mariaosm	NA	1	1	NA	10485760	9768578	3-00:00:00	259232	3-00:00:29
2661	HOXA10_TGIF2LX_TGCGGT40NTCA_YVII_NYMRTAAANNYGTCAN_1_3	NYMRTAAANNYGTCAN	29356233_661	29356233	661	2025-08-22 09:41:37	puhti	COMPLETED	678	0:0	mariaosm	mariaosm	NA	1	1	11:07.265	10485760	5761	3-00:00:00	678	NA
2662	HOXA2_ONECUT1_TCGTGC40NACC_YJII_ATCGATNNNTAATTA_1_3	ATCGATNNNTAATTA	29356233_662	29356233	662	2025-08-22 09:41:37	puhti	COMPLETED	34	0:0	mariaosm	mariaosm	NA	1	1	NA	10485760	5754	3-00:00:00	34	NA
2663	HOXB13_MEIS3_TGCGAT40NGAT_YRIIII_MATAAANNTGTCA_1_3	MATAAANNTGTCA	29356233_663	29356233	663	2025-08-22 09:41:37	puhti	COMPLETED	22	0:0	mariaosm	mariaosm	NA	1	1	NA	10485760	3278	3-00:00:00	22	NA
2664	HOXB7_ONECUT1_TATTCT40NCTC_YJII_NTAATTRNNNATCGATYN_1_3	NTAATTRNNNATCGATYN	29356233_664	29356233	664	2025-08-22 09:41:37	puhti	COMPLETED	788	0:0	mariaosm	mariaosm	NA	1	1	13:01.643	10485760	5755	3-00:00:00	788	NA
2665	HOXC10_TEAD4_TTGTTC40NTCTA_YJII_NYMRTAAAWNNNNNRMATTCCN_2_3	NYMRTAAAWNNNNNRMATTCCN	29356233_665	29356233	665	2025-08-22 09:41:37	puhti	CANCELLED	259229	0:0	mariaosm	mariaosm	NA	1	1	NA	10485760	9514961	3-00:00:00	259232	3-00:00:29
2666	HOXC11_FLI1_TCTTGT40NGATC_YYIII_NYMRTAAAANRCCGGAARTN_2_3	NYMRTAAAANRCCGGAARTN	29356233_666	29356233	666	2025-08-22 09:41:37	puhti	COMPLETED	469	0:0	mariaosm	mariaosm	NA	1	1	07:43.977	10485760	5755	3-00:00:00	469	NA
2667	HOXC11_FLI1_TCTTGT40NGATC_YYIII_NYMRTAAANNRYTTCCGGYN_1_3	NYMRTAAANNRYTTCCGGYN	29356233_667	29356233	667	2025-08-22 09:41:37	puhti	COMPLETED	3749	0:0	mariaosm	mariaosm	NA	1	1	01:02:01	10485760	5775	3-00:00:00	3749	01:02:27
2668	HOXC11_MEIS3_TCTAAC40NACC_YRIIII_NYMRTAAANNTGTCAN_1_3	NYMRTAAANNTGTCAN	29356233_668	29356233	668	2025-08-22 09:41:37	puhti	COMPLETED	365	0:0	mariaosm	mariaosm	NA	1	1	06:00.535	10485760	5754	3-00:00:00	365	NA
2669	HOXC11_MEIS3_TTTACA40NGCT_YRIIII_NYMRTAAANNTGTCAN_1_3	NYMRTAAANNTGTCAN	29356233_669	29356233	669	2025-08-22 09:41:37	puhti	COMPLETED	364	0:0	mariaosm	mariaosm	NA	1	1	05:58.858	10485760	5739	3-00:00:00	364	NA
2670	HOXC11_TEAD4_TCTTGT40NGATC_YJII_NYMRTAAAANNNRMATTCCN_1_3	NYMRTAAAANNNRMATTCCN	29356233_670	29356233	670	2025-08-22 09:41:37	puhti	COMPLETED	8374	0:0	mariaosm	mariaosm	NA	1	1	02:18:34	10485760	5757	3-00:00:00	8374	02:19:32
2671	HOXC11_TGIF2LX_TTTACA40NGCT_YVII_NRYMRTAAANNTGTCAN_1_3	NRYMRTAAANNTGTCAN	29356233_671	29356233	671	2025-08-22 09:41:37	puhti	COMPLETED	719	0:0	mariaosm	mariaosm	NA	1	1	11:53.116	10485760	5749	3-00:00:00	719	NA
2672	HOXD10_FOXO1_TAGCTG40NCTA_YIII_NRTAAAYANNNYMRTAAAN_1_3	NRTAAAYANNNYMRTAAAN	29356233_672	29356233	672	2025-08-22 09:41:37	puhti	COMPLETED	7089	0:0	mariaosm	mariaosm	NA	1	1	01:57:17	10485760	5801	3-00:00:00	7089	01:58:08
2673	HOXD10_MEIS3_TCTACT40NACA_YRIIII_NYMRATAAANNTGTCAN_1_3	NYMRATAAANNTGTCAN	29356233_673	29356233	673	2025-08-22 09:41:37	puhti	COMPLETED	358	0:0	mariaosm	mariaosm	NA	1	1	05:53.172	10485760	5774	3-00:00:00	358	NA
2674	HOXD10_TBX4_TCTACT40NACA_YWII_NAGGTGTNRNNTTWAYKRN_1_3	NAGGTGTNRNNTTWAYKRN	29356233_674	29356233	674	2025-08-22 09:41:37	puhti	COMPLETED	6928	0:0	mariaosm	mariaosm	NA	1	1	01:54:36	10485760	5807	3-00:00:00	6928	01:55:26
2675	HOXD10_TEAD4_TAGCTG40NCTA_YJII_NYMRTAAANNNNNNCATTCCN_2_3	NYMRTAAANNNNNNCATTCCN	29356233_675	29356233	675	2025-08-22 09:41:37	puhti	CANCELLED	259229	0:0	mariaosm	mariaosm	NA	1	1	NA	10485760	8143322	3-00:00:00	259232	3-00:00:29
2676	HOXD10_TFEC_TAGCTG40NCTA_YAGIIII_MRTAAANNNNNNNCACGTG_1_3	MRTAAANNNNNNNCACGTG	29356233_676	29356233	676	2025-08-22 09:41:37	puhti	COMPLETED	17293	0:0	mariaosm	mariaosm	NA	1	1	04:45:49	10485760	5895	3-00:00:00	17293	04:48:11
2677	HOXD10_TGIF2LX_TCTACT40NACA_YVII_NYMRTAAANNTGTCAN_1_3	NYMRTAAANNTGTCAN	29356233_677	29356233	677	2025-08-22 09:41:37	puhti	COMPLETED	326	0:0	mariaosm	mariaosm	NA	1	1	05:20.542	10485760	5763	3-00:00:00	326	NA
2678	HOXD12_TGIF2LX_TCACTG40NACC_YVII_NYMRTAAANNTGTCAN_1_3	NYMRTAAANNTGTCAN	29356233_678	29356233	678	2025-08-22 09:41:37	puhti	COMPLETED	326	0:0	mariaosm	mariaosm	NA	1	1	05:20.283	10485760	5752	3-00:00:00	326	NA
2679	HOXD9_TBX4_TAGGCT40NACC_YWII_NAGGTGTKANTTTTATKRN_2_3	NAGGTGTKANTTTTATKRN	29356233_679	29356233	679	2025-08-22 09:41:37	puhti	COMPLETED	121	0:0	mariaosm	mariaosm	NA	1	1	01:57.324	10485760	5741	3-00:00:00	121	NA
2680	HOXD9_TGIF2LX_TAGGCT40NACC_YVII_NYMRTAAANNYGTCAN_1_3	NYMRTAAANNYGTCAN	29356233_680	29356233	680	2025-08-22 09:41:37	puhti	COMPLETED	660	0:0	mariaosm	mariaosm	NA	1	1	10:54.367	10485760	5812	3-00:00:00	660	NA
2681	IRF8_TEAD4_TACGGT40NTAC_YJII_CGAAACNNNNNNNNCATTCC_1_3	CGAAACNNNNNNNNCATTCC	29356233_681	29356233	681	2025-08-22 09:41:37	puhti	COMPLETED	20155	0:0	mariaosm	mariaosm	NA	1	1	05:33:34	10485760	5838	3-00:00:00	20155	05:35:54
2682	JDP2_EVX1_TGCTTT40NAGA_YPIIII_TGACTCNNNNNNNNNNNTAATTA_1_3	TGACTCNNNNNNNNNNNTAATTA	29356233_682	29356233	682	2025-08-22 09:41:37	puhti	CANCELLED	259229	0:0	mariaosm	mariaosm	NA	1	1	NA	10485760	9773669	3-00:00:00	259232	3-00:00:29
2683	JDP2_TEAD4_TGCTTT40NAGA_YJII_NCATWCCNNNNNNNTGACGTCAN_1_3	NCATWCCNNNNNNNTGACGTCAN	29356233_683	29356233	683	2025-08-22 09:41:37	puhti	CANCELLED	259229	0:0	mariaosm	mariaosm	NA	1	1	NA	10485760	9773413	3-00:00:00	259232	3-00:00:29
2684	LMX1A_BACH2_TTATTT40NCGT_YACIIII_NRTGASTCANNNNNNNNNNTAATTRN_1_3	NRTGASTCANNNNNNNNNNTAATTRN	29356233_684	29356233	684	2025-08-22 09:41:37	puhti	CANCELLED	259229	0:0	mariaosm	mariaosm	NA	1	1	NA	10485760	9605966	3-00:00:00	259232	3-00:00:29
2685	LMX1A_TGIF2LX_TCTTAC40NGCG_YVII_NYAATTANNTGTCAN_1_3	NYAATTANNTGTCAN	29356233_685	29356233	685	2025-08-22 09:41:37	puhti	COMPLETED	98	0:0	mariaosm	mariaosm	NA	1	1	01:34.985	10485760	5768	3-00:00:00	98	NA
2686	MAFF_HOXB5_TATACC40NGCC_YVIII_NTAATTANTGCTGAN_1_3	NTAATTANTGCTGAN	29356233_686	29356233	686	2025-08-22 09:41:37	puhti	COMPLETED	28	0:0	mariaosm	mariaosm	NA	1	1	NA	10485760	3276	3-00:00:00	28	NA
2687	MAFG_HOXB5_TGTTAA40NACT_YVIII_NYAATTANTGCTGAN_1_3	NYAATTANTGCTGAN	29356233_687	29356233	687	2025-08-22 09:41:37	puhti	COMPLETED	32	0:0	mariaosm	mariaosm	NA	1	1	NA	10485760	5760	3-00:00:00	32	NA
2688	MAX_TEAD4_TCTGCA40NAGAC_YJII_NCACGTGNNMATACCN_1_3	NCACGTGNNMATACCN	29356233_688	29356233	688	2025-08-22 09:41:37	puhti	COMPLETED	82	0:0	mariaosm	mariaosm	NA	1	1	01:18.932	10485760	5787	3-00:00:00	82	NA
2689	MEIS2_TEAD4_TGATTC40NTAT_YJII_NCATTCCNNNNTGWCAN_1_3	NCATTCCNNNNTGWCAN	29356233_689	29356233	689	2025-08-22 09:41:37	puhti	COMPLETED	1111	0:0	mariaosm	mariaosm	NA	1	1	18:22.415	10485760	5791	3-00:00:00	1111	NA
2690	MIXL1_ETV1_TTGGCC40NTCG_YRIIII_NCGGAWRNNNNYAATTAN_1_3	NCGGAWRNNNNYAATTAN	29356233_690	29356233	690	2025-08-22 09:41:37	puhti	COMPLETED	7147	0:0	mariaosm	mariaosm	NA	1	1	01:58:17	10485760	5766	3-00:00:00	7147	01:59:05
2691	MIXL1_TEAD4_TTGGCC40NTCG_YJII_TAATTANNNNNNCATTC_1_3	TAATTANNNNNNCATTC	29356233_691	29356233	691	2025-08-22 09:41:37	puhti	COMPLETED	722	0:0	mariaosm	mariaosm	NA	1	1	11:56.264	10485760	5762	3-00:00:00	722	NA
2692	MLX_ETV1_TCCAGC40NGTCC_YRIIII_NCACGTGNNCGGAWRYN_1_3	NCACGTGNNCGGAWRYN	29356233_692	29356233	692	2025-08-22 09:41:37	puhti	COMPLETED	360	0:0	mariaosm	mariaosm	NA	1	1	05:56.197	10485760	5754	3-00:00:00	360	NA
2693	MLX_ETV4_TCCAGC40NGTCC_YSIII_NCACGTGNNCGGAWRYN_1_3	NCACGTGNNCGGAWRYN	29356233_693	29356233	693	2025-08-22 09:41:37	puhti	COMPLETED	316	0:0	mariaosm	mariaosm	NA	1	1	05:07.329	10485760	5809	3-00:00:00	316	NA
2694	MLX_FOXA1_TCCAGC40NGTCC_YWII_NCACGTGNNNNNNNNRTAAAYAN_1_3	NCACGTGNNNNNNNNRTAAAYAN	29356233_694	29356233	694	2025-08-22 09:41:37	puhti	CANCELLED	259229	0:0	mariaosm	mariaosm	NA	1	1	NA	10485760	9671927	3-00:00:00	259233	3-00:00:29
2695	MLX_FOXD2_TTGTCT40NGCT_YWI_NCACGTGNNNNNWRNRTAAACAN_1_3	NCACGTGNNNNNWRNRTAAACAN	29356233_695	29356233	695	2025-08-22 09:41:37	puhti	CANCELLED	259229	0:0	mariaosm	mariaosm	NA	1	1	NA	10485760	9704897	3-00:00:00	259233	3-00:00:29
2696	MLX_GABPA_TTGTCT40NGCT_YYIIII_NCAYGTGANCGGAAGTN_1_3	NCAYGTGANCGGAAGTN	29356233_696	29356233	696	2025-08-22 09:41:37	puhti	COMPLETED	34	0:0	mariaosm	mariaosm	NA	1	1	NA	10485760	5978	3-00:00:00	34	NA
2697	MLX_GCM1_TTGTCT40NGCT_YACII_NRTGCGGGNNNCACGTGN_1_3	NRTGCGGGNNNCACGTGN	29356233_697	29356233	697	2025-08-22 09:41:37	puhti	COMPLETED	339	0:0	mariaosm	mariaosm	NA	1	1	05:34.731	10485760	5974	3-00:00:00	339	NA
2698	MLX_ONECUT1_TTGTCT40NGCT_YJII_NCACGTGNNNNNNATCGATN_1_3	NCACGTGNNNNNNATCGATN	29356233_698	29356233	698	2025-08-22 09:41:37	puhti	COMPLETED	16447	0:0	mariaosm	mariaosm	NA	1	1	04:32:40	10485760	5923	3-00:00:00	16447	04:34:06
2699	MLX_TEAD4_TCCAGC40NGTCC_YJII_NCATTCCNNNNNNNNCACGTGN_1_3	NCATTCCNNNNNNNNCACGTGN	29356233_699	29356233	699	2025-08-22 09:41:37	puhti	CANCELLED	259229	0:0	mariaosm	mariaosm	NA	1	1	NA	10485760	9696642	3-00:00:00	259232	3-00:00:29
2700	MYOG_TEAD4_TGCTTC40NGTCA_YJII_RACAGCTGTYNNNRCATTCC_2_3	RACAGCTGTYNNNRCATTCC	29356233_700	29356233	700	2025-08-22 09:41:37	puhti	COMPLETED	104	0:0	mariaosm	mariaosm	NA	1	1	01:41.177	10485760	5900	3-00:00:00	104	NA
2701	NEUROG1_FLI1_TCGAAT40NTCGT_YYIII_NCGGAWRTNNNNNCATATG_1_3	NCGGAWRTNNNNNCATATG	29356233_701	29356233	701	2025-08-22 09:41:37	puhti	COMPLETED	3338	0:0	mariaosm	mariaosm	NA	1	1	54:59.443	10485760	5801	3-00:00:00	3338	NA
2702	NEUROG1_FOXA1_TCGAAT40NTCGT_YWII_NRYAAAYANNNNCATATGN_1_3	NRYAAAYANNNNCATATGN	29356233_702	29356233	702	2025-08-22 09:41:37	puhti	COMPLETED	7348	0:0	mariaosm	mariaosm	NA	1	1	02:01:31	10485760	5821	3-00:00:00	7348	02:02:26
2703	NEUROG1_ONECUT1_TCGCAC40NCCT_YJII_NCATATGNNNNNNATCGATN_2_3	NCATATGNNNNNNATCGATN	29356233_703	29356233	703	2025-08-22 09:41:37	puhti	COMPLETED	20042	0:0	mariaosm	mariaosm	NA	1	1	05:30:58	10485760	5925	3-00:00:00	20042	05:34:00
2704	NEUROG1_OTP_TCGAAT40NTCGT_YPIII_NCATATGNNNNYAATTAN_1_3	NCATATGNNNNYAATTAN	29356233_704	29356233	704	2025-08-22 09:41:37	puhti	COMPLETED	1476	0:0	mariaosm	mariaosm	NA	1	1	24:23.644	10485760	5774	3-00:00:00	1476	NA
2705	NEUROG1_TEAD4_TCGAAT40NTCGT_YJII_NNCATATGNNNNNNRMATTCCWN_1_3	NNCATATGNNNNNNRMATTCCWN	29356233_705	29356233	705	2025-08-22 09:41:37	puhti	CANCELLED	259213	0:0	mariaosm	mariaosm	NA	1	1	NA	10485760	9636478	3-00:00:00	259216	3-00:00:13
2706	NEUROG2_EVX2_TCACAT40NATG_YZIIII_NYMATTANNNNNCATATGN_1_3	NYMATTANNNNNCATATGN	29356233_706	29356233	706	2025-08-22 09:41:37	puhti	COMPLETED	17727	0:0	mariaosm	mariaosm	NA	1	1	04:47:52	10485760	5847	3-00:00:00	17727	04:55:25
2707	NEUROG2_ONECUT1_TAGGAG40NAGT_YJII_ATCGATNNNNNCATATG_1_3	ATCGATNNNNNCATATG	29356233_707	29356233	707	2025-08-22 09:41:37	puhti	COMPLETED	171	0:0	mariaosm	mariaosm	NA	1	1	02:48.152	10485760	5803	3-00:00:00	171	NA
2708	NEUROG2_TEAD4_TCACAT40NATG_YJII_CATATGNNNNNNNCATTCC_1_3	CATATGNNNNNNNCATTCC	29356233_708	29356233	708	2025-08-22 09:41:37	puhti	COMPLETED	3006	0:0	mariaosm	mariaosm	NA	1	1	49:46.458	10485760	5875	3-00:00:00	3006	NA
2709	NFATC1_MSX2_TAGGTC40NACCA_YSIIII_NYGGAAANNNNYAATTAN_2_3	NYGGAAANNNNYAATTAN	29356233_709	29356233	709	2025-08-22 09:41:37	puhti	COMPLETED	2761	0:0	mariaosm	mariaosm	NA	1	1	45:42.002	10485760	5905	3-00:00:00	2761	NA
2710	NFATC1_ONECUT1_TGACGC40NCAC_YJII_NATCGATNNNYGGAAAN_1_3	NATCGATNNNYGGAAAN	29356233_710	29356233	710	2025-08-22 09:41:37	puhti	COMPLETED	314	0:0	mariaosm	mariaosm	NA	1	1	05:08.985	10485760	5867	3-00:00:00	314	NA
2711	NFATC1_OTP_TAGGTC40NACCA_YPIII_NYGGAAANNYAATTAN_1_3	NYGGAAANNYAATTAN	29356233_711	29356233	711	2025-08-22 09:41:37	puhti	COMPLETED	157	0:0	mariaosm	mariaosm	NA	1	1	02:33.241	10485760	5802	3-00:00:00	157	NA
2712	NFATC4_EVX2_TGGCCT40NATTT_YZIIII_NYGGAAANNYAATTAN_1_3	NYGGAAANNYAATTAN	29356233_712	29356233	712	2025-08-22 09:41:37	puhti	COMPLETED	157	0:0	mariaosm	mariaosm	NA	1	1	02:32.955	10485760	5780	3-00:00:00	157	NA
2713	NFATC4_MSX2_TGGCCT40NATTT_YSIIII_NYGGAAANNNNYAATTAN_1_3	NYGGAAANNNNYAATTAN	29356233_713	29356233	713	2025-08-22 09:41:37	puhti	COMPLETED	2739	0:0	mariaosm	mariaosm	NA	1	1	45:12.415	10485760	5884	3-00:00:00	2739	NA
2714	NFATC4_NKX2-6_TGGCCT40NATTT_YQII_NGGAAANNCACTTN_1_3	NGGAAANNCACTTN	29356233_714	29356233	714	2025-08-22 09:41:37	puhti	COMPLETED	50	0:0	mariaosm	mariaosm	NA	1	1	NA	10485760	5748	3-00:00:00	50	NA
2715	NFATC4_OTP_TGGCCT40NATTT_YPIII_NYGGAAANNYAATTAN_1_3	NYGGAAANNYAATTAN	29356233_715	29356233	715	2025-08-22 09:41:37	puhti	COMPLETED	158	0:0	mariaosm	mariaosm	NA	1	1	02:33.451	10485760	5789	3-00:00:00	158	NA
2716	NHLH1_EVX2_TGCGCG40NTAG_YZIIII_NMNCAKSTGNNNNNNTAATTAN_1_3	NMNCAKSTGNNNNNNTAATTAN	29356233_716	29356233	716	2025-08-22 09:41:37	puhti	COMPLETED	258193	0:0	mariaosm	mariaosm	NA	1	1	NA	10485760	6568	3-00:00:00	258193	2-23:43:13
2717	NHLH1_EVX2_TGCGCG40NTAG_YZIIII_NMNCAKSTGNNNNNTAATTAN_1_3	NMNCAKSTGNNNNNTAATTAN	29356233_717	29356233	717	2025-08-22 09:41:37	puhti	CANCELLED	259213	0:0	mariaosm	mariaosm	NA	1	1	NA	10485760	8042335	3-00:00:00	259216	3-00:00:13
2718	NHLH1_HOXD8_TGAGAA40NGCG_YZIII_NCASCTGNNNNNNNNYAATTRN_1_3	NCASCTGNNNNNNNNYAATTRN	29356233_718	29356233	718	2025-08-22 09:41:37	puhti	CANCELLED	259213	0:0	mariaosm	mariaosm	NA	1	1	NA	10485760	9581292	3-00:00:00	259218	3-00:00:13
2719	NHLH1_TEAD4_TGCGCG40NTAG_YJII_NMNCAGCTGNNNNNNRCATWCCWN_2_3	NMNCAGCTGNNNNNNRCATWCCWN	29356233_719	29356233	719	2025-08-22 09:41:37	puhti	CANCELLED	259213	0:0	mariaosm	mariaosm	NA	1	1	NA	10485760	9757398	3-00:00:00	259218	3-00:00:13
2720	NKX2-3_FLI1_TTCTCC40NTCTC_YYIII_NACCGGAWRNNNNCACTTAN_1_3	NACCGGAWRNNNNCACTTAN	29356233_720	29356233	720	2025-08-22 09:41:37	puhti	COMPLETED	3790	0:0	mariaosm	mariaosm	NA	1	1	01:02:30	10485760	5803	3-00:00:00	3790	01:02:58
2721	OLIG2_EVX2_TGGCCG40NCTTT_YZIIII_NTAATTANNNNCATATGN_1_3	NTAATTANNNNCATATGN	29356233_721	29356233	721	2025-08-22 09:41:37	puhti	COMPLETED	869	0:0	mariaosm	mariaosm	NA	1	1	14:20.494	10485760	5744	3-00:00:00	869	NA
2722	OLIG2_EVX2_TGGCCG40NCTTT_YZIIII_NTAATTANNNNNCATATGN_1_3	NTAATTANNNNNCATATGN	29356233_722	29356233	722	2025-08-22 09:41:37	puhti	COMPLETED	3547	0:0	mariaosm	mariaosm	NA	1	1	58:39.446	10485760	5810	3-00:00:00	3547	NA
2723	OLIG2_FLI1_TGGCCG40NCTTT_YYIII_NCGGAAGTNNNNCATATGN_1_3	NCGGAAGTNNNNCATATGN	29356233_723	29356233	723	2025-08-22 09:41:37	puhti	COMPLETED	949	0:0	mariaosm	mariaosm	NA	1	1	15:39.559	10485760	5763	3-00:00:00	949	NA
2724	OLIG2_FOXA1_TGGCCG40NCTTT_YWII_NRYAAAYANNNNNCATATGN_1_3	NRYAAAYANNNNNCATATGN	29356233_724	29356233	724	2025-08-22 09:41:37	puhti	COMPLETED	58130	0:0	mariaosm	mariaosm	NA	1	1	16:01:25	10485760	5818	3-00:00:00	58130	16:08:50
2725	OLIG2_HOXB5_TCTAAA40NCGC_YVIII_NCATATGNNNNNNYMATTAN_1_3	NCATATGNNNNNNYMATTAN	29356233_725	29356233	725	2025-08-22 09:41:37	puhti	COMPLETED	161439	0:0	mariaosm	mariaosm	NA	1	1	1-20:29:58	10485760	5887	3-00:00:00	161439	1-20:50:39
2726	OLIG2_IRF8_TGGCCG40NCTTT_YQIIII_NYGAAANYGAAACYNNNNNCATATGN_2_3	NYGAAANYGAAACYNNNNNCATATGN	29356233_726	29356233	726	2025-08-22 09:41:37	puhti	COMPLETED	219754	0:0	mariaosm	mariaosm	NA	1	1	NA	10485760	6018	3-00:00:00	219754	2-13:02:34
2727	OLIG2_ISX_TCTAAA40NCGC_YUIIII_NTAATTRNNNNCAKMTGN_1_3	NTAATTRNNNNCAKMTGN	29356233_727	29356233	727	2025-08-22 09:41:37	puhti	COMPLETED	7004	0:0	mariaosm	mariaosm	NA	1	1	01:55:52	10485760	5813	3-00:00:00	7004	01:56:41
2728	OLIG2_MEIS3_TCTAAA40NCGC_YRIIII_NCATATGNNNNNTGTCAN_1_3	NCATATGNNNNNTGTCAN	29356233_728	29356233	728	2025-08-22 09:41:37	puhti	COMPLETED	3297	0:0	mariaosm	mariaosm	NA	1	1	54:30.169	10485760	5820	3-00:00:00	3297	NA
2729	OLIG2_OTP_TGGCCG40NCTTT_YPIII_NTAATTANNNNCATATGN_1_3	NTAATTANNNNCATATGN	29356233_729	29356233	729	2025-08-22 09:41:37	puhti	COMPLETED	837	0:0	mariaosm	mariaosm	NA	1	1	13:39.076	10485760	5745	3-00:00:00	837	NA
2730	OLIG2_TEAD4_TGGCCG40NCTTT_YJII_NCATATGNNNNNNCATTCCN_1_3	NCATATGNNNNNNCATTCCN	29356233_730	29356233	730	2025-08-22 09:41:37	puhti	COMPLETED	21958	0:0	mariaosm	mariaosm	NA	1	1	06:03:19	10485760	5786	3-00:00:00	21958	06:05:56
2731	OLIG3_TEAD4_TCCTCA40NTATT_YJII_NRMCATATGKTNNNNRCATTCCWN_2_3	NRMCATATGKTNNNNRCATTCCWN	29356233_731	29356233	731	2025-08-22 09:41:37	puhti	COMPLETED	79551	0:0	mariaosm	mariaosm	NA	1	1	21:56:25	10485760	5843	3-00:00:00	79551	22:05:51
2732	OTX1_ONECUT1_TTGCGA40NGTA_YJII_ATCGATNNGGATTA_1_3	ATCGATNNGGATTA	29356233_732	29356233	732	2025-08-22 09:41:37	puhti	COMPLETED	19	0:0	mariaosm	mariaosm	NA	1	1	NA	10485760	5765	3-00:00:00	19	NA
2733	PAX1_TEAD4_TCCTGC40NTCG_YJII_KNCACGCNNNNNNNNNNNNNNGGAATKY_1_3	KNCACGCNNNNNNNNNNNNNNGGAATKY	29356233_733	29356233	733	2025-08-22 09:41:37	puhti	CANCELLED	259213	0:0	mariaosm	mariaosm	NA	1	1	NA	10485760	9657864	3-00:00:00	259216	3-00:00:13
2734	PAX5_TEAD4_TATATT40NTGC_YJII_KYCACGCNNNNNNNNNNNNNNGGAATKY_2_3	KYCACGCNNNNNNNNNNNNNNGGAATKY	29356233_734	29356233	734	2025-08-22 09:41:37	puhti	CANCELLED	259213	0:0	mariaosm	mariaosm	NA	1	1	NA	10485760	9638748	3-00:00:00	259216	3-00:00:13
2735	PAX7_TEAD4_TAGTAC40NTAG_YJII_MATWCCNNNNNTAATTR_1_3	MATWCCNNNNNTAATTR	29356233_735	29356233	735	2025-08-22 09:41:37	puhti	COMPLETED	1290	0:0	mariaosm	mariaosm	NA	1	1	20:36.295	10485760	5803	3-00:00:00	1290	NA
2736	PITX1_BACH2_TCACGC40NACT_YACIIII_NTAATCCNNNNNNNTGASTCAN_1_3	NTAATCCNNNNNNNTGASTCAN	29356233_736	29356233	736	2025-08-22 09:41:37	puhti	CANCELLED	259213	0:0	mariaosm	mariaosm	NA	1	1	NA	10485760	8316391	3-00:00:00	259216	3-00:00:13
2737	PITX1_FLI1_TCACGC40NACT_YYIII_NTAATCCNNNNNTTCCGGTN_1_3	NTAATCCNNNNNTTCCGGTN	29356233_737	29356233	737	2025-08-22 09:41:37	puhti	COMPLETED	3876	0:0	mariaosm	mariaosm	NA	1	1	01:04:05	10485760	5748	3-00:00:00	3876	01:04:34
2738	PITX2_TEAD4_TCTCCT40NCGGT_YJII_GGATTAACATTCC_1_3	GGATTAACATTCC	29356233_738	29356233	738	2025-08-22 09:41:37	puhti	COMPLETED	17	0:0	mariaosm	mariaosm	NA	1	1	NA	10485760	3274	3-00:00:00	17	NA
2739	PITX3_TBX21_TCATCT40NATT_YYI_NTAATCCNNNNNNCACACCTN_2_3	NTAATCCNNNNNNCACACCTN	29356233_739	29356233	739	2025-08-22 09:41:37	puhti	COMPLETED	21668	0:0	mariaosm	mariaosm	NA	1	1	05:58:36	10485760	5882	3-00:00:00	21668	06:01:06
2740	POU2F2_TBX21_TAACTC40NGTC_YYI_NAGGTGTGNNTATGCAWWN_1_3	NAGGTGTGNNTATGCAWWN	29356233_740	29356233	740	2025-08-22 09:41:37	puhti	COMPLETED	194	0:0	mariaosm	mariaosm	NA	1	1	03:10.661	10485760	5841	3-00:00:00	194	NA
2741	POU3F2_MEIS3_TTGTCC40NTAG_YRIIII_NTGACANTAATKWN_1_3	NTGACANTAATKWN	29356233_741	29356233	741	2025-08-22 09:41:37	puhti	COMPLETED	47	0:0	mariaosm	mariaosm	NA	1	1	NA	10485760	5833	3-00:00:00	47	NA
2742	PROX1_RUNX2_TGATGC40NTAA_YII_NACCRCANNNNAAGANNYCTTN_2_3	NACCRCANNNNAAGANNYCTTN	29356233_742	29356233	742	2025-08-22 09:41:37	puhti	COMPLETED	166482	0:0	mariaosm	mariaosm	NA	1	1	1-21:56:39	10485760	5991	3-00:00:00	166482	1-22:14:42
2743	PRRX1_ONECUT1_TACTGA40NACC_YJII_NTAATTRNNNATCGATN_1_3	NTAATTRNNNATCGATN	29356233_743	29356233	743	2025-08-22 09:41:37	puhti	COMPLETED	314	0:0	mariaosm	mariaosm	NA	1	1	05:09.641	10485760	5866	3-00:00:00	314	NA
2744	SPIB_HOXC10_TGGCTA40NTGCG_YAEIII_YMATAAANNNACTTCCBCWWWN_2_3	YMATAAANNNACTTCCBCWWWN	29356233_744	29356233	744	2025-08-22 09:41:37	puhti	COMPLETED	6197	0:0	mariaosm	mariaosm	NA	1	1	01:41:35	10485760	5885	3-00:00:00	6197	01:43:14
2745	SRF_NKX6-1_TTCGAG40NCATT_YVIII_NCYWWWWWWGGNNATAATTRN_1_3	NCYWWWWWWGGNNATAATTRN	29356233_745	29356233	745	2025-08-22 09:41:37	puhti	COMPLETED	19008	0:0	mariaosm	mariaosm	NA	1	1	05:13:53	10485760	5925	3-00:00:00	19008	05:16:14
2746	SRF_TEAD4_TTCGAG40NCATT_YJII_CATTCCNNNCCWWWWWWGG_1_3	CATTCCNNNCCWWWWWWGG	29356233_746	29356233	746	2025-08-22 09:41:37	puhti	COMPLETED	816	0:0	mariaosm	mariaosm	NA	1	1	13:23.797	10485760	6233	3-00:00:00	816	NA
2747	TBX3_ONECUT1_TCACGA40NTTA_YJII_NAGGTGTKANNNNNATCGATN_2_3	NAGGTGTKANNNNNATCGATN	29356233_747	29356233	747	2025-08-22 09:41:37	puhti	COMPLETED	8216	0:0	mariaosm	mariaosm	NA	1	1	02:15:46	10485760	6243	3-00:00:00	8216	02:16:45
2748	TBX4_TEAD4_TGCAGG40NTCG_YJII_NGGAATGYNNNNAGGTGTK_2_3	NGGAATGYNNNNAGGTGTK	29356233_748	29356233	748	2025-08-22 09:41:37	puhti	COMPLETED	1009	0:0	mariaosm	mariaosm	NA	1	1	16:40.685	10485760	5773	3-00:00:00	1009	NA
2749	TCF12_TBX21_TGGTCC40NTTC_YYI_NCACCTGNNNNNNNNNNNTCACACCTN_1_3	NCACCTGNNNNNNNNNNNTCACACCTN	29356233_749	29356233	749	2025-08-22 09:41:37	puhti	CANCELLED	259213	0:0	mariaosm	mariaosm	NA	1	1	NA	10485760	8052731	3-00:00:00	259217	3-00:00:13
2750	TCF4_TEAD4_TTTCAC40NGTG_YJII_NCAGGTGNNNNNNGGWATGN_1_3	NCAGGTGNNNNNNGGWATGN	29356233_750	29356233	750	2025-08-22 09:41:37	puhti	COMPLETED	65804	0:0	mariaosm	mariaosm	NA	1	1	18:08:34	10485760	5868	3-00:00:00	65804	18:16:44
2751	TEAD4_CLOCK_TCTAGG40NCTG_YJI_NCACGTGNNNNNNNCATWCC_1_3	NCACGTGNNNNNNNCATWCC	29356233_751	29356233	751	2025-08-22 09:41:37	puhti	COMPLETED	51258	0:0	mariaosm	mariaosm	NA	1	1	14:08:44	10485760	5740	3-00:00:00	51258	14:14:18
2752	TFAP2B_FOXD2_TTTATT40NATC_YWI_NRYAAACANNGCCNNNGGSN_1_3	NRYAAACANNGCCNNNGGSN	29356233_752	29356233	752	2025-08-22 09:41:37	puhti	COMPLETED	43917	0:0	mariaosm	mariaosm	NA	1	1	12:05:48	10485760	6055	3-00:00:00	43917	12:11:57
2753	TFAP2C_ONECUT1_TCTTTA40NGGA_YJII_NATCGATNNNGCCCNNNGGSN_1_3	NATCGATNNNGCCCNNNGGSN	29356233_753	29356233	753	2025-08-22 09:41:37	puhti	COMPLETED	65771	0:0	mariaosm	mariaosm	NA	1	1	18:05:42	10485760	5880	3-00:00:00	65771	18:16:11
2754	TFAP4_ONECUT1_TACTGT40NCGC_YJII_ATCGATNNNNNNCAGCTG_1_3	ATCGATNNNNNNCAGCTG	29356233_754	29356233	754	2025-08-22 09:41:37	puhti	COMPLETED	776	0:0	mariaosm	mariaosm	NA	1	1	12:47.896	10485760	5759	3-00:00:00	776	NA
2755	TLX2_FLI1_TTGATG40NATC_YYIII_NRMCGGAWRNNNYAATTAN_1_3	NRMCGGAWRNNNYAATTAN	29356233_755	29356233	755	2025-08-22 09:41:37	puhti	COMPLETED	7430	0:0	mariaosm	mariaosm	NA	1	1	02:02:38	10485760	5740	3-00:00:00	7430	02:03:48
2756	TLX2_TEAD4_TTGATG40NATC_YJII_CATTCCNNNNTAATTA_1_3	CATTCCNNNNTAATTA	29356233_756	29356233	756	2025-08-22 09:41:37	puhti	COMPLETED	64	0:0	mariaosm	mariaosm	NA	1	1	01:01.450	10485760	5713	3-00:00:00	64	NA
2757	VSX2_SOX11_TCGCCG40NTGC_YUIII_NTAATTRNNNNACAAWRN_1_3	NTAATTRNNNNACAAWRN	29356233_757	29356233	757	2025-08-22 09:41:37	puhti	COMPLETED	6756	0:0	mariaosm	mariaosm	NA	1	1	01:50:03	10485760	5822	3-00:00:00	6756	01:52:34
2758	VSX2_TCF12_TCGCCG40NTGC_YADIII_NCACCTGNNNNYAATTAN_1_3	NCACCTGNNNNYAATTAN	29356233_758	29356233	758	2025-08-22 09:41:37	puhti	COMPLETED	1626	0:0	mariaosm	mariaosm	NA	1	1	26:53.426	10485760	5758	3-00:00:00	1626	NA
2759	VSX2_TCF12_TCGCCG40NTGC_YADIII_NYAATTANNNNCACCTGN_1_3	NYAATTANNNNCACCTGN	29356233_759	29356233	759	2025-08-22 09:41:37	puhti	COMPLETED	1637	0:0	mariaosm	mariaosm	NA	1	1	27:04.613	10485760	5764	3-00:00:00	1637	NA
2760	VSX2_TCF4_TCGCCG40NTGC_YACII_NCACCTGNNNNYAATTAN_1_3	NCACCTGNNNNYAATTAN	29356233_760	29356233	760	2025-08-22 09:41:37	puhti	COMPLETED	1590	0:0	mariaosm	mariaosm	NA	1	1	26:09.341	10485760	5799	3-00:00:00	1590	NA
2761	ARNT_TGGTCG40NTAA_YT_NGTCACGTGACN_1_3	NGTCACGTGACN	29356233_761	29356233	761	2025-08-22 09:41:37	puhti	COMPLETED	26	0:0	mariaosm	mariaosm	NA	1	1	NA	10485760	3278	3-00:00:00	26	NA
2762	ESR2_TTCATA40NTCA_YT_NGGTCANNNNNNNNTGACCN_1_3	NGGTCANNNNNNNNTGACCN	29356233_762	29356233	762	2025-08-22 09:41:37	puhti	CANCELLED	259227	0:0	mariaosm	mariaosm	NA	1	1	NA	10485760	6727780	3-00:00:00	259230	3-00:00:27
2763	FOXK2_TTGAAC40NTAGC_YJI_NRTAAAYAAAYAN_1_3	NRTAAAYAAAYAN	29356233_763	29356233	763	2025-08-22 09:41:37	puhti	COMPLETED	41	0:0	mariaosm	mariaosm	NA	1	1	NA	10485760	5719	3-00:00:00	41	NA
2764	FOXM1_TGACTG40NATG_YT_NGTAAACAAYRN_1_3	NGTAAACAAYRN	29356233_764	29356233	764	2025-08-22 09:41:37	puhti	COMPLETED	21	0:0	mariaosm	mariaosm	NA	1	1	NA	10485760	3206	3-00:00:00	21	NA
2765	FOXM1_TGACTG40NATG_YT_NRYAAAYAAACAN_1_3	NRYAAAYAAACAN	29356233_765	29356233	765	2025-08-22 09:41:37	puhti	COMPLETED	36	0:0	mariaosm	mariaosm	NA	1	1	NA	10485760	5748	3-00:00:00	36	NA
2766	FOXM1_TGACTG40NATG_YT_NYGCATCAYAACRN_1_3	NYGCATCAYAACRN	29356233_766	29356233	766	2025-08-22 09:41:37	puhti	COMPLETED	38	0:0	mariaosm	mariaosm	NA	1	1	NA	10485760	5738	3-00:00:00	38	NA
2767	FOXP2_TCGATT40NTTG_YT_NRCGTAAACAAN_1_3	NRCGTAAACAAN	29356233_767	29356233	767	2025-08-22 09:41:37	puhti	COMPLETED	21	0:0	mariaosm	mariaosm	NA	1	1	NA	10485760	3212	3-00:00:00	21	NA
2768	HELT_TAAGCC40NAGT_YT_NTCACGTGAC_1_3	NTCACGTGAC	29356233_768	29356233	768	2025-08-22 09:41:37	puhti	COMPLETED	17	0:0	mariaosm	mariaosm	NA	1	1	NA	10485760	3210	3-00:00:00	17	NA
2769	OTP_TAGATG40NTAT_YPIII_NTAATTRNNNNTAATTRN_1_3	NTAATTRNNNNTAATTRN	29356233_769	29356233	769	2025-08-22 09:41:37	puhti	COMPLETED	2239	0:0	mariaosm	mariaosm	NA	1	1	37:07.772	10485760	6232	3-00:00:00	2239	NA
2770	SOX11_TAGCCC40NGTA_YT_NACAATNNNNATTGTN_1_3	NACAATNNNNATTGTN	29356233_770	29356233	770	2025-08-22 09:41:37	puhti	COMPLETED	380	0:0	mariaosm	mariaosm	NA	1	1	06:16.712	10485760	6073	3-00:00:00	380	NA
2771	TCF23_TGTTTA40NACG_YT_NGCCATTTGGTN_1_3	NGCCATTTGGTN	29356233_771	29356233	771	2025-08-22 09:41:37	puhti	COMPLETED	18	0:0	mariaosm	mariaosm	NA	1	1	NA	10485760	3270	3-00:00:00	18	NA
2772	THHEX_TCGAG40NCATT_YT_NCAATTNNNNNNNNNNAATTGN_1_3	NCAATTNNNNNNNNNNAATTGN	29356233_772	29356233	772	2025-08-22 09:41:37	puhti	CANCELLED	259213	0:0	mariaosm	mariaosm	NA	1	1	NA	10485760	9671299	3-00:00:00	259216	3-00:00:13
2773	PROX1_HT-SELEX_TGCTCT40NTTA_KR_NAAGRCGTCTTN_1_4	NAAGRCGTCTTN	29356233_773	29356233	773	2025-08-22 09:41:37	puhti	COMPLETED	17	0:0	mariaosm	mariaosm	NA	1	1	NA	10485760	3210	3-00:00:00	17	NA
2774	MSX2_HT-SELEX_TAACTC40NGTC_KR_NCAATTAN_1_2	NCAATTAN	29356233_774	29356233	774	2025-08-22 09:41:37	puhti	COMPLETED	15	0:0	mariaosm	mariaosm	NA	1	1	NA	10485760	3212	3-00:00:00	15	NA
2775	MSX1_HT-SELEX_TACTGG40NGGA_KO_NCAATTAN_1_3	NCAATTAN	29356233_775	29356233	775	2025-08-22 09:41:37	puhti	COMPLETED	19	0:0	mariaosm	mariaosm	NA	1	1	NA	10485760	3276	3-00:00:00	19	NA
2776	MSX1_HT-SELEX_TCTTAT40NACA_KV_NCAATTAN_1_3	NCAATTAN	29356233_776	29356233	776	2025-08-22 09:41:37	puhti	COMPLETED	19	0:0	mariaosm	mariaosm	NA	1	1	NA	10485760	3212	3-00:00:00	19	NA
2777	MNX1_HT-SELEX_TAAGGG40NACC_KO_NYAATTAN_1_3	NYAATTAN	29356233_777	29356233	777	2025-08-22 09:41:37	puhti	COMPLETED	17	0:0	mariaosm	mariaosm	NA	1	1	NA	10485760	3204	3-00:00:00	17	NA
2778	GBX2_HT-SELEX_TCAGCA40NCTC_KP_NYAATTAN_1_2	NYAATTAN	29356233_778	29356233	778	2025-08-22 09:41:37	puhti	COMPLETED	20	0:0	mariaosm	mariaosm	NA	1	1	NA	10485760	3202	3-00:00:00	20	NA
2779	GBX2_HT-SELEX_TGGTGG40NTAA_KV_NCAATTAN_1_2	NCAATTAN	29356233_779	29356233	779	2025-08-22 09:41:37	puhti	COMPLETED	24	0:0	mariaosm	mariaosm	NA	1	1	NA	10485760	3276	3-00:00:00	24	NA
2780	BARHL1_HT-SELEX_TTAGCG40NAGA_KT_NTAAACGN_1_3	NTAAACGN	29356233_780	29356233	780	2025-08-22 09:41:37	puhti	COMPLETED	24	0:0	mariaosm	mariaosm	NA	1	1	NA	10485760	3278	3-00:00:00	24	NA
2781	BARHL1_HT-SELEX_TTAGCG40NAGA_KT_NTAATTGN_1_3	NTAATTGN	29356233_781	29356233	781	2025-08-22 09:41:37	puhti	COMPLETED	22	0:0	mariaosm	mariaosm	NA	1	1	NA	10485760	3204	3-00:00:00	22	NA
2782	BARHL2_HT-SELEX_TCTCCA40NGGA_KT_NTAAACGNY_1_2	NTAAACGNY	29356233_782	29356233	782	2025-08-22 09:41:37	puhti	COMPLETED	20	0:0	mariaosm	mariaosm	NA	1	1	NA	10485760	3214	3-00:00:00	20	NA
2783	BARHL2_HT-SELEX_TCTCCA40NGGA_KT_NTAATTGNY_1_2	NTAATTGNY	29356233_783	29356233	783	2025-08-22 09:41:37	puhti	COMPLETED	16	0:0	mariaosm	mariaosm	NA	1	1	NA	10485760	3210	3-00:00:00	16	NA
2784	BARHL2_HT-SELEX_TGGGAG40NAGG_KZ_NTAAACGN_1_3	NTAAACGN	29356233_784	29356233	784	2025-08-22 09:41:37	puhti	COMPLETED	15	0:0	mariaosm	mariaosm	NA	1	1	NA	10485760	3274	3-00:00:00	15	NA
2785	BARHL2_HT-SELEX_TGGGAG40NAGG_KZ_NTAATTGN_1_3	NTAATTGN	29356233_785	29356233	785	2025-08-22 09:41:37	puhti	COMPLETED	18	0:0	mariaosm	mariaosm	NA	1	1	NA	10485760	3278	3-00:00:00	18	NA
2786	BARX2_HT-SELEX_TAGTTA40NGTG_KZ_NWWAAYCATTAN_1_2	NWWAAYCATTAN	29356233_786	29356233	786	2025-08-22 09:41:37	puhti	COMPLETED	32	0:0	mariaosm	mariaosm	NA	1	1	NA	10485760	5743	3-00:00:00	32	NA
2787	BSX_HT-SELEX_TGTATA40NGGT_KO_NYAATTAN_1_2	NYAATTAN	29356233_787	29356233	787	2025-08-22 09:41:37	puhti	COMPLETED	19	0:0	mariaosm	mariaosm	NA	1	1	NA	10485760	3278	3-00:00:00	19	NA
2788	BSX_HT-SELEX_TGTATA40NGGT_KO_NTCGTTAN_1_2	NTCGTTAN	29356233_788	29356233	788	2025-08-22 09:41:37	puhti	COMPLETED	19	0:0	mariaosm	mariaosm	NA	1	1	NA	10485760	3206	3-00:00:00	19	NA
2789	DLX6_HT-SELEX_TGGTGG40NTAA_KR_NYAATTAN_1_2	NYAATTAN	29356233_789	29356233	789	2025-08-22 09:41:37	puhti	COMPLETED	29	0:0	mariaosm	mariaosm	NA	1	1	NA	10485760	3214	3-00:00:00	29	NA
2790	DLX1_HT-SELEX_TGGTCA40NGTG_KT_NYAATTAN_1_2	NYAATTAN	29356233_790	29356233	790	2025-08-22 09:41:37	puhti	COMPLETED	29	0:0	mariaosm	mariaosm	NA	1	1	NA	10485760	3212	3-00:00:00	29	NA
2791	DLX1_HT-SELEX_TCCATG40NCAC_KAE_NYAATTAN_1_2	NYAATTAN	29356233_791	29356233	791	2025-08-22 09:41:37	puhti	COMPLETED	25	0:0	mariaosm	mariaosm	NA	1	1	NA	10485760	3208	3-00:00:00	25	NA
2792	DLX4_HT-SELEX_TCGAGT40NACT_KT_NYAATTAN_1_2	NYAATTAN	29356233_792	29356233	792	2025-08-22 09:41:37	puhti	COMPLETED	19	0:0	mariaosm	mariaosm	NA	1	1	NA	10485760	3212	3-00:00:00	19	NA
2793	DLX4_HT-SELEX_TCGTGG40NTCT_KV_NYAATTAN_1_2	NYAATTAN	29356233_793	29356233	793	2025-08-22 09:41:37	puhti	COMPLETED	18	0:0	mariaosm	mariaosm	NA	1	1	NA	10485760	3272	3-00:00:00	18	NA
2794	DLX3_HT-SELEX_TCCACA40NGCC_KN_NYAATTAN_1_2	NYAATTAN	29356233_794	29356233	794	2025-08-22 09:41:37	puhti	COMPLETED	18	0:0	mariaosm	mariaosm	NA	1	1	NA	10485760	3268	3-00:00:00	18	NA
2795	DLX3_HT-SELEX_TGGAGA40NCCA_KW_NYAATTAN_1_2	NYAATTAN	29356233_795	29356233	795	2025-08-22 09:41:37	puhti	COMPLETED	15	0:0	mariaosm	mariaosm	NA	1	1	NA	10485760	3214	3-00:00:00	15	NA
2796	DLX5_HT-SELEX_TACGAA40NAGA_KT_NYAATTAN_1_2	NYAATTAN	29356233_796	29356233	796	2025-08-22 09:41:37	puhti	COMPLETED	19	0:0	mariaosm	mariaosm	NA	1	1	NA	10485760	3278	3-00:00:00	19	NA
2797	DLX5_HT-SELEX_TACGGT40NTAC_KX_NYAATTAN_1_2	NYAATTAN	29356233_797	29356233	797	2025-08-22 09:41:37	puhti	COMPLETED	19	0:0	mariaosm	mariaosm	NA	1	1	NA	10485760	3210	3-00:00:00	19	NA
2798	DLX2_HT-SELEX_TGTCTG40NAGG_KP_NYAATTAN_1_2	NYAATTAN	29356233_798	29356233	798	2025-08-22 09:41:37	puhti	COMPLETED	16	0:0	mariaosm	mariaosm	NA	1	1	NA	10485760	3208	3-00:00:00	16	NA
2799	DLX2_HT-SELEX_TGGGAG40NAGG_KW_NYAATTAN_1_2	NYAATTAN	29356233_799	29356233	799	2025-08-22 09:41:37	puhti	COMPLETED	16	0:0	mariaosm	mariaosm	NA	1	1	NA	10485760	3214	3-00:00:00	16	NA
2800	NANOG_HT-SELEX_40NATTAATAATAA_KAL_TTAATKGN_1_3b0	TTAATKGN	29356233_800	29356233	800	2025-08-22 09:41:37	puhti	COMPLETED	17	0:0	mariaosm	mariaosm	NA	1	1	NA	10485760	3278	3-00:00:00	17	NA
2801	NKX3-2_HT-SELEX_TTTGAG40NATT_KP_NCCACTTAAN_1_3	NCCACTTAAN	29357154_801	29357154	801	2025-08-22 09:59:35	puhti	COMPLETED	15	0:0	mariaosm	mariaosm	NA	1	1	NA	10485760	3204	3-00:00:00	15	NA
2802	NKX3-1_HT-SELEX_TTTGAG40NATT_KV_NCCACTTAAN_1_3	NCCACTTAAN	29357154_802	29357154	802	2025-08-22 09:59:35	puhti	COMPLETED	15	0:0	mariaosm	mariaosm	NA	1	1	NA	10485760	3276	3-00:00:00	15	NA
2803	NKX2-8_HT-SELEX_TTGTTA40NGGT_KW_NNCACTTSAN_1_3	NNCACTTSAN	29357154_803	29357154	803	2025-08-22 09:59:35	puhti	COMPLETED	51	0:0	mariaosm	mariaosm	NA	1	1	NA	10485760	766407	3-00:00:00	51	NA
2804	NKX2-3_HT-SELEX_TCTGCC40NCAC_KR_NCCACTTRAN_1_3	NCCACTTRAN	29357154_804	29357154	804	2025-08-22 09:59:35	puhti	COMPLETED	22	0:0	mariaosm	mariaosm	NA	1	1	NA	10485760	3272	3-00:00:00	22	NA
2805	NKX2-3_HT-SELEX_TAGGTT40NAAG_KV_NNCACTTRAN_1_3	NNCACTTRAN	29357154_805	29357154	805	2025-08-22 09:59:35	puhti	COMPLETED	31	0:0	mariaosm	mariaosm	NA	1	1	NA	10485760	3274	3-00:00:00	31	NA
2806	NKX2-5_HT-SELEX_TCCGAG40NTGG_KW_NCCACTTRAN_1_3	NCCACTTRAN	29357154_806	29357154	806	2025-08-22 09:59:35	puhti	COMPLETED	22	0:0	mariaosm	mariaosm	NA	1	1	NA	10485760	3272	3-00:00:00	22	NA
2807	HMX1_HT-SELEX_TCCTCA40NAAC_KO_NCAMTTAAN_1_4	NCAMTTAAN	29357154_807	29357154	807	2025-08-22 09:59:35	puhti	COMPLETED	21	0:0	mariaosm	mariaosm	NA	1	1	NA	10485760	3208	3-00:00:00	21	NA
2808	HMX2_HT-SELEX_TTAGCT40NCCT_KO_NCAMTTAAN_1_4	NCAMTTAAN	29357154_808	29357154	808	2025-08-22 09:59:35	puhti	COMPLETED	20	0:0	mariaosm	mariaosm	NA	1	1	NA	10485760	3270	3-00:00:00	20	NA
2809	HMX2_HT-SELEX_TCGGGT40NAAG_KZ_NCCAMTTAAN_1_3	NCCAMTTAAN	29357154_809	29357154	809	2025-08-22 09:59:35	puhti	COMPLETED	20	0:0	mariaosm	mariaosm	NA	1	1	NA	10485760	3276	3-00:00:00	20	NA
2810	TLX3_HT-SELEX_TTAGCA40NGGT_KV_NAATTGNNNNNNNNNNNNNCAATTN_1_4b0	NAATTGNNNNNNNNNNNNNCAATTN	29357154_810	29357154	810	2025-08-22 09:59:35	puhti	CANCELLED	259226	0:0	mariaosm	mariaosm	NA	1	1	NA	10485760	9570057	3-00:00:00	259229	3-00:00:26
2811	TLX3_HT-SELEX_TGAACT40NAAG_KX_NAATTGNNNNNNNNNNCAATTN_1_4b0	NAATTGNNNNNNNNNNCAATTN	29357154_811	29357154	811	2025-08-22 09:59:35	puhti	CANCELLED	259226	0:0	mariaosm	mariaosm	NA	1	1	NA	10485760	9671198	3-00:00:00	259229	3-00:00:26
2812	TLX2_HT-SELEX_TCTGCA40NATA_KO_NCAATTAN_1_2	NCAATTAN	29357154_812	29357154	812	2025-08-22 09:59:35	puhti	COMPLETED	18	0:0	mariaosm	mariaosm	NA	1	1	NA	10485760	3274	3-00:00:00	18	NA
2813	NKX6-2_HT-SELEX_TCCAAG40NAAC_KO_NYAATTAN_1_3	NYAATTAN	29357154_813	29357154	813	2025-08-22 09:59:35	puhti	COMPLETED	19	0:0	mariaosm	mariaosm	NA	1	1	NA	10485760	3278	3-00:00:00	19	NA
2814	NKX6-2_HT-SELEX_TCATGA40NAGT_KV_NTCATTAN_1_3	NTCATTAN	29357154_814	29357154	814	2025-08-22 09:59:35	puhti	COMPLETED	18	0:0	mariaosm	mariaosm	NA	1	1	NA	10485760	3274	3-00:00:00	18	NA
2815	NKX6-3_HT-SELEX_TGTAGA40NTGT_KO_NTMATTAAN_1_2	NTMATTAAN	29357154_815	29357154	815	2025-08-22 09:59:35	puhti	COMPLETED	20	0:0	mariaosm	mariaosm	NA	1	1	NA	10485760	3210	3-00:00:00	20	NA
2816	LBX2_HT-SELEX_TGAAGC40NCTA_KP_CTMATTAATTAN_2_4	CTMATTAATTAN	29357154_816	29357154	816	2025-08-22 09:59:35	puhti	COMPLETED	34	0:0	mariaosm	mariaosm	NA	1	1	NA	10485760	5761	3-00:00:00	34	NA
2817	LBX2_HT-SELEX_TGAAGC40NCTA_KP_CTCGTTAN_1_4	CTCGTTAN	29357154_817	29357154	817	2025-08-22 09:59:35	puhti	COMPLETED	39	0:0	mariaosm	mariaosm	NA	1	1	NA	10485760	764128	3-00:00:00	39	NA
2818	LBX2_HT-SELEX_TGAAGC40NCTA_KP_NCYAATTANN_1_4	NCYAATTANN	29357154_818	29357154	818	2025-08-22 09:59:35	puhti	COMPLETED	50	0:0	mariaosm	mariaosm	NA	1	1	NA	10485760	763840	3-00:00:00	50	NA
2819	NOTO_HT-SELEX_TGAACC40NCCA_KO_NYAATTAN_1_3	NYAATTAN	29357154_819	29357154	819	2025-08-22 09:59:35	puhti	COMPLETED	40	0:0	mariaosm	mariaosm	NA	1	1	NA	10485760	764911	3-00:00:00	40	NA
2820	EMX1_HT-SELEX_TTAGCA40NGGT_KO_NYAATTAN_1_2	NYAATTAN	29357154_820	29357154	820	2025-08-22 09:59:35	puhti	COMPLETED	40	0:0	mariaosm	mariaosm	NA	1	1	NA	10485760	764797	3-00:00:00	40	NA
2821	EMX1_HT-SELEX_TTTAGG40NTCT_KW_NYAATTAN_1_2	NYAATTAN	29357154_821	29357154	821	2025-08-22 09:59:35	puhti	COMPLETED	40	0:0	mariaosm	mariaosm	NA	1	1	NA	10485760	783330	3-00:00:00	40	NA
2822	EMX2_HT-SELEX_TCAGGG40NGCA_KP_YTAATTAN_1_2	YTAATTAN	29357154_822	29357154	822	2025-08-22 09:59:35	puhti	COMPLETED	39	0:0	mariaosm	mariaosm	NA	1	1	NA	10485760	805670	3-00:00:00	39	NA
2823	VAX1_HT-SELEX_TGGTCG40NTAA_KO_NYAATTAN_1_3	NYAATTAN	29357154_823	29357154	823	2025-08-22 09:59:35	puhti	COMPLETED	40	0:0	mariaosm	mariaosm	NA	1	1	NA	10485760	808097	3-00:00:00	40	NA
2824	VAX2_HT-SELEX_TGTCGA40NGCA_KX_NYAATTAN_1_3	NYAATTAN	29357154_824	29357154	824	2025-08-22 09:59:35	puhti	COMPLETED	40	0:0	mariaosm	mariaosm	NA	1	1	NA	10485760	808133	3-00:00:00	40	NA
2825	VENTX_HT-SELEX_TATTTG40NCCA_KW_CGATTATCG_1_4	CGATTATCG	29357154_825	29357154	825	2025-08-22 09:59:35	puhti	COMPLETED	39	0:0	mariaosm	mariaosm	NA	1	1	NA	10485760	809342	3-00:00:00	39	NA
2826	VENTX_HT-SELEX_TATTTG40NCCA_KW_NGYAATTAGN_1_4	NGYAATTAGN	29357154_826	29357154	826	2025-08-22 09:59:35	puhti	COMPLETED	17	0:0	mariaosm	mariaosm	NA	1	1	NA	10485760	3210	3-00:00:00	17	NA
2827	HOXB7_HT-SELEX_TAAGGC40NTGA_KT_NYAATTAN_1_3	NYAATTAN	29357154_827	29357154	827	2025-08-22 09:59:35	puhti	COMPLETED	41	0:0	mariaosm	mariaosm	NA	1	1	NA	10485760	766194	3-00:00:00	41	NA
2828	HOXB7_HT-SELEX_TTATTT40NCGT_KV_NGTAATTANN_1_4u	NGTAATTANN	29357154_828	29357154	828	2025-08-22 09:59:35	puhti	COMPLETED	44	0:0	mariaosm	mariaosm	NA	1	1	NA	10485760	764038	3-00:00:00	44	NA
2829	HOXA7_HT-SELEX_TGGCTA40NTCC_KR_NYAATTAN_1_4	NYAATTAN	29357154_829	29357154	829	2025-08-22 09:59:35	puhti	COMPLETED	41	0:0	mariaosm	mariaosm	NA	1	1	NA	10485760	763775	3-00:00:00	41	NA
2830	HOXB6_HT-SELEX_40NTTAATATATAT_KAK_YTAATTRY_1_3b0	YTAATTRY	29357154_830	29357154	830	2025-08-22 09:59:35	puhti	COMPLETED	39	0:0	mariaosm	mariaosm	NA	1	1	NA	10485760	763964	3-00:00:00	39	NA
2831	HOXA6_HT-SELEX_TCGTCA40NCTA_KP_NGYAATTANN_1_3	NGYAATTANN	29357154_831	29357154	831	2025-08-22 09:59:35	puhti	COMPLETED	49	0:0	mariaosm	mariaosm	NA	1	1	NA	10485760	807086	3-00:00:00	49	NA
2832	HOXB5_HT-SELEX_TCGGAC40NCCA_KO_NYAATTAN_1_3	NYAATTAN	29357154_832	29357154	832	2025-08-22 09:59:35	puhti	COMPLETED	41	0:0	mariaosm	mariaosm	NA	1	1	NA	10485760	769575	3-00:00:00	41	NA
2833	HOXB5_HT-SELEX_TCTGAG40NCAG_KAE_NTAATTAN_1_4	NTAATTAN	29357154_833	29357154	833	2025-08-22 09:59:35	puhti	COMPLETED	39	0:0	mariaosm	mariaosm	NA	1	1	NA	10485760	806125	3-00:00:00	39	NA
2834	HOXA5_HT-SELEX_TTAGTA40NCTC_KV_NYAATTAN_1_4	NYAATTAN	29357154_834	29357154	834	2025-08-22 09:59:35	puhti	COMPLETED	41	0:0	mariaosm	mariaosm	NA	1	1	NA	10485760	807737	3-00:00:00	41	NA
2835	HOXA5_HT-SELEX_TCAGTA40NACC_KAE_NYAATTAN_1_4	NYAATTAN	29357154_835	29357154	835	2025-08-22 09:59:35	puhti	COMPLETED	41	0:0	mariaosm	mariaosm	NA	1	1	NA	10485760	825093	3-00:00:00	41	NA
2836	HOXD4_HT-SELEX_TGAGAC40NCAA_KO_NYAATTAN_1_2	NYAATTAN	29357154_836	29357154	836	2025-08-22 09:59:35	puhti	COMPLETED	41	0:0	mariaosm	mariaosm	NA	1	1	NA	10485760	843650	3-00:00:00	41	NA
2837	HOXD4_HT-SELEX_TTTACT40NACA_KV_NTMATTAN_1_2	NTMATTAN	29357154_837	29357154	837	2025-08-22 09:59:35	puhti	COMPLETED	41	0:0	mariaosm	mariaosm	NA	1	1	NA	10485760	835506	3-00:00:00	41	NA
2838	HOXA4_HT-SELEX_TCTAGG40NCTG_KO_RTMATTAN_1_3	RTMATTAN	29357154_838	29357154	838	2025-08-22 09:59:35	puhti	COMPLETED	17	0:0	mariaosm	mariaosm	NA	1	1	NA	10485760	3204	3-00:00:00	17	NA
2839	HOXC4_HT-SELEX_TTCGGG40NGAG_KV_NTMATTAN_1_2	NTMATTAN	29357154_839	29357154	839	2025-08-22 09:59:35	puhti	COMPLETED	20	0:0	mariaosm	mariaosm	NA	1	1	NA	10485760	3214	3-00:00:00	20	NA
2840	HOXB4_HT-SELEX_TCTGCA40NATA_KV_RTMATTAR_1_3	RTMATTAR	29357154_840	29357154	840	2025-08-22 09:59:35	puhti	COMPLETED	17	0:0	mariaosm	mariaosm	NA	1	1	NA	10485760	3272	3-00:00:00	17	NA
2841	HOXD8_HT-SELEX_TCGGGT40NAAG_KP_NYAATTAN_1_4	NYAATTAN	29357154_841	29357154	841	2025-08-22 09:59:35	puhti	COMPLETED	18	0:0	mariaosm	mariaosm	NA	1	1	NA	10485760	3210	3-00:00:00	18	NA
2842	HOXB8_HT-SELEX_TAAAGT40NAGC_KP_NYAATTAN_1_3	NYAATTAN	29357154_842	29357154	842	2025-08-22 09:59:35	puhti	COMPLETED	18	0:0	mariaosm	mariaosm	NA	1	1	NA	10485760	3274	3-00:00:00	18	NA
2843	HOXC8_HT-SELEX_TGCGCA40NCAA_KV_NTAATTAN_1_3	NTAATTAN	29357154_843	29357154	843	2025-08-22 09:59:35	puhti	COMPLETED	17	0:0	mariaosm	mariaosm	NA	1	1	NA	10485760	3272	3-00:00:00	17	NA
2844	HOXA2_HT-SELEX_TAGTCT40NGCA_KN_NYAATTAN_1_2	NYAATTAN	29357154_844	29357154	844	2025-08-22 09:59:35	puhti	COMPLETED	18	0:0	mariaosm	mariaosm	NA	1	1	NA	10485760	3272	3-00:00:00	18	NA
2845	HOXA2_HT-SELEX_TCGGCT40NTAA_KZ_NTMATTAN_1_2	NTMATTAN	29357154_845	29357154	845	2025-08-22 09:59:35	puhti	COMPLETED	18	0:0	mariaosm	mariaosm	NA	1	1	NA	10485760	3274	3-00:00:00	18	NA
2846	HOXB2_HT-SELEX_TCTGCT40NTGT_KP_NYAATTAN_1_2	NYAATTAN	29357154_846	29357154	846	2025-08-22 09:59:35	puhti	COMPLETED	18	0:0	mariaosm	mariaosm	NA	1	1	NA	10485760	3212	3-00:00:00	18	NA
2847	HOXD3_HT-SELEX_TACATA40NAGA_KW_YTAATTAN_1_3	YTAATTAN	29357154_847	29357154	847	2025-08-22 09:59:35	puhti	COMPLETED	15	0:0	mariaosm	mariaosm	NA	1	1	NA	10485760	3274	3-00:00:00	15	NA
2848	PDX1_HT-SELEX_TGCCCT40NTCG_KO_YTAATTAN_1_2	YTAATTAN	29357154_848	29357154	848	2025-08-22 09:59:35	puhti	COMPLETED	15	0:0	mariaosm	mariaosm	NA	1	1	NA	10485760	3278	3-00:00:00	15	NA
2849	GSX2_HT-SELEX_TGTCAG40NGAC_KO_STMATTAR_1_2	STMATTAR	29357154_849	29357154	849	2025-08-22 09:59:35	puhti	COMPLETED	16	0:0	mariaosm	mariaosm	NA	1	1	NA	10485760	3214	3-00:00:00	16	NA
2850	GSX1_HT-SELEX_TACGAA40NAGA_KO_CTAATTAC_1_4b0	CTAATTAC	29357154_850	29357154	850	2025-08-22 09:59:35	puhti	COMPLETED	16	0:0	mariaosm	mariaosm	NA	1	1	NA	10485760	3274	3-00:00:00	16	NA
2851	HOXA1_HT-SELEX_TGACAA40NACT_KX_NTAATTAN_1_4	NTAATTAN	29357154_851	29357154	851	2025-08-22 09:59:35	puhti	COMPLETED	17	0:0	mariaosm	mariaosm	NA	1	1	NA	10485760	3274	3-00:00:00	17	NA
2852	HOXD1_HT-SELEX_TTCAGG40NTGC_KR_NTAATTAN_1_4	NTAATTAN	29357154_852	29357154	852	2025-08-22 09:59:35	puhti	COMPLETED	17	0:0	mariaosm	mariaosm	NA	1	1	NA	10485760	3278	3-00:00:00	17	NA
2853	HOXB1_HT-SELEX_TAAAGT40NAGC_KO_STAATTAN_1_3	STAATTAN	29357154_853	29357154	853	2025-08-22 09:59:35	puhti	COMPLETED	17	0:0	mariaosm	mariaosm	NA	1	1	NA	10485760	3272	3-00:00:00	17	NA
2854	MEOX1_HT-SELEX_TAAGCA40NGTC_KX_NYAATTAN_1_3	NYAATTAN	29357154_854	29357154	854	2025-08-22 09:59:35	puhti	COMPLETED	18	0:0	mariaosm	mariaosm	NA	1	1	NA	10485760	3274	3-00:00:00	18	NA
2855	MEOX1_HT-SELEX_TAAGCA40NGTC_KX_NTCGTTAN_1_2	NTCGTTAN	29357154_855	29357154	855	2025-08-22 09:59:35	puhti	COMPLETED	18	0:0	mariaosm	mariaosm	NA	1	1	NA	10485760	3276	3-00:00:00	18	NA
2856	MEOX2_HT-SELEX_TACGGG40NCTT_KX_NYAATTAN_1_2	NYAATTAN	29357154_856	29357154	856	2025-08-22 09:59:35	puhti	COMPLETED	17	0:0	mariaosm	mariaosm	NA	1	1	NA	10485760	3268	3-00:00:00	17	NA
2857	MEOX2_HT-SELEX_TACGGG40NCTT_KX_NTCGTTAN_1_2	NTCGTTAN	29357154_857	29357154	857	2025-08-22 09:59:35	puhti	COMPLETED	52	0:0	mariaosm	mariaosm	NA	1	1	NA	10485760	680641	3-00:00:00	52	NA
2858	HOXB9_HT-SELEX_TTCGTT40NGCC_KT_GTCGTAAAAN_1_4	GTCGTAAAAN	29357154_858	29357154	858	2025-08-22 09:59:35	puhti	COMPLETED	38	0:0	mariaosm	mariaosm	NA	1	1	NA	10485760	765929	3-00:00:00	38	NA
2859	HOXB9_HT-SELEX_TTCGTT40NGCC_KT_GYAATAAAAN_1_3	GYAATAAAAN	29357154_859	29357154	859	2025-08-22 09:59:35	puhti	COMPLETED	38	0:0	mariaosm	mariaosm	NA	1	1	NA	10485760	765459	3-00:00:00	38	NA
2860	HOXD9_HT-SELEX_TGCGTC40NTTA_KQ_GYAATAAAAN_1_4	GYAATAAAAN	29357154_860	29357154	860	2025-08-22 09:59:35	puhti	COMPLETED	38	0:0	mariaosm	mariaosm	NA	1	1	NA	10485760	766453	3-00:00:00	38	NA
2861	HOXD9_HT-SELEX_TGCGTC40NTTA_KQ_RTCGTAAAAN_1_4	RTCGTAAAAN	29357154_861	29357154	861	2025-08-22 09:59:35	puhti	COMPLETED	38	0:0	mariaosm	mariaosm	NA	1	1	NA	10485760	785243	3-00:00:00	38	NA
2862	HOXD9_HT-SELEX_TCTCCT40NCCT_KW_GTCGTAAAAN_1_4	GTCGTAAAAN	29357154_862	29357154	862	2025-08-22 09:59:35	puhti	COMPLETED	42	0:0	mariaosm	mariaosm	NA	1	1	NA	10485760	766608	3-00:00:00	42	NA
2863	HOXD9_HT-SELEX_TCTCCT40NCCT_KW_GYAATAAAAN_1_4	GYAATAAAAN	29357154_863	29357154	863	2025-08-22 09:59:35	puhti	COMPLETED	42	0:0	mariaosm	mariaosm	NA	1	1	NA	10485760	766829	3-00:00:00	42	NA
2864	HOXC9_HT-SELEX_TATGTA40NTGT_KV_GTCGTAAAAN_1_4	GTCGTAAAAN	29357154_864	29357154	864	2025-08-22 09:59:35	puhti	COMPLETED	42	0:0	mariaosm	mariaosm	NA	1	1	NA	10485760	807810	3-00:00:00	42	NA
2865	HOXC9_HT-SELEX_TATGTA40NTGT_KV_GYAATAAAAN_1_4	GYAATAAAAN	29357154_865	29357154	865	2025-08-22 09:59:35	puhti	COMPLETED	42	0:0	mariaosm	mariaosm	NA	1	1	NA	10485760	822866	3-00:00:00	42	NA
2866	HOXA9_HT-SELEX_TTCTAC40NCGA_KAE_RTCGTAAANN_1_4	RTCGTAAANN	29357154_866	29357154	866	2025-08-22 09:59:35	puhti	COMPLETED	42	0:0	mariaosm	mariaosm	NA	1	1	NA	10485760	835151	3-00:00:00	42	NA
2867	HOXA9_HT-SELEX_TTCTAC40NCGA_KAE_GYAATAAANN_1_4	GYAATAAANN	29357154_867	29357154	867	2025-08-22 09:59:35	puhti	COMPLETED	42	0:0	mariaosm	mariaosm	NA	1	1	NA	10485760	843637	3-00:00:00	42	NA
2868	HOXD10_HT-SELEX_TAAGTC40NCGT_KT_RTCGTAAAAN_1_4	RTCGTAAAAN	29357154_868	29357154	868	2025-08-22 09:59:35	puhti	COMPLETED	16	0:0	mariaosm	mariaosm	NA	1	1	NA	10485760	3268	3-00:00:00	16	NA
2869	HOXD10_HT-SELEX_TAAGTC40NCGT_KT_GYAATAAAAN_1_4	GYAATAAAAN	29357154_869	29357154	869	2025-08-22 09:59:35	puhti	COMPLETED	16	0:0	mariaosm	mariaosm	NA	1	1	NA	10485760	3204	3-00:00:00	16	NA
2870	HOXD10_HT-SELEX_TCGATG40NTAC_KAE_NGTCGTAAAAN_1_4b0	NGTCGTAAAAN	29357154_870	29357154	870	2025-08-22 09:59:35	puhti	COMPLETED	17	0:0	mariaosm	mariaosm	NA	1	1	NA	10485760	3270	3-00:00:00	17	NA
2871	HOXD10_HT-SELEX_TCGATG40NTAC_KAE_NGYAATAAAAN_1_4b0	NGYAATAAAAN	29357154_871	29357154	871	2025-08-22 09:59:35	puhti	COMPLETED	19	0:0	mariaosm	mariaosm	NA	1	1	NA	10485760	3268	3-00:00:00	19	NA
2872	HOXA10_HT-SELEX_TGTCGA40NGCA_KR_NGTCGTAAAAN_1_4	NGTCGTAAAAN	29357154_872	29357154	872	2025-08-22 09:59:35	puhti	COMPLETED	17	0:0	mariaosm	mariaosm	NA	1	1	NA	10485760	3272	3-00:00:00	17	NA
2873	HOXA10_HT-SELEX_TGTCGA40NGCA_KR_NGYAATAAAAN_1_4	NGYAATAAAAN	29357154_873	29357154	873	2025-08-22 09:59:35	puhti	COMPLETED	19	0:0	mariaosm	mariaosm	NA	1	1	NA	10485760	3268	3-00:00:00	19	NA
2874	HOXA10_HT-SELEX_TGGCCT40NTAT_KZ_NGTCGTAAAAN_1_4	NGTCGTAAAAN	29357154_874	29357154	874	2025-08-22 09:59:35	puhti	COMPLETED	18	0:0	mariaosm	mariaosm	NA	1	1	NA	10485760	3204	3-00:00:00	18	NA
2875	HOXA10_HT-SELEX_TGGCCT40NTAT_KZ_NGYAATAAAAN_1_4	NGYAATAAAAN	29357154_875	29357154	875	2025-08-22 09:59:35	puhti	COMPLETED	19	0:0	mariaosm	mariaosm	NA	1	1	NA	10485760	3204	3-00:00:00	19	NA
2876	HOXC10_HT-SELEX_TACTAA40NATT_KR_NRTCGTAAAAN_1_4	NRTCGTAAAAN	29357154_876	29357154	876	2025-08-22 09:59:35	puhti	COMPLETED	19	0:0	mariaosm	mariaosm	NA	1	1	NA	10485760	3204	3-00:00:00	19	NA
2877	HOXC10_HT-SELEX_TACTAA40NATT_KR_NGYAATAAAAN_1_4	NGYAATAAAAN	29357154_877	29357154	877	2025-08-22 09:59:35	puhti	COMPLETED	19	0:0	mariaosm	mariaosm	NA	1	1	NA	10485760	3204	3-00:00:00	19	NA
2878	HOXC10_HT-SELEX_TTGGCC40NTCG_KX_NRTCGTAAAAN_1_4	NRTCGTAAAAN	29357154_878	29357154	878	2025-08-22 09:59:35	puhti	COMPLETED	19	0:0	mariaosm	mariaosm	NA	1	1	NA	10485760	3270	3-00:00:00	19	NA
2879	HOXC10_HT-SELEX_TTGGCC40NTCG_KX_NGYAATAAAAN_1_4	NGYAATAAAAN	29357154_879	29357154	879	2025-08-22 09:59:35	puhti	COMPLETED	19	0:0	mariaosm	mariaosm	NA	1	1	NA	10485760	3208	3-00:00:00	19	NA
2880	HOXC11_HT-SELEX_TCTGCA40NATA_KR_NRTCGTAAAAN_1_2	NRTCGTAAAAN	29357154_880	29357154	880	2025-08-22 09:59:35	puhti	COMPLETED	19	0:0	mariaosm	mariaosm	NA	1	1	NA	10485760	3270	3-00:00:00	19	NA
2881	HOXC11_HT-SELEX_TCTGCA40NATA_KR_RGYAATAAAAN_1_2	RGYAATAAAAN	29357154_881	29357154	881	2025-08-22 09:59:35	puhti	COMPLETED	15	0:0	mariaosm	mariaosm	NA	1	1	NA	10485760	3272	3-00:00:00	15	NA
2882	HOXC11_HT-SELEX_TCAGAA40NAGG_KX_NRTCGTAAAAN_1_3	NRTCGTAAAAN	29357154_882	29357154	882	2025-08-22 09:59:35	puhti	COMPLETED	17	0:0	mariaosm	mariaosm	NA	1	1	NA	10485760	3274	3-00:00:00	17	NA
2883	HOXC11_HT-SELEX_TCAGAA40NAGG_KX_RGYAATAAAAN_1_3	RGYAATAAAAN	29357154_883	29357154	883	2025-08-22 09:59:35	puhti	COMPLETED	16	0:0	mariaosm	mariaosm	NA	1	1	NA	10485760	3212	3-00:00:00	16	NA
2884	HOXA11_HT-SELEX_TGAACT40NAAG_KS_NRTCGTAAAAN_1_3	NRTCGTAAAAN	29357154_884	29357154	884	2025-08-22 09:59:35	puhti	COMPLETED	22	0:0	mariaosm	mariaosm	NA	1	1	NA	10485760	3274	3-00:00:00	22	NA
2885	HOXA11_HT-SELEX_TGAACT40NAAG_KS_RGYAATAAAAN_1_3	RGYAATAAAAN	29357154_885	29357154	885	2025-08-22 09:59:35	puhti	COMPLETED	20	0:0	mariaosm	mariaosm	NA	1	1	NA	10485760	3274	3-00:00:00	20	NA
2886	HOXD11_HT-SELEX_TTCGAG40NGCG_KP_NRTCGTAAAANNTTAN_1_4	NRTCGTAAAANNTTAN	29357154_886	29357154	886	2025-08-22 09:59:35	puhti	COMPLETED	108	0:0	mariaosm	mariaosm	NA	1	1	01:45.188	10485760	5742	3-00:00:00	108	NA
2887	HOXC12_HT-SELEX_TAGTGC40NATG_KP_NRTCGTAAAAN_1_2	NRTCGTAAAAN	29357154_887	29357154	887	2025-08-22 09:59:35	puhti	COMPLETED	22	0:0	mariaosm	mariaosm	NA	1	1	NA	10485760	3210	3-00:00:00	22	NA
2888	HOXC12_HT-SELEX_TAGTGC40NATG_KP_GGTAATAAAAN_1_2	GGTAATAAAAN	29357154_888	29357154	888	2025-08-22 09:59:35	puhti	COMPLETED	17	0:0	mariaosm	mariaosm	NA	1	1	NA	10485760	3270	3-00:00:00	17	NA
2889	HOXD12_HT-SELEX_TAGTTA40NGTG_KO_NRTCGTAAAN_1_4	NRTCGTAAAN	29357154_889	29357154	889	2025-08-22 09:59:35	puhti	COMPLETED	19	0:0	mariaosm	mariaosm	NA	1	1	NA	10485760	3212	3-00:00:00	19	NA
2890	HOXA13_HT-SELEX_TACTGA40NACC_KP_NCTCGTAAAAN_1_3	NCTCGTAAAAN	29357154_890	29357154	890	2025-08-22 09:59:35	puhti	COMPLETED	19	0:0	mariaosm	mariaosm	NA	1	1	NA	10485760	3274	3-00:00:00	19	NA
2891	HOXA13_HT-SELEX_TACTGA40NACC_KP_NCCAATAAAAM_1_3	NCCAATAAAAM	29357154_891	29357154	891	2025-08-22 09:59:35	puhti	COMPLETED	18	0:0	mariaosm	mariaosm	NA	1	1	NA	10485760	3278	3-00:00:00	18	NA
2892	HOXA13_HT-SELEX_TTGGGC40NGGC_KW_NCTCGTAAAAN_1_2	NCTCGTAAAAN	29357154_892	29357154	892	2025-08-22 09:59:35	puhti	COMPLETED	19	0:0	mariaosm	mariaosm	NA	1	1	NA	10485760	3272	3-00:00:00	19	NA
2893	HOXA13_HT-SELEX_TTGGGC40NGGC_KW_NCCAATAAAAN_1_2	NCCAATAAAAN	29357154_893	29357154	893	2025-08-22 09:59:35	puhti	COMPLETED	19	0:0	mariaosm	mariaosm	NA	1	1	NA	10485760	3210	3-00:00:00	19	NA
2894	HOXC13_HT-SELEX_TACTAC40NGCC_KP_NCTCGTAAAAN_1_4	NCTCGTAAAAN	29357154_894	29357154	894	2025-08-22 09:59:35	puhti	COMPLETED	18	0:0	mariaosm	mariaosm	NA	1	1	NA	10485760	3274	3-00:00:00	18	NA
2895	HOXC13_HT-SELEX_TACTAC40NGCC_KP_NCCAATAAAAN_1_4	NCCAATAAAAN	29357154_895	29357154	895	2025-08-22 09:59:35	puhti	COMPLETED	16	0:0	mariaosm	mariaosm	NA	1	1	NA	10485760	3274	3-00:00:00	16	NA
2896	HOXD13_HT-SELEX_TCGAAT40NAGG_KP_NCTCGTAAAAN_1_4	NCTCGTAAAAN	29357154_896	29357154	896	2025-08-22 09:59:35	puhti	COMPLETED	20	0:0	mariaosm	mariaosm	NA	1	1	NA	10485760	3278	3-00:00:00	20	NA
2897	HOXD13_HT-SELEX_TCGAAT40NAGG_KP_NCCAATAAAAN_1_4	NCCAATAAAAN	29357154_897	29357154	897	2025-08-22 09:59:35	puhti	COMPLETED	17	0:0	mariaosm	mariaosm	NA	1	1	NA	10485760	3208	3-00:00:00	17	NA
2898	HOXB13_HT-SELEX_TCACTT40NTTG_KN_NCTCGTAAAAN_1_4	NCTCGTAAAAN	29357154_898	29357154	898	2025-08-22 09:59:35	puhti	COMPLETED	19	0:0	mariaosm	mariaosm	NA	1	1	NA	10485760	3210	3-00:00:00	19	NA
2899	HOXB13_HT-SELEX_TCACTT40NTTG_KN_NCCAATAAAAN_1_4	NCCAATAAAAN	29357154_899	29357154	899	2025-08-22 09:59:35	puhti	COMPLETED	19	0:0	mariaosm	mariaosm	NA	1	1	NA	10485760	3208	3-00:00:00	19	NA
2900	CDX2_HT-SELEX_TGGCCT40NTAT_KO_NYAATAAAN_1_4b0	NYAATAAAN	29357154_900	29357154	900	2025-08-22 09:59:35	puhti	COMPLETED	20	0:0	mariaosm	mariaosm	NA	1	1	NA	10485760	3272	3-00:00:00	20	NA
2901	CDX2_HT-SELEX_TGGCCT40NTAT_KO_NRTCGTAAAN_1_4b0	NRTCGTAAAN	29357154_901	29357154	901	2025-08-22 09:59:35	puhti	COMPLETED	20	0:0	mariaosm	mariaosm	NA	1	1	NA	10485760	3274	3-00:00:00	20	NA
2902	CDX1_HT-SELEX_TCTAAG40NTTA_KP_NGYMATAAAAN_1_4	NGYMATAAAAN	29357154_902	29357154	902	2025-08-22 09:59:35	puhti	COMPLETED	24	0:0	mariaosm	mariaosm	NA	1	1	NA	10485760	3268	3-00:00:00	24	NA
2903	CDX4_HT-SELEX_TACAGC40NCTT_KAE_NGYMATAAAAN_1_3	NGYMATAAAAN	29357154_903	29357154	903	2025-08-22 09:59:35	puhti	COMPLETED	24	0:0	mariaosm	mariaosm	NA	1	1	NA	10485760	3272	3-00:00:00	24	NA
2904	EN2_HT-SELEX_TGGCCT40NTAT_KS_NYAATTAN_1_3	NYAATTAN	29357154_904	29357154	904	2025-08-22 09:59:35	puhti	COMPLETED	19	0:0	mariaosm	mariaosm	NA	1	1	NA	10485760	3208	3-00:00:00	19	NA
2905	EN1_HT-SELEX_TATATA40NGCT_KR_NYAATTAN_1_4	NYAATTAN	29357154_905	29357154	905	2025-08-22 09:59:35	puhti	COMPLETED	20	0:0	mariaosm	mariaosm	NA	1	1	NA	10485760	3210	3-00:00:00	20	NA
2906	EVX1_HT-SELEX_TGCTGG40NGCC_KO_NYAATTAN_1_2	NYAATTAN	29357154_906	29357154	906	2025-08-22 09:59:35	puhti	COMPLETED	18	0:0	mariaosm	mariaosm	NA	1	1	NA	10485760	3276	3-00:00:00	18	NA
2907	EVX2_HT-SELEX_TTGCAA40NGTG_KP_NYAATTAN_1_2	NYAATTAN	29357154_907	29357154	907	2025-08-22 09:59:35	puhti	COMPLETED	18	0:0	mariaosm	mariaosm	NA	1	1	NA	10485760	3274	3-00:00:00	18	NA
2908	DRGX_HT-SELEX_TACTAC40NGCC_KO_YYAATTAN_1_2	YYAATTAN	29357154_908	29357154	908	2025-08-22 09:59:35	puhti	COMPLETED	17	0:0	mariaosm	mariaosm	NA	1	1	NA	10485760	3214	3-00:00:00	17	NA
2909	ARX_HT-SELEX_TAGCGC40NCGC_KO_CYAATTAN_1_2	CYAATTAN	29357154_909	29357154	909	2025-08-22 09:59:35	puhti	COMPLETED	17	0:0	mariaosm	mariaosm	NA	1	1	NA	10485760	3274	3-00:00:00	17	NA
2910	ALX3_HT-SELEX_TGCTCC40NCCG_KO_CYAATTAN_1_3	CYAATTAN	29357154_910	29357154	910	2025-08-22 09:59:35	puhti	COMPLETED	18	0:0	mariaosm	mariaosm	NA	1	1	NA	10485760	3274	3-00:00:00	18	NA
2911	ALX3_HT-SELEX_TAGCTG40NCTA_KV_CYAATTAN_1_3	CYAATTAN	29357154_911	29357154	911	2025-08-22 09:59:35	puhti	COMPLETED	18	0:0	mariaosm	mariaosm	NA	1	1	NA	10485760	3274	3-00:00:00	18	NA
2912	ALX4_HT-SELEX_TCTATT40NCAT_KW_CYAATTAN_1_3	CYAATTAN	29357154_912	29357154	912	2025-08-22 09:59:35	puhti	COMPLETED	18	0:0	mariaosm	mariaosm	NA	1	1	NA	10485760	3274	3-00:00:00	18	NA
2913	ALX1_HT-SELEX_TACCAA40NTTA_KX_TAATTAGATTA_1_3	TAATTAGATTA	29357154_913	29357154	913	2025-08-22 09:59:35	puhti	COMPLETED	17	0:0	mariaosm	mariaosm	NA	1	1	NA	10485760	3274	3-00:00:00	17	NA
2914	PRRX2_HT-SELEX_TTGCTT40NCCA_KR_NYAATTAN_1_2	NYAATTAN	29357154_914	29357154	914	2025-08-22 09:59:35	puhti	COMPLETED	20	0:0	mariaosm	mariaosm	NA	1	1	NA	10485760	3272	3-00:00:00	20	NA
2915	PRRX2_HT-SELEX_TTGCTT40NCCA_KR_NTCGTTAN_1_2	NTCGTTAN	29357154_915	29357154	915	2025-08-22 09:59:35	puhti	COMPLETED	17	0:0	mariaosm	mariaosm	NA	1	1	NA	10485760	3268	3-00:00:00	17	NA
2916	PRRX2_HT-SELEX_TGCCAA40NTAG_KV_CYAATTAN_1_2	CYAATTAN	29357154_916	29357154	916	2025-08-22 09:59:35	puhti	COMPLETED	16	0:0	mariaosm	mariaosm	NA	1	1	NA	10485760	3268	3-00:00:00	16	NA
2917	PHOX2A_HT-SELEX_TTCGGG40NGAG_KR_CYAATTAN_1_3	CYAATTAN	29357154_917	29357154	917	2025-08-22 09:59:35	puhti	COMPLETED	16	0:0	mariaosm	mariaosm	NA	1	1	NA	10485760	3270	3-00:00:00	16	NA
2918	PHOX2B_HT-SELEX_TTGATG40NATC_KR_NYAATTAN_1_4	NYAATTAN	29357154_918	29357154	918	2025-08-22 09:59:35	puhti	COMPLETED	17	0:0	mariaosm	mariaosm	NA	1	1	NA	10485760	3270	3-00:00:00	17	NA
2919	PHOX2B_HT-SELEX_TCACAT40NATG_KV_TAATTAGATTA_1_2	TAATTAGATTA	29357154_919	29357154	919	2025-08-22 09:59:35	puhti	COMPLETED	16	0:0	mariaosm	mariaosm	NA	1	1	NA	10485760	3270	3-00:00:00	16	NA
2920	OTX2_HT-SELEX_TCTTAT40NACA_KX_NTAATCCN_1_3	NTAATCCN	29357154_920	29357154	920	2025-08-22 09:59:35	puhti	COMPLETED	17	0:0	mariaosm	mariaosm	NA	1	1	NA	10485760	3270	3-00:00:00	17	NA
2921	OTX1_HT-SELEX_TAGATG40NTAT_KR_NTAATCCN_1_4	NTAATCCN	29357154_921	29357154	921	2025-08-22 09:59:35	puhti	COMPLETED	17	0:0	mariaosm	mariaosm	NA	1	1	NA	10485760	3270	3-00:00:00	17	NA
2922	OTX1_HT-SELEX_TGGACT40NAAT_KX_NTAATCCNYN_1_2	NTAATCCNYN	29357154_922	29357154	922	2025-08-22 09:59:35	puhti	COMPLETED	26	0:0	mariaosm	mariaosm	NA	1	1	NA	10485760	3268	3-00:00:00	26	NA
2923	CRX_HT-SELEX_TATATA40NGCT_KX_NTAATCCN_1_4	NTAATCCN	29357154_923	29357154	923	2025-08-22 09:59:35	puhti	COMPLETED	15	0:0	mariaosm	mariaosm	NA	1	1	NA	10485760	3270	3-00:00:00	15	NA
2924	SHOX_HT-SELEX_TTTAGC40NGAC_KT_CYAATTAN_1_2	CYAATTAN	29357154_924	29357154	924	2025-08-22 09:59:35	puhti	COMPLETED	15	0:0	mariaosm	mariaosm	NA	1	1	NA	10485760	3272	3-00:00:00	15	NA
2925	PITX3_HT-SELEX_TCACAT40NATG_KR_NTAATCCN_1_2	NTAATCCN	29357154_925	29357154	925	2025-08-22 09:59:35	puhti	COMPLETED	16	0:0	mariaosm	mariaosm	NA	1	1	NA	10485760	3206	3-00:00:00	16	NA
2926	PITX2_HT-SELEX_TAGACC40NAGT_KT_NTAATCCN_1_3	NTAATCCN	29357154_926	29357154	926	2025-08-22 09:59:35	puhti	COMPLETED	17	0:0	mariaosm	mariaosm	NA	1	1	NA	10485760	3272	3-00:00:00	17	NA
2927	PITX2_HT-SELEX_TAGCGC40NCGC_KX_YTAATCCN_1_3	YTAATCCN	29357154_927	29357154	927	2025-08-22 09:59:35	puhti	COMPLETED	17	0:0	mariaosm	mariaosm	NA	1	1	NA	10485760	3272	3-00:00:00	17	NA
2928	PITX1_HT-SELEX_TAGTGC40NATG_KO_NTAATCCN_1_4	NTAATCCN	29357154_928	29357154	928	2025-08-22 09:59:35	puhti	COMPLETED	18	0:0	mariaosm	mariaosm	NA	1	1	NA	10485760	3272	3-00:00:00	18	NA
2929	PITX1_HT-SELEX_TTATTT40NCGT_KX_YTAATCCN_1_4	YTAATCCN	29357154_929	29357154	929	2025-08-22 09:59:35	puhti	COMPLETED	17	0:0	mariaosm	mariaosm	NA	1	1	NA	10485760	3268	3-00:00:00	17	NA
2930	DMBX1_HT-SELEX_TCCTCA40NAAC_KT_NTAATCCN_1_3	NTAATCCN	29357154_930	29357154	930	2025-08-22 09:59:35	puhti	COMPLETED	18	0:0	mariaosm	mariaosm	NA	1	1	NA	10485760	3268	3-00:00:00	18	NA
2931	GSC_HT-SELEX_TCCGAG40NTGG_KR_YTAATCCN_1_2	YTAATCCN	29357154_931	29357154	931	2025-08-22 09:59:35	puhti	COMPLETED	18	0:0	mariaosm	mariaosm	NA	1	1	NA	10485760	3270	3-00:00:00	18	NA
2932	GSC_HT-SELEX_TGACAA40NACT_KV_YTAATCCN_1_3	YTAATCCN	29357154_932	29357154	932	2025-08-22 09:59:35	puhti	COMPLETED	18	0:0	mariaosm	mariaosm	NA	1	1	NA	10485760	3272	3-00:00:00	18	NA
2933	GSC2_HT-SELEX_TTGTGG40NCGG_KO_YTAATCCN_1_3b0	YTAATCCN	29357154_933	29357154	933	2025-08-22 09:59:35	puhti	COMPLETED	26	0:0	mariaosm	mariaosm	NA	1	1	NA	10485760	3270	3-00:00:00	26	NA
2934	PROP1_HT-SELEX_TTTGTA40NTCC_KT_TAATTNNATTA_1_2	TAATTNNATTA	29357154_934	29357154	934	2025-08-22 09:59:35	puhti	COMPLETED	26	0:0	mariaosm	mariaosm	NA	1	1	NA	10485760	3272	3-00:00:00	26	NA
2935	PROP1_HT-SELEX_TTGATG40NATC_KV_TAATTNNATTA_1_3	TAATTNNATTA	29357154_935	29357154	935	2025-08-22 09:59:35	puhti	COMPLETED	26	0:0	mariaosm	mariaosm	NA	1	1	NA	10485760	3204	3-00:00:00	26	NA
2936	MIXL1_HT-SELEX_TTAAGT40NCCT_KW_TAATYNRATTA_1_3	TAATYNRATTA	29357154_936	29357154	936	2025-08-22 09:59:35	puhti	COMPLETED	26	0:0	mariaosm	mariaosm	NA	1	1	NA	10485760	3270	3-00:00:00	26	NA
2937	VSX2_HT-SELEX_TTTGTT40NTAT_KO_YTAATTAN_1_3	YTAATTAN	29357154_937	29357154	937	2025-08-22 09:59:35	puhti	COMPLETED	17	0:0	mariaosm	mariaosm	NA	1	1	NA	10485760	3270	3-00:00:00	17	NA
2938	VSX2_HT-SELEX_TTCGCT40NCTT_KAE_SYYAATTAN_1_2	SYYAATTAN	29357154_938	29357154	938	2025-08-22 09:59:35	puhti	COMPLETED	19	0:0	mariaosm	mariaosm	NA	1	1	NA	10485760	3272	3-00:00:00	19	NA
2939	VSX1_HT-SELEX_TATATG40NCTA_KO_YTAATTAN_1_2	YTAATTAN	29357154_939	29357154	939	2025-08-22 09:59:35	puhti	COMPLETED	17	0:0	mariaosm	mariaosm	NA	1	1	NA	10485760	3206	3-00:00:00	17	NA
2940	VSX1_HT-SELEX_TTAGGA40NTCT_KAE_CYAATTAN_1_2	CYAATTAN	29357154_940	29357154	940	2025-08-22 09:59:35	puhti	COMPLETED	17	0:0	mariaosm	mariaosm	NA	1	1	NA	10485760	3270	3-00:00:00	17	NA
2941	RAX_HT-SELEX_TTGCTC40NGAA_KO_YTAATTAN_1_2	YTAATTAN	29357154_941	29357154	941	2025-08-22 09:59:35	puhti	COMPLETED	17	0:0	mariaosm	mariaosm	NA	1	1	NA	10485760	3270	3-00:00:00	17	NA
2942	UNCX_HT-SELEX_40NATTTATTATAT_KAI_KTAATTAN_1_3b0	KTAATTAN	29357154_942	29357154	942	2025-08-22 09:59:35	puhti	COMPLETED	17	0:0	mariaosm	mariaosm	NA	1	1	NA	10485760	3268	3-00:00:00	17	NA
2943	ISX_HT-SELEX_TCGGCT40NTAA_KO_CTAATTAN_1_2	CTAATTAN	29357154_943	29357154	943	2025-08-22 09:59:35	puhti	COMPLETED	17	0:0	mariaosm	mariaosm	NA	1	1	NA	10485760	3206	3-00:00:00	17	NA
2944	ISX_HT-SELEX_TTCAAG40NGCC_KW_CTAATTAR_1_4	CTAATTAR	29357154_944	29357154	944	2025-08-22 09:59:35	puhti	COMPLETED	17	0:0	mariaosm	mariaosm	NA	1	1	NA	10485760	3270	3-00:00:00	17	NA
2945	DUXA_HT-SELEX_TGTGAT40NGCA_KP_TRAYNTAATCA_1_3	TRAYNTAATCA	29357154_945	29357154	945	2025-08-22 09:59:35	puhti	COMPLETED	19	0:0	mariaosm	mariaosm	NA	1	1	NA	10485760	3202	3-00:00:00	19	NA
2946	RHOXF2_HT-SELEX_TCTACG40NCTC_KW_NTAATCCN_1_3	NTAATCCN	29357154_946	29357154	946	2025-08-22 09:59:35	puhti	COMPLETED	16	0:0	mariaosm	mariaosm	NA	1	1	NA	10485760	3206	3-00:00:00	16	NA
2947	RHOXF1_HT-SELEX_TGAGAG40NCGC_KZ_NGGATCAN_1_2	NGGATCAN	29357154_947	29357154	947	2025-08-22 09:59:35	puhti	COMPLETED	14	0:0	mariaosm	mariaosm	NA	1	1	NA	10485760	3206	3-00:00:00	14	NA
2948	ESX1_HT-SELEX_TGGTAT40NTGA_KT_YYAATTAN_1_3	YYAATTAN	29357154_948	29357154	948	2025-08-22 09:59:35	puhti	COMPLETED	15	0:0	mariaosm	mariaosm	NA	1	1	NA	10485760	3212	3-00:00:00	15	NA
2949	ESX1_HT-SELEX_TACCAG40NCTA_KAE_YYAATTAN_1_2	YYAATTAN	29357154_949	29357154	949	2025-08-22 09:59:35	puhti	COMPLETED	15	0:0	mariaosm	mariaosm	NA	1	1	NA	10485760	3276	3-00:00:00	15	NA
2950	HESX1_HT-SELEX_TCGCTA40NTCG_KW_CTAATTAN_1_2	CTAATTAN	29357154_950	29357154	950	2025-08-22 09:59:35	puhti	COMPLETED	22	0:0	mariaosm	mariaosm	NA	1	1	NA	10485760	3276	3-00:00:00	22	NA
2951	ARGFX_HT-SELEX_TGGTTA40NTAC_KO_YTAATCTAATTAG_2_3	YTAATCTAATTAG	29357154_951	29357154	951	2025-08-22 09:59:35	puhti	COMPLETED	18	0:0	mariaosm	mariaosm	NA	1	1	NA	10485760	3274	3-00:00:00	18	NA
2952	ARGFX_HT-SELEX_TGGTTA40NTAC_KO_NCTAATTARN_1_3	NCTAATTARN	29357154_952	29357154	952	2025-08-22 09:59:35	puhti	COMPLETED	21	0:0	mariaosm	mariaosm	NA	1	1	NA	10485760	3276	3-00:00:00	21	NA
2953	LHX9_HT-SELEX_TTAGCA40NGGT_KP_CYAATTAR_1_3	CYAATTAR	29357154_953	29357154	953	2025-08-22 09:59:35	puhti	COMPLETED	18	0:0	mariaosm	mariaosm	NA	1	1	NA	10485760	3210	3-00:00:00	18	NA
2954	LHX9_HT-SELEX_TTTGGT40NCTT_KW_CYAATTAN_1_3	CYAATTAN	29357154_954	29357154	954	2025-08-22 09:59:35	puhti	COMPLETED	17	0:0	mariaosm	mariaosm	NA	1	1	NA	10485760	3270	3-00:00:00	17	NA
2955	LHX6_HT-SELEX_TGTCAA40NCGA_KAE_CTAATTAN_1_4	CTAATTAN	29357154_955	29357154	955	2025-08-22 09:59:35	puhti	COMPLETED	16	0:0	mariaosm	mariaosm	NA	1	1	NA	10485760	3212	3-00:00:00	16	NA
2956	LHX6_HT-SELEX_TGTCAA40NCGA_KAE_TRATTGCAATYA_1_4	TRATTGCAATYA	29357154_956	29357154	956	2025-08-22 09:59:35	puhti	COMPLETED	17	0:0	mariaosm	mariaosm	NA	1	1	NA	10485760	3276	3-00:00:00	17	NA
2957	LHX8_HT-SELEX_TAGCTG40NCTA_KW_CYAATTAN_1_3	CYAATTAN	29357154_957	29357154	957	2025-08-22 09:59:35	puhti	COMPLETED	17	0:0	mariaosm	mariaosm	NA	1	1	NA	10485760	3214	3-00:00:00	17	NA
2958	LHX8_HT-SELEX_TAGCTG40NCTA_KW_TRATTGCAATYA_1_3	TRATTGCAATYA	29357154_958	29357154	958	2025-08-22 09:59:35	puhti	COMPLETED	17	0:0	mariaosm	mariaosm	NA	1	1	NA	10485760	3274	3-00:00:00	17	NA
2959	LMX1B_HT-SELEX_TTGGCC40NTCG_KO_NWWYTAATTAN_1_2	NWWYTAATTAN	29357154_959	29357154	959	2025-08-22 09:59:35	puhti	COMPLETED	30	0:0	mariaosm	mariaosm	NA	1	1	NA	10485760	3210	3-00:00:00	30	NA
2960	LMX1B_HT-SELEX_TGCAGT40NAAG_KW_NWWYTAATTAN_1_3	NWWYTAATTAN	29357154_960	29357154	960	2025-08-22 09:59:35	puhti	COMPLETED	30	0:0	mariaosm	mariaosm	NA	1	1	NA	10485760	3274	3-00:00:00	30	NA
2961	LMX1A_HT-SELEX_TACTTA40NCTA_KO_YTAATTAN_1_4	YTAATTAN	29357154_961	29357154	961	2025-08-22 09:59:35	puhti	COMPLETED	17	0:0	mariaosm	mariaosm	NA	1	1	NA	10485760	3276	3-00:00:00	17	NA
2962	LHX1_HT-SELEX_TTTGAG40NATT_KO_NYAATTAN_1_4b0	NYAATTAN	29357154_962	29357154	962	2025-08-22 09:59:35	puhti	COMPLETED	19	0:0	mariaosm	mariaosm	NA	1	1	NA	10485760	3276	3-00:00:00	19	NA
2963	LHX5_HT-SELEX_TTCTTG40NTGC_KW_SYAATTAN_1_3	SYAATTAN	29357154_963	29357154	963	2025-08-22 09:59:35	puhti	COMPLETED	18	0:0	mariaosm	mariaosm	NA	1	1	NA	10485760	3274	3-00:00:00	18	NA
2964	LHX4_HT-SELEX_TACGGG40NCTT_KT_NTAATTAN_1_3	NTAATTAN	29357154_964	29357154	964	2025-08-22 09:59:35	puhti	COMPLETED	18	0:0	mariaosm	mariaosm	NA	1	1	NA	10485760	3274	3-00:00:00	18	NA
2965	LHX4_HT-SELEX_TGTAGC40NCCT_KX_NTAATTAN_1_3	NTAATTAN	29357154_965	29357154	965	2025-08-22 09:59:35	puhti	COMPLETED	15	0:0	mariaosm	mariaosm	NA	1	1	NA	10485760	3210	3-00:00:00	15	NA
2966	ISL1_HT-SELEX_TGCACG40NTTG_KR_SCACTTAN_1_4	SCACTTAN	29357154_966	29357154	966	2025-08-22 09:59:35	puhti	COMPLETED	13	0:0	mariaosm	mariaosm	NA	1	1	NA	10485760	3208	3-00:00:00	13	NA
2967	ISL1_HT-SELEX_TTCTGT40NAAC_KX_SCACTTAN_1_4	SCACTTAN	29357154_967	29357154	967	2025-08-22 09:59:35	puhti	COMPLETED	17	0:0	mariaosm	mariaosm	NA	1	1	NA	10485760	3276	3-00:00:00	17	NA
2968	ISL2_HT-SELEX_TCCGGG40NCTC_KO_SCACTTAN_1_3	SCACTTAN	29357154_968	29357154	968	2025-08-22 09:59:35	puhti	COMPLETED	17	0:0	mariaosm	mariaosm	NA	1	1	NA	10485760	3276	3-00:00:00	17	NA
2969	DPRX_HT-SELEX_TTTCAT40NGCA_KO_NGMTAATCCN_1_2	NGMTAATCCN	29357154_969	29357154	969	2025-08-22 09:59:35	puhti	COMPLETED	20	0:0	mariaosm	mariaosm	NA	1	1	NA	10485760	3274	3-00:00:00	20	NA
2970	IRX1_HT-SELEX_TGACAA40NACT_KO_NACAYGNNNNNNCRTGTN_1_4b0	NACAYGNNNNNNCRTGTN	29357154_970	29357154	970	2025-08-22 09:59:35	puhti	COMPLETED	64098	0:0	mariaosm	mariaosm	NA	1	1	17:41:01	10485760	6410	3-00:00:00	64098	17:48:18
2971	IRX3_HT-SELEX_TGGCCT40NTAT_KP_NACATGNNNNNNCATGTN_1_4	NACATGNNNNNNCATGTN	29357154_971	29357154	971	2025-08-22 09:59:35	puhti	COMPLETED	9082	0:0	mariaosm	mariaosm	NA	1	1	02:30:17	10485760	6397	3-00:00:00	9082	02:31:20
2972	IRX5_HT-SELEX_TACGGG40NCTT_KW_NCRTGTNNNACAYGN_1_4	NCRTGTNNNACAYGN	29357154_972	29357154	972	2025-08-22 09:59:35	puhti	COMPLETED	389	0:0	mariaosm	mariaosm	NA	1	1	06:23.662	10485760	6198	3-00:00:00	389	NA
2973	SIX4_HT-SELEX_TGTAGC40NCCT_KR_NCGTATCATN_1_4	NCGTATCATN	29357154_973	29357154	973	2025-08-22 09:59:35	puhti	COMPLETED	17	0:0	mariaosm	mariaosm	NA	1	1	NA	10485760	3270	3-00:00:00	17	NA
2974	SIX1_HT-SELEX_TGGGCT40NGTT_KQ_NSRTATCRYN_1_4	NSRTATCRYN	29357154_974	29357154	974	2025-08-22 09:59:35	puhti	COMPLETED	35	0:0	mariaosm	mariaosm	NA	1	1	NA	10485760	6004	3-00:00:00	35	NA
2975	SIX1_HT-SELEX_TATTTC40NGCA_KX_NSRTATCRYN_1_4	NSRTATCRYN	29357154_975	29357154	975	2025-08-22 09:59:35	puhti	COMPLETED	35	0:0	mariaosm	mariaosm	NA	1	1	NA	10485760	6023	3-00:00:00	35	NA
2976	SIX2_HT-SELEX_TTACTA40NAGG_KV_NCGTATCRYN_1_4	NCGTATCRYN	29357154_976	29357154	976	2025-08-22 09:59:35	puhti	COMPLETED	19	0:0	mariaosm	mariaosm	NA	1	1	NA	10485760	3274	3-00:00:00	19	NA
2977	SIX2_HT-SELEX_TAAATT40NCTG_KX_MCGTATCAYN_1_4	MCGTATCAYN	29357154_977	29357154	977	2025-08-22 09:59:35	puhti	COMPLETED	29	0:0	mariaosm	mariaosm	NA	1	1	NA	10485760	3278	3-00:00:00	29	NA
2978	SIX3_HT-SELEX_TTTCTA40NCAT_KO_NSSTATCRYN_1_4	NSSTATCRYN	29357154_978	29357154	978	2025-08-22 09:59:35	puhti	COMPLETED	57	0:0	mariaosm	mariaosm	NA	1	1	NA	10485760	5895	3-00:00:00	57	NA
2979	SIX6_HT-SELEX_TACATC40NATA_KO_NSRTATCRYN_1_4	NSRTATCRYN	29357154_979	29357154	979	2025-08-22 09:59:35	puhti	COMPLETED	57	0:0	mariaosm	mariaosm	NA	1	1	NA	10485760	5933	3-00:00:00	57	NA
2980	PBX1_HT-SELEX_TAAGTC40NCGT_KR_KTGATTGAYR_1_3	KTGATTGAYR	29357154_980	29357154	980	2025-08-22 09:59:35	puhti	COMPLETED	28	0:0	mariaosm	mariaosm	NA	1	1	NA	10485760	3278	3-00:00:00	28	NA
2981	PBX1_HT-SELEX_TCGGTG40NCAA_KW_KTGATTGAYR_1_4	KTGATTGAYR	29357154_981	29357154	981	2025-08-22 09:59:35	puhti	COMPLETED	28	0:0	mariaosm	mariaosm	NA	1	1	NA	10485760	3276	3-00:00:00	28	NA
2982	HMBOX1_HT-SELEX_TTAGCT40NCCT_KT_NCTAGTTAN_1_4	NCTAGTTAN	29357154_982	29357154	982	2025-08-22 09:59:35	puhti	COMPLETED	29	0:0	mariaosm	mariaosm	NA	1	1	NA	10485760	3274	3-00:00:00	29	NA
2983	NPAS2_HT-SELEX_TGCTTT40NAGA_KS_NMCACGTGYN_1_3	NMCACGTGYN	29357154_983	29357154	983	2025-08-22 09:59:35	puhti	COMPLETED	34	0:0	mariaosm	mariaosm	NA	1	1	NA	10485760	5930	3-00:00:00	34	NA
2984	CLOCK_HT-SELEX_TTGAAT40NTAC_KN_NMCAYGTGYN_1_2	NMCAYGTGYN	29357154_984	29357154	984	2025-08-22 09:59:35	puhti	COMPLETED	41	0:0	mariaosm	mariaosm	NA	1	1	NA	10485760	5913	3-00:00:00	41	NA
2985	ARNTL_HT-SELEX_TCTCCG40NCGC_KV_RTCACGTGMN_1_2	RTCACGTGMN	29357154_985	29357154	985	2025-08-22 09:59:35	puhti	COMPLETED	29	0:0	mariaosm	mariaosm	NA	1	1	NA	10485760	3276	3-00:00:00	29	NA
2986	ARNT2_HT-SELEX_TCTGTC40NCAA_KT_RTCACGTGMN_1_2	RTCACGTGMN	29357154_986	29357154	986	2025-08-22 09:59:35	puhti	COMPLETED	29	0:0	mariaosm	mariaosm	NA	1	1	NA	10485760	3276	3-00:00:00	29	NA
2987	HEY2_HT-SELEX_TCGAGG40NGTT_KR_NGCACGTGYN_1_4	NGCACGTGYN	29357154_987	29357154	987	2025-08-22 09:59:35	puhti	COMPLETED	31	0:0	mariaosm	mariaosm	NA	1	1	NA	10485760	3274	3-00:00:00	31	NA
2988	HEY2_HT-SELEX_TGCCAA40NTAG_KX_NGCACGTGYN_1_4	NGCACGTGYN	29357154_988	29357154	988	2025-08-22 09:59:35	puhti	COMPLETED	21	0:0	mariaosm	mariaosm	NA	1	1	NA	10485760	3212	3-00:00:00	21	NA
2989	HEY1_HT-SELEX_TTGACT40NAGT_KQ_NGCACGTGYN_1_4	NGCACGTGYN	29357154_989	29357154	989	2025-08-22 09:59:35	puhti	COMPLETED	18	0:0	mariaosm	mariaosm	NA	1	1	NA	10485760	3204	3-00:00:00	18	NA
2990	HEY1_HT-SELEX_TTGCTT40NCCA_KX_NGCACGTGYN_1_3	NGCACGTGYN	29357154_990	29357154	990	2025-08-22 09:59:35	puhti	COMPLETED	19	0:0	mariaosm	mariaosm	NA	1	1	NA	10485760	3214	3-00:00:00	19	NA
2991	HES1_HT-SELEX_TGCTCT40NTTA_KV_GGCRCGTGNS_1_2	GGCRCGTGNS	29357154_991	29357154	991	2025-08-22 09:59:35	puhti	COMPLETED	18	0:0	mariaosm	mariaosm	NA	1	1	NA	10485760	3274	3-00:00:00	18	NA
2992	HES2_HT-SELEX_TCTTGG40NTTA_KO_GGCRCGTGYN_1_2	GGCRCGTGYN	29357154_992	29357154	992	2025-08-22 09:59:35	puhti	COMPLETED	18	0:0	mariaosm	mariaosm	NA	1	1	NA	10485760	3272	3-00:00:00	18	NA
2993	HES6_HT-SELEX_TAAGGA40NCCG_KAE_GGCACGTGTN_1_3	GGCACGTGTN	29357154_993	29357154	993	2025-08-22 09:59:35	puhti	COMPLETED	17	0:0	mariaosm	mariaosm	NA	1	1	NA	10485760	3276	3-00:00:00	17	NA
2994	HES7_HT-SELEX_TGAAGC40NCTA_KO_GGCACGTGYN_1_3	GGCACGTGYN	29357154_994	29357154	994	2025-08-22 09:59:35	puhti	COMPLETED	18	0:0	mariaosm	mariaosm	NA	1	1	NA	10485760	3270	3-00:00:00	18	NA
2995	HES5_HT-SELEX_TGGCTA40NTCC_KO_GGCACGTGYY_1_2	GGCACGTGYY	29357154_995	29357154	995	2025-08-22 09:59:35	puhti	COMPLETED	17	0:0	mariaosm	mariaosm	NA	1	1	NA	10485760	3210	3-00:00:00	17	NA
2996	BHLHE41_HT-SELEX_TGGCGT40NCCT_KV_GTCACGTGAC_1_2	GTCACGTGAC	29357154_996	29357154	996	2025-08-22 09:59:35	puhti	COMPLETED	17	0:0	mariaosm	mariaosm	NA	1	1	NA	10485760	3276	3-00:00:00	17	NA
2997	BHLHE40_HT-SELEX_TGCTGG40NGCC_KR_GTCACGTGAC_1_2	GTCACGTGAC	29357154_997	29357154	997	2025-08-22 09:59:35	puhti	COMPLETED	17	0:0	mariaosm	mariaosm	NA	1	1	NA	10485760	3212	3-00:00:00	17	NA
2998	SOHLH2_HT-SELEX_TCCACC40NTTA_KO_NGCACGTGCN_1_3	NGCACGTGCN	29357154_998	29357154	998	2025-08-22 09:59:35	puhti	COMPLETED	17	0:0	mariaosm	mariaosm	NA	1	1	NA	10485760	3276	3-00:00:00	17	NA
2999	TCFL5_HT-SELEX_40NTTTAATTTATT_KAL_NCACGYGCAN_1_3b0	NCACGYGCAN	29357154_999	29357154	999	2025-08-22 09:59:35	puhti	COMPLETED	19	0:0	mariaosm	mariaosm	NA	1	1	NA	10485760	3214	3-00:00:00	19	NA
3000	SREBF1_HT-SELEX_TCTCCT40NCCT_KT_NTCACGTGAN_1_4	NTCACGTGAN	29357154_1000	29357154	1000	2025-08-22 09:59:35	puhti	COMPLETED	18	0:0	mariaosm	mariaosm	NA	1	1	NA	10485760	3274	3-00:00:00	18	NA
3001	SREBF1_HT-SELEX_TCTCCT40NCCT_KT_NTCACGCCAY_1_4	NTCACGCCAY	29357891_1	29357891	1	2025-08-22 10:24:01	puhti	COMPLETED	14	0:0	mariaosm	mariaosm	NA	1	1	NA	10485760	3270	3-00:00:00	14	NA
3002	SREBF2_HT-SELEX_TTCATT40NTAT_KN_ATCACGTGAY_1_3	ATCACGTGAY	29357891_2	29357891	2	2025-08-22 10:24:01	puhti	COMPLETED	14	0:0	mariaosm	mariaosm	NA	1	1	NA	10485760	3268	3-00:00:00	14	NA
3003	SREBF2_HT-SELEX_TTCATT40NTAT_KN_ATCACGCCAY_1_3	ATCACGCCAY	29357891_3	29357891	3	2025-08-22 10:24:01	puhti	COMPLETED	14	0:0	mariaosm	mariaosm	NA	1	1	NA	10485760	3268	3-00:00:00	14	NA
3004	TFEC_HT-SELEX_TCTAGG40NCTG_KS_MNCACGTGAYN_1_3	MNCACGTGAYN	29357891_4	29357891	4	2025-08-22 10:24:01	puhti	COMPLETED	41	0:0	mariaosm	mariaosm	NA	1	1	NA	10485760	882493	3-00:00:00	41	NA
3005	TFE3_HT-SELEX_TGGTTA40NTAC_KS_NNCACGTGAYN_1_4	NNCACGTGAYN	29357891_5	29357891	5	2025-08-22 10:24:01	puhti	COMPLETED	48	0:0	mariaosm	mariaosm	NA	1	1	NA	10485760	883334	3-00:00:00	48	NA
3006	TFEB_HT-SELEX_TGGCTA40NTCC_KS_NNCACGTGAYN_1_3	NNCACGTGAYN	29357891_6	29357891	6	2025-08-22 10:24:01	puhti	COMPLETED	29	0:0	mariaosm	mariaosm	NA	1	1	NA	10485760	3268	3-00:00:00	29	NA
3007	USF1_HT-SELEX_TGCCGA40NGTA_KV_MNCACGTGAYN_1_3	MNCACGTGAYN	29357891_7	29357891	7	2025-08-22 10:24:01	puhti	COMPLETED	23	0:0	mariaosm	mariaosm	NA	1	1	NA	10485760	3276	3-00:00:00	23	NA
3008	USF2_HT-SELEX_TACTAC40NGCC_KS_MNCACGTGAYN_1_2	MNCACGTGAYN	29357891_8	29357891	8	2025-08-22 10:24:01	puhti	COMPLETED	23	0:0	mariaosm	mariaosm	NA	1	1	NA	10485760	3274	3-00:00:00	23	NA
3009	MAX_HT-SELEX_TCTAGG40NCTG_KR_NCACGTGNNNNNCACGTGN_1_4	NCACGTGNNNNNCACGTGN	29357891_9	29357891	9	2025-08-22 10:24:01	puhti	COMPLETED	1903	0:0	mariaosm	mariaosm	NA	1	1	31:23.448	10485760	5884	3-00:00:00	1903	NA
3010	MAX_HT-SELEX_TTCTGG40NTGC_KAE_RNCACGTGYN_1_3	RNCACGTGYN	29357891_10	29357891	10	2025-08-22 10:24:01	puhti	COMPLETED	22	0:0	mariaosm	mariaosm	NA	1	1	NA	10485760	3274	3-00:00:00	22	NA
3011	ATOH1_HT-SELEX_TCAGCA40NCTC_KO_ANCATATGNY_1_2	ANCATATGNY	29357891_11	29357891	11	2025-08-22 10:24:01	puhti	COMPLETED	19	0:0	mariaosm	mariaosm	NA	1	1	NA	10485760	3274	3-00:00:00	19	NA
3012	ATOH1_HT-SELEX_TCAGCA40NCTC_KO_ANCAGCTGNY_1_2	ANCAGCTGNY	29357891_12	29357891	12	2025-08-22 10:24:01	puhti	COMPLETED	19	0:0	mariaosm	mariaosm	NA	1	1	NA	10485760	3278	3-00:00:00	19	NA
3013	ATOH7_HT-SELEX_TCAAAC40NAAC_KO_ANCATATGNY_1_3	ANCATATGNY	29357891_13	29357891	13	2025-08-22 10:24:01	puhti	COMPLETED	19	0:0	mariaosm	mariaosm	NA	1	1	NA	10485760	3278	3-00:00:00	19	NA
3014	BHLHA15_HT-SELEX_TCCCGC40NACA_KP_NMCATATGKN_1_2	NMCATATGKN	29357891_14	29357891	14	2025-08-22 10:24:01	puhti	COMPLETED	21	0:0	mariaosm	mariaosm	NA	1	1	NA	10485760	3276	3-00:00:00	21	NA
3015	BHLHA15_HT-SELEX_TCCCGC40NACA_KP_NMCAGCTGKN_1_2	NMCAGCTGKN	29357891_15	29357891	15	2025-08-22 10:24:01	puhti	COMPLETED	21	0:0	mariaosm	mariaosm	NA	1	1	NA	10485760	3274	3-00:00:00	21	NA
3016	BHLHE22_HT-SELEX_TCGGAC40NCCA_KP_ANCATATGNY_1_4	ANCATATGNY	29357891_16	29357891	16	2025-08-22 10:24:01	puhti	COMPLETED	19	0:0	mariaosm	mariaosm	NA	1	1	NA	10485760	3276	3-00:00:00	19	NA
3017	BHLHE23_HT-SELEX_TTCACC40NGCT_KP_ANCATATGNY_1_3	ANCATATGNY	29357891_17	29357891	17	2025-08-22 10:24:01	puhti	COMPLETED	19	0:0	mariaosm	mariaosm	NA	1	1	NA	10485760	3272	3-00:00:00	19	NA
3018	BHLHE23_HT-SELEX_TTGCTC40NGAA_KV_ANCATATGNT_1_4b0	ANCATATGNT	29357891_18	29357891	18	2025-08-22 10:24:01	puhti	COMPLETED	18	0:0	mariaosm	mariaosm	NA	1	1	NA	10485760	3272	3-00:00:00	18	NA
3019	OLIG2_HT-SELEX_TACTAG40NGGA_KR_ANCATATGNY_1_4	ANCATATGNY	29357891_19	29357891	19	2025-08-22 10:24:01	puhti	COMPLETED	20	0:0	mariaosm	mariaosm	NA	1	1	NA	10485760	3274	3-00:00:00	20	NA
3020	OLIG2_HT-SELEX_TACTAG40NGGA_KR_AACAGCTGTY_1_4	AACAGCTGTY	29357891_20	29357891	20	2025-08-22 10:24:01	puhti	COMPLETED	17	0:0	mariaosm	mariaosm	NA	1	1	NA	10485760	3274	3-00:00:00	17	NA
3021	OLIG3_HT-SELEX_TGGAGT40NTGG_KR_ACCATATGKT_1_2	ACCATATGKT	29357891_21	29357891	21	2025-08-22 10:24:01	puhti	COMPLETED	17	0:0	mariaosm	mariaosm	NA	1	1	NA	10485760	3214	3-00:00:00	17	NA
3022	OLIG3_HT-SELEX_TGGAGT40NTGG_KR_ANCAGCTGTT_1_2	ANCAGCTGTT	29357891_22	29357891	22	2025-08-22 10:24:01	puhti	COMPLETED	20	0:0	mariaosm	mariaosm	NA	1	1	NA	10485760	3278	3-00:00:00	20	NA
3023	OLIG3_HT-SELEX_TTCGTC40NCGT_KX_ACCATATGKT_1_3	ACCATATGKT	29357891_23	29357891	23	2025-08-22 10:24:01	puhti	COMPLETED	19	0:0	mariaosm	mariaosm	NA	1	1	NA	10485760	3212	3-00:00:00	19	NA
3024	NEUROG1_HT-SELEX_TACATA40NAGA_KR_RNCATATGNY_1_2	RNCATATGNY	29357891_24	29357891	24	2025-08-22 10:24:01	puhti	COMPLETED	24	0:0	mariaosm	mariaosm	NA	1	1	NA	10485760	3276	3-00:00:00	24	NA
3025	NEUROG1_HT-SELEX_TTGCCA40NGTG_KAE_RNCATATGNY_1_2	RNCATATGNY	29357891_25	29357891	25	2025-08-22 10:24:01	puhti	COMPLETED	24	0:0	mariaosm	mariaosm	NA	1	1	NA	10485760	3274	3-00:00:00	24	NA
3026	NEUROG2_HT-SELEX_TTTGTA40NTCC_KO_RNCATATGNY_1_3	RNCATATGNY	29357891_26	29357891	26	2025-08-22 10:24:01	puhti	COMPLETED	24	0:0	mariaosm	mariaosm	NA	1	1	NA	10485760	3276	3-00:00:00	24	NA
3027	NEUROG2_HT-SELEX_TATATG40NCTA_KV_RNCATATGNY_1_3b0	RNCATATGNY	29357891_27	29357891	27	2025-08-22 10:24:01	puhti	COMPLETED	24	0:0	mariaosm	mariaosm	NA	1	1	NA	10485760	3276	3-00:00:00	24	NA
3028	NEUROD1_HT-SELEX_TTGTAC40NGTA_KX_AAWTANNNNNNCATATGNN_1_3	AAWTANNNNNNCATATGNN	29357891_28	29357891	28	2025-08-22 10:24:01	puhti	COMPLETED	43022	0:0	mariaosm	mariaosm	NA	1	1	11:52:03	10485760	5880	3-00:00:00	43022	11:57:02
3029	NEUROD2_HT-SELEX_TAGCGC40NCGC_KV_RMCATATGYY_1_3b0	RMCATATGYY	29357891_29	29357891	29	2025-08-22 10:24:01	puhti	COMPLETED	18	0:0	mariaosm	mariaosm	NA	1	1	NA	10485760	3210	3-00:00:00	18	NA
3030	TCF21_HT-SELEX_TAAGGG40NACC_KR_NACCATATGKYN_1_4	NACCATATGKYN	29357891_30	29357891	30	2025-08-22 10:24:01	puhti	COMPLETED	59	0:0	mariaosm	mariaosm	NA	1	1	NA	10485760	756984	3-00:00:00	59	NA
3031	TCF21_HT-SELEX_TAAGGG40NACC_KR_NAACAGCTGYYN_1_4	NAACAGCTGYYN	29357891_31	29357891	31	2025-08-22 10:24:01	puhti	COMPLETED	42	0:0	mariaosm	mariaosm	NA	1	1	NA	10485760	885580	3-00:00:00	42	NA
3032	MSC_HT-SELEX_TACTTA40NCTA_KR_NRACAGCTGTYN_1_2	NRACAGCTGTYN	29357891_32	29357891	32	2025-08-22 10:24:01	puhti	COMPLETED	40	0:0	mariaosm	mariaosm	NA	1	1	NA	10485760	891900	3-00:00:00	40	NA
3033	MSC_HT-SELEX_TACTTA40NCTA_KR_NRNCATATGNYN_1_2	NRNCATATGNYN	29357891_33	29357891	33	2025-08-22 10:24:01	puhti	COMPLETED	111	0:0	mariaosm	mariaosm	NA	1	1	01:31.124	10485760	6060	3-00:00:00	111	NA
3034	MSC_HT-SELEX_TACTTA40NCTA_KV_NRNCATATGNYN_1_4	NRNCATATGNYN	29357891_34	29357891	34	2025-08-22 10:24:01	puhti	COMPLETED	111	0:0	mariaosm	mariaosm	NA	1	1	01:31.225	10485760	6069	3-00:00:00	111	NA
3035	MSC_HT-SELEX_TACTTA40NCTA_KV_NNACAGCTGTNN_1_4	NNACAGCTGTNN	29357891_35	29357891	35	2025-08-22 10:24:01	puhti	COMPLETED	54	0:0	mariaosm	mariaosm	NA	1	1	NA	10485760	891125	3-00:00:00	54	NA
3036	MSGN1_HT-SELEX_TTCTTG40NTGC_KO_NRCCAWWTGKYN_1_2	NRCCAWWTGKYN	29357891_36	29357891	36	2025-08-22 10:24:01	puhti	COMPLETED	79	0:0	mariaosm	mariaosm	NA	1	1	NA	10485760	6056	3-00:00:00	79	NA
3037	MESP2_HT-SELEX_TGAGCT40NGCA_KO_NAMCATATGKYN_1_3	NAMCATATGKYN	29357891_37	29357891	37	2025-08-22 10:24:01	puhti	COMPLETED	26	0:0	mariaosm	mariaosm	NA	1	1	NA	10485760	3268	3-00:00:00	26	NA
3038	TCF4_HT-SELEX_TGTATA40NGGT_KR_NCACSTGN_1_3	NCACSTGN	29357891_38	29357891	38	2025-08-22 10:24:01	puhti	COMPLETED	17	0:0	mariaosm	mariaosm	NA	1	1	NA	10485760	3270	3-00:00:00	17	NA
3039	TCF12_HT-SELEX_TTTGAG40NATT_KS_NCACSTGN_1_3	NCACSTGN	29357891_39	29357891	39	2025-08-22 10:24:01	puhti	COMPLETED	17	0:0	mariaosm	mariaosm	NA	1	1	NA	10485760	3270	3-00:00:00	17	NA
3040	PTF1A_HT-SELEX_TGCTTT40NAGA_KO_NYGTCAGCTGNY_1_3	NYGTCAGCTGNY	29357891_40	29357891	40	2025-08-22 10:24:01	puhti	COMPLETED	22	0:0	mariaosm	mariaosm	NA	1	1	NA	10485760	3268	3-00:00:00	22	NA
3041	FERD3L_HT-SELEX_TAAATT40NCTG_KW_GYNNCAGCTGNNAC_1_3	GYNNCAGCTGNNAC	29357891_41	29357891	41	2025-08-22 10:24:01	puhti	COMPLETED	66	0:0	mariaosm	mariaosm	NA	1	1	01:03.876	10485760	6327	3-00:00:00	66	NA
3042	FERD3L_HT-SELEX_TAAATT40NCTG_KW_GYNNCATATGNNAC_1_3	GYNNCATATGNNAC	29357891_42	29357891	42	2025-08-22 10:24:01	puhti	COMPLETED	67	0:0	mariaosm	mariaosm	NA	1	1	01:04.258	10485760	6273	3-00:00:00	67	NA
3043	HAND2_HT-SELEX_TGCTCT40NTTA_KP_AACACCTGYN_1_3	AACACCTGYN	29357891_43	29357891	43	2025-08-22 10:24:01	puhti	COMPLETED	17	0:0	mariaosm	mariaosm	NA	1	1	NA	10485760	3204	3-00:00:00	17	NA
3044	NHLH1_HT-SELEX_TGCAGT40NAAG_KR_NKGNMKCAGCTGCGYCMN_2_3	NKGNMKCAGCTGCGYCMN	29357891_44	29357891	44	2025-08-22 10:24:01	puhti	COMPLETED	309	0:0	mariaosm	mariaosm	NA	1	1	05:05.074	10485760	5894	3-00:00:00	309	NA
3045	NHLH1_HT-SELEX_TCTCCA40NGGA_KV_NKGNMKCAGCTGCGYCMN_2_4	NKGNMKCAGCTGCGYCMN	29357891_45	29357891	45	2025-08-22 10:24:01	puhti	COMPLETED	312	0:0	mariaosm	mariaosm	NA	1	1	05:08.577	10485760	5844	3-00:00:00	312	NA
3046	NHLH2_HT-SELEX_TTAGTA40NCTC_KW_NKGNMGCAGCTGCGYCMN_2_4	NKGNMGCAGCTGCGYCMN	29357891_46	29357891	46	2025-08-22 10:24:01	puhti	COMPLETED	162	0:0	mariaosm	mariaosm	NA	1	1	02:39.779	10485760	5875	3-00:00:00	162	NA
3047	ASCL1_HT-SELEX_TGCGCA40NCAA_KR_NRCAGCTGYN_1_3	NRCAGCTGYN	29357891_47	29357891	47	2025-08-22 10:24:01	puhti	COMPLETED	19	0:0	mariaosm	mariaosm	NA	1	1	NA	10485760	3268	3-00:00:00	19	NA
3048	ASCL2_HT-SELEX_TAACTC40NGTC_KO_NRCAGCTGYN_1_3	NRCAGCTGYN	29357891_48	29357891	48	2025-08-22 10:24:01	puhti	COMPLETED	21	0:0	mariaosm	mariaosm	NA	1	1	NA	10485760	3270	3-00:00:00	21	NA
3049	ASCL2_HT-SELEX_TTCTCC40NAGA_KAE_NRCAGCTGYN_1_4	NRCAGCTGYN	29357891_49	29357891	49	2025-08-22 10:24:01	puhti	COMPLETED	21	0:0	mariaosm	mariaosm	NA	1	1	NA	10485760	3268	3-00:00:00	21	NA
3050	ASCL2_HT-SELEX_TTCTCC40NAGA_KAE_ACACGACGCN_1_4	ACACGACGCN	29357891_50	29357891	50	2025-08-22 10:24:01	puhti	COMPLETED	17	0:0	mariaosm	mariaosm	NA	1	1	NA	10485760	3268	3-00:00:00	17	NA
3051	MYOD1_HT-SELEX_TGTCTG40NAGG_KO_NAACANNTGTYN_1_3	NAACANNTGTYN	29357891_51	29357891	51	2025-08-22 10:24:01	puhti	COMPLETED	65	0:0	mariaosm	mariaosm	NA	1	1	01:02.391	10485760	6062	3-00:00:00	65	NA
3052	MYOD1_HT-SELEX_TGTCTG40NAGG_KO_YGTCANNTGTYN_1_3	YGTCANNTGTYN	29357891_52	29357891	52	2025-08-22 10:24:01	puhti	COMPLETED	47	0:0	mariaosm	mariaosm	NA	1	1	NA	10485760	6061	3-00:00:00	47	NA
3053	MYOD1_HT-SELEX_TACTAA40NATT_KW_NAACANNTGTYN_1_3	NAACANNTGTYN	29357891_53	29357891	53	2025-08-22 10:24:01	puhti	COMPLETED	66	0:0	mariaosm	mariaosm	NA	1	1	01:02.827	10485760	6055	3-00:00:00	66	NA
3054	MYOD1_HT-SELEX_TACTAA40NATT_KW_YGTCANNTGTYN_1_3	YGTCANNTGTYN	29357891_54	29357891	54	2025-08-22 10:24:01	puhti	COMPLETED	47	0:0	mariaosm	mariaosm	NA	1	1	NA	10485760	6085	3-00:00:00	47	NA
3055	MYOG_HT-SELEX_TCGCCG40NTGC_KR_NAACANNTGTYN_1_3	NAACANNTGTYN	29357891_55	29357891	55	2025-08-22 10:24:01	puhti	COMPLETED	89	0:0	mariaosm	mariaosm	NA	1	1	01:10.887	10485760	5875	3-00:00:00	89	NA
3056	MYOG_HT-SELEX_TCGCCG40NTGC_KR_CGTCANNTGTYN_1_3	CGTCANNTGTYN	29357891_56	29357891	56	2025-08-22 10:24:01	puhti	COMPLETED	54	0:0	mariaosm	mariaosm	NA	1	1	NA	10485760	886681	3-00:00:00	54	NA
3057	MYOG_HT-SELEX_TACTAA40NATT_KV_NAACANNTGTYN_1_2	NAACANNTGTYN	29357891_57	29357891	57	2025-08-22 10:24:01	puhti	COMPLETED	89	0:0	mariaosm	mariaosm	NA	1	1	01:10.013	10485760	5870	3-00:00:00	89	NA
3058	MYOG_HT-SELEX_TACTAA40NATT_KV_CGTCANNTGTYN_1_2	CGTCANNTGTYN	29357891_58	29357891	58	2025-08-22 10:24:01	puhti	COMPLETED	54	0:0	mariaosm	mariaosm	NA	1	1	NA	10485760	888376	3-00:00:00	54	NA
3059	MYF6_HT-SELEX_TCCCGC40NACA_KR_NAACANNTGWYN_1_4	NAACANNTGWYN	29357891_59	29357891	59	2025-08-22 10:24:01	puhti	COMPLETED	144	0:0	mariaosm	mariaosm	NA	1	1	02:05.431	10485760	5873	3-00:00:00	144	NA
3060	MYF6_HT-SELEX_TCCCGC40NACA_KR_CGTCANNTGTYN_1_4	CGTCANNTGTYN	29357891_60	29357891	60	2025-08-22 10:24:01	puhti	COMPLETED	46	0:0	mariaosm	mariaosm	NA	1	1	NA	10485760	5820	3-00:00:00	46	NA
3061	FIGLA_HT-SELEX_TCGGGA40NGCA_KN_NNCACCTGN_1_2	NNCACCTGN	29357891_61	29357891	61	2025-08-22 10:24:01	puhti	COMPLETED	36	0:0	mariaosm	mariaosm	NA	1	1	NA	10485760	5819	3-00:00:00	36	NA
3062	MLX_HT-SELEX_TCCAAG40NAAC_KS_NCACGTGN_1_2	NCACGTGN	29357891_62	29357891	62	2025-08-22 10:24:01	puhti	COMPLETED	33	0:0	mariaosm	mariaosm	NA	1	1	NA	10485760	5805	3-00:00:00	33	NA
3063	MLX_HT-SELEX_TGCCAA40NTAG_KW_YNCACGTGMYN_1_3	YNCACGTGMYN	29357891_63	29357891	63	2025-08-22 10:24:01	puhti	COMPLETED	43	0:0	mariaosm	mariaosm	NA	1	1	NA	10485760	5824	3-00:00:00	43	NA
3064	TFAP4_HT-SELEX_TGATCG40NATC_KN_AWCAGCTGWT_1_2	AWCAGCTGWT	29357891_64	29357891	64	2025-08-22 10:24:01	puhti	COMPLETED	33	0:0	mariaosm	mariaosm	NA	1	1	NA	10485760	5833	3-00:00:00	33	NA
3065	TFAP4_HT-SELEX_TGATCG40NATC_KN_ANCATATGNT_1_2	ANCATATGNT	29357891_65	29357891	65	2025-08-22 10:24:01	puhti	COMPLETED	33	0:0	mariaosm	mariaosm	NA	1	1	NA	10485760	5850	3-00:00:00	33	NA
3066	TFAP4_HT-SELEX_TTTGAC40NGGT_KX_AWCAGCTGWT_1_3	AWCAGCTGWT	29357891_66	29357891	66	2025-08-22 10:24:01	puhti	COMPLETED	33	0:0	mariaosm	mariaosm	NA	1	1	NA	10485760	5801	3-00:00:00	33	NA
3067	TFAP4_HT-SELEX_TTTGAC40NGGT_KX_ANCATATGNT_1_3	ANCATATGNT	29357891_67	29357891	67	2025-08-22 10:24:01	puhti	COMPLETED	33	0:0	mariaosm	mariaosm	NA	1	1	NA	10485760	5799	3-00:00:00	33	NA
3068	MYCN_HT-SELEX_40NAATTAATAAAT_KAL_NKCACGTGGN_1_3b0	NKCACGTGGN	29357891_68	29357891	68	2025-08-22 10:24:01	puhti	COMPLETED	34	0:0	mariaosm	mariaosm	NA	1	1	NA	10485760	5832	3-00:00:00	34	NA
3069	CREB1_HT-SELEX_TTTGAC40NGGT_KR_NRTGACGTN_1_4	NRTGACGTN	29357891_69	29357891	69	2025-08-22 10:24:01	puhti	COMPLETED	39	0:0	mariaosm	mariaosm	NA	1	1	NA	10485760	886246	3-00:00:00	39	NA
3070	CREB1_HT-SELEX_TTTGAC40NGGT_KR_NRTGACGTCAYN_1_4	NRTGACGTCAYN	29357891_70	29357891	70	2025-08-22 10:24:01	puhti	COMPLETED	20	0:0	mariaosm	mariaosm	NA	1	1	NA	10485760	3270	3-00:00:00	20	NA
3071	CREB1_HT-SELEX_TTTGAC40NGGT_KR_NTGACGCGTCAN_1_4	NTGACGCGTCAN	29357891_71	29357891	71	2025-08-22 10:24:01	puhti	COMPLETED	14	0:0	mariaosm	mariaosm	NA	1	1	NA	10485760	3272	3-00:00:00	14	NA
3072	CREB1_HT-SELEX_TCCCGC40NACA_KX_NRTGACGTCAYN_1_3	NRTGACGTCAYN	29357891_72	29357891	72	2025-08-22 10:24:01	puhti	COMPLETED	21	0:0	mariaosm	mariaosm	NA	1	1	NA	10485760	3208	3-00:00:00	21	NA
3073	CREM_HT-SELEX_TAAGTC40NCGT_KO_NRTGACGTCAYN_1_4	NRTGACGTCAYN	29357891_73	29357891	73	2025-08-22 10:24:01	puhti	COMPLETED	28	0:0	mariaosm	mariaosm	NA	1	1	NA	10485760	3274	3-00:00:00	28	NA
3074	ATF6_HT-SELEX_TTGGCC40NTCG_KS_NRTGACGTCAYN_1_3	NRTGACGTCAYN	29357891_74	29357891	74	2025-08-22 10:24:01	puhti	COMPLETED	22	0:0	mariaosm	mariaosm	NA	1	1	NA	10485760	3276	3-00:00:00	22	NA
3075	ATF6_HT-SELEX_TTGGCC40NTCG_KS_NGRTGACGTGGCAN_1_3	NGRTGACGTGGCAN	29357891_75	29357891	75	2025-08-22 10:24:01	puhti	COMPLETED	22	0:0	mariaosm	mariaosm	NA	1	1	NA	10485760	3276	3-00:00:00	22	NA
3076	ATF6B_HT-SELEX_TTCTGT40NAAC_KP_TGCCACGTCAYN_1_3	TGCCACGTCAYN	29357891_76	29357891	76	2025-08-22 10:24:01	puhti	COMPLETED	15	0:0	mariaosm	mariaosm	NA	1	1	NA	10485760	3208	3-00:00:00	15	NA
3077	ATF6B_HT-SELEX_TTCTGT40NAAC_KP_NRTGAYGTCAYN_1_3	NRTGAYGTCAYN	29357891_77	29357891	77	2025-08-22 10:24:01	puhti	COMPLETED	30	0:0	mariaosm	mariaosm	NA	1	1	NA	10485760	3214	3-00:00:00	30	NA
3078	ATF6B_HT-SELEX_TTCTGT40NAAC_KP_YGCCACGTGGCA_1_3	YGCCACGTGGCA	29357891_78	29357891	78	2025-08-22 10:24:01	puhti	COMPLETED	15	0:0	mariaosm	mariaosm	NA	1	1	NA	10485760	3204	3-00:00:00	15	NA
3079	CREB3L1_HT-SELEX_TTGTCC40NTAG_KP_TGCCACGTCAYN_1_3	TGCCACGTCAYN	29357891_79	29357891	79	2025-08-22 10:24:01	puhti	COMPLETED	17	0:0	mariaosm	mariaosm	NA	1	1	NA	10485760	3276	3-00:00:00	17	NA
3080	CREB3L1_HT-SELEX_TTGTCC40NTAG_KP_TGCCACGTGGCA_1_3	TGCCACGTGGCA	29357891_80	29357891	80	2025-08-22 10:24:01	puhti	COMPLETED	16	0:0	mariaosm	mariaosm	NA	1	1	NA	10485760	3276	3-00:00:00	16	NA
3081	CREB3L1_HT-SELEX_TTGTCC40NTAG_KP_NTGCCACGTGTACN_1_3	NTGCCACGTGTACN	29357891_81	29357891	81	2025-08-22 10:24:01	puhti	COMPLETED	19	0:0	mariaosm	mariaosm	NA	1	1	NA	10485760	3210	3-00:00:00	19	NA
3082	CREB3L1_HT-SELEX_TCTTTA40NGGA_KX_TGCCACGTCAYN_1_4	TGCCACGTCAYN	29357891_82	29357891	82	2025-08-22 10:24:01	puhti	COMPLETED	19	0:0	mariaosm	mariaosm	NA	1	1	NA	10485760	3274	3-00:00:00	19	NA
3083	CREB3L1_HT-SELEX_TCTTTA40NGGA_KX_TGCCACGTGGCA_1_4	TGCCACGTGGCA	29357891_83	29357891	83	2025-08-22 10:24:01	puhti	COMPLETED	15	0:0	mariaosm	mariaosm	NA	1	1	NA	10485760	3270	3-00:00:00	15	NA
3084	CREB3L1_HT-SELEX_TCTTTA40NGGA_KX_TGCCACGTGTACR_1_4	TGCCACGTGTACR	29357891_84	29357891	84	2025-08-22 10:24:01	puhti	COMPLETED	15	0:0	mariaosm	mariaosm	NA	1	1	NA	10485760	3204	3-00:00:00	15	NA
3085	CREB3_HT-SELEX_TCACAT40NATG_KW_NGCCACGTCAYN_1_3	NGCCACGTCAYN	29357891_85	29357891	85	2025-08-22 10:24:01	puhti	COMPLETED	18	0:0	mariaosm	mariaosm	NA	1	1	NA	10485760	3204	3-00:00:00	18	NA
3086	CREB3_HT-SELEX_TCACAT40NATG_KW_NRTGACGTCAYN_1_3	NRTGACGTCAYN	29357891_86	29357891	86	2025-08-22 10:24:01	puhti	COMPLETED	19	0:0	mariaosm	mariaosm	NA	1	1	NA	10485760	3206	3-00:00:00	19	NA
3087	CREB3_HT-SELEX_TCACAT40NATG_KW_NGCCACGTGKMN_1_3	NGCCACGTGKMN	29357891_87	29357891	87	2025-08-22 10:24:01	puhti	COMPLETED	21	0:0	mariaosm	mariaosm	NA	1	1	NA	10485760	3206	3-00:00:00	21	NA
3088	CREB3L4_HT-SELEX_TATTTC40NGCA_KO_YGCCACGTCAYN_1_3	YGCCACGTCAYN	29357891_88	29357891	88	2025-08-22 10:24:01	puhti	COMPLETED	20	0:0	mariaosm	mariaosm	NA	1	1	NA	10485760	3268	3-00:00:00	20	NA
3089	CREB3L4_HT-SELEX_TATTTC40NGCA_KO_NRTGACGTCAYN_1_3	NRTGACGTCAYN	29357891_89	29357891	89	2025-08-22 10:24:01	puhti	COMPLETED	25	0:0	mariaosm	mariaosm	NA	1	1	NA	10485760	3272	3-00:00:00	25	NA
3090	CREB3L4_HT-SELEX_TATTTC40NGCA_KO_YGCCACGTGGCA_1_3	YGCCACGTGGCA	29357891_90	29357891	90	2025-08-22 10:24:01	puhti	COMPLETED	18	0:0	mariaosm	mariaosm	NA	1	1	NA	10485760	3270	3-00:00:00	18	NA
3091	NFE2_HT-SELEX_TTAAAT40NAAT_KR_NATGASTCATN_1_2	NATGASTCATN	29357891_91	29357891	91	2025-08-22 10:24:01	puhti	COMPLETED	21	0:0	mariaosm	mariaosm	NA	1	1	NA	10485760	3204	3-00:00:00	21	NA
3092	BACH2_HT-SELEX_TTCGAG40NGCG_KR_NWANCATGASTCATSNTWN_2_2	NWANCATGASTCATSNTWN	29357891_92	29357891	92	2025-08-22 10:24:01	puhti	COMPLETED	645	0:0	mariaosm	mariaosm	NA	1	1	10:33.958	10485760	5869	3-00:00:00	645	NA
3093	BACH2_HT-SELEX_TTCGAG40NGCG_KR_NWWNNATGACGTCAYNNWWN_2_2	NWWNNATGACGTCAYNNWWN	29357891_93	29357891	93	2025-08-22 10:24:01	puhti	COMPLETED	39893	0:0	mariaosm	mariaosm	NA	1	1	10:59:28	10485760	5944	3-00:00:00	39893	11:04:53
3094	JUN_HT-SELEX_TCAGTG40NGAT_KAE_NATGACGTCAYN_1_3b0	NATGACGTCAYN	29357891_94	29357891	94	2025-08-22 10:24:01	puhti	COMPLETED	16	0:0	mariaosm	mariaosm	NA	1	1	NA	10485760	3214	3-00:00:00	16	NA
3095	JUN_HT-SELEX_TCAGTG40NGAT_KAE_NATGACKCATN_1_3b0	NATGACKCATN	29357891_95	29357891	95	2025-08-22 10:24:01	puhti	COMPLETED	20	0:0	mariaosm	mariaosm	NA	1	1	NA	10485760	3212	3-00:00:00	20	NA
3096	JUND_HT-SELEX_TACCCA40NTGT_KS_NRTGACGTCATN_1_4	NRTGACGTCATN	29357891_96	29357891	96	2025-08-22 10:24:01	puhti	COMPLETED	17	0:0	mariaosm	mariaosm	NA	1	1	NA	10485760	3274	3-00:00:00	17	NA
3097	JUND_HT-SELEX_TACCCA40NTGT_KS_NRTGACGCATN_1_4	NRTGACGCATN	29357891_97	29357891	97	2025-08-22 10:24:01	puhti	COMPLETED	18	0:0	mariaosm	mariaosm	NA	1	1	NA	10485760	3208	3-00:00:00	18	NA
3098	JUNB_HT-SELEX_TTTGTT40NTAT_KS_NATGACGTCAYN_1_4	NATGACGTCAYN	29357891_98	29357891	98	2025-08-22 10:24:01	puhti	COMPLETED	22	0:0	mariaosm	mariaosm	NA	1	1	NA	10485760	3268	3-00:00:00	22	NA
3099	XBP1_HT-SELEX_TACATA40NAGA_KV_NKMCACGTCAYN_1_4	NKMCACGTCAYN	29357891_99	29357891	99	2025-08-22 10:24:01	puhti	COMPLETED	37	0:0	mariaosm	mariaosm	NA	1	1	NA	10485760	5942	3-00:00:00	37	NA
3100	XBP1_HT-SELEX_TACATA40NAGA_KV_NRTGACGTCAYN_1_4	NRTGACGTCAYN	29357891_100	29357891	100	2025-08-22 10:24:01	puhti	COMPLETED	21	0:0	mariaosm	mariaosm	NA	1	1	NA	10485760	3272	3-00:00:00	21	NA
3101	FOS_HT-SELEX_TGAACT40NAAG_KR_NRTGACGTCAYN_1_3	NRTGACGTCAYN	29357891_101	29357891	101	2025-08-22 10:24:01	puhti	COMPLETED	17	0:0	mariaosm	mariaosm	NA	1	1	NA	10485760	3210	3-00:00:00	17	NA
3102	FOSB_HT-SELEX_TAGAGC40NTAG_KP_NRTGACGTCAYN_1_2	NRTGACGTCAYN	29357891_102	29357891	102	2025-08-22 10:24:01	puhti	COMPLETED	21	0:0	mariaosm	mariaosm	NA	1	1	NA	10485760	3212	3-00:00:00	21	NA
3103	FOSL1_HT-SELEX_TGACGG40NCTC_KAE_NRTGAYGTCAYN_1_4	NRTGAYGTCAYN	29357891_103	29357891	103	2025-08-22 10:24:01	puhti	COMPLETED	39	0:0	mariaosm	mariaosm	NA	1	1	NA	10485760	5879	3-00:00:00	39	NA
3104	FOSL1_HT-SELEX_TGACGG40NCTC_KAE_NRTGANTCAYN_1_4	NRTGANTCAYN	29357891_104	29357891	104	2025-08-22 10:24:01	puhti	COMPLETED	40	0:0	mariaosm	mariaosm	NA	1	1	NA	10485760	5732	3-00:00:00	40	NA
3105	FOSL1_HT-SELEX_TGACGG40NCTC_KAE_RATGAYACG_1_4	RATGAYACG	29357891_105	29357891	105	2025-08-22 10:24:01	puhti	COMPLETED	17	0:0	mariaosm	mariaosm	NA	1	1	NA	10485760	3276	3-00:00:00	17	NA
3106	ATF3_HT-SELEX_TGCAGT40NAAG_KS_NRTGAYGTCAYN_1_3	NRTGAYGTCAYN	29357891_106	29357891	106	2025-08-22 10:24:01	puhti	COMPLETED	28	0:0	mariaosm	mariaosm	NA	1	1	NA	10485760	3274	3-00:00:00	29	NA
3107	ATF3_HT-SELEX_TTCATA40NTCA_KAE_NRTGACGTCAYN_1_3	NRTGACGTCAYN	29357891_107	29357891	107	2025-08-22 10:24:01	puhti	COMPLETED	19	0:0	mariaosm	mariaosm	NA	1	1	NA	10485760	3270	3-00:00:00	19	NA
3108	JDP2_HT-SELEX_TATTTC40NGCA_KT_NRTGAYGTCAYN_1_3	NRTGAYGTCAYN	29357891_108	29357891	108	2025-08-22 10:24:01	puhti	COMPLETED	31	0:0	mariaosm	mariaosm	NA	1	1	NA	10485760	3212	3-00:00:00	31	NA
3109	JDP2_HT-SELEX_TATTTC40NGCA_KT_GATGASTCATC_1_3	GATGASTCATC	29357891_109	29357891	109	2025-08-22 10:24:01	puhti	COMPLETED	16	0:0	mariaosm	mariaosm	NA	1	1	NA	10485760	3272	3-00:00:00	16	NA
3110	JDP2_HT-SELEX_TAGATG40NTAT_KV_NRTGAYGTCAYN_1_4	NRTGAYGTCAYN	29357891_110	29357891	110	2025-08-22 10:24:01	puhti	COMPLETED	25	0:0	mariaosm	mariaosm	NA	1	1	NA	10485760	3276	3-00:00:00	25	NA
3111	JDP2_HT-SELEX_TAGATG40NTAT_KV_NRTGASTCAYN_1_4	NRTGASTCAYN	29357891_111	29357891	111	2025-08-22 10:24:01	puhti	COMPLETED	23	0:0	mariaosm	mariaosm	NA	1	1	NA	10485760	3276	3-00:00:00	23	NA
3112	BATF_HT-SELEX_TTACAG40NGTG_KAE_NMATGACACN_1_3b0	NMATGACACN	29357891_112	29357891	112	2025-08-22 10:24:01	puhti	COMPLETED	18	0:0	mariaosm	mariaosm	NA	1	1	NA	10485760	3276	3-00:00:00	18	NA
3113	BATF3_HT-SELEX_TGCAAA40NGAA_KN_NRTGAYGTCAYN_1_3	NRTGAYGTCAYN	29357891_113	29357891	113	2025-08-22 10:24:01	puhti	COMPLETED	30	0:0	mariaosm	mariaosm	NA	1	1	NA	10485760	3276	3-00:00:00	30	NA
3114	BATF3_HT-SELEX_TTAAAT40NAAT_KZ_NRTGAYGTCAYN_1_3	NRTGAYGTCAYN	29357891_114	29357891	114	2025-08-22 10:24:01	puhti	COMPLETED	31	0:0	mariaosm	mariaosm	NA	1	1	NA	10485760	3272	3-00:00:00	31	NA
3115	ATF2_HT-SELEX_TGAACC40NCCA_KP_NRTGAYGTCAYN_1_4	NRTGAYGTCAYN	29357891_115	29357891	115	2025-08-22 10:24:01	puhti	COMPLETED	30	0:0	mariaosm	mariaosm	NA	1	1	NA	10485760	3210	3-00:00:00	30	NA
3116	ATF2_HT-SELEX_TGAGGA40NTTG_KZ_NRTGAYGTMAYN_1_4	NRTGAYGTMAYN	29357891_116	29357891	116	2025-08-22 10:24:01	puhti	COMPLETED	44	0:0	mariaosm	mariaosm	NA	1	1	NA	10485760	5741	3-00:00:00	44	NA
3117	ATF7_HT-SELEX_TCCAAG40NAAC_KP_NRTGACGTCAYN_1_4	NRTGACGTCAYN	29357891_117	29357891	117	2025-08-22 10:24:01	puhti	COMPLETED	23	0:0	mariaosm	mariaosm	NA	1	1	NA	10485760	3274	3-00:00:00	23	NA
3118	CREB5_HT-SELEX_TCCGAG40NTGG_KP_NRTGAYGTCAYN_1_4	NRTGAYGTCAYN	29357891_118	29357891	118	2025-08-22 10:24:01	puhti	COMPLETED	30	0:0	mariaosm	mariaosm	NA	1	1	NA	10485760	3212	3-00:00:00	30	NA
3119	CREB5_HT-SELEX_TTACAA40NTAC_KAE_NRTGAYGTCAYN_1_3	NRTGAYGTCAYN	29357891_119	29357891	119	2025-08-22 10:24:01	puhti	COMPLETED	32	0:0	mariaosm	mariaosm	NA	1	1	NA	10485760	5832	3-00:00:00	32	NA
3120	CEBPB_HT-SELEX_TCATTC40NATT_KN_NRTTGCGYAAYN_1_3	NRTTGCGYAAYN	29357891_120	29357891	120	2025-08-22 10:24:01	puhti	COMPLETED	51	0:0	mariaosm	mariaosm	NA	1	1	NA	10485760	5870	3-00:00:00	51	NA
3121	CEBPE_HT-SELEX_TGTAGA40NTGT_KR_NRTTGCGYAAYN_1_4	NRTTGCGYAAYN	29357891_121	29357891	121	2025-08-22 10:24:01	puhti	COMPLETED	42	0:0	mariaosm	mariaosm	NA	1	1	NA	10485760	5920	3-00:00:00	42	NA
3122	CEBPD_HT-SELEX_TGACCA40NTCC_KN_NRTTGCGYAAYN_1_4	NRTTGCGYAAYN	29357891_122	29357891	122	2025-08-22 10:24:01	puhti	COMPLETED	26	0:0	mariaosm	mariaosm	NA	1	1	NA	10485760	3270	3-00:00:00	26	NA
3123	CEBPG_HT-SELEX_TACTTT40NTCT_KN_NRTTGCGYAAYN_1_3	NRTTGCGYAAYN	29357891_123	29357891	123	2025-08-22 10:24:01	puhti	COMPLETED	26	0:0	mariaosm	mariaosm	NA	1	1	NA	10485760	3268	3-00:00:00	26	NA
3124	CEBPG_HT-SELEX_TCCACC40NTTA_KV_NRTTGCGYAAYN_1_4	NRTTGCGYAAYN	29357891_124	29357891	124	2025-08-22 10:24:01	puhti	COMPLETED	26	0:0	mariaosm	mariaosm	NA	1	1	NA	10485760	3206	3-00:00:00	26	NA
3125	DBP_HT-SELEX_TGGACC40NAAC_KV_NRTTAYGTAAYN_1_2	NRTTAYGTAAYN	29357891_125	29357891	125	2025-08-22 10:24:01	puhti	COMPLETED	26	0:0	mariaosm	mariaosm	NA	1	1	NA	10485760	3204	3-00:00:00	26	NA
3126	DBP_HT-SELEX_TGGCGT40NCCT_KW_NRTTAYGTAAYN_1_4	NRTTAYGTAAYN	29357891_126	29357891	126	2025-08-22 10:24:01	puhti	COMPLETED	26	0:0	mariaosm	mariaosm	NA	1	1	NA	10485760	3204	3-00:00:00	26	NA
3127	HLF_HT-SELEX_TGGAGT40NTGG_KX_NRTTRYGYAAYN_1_4	NRTTRYGYAAYN	29357891_127	29357891	127	2025-08-22 10:24:01	puhti	COMPLETED	75	0:0	mariaosm	mariaosm	NA	1	1	01:12.301	10485760	6014	3-00:00:00	75	NA
3128	TEF_HT-SELEX_TAAGCT40NTGC_KN_NRTTAYGTAAYN_1_4	NRTTAYGTAAYN	29357891_128	29357891	128	2025-08-22 10:24:01	puhti	COMPLETED	34	0:0	mariaosm	mariaosm	NA	1	1	NA	10485760	6022	3-00:00:00	34	NA
3129	ATF4_HT-SELEX_TGGGTG40NGGA_KN_GGATGACGTCATCC_2_3	GGATGACGTCATCC	29357891_129	29357891	129	2025-08-22 10:24:01	puhti	COMPLETED	18	0:0	mariaosm	mariaosm	NA	1	1	NA	10485760	3270	3-00:00:00	18	NA
3130	ATF4_HT-SELEX_TCTAGG40NCTG_KW_GGATGAYGTCATCC_2_3	GGATGAYGTCATCC	29357891_130	29357891	130	2025-08-22 10:24:01	puhti	COMPLETED	19	0:0	mariaosm	mariaosm	NA	1	1	NA	10485760	3268	3-00:00:00	19	NA
3131	MAFF_HT-SELEX_TTATTT40NCGT_KO_NYGCTGASTCAGCRN_2_4	NYGCTGASTCAGCRN	29357891_131	29357891	131	2025-08-22 10:24:01	puhti	COMPLETED	36	0:0	mariaosm	mariaosm	NA	1	1	NA	10485760	6002	3-00:00:00	36	NA
3132	MAFF_HT-SELEX_TTATTT40NCGT_KO_NYGCTGAYRTCAGCRN_2_4	NYGCTGAYRTCAGCRN	29357891_132	29357891	132	2025-08-22 10:24:01	puhti	COMPLETED	49	0:0	mariaosm	mariaosm	NA	1	1	NA	10485760	5829	3-00:00:00	49	NA
3133	MAFF_HT-SELEX_TCGCCG40NTGC_KW_NYGCTGASTCAGCRN_2_4	NYGCTGASTCAGCRN	29357891_133	29357891	133	2025-08-22 10:24:01	puhti	COMPLETED	29	0:0	mariaosm	mariaosm	NA	1	1	NA	10485760	3206	3-00:00:00	29	NA
3134	MAFF_HT-SELEX_TCGCCG40NTGC_KW_NYGCTGAYRTCAGCRN_2_4	NYGCTGAYRTCAGCRN	29357891_134	29357891	134	2025-08-22 10:24:01	puhti	COMPLETED	43	0:0	mariaosm	mariaosm	NA	1	1	NA	10485760	5988	3-00:00:00	43	NA
3135	MAFG_HT-SELEX_TTGTTC40NAAG_KN_NYGCTGASTCAGCRN_2_4	NYGCTGASTCAGCRN	29357891_135	29357891	135	2025-08-22 10:24:01	puhti	COMPLETED	31	0:0	mariaosm	mariaosm	NA	1	1	NA	10485760	5796	3-00:00:00	31	NA
3136	MAFG_HT-SELEX_TTGTTC40NAAG_KN_NYGCTGAYRTCAGCRN_2_4	NYGCTGAYRTCAGCRN	29357891_136	29357891	136	2025-08-22 10:24:01	puhti	COMPLETED	39	0:0	mariaosm	mariaosm	NA	1	1	NA	10485760	5818	3-00:00:00	39	NA
3137	MAFG_HT-SELEX_TTGTTC40NAAG_KN_NWWWNTGCTGACN_1_4	NWWWNTGCTGACN	29357891_137	29357891	137	2025-08-22 10:24:01	puhti	COMPLETED	69	0:0	mariaosm	mariaosm	NA	1	1	01:07.620	10485760	5836	3-00:00:00	69	NA
3138	MAFG_HT-SELEX_TGTTAA40NACT_KAE_TGCTGACGYN_1_4	TGCTGACGYN	29357891_138	29357891	138	2025-08-22 10:24:01	puhti	COMPLETED	15	0:0	mariaosm	mariaosm	NA	1	1	NA	10485760	3208	3-00:00:00	15	NA
3139	MAFG_HT-SELEX_TGTTAA40NACT_KAE_TGCTGANNNTGCR_1_4	TGCTGANNNTGCR	29357891_139	29357891	139	2025-08-22 10:24:01	puhti	COMPLETED	36	0:0	mariaosm	mariaosm	NA	1	1	NA	10485760	5775	3-00:00:00	36	NA
3140	MAF_HT-SELEX_TTTACT40NACA_KO_NYGCTGACN_1_4	NYGCTGACN	29357891_140	29357891	140	2025-08-22 10:24:01	puhti	COMPLETED	18	0:0	mariaosm	mariaosm	NA	1	1	NA	10485760	3276	3-00:00:00	18	NA
3141	MAF_HT-SELEX_TGAATT40NTAA_KV_NYGCTGASTCAGCRN_2_4	NYGCTGASTCAGCRN	29357891_141	29357891	141	2025-08-22 10:24:01	puhti	COMPLETED	30	0:0	mariaosm	mariaosm	NA	1	1	NA	10485760	3272	3-00:00:00	30	NA
3142	MAF_HT-SELEX_TGAATT40NTAA_KV_NYGCTGAYGTCAGCRN_2_4	NYGCTGAYGTCAGCRN	29357891_142	29357891	142	2025-08-22 10:24:01	puhti	COMPLETED	32	0:0	mariaosm	mariaosm	NA	1	1	NA	10485760	3208	3-00:00:00	32	NA
3143	MAF_HT-SELEX_TGAATT40NTAA_KV_NYGCTGACNNNGCR_1_4	NYGCTGACNNNGCR	29357891_143	29357891	143	2025-08-22 10:24:01	puhti	COMPLETED	161	0:0	mariaosm	mariaosm	NA	1	1	02:39.157	10485760	5746	3-00:00:00	161	NA
3144	MAFA_HT-SELEX_TACGGG40NCTT_KO_NWWWNTGCTGACN_1_4	NWWWNTGCTGACN	29357891_144	29357891	144	2025-08-22 10:24:01	puhti	COMPLETED	67	0:0	mariaosm	mariaosm	NA	1	1	01:04.955	10485760	6088	3-00:00:00	67	NA
3145	MAFA_HT-SELEX_TACGGG40NCTT_KO_NYGCTGASTCAGCRN_2_4	NYGCTGASTCAGCRN	29357891_145	29357891	145	2025-08-22 10:24:01	puhti	COMPLETED	31	0:0	mariaosm	mariaosm	NA	1	1	NA	10485760	5715	3-00:00:00	31	NA
3146	MAFA_HT-SELEX_TACGGG40NCTT_KO_NYGCTGAYGTCAGCRN_2_4	NYGCTGAYGTCAGCRN	29357891_146	29357891	146	2025-08-22 10:24:01	puhti	COMPLETED	37	0:0	mariaosm	mariaosm	NA	1	1	NA	10485760	5732	3-00:00:00	37	NA
3147	NRL_HT-SELEX_TGGAGA40NCCA_KR_NWWWNTGCTGACN_1_3	NWWWNTGCTGACN	29357891_147	29357891	147	2025-08-22 10:24:01	puhti	COMPLETED	78	0:0	mariaosm	mariaosm	NA	1	1	01:15.503	10485760	5861	3-00:00:00	78	NA
3148	NRL_HT-SELEX_TAAGGG40NACC_KV_NWWWNTGCTGACN_1_3	NWWWNTGCTGACN	29357891_148	29357891	148	2025-08-22 10:24:01	puhti	COMPLETED	73	0:0	mariaosm	mariaosm	NA	1	1	01:10.995	10485760	5756	3-00:00:00	73	NA
3149	SPIB_HT-SELEX_TACGAT40NCCG_KR_RWWGSGGAAGTN_1_4	RWWGSGGAAGTN	29357891_149	29357891	149	2025-08-22 10:24:01	puhti	COMPLETED	21	0:0	mariaosm	mariaosm	NA	1	1	NA	10485760	3276	3-00:00:00	21	NA
3150	SPIB_HT-SELEX_TTTAGC40NGAC_KV_RAWWGMGGAAGTN_1_2	RAWWGMGGAAGTN	29357891_150	29357891	150	2025-08-22 10:24:01	puhti	COMPLETED	22	0:0	mariaosm	mariaosm	NA	1	1	NA	10485760	3276	3-00:00:00	22	NA
3151	ELF3_HT-SELEX_TACATC40NATA_KP_ACCCGGAAGNNNNNNNNNWWWWW_2_3	ACCCGGAAGNNNNNNNNNWWWWW	29357891_151	29357891	151	2025-08-22 10:24:01	puhti	CANCELLED	259221	0:0	mariaosm	mariaosm	NA	1	1	NA	10485760	9541041	3-00:00:00	259224	3-00:00:21
3152	ELF3_HT-SELEX_TACATC40NATA_KP_NATAACGGATGYN_1_3	NATAACGGATGYN	29357891_152	29357891	152	2025-08-22 10:24:01	puhti	COMPLETED	21	0:0	mariaosm	mariaosm	NA	1	1	NA	10485760	3272	3-00:00:00	21	NA
3153	ELF3_HT-SELEX_TACATC40NATA_KP_NATKGCGGATGYN_1_3	NATKGCGGATGYN	29357891_153	29357891	153	2025-08-22 10:24:01	puhti	COMPLETED	25	0:0	mariaosm	mariaosm	NA	1	1	NA	10485760	3276	3-00:00:00	25	NA
3154	ELF3_HT-SELEX_TACATC40NATA_KP_NATRCGGATGYN_1_3	NATRCGGATGYN	29357891_154	29357891	154	2025-08-22 10:24:01	puhti	COMPLETED	25	0:0	mariaosm	mariaosm	NA	1	1	NA	10485760	3210	3-00:00:00	25	NA
3155	ELF3_HT-SELEX_TATGTA40NTGT_KW_ACCCGGAAGNNNNNNNNNWWWWW_2_3	ACCCGGAAGNNNNNNNNNWWWWW	29357891_155	29357891	155	2025-08-22 10:24:01	puhti	CANCELLED	259221	0:0	mariaosm	mariaosm	NA	1	1	NA	10485760	9559159	3-00:00:00	259224	3-00:00:21
3156	ELF3_HT-SELEX_TATGTA40NTGT_KW_NTGTGCGGATGCN_1_3	NTGTGCGGATGCN	29357891_156	29357891	156	2025-08-22 10:24:01	puhti	COMPLETED	19	0:0	mariaosm	mariaosm	NA	1	1	NA	10485760	3210	3-00:00:00	19	NA
3157	ELF5_HT-SELEX_TCGTCA40NCTA_KT_NANNMGGAAGTN_1_4	NANNMGGAAGTN	29357891_157	29357891	157	2025-08-22 10:24:01	puhti	COMPLETED	74	0:0	mariaosm	mariaosm	NA	1	1	01:11.950	10485760	5818	3-00:00:00	74	NA
3158	ELF5_HT-SELEX_TCTGCA40NATA_KW_NAMCCGGAAGTN_1_3	NAMCCGGAAGTN	29357891_158	29357891	158	2025-08-22 10:24:01	puhti	COMPLETED	30	0:0	mariaosm	mariaosm	NA	1	1	NA	10485760	5893	3-00:00:00	30	NA
3159	ERG_HT-SELEX_TAGAGC40NTAG_KT_NACCGGAARYN_1_2	NACCGGAARYN	29357891_159	29357891	159	2025-08-22 10:24:01	puhti	COMPLETED	22	0:0	mariaosm	mariaosm	NA	1	1	NA	10485760	5914	3-00:00:00	22	NA
3160	ERG_HT-SELEX_TAGAGC40NTAG_KT_NACCGGATATCCGGTN_1_2	NACCGGATATCCGGTN	29357891_160	29357891	160	2025-08-22 10:24:01	puhti	COMPLETED	16	0:0	mariaosm	mariaosm	NA	1	1	NA	10485760	5928	3-00:00:00	16	NA
3161	ERG_HT-SELEX_TCCCGG40NTAC_KAF_NACCGGAARTN_1_3	NACCGGAARTN	29357891_161	29357891	161	2025-08-22 10:24:01	puhti	COMPLETED	18	0:0	mariaosm	mariaosm	NA	1	1	NA	10485760	3272	3-00:00:00	18	NA
3162	ERG_HT-SELEX_TCCCGG40NTAC_KAF_NACCGGATATCCGGTN_1_3	NACCGGATATCCGGTN	29357891_162	29357891	162	2025-08-22 10:24:01	puhti	COMPLETED	16	0:0	mariaosm	mariaosm	NA	1	1	NA	10485760	3208	3-00:00:00	16	NA
3163	FLI1_HT-SELEX_TTTGGT40NCTT_KT_NACCGGAARTN_1_2	NACCGGAARTN	29357891_163	29357891	163	2025-08-22 10:24:01	puhti	COMPLETED	21	0:0	mariaosm	mariaosm	NA	1	1	NA	10485760	3270	3-00:00:00	21	NA
3164	FLI1_HT-SELEX_TTTGGT40NCTT_KT_NACCGGATATCCGGTN_1_2	NACCGGATATCCGGTN	29357891_164	29357891	164	2025-08-22 10:24:01	puhti	COMPLETED	19	0:0	mariaosm	mariaosm	NA	1	1	NA	10485760	3270	3-00:00:00	19	NA
3165	FLI1_HT-SELEX_TCCTCA40NAAC_KV_NACCGGAARTN_1_3	NACCGGAARTN	29357891_165	29357891	165	2025-08-22 10:24:01	puhti	COMPLETED	21	0:0	mariaosm	mariaosm	NA	1	1	NA	10485760	3270	3-00:00:00	21	NA
3166	FLI1_HT-SELEX_TCCTCA40NAAC_KV_NACCGGATATCCGGTN_1_3	NACCGGATATCCGGTN	29357891_166	29357891	166	2025-08-22 10:24:01	puhti	COMPLETED	20	0:0	mariaosm	mariaosm	NA	1	1	NA	10485760	3268	3-00:00:00	21	NA
3167	FEV_HT-SELEX_TGCGCA40NCAA_KO_NACCGGAAGTN_1_3	NACCGGAAGTN	29357891_167	29357891	167	2025-08-22 10:24:01	puhti	COMPLETED	22	0:0	mariaosm	mariaosm	NA	1	1	NA	10485760	3268	3-00:00:00	22	NA
3168	ETV3_HT-SELEX_TTATTC40NGAA_KV_NNAGGAANNNNNNNTTCCTNN_1_3	NNAGGAANNNNNNNTTCCTNN	29357891_168	29357891	168	2025-08-22 10:24:01	puhti	CANCELLED	259221	0:0	mariaosm	mariaosm	NA	1	1	NA	10485760	7960850	3-00:00:00	259224	3-00:00:21
3169	ETV3_HT-SELEX_TTATTC40NGAA_KV_NACCGGATATCCGGTN_1_3	NACCGGATATCCGGTN	29357891_169	29357891	169	2025-08-22 10:24:01	puhti	COMPLETED	15	0:0	mariaosm	mariaosm	NA	1	1	NA	10485760	3212	3-00:00:00	15	NA
3170	ETV2_HT-SELEX_TTCGGG40NGAG_KO_NRCCGGAAGTN_1_3	NRCCGGAAGTN	29357891_170	29357891	170	2025-08-22 10:24:01	puhti	COMPLETED	20	0:0	mariaosm	mariaosm	NA	1	1	NA	10485760	3212	3-00:00:00	20	NA
3171	GABPA_HT-SELEX_TCTGCT40NTGT_KV_NACCGGAAGTN_1_2	NACCGGAAGTN	29357891_171	29357891	171	2025-08-22 10:24:01	puhti	COMPLETED	19	0:0	mariaosm	mariaosm	NA	1	1	NA	10485760	3268	3-00:00:00	19	NA
3172	ETS2_HT-SELEX_TGTGAT40NGCA_KX_NACCGGANNNNNNTCCGGTN_1_4	NACCGGANNNNNNTCCGGTN	29357891_172	29357891	172	2025-08-22 10:24:01	puhti	COMPLETED	11411	0:0	mariaosm	mariaosm	NA	1	1	03:08:45	10485760	6065	3-00:00:00	11411	03:10:09
3173	ETV1_HT-SELEX_TTGTGG40NCGG_KR_NACCGGAWGTN_1_2	NACCGGAWGTN	29357891_173	29357891	173	2025-08-22 10:24:01	puhti	COMPLETED	21	0:0	mariaosm	mariaosm	NA	1	1	NA	10485760	3272	3-00:00:00	21	NA
3174	ETV1_HT-SELEX_TCGACA40NCGT_KAF_NACCGKAWGTN_1_3	NACCGKAWGTN	29357891_174	29357891	174	2025-08-22 10:24:01	puhti	COMPLETED	19	0:0	mariaosm	mariaosm	NA	1	1	NA	10485760	3212	3-00:00:00	19	NA
3175	ETV5_HT-SELEX_TACATA40NAGA_KP_NRCCGGAAGTN_1_2	NRCCGGAAGTN	29357891_175	29357891	175	2025-08-22 10:24:01	puhti	COMPLETED	26	0:0	mariaosm	mariaosm	NA	1	1	NA	10485760	5841	3-00:00:00	26	NA
3176	ETV4_HT-SELEX_TTCTCA40NCCT_KS_NRCCGGAAGTN_1_2	NRCCGGAAGTN	29357891_176	29357891	176	2025-08-22 10:24:01	puhti	COMPLETED	22	0:0	mariaosm	mariaosm	NA	1	1	NA	10485760	3274	3-00:00:00	22	NA
3177	ETV4_HT-SELEX_TCTCGA40NCAT_KAE_NRCCGGAAGTN_1_2	NRCCGGAAGTN	29357891_177	29357891	177	2025-08-22 10:24:01	puhti	COMPLETED	22	0:0	mariaosm	mariaosm	NA	1	1	NA	10485760	3278	3-00:00:00	22	NA
3178	ETV4_HT-SELEX_TCTCGA40NCAT_KAE_NTCGTAAATGMN_1_2	NTCGTAAATGMN	29357891_178	29357891	178	2025-08-22 10:24:01	puhti	COMPLETED	20	0:0	mariaosm	mariaosm	NA	1	1	NA	10485760	3274	3-00:00:00	20	NA
3179	ELK1_HT-SELEX_TGCCGA40NGTA_KS_NACCGGAAGTN_1_3	NACCGGAAGTN	29357891_179	29357891	179	2025-08-22 10:24:01	puhti	COMPLETED	19	0:0	mariaosm	mariaosm	NA	1	1	NA	10485760	3276	3-00:00:00	19	NA
3180	ELK1_HT-SELEX_TCAGTT40NTTG_KAE_NACCGGAAGTN_1_2	NACCGGAAGTN	29357891_180	29357891	180	2025-08-22 10:24:01	puhti	COMPLETED	19	0:0	mariaosm	mariaosm	NA	1	1	NA	10485760	3210	3-00:00:00	19	NA
3181	ELK4_HT-SELEX_TCCGCC40NTCA_KAE_NRCCGGAWGTN_1_2	NRCCGGAWGTN	29357891_181	29357891	181	2025-08-22 10:24:01	puhti	COMPLETED	21	0:0	mariaosm	mariaosm	NA	1	1	NA	10485760	3274	3-00:00:00	21	NA
3182	ELK4_HT-SELEX_TCCGCC40NTCA_KAE_NTCGTAAATGMN_1_2	NTCGTAAATGMN	29357891_182	29357891	182	2025-08-22 10:24:01	puhti	COMPLETED	19	0:0	mariaosm	mariaosm	NA	1	1	NA	10485760	3274	3-00:00:00	19	NA
3183	ELK3_HT-SELEX_TCCCTG40NGTA_KS_NACCGGAAGTN_1_2	NACCGGAAGTN	29357891_183	29357891	183	2025-08-22 10:24:01	puhti	COMPLETED	19	0:0	mariaosm	mariaosm	NA	1	1	NA	10485760	3274	3-00:00:00	19	NA
3184	ELK3_HT-SELEX_TCCCTG40NGTA_KS_NTCGTAAATGCN_1_2	NTCGTAAATGCN	29357891_184	29357891	184	2025-08-22 10:24:01	puhti	COMPLETED	19	0:0	mariaosm	mariaosm	NA	1	1	NA	10485760	3274	3-00:00:00	19	NA
3185	ELK3_HT-SELEX_TGTCAG40NGAC_KX_ACCGGAAGTN_1_2	ACCGGAAGTN	29357891_185	29357891	185	2025-08-22 10:24:01	puhti	COMPLETED	17	0:0	mariaosm	mariaosm	NA	1	1	NA	10485760	3276	3-00:00:00	17	NA
3186	ELK3_HT-SELEX_TGTCAG40NGAC_KX_NTCGTAAATGCN_1_2	NTCGTAAATGCN	29357891_186	29357891	186	2025-08-22 10:24:01	puhti	COMPLETED	19	0:0	mariaosm	mariaosm	NA	1	1	NA	10485760	3212	3-00:00:00	19	NA
3187	ELF1_HT-SELEX_TGAACC40NCCA_KR_NACCCGGAAGTN_1_2	NACCCGGAAGTN	29357891_187	29357891	187	2025-08-22 10:24:01	puhti	COMPLETED	19	0:0	mariaosm	mariaosm	NA	1	1	NA	10485760	3274	3-00:00:00	19	NA
3188	ELF1_HT-SELEX_TGAACC40NCCA_KR_NATGCGGAAGTN_1_2	NATGCGGAAGTN	29357891_188	29357891	188	2025-08-22 10:24:01	puhti	COMPLETED	19	0:0	mariaosm	mariaosm	NA	1	1	NA	10485760	3274	3-00:00:00	19	NA
3189	ELF1_HT-SELEX_TAAGCA40NGTC_KW_NACCCGGAAGTN_1_2	NACCCGGAAGTN	29357891_189	29357891	189	2025-08-22 10:24:01	puhti	COMPLETED	36	0:0	mariaosm	mariaosm	NA	1	1	NA	10485760	766151	3-00:00:00	36	NA
3190	ELF1_HT-SELEX_TAAGCA40NGTC_KW_NATGCGGAAGTN_1_2	NATGCGGAAGTN	29357891_190	29357891	190	2025-08-22 10:24:01	puhti	COMPLETED	37	0:0	mariaosm	mariaosm	NA	1	1	NA	10485760	881184	3-00:00:00	37	NA
3191	ELF4_HT-SELEX_TCAGCA40NCTC_KS_NACCCGGAAGTN_1_3	NACCCGGAAGTN	29357891_191	29357891	191	2025-08-22 10:24:01	puhti	COMPLETED	37	0:0	mariaosm	mariaosm	NA	1	1	NA	10485760	878559	3-00:00:00	37	NA
3192	ELF4_HT-SELEX_TCAGCA40NCTC_KS_NATGCGGAAGTN_1_3	NATGCGGAAGTN	29357891_192	29357891	192	2025-08-22 10:24:01	puhti	COMPLETED	17	0:0	mariaosm	mariaosm	NA	1	1	NA	10485760	3272	3-00:00:00	17	NA
3193	ELF2_HT-SELEX_TTAGCT40NCCT_KR_NATGCGGAAGTN_1_3	NATGCGGAAGTN	29357891_193	29357891	193	2025-08-22 10:24:01	puhti	COMPLETED	17	0:0	mariaosm	mariaosm	NA	1	1	NA	10485760	3206	3-00:00:00	17	NA
3194	ELF2_HT-SELEX_TTAGCT40NCCT_KR_NACCCGGAAGTN_1_3	NACCCGGAAGTN	29357891_194	29357891	194	2025-08-22 10:24:01	puhti	COMPLETED	17	0:0	mariaosm	mariaosm	NA	1	1	NA	10485760	3270	3-00:00:00	17	NA
3195	ELF2_HT-SELEX_TTCGCC40NGAC_KX_NACCCGGAAGTN_1_2	NACCCGGAAGTN	29357891_195	29357891	195	2025-08-22 10:24:01	puhti	COMPLETED	17	0:0	mariaosm	mariaosm	NA	1	1	NA	10485760	3206	3-00:00:00	17	NA
3196	ELF2_HT-SELEX_TTCGCC40NGAC_KX_NATGCGGAAGTN_1_2	NATGCGGAAGTN	29357891_196	29357891	196	2025-08-22 10:24:01	puhti	COMPLETED	17	0:0	mariaosm	mariaosm	NA	1	1	NA	10485760	3208	3-00:00:00	17	NA
3197	ETV7_HT-SELEX_TCTCTG40NGAA_KAE_NMGGAARNNYTTCCKN_1_3	NMGGAARNNYTTCCKN	29357891_197	29357891	197	2025-08-22 10:24:01	puhti	COMPLETED	384	0:0	mariaosm	mariaosm	NA	1	1	06:19.357	10485760	5890	3-00:00:00	384	NA
3198	ETV7_HT-SELEX_TCTCTG40NGAA_KAE_NYTTCCSGGAARN_1_3	NYTTCCSGGAARN	29357891_198	29357891	198	2025-08-22 10:24:01	puhti	COMPLETED	28	0:0	mariaosm	mariaosm	NA	1	1	NA	10485760	3206	3-00:00:00	28	NA
3199	SPDEF_HT-SELEX_TAGAGA40NCGC_KW_NAMCCGGATGTN_1_3	NAMCCGGATGTN	29357891_199	29357891	199	2025-08-22 10:24:01	puhti	COMPLETED	21	0:0	mariaosm	mariaosm	NA	1	1	NA	10485760	3208	3-00:00:00	21	NA
3200	SPDEF_HT-SELEX_TCACAT40NATG_KX_NAMCCGGATGTN_1_3	NAMCCGGATGTN	29357891_200	29357891	200	2025-08-22 10:24:01	puhti	COMPLETED	21	0:0	mariaosm	mariaosm	NA	1	1	NA	10485760	3270	3-00:00:00	21	NA
3201	TFAP2E_HT-SELEX_TCAAAC40NAAC_KW_NGCCNNNGGCN_1_2	NGCCNNNGGCN	29357964_201	29357964	201	2025-08-22 10:24:38	puhti	COMPLETED	74	0:0	mariaosm	mariaosm	NA	1	1	01:11.642	10485760	6064	3-00:00:00	74	NA
3202	TFAP2E_HT-SELEX_TCAAAC40NAAC_KW_TGCCCNNNGGCN_1_2	TGCCCNNNGGCN	29357964_202	29357964	202	2025-08-22 10:24:38	puhti	COMPLETED	37	0:0	mariaosm	mariaosm	NA	1	1	NA	10485760	5736	3-00:00:00	37	NA
3203	TFAP2B_HT-SELEX_TGAGTT40NCGG_KP_NGCCNNNGGCN_1_2	NGCCNNNGGCN	29357964_203	29357964	203	2025-08-22 10:24:38	puhti	COMPLETED	73	0:0	mariaosm	mariaosm	NA	1	1	01:11.784	10485760	5753	3-00:00:00	73	NA
3204	TFAP2A_HT-SELEX_TCGTCA40NCTA_KX_NSCCYNRGGSN_1_2	NSCCYNRGGSN	29357964_204	29357964	204	2025-08-22 10:24:38	puhti	COMPLETED	71	0:0	mariaosm	mariaosm	NA	1	1	01:09.878	10485760	5733	3-00:00:00	71	NA
3205	TFAP2C_HT-SELEX_TGAGCT40NGCA_KP_NGCCYNMGGCN_1_4b0	NGCCYNMGGCN	29357964_205	29357964	205	2025-08-22 10:24:38	puhti	COMPLETED	38	0:0	mariaosm	mariaosm	NA	1	1	NA	10485760	5737	3-00:00:00	38	NA
3206	GRHL1_HT-SELEX_TGCTCC40NCCG_KS_NAACCGGTTN_1_3	NAACCGGTTN	29357964_206	29357964	206	2025-08-22 10:24:38	puhti	COMPLETED	16	0:0	mariaosm	mariaosm	NA	1	1	NA	10485760	3274	3-00:00:00	16	NA
3207	TFCP2_HT-SELEX_TTAGTA40NCTC_KT_AWCCGGWTNNAWCCGGWT_2_4	AWCCGGWTNNAWCCGGWT	29357964_207	29357964	207	2025-08-22 10:24:38	puhti	COMPLETED	43	0:0	mariaosm	mariaosm	NA	1	1	NA	10485760	5773	3-00:00:00	43	NA
3208	TFCP2_HT-SELEX_TGCTCT40NTTA_KX_AWCCGGWTNNAWCCGGWT_2_4	AWCCGGWTNNAWCCGGWT	29357964_208	29357964	208	2025-08-22 10:24:38	puhti	COMPLETED	43	0:0	mariaosm	mariaosm	NA	1	1	NA	10485760	5770	3-00:00:00	43	NA
3209	UBP1_HT-SELEX_TGGCCT40NTAT_KT_NNCCGGNNNNNNCCGGNN_2_4	NNCCGGNNNNNNCCGGNN	29357964_209	29357964	209	2025-08-22 10:24:38	puhti	CANCELLED	259224	0:0	mariaosm	mariaosm	NA	1	1	NA	10485760	6027	3-00:00:00	259227	3-00:00:24
3210	TFCP2L1_HT-SELEX_TGCAGC40NATT_KT_NCCGGNNNNNNCCGGN_2_4	NCCGGNNNNNNCCGGN	29357964_210	29357964	210	2025-08-22 10:24:38	puhti	COMPLETED	6493	0:0	mariaosm	mariaosm	NA	1	1	01:47:32	10485760	5807	3-00:00:00	6493	01:48:12
3211	YBX1_HT-SELEX_TTGCTC40NGAA_KR_YGTWCCAYC_1_4	YGTWCCAYC	29357964_211	29357964	211	2025-08-22 10:24:38	puhti	COMPLETED	16	0:0	mariaosm	mariaosm	NA	1	1	NA	10485760	3276	3-00:00:00	16	NA
3212	ONECUT3_HT-SELEX_TCCGGG40NCTC_KP_NYATCGATYN_1_2	NYATCGATYN	29357964_212	29357964	212	2025-08-22 10:24:38	puhti	COMPLETED	21	0:0	mariaosm	mariaosm	NA	1	1	NA	10485760	3276	3-00:00:00	21	NA
3213	ONECUT2_HT-SELEX_TGCAGC40NATT_KP_NTATCGATYN_1_2b0	NTATCGATYN	29357964_213	29357964	213	2025-08-22 10:24:38	puhti	COMPLETED	20	0:0	mariaosm	mariaosm	NA	1	1	NA	10485760	3274	3-00:00:00	20	NA
3214	ONECUT2_HT-SELEX_TAACTC40NGTC_KZ_NTATCGATTTN_1_2	NTATCGATTTN	29357964_214	29357964	214	2025-08-22 10:24:38	puhti	COMPLETED	18	0:0	mariaosm	mariaosm	NA	1	1	NA	10485760	3276	3-00:00:00	18	NA
3215	ONECUT2_HT-SELEX_TAACTC40NGTC_KZ_NTATCGATCGRN_1_3	NTATCGATCGRN	29357964_215	29357964	215	2025-08-22 10:24:38	puhti	COMPLETED	21	0:0	mariaosm	mariaosm	NA	1	1	NA	10485760	3274	3-00:00:00	21	NA
3216	ONECUT1_HT-SELEX_TTAGTA40NCTC_KP_NYATCGATYN_1_2	NYATCGATYN	29357964_216	29357964	216	2025-08-22 10:24:38	puhti	COMPLETED	23	0:0	mariaosm	mariaosm	NA	1	1	NA	10485760	3268	3-00:00:00	23	NA
3217	ONECUT1_HT-SELEX_TCAGGG40NGCA_KW_NTATCGATCGNN_1_4	NTATCGATCGNN	29357964_217	29357964	217	2025-08-22 10:24:38	puhti	COMPLETED	25	0:0	mariaosm	mariaosm	NA	1	1	NA	10485760	3276	3-00:00:00	25	NA
3218	CUX1_HT-SELEX_TTAGCG40NAGA_KP_NYATYGATYN_1_3	NYATYGATYN	29357964_218	29357964	218	2025-08-22 10:24:38	puhti	COMPLETED	29	0:0	mariaosm	mariaosm	NA	1	1	NA	10485760	3210	3-00:00:00	29	NA
3219	CUX2_HT-SELEX_TCCACC40NTTA_KP_NTGATCGATYRN_1_3	NTGATCGATYRN	29357964_219	29357964	219	2025-08-22 10:24:38	puhti	COMPLETED	24	0:0	mariaosm	mariaosm	NA	1	1	NA	10485760	3276	3-00:00:00	24	NA
3220	DMRTA1_HT-SELEX_TCAGGG40NGCA_KZ_WWTTGWTACATT_1_3	WWTTGWTACATT	29357964_220	29357964	220	2025-08-22 10:24:38	puhti	COMPLETED	17	0:0	mariaosm	mariaosm	NA	1	1	NA	10485760	3276	3-00:00:00	17	NA
3221	DMRTA2_HT-SELEX_TGGTGG40NTAA_KP_NNTTGWTACATT_1_4	NNTTGWTACATT	29357964_221	29357964	221	2025-08-22 10:24:38	puhti	COMPLETED	20	0:0	mariaosm	mariaosm	NA	1	1	NA	10485760	3276	3-00:00:00	20	NA
3222	DMRT1_HT-SELEX_TCTCCT40NCCT_KV_NNTYGNTACATN_1_3	NNTYGNTACATN	29357964_222	29357964	222	2025-08-22 10:24:38	puhti	COMPLETED	76	0:0	mariaosm	mariaosm	NA	1	1	01:14.178	10485760	5764	3-00:00:00	76	NA
3223	DMRT3_HT-SELEX_TCTAGG40NCTG_KP_NWWTTGNTACATT_1_2	NWWTTGNTACATT	29357964_223	29357964	223	2025-08-22 10:24:38	puhti	COMPLETED	25	0:0	mariaosm	mariaosm	NA	1	1	NA	10485760	3274	3-00:00:00	25	NA
3224	DMRTC2_HT-SELEX_TCACAT40NATG_KS_WWTTGNTACATN_1_3	WWTTGNTACATN	29357964_224	29357964	224	2025-08-22 10:24:38	puhti	COMPLETED	25	0:0	mariaosm	mariaosm	NA	1	1	NA	10485760	3276	3-00:00:00	25	NA
3225	DMRTC2_HT-SELEX_TCACAT40NATG_KS_RAACGATACA_1_4	RAACGATACA	29357964_225	29357964	225	2025-08-22 10:24:38	puhti	COMPLETED	17	0:0	mariaosm	mariaosm	NA	1	1	NA	10485760	3214	3-00:00:00	17	NA
3226	DMRTC2_HT-SELEX_TCGTTC40NATA_KAE_WWTTGNTACATN_1_2	WWTTGNTACATN	29357964_226	29357964	226	2025-08-22 10:24:38	puhti	COMPLETED	22	0:0	mariaosm	mariaosm	NA	1	1	NA	10485760	3272	3-00:00:00	22	NA
3227	DMRTC2_HT-SELEX_TCGTTC40NATA_KAE_GAACGATACA_1_4	GAACGATACA	29357964_227	29357964	227	2025-08-22 10:24:38	puhti	COMPLETED	26	0:0	mariaosm	mariaosm	NA	1	1	NA	10485760	3208	3-00:00:00	26	NA
3228	E2F3_HT-SELEX_TTGTCT40NGCT_KN_NTTTTGGCGCCAAAAN_2_3	NTTTTGGCGCCAAAAN	29357964_228	29357964	228	2025-08-22 10:24:38	puhti	COMPLETED	16	0:0	mariaosm	mariaosm	NA	1	1	NA	10485760	3270	3-00:00:00	16	NA
3229	E2F2_HT-SELEX_TTCAAG40NGCC_KV_NWTTTGGCGCCAWWWN_2_4	NWTTTGGCGCCAWWWN	29357964_229	29357964	229	2025-08-22 10:24:38	puhti	COMPLETED	47	0:0	mariaosm	mariaosm	NA	1	1	NA	10485760	6285	3-00:00:00	47	NA
3230	E2F2_HT-SELEX_TTCAAG40NGCC_KV_GCGCGCGCGYW_1_3b0	GCGCGCGCGYW	29357964_230	29357964	230	2025-08-22 10:24:38	puhti	COMPLETED	15	0:0	mariaosm	mariaosm	NA	1	1	NA	10485760	3206	3-00:00:00	15	NA
3231	E2F1_HT-SELEX_TTCGCC40NGAC_KW_NWTTTGGCGCCAWWWN_2_4	NWTTTGGCGCCAWWWN	29357964_231	29357964	231	2025-08-22 10:24:38	puhti	COMPLETED	47	0:0	mariaosm	mariaosm	NA	1	1	NA	10485760	6291	3-00:00:00	47	NA
3232	E2F4_HT-SELEX_TCAGGG40NGCA_KO_WTTTGGCGCCAWWW_2_3	WTTTGGCGCCAWWW	29357964_232	29357964	232	2025-08-22 10:24:38	puhti	COMPLETED	17	0:0	mariaosm	mariaosm	NA	1	1	NA	10485760	3270	3-00:00:00	17	NA
3233	E2F8_HT-SELEX_TCCATC40NTGA_KP_NTTTCCCGCCAAAN_1_2	NTTTCCCGCCAAAN	29357964_233	29357964	233	2025-08-22 10:24:38	puhti	COMPLETED	16	0:0	mariaosm	mariaosm	NA	1	1	NA	10485760	3208	3-00:00:00	16	NA
3234	E2F7_HT-SELEX_TACGAA40NAGA_KP_NTTTCCCGCCAAAN_2_3	NTTTCCCGCCAAAN	29357964_234	29357964	234	2025-08-22 10:24:38	puhti	COMPLETED	18	0:0	mariaosm	mariaosm	NA	1	1	NA	10485760	3268	3-00:00:00	18	NA
3235	FOXN2_HT-SELEX_TGTCAG40NGAC_KV_NNGCGTSNNNNNSACGCNN_1_4b0	NNGCGTSNNNNNSACGCNN	29357964_235	29357964	235	2025-08-22 10:24:38	puhti	CANCELLED	259224	0:0	mariaosm	mariaosm	NA	1	1	NA	10485760	7036	3-00:00:00	259228	3-00:00:24
3236	FOXR2_HT-SELEX_TTAGAG40NCGG_KX_NYRTAWACATAAATNNN_1_4	NYRTAWACATAAATNNN	29357964_236	29357964	236	2025-08-22 10:24:38	puhti	COMPLETED	366	0:0	mariaosm	mariaosm	NA	1	1	06:01.957	10485760	6377	3-00:00:00	366	NA
3237	FOXO3_HT-SELEX_TCCGGG40NCTC_KR_NTCCCCACACN_1_4	NTCCCCACACN	29357964_237	29357964	237	2025-08-22 10:24:38	puhti	COMPLETED	28	0:0	mariaosm	mariaosm	NA	1	1	NA	10485760	3270	3-00:00:00	28	NA
3238	FOXO4_HT-SELEX_TTCGAG40NGCG_KT_NYGTAAACAN_1_2	NYGTAAACAN	29357964_238	29357964	238	2025-08-22 10:24:38	puhti	COMPLETED	30	0:0	mariaosm	mariaosm	NA	1	1	NA	10485760	3272	3-00:00:00	30	NA
3239	FOXQ1_HT-SELEX_TGCACG40NTTG_KO_NTAYRTAAACAN_1_3b0	NTAYRTAAACAN	29357964_239	29357964	239	2025-08-22 10:24:38	puhti	COMPLETED	34	0:0	mariaosm	mariaosm	NA	1	1	NA	10485760	5942	3-00:00:00	34	NA
3240	FOXD2_HT-SELEX_TCGCCG40NTGC_KO_NYWANGTAAACAN_1_4	NYWANGTAAACAN	29357964_240	29357964	240	2025-08-22 10:24:38	puhti	COMPLETED	58	0:0	mariaosm	mariaosm	NA	1	1	NA	10485760	5943	3-00:00:00	58	NA
3241	FOXD2_HT-SELEX_TCGCCG40NTGC_KO_NAACAATAAYAWWN_1_4	NAACAATAAYAWWN	29357964_241	29357964	241	2025-08-22 10:24:38	puhti	COMPLETED	43	0:0	mariaosm	mariaosm	NA	1	1	NA	10485760	5923	3-00:00:00	43	NA
3242	FOXD3_HT-SELEX_TTGCTT40NCCA_KO_NYWAYRTAAACN_1_4b0	NYWAYRTAAACN	29357964_242	29357964	242	2025-08-22 10:24:38	puhti	COMPLETED	55	0:0	mariaosm	mariaosm	NA	1	1	NA	10485760	5939	3-00:00:00	55	NA
3243	FOXE1_HT-SELEX_TATATA40NGCT_KO_NSYTAAAYAAACAWN_1_4	NSYTAAAYAAACAWN	29357964_243	29357964	243	2025-08-22 10:24:38	puhti	COMPLETED	62	0:0	mariaosm	mariaosm	NA	1	1	NA	10485760	6163	3-00:00:00	62	NA
3244	FOXC2_HT-SELEX_TCAGAA40NAGG_KO_NWANRTAAACAN_1_4	NWANRTAAACAN	29357964_244	29357964	244	2025-08-22 10:24:38	puhti	COMPLETED	38	0:0	mariaosm	mariaosm	NA	1	1	NA	10485760	5748	3-00:00:00	38	NA
3245	FOXC2_HT-SELEX_TCAGAA40NAGG_KO_NYAAAYAAACAN_1_4	NYAAAYAAACAN	29357964_245	29357964	245	2025-08-22 10:24:38	puhti	COMPLETED	32	0:0	mariaosm	mariaosm	NA	1	1	NA	10485760	5744	3-00:00:00	32	NA
3246	FOXB1_HT-SELEX_TGCCAA40NTAG_KO_NWNWGTMAATATTRACWYWN_2_3	NWNWGTMAATATTRACWYWN	29357964_246	29357964	246	2025-08-22 10:24:38	puhti	COMPLETED	1603	0:0	mariaosm	mariaosm	NA	1	1	26:23.516	10485760	5781	3-00:00:00	1603	NA
3247	FOXA2_HT-SELEX_TAGCTG40NCTA_KT_NWNWGTMAATATTKRYNYWN_2_4	NWNWGTMAATATTKRYNYWN	29357964_247	29357964	247	2025-08-22 10:24:38	puhti	COMPLETED	17026	0:0	mariaosm	mariaosm	NA	1	1	04:42:07	10485760	5744	3-00:00:00	17026	04:43:45
3248	FOXA1_HT-SELEX_TTCTAA40NAAT_KN_NWRTGTAMAYAN_1_4	NWRTGTAMAYAN	29357964_248	29357964	248	2025-08-22 10:24:38	puhti	COMPLETED	37	0:0	mariaosm	mariaosm	NA	1	1	NA	10485760	5750	3-00:00:00	37	NA
3249	FOXA1_HT-SELEX_TAGCGT40NTCA_KX_NMYTAWGTAAACAAAN_2_3	NMYTAWGTAAACAAAN	29357964_249	29357964	249	2025-08-22 10:24:38	puhti	COMPLETED	33	0:0	mariaosm	mariaosm	NA	1	1	NA	10485760	5754	3-00:00:00	33	NA
3250	FOXA1_HT-SELEX_TAGCGT40NTCA_KX_NWRWGTMAATATTKRYNYWN_2_3	NWRWGTMAATATTKRYNYWN	29357964_250	29357964	250	2025-08-22 10:24:38	puhti	COMPLETED	6014	0:0	mariaosm	mariaosm	NA	1	1	01:39:29	10485760	5790	3-00:00:00	6014	01:40:13
3251	FOXA3_HT-SELEX_TGTGGT40NGGC_KX_NSYTAWGTAAACAAAN_2_3	NSYTAWGTAAACAAAN	29357964_251	29357964	251	2025-08-22 10:24:38	puhti	COMPLETED	40	0:0	mariaosm	mariaosm	NA	1	1	NA	10485760	5720	3-00:00:00	40	NA
3252	FOXA3_HT-SELEX_TGTGGT40NGGC_KX_NWNWGTMAATATTKRYNYWN_2_3	NWNWGTMAATATTKRYNYWN	29357964_252	29357964	252	2025-08-22 10:24:38	puhti	COMPLETED	16035	0:0	mariaosm	mariaosm	NA	1	1	04:25:29	10485760	6082	3-00:00:00	16035	04:27:14
3253	FOXG1_HT-SELEX_TGGTCA40NGTG_KS_NAYRYAAACAN_1_4	NAYRYAAACAN	29357964_253	29357964	253	2025-08-22 10:24:38	puhti	COMPLETED	31	0:0	mariaosm	mariaosm	NA	1	1	NA	10485760	3274	3-00:00:00	31	NA
3254	FOXL2_HT-SELEX_TTCAGG40NTGC_KW_NAYRTMAACAN_1_4	NAYRTMAACAN	29357964_254	29357964	254	2025-08-22 10:24:38	puhti	COMPLETED	31	0:0	mariaosm	mariaosm	NA	1	1	NA	10485760	5721	3-00:00:00	31	NA
3255	FOXI1_HT-SELEX_TAGCAA40NCGA_KP_NWWNYGTAAACAN_1_2	NWWNYGTAAACAN	29357964_255	29357964	255	2025-08-22 10:24:38	puhti	COMPLETED	83	0:0	mariaosm	mariaosm	NA	1	1	01:20.431	10485760	5736	3-00:00:00	83	NA
3256	FOXI1_HT-SELEX_TGCGAG40NTTC_KW_NANGTAAACAAN_1_3b0	NANGTAAACAAN	29357964_256	29357964	256	2025-08-22 10:24:38	puhti	COMPLETED	26	0:0	mariaosm	mariaosm	NA	1	1	NA	10485760	3272	3-00:00:00	26	NA
3257	FOXJ2_HT-SELEX_TATGCT40NACT_KR_NWWGTTGTAAAYAN_2_2	NWWGTTGTAAAYAN	29357964_257	29357964	257	2025-08-22 10:24:38	puhti	COMPLETED	37	0:0	mariaosm	mariaosm	NA	1	1	NA	10485760	5762	3-00:00:00	37	NA
3258	FOXJ3_HT-SELEX_TACATC40NATA_KW_NYGTAAACAN_1_4	NYGTAAACAN	29357964_258	29357964	258	2025-08-22 10:24:38	puhti	COMPLETED	20	0:0	mariaosm	mariaosm	NA	1	1	NA	10485760	3274	3-00:00:00	20	NA
3259	FOXK1_HT-SELEX_TACCGA40NATA_KO_NWYGTAAAYAN_1_2b0	NWYGTAAAYAN	29357964_259	29357964	259	2025-08-22 10:24:38	puhti	COMPLETED	31	0:0	mariaosm	mariaosm	NA	1	1	NA	10485760	3278	3-00:00:00	31	NA
3260	FOXP1_HT-SELEX_TACCCT40NTTA_KT_NTGTTTRNNNNNNNNNNNNNNNNWCAACAN_1_4	NTGTTTRNNNNNNNNNNNNNNNNWCAACAN	29357964_260	29357964	260	2025-08-22 10:24:38	puhti	COMPLETED	197163	0:0	mariaosm	mariaosm	NA	1	1	NA	10485760	6026	3-00:00:00	197163	2-06:46:03
3261	FOXP3_HT-SELEX_TTACGA40NTCC_KAE_NAWTTGTAYGACAAATN_2_4	NAWTTGTAYGACAAATN	29357964_261	29357964	261	2025-08-22 10:24:38	puhti	COMPLETED	29	0:0	mariaosm	mariaosm	NA	1	1	NA	10485760	3274	3-00:00:00	29	NA
3262	GCM1_HT-SELEX_TTCGTC40NCGT_KP_RTGCGGGTN_1_3	RTGCGGGTN	29357964_262	29357964	262	2025-08-22 10:24:38	puhti	COMPLETED	17	0:0	mariaosm	mariaosm	NA	1	1	NA	10485760	3278	3-00:00:00	17	NA
3263	GCM2_HT-SELEX_TGTTTC40NTTA_KAF_RTGCGGGTN_1_3	RTGCGGGTN	29357964_263	29357964	263	2025-08-22 10:24:38	puhti	COMPLETED	16	0:0	mariaosm	mariaosm	NA	1	1	NA	10485760	3210	3-00:00:00	16	NA
3264	BBX_HT-SELEX_TGGACT40NAAT_KS_TGAWCNNNGWTCA_1_4	TGAWCNNNGWTCA	29357964_264	29357964	264	2025-08-22 10:24:38	puhti	COMPLETED	60	0:0	mariaosm	mariaosm	NA	1	1	NA	10485760	5865	3-00:00:00	60	NA
3265	TCF7_HT-SELEX_TCGGAC40NCCA_KS_ASATCAAAS_1_4	ASATCAAAS	29357964_265	29357964	265	2025-08-22 10:24:38	puhti	COMPLETED	14	0:0	mariaosm	mariaosm	NA	1	1	NA	10485760	3206	3-00:00:00	14	NA
3266	TCF7_HT-SELEX_TCGGAC40NCCA_KS_WCATCGRGRCGCTGW_2_4	WCATCGRGRCGCTGW	29357964_266	29357964	266	2025-08-22 10:24:38	puhti	COMPLETED	26	0:0	mariaosm	mariaosm	NA	1	1	NA	10485760	3272	3-00:00:00	26	NA
3267	LEF1_HT-SELEX_TGCACG40NTTG_KT_ASATCAAAS_1_3	ASATCAAAS	29357964_267	29357964	267	2025-08-22 10:24:38	puhti	COMPLETED	23	0:0	mariaosm	mariaosm	NA	1	1	NA	10485760	3208	3-00:00:00	23	NA
3268	LEF1_HT-SELEX_TGCACG40NTTG_KT_WCATCGRGRCGCTGW_2_4	WCATCGRGRCGCTGW	29357964_268	29357964	268	2025-08-22 10:24:38	puhti	COMPLETED	26	0:0	mariaosm	mariaosm	NA	1	1	NA	10485760	3272	3-00:00:00	26	NA
3269	LEF1_HT-SELEX_TTGTTA40NGGT_KZ_WCATCGRGRCGCTGW_2_3	WCATCGRGRCGCTGW	29357964_269	29357964	269	2025-08-22 10:24:38	puhti	COMPLETED	26	0:0	mariaosm	mariaosm	NA	1	1	NA	10485760	3208	3-00:00:00	26	NA
3270	LEF1_HT-SELEX_TTGTTA40NGGT_KZ_ASATCAAAS_1_3	ASATCAAAS	29357964_270	29357964	270	2025-08-22 10:24:38	puhti	COMPLETED	15	0:0	mariaosm	mariaosm	NA	1	1	NA	10485760	3270	3-00:00:00	15	NA
3271	TCF7L1_HT-SELEX_TAAGGG40NACC_KW_WCATCGRGRCGCTGW_2_3	WCATCGRGRCGCTGW	29357964_271	29357964	271	2025-08-22 10:24:38	puhti	COMPLETED	17	0:0	mariaosm	mariaosm	NA	1	1	NA	10485760	3268	3-00:00:00	17	NA
3272	TCF7L1_HT-SELEX_TAAGGG40NACC_KW_ASATCAAAS_1_2	ASATCAAAS	29357964_272	29357964	272	2025-08-22 10:24:38	puhti	COMPLETED	15	0:0	mariaosm	mariaosm	NA	1	1	NA	10485760	3272	3-00:00:00	15	NA
3273	SOX3_HT-SELEX_TGAGGA40NTTG_KW_NGAACAATGN_1_4	NGAACAATGN	29357964_273	29357964	273	2025-08-22 10:24:38	puhti	COMPLETED	17	0:0	mariaosm	mariaosm	NA	1	1	NA	10485760	3268	3-00:00:00	17	NA
3274	SOX14_HT-SELEX_TGTGAT40NGCA_KO_NGAACAATGN_1_3	NGAACAATGN	29357964_274	29357964	274	2025-08-22 10:24:38	puhti	COMPLETED	17	0:0	mariaosm	mariaosm	NA	1	1	NA	10485760	3270	3-00:00:00	17	NA
3275	SOX14_HT-SELEX_TTGAGA40NATG_KAE_CCGAACAATN_1_2	CCGAACAATN	29357964_275	29357964	275	2025-08-22 10:24:38	puhti	COMPLETED	15	0:0	mariaosm	mariaosm	NA	1	1	NA	10485760	3206	3-00:00:00	15	NA
3276	SOX18_HT-SELEX_TCACGC40NACT_KP_NACAATGN_1_4	NACAATGN	29357964_276	29357964	276	2025-08-22 10:24:38	puhti	COMPLETED	17	0:0	mariaosm	mariaosm	NA	1	1	NA	10485760	3268	3-00:00:00	17	NA
3277	SOX7_HT-SELEX_TCTGGG40NCTG_KR_ACAATNNNATTGT_1_2	ACAATNNNATTGT	29357964_277	29357964	277	2025-08-22 10:24:38	puhti	COMPLETED	22	0:0	mariaosm	mariaosm	NA	1	1	NA	10485760	3272	3-00:00:00	22	NA
3278	SOX9_HT-SELEX_TGCTCC40NCCG_KR_MGAACAATRN_1_3b0	MGAACAATRN	29357964_278	29357964	278	2025-08-22 10:24:38	puhti	COMPLETED	18	0:0	mariaosm	mariaosm	NA	1	1	NA	10485760	3270	3-00:00:00	18	NA
3279	SOX8_HT-SELEX_TCGTCA40NCTA_KO_AGAACAATGN_1_2	AGAACAATGN	29357964_279	29357964	279	2025-08-22 10:24:38	puhti	COMPLETED	17	0:0	mariaosm	mariaosm	NA	1	1	NA	10485760	3270	3-00:00:00	17	NA
3280	SOX8_HT-SELEX_TCGGCT40NTAA_KW_ACAATNNNNNNATTGT_1_3	ACAATNNNNNNATTGT	29357964_280	29357964	280	2025-08-22 10:24:38	puhti	COMPLETED	484	0:0	mariaosm	mariaosm	NA	1	1	07:58.632	10485760	6169	3-00:00:00	484	NA
3281	SOX10_HT-SELEX_TCCTCA40NAAC_KS_AACAATNNNNNATTGTT_1_4	AACAATNNNNNATTGTT	29357964_281	29357964	281	2025-08-22 10:24:38	puhti	COMPLETED	154	0:0	mariaosm	mariaosm	NA	1	1	02:23.675	10485760	5848	3-00:00:00	154	NA
3282	SOX10_HT-SELEX_TTGCCA40NGTG_KAF_AACAATNNNNNNATTGTT_1_3	AACAATNNNNNNATTGTT	29357964_282	29357964	282	2025-08-22 10:24:38	puhti	COMPLETED	542	0:0	mariaosm	mariaosm	NA	1	1	08:48.887	10485760	5876	3-00:00:00	542	NA
3283	SOX12_HT-SELEX_TTACTA40NAGG_KO_ACCGAACAATN_1_2	ACCGAACAATN	29357964_283	29357964	283	2025-08-22 10:24:38	puhti	COMPLETED	16	0:0	mariaosm	mariaosm	NA	1	1	NA	10485760	3270	3-00:00:00	16	NA
3284	SOX4_HT-SELEX_TTGTTA40NGGT_KO_GAACAAAGRN_1_2	GAACAAAGRN	29357964_284	29357964	284	2025-08-22 10:24:38	puhti	COMPLETED	16	0:0	mariaosm	mariaosm	NA	1	1	NA	10485760	3270	3-00:00:00	16	NA
3285	SOX30_HT-SELEX_TAAGTC40NCGT_KS_GAACAATN_1_3	GAACAATN	29357964_285	29357964	285	2025-08-22 10:24:38	puhti	COMPLETED	16	0:0	mariaosm	mariaosm	NA	1	1	NA	10485760	3204	3-00:00:00	16	NA
3286	HSF5_HT-SELEX_TATGCT40NACT_KT_YNGAANNNNNNNNNNNNNAACRTTCNR_1_4	YNGAANNNNNNNNNNNNNAACRTTCNR	29357964_286	29357964	286	2025-08-22 10:24:38	puhti	CANCELLED	259213	0:0	mariaosm	mariaosm	NA	1	1	NA	10485760	9571023	3-00:00:00	259226	3-00:00:13
3287	HSF5_HT-SELEX_TATGCT40NACT_KT_NRCGTTCTAGAAYGYN_2_4	NRCGTTCTAGAAYGYN	29357964_287	29357964	287	2025-08-22 10:24:38	puhti	COMPLETED	64	0:0	mariaosm	mariaosm	NA	1	1	NA	10485760	761877	3-00:00:00	64	NA
3288	HSFY1_HT-SELEX_TACGGT40NTAC_KS_NCRTTCGAAWCRTTCGAWN_2_3	NCRTTCGAAWCRTTCGAWN	29357964_288	29357964	288	2025-08-22 10:24:38	puhti	COMPLETED	57	0:0	mariaosm	mariaosm	NA	1	1	NA	10485760	6073	3-00:00:00	57	NA
3289	HSFY1_HT-SELEX_TACGGT40NTAC_KS_NTTCGAANNNTTCGAAN_1_3	NTTCGAANNNTTCGAAN	29357964_289	29357964	289	2025-08-22 10:24:38	puhti	COMPLETED	113	0:0	mariaosm	mariaosm	NA	1	1	01:50.876	10485760	5755	3-00:00:00	113	NA
3290	HSFY2_HT-SELEX_TTGGGC40NGGC_KP_NCRTTCGAAWCRTTCGAWN_2_3	NCRTTCGAAWCRTTCGAWN	29357964_290	29357964	290	2025-08-22 10:24:38	puhti	COMPLETED	56	0:0	mariaosm	mariaosm	NA	1	1	NA	10485760	5740	3-00:00:00	56	NA
3291	HSFY2_HT-SELEX_TTGGGC40NGGC_KP_NTTCGAANNNTTCGAAN_1_3	NTTCGAANNNTTCGAAN	29357964_291	29357964	291	2025-08-22 10:24:38	puhti	COMPLETED	112	0:0	mariaosm	mariaosm	NA	1	1	01:49.964	10485760	5749	3-00:00:00	112	NA
3292	HSF1_HT-SELEX_TCTAAA40NCGC_KN_NGAANNTTCNNGAAN_1_3	NGAANNTTCNNGAAN	29357964_292	29357964	292	2025-08-22 10:24:38	puhti	COMPLETED	643	0:0	mariaosm	mariaosm	NA	1	1	10:25.022	10485760	5729	3-00:00:00	643	NA
3293	HSF1_HT-SELEX_TTTATT40NATC_KX_NGAANNTTCNNGAAN_1_3	NGAANNTTCNNGAAN	29357964_293	29357964	293	2025-08-22 10:24:38	puhti	COMPLETED	534	0:0	mariaosm	mariaosm	NA	1	1	08:48.553	10485760	5738	3-00:00:00	534	NA
3294	HSF4_HT-SELEX_TCAAGA40NCGC_KP_NGAANNTTCNNGAAN_1_3	NGAANNTTCNNGAAN	29357964_294	29357964	294	2025-08-22 10:24:38	puhti	COMPLETED	517	0:0	mariaosm	mariaosm	NA	1	1	08:32.295	10485760	5739	3-00:00:00	517	NA
3295	HSF2_HT-SELEX_TAGTTA40NGTG_KT_NGAANNTTCNNGAAN_1_3	NGAANNTTCNNGAAN	29357964_295	29357964	295	2025-08-22 10:24:38	puhti	COMPLETED	518	0:0	mariaosm	mariaosm	NA	1	1	08:32.407	10485760	5726	3-00:00:00	518	NA
3296	HSF2_HT-SELEX_TCAAAC40NAAC_KZ_NGAANNTTCNNGAAN_1_2	NGAANNTTCNNGAAN	29357964_296	29357964	296	2025-08-22 10:24:38	puhti	COMPLETED	522	0:0	mariaosm	mariaosm	NA	1	1	08:36.132	10485760	5736	3-00:00:00	522	NA
3297	IRF2_HT-SELEX_TACTAG40NGGA_KX_YGAAASYGAAAS_2_3	YGAAASYGAAAS	29357964_297	29357964	297	2025-08-22 10:24:38	puhti	COMPLETED	18	0:0	mariaosm	mariaosm	NA	1	1	NA	10485760	3208	3-00:00:00	18	NA
3298	IRF6_HT-SELEX_TAGTTA40NGTG_KS_RGTWTCGNNNNNNYGAWACY_2_3	RGTWTCGNNNNNNYGAWACY	29357964_298	29357964	298	2025-08-22 10:24:38	puhti	COMPLETED	30003	0:0	mariaosm	mariaosm	NA	1	1	08:16:50	10485760	6170	3-00:00:00	30003	08:20:03
3299	IRF6_HT-SELEX_TCGCCC40NCAT_KX_ACCGAWACY_1_4	ACCGAWACY	29357964_299	29357964	299	2025-08-22 10:24:38	puhti	COMPLETED	17	0:0	mariaosm	mariaosm	NA	1	1	NA	10485760	3272	3-00:00:00	17	NA
3300	IRF5_HT-SELEX_TCTATT40NCAT_KV_NYGAAACCGAAACY_1_2	NYGAAACCGAAACY	29357964_300	29357964	300	2025-08-22 10:24:38	puhti	COMPLETED	19	0:0	mariaosm	mariaosm	NA	1	1	NA	10485760	3272	3-00:00:00	19	NA
3301	IRF5_HT-SELEX_TAGACA40NGTC_KX_NYGAAACCGAAACY_1_3	NYGAAACCGAAACY	29357964_301	29357964	301	2025-08-22 10:24:38	puhti	COMPLETED	19	0:0	mariaosm	mariaosm	NA	1	1	NA	10485760	3214	3-00:00:00	19	NA
3302	IRF3_HT-SELEX_TACTGA40NACC_KS_NCNGTTTCSNSGAAACSGAAASN_2_3	NCNGTTTCSNSGAAACSGAAASN	29357964_302	29357964	302	2025-08-22 10:24:38	puhti	COMPLETED	1134	0:0	mariaosm	mariaosm	NA	1	1	18:43.483	10485760	5757	3-00:00:00	1134	NA
3303	IRF3_HT-SELEX_TAAGTC40NCGT_KV_NSGAAANSGAAASSGAAASN_2_4	NSGAAANSGAAASSGAAASN	29357964_303	29357964	303	2025-08-22 10:24:38	puhti	COMPLETED	469	0:0	mariaosm	mariaosm	NA	1	1	07:44.180	10485760	5743	3-00:00:00	469	NA
3304	IRF7_HT-SELEX_TACTGG40NGGA_KT_NYGAAANYGAAANYN_1_2	NYGAAANYGAAANYN	29357964_304	29357964	304	2025-08-22 10:24:38	puhti	COMPLETED	327	0:0	mariaosm	mariaosm	NA	1	1	05:22.504	10485760	5751	3-00:00:00	327	NA
3305	IRF9_HT-SELEX_TTCAGG40NTGC_KV_NYGAAASYGAAACYN_1_3	NYGAAASYGAAACYN	29357964_305	29357964	305	2025-08-22 10:24:38	puhti	COMPLETED	59	0:0	mariaosm	mariaosm	NA	1	1	NA	10485760	5739	3-00:00:00	60	NA
3306	IRF8_HT-SELEX_TTCAGG40NTGC_KO_NYGAAASYGAAASYN_1_4	NYGAAASYGAAASYN	29357964_306	29357964	306	2025-08-22 10:24:38	puhti	COMPLETED	98	0:0	mariaosm	mariaosm	NA	1	1	01:34.769	10485760	5740	3-00:00:00	98	NA
3307	IRF8_HT-SELEX_TAAAGT40NAGC_KW_NYGAAASYGAAASYN_1_3	NYGAAASYGAAASYN	29357964_307	29357964	307	2025-08-22 10:24:38	puhti	COMPLETED	87	0:0	mariaosm	mariaosm	NA	1	1	01:25.025	10485760	5843	3-00:00:00	87	NA
3308	IRF4_HT-SELEX_TGTAGA40NTGT_KX_NYGAAASYGAAASYN_1_3	NYGAAASYGAAASYN	29357964_308	29357964	308	2025-08-22 10:24:38	puhti	COMPLETED	78	0:0	mariaosm	mariaosm	NA	1	1	01:13.311	10485760	5903	3-00:00:00	78	NA
3309	SMAD5_HT-SELEX_TGTCTG40NAGG_KR_YGTCTAGACA_1_3	YGTCTAGACA	29357964_309	29357964	309	2025-08-22 10:24:38	puhti	COMPLETED	16	0:0	mariaosm	mariaosm	NA	1	1	NA	10485760	3272	3-00:00:00	16	NA
3310	SRF_HT-SELEX_TTCTGT40NAAC_KR_CCWTGTWNGG_1_4	CCWTGTWNGG	29357964_310	29357964	310	2025-08-22 10:24:38	puhti	COMPLETED	17	0:0	mariaosm	mariaosm	NA	1	1	NA	10485760	3206	3-00:00:00	17	NA
3311	MEF2C_HT-SELEX_TTAACA40NTGT_KX_CCWWATWWRG_1_3	CCWWATWWRG	29357964_311	29357964	311	2025-08-22 10:24:38	puhti	COMPLETED	18	0:0	mariaosm	mariaosm	NA	1	1	NA	10485760	3268	3-00:00:00	18	NA
3312	MEF2D_HT-SELEX_TCCAAG40NAAC_KW_CCWWATWWRG_1_3	CCWWATWWRG	29357964_312	29357964	312	2025-08-22 10:24:38	puhti	COMPLETED	19	0:0	mariaosm	mariaosm	NA	1	1	NA	10485760	3272	3-00:00:00	19	NA
3313	MEF2B_HT-SELEX_TGTGAT40NGCA_KV_CCWWATWWRG_1_3b0	CCWWATWWRG	29357964_313	29357964	313	2025-08-22 10:24:38	puhti	COMPLETED	19	0:0	mariaosm	mariaosm	NA	1	1	NA	10485760	3270	3-00:00:00	19	NA
3314	MEF2B_HT-SELEX_TTAGCA40NGGT_KW_TGTTACCATATNNGG_1_4	TGTTACCATATNNGG	29357964_314	29357964	314	2025-08-22 10:24:38	puhti	COMPLETED	19	0:0	mariaosm	mariaosm	NA	1	1	NA	10485760	3268	3-00:00:00	19	NA
3315	MEIS2_HT-SELEX_TTGGCC40NTCG_KT_TGACANNYGTCA_1_3	TGACANNYGTCA	29357964_315	29357964	315	2025-08-22 10:24:38	puhti	COMPLETED	18	0:0	mariaosm	mariaosm	NA	1	1	NA	10485760	3268	3-00:00:00	18	NA
3316	MEIS2_HT-SELEX_TCTACT40NACA_KAE_TGACANNTGTCA_1_3	TGACANNTGTCA	29357964_316	29357964	316	2025-08-22 10:24:38	puhti	COMPLETED	17	0:0	mariaosm	mariaosm	NA	1	1	NA	10485760	3270	3-00:00:00	17	NA
3317	MEIS3_HT-SELEX_TCTAGT40NAAC_KQ_TGACANNTGTCA_1_4	TGACANNTGTCA	29357964_317	29357964	317	2025-08-22 10:24:38	puhti	COMPLETED	17	0:0	mariaosm	mariaosm	NA	1	1	NA	10485760	3270	3-00:00:00	17	NA
3318	PKNOX1_HT-SELEX_TAGACC40NAGT_KR_TGACANNTGTCA_1_2	TGACANNTGTCA	29357964_318	29357964	318	2025-08-22 10:24:38	puhti	COMPLETED	17	0:0	mariaosm	mariaosm	NA	1	1	NA	10485760	3270	3-00:00:00	17	NA
3319	PKNOX1_HT-SELEX_TGAGTT40NCGG_KW_TGACANNTGTCA_1_3	TGACANNTGTCA	29357964_319	29357964	319	2025-08-22 10:24:38	puhti	COMPLETED	17	0:0	mariaosm	mariaosm	NA	1	1	NA	10485760	3206	3-00:00:00	17	NA
3320	PKNOX2_HT-SELEX_TCTTAT40NACA_KR_TGACANNTGTCA_1_3	TGACANNTGTCA	29357964_320	29357964	320	2025-08-22 10:24:38	puhti	COMPLETED	18	0:0	mariaosm	mariaosm	NA	1	1	NA	10485760	3206	3-00:00:00	18	NA
3321	TGIF1_HT-SELEX_TAACTC40NGTC_KP_TGACANNTGTCA_1_3	TGACANNTGTCA	29357964_321	29357964	321	2025-08-22 10:24:38	puhti	COMPLETED	18	0:0	mariaosm	mariaosm	NA	1	1	NA	10485760	3204	3-00:00:00	18	NA
3322	TGIF2_HT-SELEX_TTGCAA40NGTG_KO_TGACANNTGTCA_1_4	TGACANNTGTCA	29357964_322	29357964	322	2025-08-22 10:24:38	puhti	COMPLETED	16	0:0	mariaosm	mariaosm	NA	1	1	NA	10485760	3208	3-00:00:00	16	NA
3323	TGIF2_HT-SELEX_TCCTCG40NCAG_KZ_NTGACAGN_1_2	NTGACAGN	29357964_323	29357964	323	2025-08-22 10:24:38	puhti	COMPLETED	18	0:0	mariaosm	mariaosm	NA	1	1	NA	10485760	3272	3-00:00:00	18	NA
3324	TGIF2LY_HT-SELEX_TAAGGG40NACC_KT_TGACANNTGTCA_1_2	TGACANNTGTCA	29357964_324	29357964	324	2025-08-22 10:24:38	puhti	COMPLETED	18	0:0	mariaosm	mariaosm	NA	1	1	NA	10485760	3268	3-00:00:00	18	NA
3325	TGIF2LX_HT-SELEX_TACTGA40NACC_KO_TGACANNTGTCA_1_4	TGACANNTGTCA	29357964_325	29357964	325	2025-08-22 10:24:38	puhti	COMPLETED	18	0:0	mariaosm	mariaosm	NA	1	1	NA	10485760	3206	3-00:00:00	18	NA
3326	TGIF2LX_HT-SELEX_TCGCCC40NCAT_KW_TGACANNTGTCA_1_3	TGACANNTGTCA	29357964_326	29357964	326	2025-08-22 10:24:38	puhti	COMPLETED	19	0:0	mariaosm	mariaosm	NA	1	1	NA	10485760	3208	3-00:00:00	19	NA
3327	MYBL2_HT-SELEX_TTAGAG40NCGG_KR_NTAACSGTTRN_1_4	NTAACSGTTRN	29357964_327	29357964	327	2025-08-22 10:24:38	puhti	COMPLETED	22	0:0	mariaosm	mariaosm	NA	1	1	NA	10485760	3268	3-00:00:00	22	NA
3328	NFIB_HT-SELEX_TCTCCG40NCGC_KX_NTTGGCNNNNTGCCARN_1_3	NTTGGCNNNNTGCCARN	29357964_328	29357964	328	2025-08-22 10:24:38	puhti	COMPLETED	1301	0:0	mariaosm	mariaosm	NA	1	1	21:31.255	10485760	5903	3-00:00:00	1302	NA
3329	NFIC_HT-SELEX_TATTTG40NCCA_KX_NTTGGCNNNNTGCCARN_1_3	NTTGGCNNNNTGCCARN	29357964_329	29357964	329	2025-08-22 10:24:38	puhti	COMPLETED	1270	0:0	mariaosm	mariaosm	NA	1	1	21:00.957	10485760	5938	3-00:00:00	1270	NA
3330	NFIX_HT-SELEX_TTGAGC40NGTC_KAE_NTTGGCNNNNTGCCARN_1_4	NTTGGCNNNNTGCCARN	29357964_330	29357964	330	2025-08-22 10:24:38	puhti	COMPLETED	1297	0:0	mariaosm	mariaosm	NA	1	1	21:27.665	10485760	5959	3-00:00:00	1297	NA
3331	NR1I2_HT-SELEX_TACTGG40NGGA_KR_NYGAACYNNNYGAACYN_1_4	NYGAACYNNNYGAACYN	29357964_331	29357964	331	2025-08-22 10:24:38	puhti	COMPLETED	2584	0:0	mariaosm	mariaosm	NA	1	1	42:47.537	10485760	5953	3-00:00:00	2584	NA
3332	NR1I3_HT-SELEX_TGGCCA40NTTC_KAF_NTGAACTWW_1_3	NTGAACTWW	29357964_332	29357964	332	2025-08-22 10:24:38	puhti	COMPLETED	19	0:0	mariaosm	mariaosm	NA	1	1	NA	10485760	3270	3-00:00:00	19	NA
3333	NR2E1_HT-SELEX_TTCTGT40NAAC_KV_NAAAGTCAN_1_3	NAAAGTCAN	29357964_333	29357964	333	2025-08-22 10:24:38	puhti	COMPLETED	19	0:0	mariaosm	mariaosm	NA	1	1	NA	10485760	3206	3-00:00:00	19	NA
3334	NR2F1_HT-SELEX_TCTAAG40NTTA_KO_NRGGTCAAAGGTCAN_1_2	NRGGTCAAAGGTCAN	29357964_334	29357964	334	2025-08-22 10:24:38	puhti	COMPLETED	23	0:0	mariaosm	mariaosm	NA	1	1	NA	10485760	3206	3-00:00:00	23	NA
3335	NR2F1_HT-SELEX_TCTAAG40NTTA_KO_NRGGTCRNTGACCYN_1_2	NRGGTCRNTGACCYN	29357964_335	29357964	335	2025-08-22 10:24:38	puhti	COMPLETED	84	0:0	mariaosm	mariaosm	NA	1	1	01:20.876	10485760	5931	3-00:00:00	84	NA
3336	NR2F1_HT-SELEX_TAGAGC40NTAG_KW_NRGGTCAAAGGTCAN_1_4	NRGGTCAAAGGTCAN	29357964_336	29357964	336	2025-08-22 10:24:38	puhti	COMPLETED	23	0:0	mariaosm	mariaosm	NA	1	1	NA	10485760	3204	3-00:00:00	23	NA
3337	NR2F1_HT-SELEX_TAGAGC40NTAG_KW_NRGGTCRNTGACCYN_1_4	NRGGTCRNTGACCYN	29357964_337	29357964	337	2025-08-22 10:24:38	puhti	COMPLETED	65	0:0	mariaosm	mariaosm	NA	1	1	01:02.986	10485760	5781	3-00:00:00	65	NA
3338	NR2F6_HT-SELEX_TAGCAT40NAGG_KQ_NRGGTCRNTGACCYN_1_4	NRGGTCRNTGACCYN	29357964_338	29357964	338	2025-08-22 10:24:38	puhti	COMPLETED	67	0:0	mariaosm	mariaosm	NA	1	1	01:04.829	10485760	6243	3-00:00:00	67	NA
3339	NR2F6_HT-SELEX_TAGCAT40NAGG_KQ_NRGGTCAAAGGTCAN_1_4	NRGGTCAAAGGTCAN	29357964_339	29357964	339	2025-08-22 10:24:38	puhti	COMPLETED	18	0:0	mariaosm	mariaosm	NA	1	1	NA	10485760	6101	3-00:00:00	18	NA
3340	NR2F6_HT-SELEX_TGCCTC40NCAA_KV_NRGGTCRNTGACCYN_1_4	NRGGTCRNTGACCYN	29357964_340	29357964	340	2025-08-22 10:24:38	puhti	COMPLETED	81	0:0	mariaosm	mariaosm	NA	1	1	01:06.214	10485760	6125	3-00:00:00	81	NA
3341	NR2F6_HT-SELEX_TGCCTC40NCAA_KV_NRGGTCAAAGGTCAN_1_4	NRGGTCAAAGGTCAN	29357964_341	29357964	341	2025-08-22 10:24:38	puhti	COMPLETED	22	0:0	mariaosm	mariaosm	NA	1	1	NA	10485760	3276	3-00:00:00	22	NA
3342	HNF4A_HT-SELEX_TACCTT40NCGA_KO_NRGGTCAAAGGTCAN_1_3	NRGGTCAAAGGTCAN	29357964_342	29357964	342	2025-08-22 10:24:38	puhti	COMPLETED	22	0:0	mariaosm	mariaosm	NA	1	1	NA	10485760	3268	3-00:00:00	22	NA
3343	HNF4A_HT-SELEX_TACCTT40NCGA_KO_NRGGTCAAAGTCCRN_1_3	NRGGTCAAAGTCCRN	29357964_343	29357964	343	2025-08-22 10:24:38	puhti	COMPLETED	28	0:0	mariaosm	mariaosm	NA	1	1	NA	10485760	3276	3-00:00:00	28	NA
3344	HNF4A_HT-SELEX_TACCTT40NCGA_KO_NRGTCCAAAGTCCRN_1_3	NRGTCCAAAGTCCRN	29357964_344	29357964	344	2025-08-22 10:24:38	puhti	COMPLETED	28	0:0	mariaosm	mariaosm	NA	1	1	NA	10485760	3276	3-00:00:00	28	NA
3345	HNF4A_HT-SELEX_TACCTT40NCGA_KO_NRGTCCAAAGGTCRN_1_3	NRGTCCAAAGGTCRN	29357964_345	29357964	345	2025-08-22 10:24:38	puhti	COMPLETED	28	0:0	mariaosm	mariaosm	NA	1	1	NA	10485760	3210	3-00:00:00	28	NA
3346	NR2C1_HT-SELEX_TATTCA40NAGT_KT_NRRGGTCAN_1_4	NRRGGTCAN	29357964_346	29357964	346	2025-08-22 10:24:38	puhti	COMPLETED	40	0:0	mariaosm	mariaosm	NA	1	1	NA	10485760	5867	3-00:00:00	40	NA
3347	NR2C1_HT-SELEX_TATTCA40NAGT_KT_NRGGTCRYGACCYN_1_4	NRGGTCRYGACCYN	29357964_347	29357964	347	2025-08-22 10:24:38	puhti	COMPLETED	37	0:0	mariaosm	mariaosm	NA	1	1	NA	10485760	6303	3-00:00:00	37	NA
3348	NR2C2_HT-SELEX_40NATTAATTATTA_KAI_NRGGTCAN_1_3b0	NRGGTCAN	29357964_348	29357964	348	2025-08-22 10:24:38	puhti	COMPLETED	18	0:0	mariaosm	mariaosm	NA	1	1	NA	10485760	3268	3-00:00:00	18	NA
3349	NR4A1_HT-SELEX_TAGGCC40NTAT_KQ_NAAAGGTCAN_1_4	NAAAGGTCAN	29357964_349	29357964	349	2025-08-22 10:24:38	puhti	COMPLETED	18	0:0	mariaosm	mariaosm	NA	1	1	NA	10485760	3268	3-00:00:00	18	NA
3350	NR4A1_HT-SELEX_TATATG40NCTA_KR_NAAAGGTCAN_1_3	NAAAGGTCAN	29357964_350	29357964	350	2025-08-22 10:24:38	puhti	COMPLETED	18	0:0	mariaosm	mariaosm	NA	1	1	NA	10485760	3268	3-00:00:00	18	NA
3351	NR4A2_HT-SELEX_TGCTCC40NCCG_KT_NAAAGGTCRN_1_4	NAAAGGTCRN	29357964_351	29357964	351	2025-08-22 10:24:38	puhti	COMPLETED	19	0:0	mariaosm	mariaosm	NA	1	1	NA	10485760	3272	3-00:00:00	19	NA
3352	RXRA_HT-SELEX_TACCCA40NTGT_KO_NRGGTCAAAGGTCAN_1_3	NRGGTCAAAGGTCAN	29357964_352	29357964	352	2025-08-22 10:24:38	puhti	COMPLETED	21	0:0	mariaosm	mariaosm	NA	1	1	NA	10485760	3268	3-00:00:00	21	NA
3353	RXRG_HT-SELEX_TCTACG40NCTC_KV_NRGGTCAAAGGTCAN_1_4	NRGGTCAAAGGTCAN	29357964_353	29357964	353	2025-08-22 10:24:38	puhti	COMPLETED	20	0:0	mariaosm	mariaosm	NA	1	1	NA	10485760	5901	3-00:00:00	20	NA
3354	RXRG_HT-SELEX_TCTACG40NCTC_KV_NRGGTCAYGACCYN_1_4	NRGGTCAYGACCYN	29357964_354	29357964	354	2025-08-22 10:24:38	puhti	COMPLETED	29	0:0	mariaosm	mariaosm	NA	1	1	NA	10485760	5883	3-00:00:00	29	NA
3355	RXRB_HT-SELEX_TTCGTC40NCGT_KR_NRGGTCAAAGGTCAN_1_2	NRGGTCAAAGGTCAN	29357964_355	29357964	355	2025-08-22 10:24:38	puhti	COMPLETED	20	0:0	mariaosm	mariaosm	NA	1	1	NA	10485760	5898	3-00:00:00	20	NA
3356	RXRB_HT-SELEX_TTCGTC40NCGT_KR_NRGGTCRTGACCYN_1_2	NRGGTCRTGACCYN	29357964_356	29357964	356	2025-08-22 10:24:38	puhti	COMPLETED	29	0:0	mariaosm	mariaosm	NA	1	1	NA	10485760	5897	3-00:00:00	29	NA
3357	RORB_HT-SELEX_TTCGGG40NGAG_KS_NAWNTRGGTCANTRGGTCAN_2_4	NAWNTRGGTCANTRGGTCAN	29357964_357	29357964	357	2025-08-22 10:24:38	puhti	COMPLETED	388	0:0	mariaosm	mariaosm	NA	1	1	06:23.037	10485760	6138	3-00:00:00	388	NA
3358	RORB_HT-SELEX_TTCGGG40NGAG_KS_NAWNTRGGTCRTGACCYANWTN_2_4	NAWNTRGGTCRTGACCYANWTN	29357964_358	29357964	358	2025-08-22 10:24:38	puhti	COMPLETED	1357	0:0	mariaosm	mariaosm	NA	1	1	22:26.673	10485760	6286	3-00:00:00	1357	NA
3359	NR1D1_HT-SELEX_TCTCCA40NGGA_KR_NAWNTRGGTCANTRGGTCAN_1_3	NAWNTRGGTCANTRGGTCAN	29357964_359	29357964	359	2025-08-22 10:24:38	puhti	COMPLETED	387	0:0	mariaosm	mariaosm	NA	1	1	06:21.836	10485760	6140	3-00:00:00	387	NA
3360	NR1D2_HT-SELEX_TGAATT40NTAA_KR_NAWNTRGGTCANTRGGTCAN_1_2	NAWNTRGGTCANTRGGTCAN	29357964_360	29357964	360	2025-08-22 10:24:38	puhti	COMPLETED	383	0:0	mariaosm	mariaosm	NA	1	1	06:19.786	10485760	5913	3-00:00:00	383	NA
3361	RARA_HT-SELEX_TGAACC40NCCA_KS_NRGGTCANNRGGTCAN_1_4	NRGGTCANNRGGTCAN	29357964_361	29357964	361	2025-08-22 10:24:38	puhti	COMPLETED	154	0:0	mariaosm	mariaosm	NA	1	1	02:31.471	10485760	5924	3-00:00:00	154	NA
3362	RARA_HT-SELEX_TGAACC40NCCA_KS_NRGGTCRTGACCYN_1_4	NRGGTCRTGACCYN	29357964_362	29357964	362	2025-08-22 10:24:38	puhti	COMPLETED	33	0:0	mariaosm	mariaosm	NA	1	1	NA	10485760	5946	3-00:00:00	33	NA
3363	RARA_HT-SELEX_TGAACC40NCCA_KS_NRRGGTCANN_1_4	NRRGGTCANN	29357964_363	29357964	363	2025-08-22 10:24:38	puhti	COMPLETED	41	0:0	mariaosm	mariaosm	NA	1	1	NA	10485760	5943	3-00:00:00	41	NA
3364	RARB_HT-SELEX_TACATG40NTAG_KAF_NAAAGGTCAN_1_3	NAAAGGTCAN	29357964_364	29357964	364	2025-08-22 10:24:38	puhti	COMPLETED	19	0:0	mariaosm	mariaosm	NA	1	1	NA	10485760	5887	3-00:00:00	19	NA
3365	RARB_HT-SELEX_TACATG40NTAG_KAF_NRGGTCANNRGGTCAN_1_3	NRGGTCANNRGGTCAN	29357964_365	29357964	365	2025-08-22 10:24:38	puhti	COMPLETED	190	0:0	mariaosm	mariaosm	NA	1	1	03:06.159	10485760	5935	3-00:00:00	190	NA
3366	RARB_HT-SELEX_TACATG40NTAG_KAF_NRGGTCRTGACCYN_1_3	NRGGTCRTGACCYN	29357964_366	29357964	366	2025-08-22 10:24:38	puhti	COMPLETED	36	0:0	mariaosm	mariaosm	NA	1	1	NA	10485760	5857	3-00:00:00	36	NA
3367	RARG_HT-SELEX_TGAGAA40NGCG_KQ_NRGGTCAAAAGGTCAN_1_4	NRGGTCAAAAGGTCAN	29357964_367	29357964	367	2025-08-22 10:24:38	puhti	COMPLETED	25	0:0	mariaosm	mariaosm	NA	1	1	NA	10485760	5835	3-00:00:00	25	NA
3368	RARG_HT-SELEX_TGAGAA40NGCG_KQ_NRGGTCRTGACCYN_1_4	NRGGTCRTGACCYN	29357964_368	29357964	368	2025-08-22 10:24:38	puhti	COMPLETED	36	0:0	mariaosm	mariaosm	NA	1	1	NA	10485760	5813	3-00:00:00	36	NA
3369	RARG_HT-SELEX_TGTACA40NGTA_KW_NRGGTCAYN_1_3	NRGGTCAYN	29357964_369	29357964	369	2025-08-22 10:24:38	puhti	COMPLETED	26	0:0	mariaosm	mariaosm	NA	1	1	NA	10485760	5822	3-00:00:00	26	NA
3370	PPARD_HT-SELEX_TGGTCG40NTAA_KR_NRRGGTCAAAGGTCAN_2_2	NRRGGTCAAAGGTCAN	29357964_370	29357964	370	2025-08-22 10:24:38	puhti	COMPLETED	32	0:0	mariaosm	mariaosm	NA	1	1	NA	10485760	5847	3-00:00:00	32	NA
3371	PPARD_HT-SELEX_TGGTCG40NTAA_KR_NRRGGTCRTGACCYYN_2_2	NRRGGTCRTGACCYYN	29357964_371	29357964	371	2025-08-22 10:24:38	puhti	COMPLETED	92	0:0	mariaosm	mariaosm	NA	1	1	01:25.582	10485760	5837	3-00:00:00	92	NA
3372	THRB_HT-SELEX_TCGAGG40NGTT_KO_NRGGTCAAAGGTCAN_1_3	NRGGTCAAAGGTCAN	29357964_372	29357964	372	2025-08-22 10:24:38	puhti	COMPLETED	44	0:0	mariaosm	mariaosm	NA	1	1	NA	10485760	811188	3-00:00:00	44	NA
3373	THRB_HT-SELEX_TCGAGG40NGTT_KO_NRRGGTCRTGACCYYN_1_3	NRRGGTCRTGACCYYN	29357964_373	29357964	373	2025-08-22 10:24:38	puhti	COMPLETED	71	0:0	mariaosm	mariaosm	NA	1	1	01:08.463	10485760	6099	3-00:00:00	71	NA
3374	THRB_HT-SELEX_TTCGTT40NGCC_KZ_NTGACCTNNNNNAGGTCAN_1_4	NTGACCTNNNNNAGGTCAN	29357964_374	29357964	374	2025-08-22 10:24:38	puhti	COMPLETED	2350	0:0	mariaosm	mariaosm	NA	1	1	38:54.966	10485760	5766	3-00:00:00	2350	NA
3375	THRB_HT-SELEX_TTCGTT40NGCC_KZ_NYGACCTNNNNYGACCTYN_1_4	NYGACCTNNNNYGACCTYN	29357964_375	29357964	375	2025-08-22 10:24:38	puhti	COMPLETED	5943	0:0	mariaosm	mariaosm	NA	1	1	01:38:28	10485760	6232	3-00:00:00	5943	01:39:02
3376	NR6A1_HT-SELEX_TTGATG40NATC_KT_NTCAAGKTCAAGKTCAN_1_3	NTCAAGKTCAAGKTCAN	29357964_376	29357964	376	2025-08-22 10:24:38	puhti	COMPLETED	75	0:0	mariaosm	mariaosm	NA	1	1	NA	10485760	5853	3-00:00:00	75	NA
3377	NR5A1_HT-SELEX_TACCAA40NTTA_KW_NYCAAGGTCAN_1_3	NYCAAGGTCAN	29357964_377	29357964	377	2025-08-22 10:24:38	puhti	COMPLETED	53	0:0	mariaosm	mariaosm	NA	1	1	NA	10485760	681671	3-00:00:00	53	NA
3378	NR5A2_HT-SELEX_TGCTCA40NCTG_KR_NYCAAGGTCAN_1_3	NYCAAGGTCAN	29357964_378	29357964	378	2025-08-22 10:24:38	puhti	COMPLETED	21	0:0	mariaosm	mariaosm	NA	1	1	NA	10485760	3210	3-00:00:00	21	NA
3379	NR5A2_HT-SELEX_TGCTCA40NCTG_KR_YGACCTTGNNNCAAGGTCR_2_3	YGACCTTGNNNCAAGGTCR	29357964_379	29357964	379	2025-08-22 10:24:38	puhti	COMPLETED	55	0:0	mariaosm	mariaosm	NA	1	1	NA	10485760	5753	3-00:00:00	55	NA
3380	NR5A2_HT-SELEX_TGCTCA40NCTG_KR_NCAAGGTCRNGACCTTGN_2_3	NCAAGGTCRNGACCTTGN	29357964_380	29357964	380	2025-08-22 10:24:38	puhti	COMPLETED	39	0:0	mariaosm	mariaosm	NA	1	1	NA	10485760	5754	3-00:00:00	39	NA
3381	ESRRA_HT-SELEX_TAGACC40NAGT_KO_NYCAAGGTCAN_1_3	NYCAAGGTCAN	29357964_381	29357964	381	2025-08-22 10:24:38	puhti	COMPLETED	21	0:0	mariaosm	mariaosm	NA	1	1	NA	10485760	3274	3-00:00:00	21	NA
3382	ESRRA_HT-SELEX_TCCGCG40NTCT_KAE_NYCAAGGTCAN_1_3	NYCAAGGTCAN	29357964_382	29357964	382	2025-08-22 10:24:38	puhti	COMPLETED	21	0:0	mariaosm	mariaosm	NA	1	1	NA	10485760	3210	3-00:00:00	21	NA
3383	ESRRB_HT-SELEX_TGGGAG40NAGG_KO_NYCAAGGTCAN_1_3	NYCAAGGTCAN	29357964_383	29357964	383	2025-08-22 10:24:38	puhti	COMPLETED	20	0:0	mariaosm	mariaosm	NA	1	1	NA	10485760	3210	3-00:00:00	20	NA
3384	ESRRG_HT-SELEX_TACCTT40NCGA_KS_NYCAAGGTCAN_1_3	NYCAAGGTCAN	29357964_384	29357964	384	2025-08-22 10:24:38	puhti	COMPLETED	19	0:0	mariaosm	mariaosm	NA	1	1	NA	10485760	3212	3-00:00:00	19	NA
3385	ESRRG_HT-SELEX_TGAGCT40NGCA_KW_NYCAAGGTCAN_1_3	NYCAAGGTCAN	29357964_385	29357964	385	2025-08-22 10:24:38	puhti	COMPLETED	37	0:0	mariaosm	mariaosm	NA	1	1	NA	10485760	5863	3-00:00:00	37	NA
3386	ESR1_HT-SELEX_TCAAAC40NAAC_KV_NAGGTCANNNYGACCTN_1_3	NAGGTCANNNYGACCTN	29357964_386	29357964	386	2025-08-22 10:24:38	puhti	COMPLETED	251	0:0	mariaosm	mariaosm	NA	1	1	04:06.775	10485760	5920	3-00:00:00	251	NA
3387	ESR1_HT-SELEX_TGCATT40NCCT_KZ_NAGGTCANNNYGACCTN_1_4	NAGGTCANNNYGACCTN	29357964_387	29357964	387	2025-08-22 10:24:38	puhti	COMPLETED	280	0:0	mariaosm	mariaosm	NA	1	1	04:34.943	10485760	5953	3-00:00:00	280	NA
3388	NR3C1_HT-SELEX_TCTGTC40NCAA_KR_NGWACANNNYGTWCN_1_4	NGWACANNNYGTWCN	29357964_388	29357964	388	2025-08-22 10:24:38	puhti	COMPLETED	835	0:0	mariaosm	mariaosm	NA	1	1	13:45.703	10485760	5970	3-00:00:00	835	NA
3389	NR3C2_HT-SELEX_TGCTGG40NGCC_KT_NGNACRNNNYGTNCN_1_4	NGNACRNNNYGTNCN	29357964_389	29357964	389	2025-08-22 10:24:38	puhti	COMPLETED	6170	0:0	mariaosm	mariaosm	NA	1	1	01:41:23	10485760	6173	3-00:00:00	6170	01:42:49
3390	RORC_HT-SELEX_TATATG40NCTA_KT_NWWNNRGGTCANNRGGTCAN_1_4	NWWNNRGGTCANNRGGTCAN	29357964_390	29357964	390	2025-08-22 10:24:38	puhti	COMPLETED	18267	0:0	mariaosm	mariaosm	NA	1	1	04:59:58	10485760	6314	3-00:00:00	18267	05:04:26
3391	RORC_HT-SELEX_TATATG40NCTA_KT_NRGGTCRTGACCYN_1_4	NRGGTCRTGACCYN	29357964_391	29357964	391	2025-08-22 10:24:38	puhti	COMPLETED	31	0:0	mariaosm	mariaosm	NA	1	1	NA	10485760	5933	3-00:00:00	31	NA
3392	PAX7_HT-SELEX_TGTCAG40NGAC_KP_NTAATYGATTAN_1_2	NTAATYGATTAN	29357964_392	29357964	392	2025-08-22 10:24:38	puhti	COMPLETED	20	0:0	mariaosm	mariaosm	NA	1	1	NA	10485760	3272	3-00:00:00	20	NA
3393	PAX7_HT-SELEX_TGTCAG40NGAC_KP_NNATTMGTCACGSTN_1_2	NNATTMGTCACGSTN	29357964_393	29357964	393	2025-08-22 10:24:38	puhti	COMPLETED	48	0:0	mariaosm	mariaosm	NA	1	1	NA	10485760	5996	3-00:00:00	48	NA
3394	PAX7_HT-SELEX_TGTCAG40NGAC_KP_NSGTCACGSNWRTTAN_1_2	NSGTCACGSNWRTTAN	29357964_394	29357964	394	2025-08-22 10:24:38	puhti	COMPLETED	153	0:0	mariaosm	mariaosm	NA	1	1	02:31.590	10485760	6002	3-00:00:00	153	NA
3395	PAX7_HT-SELEX_TCGTTT40NGTC_KAF_NTAATYGATTAN_1_4	NTAATYGATTAN	29357964_395	29357964	395	2025-08-22 10:24:38	puhti	COMPLETED	17	0:0	mariaosm	mariaosm	NA	1	1	NA	10485760	3206	3-00:00:00	17	NA
3396	PAX7_HT-SELEX_TCGTTT40NGTC_KAF_NNATTCGTCACGSTN_1_4	NNATTCGTCACGSTN	29357964_396	29357964	396	2025-08-22 10:24:38	puhti	COMPLETED	32	0:0	mariaosm	mariaosm	NA	1	1	NA	10485760	5974	3-00:00:00	32	NA
3397	PAX7_HT-SELEX_TCGTTT40NGTC_KAF_NSGTCACGSNNRTTAN_1_4	NSGTCACGSNNRTTAN	29357964_397	29357964	397	2025-08-22 10:24:38	puhti	COMPLETED	359	0:0	mariaosm	mariaosm	NA	1	1	05:55.438	10485760	6009	3-00:00:00	359	NA
3398	PAX3_HT-SELEX_TCAAAT40NCTG_KN_NYRATTMGTCACGSTN_1_2	NYRATTMGTCACGSTN	29357964_398	29357964	398	2025-08-22 10:24:38	puhti	COMPLETED	62	0:0	mariaosm	mariaosm	NA	1	1	01:00.439	10485760	5900	3-00:00:00	62	NA
3399	PAX3_HT-SELEX_TCAAAT40NCTG_KN_NSGTCACGSNNATTAN_1_2	NSGTCACGSNNATTAN	29357964_399	29357964	399	2025-08-22 10:24:38	puhti	COMPLETED	187	0:0	mariaosm	mariaosm	NA	1	1	03:04.294	10485760	5947	3-00:00:00	187	NA
3400	PAX3_HT-SELEX_TCAAAT40NCTG_KN_NTAATYGATTAN_1_3	NTAATYGATTAN	29357964_400	29357964	400	2025-08-22 10:24:38	puhti	COMPLETED	19	0:0	mariaosm	mariaosm	NA	1	1	NA	10485760	3206	3-00:00:00	19	NA
3401	PAX1_HT-SELEX_TCCGTC40NGTT_KN_NSGTCACGCWTSANYGN_1_4	NSGTCACGCWTSANYGN	29358009_401	29358009	401	2025-08-22 10:25:17	puhti	COMPLETED	198	0:0	mariaosm	mariaosm	NA	1	1	03:15.018	10485760	5852	3-00:00:00	198	NA
3402	PAX9_HT-SELEX_TGACCC40NGAA_KP_NSGTCACGCWTSANYGN_1_2	NSGTCACGCWTSANYGN	29358009_402	29358009	402	2025-08-22 10:25:17	puhti	COMPLETED	193	0:0	mariaosm	mariaosm	NA	1	1	03:11.264	10485760	5846	3-00:00:00	193	NA
3403	PAX2_HT-SELEX_TGGCTA40NTCC_KP_NSGTCACGCWTSANYGNNYN_1_4	NSGTCACGCWTSANYGNNYN	29358009_403	29358009	403	2025-08-22 10:25:17	puhti	COMPLETED	7863	0:0	mariaosm	mariaosm	NA	1	1	02:09:24	10485760	5903	3-00:00:00	7863	02:11:02
3404	PAX8_HT-SELEX_TCTTGT40NCAG_KX_NSGTCACGCWTSANYGNNYN_1_2	NSGTCACGCWTSANYGNNYN	29358009_404	29358009	404	2025-08-22 10:25:17	puhti	COMPLETED	8215	0:0	mariaosm	mariaosm	NA	1	1	02:15:20	10485760	5945	3-00:00:00	8215	02:16:54
3405	PAX6_HT-SELEX_TGCGAG40NTTC_KP_NYACGCNTSANYGNNYN_1_4	NYACGCNTSANYGNNYN	29358009_405	29358009	405	2025-08-22 10:25:17	puhti	COMPLETED	13440	0:0	mariaosm	mariaosm	NA	1	1	03:41:42	10485760	6016	3-00:00:00	13440	03:43:59
3406	PAX6_HT-SELEX_TGCTTT40NAGA_KV_NYACGCNTSANYGNNYN_1_4	NYACGCNTSANYGNNYN	29358009_406	29358009	406	2025-08-22 10:25:17	puhti	COMPLETED	12050	0:0	mariaosm	mariaosm	NA	1	1	03:19:22	10485760	6026	3-00:00:00	12050	03:20:49
3407	PAX4_HT-SELEX_TCGGCT40NTAA_KP_NTYACGCWTSANYGNNYN_1_4	NTYACGCWTSANYGNNYN	29358009_407	29358009	407	2025-08-22 10:25:17	puhti	COMPLETED	5361	0:0	mariaosm	mariaosm	NA	1	1	01:28:40	10485760	5877	3-00:00:00	5361	01:29:20
3408	PAX4_HT-SELEX_TCGGCT40NTAA_KP_NYACGCTAATTAN_1_4	NYACGCTAATTAN	29358009_408	29358009	408	2025-08-22 10:25:17	puhti	COMPLETED	21	0:0	mariaosm	mariaosm	NA	1	1	NA	10485760	3270	3-00:00:00	21	NA
3409	PAX4_HT-SELEX_TCGGCT40NTAA_KP_NAATTANNNNNNNNTAATTN_1_4	NAATTANNNNNNNNTAATTN	29358009_409	29358009	409	2025-08-22 10:25:17	puhti	CANCELLED	259209	0:0	mariaosm	mariaosm	NA	1	1	NA	10485760	6724957	3-00:00:00	259212	3-00:00:09
3410	PAX4_HT-SELEX_TCGGCT40NTAA_KP_NATTTCACGCWTSANYGNNYN_1_4	NATTTCACGCWTSANYGNNYN	29358009_410	29358009	410	2025-08-22 10:25:17	puhti	COMPLETED	4299	0:0	mariaosm	mariaosm	NA	1	1	01:10:51	10485760	5751	3-00:00:00	4299	01:11:39
3411	POU2F2_HT-SELEX_TCAGCA40NCTC_KT_NTATGCWAATN_1_4	NTATGCWAATN	29358009_411	29358009	411	2025-08-22 10:25:17	puhti	COMPLETED	38	0:0	mariaosm	mariaosm	NA	1	1	NA	10485760	878327	3-00:00:00	38	NA
3412	POU2F2_HT-SELEX_TCAGCA40NCTC_KT_NTMATTATGCAN_1_3	NTMATTATGCAN	29358009_412	29358009	412	2025-08-22 10:25:17	puhti	COMPLETED	23	0:0	mariaosm	mariaosm	NA	1	1	NA	10485760	3272	3-00:00:00	23	NA
3413	POU2F2_HT-SELEX_TCAGCA40NCTC_KT_NTAATNTATGCN_1_4	NTAATNTATGCN	29358009_413	29358009	413	2025-08-22 10:25:17	puhti	COMPLETED	19	0:0	mariaosm	mariaosm	NA	1	1	NA	10485760	3274	3-00:00:00	19	NA
3414	POU2F2_HT-SELEX_TCAGCA40NCTC_KT_NTGCATATGCAN_1_4	NTGCATATGCAN	29358009_414	29358009	414	2025-08-22 10:25:17	puhti	COMPLETED	18	0:0	mariaosm	mariaosm	NA	1	1	NA	10485760	3208	3-00:00:00	18	NA
3415	POU2F2_HT-SELEX_TCAGCA40NCTC_KT_NCATTANNNTAATGN_1_4	NCATTANNNTAATGN	29358009_415	29358009	415	2025-08-22 10:25:17	puhti	COMPLETED	99	0:0	mariaosm	mariaosm	NA	1	1	01:37.804	10485760	6105	3-00:00:00	99	NA
3416	POU2F3_HT-SELEX_TGCATT40NCCT_KP_NTATGCWAATN_1_4	NTATGCWAATN	29358009_416	29358009	416	2025-08-22 10:25:17	puhti	COMPLETED	21	0:0	mariaosm	mariaosm	NA	1	1	NA	10485760	3278	3-00:00:00	21	NA
3417	POU3F2_HT-SELEX_TGGAGA40NCCA_KP_NTATGCWAATKAN_1_4	NTATGCWAATKAN	29358009_417	29358009	417	2025-08-22 10:25:17	puhti	COMPLETED	31	0:0	mariaosm	mariaosm	NA	1	1	NA	10485760	3276	3-00:00:00	31	NA
3418	POU3F2_HT-SELEX_TGGAGA40NCCA_KP_NTAATTWATGCRN_1_4	NTAATTWATGCRN	29358009_418	29358009	418	2025-08-22 10:25:17	puhti	COMPLETED	25	0:0	mariaosm	mariaosm	NA	1	1	NA	10485760	3272	3-00:00:00	25	NA
3419	POU3F2_HT-SELEX_TGGAGA40NCCA_KP_NTAATKAKATGCAN_1_4	NTAATKAKATGCAN	29358009_419	29358009	419	2025-08-22 10:25:17	puhti	COMPLETED	21	0:0	mariaosm	mariaosm	NA	1	1	NA	10485760	3272	3-00:00:00	21	NA
3420	POU3F2_HT-SELEX_TGGAGA40NCCA_KP_NTATGCGCATAN_1_3	NTATGCGCATAN	29358009_420	29358009	420	2025-08-22 10:25:17	puhti	COMPLETED	27	0:0	mariaosm	mariaosm	NA	1	1	NA	10485760	3274	3-00:00:00	27	NA
3421	POU3F2_HT-SELEX_TGGAGA40NCCA_KP_TAATTNNNNNNNNAATTA_1_4	TAATTNNNNNNNNAATTA	29358009_421	29358009	421	2025-08-22 10:25:17	puhti	COMPLETED	8566	0:0	mariaosm	mariaosm	NA	1	1	02:21:41	10485760	5887	3-00:00:00	8566	02:22:45
3422	POU3F4_HT-SELEX_TCGGGC40NAAT_KP_NTATGCWAATKAN_1_4	NTATGCWAATKAN	29358009_422	29358009	422	2025-08-22 10:25:17	puhti	COMPLETED	31	0:0	mariaosm	mariaosm	NA	1	1	NA	10485760	5723	3-00:00:00	31	NA
3423	POU3F4_HT-SELEX_TCGGGC40NAAT_KP_NTAATTWATGCRN_1_3	NTAATTWATGCRN	29358009_423	29358009	423	2025-08-22 10:25:17	puhti	COMPLETED	37	0:0	mariaosm	mariaosm	NA	1	1	NA	10485760	5738	3-00:00:00	37	NA
3424	POU3F4_HT-SELEX_TCGGGC40NAAT_KP_NTAATKAKATGCRN_1_4	NTAATKAKATGCRN	29358009_424	29358009	424	2025-08-22 10:25:17	puhti	COMPLETED	38	0:0	mariaosm	mariaosm	NA	1	1	NA	10485760	5709	3-00:00:00	38	NA
3425	POU3F4_HT-SELEX_TCGGGC40NAAT_KP_NATTATGCATRN_1_4	NATTATGCATRN	29358009_425	29358009	425	2025-08-22 10:25:17	puhti	COMPLETED	21	0:0	mariaosm	mariaosm	NA	1	1	NA	10485760	3210	3-00:00:00	21	NA
3426	POU3F4_HT-SELEX_TCGGGC40NAAT_KP_NTATGCGCATAN_1_4	NTATGCGCATAN	29358009_426	29358009	426	2025-08-22 10:25:17	puhti	COMPLETED	16	0:0	mariaosm	mariaosm	NA	1	1	NA	10485760	3208	3-00:00:00	16	NA
3427	POU3F1_HT-SELEX_TATGCT40NACT_KP_NTATGCWAATNNN_1_4b0	NTATGCWAATNNN	29358009_427	29358009	427	2025-08-22 10:25:17	puhti	COMPLETED	121	0:0	mariaosm	mariaosm	NA	1	1	01:25.645	10485760	5861	3-00:00:00	121	NA
3428	POU3F1_HT-SELEX_TATGCT40NACT_KP_NTAATTWATGCNN_1_4b0	NTAATTWATGCNN	29358009_428	29358009	428	2025-08-22 10:25:17	puhti	COMPLETED	32	0:0	mariaosm	mariaosm	NA	1	1	NA	10485760	5897	3-00:00:00	32	NA
3429	POU3F1_HT-SELEX_TATGCT40NACT_KP_NTAATKAKATGCRN_1_4b0	NTAATKAKATGCRN	29358009_429	29358009	429	2025-08-22 10:25:17	puhti	COMPLETED	33	0:0	mariaosm	mariaosm	NA	1	1	NA	10485760	5893	3-00:00:00	33	NA
3430	POU3F1_HT-SELEX_TATGCT40NACT_KP_NAATTANNNNNTAATTN_1_4b0	NAATTANNNNNTAATTN	29358009_430	29358009	430	2025-08-22 10:25:17	puhti	COMPLETED	1610	0:0	mariaosm	mariaosm	NA	1	1	26:40.516	10485760	6525	3-00:00:00	1610	NA
3431	POU5F1_HT-SELEX_TGCAGG40NTCG_KAE_NWWTATGCTAATKARN_1_2	NWWTATGCTAATKARN	29358009_431	29358009	431	2025-08-22 10:25:17	puhti	COMPLETED	51	0:0	mariaosm	mariaosm	NA	1	1	NA	10485760	5936	3-00:00:00	51	NA
3432	POU4F1_HT-SELEX_TTTCAA40NTGA_KP_NTNNATWATGCAN_1_4	NTNNATWATGCAN	29358009_432	29358009	432	2025-08-22 10:25:17	puhti	COMPLETED	69	0:0	mariaosm	mariaosm	NA	1	1	01:07.091	10485760	5953	3-00:00:00	69	NA
3433	POU4F1_HT-SELEX_TTTCAA40NTGA_KP_NTGCATWATGCAN_1_4	NTGCATWATGCAN	29358009_433	29358009	433	2025-08-22 10:25:17	puhti	COMPLETED	20	0:0	mariaosm	mariaosm	NA	1	1	NA	10485760	3204	3-00:00:00	20	NA
3434	POU4F3_HT-SELEX_TTTCAT40NGCA_KP_NTNAATWATGCAN_1_4	NTNAATWATGCAN	29358009_434	29358009	434	2025-08-22 10:25:17	puhti	COMPLETED	37	0:0	mariaosm	mariaosm	NA	1	1	NA	10485760	5816	3-00:00:00	37	NA
3435	POU4F3_HT-SELEX_TTTCAT40NGCA_KP_NTGCATWATGCAN_1_4	NTGCATWATGCAN	29358009_435	29358009	435	2025-08-22 10:25:17	puhti	COMPLETED	15	0:0	mariaosm	mariaosm	NA	1	1	NA	10485760	3210	3-00:00:00	15	NA
3436	POU4F3_HT-SELEX_TACCCA40NTGT_KZ_NTNAATWATGCAN_1_4	NTNAATWATGCAN	29358009_436	29358009	436	2025-08-22 10:25:17	puhti	COMPLETED	29	0:0	mariaosm	mariaosm	NA	1	1	NA	10485760	3272	3-00:00:00	29	NA
3437	POU4F3_HT-SELEX_TACCCA40NTGT_KZ_ATGCATWATGCAT_1_4	ATGCATWATGCAT	29358009_437	29358009	437	2025-08-22 10:25:17	puhti	COMPLETED	14	0:0	mariaosm	mariaosm	NA	1	1	NA	10485760	3272	3-00:00:00	14	NA
3438	POU1F1_HT-SELEX_TTCAAG40NGCC_KP_NTAATGAKATGCRN_1_3	NTAATGAKATGCRN	29358009_438	29358009	438	2025-08-22 10:25:17	puhti	COMPLETED	27	0:0	mariaosm	mariaosm	NA	1	1	NA	10485760	3208	3-00:00:00	27	NA
3439	POU1F1_HT-SELEX_TTCAAG40NGCC_KP_NTATGCWAATKAGN_1_3	NTATGCWAATKAGN	29358009_439	29358009	439	2025-08-22 10:25:17	puhti	COMPLETED	30	0:0	mariaosm	mariaosm	NA	1	1	NA	10485760	3268	3-00:00:00	30	NA
3440	POU1F1_HT-SELEX_TTCAAG40NGCC_KP_NTAATTTATGCRN_1_3	NTAATTTATGCRN	29358009_440	29358009	440	2025-08-22 10:25:17	puhti	COMPLETED	20	0:0	mariaosm	mariaosm	NA	1	1	NA	10485760	3276	3-00:00:00	20	NA
3441	POU6F1_HT-SELEX_TCGATT40NTTG_KAE_NTAATKAGSN_1_4	NTAATKAGSN	29358009_441	29358009	441	2025-08-22 10:25:17	puhti	COMPLETED	21	0:0	mariaosm	mariaosm	NA	1	1	NA	10485760	3268	3-00:00:00	21	NA
3442	POU6F1_HT-SELEX_TCGATT40NTTG_KAE_NTAATGAKATGYRN_1_4	NTAATGAKATGYRN	29358009_442	29358009	442	2025-08-22 10:25:17	puhti	COMPLETED	27	0:0	mariaosm	mariaosm	NA	1	1	NA	10485760	3274	3-00:00:00	27	NA
3443	POU6F1_HT-SELEX_TCGATT40NTTG_KAE_TATGCNNNGCATA_1_4	TATGCNNNGCATA	29358009_443	29358009	443	2025-08-22 10:25:17	puhti	COMPLETED	17	0:0	mariaosm	mariaosm	NA	1	1	NA	10485760	3276	3-00:00:00	17	NA
3444	POU6F1_HT-SELEX_TCGATT40NTTG_KAE_NATTATNNNNNNNATAATN_1_4	NATTATNNNNNNNATAATN	29358009_444	29358009	444	2025-08-22 10:25:17	puhti	COMPLETED	67908	0:0	mariaosm	mariaosm	NA	1	1	18:44:08	10485760	5811	3-00:00:00	67908	18:51:48
3445	RFX1_HT-SELEX_TTTAGG40NTCT_KS_NGTTRCCATGGYAACN_1_3	NGTTRCCATGGYAACN	29358009_445	29358009	445	2025-08-22 10:25:17	puhti	COMPLETED	31	0:0	mariaosm	mariaosm	NA	1	1	NA	10485760	5858	3-00:00:00	31	NA
3446	RFX2_HT-SELEX_TTCGCC40NGAC_KP_NGTTRCCATGGYAACN_1_2	NGTTRCCATGGYAACN	29358009_446	29358009	446	2025-08-22 10:25:17	puhti	COMPLETED	24	0:0	mariaosm	mariaosm	NA	1	1	NA	10485760	3276	3-00:00:00	24	NA
3447	RFX3_HT-SELEX_TCCACC40NTTA_KS_NGTTGCCATGGCAACN_1_2	NGTTGCCATGGCAACN	29358009_447	29358009	447	2025-08-22 10:25:17	puhti	COMPLETED	18	0:0	mariaosm	mariaosm	NA	1	1	NA	10485760	3276	3-00:00:00	18	NA
3448	RFX3_HT-SELEX_TCCACC40NTTA_KS_NGTTGCCWAGCAACN_1_2	NGTTGCCWAGCAACN	29358009_448	29358009	448	2025-08-22 10:25:17	puhti	COMPLETED	22	0:0	mariaosm	mariaosm	NA	1	1	NA	10485760	3278	3-00:00:00	22	NA
3449	RFX4_HT-SELEX_TCTATT40NCAT_KR_NGTTRCCATGGYAACN_1_3	NGTTRCCATGGYAACN	29358009_449	29358009	449	2025-08-22 10:25:17	puhti	COMPLETED	24	0:0	mariaosm	mariaosm	NA	1	1	NA	10485760	3272	3-00:00:00	24	NA
3450	RFX5_HT-SELEX_TTGATG40NATC_KO_NGTTGCYRNNNGTTGCYRN_2_3	NGTTGCYRNNNGTTGCYRN	29358009_450	29358009	450	2025-08-22 10:25:17	puhti	COMPLETED	2960	0:0	mariaosm	mariaosm	NA	1	1	48:59.298	10485760	5790	3-00:00:00	2960	NA
3451	RFX5_HT-SELEX_TTGATG40NATC_KO_NYRRCAACSGTTGCYAN_2_3	NYRRCAACSGTTGCYAN	29358009_451	29358009	451	2025-08-22 10:25:17	puhti	COMPLETED	93	0:0	mariaosm	mariaosm	NA	1	1	01:29.421	10485760	5776	3-00:00:00	93	NA
3452	RFX7_HT-SELEX_TGAGTT40NCGG_KT_NGTTGCYAN_1_3	NGTTGCYAN	29358009_452	29358009	452	2025-08-22 10:25:17	puhti	COMPLETED	20	0:0	mariaosm	mariaosm	NA	1	1	NA	10485760	3270	3-00:00:00	20	NA
3453	NFAT5_HT-SELEX_TGAGCG40NTTG_KS_NYGGAAANNTACN_1_4	NYGGAAANNTACN	29358009_453	29358009	453	2025-08-22 10:25:17	puhti	COMPLETED	80	0:0	mariaosm	mariaosm	NA	1	1	01:16.667	10485760	5761	3-00:00:00	80	NA
3454	NFATC1_HT-SELEX_TTCAAG40NGCC_KS_NTTTCCRNNNNYGGAAAN_1_2	NTTTCCRNNNNYGGAAAN	29358009_454	29358009	454	2025-08-22 10:25:17	puhti	COMPLETED	1887	0:0	mariaosm	mariaosm	NA	1	1	31:12.531	10485760	5773	3-00:00:00	1887	NA
3455	NFATC1_HT-SELEX_TTCAAG40NGCC_KS_NTTTCCATGGAAAN_1_2	NTTTCCATGGAAAN	29358009_455	29358009	455	2025-08-22 10:25:17	puhti	COMPLETED	14	0:0	mariaosm	mariaosm	NA	1	1	NA	10485760	3268	3-00:00:00	14	NA
3456	NFATC2_HT-SELEX_TGAATG40NTAG_KS_NTTTCCATGGAAAN_1_2	NTTTCCATGGAAAN	29358009_456	29358009	456	2025-08-22 10:25:17	puhti	COMPLETED	18	0:0	mariaosm	mariaosm	NA	1	1	NA	10485760	3274	3-00:00:00	18	NA
3457	NFATC2_HT-SELEX_TGAATG40NTAG_KS_NTTTCCRNNNNYGGAAAN_1_2	NTTTCCRNNNNYGGAAAN	29358009_457	29358009	457	2025-08-22 10:25:17	puhti	COMPLETED	2077	0:0	mariaosm	mariaosm	NA	1	1	34:19.011	10485760	5768	3-00:00:00	2077	NA
3458	NFATC3_HT-SELEX_TAGATG40NTAT_KT_NAYGGAAAMN_1_3	NAYGGAAAMN	29358009_458	29358009	458	2025-08-22 10:25:17	puhti	COMPLETED	23	0:0	mariaosm	mariaosm	NA	1	1	NA	10485760	3274	3-00:00:00	23	NA
3459	NFATC3_HT-SELEX_TAGATG40NTAT_KT_NTTTCCRYGGAAAN_1_3	NTTTCCRYGGAAAN	29358009_459	29358009	459	2025-08-22 10:25:17	puhti	COMPLETED	23	0:0	mariaosm	mariaosm	NA	1	1	NA	10485760	3214	3-00:00:00	23	NA
3460	NFATC3_HT-SELEX_TAGATG40NTAT_KT_NYGGAAANNNNNNNTTTCCRN_1_3	NYGGAAANNNNNNNTTTCCRN	29358009_460	29358009	460	2025-08-22 10:25:17	puhti	CANCELLED	259226	0:0	mariaosm	mariaosm	NA	1	1	NA	10485760	6780546	3-00:00:00	259230	3-00:00:26
3461	NFATC4_HT-SELEX_TCTTGT40NCAG_KS_NAYGGAAAAN_1_3	NAYGGAAAAN	29358009_461	29358009	461	2025-08-22 10:25:17	puhti	COMPLETED	20	0:0	mariaosm	mariaosm	NA	1	1	NA	10485760	3212	3-00:00:00	20	NA
3462	NFATC4_HT-SELEX_TCTTGT40NCAG_KS_NTTTCCRYGGAAAN_1_4	NTTTCCRYGGAAAN	29358009_462	29358009	462	2025-08-22 10:25:17	puhti	COMPLETED	21	0:0	mariaosm	mariaosm	NA	1	1	NA	10485760	3276	3-00:00:00	21	NA
3463	NFKB2_HT-SELEX_TCCGGG40NCTC_KS_NGGGGAWNYMCCN_1_4	NGGGGAWNYMCCN	29358009_463	29358009	463	2025-08-22 10:25:17	puhti	COMPLETED	72	0:0	mariaosm	mariaosm	NA	1	1	01:10.161	10485760	2084	3-00:00:00	72	NA
3464	RUNX2_HT-SELEX_TCTTGG40NTTA_KP_NWAACCGCANNNACCGCAAN_2_3	NWAACCGCANNNACCGCAAN	29358009_464	29358009	464	2025-08-22 10:25:17	puhti	COMPLETED	398	0:0	mariaosm	mariaosm	NA	1	1	06:33.291	10485760	5979	3-00:00:00	398	NA
3465	RUNX3_HT-SELEX_TCTGCT40NTGT_KW_NWAACCGCANNNACCGCARN_2_3	NWAACCGCANNNACCGCARN	29358009_465	29358009	465	2025-08-22 10:25:17	puhti	COMPLETED	741	0:0	mariaosm	mariaosm	NA	1	1	12:14.624	10485760	6123	3-00:00:00	741	NA
3466	GMEB2_HT-SELEX_TAAATA40NTAT_KQ_NYACGTANNNTACGTRN_1_4	NYACGTANNNTACGTRN	29358009_466	29358009	466	2025-08-22 10:25:17	puhti	COMPLETED	416	0:0	mariaosm	mariaosm	NA	1	1	06:52.732	10485760	5943	3-00:00:00	416	NA
3467	GMEB1_HT-SELEX_TCTGCT40NTGT_KX_NKACGTANNNTACGTMN_1_4	NKACGTANNNTACGTMN	29358009_467	29358009	467	2025-08-22 10:25:17	puhti	COMPLETED	526	0:0	mariaosm	mariaosm	NA	1	1	08:41.365	10485760	6363	3-00:00:00	526	NA
3468	SKOR2_HT-SELEX_TGGCGT40NCCT_KP_NWNNKKTAATTAAN_1_4	NWNNKKTAATTAAN	29358009_468	29358009	468	2025-08-22 10:25:17	puhti	COMPLETED	306	0:0	mariaosm	mariaosm	NA	1	1	05:02.482	10485760	5840	3-00:00:00	306	NA
3469	SKOR1_HT-SELEX_TTTAGG40NTCT_KP_NWNNKKTAATTAAN_1_3	NWNNKKTAATTAAN	29358009_469	29358009	469	2025-08-22 10:25:17	puhti	COMPLETED	306	0:0	mariaosm	mariaosm	NA	1	1	05:01.762	10485760	5836	3-00:00:00	306	NA
3470	T_HT-SELEX_TGCCTC40NCAA_KS_NANGTGTGANNNNTNACACCTN_2_4	NANGTGTGANNNNTNACACCTN	29358009_470	29358009	470	2025-08-22 10:25:17	puhti	COMPLETED	21654	0:0	mariaosm	mariaosm	NA	1	1	05:57:40	10485760	6064	3-00:00:00	21654	06:00:53
3471	T_HT-SELEX_TGCCTC40NCAA_KS_NTCACACNTANGTGTGAN_2_4	NTCACACNTANGTGTGAN	29358009_471	29358009	471	2025-08-22 10:25:17	puhti	COMPLETED	44	0:0	mariaosm	mariaosm	NA	1	1	NA	10485760	5818	3-00:00:00	44	NA
3472	TBX19_HT-SELEX_TCTTGT40NCAG_KP_NANGTGTKANNNTNACACCTN_2_4	NANGTGTKANNNTNACACCTN	29358009_472	29358009	472	2025-08-22 10:25:17	puhti	COMPLETED	6914	0:0	mariaosm	mariaosm	NA	1	1	01:54:08	10485760	2086	3-00:00:00	6914	01:55:09
3473	EOMES_HT-SELEX_TTAGCT40NCCT_KP_NAGGTGTGAN_1_4	NAGGTGTGAN	29358009_473	29358009	473	2025-08-22 10:25:17	puhti	COMPLETED	19	0:0	mariaosm	mariaosm	NA	1	1	NA	10485760	3270	3-00:00:00	19	NA
3474	TBX21_HT-SELEX_TTCGTT40NGCC_KP_NAGGTGTGAN_1_4	NAGGTGTGAN	29358009_474	29358009	474	2025-08-22 10:25:17	puhti	COMPLETED	19	0:0	mariaosm	mariaosm	NA	1	1	NA	10485760	3270	3-00:00:00	19	NA
3475	TBX6_HT-SELEX_TGTAGA40NTGT_KV_NAGGTGTGAN_1_3	NAGGTGTGAN	29358009_475	29358009	475	2025-08-22 10:25:17	puhti	COMPLETED	17	0:0	mariaosm	mariaosm	NA	1	1	NA	10485760	3210	3-00:00:00	17	NA
3476	TBX3_HT-SELEX_TGCCAA40NTAG_KT_NAGGTGTGAN_1_4	NAGGTGTGAN	29358009_476	29358009	476	2025-08-22 10:25:17	puhti	COMPLETED	16	0:0	mariaosm	mariaosm	NA	1	1	NA	10485760	3272	3-00:00:00	16	NA
3477	TBX2_HT-SELEX_TACCCA40NTGT_KT_NAGGTGTGAN_1_3	NAGGTGTGAN	29358009_477	29358009	477	2025-08-22 10:25:17	puhti	COMPLETED	14	0:0	mariaosm	mariaosm	NA	1	1	NA	10485760	3272	3-00:00:00	14	NA
3478	TBX20_HT-SELEX_TTGTTA40NGGT_KP_NAGGTGTGANNNTCACACCTN_2_3	NAGGTGTGANNNTCACACCTN	29358009_478	29358009	478	2025-08-22 10:25:17	puhti	COMPLETED	136	0:0	mariaosm	mariaosm	NA	1	1	02:14.475	10485760	5774	3-00:00:00	136	NA
3479	TBX20_HT-SELEX_TTGTTA40NGGT_KP_NAGGTGTGAAGGTGTGAN_2_3	NAGGTGTGAAGGTGTGAN	29358009_479	29358009	479	2025-08-22 10:25:17	puhti	COMPLETED	19	0:0	mariaosm	mariaosm	NA	1	1	NA	10485760	3210	3-00:00:00	19	NA
3480	TBX20_HT-SELEX_TAAGAA40NATA_KAE_NAGGTGTKARGGYGTKAN_2_4	NAGGTGTKARGGYGTKAN	29358009_480	29358009	480	2025-08-22 10:25:17	puhti	COMPLETED	91	0:0	mariaosm	mariaosm	NA	1	1	01:28.899	10485760	5870	3-00:00:00	91	NA
3481	TBX20_HT-SELEX_TAAGAA40NATA_KAE_NTNACRCCTANGTGTGAN_2_4	NTNACRCCTANGTGTGAN	29358009_481	29358009	481	2025-08-22 10:25:17	puhti	COMPLETED	126	0:0	mariaosm	mariaosm	NA	1	1	02:03.389	10485760	5746	3-00:00:00	126	NA
3482	TBX1_HT-SELEX_TTACTA40NAGG_KP_NWAGGTGTGARN_1_4	NWAGGTGTGARN	29358009_482	29358009	482	2025-08-22 10:25:17	puhti	COMPLETED	26	0:0	mariaosm	mariaosm	NA	1	1	NA	10485760	5728	3-00:00:00	26	NA
3483	TBX18_HT-SELEX_TATTTG40NCCA_KP_NRAGGTGTGAAN_1_4u	NRAGGTGTGAAN	29358009_483	29358009	483	2025-08-22 10:25:17	puhti	COMPLETED	22	0:0	mariaosm	mariaosm	NA	1	1	NA	10485760	5714	3-00:00:00	22	NA
3484	TBX15_HT-SELEX_TGGGAG40NAGG_KP_NAGGTGTGAN_1_4	NAGGTGTGAN	29358009_484	29358009	484	2025-08-22 10:25:17	puhti	COMPLETED	18	0:0	mariaosm	mariaosm	NA	1	1	NA	10485760	3274	3-00:00:00	18	NA
3485	TEAD1_HT-SELEX_TCACGC40NACT_KW_NRCATWCCN_1_3	NRCATWCCN	29358009_485	29358009	485	2025-08-22 10:25:17	puhti	COMPLETED	21	0:0	mariaosm	mariaosm	NA	1	1	NA	10485760	3270	3-00:00:00	21	NA
3486	TEAD2_HT-SELEX_TGAGCG40NTTG_KX_NRCATTCCWN_1_2	NRCATTCCWN	29358009_486	29358009	486	2025-08-22 10:25:17	puhti	COMPLETED	19	0:0	mariaosm	mariaosm	NA	1	1	NA	10485760	3270	3-00:00:00	19	NA
3487	ZNF580_HT-SELEX_TTCAGG40NTGC_KP_CCTACCCTNNCCTACCCY_2_4	CCTACCCTNNCCTACCCY	29358009_487	29358009	487	2025-08-22 10:25:17	puhti	COMPLETED	24	0:0	mariaosm	mariaosm	NA	1	1	NA	10485760	5736	3-00:00:00	24	NA
3488	ZNF580_HT-SELEX_TGGCCA40NTTC_KAE_MCTACCCYNNNMCTACCCY_2_4	MCTACCCYNNNMCTACCCY	29358009_488	29358009	488	2025-08-22 10:25:17	puhti	COMPLETED	230	0:0	mariaosm	mariaosm	NA	1	1	03:46.908	10485760	5709	3-00:00:00	230	NA
3489	ZNF580_HT-SELEX_TGGCCA40NTTC_KAE_NRTTATGTTAAAWWNYTACCNYN_2_4	NRTTATGTTAAAWWNYTACCNYN	29358009_489	29358009	489	2025-08-22 10:25:17	puhti	COMPLETED	2073	0:0	mariaosm	mariaosm	NA	1	1	34:17.730	10485760	5768	3-00:00:00	2073	NA
3490	OSR2_HT-SELEX_TGCACG40NTTG_KP_NGCTACYGTN_1_2	NGCTACYGTN	29358009_490	29358009	490	2025-08-22 10:25:17	puhti	COMPLETED	20	0:0	mariaosm	mariaosm	NA	1	1	NA	10485760	3212	3-00:00:00	20	NA
3491	OSR1_HT-SELEX_TGGAGA40NCCA_KS_NGCTACYGTN_1_3	NGCTACYGTN	29358009_491	29358009	491	2025-08-22 10:25:17	puhti	COMPLETED	18	0:0	mariaosm	mariaosm	NA	1	1	NA	10485760	3210	3-00:00:00	18	NA
3492	ZNF410_HT-SELEX_TTTATT40NATC_KR_NYANCCCATAATAN_1_2	NYANCCCATAATAN	29358009_492	29358009	492	2025-08-22 10:25:17	puhti	COMPLETED	31	0:0	mariaosm	mariaosm	NA	1	1	NA	10485760	6017	3-00:00:00	31	NA
3493	ZNF281_HT-SELEX_TAAAGT40NAGC_KR_GCCCCTCCCCCM_2_4	GCCCCTCCCCCM	29358009_493	29358009	493	2025-08-22 10:25:17	puhti	COMPLETED	15	0:0	mariaosm	mariaosm	NA	1	1	NA	10485760	3270	3-00:00:00	15	NA
3494	GFI1_HT-SELEX_TCTGCT40NTGT_KR_NMAATCACNGCNNNNCACTMN_2_4	NMAATCACNGCNNNNCACTMN	29358009_494	29358009	494	2025-08-22 10:25:17	puhti	COMPLETED	17022	0:0	mariaosm	mariaosm	NA	1	1	04:42:04	10485760	6074	3-00:00:00	17022	04:43:41
3495	GFI1B_HT-SELEX_TTCTCA40NCCT_KR_NMAATCACNGCANNNCACTMN_2_2	NMAATCACNGCANNNCACTMN	29358009_495	29358009	495	2025-08-22 10:25:17	puhti	COMPLETED	3291	0:0	mariaosm	mariaosm	NA	1	1	54:33.513	10485760	6016	3-00:00:00	3291	NA
3496	ZFP42_HT-SELEX_TAGTGC40NATG_KS_NGRCHGCCATMTTGN_2_4	NGRCHGCCATMTTGN	29358009_496	29358009	496	2025-08-22 10:25:17	puhti	COMPLETED	41	0:0	mariaosm	mariaosm	NA	1	1	NA	10485760	5831	3-00:00:00	41	NA
3497	ZFP41_HT-SELEX_TCAGAA40NAGG_KV_NGCTAACTCTCCRCR_2_2	NGCTAACTCTCCRCR	29358009_497	29358009	497	2025-08-22 10:25:17	puhti	COMPLETED	17	0:0	mariaosm	mariaosm	NA	1	1	NA	10485760	3272	3-00:00:00	17	NA
3498	ZNF32_HT-SELEX_TAGGTC40NACG_KAE_NYGTAACNYGAYACN_2_4	NYGTAACNYGAYACN	29358009_498	29358009	498	2025-08-22 10:25:17	puhti	COMPLETED	94	0:0	mariaosm	mariaosm	NA	1	1	01:30.980	10485760	5760	3-00:00:00	94	NA
3499	ZNF384_HT-SELEX_TAAATT40NCTG_KT_TTTTTNNNNNNNNNNNNAAAAA_1_4	TTTTTNNNNNNNNNNNNAAAAA	29358009_499	29358009	499	2025-08-22 10:25:17	puhti	CANCELLED	259202	0:0	mariaosm	mariaosm	NA	1	1	NA	10485760	9641159	3-00:00:00	259205	3-00:00:02
3500	BCL11B_HT-SELEX_TTCACC40NGCT_KT_GTGAACRNNNNNNYTACAC_1_4	GTGAACRNNNNNNYTACAC	29358009_500	29358009	500	2025-08-22 10:25:17	puhti	COMPLETED	3745	0:0	mariaosm	mariaosm	NA	1	1	01:01:58	10485760	5737	3-00:00:00	3745	01:02:25
3501	ZNF345_HT-SELEX_TGTGGT40NGGC_KT_TTGCAACNNNNNCAACYGKACN_2_3	TTGCAACNNNNNCAACYGKACN	29358009_501	29358009	501	2025-08-22 10:25:17	puhti	COMPLETED	4162	0:0	mariaosm	mariaosm	NA	1	1	01:08:55	10485760	5802	3-00:00:00	4162	01:09:22
3502	ZNF296_HT-SELEX_TTAAGT40NCCT_KS_NASTGGWCASN_1_4	NASTGGWCASN	29358009_502	29358009	502	2025-08-22 10:25:17	puhti	COMPLETED	23	0:0	mariaosm	mariaosm	NA	1	1	NA	10485760	3208	3-00:00:00	23	NA
3503	ZNF771_HT-SELEX_TCTGCA40NATA_KT_NRCGCTAACCATTRN_2_3	NRCGCTAACCATTRN	29358009_503	29358009	503	2025-08-22 10:25:17	puhti	COMPLETED	25	0:0	mariaosm	mariaosm	NA	1	1	NA	10485760	3210	3-00:00:00	25	NA
3504	ZNF771_HT-SELEX_TGCTCA40NCTG_KV_NRCGCTAACCATTRN_2_2	NRCGCTAACCATTRN	29358009_504	29358009	504	2025-08-22 10:25:17	puhti	COMPLETED	21	0:0	mariaosm	mariaosm	NA	1	1	NA	10485760	3270	3-00:00:00	21	NA
3505	ZNF76_HT-SELEX_TGACAA40NACT_KT_NYYWCCCAYAATGCANYGCGN_2_3	NYYWCCCAYAATGCANYGCGN	29358009_505	29358009	505	2025-08-22 10:25:17	puhti	COMPLETED	508	0:0	mariaosm	mariaosm	NA	1	1	08:23.367	10485760	5725	3-00:00:00	508	NA
3506	ZNF276_HT-SELEX_TGCTCA40NCTG_KT_NTTAAGGNNGTANNNWCSNCCTTAN_2_4	NTTAAGGNNGTANNNWCSNCCTTAN	29358009_506	29358009	506	2025-08-22 10:25:17	puhti	CANCELLED	259201	0:0	mariaosm	mariaosm	NA	1	1	NA	10485760	7225	3-00:00:00	259204	3-00:00:01
3507	ZNF501_HT-SELEX_TGTTTA40NACG_KAE_NSSCGACGCGAACMN_2_4b0	NSSCGACGCGAACMN	29358009_507	29358009	507	2025-08-22 10:25:17	puhti	COMPLETED	37	0:0	mariaosm	mariaosm	NA	1	1	NA	10485760	5758	3-00:00:00	37	NA
3508	ZNF784_HT-SELEX_TACCAA40NTTA_KV_STACYTACCKY_1_2	STACYTACCKY	29358009_508	29358009	508	2025-08-22 10:25:17	puhti	COMPLETED	17	0:0	mariaosm	mariaosm	NA	1	1	NA	10485760	3274	3-00:00:00	17	NA
3509	ZNF787_HT-SELEX_TCTGCC40NCAC_KV_RATGCMNNNNNNNTGCCTCR_1_4	RATGCMNNNNNNNTGCCTCR	29358009_509	29358009	509	2025-08-22 10:25:17	puhti	COMPLETED	48119	0:0	mariaosm	mariaosm	NA	1	1	13:16:44	10485760	5863	3-00:00:00	48119	13:21:59
3510	ZNF787_HT-SELEX_TCTGCC40NCAC_KV_TGCCTCMGTTTMCCY_2_4	TGCCTCMGTTTMCCY	29358009_510	29358009	510	2025-08-22 10:25:17	puhti	COMPLETED	14	0:0	mariaosm	mariaosm	NA	1	1	NA	10485760	3204	3-00:00:00	14	NA
3511	ZNF660_HT-SELEX_TGCACG40NTTG_KV_NYTGATNNCCCAYCCTRN_2_2	NYTGATNNCCCAYCCTRN	29358009_511	29358009	511	2025-08-22 10:25:17	puhti	COMPLETED	437	0:0	mariaosm	mariaosm	NA	1	1	06:45.498	10485760	5744	3-00:00:00	437	NA
3512	ZNF704_HT-SELEX_TATTTC40NGCA_KV_NRCCGGCCGGYN_1_2	NRCCGGCCGGYN	29358009_512	29358009	512	2025-08-22 10:25:17	puhti	COMPLETED	50	0:0	mariaosm	mariaosm	NA	1	1	NA	10485760	696867	3-00:00:00	50	NA
3513	ZNF821_HT-SELEX_TGAGTT40NCGG_KX_NRGACRGACRGACRN_1_4	NRGACRGACRGACRN	29358009_513	29358009	513	2025-08-22 10:25:17	puhti	COMPLETED	86	0:0	mariaosm	mariaosm	NA	1	1	NA	10485760	5736	3-00:00:00	86	NA
3514	ZNF524_HT-SELEX_TTGATG40NATC_KX_NYTCGNACCCKN_1_3	NYTCGNACCCKN	29358009_514	29358009	514	2025-08-22 10:25:17	puhti	COMPLETED	50	0:0	mariaosm	mariaosm	NA	1	1	NA	10485760	5736	3-00:00:00	50	NA
3515	ZBTB26_HT-SELEX_TGAAGG40NGAT_KAE_NMTCYAGAAAAN_1_3	NMTCYAGAAAAN	29358009_515	29358009	515	2025-08-22 10:25:17	puhti	COMPLETED	24	0:0	mariaosm	mariaosm	NA	1	1	NA	10485760	3214	3-00:00:00	24	NA
3516	ZSCAN1_HT-SELEX_TGCTCC40NCCG_KP_NYRCACACNCTGMAAMN_2_2	NYRCACACNCTGMAAMN	29358009_516	29358009	516	2025-08-22 10:25:17	puhti	COMPLETED	183	0:0	mariaosm	mariaosm	NA	1	1	03:01.269	10485760	5828	3-00:00:00	183	NA
3517	ZSCAN4_HT-SELEX_TAGAGA40NCGC_KP_NYGCACACNCTGWAARN_2_2	NYGCACACNCTGWAARN	29358009_517	29358009	517	2025-08-22 10:25:17	puhti	COMPLETED	130	0:0	mariaosm	mariaosm	NA	1	1	01:51.392	10485760	5866	3-00:00:00	130	NA
3518	ZSCAN5A_HT-SELEX_TCGCCC40NCAT_KR_NYGTCCCYCCCCAAANMN_2_2	NYGTCCCYCCCCAAANMN	29358009_518	29358009	518	2025-08-22 10:25:17	puhti	COMPLETED	109	0:0	mariaosm	mariaosm	NA	1	1	01:40.878	10485760	5902	3-00:00:00	109	NA
3519	ZSCAN9_HT-SELEX_TAAATT40NCTG_KR_NRGGATAAGATAAGAANCMN_2_3	NRGGATAAGATAAGAANCMN	29358009_519	29358009	519	2025-08-22 10:25:17	puhti	COMPLETED	65	0:0	mariaosm	mariaosm	NA	1	1	01:03.554	10485760	5998	3-00:00:00	65	NA
3520	ZSCAN23_HT-SELEX_TACTAC40NGCC_KR_NYCATGTGCTAATTACAMN_2_3	NYCATGTGCTAATTACAMN	29358009_520	29358009	520	2025-08-22 10:25:17	puhti	COMPLETED	26	0:0	mariaosm	mariaosm	NA	1	1	NA	10485760	3272	3-00:00:00	26	NA
3521	ZSCAN16_HT-SELEX_TCCACC40NTTA_KR_NANTGTTAACAGAGCCTCN_2_4	NANTGTTAACAGAGCCTCN	29358009_521	29358009	521	2025-08-22 10:25:17	puhti	COMPLETED	27	0:0	mariaosm	mariaosm	NA	1	1	NA	10485760	3270	3-00:00:00	27	NA
3522	ZSCAN16_HT-SELEX_TGGCTA40NTCC_KW_NANTGTTAACAGAGCCTCN_2_3	NANTGTTAACAGAGCCTCN	29358009_522	29358009	522	2025-08-22 10:25:17	puhti	COMPLETED	26	0:0	mariaosm	mariaosm	NA	1	1	NA	10485760	3206	3-00:00:00	26	NA
3523	ZNF174_HT-SELEX_TACCGA40NATA_KS_NGNCRATCACTYGNCN_2_3	NGNCRATCACTYGNCN	29358009_523	29358009	523	2025-08-22 10:25:17	puhti	COMPLETED	198	0:0	mariaosm	mariaosm	NA	1	1	03:16.043	10485760	6001	3-00:00:00	198	NA
3524	ZNF263_HT-SELEX_TTAGTA40NCTC_KS_NGTGCTCCCN_1_4	NGTGCTCCCN	29358009_524	29358009	524	2025-08-22 10:25:17	puhti	COMPLETED	15	0:0	mariaosm	mariaosm	NA	1	1	NA	10485760	3276	3-00:00:00	15	NA
3525	ZNF449_HT-SELEX_TGCGAG40NTTC_KT_RCGCCCAACC_1_4	RCGCCCAACC	29358009_525	29358009	525	2025-08-22 10:25:17	puhti	COMPLETED	14	0:0	mariaosm	mariaosm	NA	1	1	NA	10485760	3212	3-00:00:00	14	NA
3526	ZNF449_HT-SELEX_TGCGAG40NTTC_KT_NTCGCGNGCMARCAN_1_4	NTCGCGNGCMARCAN	29358009_526	29358009	526	2025-08-22 10:25:17	puhti	COMPLETED	48	0:0	mariaosm	mariaosm	NA	1	1	NA	10485760	5810	3-00:00:00	48	NA
3527	ZSCAN31_HT-SELEX_TGGAGA40NCCA_KV_GCATAACKGCCCTGCKKCN_2_4	GCATAACKGCCCTGCKKCN	29358009_527	29358009	527	2025-08-22 10:25:17	puhti	COMPLETED	20	0:0	mariaosm	mariaosm	NA	1	1	NA	10485760	3274	3-00:00:00	20	NA
3528	ZNF396_HT-SELEX_TTAAAT40NAAT_KW_NTGTMCGAAAN_1_4	NTGTMCGAAAN	29358009_528	29358009	528	2025-08-22 10:25:17	puhti	COMPLETED	15	0:0	mariaosm	mariaosm	NA	1	1	NA	10485760	3212	3-00:00:00	15	NA
3529	ZSCAN29_HT-SELEX_40NATTAAATTTAT_KAK_MMGYGTAGMCGKCTACACNN_2_3b0	MMGYGTAGMCGKCTACACNN	29358009_529	29358009	529	2025-08-22 10:25:17	puhti	COMPLETED	116	0:0	mariaosm	mariaosm	NA	1	1	01:54.663	10485760	5737	3-00:00:00	116	NA
3530	ZNF444_HT-SELEX_TCCTGC40NTCG_KAE_NCRTCCCCCTCCCCCN_2_3	NCRTCCCCCTCCCCCN	29358009_530	29358009	530	2025-08-22 10:25:17	puhti	COMPLETED	18	0:0	mariaosm	mariaosm	NA	1	1	NA	10485760	3208	3-00:00:00	18	NA
3531	ZNF274_HT-SELEX_TGCAGT40NAAG_KV_NRTRTGAGTTCTCRYN_2_3	NRTRTGAGTTCTCRYN	29358009_531	29358009	531	2025-08-22 10:25:17	puhti	COMPLETED	64	0:0	mariaosm	mariaosm	NA	1	1	01:02.169	10485760	5709	3-00:00:00	64	NA
3532	MBNL2_HT-SELEX_TCTAAG40NTTA_KZ_NYGCTTYGCTTN_1_4	NYGCTTYGCTTN	29358009_532	29358009	532	2025-08-22 10:25:17	puhti	COMPLETED	22	0:0	mariaosm	mariaosm	NA	1	1	NA	10485760	3276	3-00:00:00	22	NA
3533	CPSF4_HT-SELEX_TTGTCC40NTAG_KZ_MCCNCCNCCNCCCCNCCCCCNCCAN_2_4	MCCNCCNCCNCCCCNCCCCCNCCAN	29358009_533	29358009	533	2025-08-22 10:25:17	puhti	COMPLETED	2105	0:0	mariaosm	mariaosm	NA	1	1	34:51.784	10485760	5770	3-00:00:00	2105	NA
3534	EGR1_HT-SELEX_TTGTAC40NGTA_KR_NMCGCCCACGCMN_1_2	NMCGCCCACGCMN	29358009_534	29358009	534	2025-08-22 10:25:17	puhti	COMPLETED	21	0:0	mariaosm	mariaosm	NA	1	1	NA	10485760	3208	3-00:00:00	21	NA
3535	EGR2_HT-SELEX_TACCCT40NTTA_KX_NMCGCCCACGCAN_1_4	NMCGCCCACGCAN	29358009_535	29358009	535	2025-08-22 10:25:17	puhti	COMPLETED	43	0:0	mariaosm	mariaosm	NA	1	1	NA	10485760	757209	3-00:00:00	43	NA
3536	EGR3_HT-SELEX_TCCATC40NTGA_KW_NMCGCCCACGCAN_1_2	NMCGCCCACGCAN	29358009_536	29358009	536	2025-08-22 10:25:17	puhti	COMPLETED	43	0:0	mariaosm	mariaosm	NA	1	1	NA	10485760	760208	3-00:00:00	43	NA
3537	EGR4_HT-SELEX_TTTCTA40NCAT_KP_NMCGCCCACGCAN_1_2	NMCGCCCACGCAN	29358009_537	29358009	537	2025-08-22 10:25:17	puhti	COMPLETED	43	0:0	mariaosm	mariaosm	NA	1	1	NA	10485760	759904	3-00:00:00	43	NA
3538	SP8_HT-SELEX_TCGCCG40NTGC_KP_NCCACGCCCMYN_1_4	NCCACGCCCMYN	29358009_538	29358009	538	2025-08-22 10:25:17	puhti	COMPLETED	46	0:0	mariaosm	mariaosm	NA	1	1	NA	10485760	759251	3-00:00:00	46	NA
3539	SP9_HT-SELEX_TACCGA40NATA_KP_NCCACGCCCMYN_1_4	NCCACGCCCMYN	29358009_539	29358009	539	2025-08-22 10:25:17	puhti	COMPLETED	25	0:0	mariaosm	mariaosm	NA	1	1	NA	10485760	3210	3-00:00:00	25	NA
3540	SP1_HT-SELEX_TACCCA40NTGT_KV_NWRGCCACGCCCMYN_2_2	NWRGCCACGCCCMYN	29358009_540	29358009	540	2025-08-22 10:25:17	puhti	COMPLETED	49	0:0	mariaosm	mariaosm	NA	1	1	NA	10485760	5947	3-00:00:00	49	NA
3541	SP3_HT-SELEX_TTCACC40NGCT_KR_NRCCMCGCCCMYN_1_4	NRCCMCGCCCMYN	29358009_541	29358009	541	2025-08-22 10:25:17	puhti	COMPLETED	44	0:0	mariaosm	mariaosm	NA	1	1	NA	10485760	5944	3-00:00:00	44	NA
3542	SP2_HT-SELEX_TACGAA40NAGA_KV_NYWAGYCCCGCCCMCYN_2_3	NYWAGYCCCGCCCMCYN	29358009_542	29358009	542	2025-08-22 10:25:17	puhti	COMPLETED	94	0:0	mariaosm	mariaosm	NA	1	1	01:32.131	10485760	5849	3-00:00:00	94	NA
3543	KLF15_HT-SELEX_TCATGA40NAGT_KT_NCCACGCCCMYN_1_4	NCCACGCCCMYN	29358009_543	29358009	543	2025-08-22 10:25:17	puhti	COMPLETED	24	0:0	mariaosm	mariaosm	NA	1	1	NA	10485760	3270	3-00:00:00	24	NA
3544	KLF15_HT-SELEX_TGGTCG40NTAA_KW_NCCMCGCCCMYN_1_4	NCCMCGCCCMYN	29358009_544	29358009	544	2025-08-22 10:25:17	puhti	COMPLETED	32	0:0	mariaosm	mariaosm	NA	1	1	NA	10485760	5961	3-00:00:00	32	NA
3545	KLF3_HT-SELEX_TTACAA40NTAC_KAF_NRCCRCGCCCN_1_3	NRCCRCGCCCN	29358009_545	29358009	545	2025-08-22 10:25:17	puhti	COMPLETED	24	0:0	mariaosm	mariaosm	NA	1	1	NA	10485760	3202	3-00:00:00	24	NA
3546	KLF5_HT-SELEX_TGTGAT40NGCA_KS_NMCACGCCCN_1_4	NMCACGCCCN	29358009_546	29358009	546	2025-08-22 10:25:17	puhti	COMPLETED	20	0:0	mariaosm	mariaosm	NA	1	1	NA	10485760	3206	3-00:00:00	20	NA
3547	KLF6_HT-SELEX_TGCTCC40NCCG_KW_NRCCACGCCCN_1_4	NRCCACGCCCN	29358009_547	29358009	547	2025-08-22 10:25:17	puhti	COMPLETED	17	0:0	mariaosm	mariaosm	NA	1	1	NA	10485760	3212	3-00:00:00	17	NA
3548	KLF12_HT-SELEX_TTTGAG40NATT_KX_NRCCACGCCCW_1_3	NRCCACGCCCW	29358009_548	29358009	548	2025-08-22 10:25:17	puhti	COMPLETED	15	0:0	mariaosm	mariaosm	NA	1	1	NA	10485760	3276	3-00:00:00	15	NA
3549	KLF2_HT-SELEX_TCGGTG40NCAA_KP_NRCCACRCCCN_1_2	NRCCACRCCCN	29358009_549	29358009	549	2025-08-22 10:25:17	puhti	COMPLETED	20	0:0	mariaosm	mariaosm	NA	1	1	NA	10485760	3276	3-00:00:00	20	NA
3550	KLF4_HT-SELEX_TAGAGA40NCGC_KT_NRCCMCGCCCN_1_4	NRCCMCGCCCN	29358009_550	29358009	550	2025-08-22 10:25:17	puhti	COMPLETED	20	0:0	mariaosm	mariaosm	NA	1	1	NA	10485760	3210	3-00:00:00	20	NA
3551	KLF10_HT-SELEX_TATGTA40NTGT_KR_RMCACRCCCMYNMCACRCCCMC_2_4	RMCACRCCCMYNMCACRCCCMC	29358009_551	29358009	551	2025-08-22 10:25:17	puhti	COMPLETED	210	0:0	mariaosm	mariaosm	NA	1	1	03:27.326	10485760	5821	3-00:00:00	210	NA
3552	KLF11_HT-SELEX_TCTCTC40NTTG_KR_NMCACGCCCNNNNCACGCCCMC_2_4	NMCACGCCCNNNNCACGCCCMC	29358009_552	29358009	552	2025-08-22 10:25:17	puhti	COMPLETED	799	0:0	mariaosm	mariaosm	NA	1	1	13:13.438	10485760	5751	3-00:00:00	799	NA
3553	KLF13_HT-SELEX_TACTTA40NCTA_KP_NRCCACGCCCMYN_1_2	NRCCACGCCCMYN	29358009_553	29358009	553	2025-08-22 10:25:17	puhti	COMPLETED	27	0:0	mariaosm	mariaosm	NA	1	1	NA	10485760	3268	3-00:00:00	27	NA
3554	KLF13_HT-SELEX_TATATA40NGCT_KV_NRCCACGCCCMYN_1_2	NRCCACGCCCMYN	29358009_554	29358009	554	2025-08-22 10:25:17	puhti	COMPLETED	47	0:0	mariaosm	mariaosm	NA	1	1	NA	10485760	5865	3-00:00:00	47	NA
3555	KLF14_HT-SELEX_TAAGGC40NTGA_KP_NRCCACGCCCMYN_1_2	NRCCACGCCCMYN	29358009_555	29358009	555	2025-08-22 10:25:17	puhti	COMPLETED	35	0:0	mariaosm	mariaosm	NA	1	1	NA	10485760	5736	3-00:00:00	35	NA
3556	KLF16_HT-SELEX_TGCTTT40NAGA_KP_NCCACRCCCN_1_4	NCCACRCCCN	29358009_556	29358009	556	2025-08-22 10:25:17	puhti	COMPLETED	19	0:0	mariaosm	mariaosm	NA	1	1	NA	10485760	3272	3-00:00:00	19	NA
3557	KLF17_HT-SELEX_40NTAATTAATTTA_KAM_NMCCACGCWCCCMYY_2_3b0	NMCCACGCWCCCMYY	29358009_557	29358009	557	2025-08-22 10:25:17	puhti	COMPLETED	32	0:0	mariaosm	mariaosm	NA	1	1	NA	10485760	6138	3-00:00:00	32	NA
3558	GATA2_HT-SELEX_TGAGGT40NTCC_KR_NYGATAASN_1_2	NYGATAASN	29358009_558	29358009	558	2025-08-22 10:25:17	puhti	COMPLETED	22	0:0	mariaosm	mariaosm	NA	1	1	NA	10485760	3212	3-00:00:00	22	NA
3559	GATA3_HT-SELEX_TTCGTT40NGCC_KX_NGATAACGATCW_1_3	NGATAACGATCW	29358009_559	29358009	559	2025-08-22 10:25:17	puhti	COMPLETED	20	0:0	mariaosm	mariaosm	NA	1	1	NA	10485760	3274	3-00:00:00	20	NA
3560	GATA3_HT-SELEX_TTCGTT40NGCC_KX_NGATAAGATCW_1_3	NGATAAGATCW	29358009_560	29358009	560	2025-08-22 10:25:17	puhti	COMPLETED	18	0:0	mariaosm	mariaosm	NA	1	1	NA	10485760	3278	3-00:00:00	18	NA
3561	GATA1_HT-SELEX_TTATAT40NACC_KN_GATAANNNNNTTATC_1_4b0	GATAANNNNNTTATC	29358009_561	29358009	561	2025-08-22 10:25:17	puhti	COMPLETED	129	0:0	mariaosm	mariaosm	NA	1	1	02:06.064	10485760	5731	3-00:00:00	129	NA
3562	GATA5_HT-SELEX_TCCTCG40NCAG_KP_NWGATAASRN_1_2	NWGATAASRN	29358009_562	29358009	562	2025-08-22 10:25:17	puhti	COMPLETED	23	0:0	mariaosm	mariaosm	NA	1	1	NA	10485760	3270	3-00:00:00	23	NA
3563	GATA5_HT-SELEX_TCCTCG40NCAG_KP_WGATAACGATCT_1_2	WGATAACGATCT	29358009_563	29358009	563	2025-08-22 10:25:17	puhti	COMPLETED	15	0:0	mariaosm	mariaosm	NA	1	1	NA	10485760	3208	3-00:00:00	15	NA
3564	GATA5_HT-SELEX_TTAGAG40NCGG_KW_NWGATAASRN_1_2	NWGATAASRN	29358009_564	29358009	564	2025-08-22 10:25:17	puhti	COMPLETED	33	0:0	mariaosm	mariaosm	NA	1	1	NA	10485760	5933	3-00:00:00	33	NA
3565	GATA5_HT-SELEX_TTAGAG40NCGG_KW_WGATAACGATCT_1_2	WGATAACGATCT	29358009_565	29358009	565	2025-08-22 10:25:17	puhti	COMPLETED	17	0:0	mariaosm	mariaosm	NA	1	1	NA	10485760	3206	3-00:00:00	17	NA
3566	GATA4_HT-SELEX_TTAGAG40NCGG_KP_NWGATAASRN_1_2	NWGATAASRN	29358009_566	29358009	566	2025-08-22 10:25:17	puhti	COMPLETED	28	0:0	mariaosm	mariaosm	NA	1	1	NA	10485760	3268	3-00:00:00	28	NA
3567	GATA6_HT-SELEX_TCCATC40NTGA_KS_NGATAACGATCW_1_3	NGATAACGATCW	29358009_567	29358009	567	2025-08-22 10:25:17	puhti	COMPLETED	16	0:0	mariaosm	mariaosm	NA	1	1	NA	10485760	3268	3-00:00:00	16	NA
3568	GLI2_HT-SELEX_TGGAGT40NTGG_KS_NGACCACCCACGWYG_2_3	NGACCACCCACGWYG	29358009_568	29358009	568	2025-08-22 10:25:17	puhti	COMPLETED	15	0:0	mariaosm	mariaosm	NA	1	1	NA	10485760	3210	3-00:00:00	15	NA
3569	GLI3_HT-SELEX_TCAAAC40NAAC_KP_RGACCACCCACRWYG_2_2	RGACCACCCACRWYG	29358009_569	29358009	569	2025-08-22 10:25:17	puhti	COMPLETED	16	0:0	mariaosm	mariaosm	NA	1	1	NA	10485760	3276	3-00:00:00	16	NA
3570	GLIS1_HT-SELEX_TTTGTA40NTCC_KS_NACCCCCCACGWMGN_2_3	NACCCCCCACGWMGN	29358009_570	29358009	570	2025-08-22 10:25:17	puhti	COMPLETED	22	0:0	mariaosm	mariaosm	NA	1	1	NA	10485760	3278	3-00:00:00	22	NA
3571	GLIS2_HT-SELEX_TCGCCC40NCAT_KP_RCCCCCCRCGWYGN_2_4	RCCCCCCRCGWYGN	29358009_571	29358009	571	2025-08-22 10:25:17	puhti	COMPLETED	21	0:0	mariaosm	mariaosm	NA	1	1	NA	10485760	3276	3-00:00:00	21	NA
3572	ZIC1_HT-SELEX_TCACGC40NACT_KR_NMCCMCCCGCYGYGN_2_4	NMCCMCCCGCYGYGN	29358009_572	29358009	572	2025-08-22 10:25:17	puhti	COMPLETED	54	0:0	mariaosm	mariaosm	NA	1	1	NA	10485760	6052	3-00:00:00	54	NA
3573	ZIC1_HT-SELEX_TTTATT40NATC_KW_NMCCMCCYGCTGYGN_2_4	NMCCMCCYGCTGYGN	29358009_573	29358009	573	2025-08-22 10:25:17	puhti	COMPLETED	47	0:0	mariaosm	mariaosm	NA	1	1	NA	10485760	5793	3-00:00:00	47	NA
3574	ZIC3_HT-SELEX_TAGCGC40NCGC_KR_NGACCCCCCGCTGYGM_2_2	NGACCCCCCGCTGYGM	29358009_574	29358009	574	2025-08-22 10:25:17	puhti	COMPLETED	21	0:0	mariaosm	mariaosm	NA	1	1	NA	10485760	3270	3-00:00:00	21	NA
3575	ZIC3_HT-SELEX_TGTAGA40NTGT_KZ_NRCCCCCYGCTGYGN_2_4	NRCCCCCYGCTGYGN	29358009_575	29358009	575	2025-08-22 10:25:17	puhti	COMPLETED	28	0:0	mariaosm	mariaosm	NA	1	1	NA	10485760	3210	3-00:00:00	28	NA
3576	ZIC4_HT-SELEX_TCTATT40NCAT_KT_NRCCMCCYGYNGYGN_2_4	NRCCMCCYGYNGYGN	29358009_576	29358009	576	2025-08-22 10:25:17	puhti	COMPLETED	243	0:0	mariaosm	mariaosm	NA	1	1	04:00.762	10485760	6121	3-00:00:00	243	NA
3577	ZIC5_HT-SELEX_TCGGGT40NAAG_KV_NGACCCCCYGCTGYGM_2_3	NGACCCCCYGCTGYGM	29358009_577	29358009	577	2025-08-22 10:25:17	puhti	COMPLETED	24	0:0	mariaosm	mariaosm	NA	1	1	NA	10485760	3274	3-00:00:00	24	NA
3578	ZBTB7A_HT-SELEX_TGAGGA40NTTG_KR_NCGACCMCCGN_1_4	NCGACCMCCGN	29358009_578	29358009	578	2025-08-22 10:25:17	puhti	COMPLETED	21	0:0	mariaosm	mariaosm	NA	1	1	NA	10485760	3276	3-00:00:00	21	NA
3579	ZBTB7B_HT-SELEX_TCTAAG40NTTA_KS_NCGACCMCCN_1_3	NCGACCMCCN	29358009_579	29358009	579	2025-08-22 10:25:17	puhti	COMPLETED	19	0:0	mariaosm	mariaosm	NA	1	1	NA	10485760	3274	3-00:00:00	19	NA
3580	ZNF740_HT-SELEX_TTGATG40NATC_KP_NYGCCCCCCCCAC_2_4	NYGCCCCCCCCAC	29358009_580	29358009	580	2025-08-22 10:25:17	puhti	COMPLETED	16	0:0	mariaosm	mariaosm	NA	1	1	NA	10485760	3270	3-00:00:00	16	NA
3581	ZNF740_HT-SELEX_TTATTT40NCGT_KW_NYGCCCCCCCCAC_1_3	NYGCCCCCCCCAC	29358009_581	29358009	581	2025-08-22 10:25:17	puhti	COMPLETED	17	0:0	mariaosm	mariaosm	NA	1	1	NA	10485760	3278	3-00:00:00	17	NA
3582	ZBED1_HT-SELEX_TACCCT40NTTA_KV_NTRTCGCGAYAT_1_3	NTRTCGCGAYAT	29358009_582	29358009	582	2025-08-22 10:25:17	puhti	COMPLETED	18	0:0	mariaosm	mariaosm	NA	1	1	NA	10485760	3210	3-00:00:00	18	NA
3583	DPF1_HT-SELEX_TTGCTT40NCCA_KP_NCTATAGGTGN_1_3	NCTATAGGTGN	29358009_583	29358009	583	2025-08-22 10:25:17	puhti	COMPLETED	17	0:0	mariaosm	mariaosm	NA	1	1	NA	10485760	3270	3-00:00:00	17	NA
3584	PRDM1_HT-SELEX_TATATA40NGCT_KS_NRGNGAAAGTGN_1_4	NRGNGAAAGTGN	29358009_584	29358009	584	2025-08-22 10:25:17	puhti	COMPLETED	30	0:0	mariaosm	mariaosm	NA	1	1	NA	10485760	3270	3-00:00:00	30	NA
3585	PRDM4_HT-SELEX_TGTACA40NGTA_KT_YRRCNGTTTCAAGKCYCCCC_2_4	YRRCNGTTTCAAGKCYCCCC	29358009_585	29358009	585	2025-08-22 10:25:17	puhti	COMPLETED	41	0:0	mariaosm	mariaosm	NA	1	1	NA	10485760	6040	3-00:00:00	41	NA
3586	XPA_HT-SELEX_TCACGC40NACT_KX_NCACCTCACAN_1_4	NCACCTCACAN	29358009_586	29358009	586	2025-08-22 10:25:17	puhti	COMPLETED	18	0:0	mariaosm	mariaosm	NA	1	1	NA	10485760	3268	3-00:00:00	18	NA
3587	LIN28B_HT-SELEX_TTTGAC40NGGT_KV_CGCGANNNNNCAGCG_1_4	CGCGANNNNNCAGCG	29358009_587	29358009	587	2025-08-22 10:25:17	puhti	COMPLETED	182	0:0	mariaosm	mariaosm	NA	1	1	02:58.711	10485760	5744	3-00:00:00	182	NA
3588	SCRT1_HT-SELEX_TTCGGC40NAGC_KP_NGCAACAGGTN_1_2	NGCAACAGGTN	29358009_588	29358009	588	2025-08-22 10:25:17	puhti	COMPLETED	18	0:0	mariaosm	mariaosm	NA	1	1	NA	10485760	3212	3-00:00:00	18	NA
3589	SCRT2_HT-SELEX_TCAGAA40NAGG_KP_NGCAACAGGTN_1_2	NGCAACAGGTN	29358009_589	29358009	589	2025-08-22 10:25:17	puhti	COMPLETED	16	0:0	mariaosm	mariaosm	NA	1	1	NA	10485760	3206	3-00:00:00	16	NA
3590	SNAI1_HT-SELEX_TAGCGC40NCGC_KT_NRCAGGTGYR_1_3	NRCAGGTGYR	29358009_590	29358009	590	2025-08-22 10:25:17	puhti	COMPLETED	25	0:0	mariaosm	mariaosm	NA	1	1	NA	10485760	3208	3-00:00:00	25	NA
3591	SNAI1_HT-SELEX_TTGTGG40NCGG_KV_NRCAGGTGCR_1_3	NRCAGGTGCR	29358009_591	29358009	591	2025-08-22 10:25:17	puhti	COMPLETED	24	0:0	mariaosm	mariaosm	NA	1	1	NA	10485760	3268	3-00:00:00	24	NA
3592	SNAI2_HT-SELEX_TTAACA40NTGT_KR_NRCAGGTGCR_1_3	NRCAGGTGCR	29358009_592	29358009	592	2025-08-22 10:25:17	puhti	COMPLETED	17	0:0	mariaosm	mariaosm	NA	1	1	NA	10485760	3206	3-00:00:00	17	NA
3593	SNAI2_HT-SELEX_TACCTT40NCGA_KV_NRCAGGTGCA_1_3	NRCAGGTGCA	29358009_593	29358009	593	2025-08-22 10:25:17	puhti	COMPLETED	16	0:0	mariaosm	mariaosm	NA	1	1	NA	10485760	3268	3-00:00:00	16	NA
3594	SNAI3_HT-SELEX_TAGTAC40NTAG_KAE_NRCAGGTGCR_1_3	NRCAGGTGCR	29358009_594	29358009	594	2025-08-22 10:25:17	puhti	COMPLETED	17	0:0	mariaosm	mariaosm	NA	1	1	NA	10485760	3208	3-00:00:00	17	NA
3595	ZNF385D_HT-SELEX_TAAAGT40NAGC_KT_NCGTCGCGACGN_1_3	NCGTCGCGACGN	29358009_595	29358009	595	2025-08-22 10:25:17	puhti	COMPLETED	20	0:0	mariaosm	mariaosm	NA	1	1	NA	10485760	3270	3-00:00:00	20	NA
3596	OVOL1_HT-SELEX_TGCTGG40NGCC_KX_NRWACCGTTATNYN_1_3	NRWACCGTTATNYN	29358009_596	29358009	596	2025-08-22 10:25:17	puhti	COMPLETED	97	0:0	mariaosm	mariaosm	NA	1	1	01:34.180	10485760	6170	3-00:00:00	98	NA
3597	OVOL2_HT-SELEX_TGTGAT40NGCA_KR_NWWCCGTTAYNYN_1_2	NWWCCGTTAYNYN	29358009_597	29358009	597	2025-08-22 10:25:17	puhti	COMPLETED	156	0:0	mariaosm	mariaosm	NA	1	1	02:20.606	10485760	5874	3-00:00:00	156	NA
3598	OVOL2_HT-SELEX_TCTCAG40NAGA_KAE_NWWCCGTTAYNYN_1_2	NWWCCGTTAYNYN	29358009_598	29358009	598	2025-08-22 10:25:17	puhti	COMPLETED	131	0:0	mariaosm	mariaosm	NA	1	1	02:08.277	10485760	5812	3-00:00:00	131	NA
3599	YY1_HT-SELEX_TTGGGC40NGGC_KX_NGCCGCCATYTTGN_2_4	NGCCGCCATYTTGN	29358009_599	29358009	599	2025-08-22 10:25:17	puhti	COMPLETED	18	0:0	mariaosm	mariaosm	NA	1	1	NA	10485760	6072	3-00:00:00	18	NA
3600	YY1_HT-SELEX_TTGGGC40NGGC_KX_NGCCATNTTTGNCNNNNYGTGCN_2_4	NGCCATNTTTGNCNNNNYGTGCN	29358009_600	29358009	600	2025-08-22 10:25:17	puhti	COMPLETED	53353	0:0	mariaosm	mariaosm	NA	1	1	14:43:53	10485760	6158	3-00:00:00	53353	14:49:13
3601	YY2_HT-SELEX_TAGAGA40NCGC_KV_NKCCGCCATTTTGN_2_2	NKCCGCCATTTTGN	29358009_601	29358009	601	2025-08-22 10:25:17	puhti	COMPLETED	19	0:0	mariaosm	mariaosm	NA	1	1	NA	10485760	3212	3-00:00:00	19	NA
3602	MTF1_HT-SELEX_TGCGCA40NCAA_KP_NYTTTGCACACGRYNYN_2_3	NYTTTGCACACGRYNYN	29358009_602	29358009	602	2025-08-22 10:25:17	puhti	COMPLETED	153	0:0	mariaosm	mariaosm	NA	1	1	02:30.008	10485760	5968	3-00:00:00	153	NA
3603	ZNF454_HT-SELEX_TAGTTC40NATC_KN_TRGCGCCGGCGCYN_1_3	TRGCGCCGGCGCYN	29358009_603	29358009	603	2025-08-22 10:25:17	puhti	COMPLETED	43	0:0	mariaosm	mariaosm	NA	1	1	NA	10485760	759214	3-00:00:00	43	NA
3604	ZNF454_HT-SELEX_TAGTTC40NATC_KN_NRGCGCCNGGCGCYN_1_3	NRGCGCCNGGCGCYN	29358009_604	29358009	604	2025-08-22 10:25:17	puhti	COMPLETED	48	0:0	mariaosm	mariaosm	NA	1	1	NA	10485760	5741	3-00:00:00	48	NA
3605	ZNF250_HT-SELEX_TGGGTT40NCGT_KN_NTAGGCCYAN_1_3b0	NTAGGCCYAN	29358009_605	29358009	605	2025-08-22 10:25:17	puhti	COMPLETED	16	0:0	mariaosm	mariaosm	NA	1	1	NA	10485760	3212	3-00:00:00	16	NA
3606	ZNF75A_HT-SELEX_TCTTAT40NACA_KP_NGCTTTTCCCACMN_1_2	NGCTTTTCCCACMN	29358009_606	29358009	606	2025-08-22 10:25:17	puhti	COMPLETED	22	0:0	mariaosm	mariaosm	NA	1	1	NA	10485760	3212	3-00:00:00	22	NA
3607	ZNF75A_HT-SELEX_TAACTC40NGTC_KW_NGCTTTTCCCACAN_1_4	NGCTTTTCCCACAN	29358009_607	29358009	607	2025-08-22 10:25:17	puhti	COMPLETED	25	0:0	mariaosm	mariaosm	NA	1	1	NA	10485760	3278	3-00:00:00	25	NA
3608	ZNF713_HT-SELEX_TACGGT40NTAC_KP_NMGACGACTGCCACGAAAN_2_3	NMGACGACTGCCACGAAAN	29358009_608	29358009	608	2025-08-22 10:25:17	puhti	COMPLETED	25	0:0	mariaosm	mariaosm	NA	1	1	NA	10485760	3274	3-00:00:00	25	NA
3609	ZNF713_HT-SELEX_TACGGT40NTAC_KP_NAGAAAAAAGACWRGAAAN_2_3	NAGAAAAAAGACWRGAAAN	29358009_609	29358009	609	2025-08-22 10:25:17	puhti	COMPLETED	33	0:0	mariaosm	mariaosm	NA	1	1	NA	10485760	5733	3-00:00:00	33	NA
3610	ZNF282_HT-SELEX_TACCCT40NTTA_KR_NTTCCCMYNACACN_1_3	NTTCCCMYNACACN	29358009_610	29358009	610	2025-08-22 10:25:17	puhti	COMPLETED	52	0:0	mariaosm	mariaosm	NA	1	1	NA	10485760	5721	3-00:00:00	52	NA
3611	ZNF140_HT-SELEX_TGAGGT40NTCC_KS_NRCAATTCCGCTCN_1_3	NRCAATTCCGCTCN	29358009_611	29358009	611	2025-08-22 10:25:17	puhti	COMPLETED	19	0:0	mariaosm	mariaosm	NA	1	1	NA	10485760	3206	3-00:00:00	19	NA
3612	ZFP1_HT-SELEX_TGAACT40NAAG_KT_NTTTTATACCCAGCN_2_3	NTTTTATACCCAGCN	29358009_612	29358009	612	2025-08-22 10:25:17	puhti	COMPLETED	21	0:0	mariaosm	mariaosm	NA	1	1	NA	10485760	3278	3-00:00:00	21	NA
3613	ZNF343_HT-SELEX_TGGCGT40NCCT_KT_NYGCTTCACCNCGGYMN_2_4	NYGCTTCACCNCGGYMN	29358009_613	29358009	613	2025-08-22 10:25:17	puhti	COMPLETED	116	0:0	mariaosm	mariaosm	NA	1	1	01:52.651	10485760	5744	3-00:00:00	116	NA
3614	ZNF23_HT-SELEX_TGCTTT40NAGA_KT_NKGKCGCGGNCATGGKNGN_2_3	NKGKCGCGGNCATGGKNGN	29358009_614	29358009	614	2025-08-22 10:25:17	puhti	COMPLETED	393	0:0	mariaosm	mariaosm	NA	1	1	06:28.078	10485760	5900	3-00:00:00	393	NA
3615	ZNF12_HT-SELEX_TTCGGC40NAGC_KT_GGKSMTRYTTGTTWYAGCANN_2_3	GGKSMTRYTTGTTWYAGCANN	29358009_615	29358009	615	2025-08-22 10:25:17	puhti	COMPLETED	435	0:0	mariaosm	mariaosm	NA	1	1	07:09.735	10485760	5958	3-00:00:00	435	NA
3616	ZNF177_HT-SELEX_TCACAT40NATG_KT_NTYGRTCKNNNNNNNNAGTCATN_1_3	NTYGRTCKNNNNNNNNAGTCATN	29358009_616	29358009	616	2025-08-22 10:25:17	puhti	COMPLETED	251704	0:0	mariaosm	mariaosm	NA	1	1	NA	10485760	6758	3-00:00:00	251704	2-21:55:04
3617	ZNF597_HT-SELEX_TATTCA40NAGT_KW_NGCCGCCATYTTGN_2_4	NGCCGCCATYTTGN	29358009_617	29358009	617	2025-08-22 10:25:17	puhti	COMPLETED	22	0:0	mariaosm	mariaosm	NA	1	1	NA	10485760	3268	3-00:00:00	22	NA
3618	ZNF684_HT-SELEX_TACCGG40NAGT_KAF_NYACAGTCCWCCCCTTKN_2_3	NYACAGTCCWCCCCTTKN	29358009_618	29358009	618	2025-08-22 10:25:17	puhti	COMPLETED	43	0:0	mariaosm	mariaosm	NA	1	1	NA	10485760	5739	3-00:00:00	43	NA
3619	ZNF460_HT-SELEX_40NTTTATTTATAA_KAK_NAACGCCCCCCGN_1_3b0	NAACGCCCCCCGN	29358009_619	29358009	619	2025-08-22 10:25:17	puhti	COMPLETED	20	0:0	mariaosm	mariaosm	NA	1	1	NA	10485760	5742	3-00:00:00	20	NA
3620	ZBTB14_HT-SELEX_TGCCAA40NTAG_KP_NYGCRCGTGCACGYGN_2_3	NYGCRCGTGCACGYGN	29358009_620	29358009	620	2025-08-22 10:25:17	puhti	COMPLETED	57	0:0	mariaosm	mariaosm	NA	1	1	NA	10485760	5841	3-00:00:00	57	NA
3621	ZBTB14_HT-SELEX_TGACTG40NATG_KAE_NTGCRCGTGCACGYGN_1_4	NTGCRCGTGCACGYGN	29358009_621	29358009	621	2025-08-22 10:25:17	puhti	COMPLETED	23	0:0	mariaosm	mariaosm	NA	1	1	NA	10485760	3206	3-00:00:00	23	NA
3622	ZBTB32_HT-SELEX_TACTAA40NATT_KT_NRTACAGTNNNACTGTAYN_2_4	NRTACAGTNNNACTGTAYN	29358009_622	29358009	622	2025-08-22 10:25:17	puhti	COMPLETED	480	0:0	mariaosm	mariaosm	NA	1	1	07:52.518	10485760	5982	3-00:00:00	480	NA
3623	ZBTB12_HT-SELEX_TACTGG40NGGA_KV_NGCTGNNCCGCGYN_1_4	NGCTGNNCCGCGYN	29358009_623	29358009	623	2025-08-22 10:25:17	puhti	COMPLETED	82	0:0	mariaosm	mariaosm	NA	1	1	01:17.251	10485760	5906	3-00:00:00	82	NA
3624	ZBTB12_HT-SELEX_TACTGG40NGGA_KV_NGGCCTGCCGTCNT_1_4	NGGCCTGCCGTCNT	29358009_624	29358009	624	2025-08-22 10:25:17	puhti	COMPLETED	18	0:0	mariaosm	mariaosm	NA	1	1	NA	10485760	3268	3-00:00:00	18	NA
3625	ZBTB43_HT-SELEX_TACGGT40NTAC_KR_NGTGCCNNNNNNNYAGCACN_1_3	NGTGCCNNNNNNNYAGCACN	29358009_625	29358009	625	2025-08-22 10:25:17	puhti	CANCELLED	259202	0:0	mariaosm	mariaosm	NA	1	1	NA	10485760	7114	3-00:00:00	259206	3-00:00:02
3626	ZBTB45_HT-SELEX_TACGGG40NCTT_KP_NCACCTATAKN_1_2	NCACCTATAKN	29358009_626	29358009	626	2025-08-22 10:25:17	puhti	COMPLETED	20	0:0	mariaosm	mariaosm	NA	1	1	NA	10485760	3272	3-00:00:00	20	NA
3627	ZBTB22_HT-SELEX_TGCCTC40NCAA_KP_NKCACTANNNTAGTGMN_1_3	NKCACTANNNTAGTGMN	29358009_627	29358009	627	2025-08-22 10:25:17	puhti	COMPLETED	422	0:0	mariaosm	mariaosm	NA	1	1	06:56.138	10485760	6076	3-00:00:00	422	NA
3628	ZBTB20_HT-SELEX_TTCGCC40NGAC_KR_NYAAYGTATRKN_1_2	NYAAYGTATRKN	29358009_628	29358009	628	2025-08-22 10:25:17	puhti	COMPLETED	41	0:0	mariaosm	mariaosm	NA	1	1	NA	10485760	5976	3-00:00:00	41	NA
3629	BCL6B_HT-SELEX_TGAAGC40NCTA_KR_NYGCTTTCKAGGAATN_2_2	NYGCTTTCKAGGAATN	29358009_629	29358009	629	2025-08-22 10:25:17	puhti	COMPLETED	25	0:0	mariaosm	mariaosm	NA	1	1	NA	10485760	650283	3-00:00:00	25	NA
3630	BCL6B_HT-SELEX_TGAAGC40NCTA_KR_RYGTAATCGAGGAATW_2_2	RYGTAATCGAGGAATW	29358009_630	29358009	630	2025-08-22 10:25:17	puhti	COMPLETED	17	0:0	mariaosm	mariaosm	NA	1	1	NA	10485760	5841	3-00:00:00	17	NA
3631	BCL6_HT-SELEX_TTTAGG40NTCT_KT_NTGCTTTCGAGGAAYN_2_2	NTGCTTTCGAGGAAYN	29358009_631	29358009	631	2025-08-22 10:25:17	puhti	COMPLETED	23	0:0	mariaosm	mariaosm	NA	1	1	NA	10485760	3208	3-00:00:00	23	NA
3632	BCL6_HT-SELEX_TTTAGG40NTCT_KT_NYGTAATCGAGGAATN_2_2	NYGTAATCGAGGAATN	29358009_632	29358009	632	2025-08-22 10:25:17	puhti	COMPLETED	24	0:0	mariaosm	mariaosm	NA	1	1	NA	10485760	3208	3-00:00:00	24	NA
3633	ZBTB18_HT-SELEX_TGCAGC40NATT_KR_NWTCCAGATGTKN_1_2	NWTCCAGATGTKN	29358009_633	29358009	633	2025-08-22 10:25:17	puhti	COMPLETED	21	0:0	mariaosm	mariaosm	NA	1	1	NA	10485760	3276	3-00:00:00	21	NA
3634	ZBTB37_HT-SELEX_TCGCGT40NCGG_KR_NTGCCGNNTTRGCCGWN_2_3	NTGCCGNNTTRGCCGWN	29358009_634	29358009	634	2025-08-22 10:25:17	puhti	COMPLETED	178	0:0	mariaosm	mariaosm	NA	1	1	02:54.852	10485760	6022	3-00:00:00	178	NA
3635	HIC1_HT-SELEX_TAGAGA40NCGC_KS_NRTGCCAMCN_1_3	NRTGCCAMCN	29358009_635	29358009	635	2025-08-22 10:25:17	puhti	COMPLETED	20	0:0	mariaosm	mariaosm	NA	1	1	NA	10485760	3274	3-00:00:00	20	NA
3636	ZBTB2_HT-SELEX_TTAAAT40NAAT_KT_NTTTMCGGTWAN_1_4	NTTTMCGGTWAN	29358009_636	29358009	636	2025-08-22 10:25:17	puhti	COMPLETED	22	0:0	mariaosm	mariaosm	NA	1	1	NA	10485760	3206	3-00:00:00	22	NA
