ID	kmer_nro	min_score	max_score	min_scaled_score	max_scaled_score
Alx1_HT-SELEX_TAAAGC20NCG_Z_NNYAATTANN_1_3	6160	-3.28664280875449	9.57489841478716	-0.343256	1
Alx1_HT-SELEX_TAAAGC20NCG_Z_NTAATYNRATTAN_1_3	3456	2.23437413553988	12.8541614049025	0.173825	1
ALX1_HT-SELEX_TACCAA40NTTA_KX_TAATTAGATTA_1_3	34	-0.899805775481067	14.8933351964132	-0.0604167	1
ALX3_HT-SELEX_TAGCTG40NCTA_KV_CYAATTAN_1_3	142	-7.96097608554272	8.51542170450958	-0.934889	1
ALX3_HT-SELEX_TGCAAG20NGA_AE_NNYAATTANN_1_2	6160	-2.26383202948227	8.63004137318792	-0.26232	1
ALX3_HT-SELEX_TGCAAG20NGA_AE_NTAATYNRATTAN_1_2	3456	3.13029615593344	12.3487198048901	0.253492	1
ALX3_HT-SELEX_TGCTCC40NCCG_KO_CYAATTAN_1_3	142	-8.51305843736506	9.09849051485169	-0.935656	1
ALX3_HT-SELEX_TGTAAA20NAAG_Z_NNYAATTANN_1_2	6160	-1.62681820036665	9.28640629560668	-0.175183	1
ALX3_TBX20_TCCAAA40NTCA_YWIIII_NGGTGTTAATTRN_1_3	1024	4.21725986990034	10.7261077210659	0.393177	1
ALX4_HT-SELEX_TCTATT40NCAT_KW_CYAATTAN_1_3	142	-7.91191019832524	8.01402470028001	-0.987258	1
Alx4_HT-SELEX_TGGTAG20NCG_P_NTAATYNRATTAN_1_2	3456	2.69448833268543	12.2298105956178	0.220321	1
ALX4_HT-SELEX_TGTGTC20NGA_W_NTAATYNRATTAN_1_2	3456	3.35635473514493	11.8628618494146	0.28293	1
ALX4_TBX21_CAP-SELEX_TGGCAC40NAAG_AAD_RGGTGYTAATWR_1_3	464	-5.44525625974561	13.3318229288089	-0.40844	1
Ar_HT-SELEX_TCTAAT20NCG_P_RRGNACANNNTGTNCYY_2_4	237568	-9.70742342418765	15.7215552941631	-0.617459	1
AR_HT-SELEX_TCTTCT20NCTG_AD_RRGWACANNNTGTWCYY_2_4	63488	-3.49539230242186	17.0061012789004	-0.205538	1
AR_HT-SELEX_TGCTCG20NGA_AF_RRGWACANNNTGTWCYY_2_3	63488	-4.67256987199398	16.6087128475193	-0.281332	1
ARGFX_HT-SELEX_TGGTTA40NTAC_KO_NCTAATTARN_1_3	532	-7.79193074591347	10.8172138116034	-0.720327	1
ARGFX_HT-SELEX_TGGTTA40NTAC_KO_YTAATCTAATTAG_2_3	76	2.6904687452817	15.0292606120244	0.179015	1
ARNT2_HT-SELEX_TCTGTC40NCAA_KT_RTCACGTGMN_1_2	325	-7.36055408345076	10.7669427847143	-0.683625	1
ARNTL_BHLHA15_CAP-SELEX_TGGTCT40NCTT_AAC_RKCACGTGNNNMCATATGKN_2_3	167936	-5.18743573755678	21.4161349571579	-0.242221	1
ARNTL_HT-SELEX_TCAAAA20NCG_W_GTCACGTGAC_2_3	16	0.61950150511218	13.4810220600689	0.0459536	1
ARNTL_HT-SELEX_TCTCCG40NCGC_KV_RTCACGTGMN_1_2	325	-7.85937171571126	10.1089614958377	-0.777466	1
ARNTL_PITX1_CAP-SELEX_TCTTTC40NTTG_AAC_CACGTGNNNRGATTAN_1_3	17920	-5.47933639660458	16.8007303363387	-0.326137	1
ARNTL_PITX1_CAP-SELEX_TCTTTC40NTTG_AAC_NNCACGTGNNNNRGMTTAN_1_3	2162688	-7.84060366573629	16.345784026628	-0.479671	1
ARX_HT-SELEX_TAGCGC40NCGC_KO_CYAATTAN_1_2	142	-8.75855192287582	8.92857899194487	-0.980957	1
Arx_HT-SELEX_TCGCAT20NACT_AC_NTAATYNRATTAN_1_2	3456	3.40172648851038	12.9083995940027	0.263528	1
ARX_HT-SELEX_TGCGTT20NTGC_Z_NTAATYNRATTAN_1_2	3456	3.98577132724461	12.7177710678943	0.313402	1
ARX_TBX21_TCAGTG40NGAT_YYI_NAGGTGTTAATTRN_1_3	1120	4.37207945505675	13.4123046532996	0.325975	1
ARX_TBX4_TCAGTG40NGAT_YWII_NTAATTAGGTGTNRN_1_3	4480	5.25978503673825	11.869807789268	0.443123	1
ASCL1_HT-SELEX_TGCGCA40NCAA_KR_NRCAGCTGYN_1_3	676	-7.68100301903828	9.64975432160525	-0.795979	1
ASCL2_HT-SELEX_TAACTC40NGTC_KO_NRCAGCTGYN_1_3	676	-7.82417057069369	9.79550768540642	-0.798751	1
Ascl2_HT-SELEX_TAGGGC20NCG_Z_RRCAGCTGYY_1_4	186	-3.29386009804756	11.4844898005134	-0.286809	1
ASCL2_HT-SELEX_TTCTCC40NAGA_KAE_ACACGACGCN_1_4	112	-3.18918764196254	10.7880770201392	-0.295622	1
ASCL2_HT-SELEX_TTCTCC40NAGA_KAE_NRCAGCTGYN_1_4	676	-7.32144560345335	9.99524364994665	-0.732493	1
ATF2_FLI1_TACAGA40NAGAT_YYIII_NRCCGGAARTGACGTN_1_3	2496	0.688211556773255	16.0736636169218	0.0428161	1
ATF2_FLI1_TACAGA40NAGAT_YYIII_NTGACGTMACCGGAWRYN_2_3	10496	7.95798393380321	15.4620097572651	0.51468	1
ATF2_HT-SELEX_TGAACC40NCCA_KP_NRTGAYGTCAYN_1_4	2312	-0.103536613992973	10.3389773623967	-0.0100142	1
ATF2_HT-SELEX_TGAGGA40NTTG_KZ_NRTGAYGTMAYN_1_4	4908	0.657529981949119	9.68218090264053	0.0679114	1
ATF2_TBX4_TTAGAG40NCGG_YWII_NAGGTGACGTGTNRN_1_3	4480	2.99564814727877	15.343568038351	0.195238	1
ATF2_TBX4_TTAGAG40NCGG_YWII_NAGGTGTKACGTMAN_1_3	2304	6.05021109516298	14.7394009898959	0.410479	1
ATF3_ELK1_TGAGAG40NTGTG_YRII_NCGGAWRTGACGTN_1_3	2112	4.77695623883602	12.1370008206014	0.393586	1
ATF3_FLI1_TGAGAG40NTGTG_YYIII_NRCCGGAARTGACGTMN_2_3	5120	7.56168342319152	16.8116390208344	0.449789	1
ATF3_FLI1_TGAGAG40NTGTG_YYIII_NRCCGGAARTNCGTCAN_1_3	9984	-1.91660611283352	16.7172985115027	-0.114648	1
ATF3_FOXA1_TGAGAG40NTGTG_YWII_NTGACGNNNNYAAAYAN_1_3	491520	-21.7428457713317	16.0266312423373	-1.35667	1
ATF3_GABPA_TCATTC40NATT_YYIIII_NCGGAARTGACGTMAN_1_3	2496	-1.32864528336361	17.6275453266264	-0.0753732	1
ATF3_HT-SELEX_TGCAGT40NAAG_KS_NRTGAYGTCAYN_1_3	2312	-7.28464703467772	13.3822411391906	-0.544352	1
ATF3_HT-SELEX_TTCATA40NTCA_KAE_NRTGACGTCAYN_1_3	868	-5.55469850941047	13.7302184518817	-0.40456	1
ATF3_ONECUT1_TCATTC40NATT_YJII_NTGACGTCANNNNATCGATN_1_3	176128	-23.428683625878	19.8569490510376	-1.17987	1
ATF3_ONECUT1_TCATTC40NATT_YJII_TGACGTCANNNNATCGAT_1_3	11008	-11.9786081807042	18.6179039813916	-0.643392	1
ATF3_SOX11_TGAGAG40NTGTG_YUIII_NACAATGACGTMAN_1_3	1120	1.72136747594197	16.414119127525	0.104871	1
ATF3_SOX11_TGAGAG40NTGTG_YUIII_NTKACGTMACAATRN_1_3	4352	-0.321662357251421	16.0454809609679	-0.0200469	1
ATF3_TBX4_TCATTC40NATT_YWII_GGTGACGTGT_1_3	31	4.73013547989226	12.5367545515559	0.377301	1
ATF3_TBX4_TCATTC40NATT_YWII_NAGGTGACGTGTNRN_1_3	4480	-3.64878491061336	14.8531145306581	-0.245658	1
ATF3_TBX4_TCATTC40NATT_YWII_NAGGTGTKACGTMAN_1_3	2304	3.84182129372271	15.0633310820163	0.255045	1
ATF4_CEBPB_CAP-SELEX_TCCATG40NCAC_AT_NNATGAYGCAAYN_1_3	6912	-7.19168315722329	13.7233068611314	-0.524049	1
ATF4_CEBPD_CAP-SELEX_TTGAGT40NCGC_AT_NGATGATGCAATNN_2_3	2176	-5.58612485213689	14.2759552291299	-0.391296	1
ATF4_CEBPD_TAGCAT40NAGG_YKIII_NRTTGCGTCAYN_1_3	1728	3.38562121751066	10.0792356342161	0.335901	1
ATF4_ELF1_TCACAA40NCGC_YADIIII_VCGGAARTGACGT_1_3	212	2.99809385590988	12.9699567811098	0.231157	1
ATF4_FLI1_TCACAA40NCGC_YYIII_NCGGAARTGACGN_1_3	1024	4.46159962192029	11.7194466224859	0.380701	1
ATF4_GABPA_TAGCAT40NAGG_YYIIII_NCGGAARTGACGTN_1_3	1120	5.52794190523886	13.4683331305711	0.41044	1
ATF4_HT-SELEX_TCTAGG40NCTG_KW_GGATGAYGTCATCC_2_3	61	-4.26718613636753	17.153636855333	-0.248763	1
Atf4_HT-SELEX_TGCCGC20NGA_Z_NGGATGATGCAATM_2_4	304	1.48883766140809	16.4824239945038	0.0903288	1
ATF4_HT-SELEX_TGGAAT20NGA_W_NNATGAYGCAATN_2_3	3712	-3.87527998966456	14.1059770398093	-0.274726	1
ATF4_HT-SELEX_TGGGTG40NGGA_KN_GGATGACGTCATCC_2_3	22	1.20977678004497	16.4122817040685	0.0737117	1
ATF4_ISX_TAGCAT40NAGG_YUIIII_NTGACGTAATTAN_1_3	544	5.2356756496834	11.6351540669576	0.449988	1
ATF4_TBX21_TAGCAT40NAGG_YYI_NTGACGTGTGAN_1_3	496	2.15362379795607	11.1445358750145	0.193245	1
ATF4_TBX4_TAGCAT40NAGG_YWII_NAGGTGACGTGTNRN_1_3	4480	-0.983922743262652	14.0712760625829	-0.0699242	1
ATF4_TEF_CAP-SELEX_TTGCCC40NCTC_AT_RNMTGATGCAATN_1_3	1920	-4.29782632918656	15.0134920808729	-0.286264	1
ATF6_HT-SELEX_TTGGCC40NTCG_KS_NGRTGACGTGGCAN_1_3	1120	0.0190835297138754	16.1306872455921	0.00118306	1
ATF6_HT-SELEX_TTGGCC40NTCG_KS_NRTGACGTCAYN_1_3	868	-4.76301384691712	13.9288154573535	-0.341954	1
ATF6B_ETV4_TAACTA40NCTGT_YSIII_NNMGGAWRTGACGTNNN_1_3	253952	2.27477658229541	15.8336180026209	0.143668	1
ATF6B_FLI1_TAACTA40NCTGT_YYIII_NMCGGAWNYACGTMAN_1_3	32768	1.03107601619611	15.7297543659128	0.0655494	1
ATF6B_FLI1_TAACTA40NCTGT_YYIII_NRCCGGAWRTGACGTN_2_3	4736	7.0398971722789	15.4560962531783	0.455477	1
ATF6B_GABPA_TTTCAA40NTGA_YYIIII_NCGGAARYACGTCAN_2_3	2304	3.06027817262487	13.5188057456226	0.226372	1
ATF6B_HT-SELEX_TTCTGT40NAAC_KP_NRTGAYGTCAYN_1_3	2312	-12.6465801729219	13.639275864412	-0.927218	1
ATF6B_HT-SELEX_TTCTGT40NAAC_KP_TGCCACGTCAYN_1_3	256	-3.14483090196902	14.5930162896597	-0.215502	1
ATF6B_HT-SELEX_TTCTGT40NAAC_KP_YGCCACGTGGCA_1_3	52	1.83797499022502	14.8364123048855	0.123883	1
ATF6B_TBX21_TTTCAA40NTGA_YYI_NTGACGNAGGTGTKAN_1_3	4864	-3.44005895556111	17.3388853384687	-0.198401	1
ATF6B_TBX4_TTTCAA40NTGA_YWII_NAGGTGACGTGTNRN_1_3	4480	3.78407685565168	14.0641137873325	0.269059	1
ATF7_HT-SELEX_TCCAAG40NAAC_KP_NRTGACGTCAYN_1_4	868	-5.1823894362014	12.5683243603733	-0.412337	1
ATF7_HT-SELEX_TGGGCG30NCGT_AI_NNATGACGTCATNN_1_4	3976	3.36220644796722	14.5188882013545	0.231575	1
ATOH1_ELF5_TTCGGG40NGAG_YYI_NMGGAAGTNNNNNATATG_2_3	286720	1.03872159442273	12.3855987366965	0.0838653	1
ATOH1_EVX2_TTCGGG40NGAG_YZIIII_NTAATTANNNNNCAKMTGN_1_3	2162688	3.11382468165839	15.6601199613145	0.198838	1
ATOH1_FLI1_TTCGGG40NGAG_YYIII_NCCGGAAACAGCTGN_1_3	640	2.21629069421191	16.4790102630611	0.134492	1
ATOH1_FOXA1_TTCGGG40NGAG_YWII_NRYAAACANNNNCATATGN_2_3	589824	0.415440179639009	15.7973420327312	0.0262981	1
ATOH1_FOXD2_TCCATG40NCAC_YWI_NWRNRYAAACANCAGCTGTYN_2_3	344064	1.86706414543367	18.8159739658663	0.0992276	1
ATOH1_HOXB5_TCCATG40NCAC_YVIII_NTAATTANNNNCAKMTGN_1_3	540672	2.10148350769137	15.7459134515055	0.133462	1
ATOH1_HOXC10_TTCGGG40NGAG_YAEIII_NYMRTAAANNNNNCATATGN_1_3	4456448	-6.09653523766346	18.331960892609	-0.332563	1
Atoh1_HT-SELEX_TAGTCC20NCTT_Z_RNCATATGNY_1_3	676	-2.17282585067119	10.3480611855621	-0.209974	1
ATOH1_HT-SELEX_TCAGCA40NCTC_KO_ANCAGCTGNY_1_2	532	-17.1184734341892	12.1134146733613	-1.41318	1
ATOH1_HT-SELEX_TCAGCA40NCTC_KO_ANCATATGNY_1_2	532	-16.1534402998062	10.7594333322358	-1.50133	1
ATOH1_ONECUT1_TCCATG40NCAC_YJII_CATATGNNNNNNATCGAT_1_3	151552	4.74068536118647	16.4283971513239	0.288567	1
ATOH1_POU2F2_TTCGGG40NGAG_YAAIIII_CATATGCTAATY_1_3	70	5.58352066988157	12.3473565197057	0.452204	1
ATOH1_RUNX2_TTCGGG40NGAG_YII_NMCCRCANNNNCATATGNYN_1_3	4456208	-6.94551924866314	16.0326636586204	-0.433211	1
ATOH1_TBX21_TCCATG40NCAC_YYI_NAGGTGTNANCATATGNYN_1_3	83968	1.94957736566224	19.2261956932189	0.101402	1
ATOH1_TEAD4_TTCGGG40NGAG_YJII_NCATATGNNNNNNRCATTCCN_2_3	4980736	3.19458521323471	16.9214022055916	0.18879	1
ATOH7_HT-SELEX_TCAAAC40NAAC_KO_ANCATATGNY_1_3	532	-8.42538600334121	10.3497308853268	-0.814068	1
BACH2_FOXD2_TCACTT40NTTG_YWI_NTGASTCANNNNRYAAACAN_1_3	1212416	-22.6656679275792	22.000496138547	-1.03023	1
BACH2_HT-SELEX_TTCGAG40NGCG_KR_NWANCATGASTCATSNTWN_2_2	113664	-3.4934322615325	17.4518880148455	-0.200175	1
BACH2_HT-SELEX_TTCGAG40NGCG_KR_NWWNNATGACGTCAYNNWWN_2_2	3145984	-17.6833739463921	20.7878785200125	-0.850658	1
BARHL1_ELK3_TCTATT40NCAT_YAFI_NCGGAANCGTTTAN_1_3	2176	3.36700199834344	12.6574817537111	0.266009	1
BARHL1_ELK3_TCTATT40NCAT_YAFI_NTAAACGGAAGTN_1_3	544	-1.32171781663047	12.1127782092757	-0.109118	1
BARHL1_ETV5_TTGCGA40NTACG_YKII_TAAACGGAAGT_1_3	34	-1.50925032278439	8.90108495214851	-0.169558	1
BARHL1_FOXD2_TCTATT40NCAT_YWI_NCGTTTANNNNNRYAAACAN_1_3	2343040	-1.38351647460325	16.9702237972923	-0.0815261	1
Barhl1_HT-SELEX_TCAGTC20NCG_AC_NNTAAACGNN_1_2	4864	-10.0505493288318	8.32222786644467	-1.20768	1
Barhl1_HT-SELEX_TCAGTC20NCG_AC_NNTAATTGNN_1_2	4624	-2.81167284604067	7.80502388993408	-0.360239	1
Barhl1_HT-SELEX_TCAGTC20NCG_AC_TAAWYGNNNNTAAWYG_1_3	118784	-4.86059558069055	14.333851475519	-0.339099	1
BARHL1_HT-SELEX_TTAGCG40NAGA_KT_NTAAACGN_1_3	304	-8.14983710178407	7.67936588394489	-1.06126	1
BARHL1_HT-SELEX_TTAGCG40NAGA_KT_NTAATTGN_1_3	292	-8.65317950437189	7.43179932721777	-1.16435	1
BARHL1_MEF2C_TTGCGA40NTACG_YAFIII_CCATAAAYGG_1_3	58	-4.58855724253135	7.96595994040827	-0.576021	1
BARHL1_MEF2D_TTGCGA40NTACG_YAEII_CCTAATTAGG_1_3	16	2.77621738713815	7.26922075940144	0.381914	1
BARHL1_MEF2D_TTGCGA40NTACG_YAEII_NCCTAATTAGGN_1_3	250	-4.38081619737409	7.65020361198924	-0.57264	1
BARHL1_TBX20_TTGCGA40NTACG_YWIIII_NANGTGTTAATTRN_1_3	4096	3.26836212133567	9.42942817330565	0.346613	1
BARHL1_TBX21_TCTATT40NCAT_YYI_NAGGTGTTAAACGN_1_3	592	-0.435499814841231	13.3723574899067	-0.0325672	1
BARHL1_TBX4_TCTATT40NCAT_YWII_NCGTTTAGGTGWNRN_1_3	8448	-3.25493274396266	12.1800507041458	-0.267235	1
BARHL1_TBX6_TCTATT40NCAT_YAAII_NRGTGTTAATTGN_1_3	1024	3.10377353257606	9.78793430520894	0.317102	1
BARHL1_TCF12_TTGCGA40NTACG_YADIII_NTAAACGNNNNCACCTGN_1_3	151552	-5.86272346389594	16.0553782397822	-0.365156	1
BARHL1_TCF12_TTGCGA40NTACG_YADIII_NTAATTGNNNNCACCTGN_1_3	151552	-5.71234218916596	15.0810961503451	-0.378775	1
BARHL1_TEAD4_TTGCGA40NTACG_YJII_NCATTCCNNCAATTAN_1_3	9472	1.42943572894685	11.0368446115277	0.129515	1
BARHL1_TEAD4_TTGCGA40NTACG_YJII_NCATTCCNNCGTTTAN_1_3	9472	-12.8695963462179	12.8134653572589	-1.00438	1
BARHL1_TEAD4_TTGCGA40NTACG_YJII_NTAAACGNNNNCATTCCN_1_3	151552	-3.30962137117481	14.3180048673436	-0.231151	1
BARHL1_TEAD4_TTGCGA40NTACG_YJII_NTAATTGNNNNCATTCCN_1_3	151552	-5.98522980120581	13.3409754626226	-0.448635	1
BARHL2_ELF1_TTGGGT40NGGC_YADIIII_TAAACGGWART_1_3	120	-2.17583947130739	9.03982650466071	-0.240695	1
BARHL2_ELK3_TTGGAC40NGTG_YAFI_NCCGGAAGYAATTAN_1_3	1216	-0.482754601519404	14.5192547116669	-0.0332493	1
BARHL2_ELK3_TTGGAC40NGTG_YAFI_NCGGAANCGTTTAN_1_3	2176	5.19061215340387	13.8509054504402	0.374749	1
BARHL2_ELK3_TTGGAC40NGTG_YAFI_NTAAACGGAAGTN_1_3	544	-1.67648083923778	12.6660858671376	-0.13236	1
BARHL2_ELK3_TTGGAC40NGTG_YAFI_NYAATTAMCGGAWRYN_1_3	16896	-2.32573558097466	13.3301144114272	-0.174472	1
BARHL2_ETV4_TTGGGT40NGGC_YSIII_NCGGAANYAATTAN_1_3	4096	4.09342564430362	11.4861899676059	0.356378	1
BARHL2_ETV4_TTGGGT40NGGC_YSIII_NMGGAANCGTTTAN_1_3	4096	3.39229017619901	11.9267924782493	0.284426	1
BARHL2_ETV5_TTGGGT40NGGC_YKII_TAAACGGAAGT_1_3	34	-0.483894145781836	9.8383366358083	-0.0491845	1
BARHL2_FLI1_TTGGGT40NGGC_YYIII_NSCGGAAGTNNNCGTTTAN_1_3	83968	1.25851952439407	17.2286496701387	0.0730481	1
BARHL2_GABPA_TTGGAC40NGTG_YYIIII_NCCGGAWRCGTTTAN_1_3	2304	0.495573133499361	14.5563582272928	0.0340451	1
BARHL2_HT-SELEX_TATTGT20NGTG_AC_NNTAAACGNN_1_2	4864	-9.28215527581198	8.20145412343502	-1.13177	1
BARHL2_HT-SELEX_TATTGT20NGTG_AC_NNTAATTGNN_1_2	4624	-8.73668831234413	8.02399080542662	-1.08882	1
BARHL2_HT-SELEX_TATTGT20NGTG_AC_TAAWYGNNNNTAAWYG_1_3	118784	3.64544034093433	13.5555492697686	0.268926	1
BARHL2_HT-SELEX_TCCAGT40NGAC_AI_NNTAAACGNN_1_3	4864	-10.9156921038131	8.73583020579346	-1.24953	1
BARHL2_HT-SELEX_TCCAGT40NGAC_AI_NNTAATTGNN_1_3	4624	-9.96471172725569	8.54450720411498	-1.16621	1
BARHL2_HT-SELEX_TCCAGT40NGAC_AI_TAAWYGNNNNTAAWYG_1_4	118784	2.90467474215953	14.8263616607175	0.195913	1
BARHL2_HT-SELEX_TCTCCA40NGGA_KT_NTAAACGNY_1_2	640	-9.8305950414236	9.89394698262798	-0.993597	1
BARHL2_HT-SELEX_TCTCCA40NGGA_KT_NTAATTGNY_1_2	640	-9.22166208257703	9.06718634236268	-1.01704	1
BARHL2_HT-SELEX_TGGGAG40NAGG_KZ_NTAAACGN_1_3	304	-7.16993981627269	8.31768793260767	-0.862011	1
BARHL2_HT-SELEX_TGGGAG40NAGG_KZ_NTAATTGN_1_3	292	-7.51505131624225	8.39301131144889	-0.895394	1
BARHL2_TBX20_TTGGGT40NGGC_YWIIII_NAGGTGNTAATKRN_1_3	7680	-5.57597053347497	10.1508913732331	-0.549308	1
BARHL2_TBX21_TTGGAC40NGTG_YYI_NAGGTGTTAAACGN_1_3	592	-1.38820538269353	13.0454579007293	-0.106413	1
BARHL2_TBX4_TTGGAC40NGTG_YWII_NAGGTGHTAAACGN_1_3	1648	3.97738447266454	12.7934806534473	0.310892	1
BARHL2_TBX4_TTGGAC40NGTG_YWII_NAGGTGHTAATTGN_1_3	1648	2.43858190620685	12.0035366557312	0.203155	1
BARHL2_TBX4_TTGGAC40NGTG_YWII_NTAAAMGGTGTNRN_1_3	7680	3.12402226556269	10.1256223097033	0.308526	1
BARHL2_TCF4_TTGGGT40NGGC_YACII_NTAAACGNNNNCACCTGN_1_3	151552	-4.57253716919291	17.3591351300129	-0.263408	1
BARHL2_TCF4_TTGGGT40NGGC_YACII_NTAATTGNNNNCACCTGN_1_3	151552	-4.04733903402057	16.8778478139386	-0.239802	1
BARHL2_TEAD4_TTGGGT40NGGC_YJII_YNWTTAACATTCC_1_3	528	5.6231531682266	14.8381051310314	0.378967	1
BARHL2_TGIF2LX_TTGGAC40NGTG_YVII_NTAATTGACAN_1_3	448	-4.87642351074574	9.22883922552148	-0.52839	1
BARHL2_TGIF2LX_TTGGAC40NGTG_YVII_NTGWCATAAAYGN_1_3	1920	4.02930282857138	9.78090540517702	0.411956	1
BARX1_HT-SELEX_TATTCG20NCTG_AC_CNATTAAAWANCNATTA_2_3	5248	-1.58362517839153	16.6639398023913	-0.0950331	1
BARX1_HT-SELEX_TATTCG20NCTG_AC_NYNATTAN_1_3	1522	-13.5578681857735	7.77765942352285	-1.74318	1
BARX2_HT-SELEX_TAGTTA40NGTG_KZ_NWWAAYCATTAN_1_2	3200	-7.68944419520464	10.8316294765373	-0.709907	1
BATF_HT-SELEX_TTACAG40NGTG_KAE_NMATGACACN_1_3b0	736	-5.5042077327098	8.81583216938769	-0.624355	1
BATF3_HT-SELEX_TAAGAC20NAGA_AC_TGATGACGTCATCA_2_4	22	6.13088268513701	18.3309422885101	0.334455	1
BATF3_HT-SELEX_TGCAAA40NGAA_KN_NRTGAYGTCAYN_1_3	2312	-5.21120953954791	13.6263970999215	-0.382435	1
BATF3_HT-SELEX_TTAAAT40NAAT_KZ_NRTGAYGTCAYN_1_3	2312	-2.06369012031174	12.5327900739649	-0.164663	1
BBX_HT-SELEX_TGGACT40NAAT_KS_TGAWCNNNGWTCA_1_4	3456	-5.0020148144575	13.8327125712236	-0.361608	1
BCL11B_HT-SELEX_TTCACC40NGCT_KT_GTGAACRNNNNNNYTACAC_1_4	589824	-2.84785244376785	20.0877214710028	-0.141771	1
BCL6_HT-SELEX_TTTAGG40NTCT_KT_NTGCTTTCGAGGAAYN_2_2	1312	6.24832689072116	16.3899885615785	0.381228	1
BCL6_HT-SELEX_TTTAGG40NTCT_KT_NYGTAATCGAGGAATN_2_2	1312	1.18423592569797	16.1426427146653	0.0733607	1
BCL6B_HT-SELEX_TGAAGC40NCTA_KR_NYGCTTTCKAGGAATN_2_2	2496	-1.2487076186141	17.1690757212508	-0.07273	1
BCL6B_HT-SELEX_TGAAGC40NCTA_KR_RYGTAATCGAGGAATW_2_2	344	2.40590635514963	18.0358743070515	0.133396	1
BCL6B_HT-SELEX_TGCGGG20NGA_AC_TGCTTTCTAGGAATTMM_2_4	192	9.21051129388382	22.1441627620679	0.415934	1
BHLHA15_EN2_TTTATG40NTAA_YRIII_TAATTANNNCATATG_1_3	2368	-9.02065104359841	12.1167555323182	-0.744477	1
BHLHA15_HT-SELEX_TCCCGC40NACA_KP_NMCAGCTGKN_1_2	676	0.572333117312931	9.67738910741095	0.0591413	1
BHLHA15_HT-SELEX_TCCCGC40NACA_KP_NMCATATGKN_1_2	676	-7.41035780050329	9.67970625474957	-0.765556	1
BHLHA15_HT-SELEX_TCCGTG20NCG_Y_NNCATATGNN_1_4	2440	-22.0967295382587	11.9805214866068	-1.84439	1
BHLHA15_ISX_TTTATG40NTAA_YUIIII_NTAATTRNNNNCAKMTGN_1_3	1015808	2.79693354995561	13.2951236616159	0.210373	1
BHLHA15_ONECUT1_TTTATG40NTAA_YJII_CATATGNNNNNNATCGAT_1_3	151552	6.66561003912539	16.4132077264371	0.406113	1
BHLHA15_TBX21_TTTATG40NTAA_YYI_NCATATGGTGTGAN_1_3	592	2.71934534678541	12.1869864653616	0.223135	1
BHLHB2_ERG_TGCAGG40NTCTA_YYII_NCACGTGACCGGAAGTN_2_3	736	2.07711192730045	15.3096754873084	0.135673	1
BHLHB2_ETV4_TGCAGG40NTCTA_YSIII_NKCACGTGACCGGAWRYN_2_3	10496	11.2405793524727	17.9346486925425	0.626752	1
BHLHB2_FLI1_TGCAGG40NTCTA_YYIII_NRCCGGAARCACGTGMN_2_3	5120	8.96882180734554	18.2362964447969	0.491812	1
BHLHB2_FLI1_TGCAGG40NTCTA_YYIII_NRCCGGAARTCACGMN_2_3	4736	0.665945106873403	17.983913245294	0.03703	1
Bhlhb2_HT-SELEX_TCAAGG20NGAA_Z_NKCACGTGMN_1_2	676	-7.91196622143836	10.6645462183365	-0.741894	1
BHLHB2_HT-SELEX_TGGGAC20NGA_Y_NKCACGTGMN_1_2	676	1.01677781246208	10.5763232512045	0.0961372	1
BHLHB2_TBX21_TGGGTT40NCGT_YYI_NGTGTGRCACGTGMN_1_3	2304	-2.94291559980305	16.6397717836909	-0.17686	1
BHLHB2_TEAD4_TGCAGG40NTCTA_YJII_NTCACGTGANNNNAMATTCCN_2_3	360448	-7.39201641379653	21.4526586812464	-0.344573	1
BHLHB3_HT-SELEX_TCAAAA20NCG_AD_NKCACGTGMN_1_2	676	-7.66981724757249	10.6747660957567	-0.7185	1
BHLHB5_FLI1_TCTGCA40NTGGG_YYIII_NACCGGAWRYNNNNCATATGN_1_3	1310720	-6.84553291924552	19.9110539155423	-0.343806	1
BHLHB5_MEIS3_TCGCTA40NTCG_YRIIII_NCATATGNNNNNTGTCAN_1_3	557056	2.31093582288032	14.354235735664	0.160993	1
BHLHB5_OTP_TCTGCA40NTGGG_YPIII_NCATATGNNNNTAATTAN_1_3	151552	-8.18331680518568	17.4257802580096	-0.46961	1
BHLHB5_TBX6_TCGCTA40NTCG_YAAII_NCATATGNNNNGGTGTNRN_1_3	1146880	-9.59522166488289	16.9579006305559	-0.565826	1
BHLHB5_TEAD4_TCTGCA40NTGGG_YJII_NAMCATATGKTNNNNNCATTCN_2_3	2752512	-7.86383379317718	22.7979976051917	-0.344935	1
BHLHB8_FLI1_TCCTGC40NTGCC_YYIII_NRMCGGAAACAGCTGN_1_3	2496	-0.029683470029207	16.98959737278	-0.00174716	1
BHLHB8_FLI1_TCCTGC40NTGCC_YYIII_NRMCGGAAACATATGN_1_3	2496	5.90142927310811	16.7613903261375	0.352085	1
BHLHB8_ISX_TAGCGT40NTCA_YUIIII_NTAATTRNNNNCAKMTGN_1_3	1015808	0.39987469280309	13.8439793043857	0.0288844	1
BHLHB8_OTP_TCCTGC40NTGCC_YPIII_NTAATTNNNNNCATATGN_1_3	557056	-3.23775279132026	15.4954356192082	-0.208949	1
BHLHB8_TBX21_TAGCGT40NTCA_YYI_NAGGTGTNAMCAGCTGKN_2_3	10752	5.69927789293102	18.539776129467	0.307408	1
BHLHB8_TBX21_TAGCGT40NTCA_YYI_NAGGTGTNAMCATATGKN_2_3	10752	6.57249999196969	19.1543064269733	0.343134	1
BHLHB8_TBX21_TAGCGT40NTCA_YYI_NMCAGCTGKNNAGGTGTNAN_2_3	172032	3.2951610410824	18.4845725629961	0.178265	1
BHLHB8_TBX21_TAGCGT40NTCA_YYI_NMCATATGKNNAGGTGTNAN_2_3	172032	6.48403442797555	18.8427792980211	0.344112	1
BHLHE22_EVX2_TACGAT40NCCG_YZIIII_NRNCATATGNYNNNTAATTAN_1_3	2555904	-0.299158675640439	20.0390111249027	-0.0149288	1
BHLHE22_EVX2_TACGAT40NCCG_YZIIII_NRNCATATGNYNNTAATTAN_1_3	638976	2.63896249175911	18.5246050646114	0.142457	1
BHLHE22_FLI1_TACGAT40NCCG_YYIII_ACCGGAWRYNNNNCATATGN_1_3	327680	-2.11571235281411	17.7934074857292	-0.118904	1
BHLHE22_GMEB2_TACGAT40NCCG_YRI_NACGTRNCATATGNYN_1_3	33792	-6.00004007507082	16.242657103834	-0.3694	1
BHLHE22_HT-SELEX_TCGGAC40NCCA_KP_ANCATATGNY_1_4	532	-22.1127310804249	11.4313102215515	-1.9344	1
BHLHE22_HT-SELEX_TCTTGA20NGTG_Y_NANCATATGNTN_1_3	3208	-14.4464709006258	12.7813798770241	-1.13027	1
BHLHE22_ISX_TAACAG40NGGC_YUIIII_NTAATTRNNNNCAKMTGN_1_3	1015808	-7.76808576927666	13.5715199713308	-0.572381	1
BHLHE22_ONECUT1_TAACAG40NGGC_YJII_ATCGATNNNNNNCATATG_1_3	151552	3.57877537843413	17.1024983210709	0.209255	1
BHLHE22_TBX21_TAACAG40NGGC_YYI_NCATATGGTGTGAN_1_3	592	-10.7425111128626	16.3997566958437	-0.655041	1
BHLHE22_TGIF2LX_TAACAG40NGGC_YVII_NCATATGNNNNNTGTCAN_1_3	557056	-8.20563472411824	18.2572843166683	-0.449444	1
BHLHE23_HT-SELEX_TATATC20NCG_Y_ANCATATGNT_1_4	202	-9.16047806891057	11.0480320319941	-0.82915	1
BHLHE23_HT-SELEX_TTCACC40NGCT_KP_ANCATATGNY_1_3	532	-16.0846651752175	10.8097273352034	-1.48798	1
BHLHE23_HT-SELEX_TTGCTC40NGAA_KV_ANCATATGNT_1_4b0	202	-13.8325322700604	11.0540667538237	-1.25135	1
BHLHE40_HT-SELEX_TGCTGG40NGCC_KR_GTCACGTGAC_1_2	16	4.59122246069337	12.2984471531825	0.373317	1
BHLHE41_HT-SELEX_TGGCGT40NCCT_KV_GTCACGTGAC_1_2	16	-4.41364278237612	12.4115621734649	-0.355607	1
BHLHE41_HT-SELEX_TGTGCT20NCGG_AD_GTCACGTGAC_1_3	16	3.7436652234625	12.3670369998166	0.302713	1
BSX_FLI1_TCGGTG40NCAA_YYIII_NMGGAWRYAATTAN_1_3	7424	2.71018703070871	10.3232786619501	0.262532	1
BSX_HT-SELEX_TATGAA20NCG_Y_NYNATTAN_1_3	1522	-12.976888567843	7.6417484474983	-1.69816	1
BSX_HT-SELEX_TGTATA40NGGT_KO_NTCGTTAN_1_2	304	-9.05710266110776	7.21623529201085	-1.2551	1
BSX_HT-SELEX_TGTATA40NGGT_KO_NYAATTAN_1_2	388	-9.41546243209481	7.78408286960325	-1.20958	1
CART1_HT-SELEX_TGCGCC20NGA_Y_NTAAYYYAATTAN_1_2	3488	3.08989616318089	11.8493507210489	0.260765	1
CDX1_ETV1_TCACTC40NCAG_YRIIII_CGGAANNNATAAA_1_3	1984	2.21746914671417	10.2457698575825	0.216428	1
CDX1_FLI1_TCACTC40NCAG_YYIII_NCGGAWRTCGYAAAN_1_3	4352	-2.26514610698259	12.4508834014337	-0.181927	1
CDX1_HES7_TCACTC40NCAG_YKIII_CACGTGNCATAAA_1_3	148	-6.39128434725547	11.5063290796614	-0.555458	1
CDX1_HT-SELEX_TCAACC20NCAA_Y_NYMATAAAN_1_3	1152	-9.75351036787721	9.32894778775443	-1.04551	1
CDX1_HT-SELEX_TCTAAG40NTTA_KP_NGYMATAAAAN_1_4	1536	-7.77519587426723	12.4778368865388	-0.62312	1
CDX1_SOX11_TCACTC40NCAG_YUIII_NAACAATAAAAN_1_3	496	-3.25336575295117	10.5172762252699	-0.309335	1
CDX1_T_TCACTC40NCAG_YAFIIII_RGGTGYTAATTRN_1_3	992	3.460006357469	10.6040929660798	0.32629	1
CDX1_TEAD4_TCACTC40NCAG_YJII_NYMRTAAACATTCCN_1_3	4352	4.88689283038842	12.4843614039821	0.391441	1
CDX1_TEAD4_TCACTC40NCAG_YJII_NYMRTAAATWCCN_1_3	6656	1.63192007159043	11.2269171344481	0.145358	1
CDX1_TGIF2LX_TCGACG40NTAA_YVII_NTGTCATAAAAN_1_3	496	-3.89722034088502	9.70633953748842	-0.401513	1
CDX1_TGIF2LX_TCGACG40NTAA_YVII_NYMRTAAANNTGTCAN_1_3	63488	1.74047529364957	13.4315399010871	0.129581	1
CDX2_HT-SELEX_TACTTG20NCG_Y_NYMATAAAN_1_4	1152	-8.70000661109776	9.61249228644691	-0.905073	1
CDX2_HT-SELEX_TGGCCT40NTAT_KO_NRTCGTAAAN_1_4b0	736	-6.8188066899883	7.66257350828923	-0.889885	1
CDX2_HT-SELEX_TGGCCT40NTAT_KO_NYAATAAAN_1_4b0	640	-9.504984226431	7.55555371009568	-1.25801	1
CDX4_HT-SELEX_TACAGC40NCTT_KAE_NGYMATAAAAN_1_3	1536	-7.65494468600172	12.1776648885925	-0.628605	1
CEBPB_ETV1_TAGTCA40NTCT_YRIIII_NCCGGAWRNNNCGYAAN_1_3	253952	-2.2080840620535	13.0755572958843	-0.168871	1
CEBPB_FLI1_TAGTCA40NTCT_YYIII_NSCGGAAGTTGCGN_1_3	1120	4.74019260300037	13.3625530728988	0.354737	1
CEBPB_FOSB_TCCTCT40NGTC_YWIII_NRTTGCGTCAYN_1_3	1728	4.83428943835503	10.3906939079894	0.465252	1
CEBPB_FOXD2_TCCTCT40NGTC_YWI_NTTRYGTAAACAN_1_3	1920	3.28664111078145	10.4591012183357	0.314237	1
CEBPB_HT-SELEX_TCAACC20NCAA_W_NTTRCGCAAY_1_4	325	-6.23928550565124	11.3798677596137	-0.548274	1
CEBPB_HT-SELEX_TCATTC40NATT_KN_NRTTGCGYAAYN_1_3	2312	-5.96606968549316	11.055474567913	-0.539648	1
Cebpb_HT-SELEX_TCCTAA20NATC_Z_NTTRCGCAAY_1_2	325	-3.11479873591763	11.5021514765763	-0.270801	1
CEBPB_HT-SELEX_TGGACA20NGA_W_NTTRCGCAAY_1_2	325	-3.38817125304022	11.0558937574138	-0.306458	1
CEBPD_ETV5_TTTGTA40NTCC_YJI_NCCGGAANNNNYGCAAN_1_3	262144	-12.3683223071373	14.8139410906334	-0.834911	1
CEBPD_HT-SELEX_TAATGA20NCG_Y_NTTRCGCAAY_1_3	325	-6.7224496485196	11.3180611427982	-0.593958	1
CEBPD_HT-SELEX_TGACCA40NTCC_KN_NRTTGCGYAAYN_1_4	2312	-5.47541020849437	10.8238344195528	-0.505866	1
CEBPE_FOSB_TGGGCT40NGTT_YWIII_NRTTGCGTCAYN_1_3	1728	2.59675832773667	11.2343945858354	0.231144	1
CEBPE_FOXD2_TGGGCT40NGTT_YWI_NTTRYGTAAACAN_1_3	1920	1.65951954922445	10.7959331702553	0.153717	1
CEBPE_FOXD3_TGGGCT40NGTT_YWIIII_NTTRCGYAAACAN_1_3	1920	3.51200409314351	11.0053726115471	0.319117	1
CEBPE_GABPA_TGGGCT40NGTT_YYIIII_NCCGGAAGTTGCGYMAN_1_3	2688	2.02749049498193	16.8638828750299	0.120227	1
CEBPE_HT-SELEX_TGAGGC20NGA_W_NTTRCGCAAY_1_2	325	-1.63064512319729	10.7749167411924	-0.151337	1
CEBPE_HT-SELEX_TGTAGA40NTGT_KR_NRTTGCGYAAYN_1_4	2312	-6.14690049160236	11.5558648296857	-0.531929	1
CEBPE_TBX21_TGGGCT40NGTT_YYI_NAGGTGTYGCAAN_1_3	1024	4.24397557623206	12.0284479491741	0.352828	1
CEBPE_TBX4_TGGGCT40NGTT_YWII_NAGGTGTYGCAAYN_1_3	2112	3.91774475467687	12.2283782575834	0.320381	1
CEBPE_TGIF2LX_TGGGCT40NGTT_YVII_NATTGTGACATN_1_3	496	1.49995714308373	9.43540891372523	0.158971	1
CEBPG_CREB3L1_CAP-SELEX_TGACTT40NGGT_AS_NGCCACGCAAYN_1_3	928	-4.16076625331894	13.2164747604651	-0.314817	1
CEBPG_ELF1_CAP-SELEX_TATGAC40NTCA_AS_TTGCGYAANNSCGGAAGN_2_3	10752	-10.273609067256	17.8115559688966	-0.576795	1
CEBPG_HT-SELEX_TAAAAT20NCG_AC_NTTRCGCAAY_1_2	325	-7.93620862550639	11.8676766850489	-0.668725	1
CEBPG_HT-SELEX_TACTTT40NTCT_KN_NRTTGCGYAAYN_1_3	2312	-6.12036789400384	10.7647341267102	-0.568557	1
CEBPG_HT-SELEX_TAGACG20NTA_Q_NTTRCGCAAY_1_2	325	-0.717954570673299	11.971973269429	-0.0599696	1
CEBPG_HT-SELEX_TCCACC40NTTA_KV_NRTTGCGYAAYN_1_4	2312	0.481545478188293	10.7384459293983	0.0448431	1
CENPB_HT-SELEX_TGCTGT20NGTC_AD_CCCGCNTNNNRCGAA_1_3	16384	-4.34075370766232	14.2356509125505	-0.304921	1
CLOCK_BHLHA15_CAP-SELEX_TTCTTT40NCAG_AX_NCACGTGNNNNNCATATGN_1_2	606208	-4.37810093260585	17.5878069949831	-0.248928	1
CLOCK_EVX1_CAP-SELEX_TCTTAC40NGCG_AX_ATRATYANNNNCACGTG_1_3b0	36864	-8.83733817314357	16.5849726399901	-0.532852	1
CLOCK_EVX1_CAP-SELEX_TCTTAC40NGCG_AX_CACGTGNNNTAATKAT_1_3b1	4864	-5.85341461427781	19.236570548773	-0.304286	1
CLOCK_EVX1_CAP-SELEX_TCTTAC40NGCG_AX_TAATTANNNNNNCACGTG_1_3b0	151552	-7.3135444052289	16.957777022051	-0.43128	1
CLOCK_EVX1_CAP-SELEX_TCTTAC40NGCG_AX_YRATTANNNNNNNCACGTG_1_3b0	2162688	1.06938381660229	15.1086358227683	0.0707796	1
CLOCK_FOXA1_TTGCTT40NCCA_YWII_NRYAAAYANNNNCACGTGN_1_3	1114112	-7.75848968143987	18.8981674654441	-0.410542	1
CLOCK_HT-SELEX_TGAGAT20NAGA_Z_NACACGTGTN_1_3	202	-4.26042169449216	11.1530760929689	-0.381995	1
CLOCK_HT-SELEX_TTGAAT40NTAC_KN_NMCAYGTGYN_1_2	2184	-10.3154325906761	9.97084845488386	-1.03456	1
CLOCK_ISL2_TCTGAA40NCAT_YUIII_NCAMTTANNNNNNCACGTGN_1_3	4587520	-4.90189321523598	16.0691137020224	-0.305051	1
CLOCK_NHLH1_CAP-SELEX_TAGATT40NACA_AX_NRCAGCTGNNNNNCACGTGNN_1_2	4980736	-18.0275009077556	19.5132121242899	-0.923861	1
CLOCK_RUNX2_TTGCTT40NCCA_YII_NACCRCARCACGTGN_1_3	2304	-2.18404561745131	16.8969639371894	-0.129257	1
CLOCK_TBX3_CAP-SELEX_TGGCCA40NTTC_AX_GGTGTGNNNNNCACGTG_1_3b0	37888	-3.42651999797797	16.1925372805089	-0.211611	1
CLOCK_TEAD4_TTGCTT40NCCA_YJII_CACGTGNNNNNNNNATTCC_1_3	2228224	1.07176047947353	14.7396544686298	0.0727127	1
CPEB1_HT-SELEX_TAACCC20NCG_AC_RATAAAAR_1_3	84	-7.59092253514107	9.44660494425785	-0.803561	1
CPSF4_HT-SELEX_TTGTCC40NTAG_KZ_MCCNCCNCCNCCCCNCCCCCNCCAN_2_4	458752	1.75457386122589	28.0971508213941	0.0624467	1
CREB1_ELF1_TAACTG40NCGCG_YADIIII_NCGGAAGTNNTGACGN_1_3	9472	-24.2497068452184	14.9022749700514	-1.62725	1
CREB1_ELK1_TAACTG40NCGCG_YRII_NCGGAWRTGACGTNNN_1_3	33792	4.06336939885499	14.2653687103648	0.284842	1
CREB1_ERG_TAACTG40NCGCG_YYII_NCGGAWRTGACGTNNN_1_3	33792	3.29750892197709	13.9165472513567	0.236949	1
CREB1_ETV1_TAACTG40NCGCG_YRIIII_NNMGGAWRTGACGTNNN_1_3	253952	3.65013645049546	14.8182601886839	0.246327	1
CREB1_ETV4_TAACTG40NCGCG_YSIII_NNCGTCANCGGAWRYN_1_3	63488	2.64591015401527	12.987562653994	0.203726	1
CREB1_ETV4_TAACTG40NCGCG_YSIII_NNMGGAWRTGACGTNNN_1_3	253952	3.52935386260609	15.5076753968702	0.227588	1
CREB1_FLI1_TAACTG40NCGCG_YYIII_NACCGGAARTACGTCAN_2_3	1408	8.556959088515	16.1543187810656	0.529701	1
CREB1_FLI1_TAACTG40NCGCG_YYIII_NRCCGGAARTGACGTN_2_3	2496	8.41926205814118	15.4812554247744	0.543836	1
CREB1_FLI1_TAACTG40NCGCG_YYIII_NRTGACGTACCGGAARYN_2_3	5504	9.95961523892678	16.9372083704923	0.588032	1
CREB1_HT-SELEX_TCCCGC40NACA_KX_NRTGACGTCAYN_1_3	868	-4.05073128802795	11.1588188329185	-0.363007	1
CREB1_HT-SELEX_TTTGAC40NGGT_KR_NRTGACGTCAYN_1_4	868	2.00775172490056	10.9450718879613	0.183439	1
CREB1_HT-SELEX_TTTGAC40NGGT_KR_NRTGACGTN_1_4	640	-7.97558140030802	9.80644269572135	-0.8133	1
CREB1_HT-SELEX_TTTGAC40NGGT_KR_NTGACGCGTCAN_1_4	250	-2.54613221831844	11.1540034632446	-0.228271	1
CREB1_IRF7_TAACTG40NCGCG_YAEIIII_NRTGACGNNNCGAAAN_1_3	65536	-10.7431753988645	17.0790287211047	-0.629027	1
CREB1_SOX11_TAACTG40NCGCG_YUIII_NACAATGACGTMAN_1_3	1120	5.65264611238076	15.41481933915	0.366702	1
CREB1_SOX11_TAACTG40NCGCG_YUIII_NTKACGTMACAATRN_1_3	4352	2.62583576050448	15.8374440965637	0.165799	1
CREB3_HT-SELEX_TAGAAC20NCG_AD_NNRTGACGTCAYCN_1_4	6352	0.676041073387566	14.8525700756134	0.0455168	1
CREB3_HT-SELEX_TAGAAC20NCG_AD_NTGCCACGTCAYCN_2_4	1120	0.391134315002138	14.6002945173586	0.0267895	1
CREB3_HT-SELEX_TCACAT40NATG_KW_NGCCACGTCAYN_1_3	928	-4.21610294564768	12.703168444095	-0.331894	1
CREB3_HT-SELEX_TCACAT40NATG_KW_NGCCACGTGKMN_1_3	1454	-4.35915337798662	11.2234037222859	-0.388399	1
CREB3_HT-SELEX_TCACAT40NATG_KW_NRTGACGTCAYN_1_3	868	3.65528294297977	12.3800808272429	0.295255	1
CREB3L1_ELF1_TAGGGT40NGTT_YADIIII_NMYACGTNNNCGGAWRY_1_3	245760	-5.11126509244232	12.9291602473515	-0.395328	1
CREB3L1_FLI1_TAGGGT40NGTT_YYIII_NCGGAAGTGACGN_1_3	544	-1.89012053500484	12.0299716261858	-0.157118	1
CREB3L1_HT-SELEX_TAAACA20NCAA_Y_NTGCCACGTCANCA_1_4	592	0.94731197672033	15.9611572388682	0.0593511	1
CREB3L1_HT-SELEX_TAAACA20NCAA_Y_TGCCACGTGGCA_2_4	19	6.37549378040898	14.4929914717615	0.439902	1
CREB3L1_HT-SELEX_TAGAGT20NCG_AD_NTGCCACGTCANCA_1_4	592	3.7728188065937	16.6947197805686	0.225989	1
CREB3L1_HT-SELEX_TAGAGT20NCG_AD_TGCCACGTGGCA_2_4	19	4.68203543938078	15.5255497814676	0.30157	1
CREB3L1_HT-SELEX_TCTTTA40NGGA_KX_TGCCACGTCAYN_1_4	256	-2.66188815934626	13.7257418588509	-0.193934	1
CREB3L1_HT-SELEX_TCTTTA40NGGA_KX_TGCCACGTGGCA_1_4	19	0.0170012823957956	12.8415002562519	0.00132393	1
CREB3L1_HT-SELEX_TCTTTA40NGGA_KX_TGCCACGTGTACR_1_4	76	0.776590137059746	12.650432028342	0.0613884	1
CREB3L1_HT-SELEX_TTGTCC40NTAG_KP_NTGCCACGTGTACN_1_3	592	-0.687943995711145	14.3452000708924	-0.0479564	1
CREB3L1_HT-SELEX_TTGTCC40NTAG_KP_TGCCACGTCAYN_1_3	256	-2.85638252482792	14.0775075463606	-0.202904	1
CREB3L1_HT-SELEX_TTGTCC40NTAG_KP_TGCCACGTGGCA_1_3	19	8.34377519061259	14.0667842902744	0.593154	1
CREB3L1_TBX4_TCCGCT40NGCG_YWII_AGGTGACGTGTCA_2_3	40	5.98092780416252	9.76849101495324	0.612267	1
Creb3l2_HT-SELEX_TAACGG20NGCA_Z_TGCCACGTCATCA_2_4	40	2.99965842439899	17.2479904691578	0.173914	1
Creb3l2_HT-SELEX_TAACGG20NGCA_Z_TGCCACGTGGCA_2_4	19	3.38342829400867	14.991673029651	0.225687	1
CREB3L4_ELK3_TTCACG40NAGT_YAFI_NACGTGGAAGTN_1_3	496	-3.30132455094746	11.0335292549932	-0.299208	1
CREB3L4_ELK3_TTCACG40NAGT_YAFI_NACGTGNCCGGAWRYN_1_3	17408	2.9938619597535	15.252913014218	0.196281	1
CREB3L4_ETV1_TCTCAC40NCTG_YRIIII_NACGTGGNNCGGAWRY_1_3	17408	-4.03066705912859	14.6671610739493	-0.274809	1
CREB3L4_FLI1_TCTCAC40NCTG_YYIII_NRCCGGAARTGACGTGGN_2_3	2880	7.53839370906624	17.3035658350994	0.435656	1
CREB3L4_HT-SELEX_TATTTC40NGCA_KO_NRTGACGTCAYN_1_3	868	-3.6211974609349	12.2210115482517	-0.296309	1
CREB3L4_HT-SELEX_TATTTC40NGCA_KO_YGCCACGTCAYN_1_3	480	-3.79164715646429	12.2587005252756	-0.309303	1
CREB3L4_HT-SELEX_TATTTC40NGCA_KO_YGCCACGTGGCA_1_3	52	4.81578099099302	11.7490669587435	0.409886	1
CREB3L4_TBX4_TTCACG40NAGT_YWII_NAGGTGACGTGTCAN_2_3	640	8.09622748394229	14.3504961969918	0.564178	1
CREB3L4_TGIF2LX_TTCACG40NAGT_YVII_NTGACACGTCAY_1_3	254	5.76207927153503	10.6275906984674	0.542181	1
CREB5_ELK1_TCCAGA40NCTCC_YRII_NCGGAARTGACGTNNN_1_3	17920	5.62460853407684	14.2250641839367	0.395401	1
CREB5_ELK1_TCCAGA40NCTCC_YRII_NRMCGGAWRTGACGTNNN_1_3	143360	5.57386083154371	15.2013654529614	0.366668	1
CREB5_ERG_TCCAGA40NCTCC_YYII_NRMCGGAARTGACGTNNN_1_3	75776	-1.60898568121593	13.2546893050268	-0.12139	1
CREB5_FLI1_TCCAGA40NCTCC_YYIII_NMCGGAWNYACGTMAN_1_3	32768	2.09010558454071	16.0962185289713	0.129851	1
CREB5_FLI1_TCCAGA40NCTCC_YYIII_NRCCGGAWRTGACGTMN_2_3	9728	7.18193836364753	15.6860099044612	0.457856	1
Creb5_HT-SELEX_TATCGC20NCG_Z_NATGACGTCAYN_1_3	676	-2.91061449989728	13.2172420832869	-0.220213	1
CREB5_HT-SELEX_TCCGAG40NTGG_KP_NRTGAYGTCAYN_1_4	2312	2.49301991813927	9.96764036239497	0.250111	1
CREB5_HT-SELEX_TTACAA40NTAC_KAE_NRTGAYGTCAYN_1_3	2312	-7.22933145268959	12.1356238499617	-0.595712	1
CREB5_SOX11_TCCAGA40NCTCC_YUIII_NACAATGACGTMAN_1_3	1120	4.34608782997055	11.9874336265956	0.362554	1
CREB5_SOX11_TCCAGA40NCTCC_YUIII_NTKACGTMACAATRN_1_3	4352	4.03075490475343	13.2192611172642	0.304915	1
CREB5_TBX21_TAGAGC40NTAG_YYI_NAGGTGTNARTGACGTMN_2_3	10752	5.98362067922562	17.1038042729075	0.349842	1
CREM_ELF2_TCATAG40NGGT_YSIII_NCGGAWRTGACGTMN_1_3	4352	3.00888263133516	15.6066224309883	0.192795	1
CREM_ETV1_TACCAA40NTTA_YRIIII_CCGGANNNNCGTCA_1_3	7936	-7.41013385561674	11.2993610807986	-0.655801	1
CREM_FLI1_TACCAA40NTTA_YYIII_NRCCGGAARTGACGYN_2_3	4736	-1.98165000313239	13.685496264508	-0.144799	1
CREM_GABPA_TCATAG40NGGT_YYIIII_NCGGAARTGACGTN_1_3	1120	4.25542267787515	15.8721579873897	0.268106	1
CREM_HOXA2_TCATAG40NGGT_YJI_ACGTMATTA_0_3	52	-2.91406580887706	12.137392080172	-0.24009	1
CREM_HT-SELEX_TAAGTC40NCGT_KO_NRTGACGTCAYN_1_4	868	4.16898971426466	10.398498208383	0.400922	1
CREM_RFX3_TCATAG40NGGT_YSII_NGTTGCTACGTCAN_1_3	592	-3.20716920947646	15.192983000734	-0.211095	1
CREM_TBX4_TCATAG40NGGT_YWII_NAGGTGACGTGTNAN_1_3	2368	-1.97506035417131	15.2961177091281	-0.129122	1
CREM_TEAD4_TACCAA40NTTA_YJII_NRCATTCCNNNNTGACGTN_2_3	311296	6.02477776220464	15.0981619617754	0.39904	1
CRX_HT-SELEX_TATATA40NGCT_KX_NTAATCCN_1_4	304	-7.16609946098255	8.6785469996939	-0.825726	1
CTCF_HT-SELEX_TAGCGA20NGCT_AJ_NGCGCCMYCTAGYGGTN_2_4	5120	-1.74151243580042	18.2988525272859	-0.0951706	1
CUX1_FLI1_TATTCA40NTCAG_YYIII_NRCCGGAWRTNNNNNATCGATN_2_3	5242880	4.17736835668734	17.3038017230805	0.241413	1
CUX1_FOXI1_CAP-SELEX_TCCTCT40NGTC_AY_RTAAACANNNNNATCRATN_1_3	589824	-2.26748702163489	15.8925578457873	-0.142676	1
CUX1_FOXO1_CAP-SELEX_TCTTGC40NTTC_AY_GTMAACANNNNNATCRATN_1_3b0	589824	-4.84897629001724	17.9713611190877	-0.269817	1
CUX1_FOXO6_CAP-SELEX_TCCGAA40NGGC_AY_RTAAACANNNNNATCRATN_1_3b0	589824	-2.04779506016235	15.9119219559011	-0.128696	1
CUX1_HOXA13_CAP-SELEX_TCGGTA40NTGA_AY_ATCRATNNNNYCRTAAA_1_3	69632	-9.04559657560816	17.9397206155312	-0.504222	1
CUX1_HOXA13_CAP-SELEX_TCGGTA40NTGA_AY_NYMRTAAANATYGATN_1_3	32768	-5.90612679461467	17.4171146934787	-0.339099	1
CUX1_HOXB13_CAP-SELEX_TACGCA40NAAT_AY_SYMRTAAANATYGATN_1_3	16896	-2.94095208281997	16.3582003523623	-0.179785	1
CUX1_HT-SELEX_TAGCAG40NACT_AI_ATCRATNNNNNATCRAT_1_3	114176	6.01882731370227	17.1045702440792	0.351884	1
CUX1_HT-SELEX_TAGCAG40NACT_AI_ATCRATNNNNNNATCRAT_1_3	456800	5.17177046908904	17.2874598390244	0.299163	1
CUX1_HT-SELEX_TAGCAG40NACT_AI_TAATCRATAN_1_3	208	2.39068281581184	10.418271829749	0.22947	1
CUX1_HT-SELEX_TTAGCG40NAGA_KP_NYATYGATYN_1_3	2376	-3.19689742053589	9.11626339033375	-0.350681	1
CUX1_PITX1_CAP-SELEX_TGGCAG40NCCT_AY_GGATTANNNNATCRATN_1_3	71680	2.6359520709476	16.4866057050321	0.159884	1
CUX1_POU2F2_TATTCA40NTCAG_YAAIIII_NATCGATTATGCAAATNN_2_3	2944	8.12990411588882	20.4463199796933	0.397622	1
CUX1_TBX21_CAP-SELEX_TGGCAC40NAAG_AY_NTCACACMNNNATCRATN_1_3	147456	-7.18873286229582	18.2965678604613	-0.392901	1
CUX1_TBX21_CAP-SELEX_TGGCAC40NAAG_AY_TMACACCYAATA_1_3	132	-2.3257553287303	12.9916835334211	-0.179019	1
CUX1_TBX3_CAP-SELEX_TGGGCT40NGTT_AY_AGGTGTGNNNNATCRAT_1_3b0	19456	-2.40079054744251	17.8731710859998	-0.134324	1
CUX2_HT-SELEX_TAGCCT40NCCT_AI_ATCRATNNNNNNATCRAT_1_3	456800	0.116451175488046	19.5289270950292	0.00596301	1
CUX2_HT-SELEX_TAGCCT40NCCT_AI_TAATCRATAN_1_3	208	2.3079240435109	11.0480608707043	0.208899	1
CUX2_HT-SELEX_TCCACC40NTTA_KP_NTGATCGATYRN_1_3	1454	3.7115788861105	12.2365416340384	0.303319	1
Dbp_HT-SELEX_TAAATG20NCG_Z_NRTTACGTAAYN_1_2	868	2.14141490559251	12.9353417099678	0.165548	1
DBP_HT-SELEX_TAACTT20NCG_W_NRTTACGTAAYN_1_2	868	-5.15272278415754	12.5661683617149	-0.410047	1
DBP_HT-SELEX_TGCGGG20NGGC_AE_NRTTACGTAAYN_1_2	868	2.28401228286562	11.682535564665	0.195507	1
DBP_HT-SELEX_TGGACC40NAAC_KV_NRTTAYGTAAYN_1_2	2312	-6.35204733121181	11.6577881378466	-0.544876	1
DBP_HT-SELEX_TGGCGT40NCCT_KW_NRTTAYGTAAYN_1_4	2312	-8.96418993939621	13.3666951647957	-0.670636	1
DBX2_ELF1_TGCACG40NTTG_YADIIII_MGGAAGYAATTRN_1_3	992	-2.90050655183812	10.0306720475387	-0.289164	1
DBX2_TGIF2LX_TCGTTT40NGTC_YVII_NMTGTCAATTAN_1_3	928	3.69472560811553	7.19972744947407	0.513176	1
DLX1_ELF1_TTACTA40NCTGA_YADIIII_NMGGAAGYAATTAN_1_3	2112	4.91470139157082	13.7464035138317	0.357526	1
DLX1_ELK1_TTACTA40NCTGA_YRII_NCGGAWRTAATTAN_1_3	2112	1.77342363305753	12.7631987135766	0.138948	1
DLX1_ELK1_TTACTA40NCTGA_YRII_NTAATTRCCGGAWRYN_1_3	8960	-1.32170948623207	14.4129009103087	-0.0917032	1
DLX1_ELK3_TGTATA40NGGT_YAFI_NRCCGGAAGYAATTAN_1_3	2496	0.931681694579109	17.8650700382668	0.052151	1
DLX1_ELK3_TGTATA40NGGT_YAFI_NYAATTAMCGGAWRYN_1_3	16896	-0.27862094595081	16.7047343263655	-0.0166792	1
DLX1_FLI1_TTACTA40NCTGA_YYIII_NCCGGAWRTAATTAN_1_3	2304	3.56202380190383	15.6564538519692	0.227512	1
DLX1_FOXA1_TTACTA40NCTGA_YWII_NYAAACANYAATTAN_1_3	8448	4.92130435664985	12.9801455852593	0.379141	1
DLX1_HT-SELEX_TCCATG40NCAC_KAE_NYAATTAN_1_2	388	-9.00520825052764	8.41569968792552	-1.07005	1
DLX1_HT-SELEX_TCTTGA20NGA_AC_NNYAATTANN_1_4	6160	-0.370841186521913	8.16092883377027	-0.0454411	1
Dlx1_HT-SELEX_TGAGAT20NCG_P_NYAATTAN_1_2	388	-1.87486745583065	7.47975335694264	-0.250659	1
DLX1_HT-SELEX_TGGTCA40NGTG_KT_NYAATTAN_1_2	388	-10.1587888473856	8.4859639605398	-1.19713	1
DLX1_MEIS3_TGTATA40NGGT_YRIIII_NTGACANNNTAATTRN_1_3	65536	5.64058950496891	12.5145112954118	0.450724	1
DLX1_TBX21_TGTATA40NGGT_YYI_NTAATTAGGTGTNAN_1_3	2368	3.16872790703118	15.7634147053134	0.201018	1
DLX1_TBX4_TGTATA40NGGT_YWII_NAGGTGTAATTAN_1_3	544	3.55044600932641	12.1955702328458	0.291126	1
DLX1_TBX4_TGTATA40NGGT_YWII_NAGGTGTNATAATTRN_1_3	4864	3.6748461032378	17.2524215614958	0.213005	1
DLX1_TBX4_TGTATA40NGGT_YWII_NAGGTGTTAATTRN_1_3	1120	5.04609831379629	14.9832586160165	0.336782	1
DLX1_TBX4_TGTATA40NGGT_YWII_NTAATKAGGTGTNRN_1_3	8448	2.76345013519037	15.0897116370257	0.183135	1
DLX1_TGIF2LX_TGTATA40NGGT_YVII_NTGTCAATTAN_1_3	448	-4.64403080834155	9.564511620653	-0.485548	1
DLX2_ELK3_TTGACT40NAGT_YAFI_NRCCGGAWGYAATTAN_1_3	4736	6.32549556112095	15.6603048162041	0.403919	1
Dlx2_HT-SELEX_TCGCCA20NCCT_AA_NYAATTAN_1_3	388	-5.6576240937273	7.76486986039901	-0.728618	1
DLX2_HT-SELEX_TGGGAG40NAGG_KW_NYAATTAN_1_2	388	-8.97485663817629	8.33318785236562	-1.077	1
DLX2_HT-SELEX_TGTCTG40NAGG_KP_NYAATTAN_1_2	388	-9.69884851579607	8.27724645472176	-1.17175	1
DLX2_HT-SELEX_TTCATG20NTA_AF_NYAATTAN_1_2	388	1.72354176748867	7.10838025213826	0.242466	1
DLX2_TBX21_TTGACT40NAGT_YYI_NTAATKAGGTGTNAN_1_3	4480	4.58807735255647	15.1293405630485	0.303257	1
DLX2_TBX4_TTGACT40NAGT_YWII_NAGGTGTAATTAN_1_3	544	4.11774000944014	11.3660417166291	0.362284	1
DLX2_TBX4_TTGACT40NAGT_YWII_NAGGTGTNATAATTRN_1_3	4864	4.54085388448993	16.094959728765	0.282129	1
DLX2_TBX4_TTGACT40NAGT_YWII_NAGGTGTTAATTRN_1_3	1120	6.73691304374728	13.6414305436339	0.493857	1
DLX2_TBX4_TTGACT40NAGT_YWII_NTAATKAGGTGTNRN_1_3	8448	5.17066899441829	13.4539439581401	0.384324	1
DLX2_TEAD4_TCCAGA40NGTA_YJII_NRCATTCCNNNNTAATTRN_1_3	589824	2.07101389608827	12.4264408102505	0.166662	1
DLX2_TGIF2LX_TTGACT40NAGT_YVII_NMTGTCAATTAN_1_3	928	4.31839703076418	10.1520394945835	0.425372	1
DLX2_TGIF2LX_TTGACT40NAGT_YVII_NTGTCAAATTAN_1_3	496	3.10736357367497	9.77995165806489	0.317728	1
DLX2_TGIF2LX_TTGACT40NAGT_YVII_NYAATTATGTCAN_1_3	1024	5.92778380312182	11.3280139991399	0.523285	1
DLX3_HT-SELEX_TATGTT20NCG_Y_NYAATTAN_1_2	388	1.40827858717842	7.32504831600084	0.192255	1
DLX3_HT-SELEX_TCCACA40NGCC_KN_NYAATTAN_1_2	388	-9.60757797528142	8.53811029019585	-1.12526	1
DLX3_HT-SELEX_TGGAGA40NCCA_KW_NYAATTAN_1_2	388	-8.82024988407356	8.5291787956304	-1.03413	1
DLX4_ELK1_TCTATA40NCCTA_YRII_NCGGAWRTAATTAN_1_3	2112	2.38701018401167	13.7411778189527	0.173712	1
DLX4_ELK1_TCTATA40NCCTA_YRII_NTAATTRCCGGAWRTN_1_3	4736	0.608342413846316	15.5403485111092	0.039146	1
DLX4_ELK3_TCGTCA40NCTA_YAFI_NRCCGGAAGYAATTAN_2_3	2496	6.98588692629792	16.5609080096624	0.42183	1
DLX4_ELK3_TCGTCA40NCTA_YAFI_NYAATTAMCGGAWRYN_1_3	16896	-2.23795319047918	17.1172290290402	-0.130743	1
DLX4_FLI1_TCTATA40NCCTA_YYIII_NRCCGGAWRYNNNYAATTAN_1_3	1179648	-2.4234731875838	15.2082819204194	-0.159352	1
DLX4_HT-SELEX_TCGAGT40NACT_KT_NYAATTAN_1_2	388	-9.95981855690697	8.46237579993629	-1.17695	1
DLX4_HT-SELEX_TCGTGG40NTCT_KV_NYAATTAN_1_2	388	-11.3291740740231	9.17412319493971	-1.23491	1
DLX4_HT-SELEX_TCTTCT20NGA_AC_NYAATTAN_1_3	388	0.520995952754276	7.53708583283056	0.0691243	1
DLX4_TBX21_TCGTCA40NCTA_YYI_NTAATTAGGTGTNAN_1_3	2368	5.70857078923172	14.1583712404649	0.403194	1
DLX4_TBX4_TCGTCA40NCTA_YWII_NAGGTGTTAATTRN_1_3	1120	4.8292133210581	11.9586019129257	0.403828	1
DLX4_TEAD4_TCTATA40NCCTA_YJII_TAATTAACATTCC_2_3	40	9.16079411745478	12.0075398630259	0.76292	1
DLX4_TGIF2LX_TCGTCA40NCTA_YVII_NYAATTANNNTGTCAN_1_3	65536	5.03526148951817	14.2956596366611	0.352223	1
DLX5_ELF1_TGGGTC40NGACT_YADIIII_NMGGAARYAATTA_1_3	992	-1.07608210678168	13.5801261941778	-0.0792395	1
DLX5_ELK3_TCAAGA40NCGC_YAFI_NRCCGGAWGYAATTAN_1_3	4736	-0.423871963438734	17.2443011374909	-0.0245804	1
DLX5_FLI1_TGGGTC40NGACT_YYIII_NCCGGAAGTAATTAN_1_3	640	0.98103387637709	15.2147618384706	0.0644791	1
DLX5_HT-SELEX_AGGGC14N_S_NYAATTAN_1_3	388	1.87862785014948	7.27863535777501	0.258102	1
DLX5_HT-SELEX_TACGAA40NAGA_KT_NYAATTAN_1_2	388	-10.3416958938277	8.52717444352701	-1.21279	1
DLX5_HT-SELEX_TACGGT40NTAC_KX_NYAATTAN_1_2	388	-8.95466012478909	8.46875437760323	-1.05738	1
DLX5_RUNX2_TGGGTC40NGACT_YII_ACCGCAATTA_1_3	31	5.70877276630631	10.0977324360799	0.565352	1
DLX5_TBX21_TCAAGA40NCGC_YYI_NTAATTAGGTGTNAN_1_3	2368	1.85033069582217	15.7684922917123	0.117344	1
DLX5_TBX4_TCAAGA40NCGC_YWII_NAGGTGTAATTAN_1_3	544	4.57283130308839	11.0653687575117	0.413256	1
DLX5_TBX4_TCAAGA40NCGC_YWII_NAGGTGTNATAATTRN_1_3	4864	4.10442679154518	16.753034527818	0.244996	1
DLX5_TBX4_TCAAGA40NCGC_YWII_NAGGTGTTAATTRN_1_3	1120	5.68141876055159	13.9120959966509	0.40838	1
DLX5_TBX4_TCAAGA40NCGC_YWII_NAGGTGTTRATKRGGTGNNRN_2_3	180224	0.785038510955588	20.1805449433167	0.0389008	1
DLX5_TBX4_TCAAGA40NCGC_YWII_NTAATKAGGTGTNRN_1_3	8448	3.74251287411764	14.2591684820194	0.262464	1
DLX5_TEAD4_TGGGTC40NGACT_YJII_NTAATTAACATTCCWN_1_3	1312	1.52897305172818	16.4922007074297	0.0927089	1
DLX5_TGIF2LX_TCAAGA40NCGC_YVII_NYAATTANNNTGTCAN_1_3	65536	4.41302528454386	14.3362132047343	0.307824	1
DLX6_HT-SELEX_TGCGGG20NGA_Y_NYAATTAN_1_3	388	-7.46570560343677	7.7532043369966	-0.962919	1
DLX6_HT-SELEX_TGGTGG40NTAA_KR_NYAATTAN_1_2	388	-9.94972609724715	8.38485503727867	-1.18663	1
DLX6_TBX21_TCTCAT40NTGT_YYI_NTAATKAGGTGTNAN_1_3	4480	-3.71524811463723	12.2807242419506	-0.302527	1
DLX6_TBX4_TCTCAT40NTGT_YWII_NAGGTGTTAATTRN_1_3	1120	-2.37045300123209	11.2891655065074	-0.209976	1
DLX6_TBX4_TCTCAT40NTGT_YWII_NTAATKAGGTGTNRN_1_3	8448	5.22090828858572	11.2395845927227	0.464511	1
DLX6_TGIF2LX_TCTCAT40NTGT_YVII_NTGTCAATTAN_1_3	448	4.22012612962155	9.43865250176071	0.447111	1
DLX6_TGIF2LX_TCTCAT40NTGT_YVII_NTGTCATTAN_1_3	400	2.90262058313076	8.76594066810708	0.331125	1
DMBX1_FLI1_TGTCTC40NAACT_YYIII_NTAATCCTTCCGGTN_1_3	640	1.60346029360645	14.5927755158454	0.10988	1
DMBX1_GABPA_TACATC40NATA_YYIIII_NTAATCCTTCCGGTN_1_3	640	3.89686612676796	16.0439517974416	0.242887	1
DMBX1_HT-SELEX_TAACCC20NCCA_AC_NNGGATTANN_1_4	4864	-10.0867877839629	8.44003604767764	-1.19511	1
DMBX1_HT-SELEX_TCCTCA40NAAC_KT_NTAATCCN_1_3	304	-7.9605805238519	7.85047799685733	-1.01402	1
DMBX1_TEAD3_TGTCTC40NAACT_YZI_NGGATTAACATTCCN_1_3	640	0.657276065714492	16.7444866867426	0.0392533	1
DMBX1_TEAD4_TGTCTC40NAACT_YJII_NGGATTAACATTCCN_1_3	640	5.60728236221276	12.565107140649	0.446258	1
DMRT1_HT-SELEX_TCTCCT40NCCT_KV_NNTYGNTACATN_1_3	11776	-22.8203306200726	10.8890368071936	-2.09572	1
DMRT3_HT-SELEX_TCTAGG40NCTG_KP_NWWTTGNTACATT_1_2	1920	-19.1359036812266	14.1449431208587	-1.35284	1
DMRTA1_HT-SELEX_TCAGGG40NGCA_KZ_WWTTGWTACATT_1_3	248	-3.90669061797019	11.8789244346207	-0.328876	1
DMRTA2_HT-SELEX_TGGTGG40NTAA_KP_NNTTGWTACATT_1_4	928	-5.24400204199716	11.0355774140547	-0.475191	1
DMRTC2_HT-SELEX_TCACAT40NATG_KS_RAACGATACA_1_4	58	-2.67854254277545	11.5413514703971	-0.232082	1
DMRTC2_HT-SELEX_TCACAT40NATG_KS_WWTTGNTACATN_1_3	1728	-9.15897918712785	12.9842303137889	-0.705393	1
DMRTC2_HT-SELEX_TCGTTC40NATA_KAE_GAACGATACA_1_4	31	0.0432949285705062	12.9534571674951	0.00334235	1
DMRTC2_HT-SELEX_TCGTTC40NATA_KAE_WWTTGNTACATN_1_2	1728	-9.62489716127789	11.9099437243751	-0.80814	1
DPF1_HT-SELEX_TTGCTT40NCCA_KP_NCTATAGGTGN_1_3	448	-6.2535659533789	11.689414967645	-0.534977	1
DPRX_HT-SELEX_TCGAAG30NAAT_AI_NNGGATTANN_1_2	4864	-9.97375427313308	8.44896103215003	-1.18047	1
DPRX_HT-SELEX_TCGAAG30NAAT_AI_NRGATAATCYN_1_2	1408	-6.29875863387361	10.6957152081271	-0.588905	1
DPRX_HT-SELEX_TTTCAT40NGCA_KO_NGMTAATCCN_1_2	736	-7.52322331789308	10.5382399754517	-0.713898	1
DRGX_FOXD2_TGTAGT40NGAT_YWI_NTAATTRNRTAAACAN_1_3	9216	5.84037943259933	13.0820915812456	0.446441	1
DRGX_HT-SELEX_TACTAC40NGCC_KO_YYAATTAN_1_2	241	-8.44644117842369	8.1489331310934	-1.03651	1
DRGX_HT-SELEX_TCCCTC20NCG_Y_NTAAYYNAATTAN_1_2	5792	1.13483494694426	12.6708690628216	0.0895625	1
DRGX_MEIS3_TGTAGT40NGAT_YRIIII_NTGTCAATTAN_1_3	448	4.91519064076322	8.38756883506428	0.586009	1
DRGX_ONECUT1_TGTAGT40NGAT_YJII_TAATTANNNTCGAT_1_3	2176	2.71452780634653	10.2788493136689	0.264089	1
DRGX_TBX21_TGTAGT40NGAT_YYI_NTAATKAGGTGTNAN_1_3	4480	4.46051941017664	13.8062866214391	0.323079	1
DRGX_TBX4_TGTAGT40NGAT_YWII_NAGGTGTTAATTRN_1_3	1120	5.77440329876394	12.3182713763891	0.468767	1
DRGX_TBX4_TGTAGT40NGAT_YWII_NTAATKAGGTGTNRN_1_3	8448	5.12756558801179	12.2477937850861	0.418652	1
DRGX_TBX6_TGTAGT40NGAT_YAAII_NAGGTGTTAATTN_1_3	544	4.75233977979609	10.492459409018	0.452929	1
DRGX_TEAD4_TGCCGA40NGTA_YJII_NWATTARCATWCCN_1_3	3968	3.04948303350714	12.3748439842445	0.246426	1
DRGX_TGIF2LX_TGTAGT40NGAT_YVII_NMTGTCAAATTAN_1_3	1024	-3.17980629852206	11.7111484541739	-0.27152	1
DRGX_TGIF2LX_TGTAGT40NGAT_YVII_NMTGTCAATTAN_1_3	928	4.89443615643873	11.251277103806	0.435012	1
DRGX_TGIF2LX_TGTAGT40NGAT_YVII_NYAATTANTGTCAN_1_3	4096	3.39395546770788	12.793087929637	0.265296	1
DRGX_TGIF2LX_TGTAGT40NGAT_YVII_NYAATTATGTCAN_1_3	1024	5.22420169701165	10.868114736359	0.480691	1
DUXA_HT-SELEX_TGTGAT40NGCA_KP_TRAYNTAATCA_1_3	425	-14.8718909136096	12.4897961482248	-1.19072	1
DUXA_HT-SELEX_TTCACA20NTA_AF_NTRAYNTAATCAN_1_2	6800	-6.25633353236812	12.4531481486942	-0.50239	1
DUXA_RUNX2_TAGCGG40NCTG_YII_NACCRCWNNNNTAATCAN_1_3	540672	-31.5125782621033	17.8462926856088	-1.76578	1
DUXA_TBX21_TATAGT40NAGG_YYI_NAGGTGTGNNNNTGATTA_1_3	40960	-4.72912107325342	18.3886896710171	-0.257176	1
E2F1_ELK1_CAP-SELEX_TATGTA40NTGT_AX_SGCGCNNNNNCGGAAGN_1_2	262144	-4.90445674631317	17.2412284264834	-0.284461	1
E2F1_EOMES_CAP-SELEX_TGCACG40NTTG_AX_NGGTGTGNNNGGCGCSNNNCRC_1_3	2752512	-15.6961809416709	20.8543019952845	-0.752659	1
E2F1_HES7_CAP-SELEX_TAAGGG40NACC_AX_RRCRCGYGYNNNNSGCGCSN_1_3	4194304	-9.15243938672892	20.1465434937857	-0.454293	1
E2F1_HT-SELEX_CAATT14N_U_AATGGCGCCAAA_2_4	37	0.25854435125974	13.0672533864698	0.0197857	1
E2F1_HT-SELEX_CAATT14N_U_TTTGGCGCCAAA_2_4	19	0.807829069316656	13.1945593881541	0.0612244	1
E2F1_HT-SELEX_TTCGCC40NGAC_KW_NWTTTGGCGCCAWWWN_2_4	7596	-2.66162111397932	16.0029437112895	-0.166321	1
E2F2_HT-SELEX_TACTCA20NCG_W_AAAAATGGCGCCAAAANN_2_4	784	-2.13893413183399	21.9952328733419	-0.0972454	1
E2F2_HT-SELEX_TACTCA20NCG_W_AAAATGGCGCCATTTT_2_4	25	10.1333406253068	19.8384382128699	0.510793	1
E2F2_HT-SELEX_TACTCA20NCG_W_NNTTTTGGCGCCAAAANN_2_4	5512	4.03207852074812	21.0120543377649	0.191894	1
E2F2_HT-SELEX_TTCAAG40NGCC_KV_GCGCGCGCGYW_1_3b0	120	4.24350314675788	12.9405898548325	0.327922	1
E2F2_HT-SELEX_TTCAAG40NGCC_KV_NWTTTGGCGCCAWWWN_2_4	7596	-3.02094026255563	14.5651527951348	-0.207409	1
E2F3_DRGX_CAP-SELEX_TTATAA40NGTG_AAA_SGCGCTAATTKN_1_2	480	-1.47793388379672	13.4108346277166	-0.110204	1
E2F3_FOXI1_CAP-SELEX_TCCTCT40NGTC_AAA_NNMCACCGCGCCCMN_1_3	8448	-5.44594201871578	17.2983674263304	-0.314824	1
E2F3_FOXO6_CAP-SELEX_TCCGAA40NGGC_AAA_NMATGACACGCGCCMNN_2_3	9984	-1.34961997356222	18.7081075908817	-0.0721409	1
E2F3_FOXO6_CAP-SELEX_TCCGAA40NGGC_AAA_NMATGACACNGCGCCMNN_2_3	39936	-3.7334441074953	19.6078575484685	-0.190406	1
E2F3_HT-SELEX_TTACAT20NACA_AF_NNAAATGGCGCCAAAANN_2_4	11008	-3.47879884780126	20.696141282803	-0.168089	1
E2F3_HT-SELEX_TTACAT20NACA_AF_NNAAATGGCGCCATTTNN_2_4	5512	-4.17200166139141	20.1843127850798	-0.206695	1
E2F3_HT-SELEX_TTACAT20NACA_AF_NNTTTTGGCGCCAAAANN_2_4	5512	5.97142593070627	21.1858692645848	0.281859	1
E2F3_HT-SELEX_TTGTCT40NGCT_KN_NTTTTGGCGCCAAAAN_2_3	346	-0.706299808992022	18.4638039590399	-0.0382532	1
E2F3_ONECUT2_CAP-SELEX_TTGAAG40NCTC_AAA_NNSGCGCSNNNATCGAYN_1_3	1015808	-8.51520022403333	16.8567905632673	-0.50515	1
E2F3_ONECUT2_CAP-SELEX_TTGAAG40NCTC_AAA_NNSGCGCSNNNNATCGAYN_1_3	4063232	-8.35075843511509	17.3833972920217	-0.480387	1
E2F3_TBX21_CAP-SELEX_TGGCAC40NAAG_AAA_NGGTGTGNNGGCGCSN_1_3b1	17920	-14.5158845641836	15.1294760300932	-0.959444	1
E2F3_TBX21_CAP-SELEX_TGGCAC40NAAG_AAA_NGGTGTGNNNGGCGCSN_1_3b1	71680	-7.29585936054784	16.9745205520084	-0.429812	1
E2F4_HT-SELEX_AGCAG14N_U_AATGGCGCCAAA_1_4	37	4.55368201363025	15.9832367391676	0.284904	1
E2F4_HT-SELEX_AGCAG14N_U_TTTGGCGCCAAA_1_4	19	5.04069699108805	16.3102889524472	0.30905	1
E2F4_HT-SELEX_TCAGGG40NGCA_KO_WTTTGGCGCCAWWW_2_3	477	-2.65796259750199	14.7919694874574	-0.17969	1
E2F7_HT-SELEX_TACGAA40NAGA_KP_NTTTCCCGCCAAAN_2_3	592	-17.0606112227101	17.8030973962354	-0.958295	1
E2F7_HT-SELEX_TCACAC20NACA_Y_TTTTCCCGCCAAAW_2_4	82	4.60878128975605	18.2364077165066	0.252724	1
E2F8_HT-SELEX_GGCTT14N_U_TTTCCCGCCAAA_2_4	37	5.38500427609539	16.1556133244976	0.333321	1
E2F8_HT-SELEX_TCCATC40NTGA_KP_NTTTCCCGCCAAAN_1_2	592	-1.81590729865009	14.4633440268159	-0.125552	1
EBF1_HT-SELEX_TATAAG20NCG_AC_NNTCCCNNGGGANN_1_3	51232	-10.1241597050889	14.6516899577213	-0.690989	1
EGR1_ELK3_TCAAAT40NCTG_YAFI_NCCGCCCACGCACTTCCGN_2_3	832	4.08776973082143	21.1379863593494	0.193385	1
EGR1_ERG_TGCTAA40NAACA_YYII_NCGCCCACNCTTCCGNYN_1_3	20992	-0.754167777820227	16.831909136521	-0.0448058	1
EGR1_FLI1_TGCTAA40NAACA_YYIII_NCGCCCACGNYTTCCGNYN_1_3	43008	-1.78950431110401	18.7301279968894	-0.0955415	1
EGR1_GABPA_TCAAAT40NCTG_YYIIII_NCGCCCACGNYTTCCGNYN_2_3	43008	4.1896884991683	16.8274841555081	0.248979	1
EGR1_HOXA2_TCAAAT40NCTG_YJI_MCGCCCNNNNNAATTAN_2_3	262144	-6.4061914837463	15.981346554398	-0.400854	1
EGR1_HT-SELEX_TACTAT20NATC_AA_NACGCCCACGCANN_2_4	2176	-2.1678258215281	15.9148900479326	-0.136214	1
EGR1_HT-SELEX_TCTCTT20NGA_Y_NMCGCCCMCGCANN_2_2	7680	-2.64238007111805	14.4990907489577	-0.182245	1
Egr1_HT-SELEX_TGCGCC20NCG_P_NNMCGCCCMCTCANNN_1_4	122880	-7.84193160690003	15.3073970204854	-0.512297	1
EGR1_HT-SELEX_TTGTAC40NGTA_KR_NMCGCCCACGCMN_1_2	1920	1.10002098035768	11.6179536441441	0.0946829	1
EGR1_RFX3_TCAAAT40NCTG_YSII_NCCWTRRCAACNCRCCCMCKYN_1_3	360448	-0.24369946620518	23.8731578025478	-0.0102081	1
EGR1_RUNX2_TGCTAA40NAACA_YII_NCGCCCACNNNNNTGCGGN_2_3	606208	-23.2883247981384	22.8399266541761	-1.01963	1
EGR1_TBX21_TCAAAT40NCTG_YYI_NCGCCCACGCNACACCT_1_3	736	2.60356596008394	19.9551074044448	0.130471	1
EGR1_TBX21_TCAAAT40NCTG_YYI_NTCACACCTMCGCCCACGCN_2_3	1696	5.18678729125488	20.2561765972015	0.25606	1
EGR1_TBX4_TCAAAT40NCTG_YWII_NCGCCCACGCNACACCT_1_3	736	-0.227871398628101	20.6752649058722	-0.0110215	1
EGR1_TEAD4_TGCTAA40NAACA_YJII_NCRCCCACRCAMATTCCN_2_3	5504	7.22542877215307	20.0500833279758	0.360369	1
EGR2_HT-SELEX_TACCCT40NTTA_KX_NMCGCCCACGCAN_1_4	1024	-2.71378964528289	13.0952911426382	-0.207234	1
EGR2_HT-SELEX_TCATCA20NCTA_W_NNMCGCCCACGCANN_2_2	16384	-3.52432496202409	14.1207996841428	-0.249584	1
EGR2_HT-SELEX_TCGGCC20NGA_W_MCGCCCACGCA_2_3	64	-1.34904233612745	13.4778996277417	-0.100093	1
Egr3_HT-SELEX_TCATGC20NGTA_Z_NACGCCCACGCANNN_2_3	8704	-2.9500067221237	16.1758784093421	-0.182371	1
EGR3_HT-SELEX_TCCATC40NTGA_KW_NMCGCCCACGCAN_1_2	1024	-4.36522426474022	14.5406141378122	-0.300209	1
EGR3_HT-SELEX_TTAAGA20NGAA_AF_NNACGCCCACGCANN_2_3	8704	-2.68645104134174	15.5071291865396	-0.17324	1
EGR4_FLI1_TAGGTC40NATTT_YYIII_NCGCCCACSCCTTCCGSYN_2_3	5888	2.11682707871362	21.8492971158971	0.0968831	1
EGR4_HT-SELEX_TAGCGA40NGCT_AI_NNMCGCCCACGCANNN_2_4	65536	-5.41203647987037	15.2477578020162	-0.35494	1
EGR4_HT-SELEX_TTTCTA40NCAT_KP_NMCGCCCACGCAN_1_2	1024	-3.51130946096943	14.8868353870442	-0.235867	1
ELF1_CREM_TTCATT40NTAT_YLIII_NMGGAWRTGACGTR_1_3	2048	-6.06875796042294	13.5694852175459	-0.447236	1
ELF1_FOXD2_TTCATT40NTAT_YWI_NACCGGAWGTTTRYNTWN_2_3	38912	4.54728218767017	13.7564285452041	0.330557	1
ELF1_FOXD2_TTCATT40NTAT_YWI_NWRNRTAAACMGGAAGTN_2_3	38912	7.0611180083351	15.0557615675109	0.468998	1
ELF1_FOXK1_TTCATT40NTAT_YXI_NAGAAAACCGAAWMN_2_3	2304	-0.529040074110095	16.8532741411912	-0.0313909	1
ELF1_FOXO1_TTACAA40NGGAG_YIII_NCGGAWGTAAAYAN_1_3	2112	3.48025825556703	11.7963340637435	0.295029	1
ELF1_FOXO1_TTACAA40NGGAG_YIII_NRWAAAYAGGAWRTN_1_3	15360	1.96179562897349	13.0773275919231	0.150015	1
ELF1_FOXO1_TTACAA40NGGAG_YIII_NTRTTTACGGAWRYN_1_3	8192	2.7652009397289	13.7144945911465	0.201626	1
ELF1_HOXA2_TTCATT40NTAT_YJI_NTAATTNNGGAAGYN_1_3	16384	-10.7005394946078	13.2472918828519	-0.807753	1
ELF1_HOXC10_TTACAA40NGGAG_YAEIII_NMGGAAGTMRTAAAN_1_3	4352	4.01612803561574	16.0233446910624	0.250642	1
ELF1_HT-SELEX_TAAGCA40NGTC_KW_NACCCGGAAGTN_1_2	496	-3.12183146188186	11.9024337634006	-0.262285	1
ELF1_HT-SELEX_TAAGCA40NGTC_KW_NATGCGGAAGTN_1_2	496	-3.14876705777286	12.552585967741	-0.250846	1
ELF1_HT-SELEX_TATGGG20NCG_W_AACCCGGAAGTR_2_4	70	3.16872901254763	14.8424901520918	0.21349	1
ELF1_HT-SELEX_TGAACC40NCCA_KR_NACCCGGAAGTN_1_2	496	-4.05342126273465	12.0204889261798	-0.337209	1
ELF1_HT-SELEX_TGAACC40NCCA_KR_NATGCGGAAGTN_1_2	496	-3.97456113932464	12.3328587762719	-0.322274	1
ELF1_HT-SELEX_TGGGTA20NGA_O_AACCCGGAAGTN_1_7	136	-1.16962149905065	14.2015663852384	-0.0823586	1
ELF1_IRF8_TTACAA40NGGAG_YQIIII_NCCGGAAGYGAAACYN_1_3	2496	-0.853979138198419	17.2947263791142	-0.049378	1
ELF1_RUNX2_TTACAA40NGGAG_YII_NMGGAWRTTGCGGTW_1_3	2240	-2.28381367778546	16.3847658304794	-0.139386	1
ELF1_TBX21_TTCATT40NTAT_YYI_NAGGTGTNAYWTCCGGN_2_3	9984	5.39496284131209	16.5572819394819	0.325836	1
ELF1_TBX6_TTCATT40NTAT_YAAII_NSMGGAARYNNRGGTGTNRN_2_3	2228224	1.9365884867496	14.5917210646375	0.132718	1
ELF1_TEAD4_TTACAA40NGGAG_YJII_NACTTCCGCATTCCN_1_3	640	-0.459651447322694	15.6088612826922	-0.0294481	1
ELF1_TGIF2LX_TTCATT40NTAT_YVII_TGWCAGGAAGT_1_3	64	-1.22038967990595	10.3892977291812	-0.117466	1
ELF2_FOXD2_TTATGG40NCCA_YWI_NACCGGAWGTTTRYNTWN_2_3	38912	2.99859040974429	14.9895052670656	0.200046	1
ELF2_FOXD2_TTATGG40NCCA_YWI_NWANGYAAACACGGAARYN_2_3	41984	6.52569578881082	17.9931383691656	0.362677	1
ELF2_FOXK1_TTATGG40NCCA_YXI_NAGAAAACCGAAWMN_2_3	2304	-0.74529980829368	16.9507060896324	-0.0439687	1
ELF2_HOXA2_TTATGG40NCCA_YJI_NCCGGAAGTAATTAN_1_3	640	6.65563725425448	15.9287967788643	0.417837	1
ELF2_HOXA2_TTATGG40NCCA_YJI_NTAATTRCGGAARTN_1_3	2304	5.61100567009169	14.5480817720702	0.385687	1
ELF2_HOXB2_TTATGG40NCCA_YUI_NCCGGAAGTAATTAN_2_3	640	7.27101654120623	15.8494837318634	0.458754	1
ELF2_HT-SELEX_TTAGCT40NCCT_KR_NACCCGGAAGTN_1_3	496	-4.01749060733049	11.7517790070132	-0.341862	1
ELF2_HT-SELEX_TTAGCT40NCCT_KR_NATGCGGAAGTN_1_3	496	-4.49510292756622	12.9199191465373	-0.34792	1
ELF2_HT-SELEX_TTCGCC40NGAC_KX_NACCCGGAAGTN_1_2	496	-4.54566633253199	13.8490762054765	-0.328229	1
ELF2_HT-SELEX_TTCGCC40NGAC_KX_NATGCGGAAGTN_1_2	496	-4.82000913361646	14.0592880044985	-0.342835	1
ELF2_IRF7_TTCTCC40NAGA_YAEIIII_NWCGAAASCGGAAGTN_2_3	2496	4.92447839632201	16.5136830907221	0.298206	1
ELF2_IRF8_TTCTCC40NAGA_YQIIII_NCCGGAAGYGAAACYN_1_3	2496	-0.845460996179371	17.4080851453946	-0.0485671	1
ELF2_ONECUT1_TTATGG40NCCA_YJII_ATCGATNNNCGGAARY_1_3	9216	4.24699703157177	17.059810950935	0.248947	1
ELF2_TBX21_TTATGG40NCCA_YYI_NCGGAAGTAACACCTN_1_3	688	8.02143866481401	17.2100937611734	0.466089	1
ELF2_TBX4_TTATGG40NCCA_YWII_NAGGTGTYACTTCCGSN_2_3	2688	9.57208959650514	17.0561610425443	0.56121	1
ELF2_TEAD4_TTCTCC40NAGA_YJII_NGGAATGCGGAARN_2_3	1120	7.37899902271367	15.0519540928479	0.490235	1
ELF3_HT-SELEX_TACATC40NATA_KP_NATAACGGATGYN_1_3	1024	-2.02202486051772	14.841798098234	-0.136239	1
ELF3_HT-SELEX_TACATC40NATA_KP_NATKGCGGATGYN_1_3	1920	-3.23274995047904	14.383211230117	-0.224759	1
ELF3_HT-SELEX_TACATC40NATA_KP_NATRCGGATGYN_1_3	1728	-4.77377661493889	12.121180404731	-0.393838	1
ELF3_HT-SELEX_TATGTA40NTGT_KW_NTGTGCGGATGCN_1_3	544	0.889132073572402	15.2725208267043	0.0582178	1
ELF3_HT-SELEX_TCCGTG20NTGC_Y_WACCCGGAAGTA_2_3	70	-0.465719520296215	14.5203958418421	-0.0320735	1
ELF4_CREM_TCTAGA40NCGA_YLIII_NMGGAWRTGACGTNNN_1_3	63488	2.26816873507432	14.5077769223214	0.156342	1
ELF4_FOXA1_TAGCCC40NCATA_YWII_NRYAAACAMGGAWRN_1_3	15360	-3.98291707170545	12.0819454418502	-0.329659	1
ELF4_FOXK1_TCTAGA40NCGA_YXI_NAGAAAACCGAAWMN_2_3	2304	-0.978704104621551	18.1287965201515	-0.0539862	1
ELF4_HOXA2_TCTAGA40NCGA_YJI_NMGGAAGTAATTAN_1_3	1120	6.1257058890464	13.4578563035684	0.455177	1
ELF4_HOXA2_TCTAGA40NCGA_YJI_NTAATKRNNGGAAGN_1_3	30720	1.42367033821986	12.3928294150169	0.114879	1
ELF4_HOXB2_TCTAGA40NCGA_YUI_NTMATTANNMGGAAGTN_1_3	36864	-5.95559603811682	17.0614519835135	-0.349067	1
ELF4_HOXB5_TCTAGA40NCGA_YVIII_NMGGAAGNWAATTRN_1_3	15872	1.88049600424453	11.0683211534446	0.169899	1
ELF4_HT-SELEX_TCAGCA40NCTC_KS_NACCCGGAAGTN_1_3	496	-3.20180072157859	11.9927881115136	-0.266977	1
ELF4_HT-SELEX_TCAGCA40NCTC_KS_NATGCGGAAGTN_1_3	496	-3.49722165609586	13.0157732710373	-0.268691	1
ELF4_ISL2_TCTAGA40NCGA_YUIII_NMGGAAGYAMTTAAN_1_3	4352	2.72468200247738	12.8177813895219	0.21257	1
ELF4_NKX6-1_TAGCCC40NCATA_YVIII_NTAATTACCGGAARYN_2_3	2496	4.20579720473563	12.6066328035639	0.333618	1
ELF4_POU2F2_TAGCCC40NCATA_YAAIIII_NCGGAWATGCWAATN_1_3	2304	6.32834504961817	14.9570808117705	0.4231	1
ELF4_TBX21_TCTAGA40NCGA_YYI_NAGGTGTKANNNNGGAAGTN_1_3	335872	-1.96642236295955	18.963694679633	-0.103694	1
ELF4_TBX4_TCTAGA40NCGA_YWII_MGGAAGNNNRGGTGTNR_1_3	69632	3.51581171136592	15.4840740580548	0.22706	1
ELF4_TEAD3_TAGCCC40NCATA_YZI_NGGAATGCGGAAGTN_1_3	640	-0.338240258427149	16.5981497136062	-0.0203782	1
ELF4_TEAD4_TAGCCC40NCATA_YJII_NGGAATGCGGAAGTN_1_3	640	6.34339972799086	14.2551852230785	0.444989	1
ELF4_TGIF2LX_TCTAGA40NCGA_YVII_NMGGAAGTGWCAN_1_3	1920	5.81958693767755	12.9394479469875	0.449755	1
ELF4_TGIF2LX_TCTAGA40NCGA_YVII_NTGWCAGGAAGYN_1_3	1920	4.16109071900704	12.8102533789094	0.324825	1
Elf5_HT-SELEX_TATTGT20NCG_Z_ACCCGGAAGTN_2_2	124	-3.55480781198521	10.4506096379623	-0.340153	1
ELF5_HT-SELEX_TCGTCA40NCTA_KT_NANNMGGAAGTN_1_4	11776	-10.2561585527358	10.0396116289667	-1.02157	1
ELF5_HT-SELEX_TCTCGG20NGA_AF_ACCCGGAAGTN_2_2	124	-4.29446258712646	10.752900497382	-0.399377	1
ELF5_HT-SELEX_TCTGCA40NATA_KW_NAMCCGGAAGTN_1_3	928	-3.54963640420398	12.4426207917273	-0.28528	1
ELF5_HT-SELEX_TGCCGC20NCG_V_ACCCGGAAGTN_2_2	124	-3.9559615085352	11.2206808108294	-0.35256	1
ELF5_OTP_TGACCG40NTGCT_YPIII_MGGAARYNNNTAATTR_1_3	32768	4.55253559674075	14.785387620377	0.307908	1
ELF5_TEAD4_TGACCG40NTGCT_YJII_RYTTCCGCATTCYN_1_3	1088	6.09784510137096	15.2758315779533	0.399183	1
ELK1_EOMES_CAP-SELEX_TGAGTC40NAAC_AAA_RSCGGAANNAGGYGYNA_1_2	35840	-13.3422437620972	17.50159605813	-0.762344	1
ELK1_EOMES_CAP-SELEX_TGAGTC40NAAC_AAA_TNRCACCGGAAGN_1_2	1024	-4.96550984833997	13.8891037724864	-0.357511	1
ELK1_ETV7_CAP-SELEX_TTGGTG40NTAC_AAA_NNSMGGACGGAYNTCCKSNN_2_2	1175616	-14.3778834340915	20.8293716113422	-0.69027	1
ELK1_EVX1_CAP-SELEX_TGGAAT40NAAT_AAD_RSCGGWANNNNYMATTA_1_3	245760	-7.99017654306323	16.0254693725776	-0.498592	1
ELK1_FOXD2_TACTCT40NAAC_YWI_NCCGGAWGTTTAYNTWN_2_3	18944	2.57003636746947	15.8287753520702	0.162365	1
ELK1_FOXI1_CAP-SELEX_TAGTCA40NTCT_AAA_RSCGGAANNRTMAAYAN_1_3	67584	-11.2182127196033	18.6204607415034	-0.602467	1
ELK1_FOXI1_CAP-SELEX_TAGTCA40NTCT_AAA_RSCGGAANRWMAACAN_1_3	16896	-9.1617832010246	17.3797198675579	-0.527154	1
ELK1_FOXI1_CAP-SELEX_TAGTCA40NTCT_AAA_RSCGGATGTKKN_1_3	1664	-10.0737457578713	13.5751147984799	-0.742074	1
ELK1_FOXI1_CAP-SELEX_TAGTCA40NTCT_AAA_WGTTKMCGGAWRTN_1_3	3838	-4.01029287328431	14.0359374348127	-0.285716	1
ELK1_FOXO1_TCCTTG40NTGGC_YIII_NCGGAWGTAAAYAN_1_3	2112	1.51251938421121	11.6954108886547	0.129326	1
ELK1_HOXA1_CAP-SELEX_TAGCCG40NGAA_AAA_RCCGGAAGTAATTA_1_3b0	82	4.71550570018613	16.499093148218	0.285804	1
ELK1_HOXA2_TACTCT40NAAC_YJI_NMGGAAGTMATTAN_1_3	2112	6.09667822390665	15.2774545786285	0.399064	1
ELK1_HOXA3_CAP-SELEX_TCTGTG40NAGA_AAA_RSCGGTAATKR_1_2	416	-5.46665756611699	10.4551797870427	-0.522866	1
ELK1_HOXB13_CAP-SELEX_TGCGAC40NGGT_AAA_RSCGGAAGNNGTAAAN_2_3	9216	-8.95046034691692	17.808050802134	-0.502608	1
ELK1_HT-SELEX_TCAGTT40NTTG_KAE_NACCGGAAGTN_1_2	448	-3.84034046796546	10.2098528810664	-0.376141	1
ELK1_HT-SELEX_TCGGAA20NAGT_AG_ACCGGAAGTN_1_2	112	-4.36843055937214	11.1544273514263	-0.391632	1
ELK1_HT-SELEX_TGAGTG20NTGA_AG_ACCGGAAGTN_1_2	112	-3.54982900229127	11.9915487504628	-0.296028	1
ELK1_HT-SELEX_TGAGTG20NTGA_AG_NACTTCCGSCGGAARMN_2_3	5040	4.29121648067802	19.3422336533079	0.221857	1
ELK1_HT-SELEX_TGCCGA40NGTA_KS_NACCGGAAGTN_1_3	448	-2.33482736568324	12.2781125767671	-0.190162	1
ELK1_IRF8_TCCTTG40NTGGC_YQIIII_NACCGGAAGYGAAACYN_1_3	2688	1.1552636988944	18.9905919939411	0.0608335	1
ELK1_IRF8_TCCTTG40NTGGC_YQIIII_NRYTTCCGGNNCGAAACYN_2_3	81920	2.69386948753788	19.7600215507667	0.136329	1
ELK1_IRF8_TCCTTG40NTGGC_YQIIII_NYGAAASYGAAACCGGAWGYN_2_3	24576	8.97904514490394	21.5215259027213	0.417212	1
ELK1_ISX_TACTCT40NAAC_YUIIII_NCGGAWGNNNYAATTAN_1_3	135168	3.89015762361713	15.4791916552713	0.251315	1
ELK1_ONECUT1_TACTCT40NAAC_YJII_NCGGAASNGATCGATN_1_3	4864	6.65265284110906	15.8662553551209	0.419296	1
ELK1_ONECUT2_CAP-SELEX_TCCAGG40NTAG_AAA_RSCGGAASNGRTCGATAN_2_2	10496	0.783258991806693	19.5006239463548	0.0401658	1
ELK1_PAX1_CAP-SELEX_TGAAGG40NGAT_AAA_RSCGGAACYACGCWYSANTG_2_2	11776	2.17375494177379	22.1437428854948	0.0981657	1
ELK1_PAX5_CAP-SELEX_TCAGTT40NTTG_AAA_RSCGGAACYACGCWYSANTG_2_2	11776	1.00996244263631	22.0976930908719	0.0457044	1
ELK1_PAX9_CAP-SELEX_TAGAAA40NCAG_AAA_RSCGGAACYACGCWYSANTG_2_2	11776	4.21430450841188	22.0686247942184	0.190964	1
ELK1_RUNX2_TCCTTG40NTGGC_YII_NCCGGAAGTTGCGGTTN_2_3	736	1.2165525962992	17.5603112506823	0.0692785	1
ELK1_SOX11_TCCTTG40NTGGC_YUIII_NCCGGAACAAWRN_1_3	1920	-4.66409248527041	11.4427135473933	-0.407604	1
ELK1_SPDEF_CAP-SELEX_TGGAGC40NGAT_AAD_NSMGGACGGAYNTCCKSN_2_3	73488	-5.49453120796706	18.8744573691286	-0.291109	1
ELK1_SREBF2_CAP-SELEX_TCTTTG40NACT_AAA_RSCGGAANTSRCGTGA_1_2	2432	-9.61160467133336	17.8148928809218	-0.539526	1
ELK1_SREBF2_CAP-SELEX_TCTTTG40NACT_AAA_RWCACGTGNNCGGAANN_1_2	36864	-9.91091577180805	19.3013127321176	-0.513484	1
ELK1_TBX21_CAP-SELEX_TCCTAT40NAGA_AAA_TNRCACCGGAAGNN_1_2	4096	-5.46966837346858	13.9373506615965	-0.392447	1
ELK1_TBX21_TACTCT40NAAC_YYI_NAGGTGTGAMCGGAAGTN_2_3	1504	10.4518074793198	18.9051955672376	0.552854	1
ELK1_TBX21_TACTCT40NAAC_YYI_NAGGTGTTACTTCCGGYN_2_3	1504	9.83388508519852	19.2770731756193	0.510134	1
ELK1_TCF7L1_TCCTTG40NTGGC_YAFII_NCCGGANNNNNATCAAA_1_3	139264	-27.169656211942	14.9447652685234	-1.818	1
ELK1_TEAD4_TCCTTG40NTGGC_YJII_NMGGAARYNNNNNRCATTCC_1_3	2293760	2.11671453371267	16.2810499047741	0.130011	1
ELK1_TEAD4_TCCTTG40NTGGC_YJII_YSTTCCGNATTCCN_1_3	2112	-7.15826428982034	13.9940610659726	-0.511522	1
ELK1_TEF_CAP-SELEX_TCGTTC40NATA_AAA_NSCGGAWNTTACGTAAN_1_2	9984	-5.40787790813178	18.8981139377077	-0.28616	1
ELK3_FOXD2_TGGTAT40NTGA_YWI_NCCGGAWGTTTAYNTWN_2_3	18944	3.20207687389983	17.3810249788009	0.184228	1
ELK3_GCM1_TGGTAT40NTGA_YACII_NRTGNGGGCGGAAGTN_2_3	4864	5.5924620802511	14.5907861759735	0.383287	1
ELK3_HOXA2_TGGTAT40NTGA_YJI_NACCGGAWGTAATTAN_1_3	1312	0.371815653038156	16.1983889790948	0.0229539	1
ELK3_HOXA2_TGGTAT40NTGA_YJI_NTAATTRNNNCGGAARTN_1_3	147456	-0.600627823375765	18.500854114458	-0.0324649	1
ELK3_HOXB2_TGGTAT40NTGA_YUI_NTAATTANNNNCGGAAGTN_2_3	163840	-2.63849944809743	19.1473272400664	-0.1378	1
ELK3_HT-SELEX_TCCCTG40NGTA_KS_NACCGGAAGTN_1_2	448	-5.13707924845137	11.4757494068924	-0.447647	1
ELK3_HT-SELEX_TCCCTG40NGTA_KS_NTCGTAAATGCN_1_2	496	-1.62253129784408	13.5197764419784	-0.120012	1
ELK3_HT-SELEX_TCGGGG20NGGT_AG_ACCGGAAGTN_1_2	112	-3.40261392997852	11.1964131893435	-0.303902	1
Elk3_HT-SELEX_TGAGTG20NTGA_AC_ACCGGAAGTN_1_3	112	-4.61375379452661	12.0034229506052	-0.38437	1
ELK3_HT-SELEX_TGTCAG40NGAC_KX_ACCGGAAGTN_1_2	112	-5.28073060989911	11.8087484660231	-0.447188	1
ELK3_HT-SELEX_TGTCAG40NGAC_KX_NTCGTAAATGCN_1_2	496	-1.58156826149224	15.1212181957924	-0.104593	1
ELK3_IRF8_TATTTC40NTGTG_YQIIII_NACCGGAAGYGAAACYN_1_3	2688	2.502592969962	17.8051660309294	0.140554	1
ELK3_IRF8_TATTTC40NTGTG_YQIIII_NRYTTCCGGNNCGAAACYN_2_3	81920	3.41917568429576	20.2836797689014	0.168568	1
ELK3_IRF8_TATTTC40NTGTG_YQIIII_NYGAAASYGAAACCGGAWGYN_2_3	24576	4.22069813276584	22.0820460424123	0.191137	1
ELK3_ISX_TGGTAT40NTGA_YUIIII_NCGGAAGNNNNYAATTAN_1_3	286720	-2.77352756965274	15.9858249613733	-0.173499	1
ELK3_ONECUT1_TGGTAT40NTGA_YJII_NCCGGAAGNNNNNATCGATN_1_3	655360	-3.75921745068954	17.3640552828743	-0.216494	1
ELK3_TBX21_TGGTAT40NTGA_YYI_NAGGTGTGACCGGAAGTN_2_3	784	9.17120888996521	18.8934944073447	0.485416	1
ELK3_TBX4_TGGTAT40NTGA_YWII_NCGGAAGTNNAGGTGTNRN_2_3	83968	4.1608078913268	18.6224091119387	0.22343	1
ELK3_TBX6_TGGTAT40NTGA_YAAII_RSMGGAARYNNRGGTGTNRN_1_3	1146880	2.41740610408268	16.0891174792364	0.150251	1
ELK4_HT-SELEX_TAGGGC40NGGT_AK_ACCGGAARTN_1_3	208	-6.65780167799842	11.0676856976651	-0.601553	1
ELK4_HT-SELEX_TCCGCC40NTCA_KAE_NRCCGGAWGTN_1_2	1536	-6.57684668852803	9.74541532722186	-0.674866	1
ELK4_HT-SELEX_TCCGCC40NTCA_KAE_NTCGTAAATGMN_1_2	928	-2.53065899052173	12.8503396641158	-0.196933	1
EMX1_HT-SELEX_TCGCAT30NACT_AI_NNYAATTANN_1_3	6160	-10.7355242622868	8.64223627631302	-1.24222	1
EMX1_HT-SELEX_TCGCAT30NACT_AI_YMATTARYTAATKR_1_3	996	6.52513741713967	14.9254716268321	0.437181	1
EMX1_HT-SELEX_TTAGCA40NGGT_KO_NYAATTAN_1_2	388	-9.92888750906034	8.82966233164412	-1.12449	1
EMX1_HT-SELEX_TTTAGG40NTCT_KW_NYAATTAN_1_2	388	-10.4375514438873	8.77840290999811	-1.189	1
EMX2_HT-SELEX_TCAGGG40NGCA_KP_YTAATTAN_1_2	118	-8.40676406338872	9.05891800644066	-0.92801	1
EMX2_HT-SELEX_TGGTTC30NTTT_AI_NNYAATTANN_1_4	6160	-12.5410464682497	9.44517682050768	-1.32777	1
EMX2_HT-SELEX_TGGTTC30NTTT_AI_YMATTARYTAATKR_1_4	996	5.97025699168322	14.1803865662677	0.421022	1
EN1_HT-SELEX_TATATA40NGCT_KR_NYAATTAN_1_4	388	-8.9757175727369	8.50991691278296	-1.05474	1
EN1_HT-SELEX_TGACCT20NCCA_W_NYAATTAN_1_3	388	-8.19492285257011	8.3324661044563	-0.983493	1
EN1_HT-SELEX_TGACCT20NCCA_W_TAATTRSNYAATTA_2_4	804	6.47055629292152	12.0923838974436	0.535094	1
EN1_HT-SELEX_TGTAGG20NGA_Y_NNYAATTANN_1_3	6160	-3.95699864136555	8.76154704532239	-0.451632	1
EN1_HT-SELEX_TGTAGG20NGA_Y_TAATTRSNYAATTA_2_3	804	7.95833015907513	15.5974031392092	0.510234	1
En2_HT-SELEX_TCAGCT20NCG_Z_NNYAATTANN_1_4	6160	-8.69750368790263	9.55509893793102	-0.910247	1
EN2_HT-SELEX_TGCCAT20NGA_AE_NNYAATTANN_1_3	6160	-9.70009220274685	8.91342323736832	-1.08826	1
EN2_HT-SELEX_TGGCCT40NTAT_KS_NYAATTAN_1_3	388	-8.8871633181915	8.96225797272453	-0.991621	1
EN2_HT-SELEX_TTGAGG20NGA_R_NNYAATTANN_1_3	6160	-6.77811007980907	8.61173654800711	-0.787078	1
EN2_SIX6_TTACTT40NGTAT_YVI_NGGTATAAGTAN_1_3	496	-2.1005040231637	10.7252452654884	-0.195847	1
EN2_TBX20_TTACTT40NGTAT_YWIIII_NRGTGTTAATTRN_1_3	1920	-5.80378304028784	12.3243279977521	-0.470921	1
EN2_TBX21_TTGAAT40NTAC_YYI_NAGGTGTTAATTRN_1_3	1120	-3.62086039426743	14.8049486314746	-0.244571	1
EN2_TBX4_TTGAAT40NTAC_YWII_NTAATTAGGTGTNRN_1_3	4480	-3.05276485285858	15.1116530278964	-0.202014	1
EOMES_HOXA2_TTTAGA40NGGC_YJI_NAGGTGTTAATTRN_1_3	1120	-2.30047440495205	11.0438686796277	-0.208303	1
EOMES_HOXA2_TTTAGA40NGGC_YJI_NTAATKARGTGTKAN_1_3	4352	-2.32109420327618	11.9209458029788	-0.194707	1
EOMES_HT-SELEX_TGTAAA30NAAG_AI_NAGGTGTGAAAWN_1_3	1024	2.49003728805861	12.8472288234418	0.193819	1
EOMES_HT-SELEX_TGTAAA30NAAG_AI_TCACACCTNNNNAGGTGTGA_2_3	6280	9.11177494633442	18.7649267437341	0.485575	1
EOMES_HT-SELEX_TTAGCT40NCCT_KP_NAGGTGTGAN_1_4	400	-6.45729623508955	10.3822386570085	-0.621956	1
EOMES_IRF8_TAGAAA40NCAG_YQIIII_NYGAAACTAACACCYN_1_3	2496	-0.0196223569886975	15.2397241480191	-0.00128758	1
EOMES_OTP_TAGAAA40NCAG_YPIII_NAGGTGTTAATTR_1_3	280	4.6657638879442	11.7725371111808	0.396326	1
EOMES_RUNX2_TAGAAA40NCAG_YII_NYMACACCNNNACCGCMM_1_3	143360	-3.96923061752675	17.994047098172	-0.220586	1
EOMES_TEAD4_TAGAAA40NCAG_YJII_AGGYGTGANATTCC_2_3	304	3.93548076207418	11.5941597179504	0.339436	1
ERF_CEBPD_CAP-SELEX_TAGAGG40NACC_AAC_RSMGGAANTTGCGYAAN_1_3	9728	-12.5912649908769	17.7526546739687	-0.709261	1
ERF_CLOCK_CAP-SELEX_TCCAGA40NGTA_AAC_CACGTGNNNNNSRGGAARNN_1_3b0	4456448	-11.4682788572429	19.3640150606616	-0.592247	1
ERF_DLX2_CAP-SELEX_TCGAAA40NAAT_AAC_RSCGGAANNNNNYMATTA_1_3_v2	524288	-6.19201816586834	15.0548472156003	-0.411297	1
ERF_DLX2_CAP-SELEX_TCGAAA40NAAT_AAC_RSCGGAANNNNNYMATTA_1_3	524288	-6.84013506651914	15.3711526940453	-0.444998	1
ERF_DLX3_CAP-SELEX_TTGCAT40NTGG_AAC_RSCGGAANNNNNYAATTA_1_2	278528	-5.13576194964835	13.3088831659254	-0.38589	1
ERF_DLX3_CAP-SELEX_TTGCAT40NTGG_AAC_RSCGGAANNNNYAATTA_1_2	69632	-5.00370455596323	13.8898918057205	-0.360241	1
ERF_EOMES_CAP-SELEX_TGAGTC40NAAC_AAC_TNTCACACCGGAAAT_2_3	172	0.0400494943810521	13.8032224726236	0.00290146	1
ERF_ETV7_CAP-SELEX_TTGGTG40NTAC_AAC_NSMGGACGGAYNTCCKSN_1_2	73488	-2.3256015227837	16.5829496082452	-0.140241	1
ERF_FIGLA_CAP-SELEX_TCGAAC40NGAT_AAC_RSCGGAANCASCTGNN_1_3	17408	-5.83858051284918	16.0796221393379	-0.363104	1
ERF_FOXI1_CAP-SELEX_TAGTCA40NTCT_AAC_RSCGGATGTTKWN_1_2	1856	-4.67570440355226	12.6780796686099	-0.368802	1
ERF_FOXI1_CAP-SELEX_TAGTCA40NTCT_AAC_RTAAACMGGAARYN_1_2	2048	-2.6684350903858	12.8177886263415	-0.208182	1
ERF_FOXI1_CAP-SELEX_TAGTCA40NTCT_AAC_TGTTKMCGGAWRN_1_2	1856	1.90060176456008	12.3052281553518	0.154455	1
ERF_FOXO1_CAP-SELEX_TATGGT40NATA_AAC_RTMAACAGGAARNN_1_3b1	3968	-1.54277686954289	13.7412681842301	-0.112273	1
ERF_HES7_CAP-SELEX_TGTGAA40NTAC_AAC_NNCACGTGNNNNCCGGAANN_1_3b1	2424832	-12.4466842476648	19.4554146697691	-0.639754	1
ERF_HOXB13_CAP-SELEX_TGCGAC40NGGT_AAC_NNMGGAARNNRTAAAN_1_2	229376	-7.66923585096953	13.6471128196685	-0.561968	1
ERF_HT-SELEX_TCAGAG20NCG_W_ACCGGAAGTN_1_4	112	-1.02169099432155	11.7234553942995	-0.0871493	1
ERF_MAX_CAP-SELEX_TTAGTC40NTCC_AAC_RSCGGAANCACGTGN_1_3	2304	-4.56884132949358	17.8154801164109	-0.256453	1
ERF_NHLH1_CAP-SELEX_TCTCGT40NGCC_AAC_NNCAGCTGCCGGAWRYN_2_3	18944	-9.8962282104381	19.1528458109144	-0.516698	1
ERF_ONECUT2_CAP-SELEX_TCCAGG40NTAG_AAC_RSCGGAANNNNNNRTCGATN_1_3	4456448	-6.66211818966661	19.2848193300108	-0.345459	1
ERF_PITX1_CAP-SELEX_TCGAGC40NAAT_AAC_NSCGGANNNNNGGMTTA_1_3b0	491520	-7.25024006034571	13.2783685819216	-0.546019	1
ERF_PITX1_CAP-SELEX_TCGAGC40NAAT_AAC_NSCGGANNNNNNGGMTTA_1_3b0	1966080	-6.11147479775184	14.2907713509013	-0.427652	1
ERF_SREBF2_CAP-SELEX_TCTTTG40NACT_AAC_NNCACGTGACMGGAARNN_1_3u	39936	-12.9125290127108	21.0154063493644	-0.614432	1
ERF_SREBF2_CAP-SELEX_TCTTTG40NACT_AAC_NSCGGAARNCACGTGNN_1_2	36864	-13.7640532237919	19.0958498588166	-0.720788	1
ERF_TBX21_CAP-SELEX_TCCTAT40NAGA_AAC_TMACACCGGAAG_2_3b1	70	-2.6199853763023	13.1679753829707	-0.198966	1
ERG_FOXO1_TAGGAC40NCGGT_YIII_NMGGAAATAAYAN_2_3	1920	-4.99451739660831	11.8049930339691	-0.423085	1
ERG_HT-SELEX_TAGAGC40NTAG_KT_NACCGGAARYN_1_2	1536	-8.38712471872819	10.3573957800448	-0.809772	1
ERG_HT-SELEX_TAGAGC40NTAG_KT_NACCGGATATCCGGTN_1_2	346	2.97337273500936	17.2469643259929	0.1724	1
ERG_HT-SELEX_TCCCGG40NTAC_KAF_NACCGGAARTN_1_3	832	-7.54694168395166	10.8581064342916	-0.695051	1
ERG_HT-SELEX_TCCCGG40NTAC_KAF_NACCGGATATCCGGTN_1_3	346	2.83866817437337	18.2700131704911	0.155373	1
ERG_HT-SELEX_TCTACA20NCAG_AG_ACCGGAARTN_1_2	208	-4.54379790387423	10.8769804349135	-0.417744	1
ERG_HT-SELEX_TCTACA20NCAG_AG_NCCGGAWATCCGGN_1_3	820	2.24793288537755	16.2664964602827	0.138194	1
ERG_HT-SELEX_TGCAAG20NAAC_AG_ACCGGAARTN_1_2	208	-3.94725688583592	11.2766376584952	-0.350038	1
ERG_HT-SELEX_TGCAAG20NAAC_AG_ACCGGAWATCCGGT_1_3	61	3.3991613440758	17.0435254200681	0.19944	1
ERG_TBX21_TGAATG40NTAG_YYI_NACCGGAAGTCACACCTN_2_3	784	1.84366463926112	20.9783442000051	0.0878842	1
ERG_TBX6_TGAATG40NTAG_YAAII_RSMGGAARYNNNRGGTGTNRN_2_3	4587520	-5.33598285072895	19.44706760647	-0.274385	1
ERG_TEAD4_TAGGAC40NCGGT_YJII_NRCCGGAMATACCN_1_3	2112	-4.26704432591907	13.1712505809413	-0.323967	1
ESR1_HT-SELEX_TAGAGT20NCG_W_NAGGTCAMSRTGACCTN_2_4	4384	1.7442556789343	19.0053673645759	0.091777	1
ESR1_HT-SELEX_TCAAAC40NAAC_KV_NAGGTCANNNYGACCTN_1_3	52224	-6.53282557828318	19.2841251021965	-0.338767	1
ESR1_HT-SELEX_TGCATT40NCCT_KZ_NAGGTCANNNYGACCTN_1_4	52224	0.425744683546426	17.439402492322	0.0244128	1
ESR2_TBX21_TCCCGG40NTAC_YYI_NAGGTGTGAGGTCAN_2_3	640	-2.0004101765465	16.0934984976652	-0.124299	1
ESRRA_HT-SELEX_TAGACC40NAGT_KO_NYCAAGGTCAN_1_3	832	-5.29143832554262	10.9521575442685	-0.483141	1
Esrra_HT-SELEX_TAGCTC20NCG_AC_RAGGTCANTCAAGGTCA_2_4	376	2.61241080800755	20.2434974450681	0.129049	1
Esrra_HT-SELEX_TAGCTC20NCG_AC_TTCAAGGTCAN_1_4	124	-4.39400170972389	14.258222591078	-0.308173	1
ESRRA_HT-SELEX_TCCGCG40NTCT_KAE_NYCAAGGTCAN_1_3	832	-5.73712277833818	11.5271910304171	-0.497703	1
ESRRA_HT-SELEX_TGACGA30NGCA_AI_NTCAAGGTCAN_2_4	448	-8.10597119956728	11.9077873859054	-0.680729	1
ESRRA_HT-SELEX_TGACGA30NGCA_AI_RAGGTCANTCAAGGTCA_2_4	376	7.56981044112759	20.7120604174607	0.365478	1
ESRRA_HT-SELEX_TGACGA30NGCA_AI_SAAGGTCANNTSAAGGTCA_2_4	3072	9.96970712584113	20.7888999685292	0.479569	1
ESRRB_HT-SELEX_ATTAC14N_U_TCAAGGTCAWN_1_4	232	-1.99148715099909	13.1607284816617	-0.15132	1
ESRRB_HT-SELEX_TGGGAG40NAGG_KO_NYCAAGGTCAN_1_3	832	-5.43762212353391	11.3170184437983	-0.480482	1
ESRRG_HT-SELEX_TACCTT40NCGA_KS_NYCAAGGTCAN_1_3	832	0.223012913956081	10.5989670589605	0.021041	1
ESRRG_HT-SELEX_TGACGA20NGCA_AF_AAGGTCANNNNAAGGTCA_2_4	11008	-1.11000736647893	20.536953622032	-0.0540493	1
ESRRG_HT-SELEX_TGACGA20NGCA_AF_RAGGTCANTCAAGGTCA_2_4	376	3.96108236622221	20.4620418416778	0.193582	1
ESRRG_HT-SELEX_TGACGA20NGCA_AF_TSAAGGTCAN_1_4	208	-6.43420439878933	11.5417891756058	-0.55747	1
ESRRG_HT-SELEX_TGAGCT40NGCA_KW_NYCAAGGTCAN_1_3	832	-4.91779647472927	10.0363931288516	-0.489996	1
ESRRG_TBX21_TTGAAC40NGCT_YYI_NAGGTGTGAAGGTCAN_2_3	688	6.53502162760636	17.7099029031455	0.369004	1
ESX1_FOXA1_TTCGTC40NTGCG_YWII_NTAATTANRYAAAYAN_1_3	17352	5.78572084345168	13.6664640838584	0.423352	1
ESX1_FOXD2_TAGCAA40NCGA_YWI_NTAATTANNRYAAACAN_1_3	36864	4.59788056572043	16.0677476484202	0.286156	1
ESX1_HT-SELEX_TACCAG40NCTA_KAE_YYAATTAN_1_2	241	-8.83017521097709	8.01214678357967	-1.1021	1
ESX1_HT-SELEX_TCTCGG20NGA_AC_NNYAATTANN_1_2	6160	-0.465917147515729	8.19340390236531	-0.0568649	1
ESX1_HT-SELEX_TCTTCT20NGA_AE_NNYAATTANN_1_2	6160	-1.75344168076026	8.3420862305846	-0.210192	1
ESX1_HT-SELEX_TGGTAT40NTGA_KT_YYAATTAN_1_3	241	-8.91377745019872	7.74603700993206	-1.15075	1
ESX1_IRF8_TTCGTC40NTGCG_YQIIII_NYGAAASYAATTRN_1_3	7424	4.74473760953421	13.4806258897547	0.351967	1
ESX1_TBX21_TAGCAA40NCGA_YYI_NAGGTGTTAATTRN_1_3	1120	5.24573112833495	14.5988657164571	0.359325	1
ESX1_TBX4_TAGCAA40NCGA_YWII_NTRATKAGGTGTNRN_1_3	15872	1.50926852164263	12.5921453129934	0.119858	1
ESX1_TEAD4_TTCGTC40NTGCG_YJII_CATTCCNNNNNTAATTA_2_3	37888	4.56849091859213	11.7797595346769	0.387825	1
ETS1_HT-SELEX_TGTAAA20NGA_AF_ACCGGAARYN_1_2	384	-4.67979686143554	10.3809749162881	-0.450805	1
ETS1_HT-SELEX_TGTAAA20NGA_AF_NCCGGAWRYRYWTCCGGN_2_3	18960	-5.83600866165268	21.2608139960902	-0.274496	1
ETS1_HT-SELEX_TGTACC30NCAG_AI_ACCGGAARYN_1_2	384	-5.21700714330217	11.0532273351692	-0.471989	1
ETS1_HT-SELEX_TGTACC30NCAG_AI_NCCGGAWRYRYWTCCGGN_1_3	18960	5.66415039040363	19.3623961746643	0.292534	1
ETS2_HT-SELEX_TGTGAT40NGCA_KX_NACCGGANNNNNNTCCGGTN_1_4	1212544	-86.6769242791098	22.1843102162381	-3.90713	1
ETV1_FOXO1_TGGACT40NAACT_YIII_NCGGAWGTAAAYAN_1_3	2112	-2.36468978661882	12.0446730902228	-0.196327	1
ETV1_FOXO1_TGGACT40NAACT_YIII_NRTAAACAGGAWRYN_1_3	8192	-2.0650949838866	13.4173534300741	-0.153912	1
ETV1_FOXO1_TGGACT40NAACT_YIII_NTRTTTACGGAWRYN_1_3	8192	-2.37191432577008	12.4883004431983	-0.189931	1
ETV1_HT-SELEX_TCGACA40NCGT_KAF_NACCGKAWGTN_1_3	1536	-7.58349350909389	10.9900592310726	-0.690032	1
ETV1_HT-SELEX_TCGTTA20NTTT_AG_ACCGGAARYN_1_2	384	-6.28635353503479	10.6710095257	-0.589106	1
ETV1_HT-SELEX_TTGTGG40NCGG_KR_NACCGGAWGTN_1_2	832	-6.41963948989284	9.19350155813913	-0.69828	1
ETV1_IRF8_TGGACT40NAACT_YQIIII_NACCGGAAGYGAAACYN_1_3	2688	0.981334462346352	16.6853402669612	0.0588142	1
ETV1_IRF8_TGGACT40NAACT_YQIIII_NRYTTCCGGNNCGAAACYN_1_3	81920	-11.899930690718	19.5368696303412	-0.609101	1
ETV1_IRF8_TGGACT40NAACT_YQIIII_NYGAAASYGAAACCGGAWGYN_2_3	24576	10.6230547118479	21.7411985228647	0.488614	1
ETV1_OTP_TGGACT40NAACT_YPIII_NRCCGGAAGTNNNYAATTAN_2_3	172032	6.14666293471445	17.6917291217876	0.347431	1
ETV1_TBX21_TTATAT40NACC_YYI_AGGTGNGAMCGGAAGT_2_3	352	8.81134860366866	16.1346051953796	0.546115	1
ETV1_TBX21_TTATAT40NACC_YYI_NACCGGAAGTAACACCTN_2_3	784	3.12608559113462	20.1906488686383	0.154828	1
ETV1_TEAD4_TGGACT40NAACT_YJII_NCCGGAARTNNNNNRMATTCCN_1_3	5242880	-4.95722015774188	19.0554237835119	-0.260147	1
ETV1_TEAD4_TGGACT40NAACT_YJII_NGGAATNCGGAARN_1_3	4096	0.216949279055572	14.1610058563464	0.0153202	1
ETV1_TEAD4_TGGACT40NAACT_YJII_NRCATWCCGGAART_1_3	1088	6.66959273184174	13.4525611055782	0.495786	1
ETV2_BHLHA15_CAP-SELEX_TCGAGT40NACT_AAA_RSCGGANNCATATGK_1_3b0	4352	-9.5171123911664	17.0315407608226	-0.558793	1
ETV2_CEBPD_CAP-SELEX_TGTAGA40NTGT_AAA_RSCGGANNTTGCGYAAN_1_2	18944	-0.0611643833663724	16.6701390932937	-0.0036691	1
ETV2_CLOCK_CAP-SELEX_TCGGGC40NAAT_AAA_NNCACGTGNNNNNCCGGAWRY_1_3	4849664	-6.0275038514853	18.6405606892598	-0.323354	1
ETV2_DLX2_CAP-SELEX_TCGAAT40NAGG_AAA_RCCGGAANNNNNNYAATTA_1_3	589824	-16.2879391879932	18.4062885859721	-0.884912	1
ETV2_DLX2_CAP-SELEX_TCGAAT40NAGG_AAA_RCCGGAANNNNNYAATTA_1_2	147456	-3.40173283707328	15.5578976522936	-0.21865	1
ETV2_DLX3_CAP-SELEX_TAGAGC40NTAG_AAA_RSCGGAANNNNNNYAATTA_1_3	1114112	-8.30827417706863	15.9110258119901	-0.522171	1
ETV2_DLX3_CAP-SELEX_TAGAGC40NTAG_AAA_RSCGGAANNNNNYAATTA_1_3	278528	-7.74835762100715	15.3843655786192	-0.503651	1
ETV2_DLX3_CAP-SELEX_TAGAGC40NTAG_AAA_TAATTRNNNNCGGAARYN_1_3	278528	-5.35093255492967	16.4933122531663	-0.32443	1
ETV2_DRGX_CAP-SELEX_TCTTGT40NCAG_AAA_RSCGGAANYAATTA_1_2	1088	-2.72627298503798	14.7148585058497	-0.185273	1
ETV2_DRGX_CAP-SELEX_TCTTGT40NCAG_AAA_RSCGGAWRYATTA_1_2	960	-2.89626616652845	13.1741926775011	-0.219844	1
ETV2_EOMES_CAP-SELEX_TCAGCA40NCTC_AAA_TCACACCGGAWRY_1_3	272	-1.70734684434346	13.1636011646861	-0.129702	1
ETV2_ETV7_CAP-SELEX_TGAGGT40NTCC_AAA_NSMGGACGGAYNTCCKSN_1_2	73488	-4.67806471055112	17.1514006897465	-0.272751	1
ETV2_EVX1_CAP-SELEX_TCTCCG40NCGC_AAA_RSCGGWAATNNNYATTAN_1_3	143360	-3.18003485442685	15.954618320915	-0.199318	1
ETV2_FIGLA_CAP-SELEX_TGTGAT40NGCA_AAA_NNCGGAANCAGGTGNN_2_2	34816	2.01708038300657	16.2977939640309	0.123764	1
ETV2_FOXD2_TCCGAC40NAAC_YWI_NACCGGAWGTTTRYNTWN_1_3	38912	-0.968195868586239	19.2137502104072	-0.0503908	1
ETV2_FOXD2_TCCGAC40NAAC_YWI_NRTAAACAGGAARYN_1_3	4352	4.83145827839348	15.9613933584195	0.302697	1
ETV2_FOXI1_CAP-SELEX_TACATC40NATA_AAA_NRTMAACMGGAARYN_1_3	15360	-5.53236107151723	14.7166002954426	-0.375927	1
ETV2_FOXI1_CAP-SELEX_TACATC40NATA_AAA_RNCGGAANNAAACA_1_3	4096	-20.7002322777139	14.80591626018	-1.39811	1
ETV2_FOXI1_CAP-SELEX_TACATC40NATA_AAA_RSCGGAANNRYMAACAN_1_3	67584	-0.231444178398624	15.8855690508207	-0.0145695	1
ETV2_FOXI1_CAP-SELEX_TACATC40NATA_AAA_RSCGGATGTTKW_1_3	464	-4.05734876659534	13.1245098515634	-0.309143	1
ETV2_FOXI1_CAP-SELEX_TACATC40NATA_AAA_TGTTKMCGGAWRTN_1_3	2048	-2.67404446917056	15.0304663272242	-0.177908	1
ETV2_FOXO6_CAP-SELEX_TCGCTA40NTCG_AAA_RCCGGATGTTKWN_1_3	992	-4.12256044285793	13.1217368904053	-0.314178	1
ETV2_GSC2_CAP-SELEX_TCAAGA40NCGC_AAA_RSCGGAANNNNGGATTA_1_3	36864	-13.6182200691564	16.9407094176052	-0.803875	1
ETV2_GSC2_CAP-SELEX_TCAAGA40NCGC_AAA_RSCGGAANNNNNGGATTA_1_3	147456	-15.0402866955963	16.7343786329898	-0.898766	1
ETV2_HES7_CAP-SELEX_TAGTGC40NATG_AAA_NNCACGTGNNNNNCGGAWRY_1_3	4456448	-8.6657783805028	19.2776796194545	-0.449524	1
ETV2_HOXA2_CAP-SELEX_TTAACA40NTGT_AAA_NCCGGAAGNNNNNNYMATTA_2_3	2359296	-5.57504242717957	16.5503910041093	-0.336853	1
ETV2_HOXA2_CAP-SELEX_TTAACA40NTGT_AAA_NCCGGAAGTMATTA_2_3	304	-1.81977043096772	14.7014465180206	-0.123782	1
ETV2_HOXB13_CAP-SELEX_TGTGCA40NCCG_AAA_NCCGGAAGTYRTAAAN_1_3	2496	-3.17433211877404	13.9286451712869	-0.2279	1
ETV2_HOXB13_CAP-SELEX_TGTGCA40NCCG_AAA_NCCGGAANYATAAAN_1_3	4480	-6.12995011721443	15.56059465058	-0.393941	1
ETV2_HT-SELEX_TGGAGC20NGAT_AK_AACCGGAARTR_1_3	120	-1.70954724450508	12.7993072635622	-0.133566	1
ETV2_HT-SELEX_TTCGGG40NGAG_KO_NRCCGGAAGTN_1_3	832	-5.86473066338935	10.8726904142581	-0.5394	1
ETV2_NHLH1_CAP-SELEX_TGAGAG40NCGC_AAA_NGCAGCTGCCGGAWRYN_1_3	5120	-0.926087451055317	19.9416791940957	-0.0464398	1
ETV2_ONECUT2_CAP-SELEX_TACTAC40NGCC_AAA_NRTCRATANCGGAARYN_1_3	35840	-2.11938231723916	17.791094192829	-0.119126	1
ETV2_ONECUT2_CAP-SELEX_TACTAC40NGCC_AAA_RCCGGAANNNNNATCGATN_1_3	311296	-6.03627159468464	19.0915395549164	-0.316175	1
ETV2_ONECUT2_CAP-SELEX_TACTAC40NGCC_AAA_RCCGGAANNNNNNATCGATN_1_3	1245184	-5.2887047635015	18.4310034496773	-0.286946	1
ETV2_ONECUT2_CAP-SELEX_TACTAC40NGCC_AAA_RCCGGAANNNNNNRATCRATN_1_3	4849664	-5.81869882274815	18.9455781862296	-0.307127	1
ETV2_ONECUT2_CAP-SELEX_TACTAC40NGCC_AAA_RRTCRATNNNCGGAARYN_1_3	270336	-5.60252933835556	19.3677832903108	-0.289271	1
ETV2_PAX5_CAP-SELEX_TGGTAT40NTGA_AAA_ACCGGANNTACGCNNNNNYR_2_3	2359296	-16.4629720792366	21.0173662799681	-0.783303	1
ETV2_PITX1_CAP-SELEX_TGGCCT40NTAT_AAA_RSCGGAANNNNNGGMTTAN_1_3	1114112	-5.46220704108619	17.623667441576	-0.309936	1
ETV2_RFX5_CAP-SELEX_TGCTCT40NTTA_AAA_NACTTCCGGYNNNNGCAACSN_2_2	688128	-1.67390874305855	17.6795631231596	-0.0946804	1
ETV2_RFX5_CAP-SELEX_TGCTCT40NTTA_AAA_NCCGGAAGYNNCNTAGCAACS_2_2	49152	2.20644312327798	21.4297503883886	0.102962	1
ETV2_SOX15_CAP-SELEX_TTCGCC40NGAC_AAA_RSCGGAANNNNNNYWTTGT_1_3	2097152	-11.9867358033047	17.5621068317711	-0.682534	1
ETV2_SPDEF_CAP-SELEX_TTGCAA40NGTG_AAA_NSCGGACGGAWATCCGSNT_2_3	5888	0.374977274527315	19.3723470905873	0.0193563	1
ETV2_SREBF2_CAP-SELEX_TAAAGT40NAGC_AAA_RTCACGYSNCCGGAWN_1_2	8960	-2.43216835436534	16.2971907527725	-0.149239	1
ETV2_SREBF2_CAP-SELEX_TAAAGT40NAGC_AAA_RTMRCGTGACGGAWGN_1_2	2432	-1.83331021784979	17.0315975551601	-0.107642	1
ETV2_TBX21_CAP-SELEX_TGTAGC40NCCT_AAA_TMACACMGGAARN_1_3	992	-4.44500786760284	12.8939336129942	-0.344736	1
ETV2_TBX21_TCCGAC40NAAC_YYI_NAGGTGTNAYTTCCGGTN_2_3	5632	8.05777425639562	18.6798711780831	0.431361	1
ETV2_TBX21_TCCGAC40NAAC_YYI_NAYTTCCGGTGTGA_1_3	304	0.617534776206568	14.8605040311935	0.0415554	1
ETV2_TCF3_CAP-SELEX_TGAAGC40NCTA_AAA_CASSTGNNCCGGAWRYN_1_3b0	67584	-1.19236747897966	15.8928296203997	-0.0750255	1
ETV2_TEF_CAP-SELEX_TCAGGG40NGCA_AAA_RSCGGAWNTTRCGYAAN_1_3	18432	-8.03656162303785	19.2273509599384	-0.417975	1
ETV3_HT-SELEX_TCAGGA20NCG_W_ACCGGAAGTN_1_4	112	-1.2866307950694	11.4415005766864	-0.112453	1
ETV3_HT-SELEX_TTATTC40NGAA_KV_NACCGGATATCCGGTN_1_3	346	4.26331504306729	17.673599309282	0.241225	1
ETV4_FOXA1_TCCGCG40NGTTC_YWII_NCGGAWGTTTACN_1_3	1024	-3.37510288900167	12.3664879807559	-0.272923	1
ETV4_FOXD2_TCAGCC40NTTC_YWI_NACCGGAWGTTTRYNTWN_2_3	38912	5.77650578560239	15.7571461721989	0.366596	1
ETV4_FOXD2_TCAGCC40NTTC_YWI_NSCGGATGTTATTTTWN_2_3	2688	-1.20386697324424	15.7954911793381	-0.0762159	1
ETV4_FOXO1_TCCGCG40NGTTC_YIII_NCGGAWGTAAAYAN_1_3	2112	-3.01176122228357	12.8517122855311	-0.234347	1
ETV4_FOXO1_TCCGCG40NGTTC_YIII_NMCGGATGTTATN_1_3	1024	3.3573015211621	11.9767113110546	0.280319	1
ETV4_FOXO1_TCCGCG40NGTTC_YIII_NRWAAAYAGGAWRYN_1_3	28672	-5.94935817076113	13.1937096610044	-0.450924	1
ETV4_FOXO1_TCCGCG40NGTTC_YIII_NTRTTTACGGAWRYN_1_3	8192	6.24125306943356	13.4827178412926	0.462908	1
ETV4_GCM1_TCAGCC40NTTC_YACII_NRTGNGGGCGGAWGN_1_3	8448	4.59748352683364	14.1214698593535	0.325567	1
ETV4_HOXA2_TCAGCC40NTTC_YJI_NRSCGGAAGTAATTAN_2_3	2496	6.88866974115577	13.9197014868899	0.494886	1
ETV4_HOXA2_TCAGCC40NTTC_YJI_NTAATKACCGGAARYN_2_3	4736	5.8504239048623	12.9430273339811	0.452014	1
ETV4_HOXC10_TCCGCG40NGTTC_YAEIII_NMGGAAGTMRTAAAN_1_3	4352	-2.96537283584282	14.7521006664349	-0.201014	1
ETV4_HT-SELEX_TCTATG20NTAG_AG_ACCGGAAGTN_1_2	112	-3.95441637838936	10.5854976057788	-0.373569	1
ETV4_HT-SELEX_TCTCGA40NCAT_KAE_NRCCGGAAGTN_1_2	832	-6.59219171749794	11.370954075655	-0.57974	1
ETV4_HT-SELEX_TCTCGA40NCAT_KAE_NTCGTAAATGMN_1_2	928	-3.72286756933547	14.1024919574013	-0.263987	1
ETV4_HT-SELEX_TTCTCA40NCCT_KS_NRCCGGAAGTN_1_2	832	-7.1135092864726	11.6518730577443	-0.610504	1
ETV4_IRF8_TCCGCG40NGTTC_YQIIII_NCCGGAAGYGAAACYN_1_3	2496	0.289732347310211	15.1753833753154	0.0190923	1
ETV4_IRF8_TCCGCG40NGTTC_YQIIII_NYGAAASYGAAACCGGAWNYN_2_3	92160	9.76254014607267	18.9779209280221	0.514416	1
ETV4_RFX3_TCAGCC40NTTC_YSII_NMGGAAGNGTTGYYAN_1_3	17408	2.01812962166039	14.912934843111	0.135327	1
ETV4_TBX21_TCAGCC40NTTC_YYI_NAGGTGTGANCGGAAGT_2_3	736	9.31374628900262	16.3670749889961	0.569054	1
ETV4_TBX21_TCAGCC40NTTC_YYI_NAGGTGTNANWTCCGGN_1_3	19456	5.09278636879347	16.7734044437825	0.303623	1
ETV4_TBX4_TCAGCC40NTTC_YWII_NAGGTGTNRCMGGAWGN_1_3	18944	-3.84426824554878	17.4607332091106	-0.220166	1
ETV4_TEAD4_TCCGCG40NGTTC_YJII_NCCGGAAATWCCN_1_3	1024	2.88379157063722	11.6524391748694	0.247484	1
ETV4_TGIF2LX_TCAGCC40NTTC_YVII_NRCCGGATGTCAN_1_3	1024	-2.62488043321777	11.3771196684434	-0.230716	1
ETV4_TGIF2LX_TCAGCC40NTTC_YVII_NTGACAGGAWGTN_1_3	1024	5.50719095715774	12.1734179752238	0.452395	1
ETV5_CEBPD_CAP-SELEX_TGCAAA40NGAA_AY_NSCGGANNTTRCGYAAN_1_2	69632	-8.46217637096252	17.3669088522992	-0.487259	1
ETV5_CLOCK_CAP-SELEX_TTGTCT40NGCT_AY_NCACGTGNNNNNSCGGAWRN_1_3b1	4456448	-6.15516439092955	17.4522322459798	-0.352686	1
ETV5_DLX2_CAP-SELEX_TGCGGT40NTCA_AY_RSCGGAANNNNNYAATTA_1_3	278528	-5.05168454585186	15.4726749699452	-0.326491	1
ETV5_DRGX_CAP-SELEX_TGATCG40NATC_AY_RSMGGAWGYAATTA_1_3	1056	0.00146239573268515	14.5803035167395	0.000100299	1
ETV5_DRGX_CAP-SELEX_TGATCG40NATC_AY_TAATKRSCGGAWGN_1_3	2048	-1.71193196579184	14.3146107914021	-0.119593	1
ETV5_EOMES_CAP-SELEX_TACAAG40NTCC_AY_TNRCACCGGAWN_1_3	1728	-5.83676159581255	11.0612619993953	-0.527676	1
ETV5_ETV7_CAP-SELEX_TGTTAC40NCGC_AY_NNGGAMGGATKTCCGSN_1_2	18944	0.446376228515741	17.1309324192002	0.0260567	1
ETV5_EVX1_CAP-SELEX_TCGTGA40NGTC_AY_RSCGGWAATKR_1_3	768	-5.62429532974496	10.3205465763672	-0.544961	1
ETV5_EVX1_CAP-SELEX_TCGTGA40NGTC_AY_RSCGGWAATNNNNATTAN_1_3	278528	-2.63132256541416	15.3742546878047	-0.171151	1
ETV5_EVX1_CAP-SELEX_TCGTGA40NGTC_AY_RSCGGWAATNNNNNATTAN_1_3	1114112	-4.19937957760639	16.0319886414713	-0.261938	1
ETV5_FIGLA_CAP-SELEX_TCAGCC40NTTC_AY_RSCGGAARCAGGTGN_1_3	1184	0.148626534101363	16.5668482544692	0.00897132	1
ETV5_FOXI1_CAP-SELEX_TCTATA40NTAT_AY_GTMAACAGGAWRN_1_3b1	992	-2.64177055699856	14.4939931090366	-0.182267	1
ETV5_FOXI1_CAP-SELEX_TCTATA40NTAT_AY_RSCGGATGTTGN_1_3	480	-3.29517936851102	11.6381367703126	-0.283136	1
ETV5_FOXI1_CAP-SELEX_TCTATA40NTAT_AY_TGTTGNCGGAWRN_1_3	1920	-4.4544627567949	13.1811803833034	-0.337941	1
ETV5_FOXO1_CAP-SELEX_TGGCTG40NAGA_AY_RNCGGATGTTKWN_1_2	3584	-4.2262502515163	11.3234217720233	-0.373231	1
ETV5_FOXO1_CAP-SELEX_TGGCTG40NAGA_AY_RTMAACAGGAWRN_1_2	1856	-1.65130202660386	13.0256463888007	-0.126773	1
ETV5_FOXO1_TCATGA40NCCTG_YIII_NCCGTAAACAN_1_3	448	-5.82193288273805	8.40176630839155	-0.692942	1
ETV5_HES7_CAP-SELEX_TTGGCA40NTCG_AY_CCGGAANNNNNNCACGTG_1_2	151552	-2.71682284827542	14.2909487448189	-0.190108	1
ETV5_HES7_CAP-SELEX_TTGGCA40NTCG_AY_NNCACGTGNNNNCCGGAANN_1_2	2424832	-4.4074717391566	15.3115283667845	-0.287853	1
ETV5_HOXA13_CAP-SELEX_TACTTT40NTCT_AY_NNCGGAWGTNRTWAA_1_3	15872	-5.40786905394832	14.6042922442237	-0.370293	1
ETV5_HOXA2_CAP-SELEX_TCGGCG40NACG_AY_RNCGGAWGTMATTA_1_3	1088	0.905616423361132	14.5442571049556	0.0622663	1
ETV5_HOXA2_CAP-SELEX_TCGGCG40NACG_AY_RSCGGWAATKR_1_3	768	-5.29385497571586	10.0196102974855	-0.528349	1
ETV5_HOXB13_CAP-SELEX_TTGTTC40NAAG_AY_NNCGGANGNNNTWAA_1_3	212992	-17.5300623660802	14.2332063755835	-1.23163	1
ETV5_HT-SELEX_TACATA40NAGA_KP_NRCCGGAAGTN_1_2	832	-6.53202185583421	9.57397893125432	-0.682268	1
ETV5_HT-SELEX_TGCACT20NGA_AF_ACCGGAWGYN_1_2	384	-6.116157673609	9.59641015032386	-0.637338	1
ETV5_ISX_TTCGCC40NGAC_YUIIII_NCGGAWRNNNNYAATTAN_1_3	1015808	2.30817462682861	15.9640937771642	0.144585	1
ETV5_ONECUT1_TTCGCC40NGAC_YJII_NATCGATNNNNNCCGGAWGYN_1_3	2555904	-2.93959684590077	19.8893209123816	-0.147798	1
ETV5_ONECUT1_TTCGCC40NGAC_YJII_NCCGGAAGNNNNNNATCGATN_1_3	2621440	-4.04044327395162	20.5405345343539	-0.196706	1
ETV5_RUNX2_TCATGA40NCCTG_YII_NCCGCANNCCGGAWGYN_1_3	36864	-8.39879010705822	19.2639793449247	-0.435984	1
ETV5_TBX21_TTCGCC40NGAC_YYI_NAGGTGTGAMCGGAAGTN_2_3	1504	2.37182913333934	17.3313898903629	0.136852	1
ETV5_TBX21_TTCGCC40NGAC_YYI_NAGGTGTTACTTCCGGYN_2_3	1504	8.88939070798156	20.4528584015963	0.434628	1
ETV5_TBX4_TTCGCC40NGAC_YWII_NACCGGAWGTNACACCTN_2_3	5632	4.30391616328822	19.7496063589455	0.217924	1
ETV5_TCF3_CAP-SELEX_TCGTCC40NGCC_AY_CASSTGNRNNGGAAGNN_1_2	253952	-5.63096868837725	15.6982518685158	-0.3587	1
ETV5_TCF3_CAP-SELEX_TCGTCC40NGCC_AY_RNCGGAAGNNNNNCASSTGN_1_2	4456448	-3.80395607359056	17.5351677689244	-0.216933	1
ETV5_TEAD4_TCATGA40NCCTG_YJII_NYTTCCGNATTCCN_1_3	4096	0.550827018892859	12.6656464047262	0.0434898	1
ETV6_HT-SELEX_TGAGTG20NGA_AF_CCGGAASCGGAAGTN_2_3	328	1.88489963514894	17.7305859420103	0.106308	1
ETV6_HT-SELEX_TGAGTG20NGA_AF_KSYGGAAGTN_1_3	704	-11.109026707479	11.090505089012	-1.00167	1
ETV7_HT-SELEX_TCTCTG40NGAA_KAE_NMGGAARNNYTTCCKN_1_3	59424	-2.98524712994393	17.7247240746703	-0.168423	1
ETV7_HT-SELEX_TCTCTG40NGAA_KAE_NYTTCCSGGAARN_1_3	1792	3.35800376496101	14.1041112913142	0.238087	1
EVX1_ELF1_TGAATT40NTAA_YADIIII_MGGAAGTAATTAN_2_3	280	7.10213500205282	12.3588809639945	0.574658	1
EVX1_FLI1_TGAATT40NTAA_YYIII_NCCGGAWRYNNNTAATTAN_1_3	303104	-2.7862195511426	15.7417363973445	-0.176996	1
EVX1_HT-SELEX_TGCTGG40NGCC_KO_NYAATTAN_1_2	388	-11.1867110556718	8.38258046008755	-1.33452	1
EVX1_HT-SELEX_TGGGAC20NAGT_Z_NNTNATTANN_1_3	12832	-12.9840572899987	8.50713322122591	-1.52626	1
EVX1_PAX2_TGAATT40NTAA_YZII_NGTCACGSNYMATTAN_2_3	17408	0.999527029520368	14.067430894911	0.0710526	1
EVX1_PAX2_TGAATT40NTAA_YZII_YMATTACACGSNYSANYRN_2_3	286720	0.515573914343838	17.4279473215677	0.0295832	1
EVX1_TBX20_TGAATT40NTAA_YWIIII_NGGTGTTAATGTGTTN_2_3	688	5.85148080020215	16.9518244243762	0.345183	1
EVX1_TBX21_TTCATC40NCTT_YYI_AGGTGNTAATKAGGTGTNAN_1_3	6400	-0.214630427277706	21.5783575129597	-0.00994656	1
EVX1_TBX21_TTCATC40NCTT_YYI_NTAATKAGGTGTNAN_1_3	4480	3.33793070303051	16.0154092792268	0.20842	1
EVX1_TBX4_TTCATC40NCTT_YWII_NTAAYKAGGTGNRN_2_3	14336	-12.9911436707158	14.9529007884588	-0.868804	1
EVX1_TEAD4_TGAATT40NTAA_YJII_YAATTANNNNNNNNATTCC_1_3	4194304	-1.50728887570846	12.7111841661022	-0.11858	1
EVX2_ELF1_TCGCTT40NTCT_YADIIII_NMGGAAGTAATTAN_2_3	1120	4.57375500512249	12.5593289929075	0.364172	1
EVX2_ELK3_TCCTGT40NGGC_YAFI_NCCGGAAGYAATTAN_1_3	1216	2.5741095226665	16.2899474163509	0.158018	1
EVX2_GMEB2_TCGCTT40NTCT_YRI_NACGTCAATTAN_1_3	496	3.36272845710693	10.0366445250067	0.335045	1
EVX2_HT-SELEX_TCAAGG20NGAA_Y_NNTNATTANN_1_3	12832	-7.64793928384284	8.56513707444634	-0.892915	1
EVX2_HT-SELEX_TTGCAA40NGTG_KP_NYAATTAN_1_2	388	-10.9804047488764	8.39108033840205	-1.30858	1
EVX2_PAX2_TCGCTT40NTCT_YZII_NGTCACGSNYCATTAN_1_3	9216	-4.4867676115371	15.6045954259556	-0.287529	1
EVX2_PAX2_TCGCTT40NTCT_YZII_YMATTACACGSNYSANYRN_2_3	286720	1.36621830414298	16.5150510753947	0.0827256	1
EVX2_TBX20_TCGCTT40NTCT_YWIIII_NAGGTGNTAATKAN_1_3	4096	1.72729220474101	10.415971067977	0.165831	1
EVX2_TBX21_TCCTGT40NGGC_YYI_NAGGTGTTAATTAN_2_3	592	6.11835950468063	13.3230244060518	0.459232	1
EVX2_TBX21_TCCTGT40NGGC_YYI_NTAATKAGGTGTNAWN_2_3	9216	5.42318129028604	14.9415207849532	0.36296	1
FERD3L_HT-SELEX_TAAATT40NCTG_KW_GYNNCAGCTGNNAC_1_3	10768	-16.4321447586869	15.8487279614057	-1.03681	1
FERD3L_HT-SELEX_TAAATT40NCTG_KW_GYNNCATATGNNAC_1_3	10768	-38.9129435371272	15.5347286092948	-2.5049	1
FEV_HOXA2_TCGTAT40NTTA_YJI_NWCCGGAAGTAATTAN_2_3	1312	7.37998189852836	16.0930071273384	0.458583	1
FEV_HT-SELEX_TGATCC20NCTA_Z_ACCGGAAGTN_1_3	112	-4.49913433462441	10.888972100082	-0.413183	1
FEV_HT-SELEX_TGCGCA40NCAA_KO_NACCGGAAGTN_1_3	448	-5.34205113264911	11.3719595405255	-0.469756	1
FEV_TBX21_TCGTAT40NTTA_YYI_NACCGGAWRTNACACCTN_1_3	10752	-2.73723705583952	20.264339035186	-0.135077	1
FEV_TBX4_TCGTAT40NTTA_YWII_NACCGGAWRTNACACCTN_2_3	10752	6.95393961204334	18.7626335007215	0.370627	1
FEV_TEAD4_TTGCTC40NGAA_YJII_NCCGGAAATNNNNNRMATTCCN_1_3	2752512	-3.57937834709845	21.3748566370545	-0.167457	1
FIGLA_BACH2_TTAGCG40NAGA_YACIIII_NCACCTGNNRTGASTCAN_1_3	39936	-0.119574912233277	18.0665643259454	-0.00661858	1
FIGLA_ERG_TTAGCG40NAGA_YYII_NCGGAARCAGGTN_1_3	1024	2.0197452979446	11.5156294971211	0.175392	1
FIGLA_ETV1_TTAGCG40NAGA_YRIIII_NCAGGTGNCGGAWRYN_1_3	17408	5.3891210722233	15.6411477892181	0.344548	1
FIGLA_ETV1_TTAGCG40NAGA_YRIIII_NCAGGTGNNCGGAWRYN_1_3	69632	4.53408204707132	16.054211142795	0.282423	1
FIGLA_ETV1_TTAGCG40NAGA_YRIIII_NRSCGGAWRCAGGTGN_1_3	8960	7.27947600209116	15.137967030489	0.480875	1
FIGLA_ETV4_TTAGCG40NAGA_YSIII_NCGGAWRCAGGTGN_1_3	2112	5.37563594797182	12.495491287649	0.430206	1
FIGLA_EVX2_TTAGCG40NAGA_YZIIII_CAGGTRATTA_1_3	58	-4.37395192629196	7.55241343017036	-0.579146	1
FIGLA_FLI1_TTAGCG40NAGA_YYIII_NCGGAARCACCTGN_1_3	1120	4.20226467623417	11.7602379669038	0.357328	1
FIGLA_FLI1_TTAGCG40NAGA_YYIII_NCGGAARCAGGTGN_1_3	1120	5.84732555643684	12.4367846072454	0.470164	1
FIGLA_FOXD2_TGACGG40NCTC_YWI_NCACCTGNRYAAACAN_1_3	9216	-0.626900267676611	14.5558956729657	-0.0430685	1
FIGLA_FOXD3_TGACGG40NCTC_YWIIII_NCACCTGNRYAAAYAN_1_3	17408	-1.3255396900445	13.4946433600355	-0.0982271	1
FIGLA_GABPA_TGACGG40NCTC_YYIIII_NCGGAAGCAGGTN_1_3	544	2.44913127022951	13.6365119922676	0.179601	1
FIGLA_HT-SELEX_AGATA14N_U_NNCACCTGNN_1_4	4624	-9.21474217143527	10.0143355286606	-0.920155	1
FIGLA_HT-SELEX_TCGGGA40NGCA_KN_NNCACCTGN_1_2	1216	-11.2900193057667	9.96935269546471	-1.13247	1
FIGLA_ONECUT1_TGACGG40NCTC_YJII_CASSTGNNNNNNATCGAT_1_3	540672	7.54571419622435	14.091519681959	0.535479	1
FIGLA_TEAD4_TTAGCG40NAGA_YJII_NCASSTGNNNATTCCN_1_3	122880	1.76861132165511	13.1568073909664	0.134426	1
FLI1_BHLHA15_CAP-SELEX_TTGATG40NATC_AAC_NCCGGAANCATATGN_1_3b0	2368	-14.3204417764627	16.7142550640868	-0.85678	1
FLI1_CEBPB_CAP-SELEX_TTCGGG40NGAG_AAC_RNCGGANNTTGCGCAAN_1_3	19456	-30.2020849222905	19.1974263168054	-1.57324	1
FLI1_CEBPD_CAP-SELEX_TTGGCC40NTCG_AAC_RNCGGANNTTGCGCAAN_1_3	19456	-21.5749591918499	18.6130489186828	-1.15913	1
FLI1_DLX2_CAP-SELEX_TGTCGA40NGCA_AAC_RSCGGAANNNNNYAATTAN_1_2	1114112	-3.94560916774506	14.4728692091184	-0.272621	1
FLI1_DLX2_CAP-SELEX_TGTCGA40NGCA_AAC_RSCGGAARYAATTA_1_3	560	0.73940331649472	13.692667224155	0.0539999	1
FLI1_DRGX_CAP-SELEX_TCCCGC40NACA_AAC_NNCGGAWGYMATTAN_1_3	15872	-4.41561617775046	16.0684401324396	-0.274801	1
FLI1_ETV7_CAP-SELEX_TTTACT40NACA_AAC_NSMGGACGGAYNTCCKSN_2_2	73488	-5.6796732763901	17.4474262979863	-0.325531	1
FLI1_FIGLA_CAP-SELEX_TTGTAC40NGTA_AAC_RSCGGAANCASSTGN_1_2	8192	-4.7350819774244	15.3872128072601	-0.307728	1
FLI1_FOXI1_CAP-SELEX_TACGGT40NTAC_AAC_GAAAACCGAAAN_1_3	136	-2.71302059700542	15.2196995140738	-0.178257	1
FLI1_FOXI1_CAP-SELEX_TACGGT40NTAC_AAC_RCCGGATGTTKWY_1_3	512	-3.0154993431757	13.9011612349023	-0.216924	1
FLI1_FOXI1_CAP-SELEX_TACGGT40NTAC_AAC_RTAAACMGGAARYN_1_3	2048	-2.65711589932141	13.9458290111978	-0.190531	1
FLI1_FOXI1_CAP-SELEX_TACGGT40NTAC_AAC_TGTTKMCGGAWRNN_1_3	7358	2.25883150164797	13.983832646061	0.161532	1
FLI1_FOXO1_TCCTTC40NCGAT_YIII_NMGGAAATAAYAN_1_3	1920	-3.52079943822148	14.2440757514807	-0.247176	1
FLI1_FOXO1_TCCTTC40NCGAT_YIII_NRTAAACMGGAWRYN_1_3	15360	-2.11956648182392	13.5482611829738	-0.156446	1
FLI1_HOXA2_TTAAAT40NAAT_YJI_NACCGGAWGTAATTAN_2_3	1312	8.08666333405928	15.6134858355992	0.517928	1
FLI1_HOXB13_CAP-SELEX_TCGGTG40NCAA_AAC_RSCGGAANYNRTAAA_1_2	8192	-2.5613040972771	13.4591993890196	-0.190301	1
FLI1_HT-SELEX_TAGGAT20NAGT_AC_ACCGGAARYN_1_3	384	-7.49236698043027	11.5185634724454	-0.65046	1
FLI1_HT-SELEX_TAGGAT20NAGT_AC_ACCGGAWATCCGGT_1_4	61	2.42395316094045	17.3616863093035	0.139615	1
FLI1_HT-SELEX_TCCTCA40NAAC_KV_NACCGGAARTN_1_3	832	-7.10710256578793	11.6464937449529	-0.610235	1
FLI1_HT-SELEX_TCCTCA40NAAC_KV_NACCGGATATCCGGTN_1_3	346	9.21946696500941	19.3688123955248	0.475995	1
FLI1_HT-SELEX_TCTAAT20NCG_V_ACCGGAARYN_1_2	384	-6.85119197461755	10.6181817174399	-0.645232	1
FLI1_HT-SELEX_TCTAAT20NCG_V_ACCGGAWATCCGGN_1_3	277	3.62745798607746	15.6179673498153	0.232262	1
FLI1_HT-SELEX_TTTGGT40NCTT_KT_NACCGGAARTN_1_2	832	-7.67860456541223	11.0396436551666	-0.695548	1
FLI1_HT-SELEX_TTTGGT40NCTT_KT_NACCGGATATCCGGTN_1_2	346	2.07962083152346	17.781738533101	0.116953	1
FLI1_MAX_CAP-SELEX_TACCAA40NTTA_AAC_RSCGGAANCACGTGN_1_3	2304	-1.10348660416706	16.7231788911642	-0.0659855	1
FLI1_ONECUT2_CAP-SELEX_TGACAT40NCGG_AAC_RSCGGAANNNNNNRTCGAT_1_3	1114112	-15.6304938920317	18.5551009743574	-0.842383	1
FLI1_TBX21_TTAAAT40NAAT_YYI_NCCGGAWRTNACACCTN_2_3	9984	-5.26304182406916	17.2552031327748	-0.305012	1
FLI1_TCF3_CAP-SELEX_TGAGTT40NCGG_AAC_NCCGGANNCASSTGY_1_3b1	15872	-20.0186650715999	14.707707751244	-1.3611	1
FLI1_TEAD4_TCCTTC40NCGAT_YJII_NCCGGAMATACCN_1_3	1024	-5.53570215344746	11.8492885126918	-0.467176	1
FOS_CEBPD_TAAATC40NGTT_YKIII_NRTTGCGTCAYN_1_3	1728	1.82028383455635	11.199787687029	0.162528	1
FOS_FLI1_TGACTG40NATG_YYIII_NCGGAWRTGACGTN_1_3	2112	-2.00267223024722	13.2138578156014	-0.151558	1
FOS_HT-SELEX_TGAACT40NAAG_KR_NRTGACGTCAYN_1_3	868	-4.51755958670966	14.4231784968271	-0.313215	1
FOSB_CEBPD_TCCGAA40NGGC_YKIII_NRTTGCGTCAYN_1_3	1728	-1.89604803868913	11.0401532689097	-0.171741	1
FOSB_HT-SELEX_TAGAGC40NTAG_KP_NRTGACGTCAYN_1_2	868	2.71821067523146	13.933157339017	0.195089	1
FOSL1_FLI1_TTGTGA40NGGC_YYIII_NCGGAARTGACGN_1_3	1024	-1.7032058924868	11.1255779881577	-0.153089	1
FOSL1_HT-SELEX_TGACGG40NCTC_KAE_NRTGANTCAYN_1_4	2688	-6.57785025559489	10.6423762181707	-0.618081	1
FOSL1_HT-SELEX_TGACGG40NCTC_KAE_NRTGAYGTCAYN_1_4	2312	-1.08769215840261	13.9366553371953	-0.0780454	1
FOSL1_HT-SELEX_TGACGG40NCTC_KAE_RATGAYACG_1_4	96	-4.23896874449111	9.37282104119826	-0.452262	1
FOXA1_HT-SELEX_TAGCGT40NTCA_KX_NMYTAWGTAAACAAAN_2_3	4736	-3.28042547175601	18.2777464727176	-0.179476	1
FOXA1_HT-SELEX_TAGCGT40NTCA_KX_NWRWGTMAATATTKRYNYWN_2_3	1015936	-5.43055034099115	20.8028508444795	-0.261048	1
FOXA1_HT-SELEX_TTCTAA40NAAT_KN_NWRTGTAMAYAN_1_4	4908	-4.90104540943205	11.2911412138882	-0.434061	1
FOXA2_FLI1_TAGGTC40NACG_YYIII_NRTAAACATCCGGYN_1_3	2304	0.613227048697198	15.3875084400289	0.0398523	1
FOXA2_GABPA_TCACCA40NATG_YYIIII_NRMCGGAWRTAAAYAN_1_3	16896	-2.8702655851845	12.5423198619157	-0.228846	1
FOXA2_HT-SELEX_TAGCTG40NCTA_KT_NWNWGTMAATATTKRYNYWN_2_4	2050208	2.94031717845789	15.4879509561369	0.189845	1
FOXA2_ISX_TCACCA40NATG_YUIIII_NTAATTRNNNNGYAAAYAN_1_3	1110016	2.86219016066013	15.2701461337554	0.187437	1
FOXA2_ISX_TCACCA40NATG_YUIIII_NTAATTRNNNNNGYAAAYAN_1_3	4440192	3.65727207655047	15.3509452994686	0.238244	1
FOXA2_ONECUT1_TCACCA40NATG_YJII_GTAAAYANATCRAT_1_3	576	6.68855522001718	13.7427753358409	0.486696	1
FOXA2_POU3F1_TCACCA40NATG_YXIIII_NTMATTWGCATANRYAAAYAN_2_3	92160	1.5112071463989	20.6886010937001	0.0730454	1
FOXA2_TEAD4_TAGGTC40NACG_YJII_TRTTTNNNNNNNNCATTCC_1_3	4194304	-7.61348737194391	15.2560892583824	-0.499046	1
FOXA3_HT-SELEX_TGTGGT40NGGC_KX_NSYTAWGTAAACAAAN_2_3	4736	-3.44165050535142	18.5313455935145	-0.18572	1
FOXA3_HT-SELEX_TGTGGT40NGGC_KX_NWNWGTMAATATTKRYNYWN_2_3	2050208	-8.06005918314194	20.976857701352	-0.384236	1
FOXB1_ELF2_TGCCGG40NCAG_YSIII_NWRNRYAAAYAMGGAAGTN_2_3	151552	4.68160738011705	15.1238769331155	0.309551	1
FOXB1_ELF5_TAAGGG40NACC_YYI_NRYAAATAAGGAARTN_2_3	4736	5.4898613226065	15.5639113413766	0.35273	1
FOXB1_ETV4_TAAGGG40NACC_YSIII_NRTAAACATCCGNN_1_3	4096	-3.84894697202385	14.4254906420956	-0.266816	1
FOXB1_FLI1_TAAGGG40NACC_YYIII_NRTAAACATCCGGYN_1_3	2304	-2.98207603040657	16.9060600001667	-0.176391	1
FOXB1_GABPA_TGCCGG40NCAG_YYIIII_NCCGGATGTTTACWNWN_1_3	9984	-1.28599631447464	18.563216088331	-0.0692766	1
FOXB1_GCM1_TGCCGG40NCAG_YACII_NWRWGYAAATANGGGYN_1_3	67584	-3.02173399038466	16.4229196452575	-0.183995	1
FOXB1_HT-SELEX_TCTGGT20NGGG_AE_WGTAAAYAN_1_4	336	-4.71953281049412	10.1510876629121	-0.464929	1
FOXB1_HT-SELEX_TGAGCA30NCGA_AI_GAATGACACRGCGN_2_3	304	1.32600976666221	16.1329145851628	0.0821928	1
FOXB1_HT-SELEX_TGAGCA30NCGA_AI_WNWGTMAATATTRACWNW_2_3	32408	2.10018072269881	19.7463776416799	0.106358	1
FOXB1_HT-SELEX_TGAGCA30NCGA_AI_WRWGTMAAYAN_1_3	2688	-8.98846370313396	12.2279520891115	-0.735075	1
FOXB1_HT-SELEX_TGCCAA40NTAG_KO_NWNWGTMAATATTRACWYWN_2_3	285760	-5.43970674122446	19.8883046010689	-0.273513	1
FOXB1_ISX_TGCCGG40NCAG_YUIIII_NTAATGNNNNGTAAAYAN_1_3	286720	-4.97892900418146	16.0759355704946	-0.309713	1
FOXB1_ISX_TGCCGG40NCAG_YUIIII_NTAATGNNNNNNGTAAAYAN_1_3	4587520	-0.332352591391312	16.4518676162946	-0.0202015	1
FOXB1_ONECUT1_TGCCGG40NCAG_YJII_ATCGATNNNNYAAACA_2_3	17920	1.76904351153012	16.208827815111	0.109141	1
FOXB1_ONECUT2_TAAGGG40NACC_YXIII_NATCGATNNNGTAAACAN_1_3	40960	-18.5088264497878	20.4949072693522	-0.903094	1
FOXB1_RUNX2_TAAGGG40NACC_YII_NAACCGCANNNNRYAAAYAN_2_3	1212416	-1.55229808303567	17.9740279713442	-0.0863634	1
FOXB1_SOX11_TAAGGG40NACC_YUIII_NGYAAACAAWGN_1_3	1728	-7.18439837062956	11.7312016966764	-0.612418	1
FOXB1_TBX21_TGCCGG40NCAG_YYI_NAGGTGTTRTTTACWYWN_2_3	10496	6.1227393492237	16.4725773868189	0.371693	1
FOXB1_TBX21_TGCCGG40NCAG_YYI_NAGGTGTWRWGTAAAYA_2_3	2624	8.42140216668663	16.4883234758064	0.510749	1
FOXB1_TBX4_TGCCGG40NCAG_YWII_NAGGTGTTRTTTRYN_1_3	4352	5.48843003874818	14.4485371567096	0.379861	1
FOXB1_TCF12_TAAGGG40NACC_YADIII_NCACCTGTGYAAAYAN_2_3	2496	5.11216382192843	17.9518662618228	0.284771	1
FOXB1_TCF3_TGCCGG40NCAG_YIII_NCACCTGNRYAAACAN_1_3	9216	1.16195723321166	16.945828234629	0.0685689	1
FOXB1_TCF4_TAAGGG40NACC_YACII_NRCACCTGTGYAAAYAN_2_3	5120	7.17073950595922	18.3703093756079	0.390344	1
FOXB1_TFAP2C_TAAGGG40NACC_YXIIII_NGTAAATAGCCNNNGGCN_2_3	40960	-3.14600598839702	13.9911732433592	-0.224856	1
FOXB1_TGIF2LX_TGCCGG40NCAG_YVII_NYMAATATTGACAN_1_3	2112	-2.78811887289105	15.7386628952815	-0.177151	1
Foxc1_HT-SELEX_CCCCT14N_T_GTAAAYAAACA_2_4	64	0.0583091128126569	13.5675998511753	0.00429767	1
Foxc1_HT-SELEX_CCCCT14N_T_RTAAAYA_1_4	72	-6.13888902192921	8.41351820677207	-0.729646	1
FOXC1_HT-SELEX_TGAGGC30NGGA_AI_ANRTAAAYAAACA_1_3	528	-1.95034174887228	14.6468662516637	-0.133158	1
FOXC1_HT-SELEX_TGAGGC30NGGA_AI_NRTMAATATTKAYN_2_3	3720	3.01440125387708	14.0429926442553	0.214655	1
FOXC1_HT-SELEX_TGAGGC30NGGA_AI_WRWRTMAAYAW_1_3	2560	-9.12661789443989	11.432441113034	-0.798309	1
FOXC2_ELF2_TGACGT40NAGC_YSIII_NAGAAAACCGAAWN_2_3	1120	-1.2969514152236	16.0607325849232	-0.0807529	1
FOXC2_ELK3_TGACGT40NAGC_YAFI_NRMMGGAARNRHAAAYAN_1_3	385024	-4.6315734167312	14.5000068092906	-0.319419	1
FOXC2_HT-SELEX_TCAGAA40NAGG_KO_NWANRTAAACAN_1_4	6144	-6.90600572396483	10.0787270484476	-0.685206	1
FOXC2_HT-SELEX_TCAGAA40NAGG_KO_NYAAAYAAACAN_1_4	1728	-6.02221721069897	12.1946359679404	-0.493841	1
FOXC2_HT-SELEX_TGAGTG30NTGA_AI_NRTMAATATTKAYN_2_3	3720	3.62685930397274	13.4946968688719	0.268762	1
FOXC2_HT-SELEX_TGAGTG30NTGA_AI_RTAAAYAAACA_1_3	120	6.162304589207	12.689170708196	0.485635	1
FOXC2_HT-SELEX_TGAGTG30NTGA_AI_WAWRTAAAYAWW_1_3	1588	3.45862210890403	11.8804441272806	0.291119	1
FOXC2_TBX21_TGACGT40NAGC_YYI_NWRNRYAAACATNACACCTN_2_3	167936	4.64053466568252	17.5896101181949	0.263822	1
FOXC2_TCF12_TGCCTC40NCAA_YADIII_NCACCTGTRYAAAYAN_2_3	4736	-4.35660228372847	15.9212124611448	-0.273635	1
FOXC2_TCF3_TGACGT40NAGC_YIII_NCACCTGNAATAAYAN_1_3	4864	6.28110931321266	16.5906652574774	0.378593	1
FOXC2_TCF3_TGACGT40NAGC_YIII_NCACCTGNRTAAAYAN_1_3	9216	5.4882934704891	16.0334003552988	0.342304	1
FOXC2_TGIF2LX_TGACGT40NAGC_YVII_NYMAATATTGACAN_1_3	2112	-2.05835351736242	12.9287631068092	-0.159207	1
FOXD2_HT-SELEX_TCGCCG40NTGC_KO_NAACAATAAYAWWN_1_4	3968	-5.66071531908989	14.860020107732	-0.380936	1
FOXD2_HT-SELEX_TCGCCG40NTGC_KO_NYWANGTAAACAN_1_4	6912	-7.21763826827332	12.818421911811	-0.563068	1
FOXD2_HT-SELEX_TGCTCG20NCTC_Z_NRNWAAYRTTKNYN_1_2	260192	-10.0051678764424	12.5143199063734	-0.799498	1
FOXD2_HT-SELEX_TGCTCG20NCTC_Z_RTAAAYA_1_2	72	-7.07239488881799	8.17646656749963	-0.86497	1
FOXD2_TCF3_TGTTTC40NTTA_YIII_NCACCTGNRYAAACAN_1_3	9216	-5.12614274054613	18.2665795965909	-0.28063	1
FOXD3_HT-SELEX_TGGGGT20NGGT_Z_NRNWAAYRTTKNYN_2_3	260192	-8.46666789392014	12.606214028936	-0.671627	1
FOXD3_HT-SELEX_TGGGGT20NGGT_Z_RTAAAYA_1_3	72	-8.00931631675866	8.10925615141063	-0.987676	1
FOXD3_HT-SELEX_TTGCTT40NCCA_KO_NYWAYRTAAACN_1_4b0	5888	-6.68360309375293	9.9167138123003	-0.673974	1
FOXE1_HT-SELEX_TATATA40NGCT_KO_NSYTAAAYAAACAWN_1_4	8192	-1.77342396251045	15.0991328719864	-0.117452	1
Foxg1_HT-SELEX_TATCTG20NTCG_AF_ATAAACAAGTRTAAACA_2_4	100	5.46126705820186	21.720920657988	0.251429	1
Foxg1_HT-SELEX_TATCTG20NTCG_AF_NMGGACACAATC_2_4	256	-1.32131617194061	14.362580696248	-0.0919971	1
Foxg1_HT-SELEX_TATCTG20NTCG_AF_RTAAAYA_1_4	72	-8.71684969895428	9.01224030296887	-0.967223	1
FOXG1_HT-SELEX_TGGTCA40NGTG_KS_NAYRYAAACAN_1_4	2816	-7.05779887880076	9.81369240544372	-0.719179	1
FOXG1_HT-SELEX_TGGTTC20NGA_AA_ATAAACAANWGTAAACA_2_4	376	6.61012179719407	21.6340364680967	0.305543	1
FOXG1_HT-SELEX_TGGTTC20NGA_AA_RCGGACACAATR_2_4	132	0.902275696115788	14.8245626078948	0.0608636	1
FOXI1_ELF1_TGATCA40NAGG_YADIIII_NTGTTKMCGGAAGTN_2_3	2304	-0.939469980127621	16.3107142992668	-0.0575983	1
FOXI1_ELF2_TTATAA40NGTG_YSIII_NAGAAAACCGAAWN_2_3	1120	-1.85733635333792	15.3649481975524	-0.120881	1
FOXI1_ELF2_TTATAA40NGTG_YSIII_NAYTTCCGKMAACAN_2_3	4352	6.36930326948218	14.271406661126	0.446298	1
FOXI1_ELF2_TTATAA40NGTG_YSIII_NRTAAACAGGAAGTN_2_3	1216	4.9291105884111	12.0527542496063	0.408961	1
FOXI1_ELK3_TTATAA40NGTG_YAFI_NACCGGAAACAN_1_3	496	-3.65975906557265	11.1637766471041	-0.327824	1
FOXI1_ELK3_TTATAA40NGTG_YAFI_NMCGGAANYRTAAACAN_1_3	18944	-2.34745310812465	17.8346952520736	-0.131623	1
FOXI1_ELK3_TTATAA40NGTG_YAFI_NMCGGATGTTTAYN_1_3	2112	-5.42388351846965	15.4553288678747	-0.350939	1
FOXI1_ETV1_TGATCA40NAGG_YRIIII_NGTAAACAGGAWRYN_1_3	4352	-1.52188803391686	13.5469715144274	-0.112342	1
FOXI1_ETV4_TGATCA40NAGG_YSIII_NRYTTCCGTAAAYAN_1_3	4352	4.91689443840352	13.1017417001373	0.375286	1
FOXI1_ETV5_TGATCA40NAGG_YKII_NGTAAACATCCGGN_2_3	592	-4.43177337444394	13.4420738341348	-0.329694	1
FOXI1_FLI1_TGATCA40NAGG_YYIII_NRTAAACAGGAAGTN_1_3	1216	0.785785238403533	15.6421084902732	0.0502353	1
FOXI1_GABPA_TTATAA40NGTG_YYIIII_NRTAAACAGGAAGTN_1_3	1216	0.598079446711149	13.7020249281188	0.043649	1
FOXI1_GCM1_TTATAA40NGTG_YACII_NRTAAATANGGGYN_1_3	7680	3.39646817637497	12.4313485736234	0.273218	1
FOXI1_HT-SELEX_TAGCAA40NCGA_KP_NWWNYGTAAACAN_1_2	12800	-7.29425830587826	10.6071083369539	-0.687676	1
FOXI1_HT-SELEX_TCGGAA20NGA_AF_GTAAACA_1_4	22	-5.30957296291805	9.23348668541517	-0.575034	1
FOXI1_HT-SELEX_TCGGAA20NGA_AF_NTGTTTACRGTAAAYAN_2_4	2624	-4.75502066273416	21.3577562857654	-0.222637	1
FOXI1_HT-SELEX_TGCGAG40NTTC_KW_NANGTAAACAAN_1_3b0	1792	-11.4225723163972	13.5859779233894	-0.840762	1
FOXI1_TCF3_TTATAA40NGTG_YIII_NRTAAACAGGTGN_1_3	1024	-4.36943881066087	13.1752506058522	-0.33164	1
FOXI1_TGIF2LX_TTATAA40NGTG_YVII_NRTMAATATTGACAN_1_3	2304	0.619502748544511	15.8825294656206	0.0390053	1
FOXJ2_ELF1_CAP-SELEX_TAAGAT40NATG_AAF_NWAAACAGGAAGNN_1_2	4096	-6.47151991309268	13.7614957791259	-0.470263	1
FOXJ2_ELF1_CAP-SELEX_TAAGAT40NATG_AAF_RMAGAAAACCGAANN_1_2	2304	-3.32862634647917	16.575031597074	-0.200822	1
FOXJ2_HOXB13_CAP-SELEX_TACGCA40NAAT_AAF_NTTTATNRNTMAACA_1_2	8448	-2.94257571427228	14.0265033393217	-0.209787	1
FOXJ2_HOXB13_CAP-SELEX_TACGCA40NAAT_AAF_RTAAACAYNRTAAAN_1_2b0	4352	5.13987443634058	11.9632020851696	0.42964	1
FOXJ2_HOXB13_CAP-SELEX_TACGCA40NAAT_AAF_RTAAACWNATWAAA_1_3b1	1088	-11.4856268277103	14.3413856138858	-0.800873	1
FOXJ2_HOXB13_CAP-SELEX_TACGCA40NAAT_AAF_TTTWATNRNMAACA_1_3b1	3968	-4.62653802314585	13.2338369091351	-0.349599	1
FOXJ2_HT-SELEX_TATGCT40NACT_KR_NWWGTTGTAAAYAN_2_2	3968	-8.72015232566512	14.9285428974826	-0.584126	1
FOXJ2_HT-SELEX_TGACGA20NGA_W_RTAAACAA_1_2	46	-4.23391770507922	9.32370705450263	-0.454102	1
FOXJ2_HT-SELEX_TGACGA20NGA_W_RTAAACAATAAAYA_2_3	156	6.11685633130082	17.2558296385979	0.354481	1
FOXJ2_HT-SELEX_TGACGA20NGA_W_RTAAACAWMAACA_2_3	272	5.8739631696699	15.5131653556373	0.378644	1
FOXJ2_PITX1_CAP-SELEX_TGGCAG40NCCT_AAF_NTAATCCNNWMAACA_1_3b1	8448	-2.27848606240238	14.6218461535619	-0.155828	1
FOXJ2_PITX1_CAP-SELEX_TGGCAG40NCCT_AAF_TAAACAGGATTA_1_3b1	37	2.55986050322265	13.793085292816	0.18559	1
FOXJ3_ELF1_CAP-SELEX_TCCGAT40NAGC_AAE_NNARAAAACCGAAWMN_1_2	17408	-2.1613022580338	16.2855962351939	-0.132713	1
Foxj3_HT-SELEX_TAAACA20NCAA_AF_ACGGACACAAT_1_4	34	2.01181116169978	14.6651336462789	0.137183	1
Foxj3_HT-SELEX_TAAACA20NCAA_AF_RTAAACAA_1_3	46	-5.47375345829805	9.48775569556449	-0.576928	1
Foxj3_HT-SELEX_TAAACA20NCAA_AF_RTAAACAATAAACA_2_4	82	9.71975421156963	16.2358329402472	0.598661	1
Foxj3_HT-SELEX_TAAACA20NCAA_AF_RTAAACATMAACA_1_4	144	-0.805118172928307	15.9448822385892	-0.0504938	1
FOXJ3_HT-SELEX_TACATC40NATA_KW_NYGTAAACAN_1_4	724	-9.11010277401573	10.6538843866084	-0.855097	1
FOXJ3_HT-SELEX_TAGTGG20NGTT_AC_RTAAACAA_1_4	46	-4.31739040733556	8.90751290056951	-0.484691	1
FOXJ3_HT-SELEX_TAGTGG20NGTT_AC_RTAAACARTAAACA_2_4	156	3.12975357643261	17.774893661827	0.176077	1
FOXJ3_HT-SELEX_TAGTGG20NGTT_AC_RTAAACATAAACA_2_4	76	3.03761470540799	16.3151156894783	0.186184	1
FOXJ3_TBX21_CAP-SELEX_TCCTCC40NCTC_AAE_WAACAACACMY_1_3	224	-5.20228178143249	11.9483038073125	-0.435399	1
FOXK1_ELF2_TCGTAG40NACT_YSIII_NAGAAAACCGAAWN_2_3	1120	-0.53515639294608	15.5547739052639	-0.0344046	1
FOXK1_HT-SELEX_GACAG14N_S_CGGACACAAT_2_4	31	-1.00444154609269	13.6060509499023	-0.0738232	1
FOXK1_HT-SELEX_TACCGA40NATA_KO_NWYGTAAAYAN_1_2b0	2816	-8.25991110046903	9.76597886607956	-0.845784	1
Foxk1_HT-SELEX_TGGGTA20NCG_Q_CGGACACAATC_2_4	34	-1.71145119122205	14.7231764181593	-0.116242	1
Foxk1_HT-SELEX_TGGGTA20NCG_Q_RTAAACA_1_4	40	-6.86202479857548	7.84264671971303	-0.874963	1
FOXK2_ELF1_TTGAAC40NTAGC_YADIIII_NNGAAAACCGAAWNN_1_3	16384	-2.56447169326057	16.0811060417415	-0.159471	1
FOXL1_HT-SELEX_TGCTCG20NCTC_W_RTAAAYA_1_2	72	-7.39397877250344	8.570956236428	-0.862678	1
FOXL1_HT-SELEX_TGCTCG20NCTC_W_WRTAAAYAAACAA_2_2	272	4.53639500447724	13.5517067180271	0.334747	1
FOXL2_HT-SELEX_TTCAGG40NTGC_KW_NAYRTMAACAN_1_4	2816	-8.4245024251661	9.8821169176375	-0.8525	1
FOXO1_ELF1_CAP-SELEX_TTTCAC40NGTG_AS_NNGAAAACCGAANM_1_2	4096	-2.830876363388	15.2359828834501	-0.185802	1
FOXO1_ELF1_CAP-SELEX_TTTCAC40NGTG_AS_NTGTTGNCGGAARNN_1_3b1	16384	-3.56593565755006	15.5654657134733	-0.229093	1
FOXO1_ELF1_CAP-SELEX_TTTCAC40NGTG_AS_RWMAACAGGAAGTN_1_2	1088	0.483526731582267	14.3125298680413	0.0337835	1
FOXO1_ELF2_TTTGCG40NGCT_YSIII_NAGAAAACCGAAWN_2_3	1120	-0.367346510796678	16.1382349100338	-0.0227625	1
FOXO1_ELK1_CAP-SELEX_TTCGCT40NCTT_AS_RSCGGATGTTRTN_1_2	992	4.1991501311367	12.8951055875848	0.325639	1
FOXO1_ELK1_CAP-SELEX_TTCGCT40NCTT_AS_RWYAACAGGAAGYN_1_2	2048	3.95257906035836	14.5106642649458	0.272391	1
FOXO1_ELK1_CAP-SELEX_TTCGCT40NCTT_AS_TGTTGCCGGANNN_1_2	1984	-6.01702931065739	13.2704234644425	-0.453417	1
FOXO1_ELK3_CAP-SELEX_TTGGGT40NGGC_AS_RCCGGAWGTKKW_1_2	864	-3.30306583807038	11.3526922824474	-0.29095	1
FOXO1_ELK3_CAP-SELEX_TTGGGT40NGGC_AS_RTMAACAGGAAGTN_1_2	576	2.9625983326273	14.7424848108752	0.200957	1
FOXO1_ETV1_CAP-SELEX_TCCTGA40NCTC_AS_RCCGGAWGTKKN_1_2	1664	-4.32650590848953	10.451764247303	-0.41395	1
FOXO1_ETV4_CAP-SELEX_TCCGTA40NGCC_AS_RCCGGAWGTKKN_1_3b0	1664	-3.24166257998855	11.0034243097777	-0.294605	1
FOXO1_ETV4_CAP-SELEX_TCCGTA40NGCC_AS_RWMAACAGGAARNN_1_3b0	7424	-4.29655821664893	13.7559999361822	-0.312341	1
FOXO1_FLI1_CAP-SELEX_TGGCGA40NTTA_AS_RTMAACAGGAAGTN_1_3	576	1.32890278943526	16.393609025118	0.0810622	1
FOXO1_HOXA10_CAP-SELEX_TTTCTT40NTAC_AS_RWMAACAYCRTWAA_1_3b0	1984	6.66150331935406	12.2452192859892	0.544008	1
FOXO1_HOXB13_CAP-SELEX_TGCGAC40NGGT_AS_GWMAACANNSYMRTAAA_1_2	34816	-2.11861029394615	14.4334334780068	-0.146785	1
FOXO1_HOXB13_CAP-SELEX_TGCGAC40NGGT_AS_GWMAACAYMRTAAA_1_2	1056	-0.702994502924484	13.4500249240821	-0.0522672	1
FOXO1_HOXB13_CAP-SELEX_TGCGAC40NGGT_AS_RWMAACASYMRTWAAA_1_2	8448	0.0680910142223714	14.04057862158	0.00484959	1
FOXO1_HT-SELEX_TTCAGC20NTA_AF_GTAAACAA_1_3	25	-3.66271908266117	9.48414371794196	-0.386194	1
FOXO1_HT-SELEX_TTCAGC20NTA_AF_GTAAACATGTTTAC_2_3	22	6.43513605585319	18.1696118035591	0.35417	1
FOXO1_HT-SELEX_TTCAGC20NTA_AF_TTTCCCCACACG_2_3	37	2.38824681234821	14.6968805588287	0.1625	1
FOXO1_SPDEF_CAP-SELEX_TTCTAC40NCGA_AS_WMSCGGATGTKNW_1_2	3456	-13.9062231823547	12.166709668773	-1.14297	1
FOXO1_TBX21_TTTGCG40NGCT_YYI_NAGGTGTNATAAACAN_1_3	2560	-1.24674363773042	13.4553863044958	-0.0926576	1
FOXO3_HT-SELEX_TCCGGG40NCTC_KR_NTCCCCACACN_1_4	448	-3.18497752858932	12.1906442406803	-0.261264	1
FOXO3_HT-SELEX_TGTTGC20NGTG_W_GTAAACATGTTTAC_2_4	22	6.23227101055222	18.9095996258223	0.329582	1
FOXO3_HT-SELEX_TGTTGC20NGTG_W_GTAAACAW_1_4	46	-2.34786801328666	10.3085047267145	-0.22776	1
FOXO3_HT-SELEX_TGTTGC20NGTG_W_TTTCCCCACAC_2_4	34	2.49732240057045	13.7770666045559	0.181267	1
FOXO3A_ELF2_TGTCTC40NTCA_YSIII_NAGAAAACCGAAWN_2_3	1120	-0.918606120097511	15.4810593438529	-0.0593374	1
FOXO4_HT-SELEX_TGACTC20NGA_AC_GTAAACA_1_3	22	-5.70446653158775	8.87707031720576	-0.642607	1
FOXO4_HT-SELEX_TGACTC20NGA_AC_GTAAACATGTTTAC_2_3	22	5.14387957975871	17.855567297679	0.288083	1
FOXO4_HT-SELEX_TGACTC20NGA_AC_TTTCCCCACACG_2_3	37	2.07802934097029	14.0122998248632	0.1483	1
FOXO4_HT-SELEX_TTCGAG40NGCG_KT_NYGTAAACAN_1_2	724	-6.64031867889031	9.06708941986035	-0.732354	1
FOXO6_ELF2_TCCCAT40NTGT_YSIII_NAGAAAACCGAAWN_2_3	1120	-0.355758672829278	15.7405444802284	-0.0226014	1
FOXO6_HT-SELEX_TCGTGT30NGTT_AH_GTAAACA_1_3	22	-5.60027736542745	9.2484180317543	-0.605539	1
FOXO6_HT-SELEX_TCGTGT30NGTT_AH_GTAAACATGTTTAC_2_4	22	11.2997527301478	17.86306576915	0.632576	1
FOXO6_HT-SELEX_TCGTGT30NGTT_AH_TTTCCCCACACRAC_2_4	82	2.90634764405785	17.6188663663952	0.164957	1
FOXO6_TBX21_TCCCAT40NTGT_YYI_NAGGTGTNATAAACAN_1_3	2560	-0.46817332961694	16.5537570913977	-0.028282	1
FOXP3_HT-SELEX_TCAATT20NTAA_Y_RTAAACA_1_4	40	-3.8322271904678	8.12700763580681	-0.471542	1
FOXP3_HT-SELEX_TTACGA40NTCC_KAE_NAWTTGTAYGACAAATN_2_4	2688	1.81316557383269	20.3129274174931	0.0892617	1
FOXQ1_HT-SELEX_TGCACG40NTTG_KO_NTAYRTAAACAN_1_3b0	1728	-4.87615849069538	11.9455207500848	-0.4082	1
FOXR2_HT-SELEX_TTAGAG40NCGG_KX_NYRTAWACATAAATNNN_1_4	69632	-7.79891358662414	17.7086194982369	-0.440402	1
GABPA_HT-SELEX_TCTGCT40NTGT_KV_NACCGGAAGTN_1_2	448	-5.63345568232828	10.7624353913156	-0.523437	1
GABPA_HT-SELEX_TGGCCC20NCCT_AG_ACCGGAAGTN_1_4	112	-2.07005843851874	11.6311925331687	-0.177975	1
GATA1_HT-SELEX_TTATAT40NACC_KN_GATAANNNNNTTATC_1_4b0	15872	2.11501474623147	15.841677229217	0.13351	1
GATA2_ELF5_TGAGTC40NAAC_YYI_NGATAAGGAAGTN_1_3	544	-1.34137206484132	13.3306490615752	-0.100623	1
GATA2_HT-SELEX_TGAGGT40NTCC_KR_NYGATAASN_1_2	1152	-10.0336688815279	8.22688649635805	-1.21962	1
GATA2_ONECUT1_TCTTCG40NGAT_YJII_MGATAANATCGAT_1_3	280	6.48673238686413	11.4312795030662	0.567455	1
GATA2_TEAD4_TGAGTC40NAAC_YJII_MGATAANNRCATTCCWN_1_3	18944	-1.13095313745301	14.6179682377784	-0.0773673	1
GATA3_ELF5_TGCGGA40NCGA_YYI_NGATAAGGAAGTN_1_3	544	-2.23922711389182	13.7283667232291	-0.16311	1
GATA3_FLI1_TGCGGA40NCGA_YYIII_NRSCGGAWRNAGATAAN_1_3	35840	-3.11795981499653	17.2691940439064	-0.18055	1
GATA3_HT-SELEX_TCATGC20NCG_AC_AGATAANN_1_2	304	-7.61306940150101	7.6537756239982	-0.994682	1
GATA3_HT-SELEX_TGTCGT20NGA_AC_AGATAANN_1_2	304	-7.74346828029733	7.81266787330641	-0.991143	1
GATA3_HT-SELEX_TTCGTT40NGCC_KX_NGATAACGATCW_1_3	256	-5.5213539341546	14.2161288740526	-0.388387	1
GATA3_HT-SELEX_TTCGTT40NGCC_KX_NGATAAGATCW_1_3	232	-8.30538463649565	12.9217307478794	-0.642746	1
GATA3_ONECUT1_TAACTG40NGTA_YJII_MGATAANNNNNNATCGATN_1_3	1146880	2.81664590496863	14.1854458818522	0.198559	1
GATA3_TEAD4_TGCGGA40NCGA_YJII_MGATAANNRMATWCC_1_3	8192	-2.86065409473488	13.7332589385975	-0.208301	1
GATA4_HT-SELEX_TAAAAT20NAAA_Y_AGATAANN_1_2	304	-8.83708551456964	7.81425811023315	-1.13089	1
GATA4_HT-SELEX_TTAGAG40NCGG_KP_NWGATAASRN_1_2	2420	-7.90154668590521	9.13766837541524	-0.864722	1
GATA4_ONECUT1_TTATGA40NCAG_YJII_ATCGATNNNMGATAA_1_3	4480	6.39935436227001	13.2911079844985	0.481476	1
GATA4_TBX20_TATAAC40NCGG_YWIIII_NHGATAACACCN_1_3	1360	1.36914703011717	9.8644635413071	0.138796	1
GATA4_TBX21_TTATGA40NCAG_YYI_NAGGTGTGAGATAAN_1_3	640	0.0109686527339856	14.4294270754124	0.000760159	1
GATA4_TEAD4_TATAAC40NCGG_YJII_TTATCTNNCATWCC_1_3	1120	5.01749606490574	13.2491876004866	0.378702	1
GATA5_HT-SELEX_TAAATG20NTAA_Y_AGATAANN_1_2	304	-8.73973288623863	7.92405263518694	-1.10294	1
GATA5_HT-SELEX_TCCTCG40NCAG_KP_NWGATAASRN_1_2	2420	-8.84235709735912	8.7584776495294	-1.00958	1
GATA5_HT-SELEX_TCCTCG40NCAG_KP_WGATAACGATCT_1_2	70	0.870351285832796	12.9777984943298	0.0670646	1
GATA5_HT-SELEX_TTAGAG40NCGG_KW_NWGATAASRN_1_2	2420	-8.0220160497609	9.47111362595182	-0.846998	1
GATA5_HT-SELEX_TTAGAG40NCGG_KW_WGATAACGATCT_1_2	70	1.42925034140058	13.1217981691682	0.108922	1
GATA5_IRF8_TTAGAC40NCAG_YQIIII_NGAAACYGAAACYNNGATAA_2_3	12288	0.376580602500398	19.1575131036201	0.0196571	1
GATA5_TBX20_TTAGAC40NCAG_YWIIII_RGGTGTTATCG_1_3	64	3.43077114986906	9.27569764553557	0.369867	1
GATA5_TEAD4_TTAGAC40NCAG_YJII_NMGATAANNRCATWCCN_1_3	69632	-5.65515260737186	18.0594570702684	-0.313141	1
GATA6_ELF5_TCGCGA40NCATT_YYI_NGATAAGGAAGTN_1_3	544	-0.962574435828735	12.810209391253	-0.0751412	1
GATA6_FOXA1_TCGCGA40NCATT_YWII_NGATAARYAAAYAN_1_3	3968	4.77973600021675	11.0017376710257	0.434453	1
GATA6_FOXA1_TCGCGA40NCATT_YWII_NWAGATAAACAN_1_3	928	-3.94859666346406	10.1469864391416	-0.38914	1
GATA6_FOXD2_TGACCA40NTCC_YWI_NWAGATAAACAN_1_3	928	3.27409284101587	11.1683082654484	0.293159	1
GATA6_HT-SELEX_TCCATC40NTGA_KS_NGATAACGATCW_1_3	256	-1.63502884320923	12.1352954924502	-0.134733	1
GATA6_SOX11_TCGCGA40NCATT_YUIII_NAGATAACAAWRN_1_3	1920	-4.59337729753961	10.8860753821496	-0.42195	1
GATA6_TBX21_TGACCA40NTCC_YYI_AGGTGTGATAA_1_3	34	5.88154342778501	11.3993013460752	0.515956	1
GATA6_TBX21_TGACCA40NTCC_YYI_NAGGTGTTATCN_1_3	496	3.10585628988996	11.8233473361933	0.262688	1
GATA6_TBX21_TGACCA40NTCC_YYI_NGATAAGGTGTNRN_1_3	4096	3.94069902047738	13.1690819632347	0.299239	1
GATA6_TBX6_TGACCA40NTCC_YAAII_NGATAAGGTGTNR_1_3	1024	5.31527186394332	9.86784644541288	0.538646	1
GATA6_TGIF2LX_TGACCA40NTCC_YVII_NTGWCAGATAAN_1_3	928	4.34278622343398	9.70141217618388	0.447645	1
GBX1_HT-SELEX_TAGTCC20NCG_Y_NNYAATTANN_1_4	6160	-6.50616892510283	9.79070086691941	-0.664525	1
Gbx1_HT-SELEX_TCGGTT20NCG_Q_NNYAATTANN_1_2	6160	-11.2139435203615	8.70131543310675	-1.28876	1
Gbx2_HT-SELEX_TACACC20NCAC_Z_NNYAATTANN_1_3	6160	-9.06406449879424	8.8195778912765	-1.02772	1
GBX2_HT-SELEX_TCAGCA40NCTC_KP_NYAATTAN_1_2	388	-8.25323409337795	8.55902360835331	-0.964273	1
GBX2_HT-SELEX_TCCCGA20NGCC_Y_NNYAATTANN_1_3	6160	-8.51028370532143	9.12780125061513	-0.932348	1
GBX2_HT-SELEX_TCCCGA20NGCC_Y_TAATTRNNYAATTA_2_3	1060	3.47609811542752	15.1632266615483	0.229245	1
GBX2_HT-SELEX_TGATTT20NGA_AE_NNYAATTANN_1_2	6160	-2.52253612319889	8.31168308805066	-0.303493	1
GBX2_HT-SELEX_TGGTGG40NTAA_KV_NCAATTAN_1_2	292	-8.65306424935524	8.60928868189323	-1.00508	1
GCM1_CEBPB_CAP-SELEX_TGCAGG40NTCG_AX_ATRSGGGNNNNTTRCGYAAN_1_3	622592	-21.2591959721559	21.569713517603	-0.985604	1
GCM1_CEBPB_CAP-SELEX_TGCAGG40NTCG_AX_MTRSGGGNNNNNTTRCGYAAN_1_3	4718592	-22.2198951432438	21.3510039806274	-1.0407	1
GCM1_ELF1_CAP-SELEX_TTTCAC40NGTG_AX_GTGCGGGCGGAAGTN_2_3	172	1.06181591663409	15.297570881657	0.0694108	1
GCM1_ELF1_CAP-SELEX_TTTCAC40NGTG_AX_NNMGGAARTGCKGGN_1_3	15872	-5.64411953374071	15.4441878810044	-0.365453	1
GCM1_ELF1_CAP-SELEX_TTTCAC40NGTG_AX_NRCCCRNNCGGAAGNN_1_3	122880	-16.8112826599979	17.1589501082582	-0.979738	1
GCM1_ELK1_CAP-SELEX_TTCGCT40NCTT_AU_RKRNRGGCGGAARCGGAAGNN_2_3	92160	-2.9731073106674	20.9186695324621	-0.142127	1
GCM1_ELK1_CAP-SELEX_TTCGCT40NCTT_AU_RTGCGGGCGGAAGTN_1_3	328	0.309325324713101	15.6312323569071	0.0197889	1
GCM1_ELK3_CAP-SELEX_TTGGGT40NGGC_AU_ACCCGCANCCGGAAGN_2_3	688	0.797095956958124	18.7552010378835	0.0425	1
GCM1_ELK3_CAP-SELEX_TTGGGT40NGGC_AU_RTGCGGGCGGAAGTN_2_3	328	1.14477398226263	17.9234198110899	0.0638703	1
GCM1_ERG_CAP-SELEX_TAAGAA40NATA_AX_RTRYGGGCGGAARKN_1_3u	4224	-1.0340638755588	15.9111410565326	-0.0649899	1
GCM1_ERG_TTGTGA40NTCCC_YYII_NRTGCGGGCGGAWGN_1_3	2304	-0.831947026251933	16.5974614176398	-0.050125	1
GCM1_ETV1_CAP-SELEX_TCCTGA40NCTC_AU_RTRNNGGCGGAAGTN_1_3	8448	-13.09260547596	15.0203791288449	-0.871656	1
GCM1_ETV1_TTGTGA40NTCCC_YRIIII_NRTGCGGGCGGAWRN_1_3	4352	-1.04958709383517	15.9931426483879	-0.0656273	1
GCM1_ETV4_CAP-SELEX_TCCGTA40NGCC_AX_RTGCGGGCGGAAGTR_2_3	168	1.26411950620578	16.5648088808613	0.0763136	1
GCM1_ETV4_TTGTGA40NTCCC_YSIII_NRTGCGGGCGGAWGN_1_3	2304	-0.138765563238194	16.2284639678765	-0.00855075	1
GCM1_ETV5_TTGTGA40NTCCC_YKII_NATGCGGGCGGAAGTN_2_3	688	2.05565644094373	19.3363955741536	0.10631	1
GCM1_FIGLA_CAP-SELEX_TCGAAC40NGAT_AU_CASSTGNNCCCGCAY_1_2	4352	6.89500823579624	14.8239455575774	0.465126	1
GCM1_FIGLA_CAP-SELEX_TCGAAC40NGAT_AU_CASSTGNNNNNNNTGCGGG_1_2	2162688	2.55060004471057	16.2533185381229	0.156928	1
GCM1_FLI1_TTGTGA40NTCCC_YYIII_NATGCGGGCGGAWRYN_2_3	4736	6.91175996634058	17.6405517717472	0.391811	1
GCM1_FLI1_TTGTGA40NTCCC_YYIII_NSCGGATGCGGGYN_1_3	2112	2.11869250065995	14.9810054975813	0.141425	1
GCM1_FOXI1_CAP-SELEX_TAGTCA40NTCT_AU_NTGTTGATRNGGGN_1_3	4096	-3.58336944303366	14.9664017715173	-0.239428	1
GCM1_FOXI1_CAP-SELEX_TAGTCA40NTCT_AU_RTAAATANGGGNN_1_2	3712	-5.58826419291929	13.5236106671782	-0.413223	1
GCM1_FOXO1_CAP-SELEX_TATGGT40NATA_AU_RTMAATAMGGGYRN_1_3b0	3840	-1.49008703476426	14.4636588646323	-0.103023	1
GCM1_FOXO1_TTGTGA40NTCCC_YIII_NRWAAATANGGGTAN_2_3	8448	-4.61893565491179	12.9595111410055	-0.356413	1
GCM1_GABPA_TGAGAG40NCGC_YYIIII_NRTGCGGGCGGAWGN_1_3	2304	-2.64387390684651	17.8778273200885	-0.147886	1
GCM1_HOXA13_CAP-SELEX_TCCACT40NTGT_AU_RKRNGGGNNATAAA_1_2	14336	-3.21270681140762	14.8560115238331	-0.216256	1
GCM1_HOXA2_CAP-SELEX_TCACAG40NGTT_AX_RTRSGGGNNTAATKR_1_3	15360	-3.54685775891619	14.1934263167998	-0.249894	1
GCM1_HOXA2_TGAGAG40NCGC_YJI_NWRYKGGTAGYAATTAN_2_3	18432	2.88749471899549	15.2181835903179	0.18974	1
GCM1_HOXB13_CAP-SELEX_TGCGAC40NGGT_AU_RTRNGGGTNNTAAAN_1_2	30720	-9.00777928234101	14.4096567856487	-0.625121	1
GCM1_HT-SELEX_TCCAGT20NGAC_AE_ATGCGGGYRCCCGCAT_2_4	91	8.62394898656058	16.3243069077494	0.528289	1
GCM1_HT-SELEX_TCCAGT20NGAC_AE_NATGCGGGTAN_1_4	448	-7.62242945092162	12.3963671517546	-0.614892	1
GCM1_HT-SELEX_TGAGCA20NCGA_Y_NATGCGGGTA_1_4	112	-3.5243674590831	11.3307396403017	-0.311045	1
GCM1_HT-SELEX_TTCGTC40NCGT_KP_RTGCGGGTN_1_3	184	-5.97892054321203	9.01494485038633	-0.663223	1
GCM1_MAX_CAP-SELEX_TTAGTC40NTCC_AU_NNCACGTGNNNGCGGGYN_1_3	286720	-7.58970509857309	18.093180999746	-0.419479	1
GCM1_MAX_CAP-SELEX_TTAGTC40NTCC_AU_RTGCGGGNNNNNNNCACGTGN_1_3	4980736	-4.78140787448227	20.8684864426312	-0.229121	1
GCM1_NHLH1_CAP-SELEX_TCTCGT40NGCC_AX_NCAGCTGNNNNNNNTRCGGG_1_3b1	4587520	-11.8580837925076	18.8753895630233	-0.62823	1
GCM1_ONECUT2_CAP-SELEX_TCCAGG40NTAG_AU_RTGCGGGNNATCGATR_1_3	2496	-2.66566870887084	17.8580172247692	-0.14927	1
GCM1_PITX1_CAP-SELEX_TCGAGC40NAAT_AU_GGATTANNNNNNNTGCGGG_1_3b1	606208	-3.66252634696705	16.8667648712968	-0.217145	1
GCM1_PITX1_CAP-SELEX_TCGAGC40NAAT_AU_GGATTANNNNNNTGCGGG_1_3b1	151552	-10.5086484973962	18.1889135976376	-0.57775	1
GCM1_SOX2_CAP-SELEX_TATGAT40NACA_AX_RTRSGGGNNNATTGTKY_1_3	67584	-5.94820460347062	18.2077040919207	-0.326686	1
GCM1_TBX21_CAP-SELEX_TCCTAT40NAGA_AU_AGGTGTNRTRCGGGNN_1_3	9216	-3.37440657481995	16.2750637073454	-0.207336	1
GCM2_DLX2_CAP-SELEX_TGTGCT40NCGG_AAB_RTRCGGGNNNNNTAATTR_1_3u	278528	-3.23024572628002	15.1494860907019	-0.213225	1
GCM2_DLX3_CAP-SELEX_TCGAGA40NGAT_AAB_RTRCGGGNNNNNNTAATKR_1_3	2097152	-6.25159196493333	15.0378839338728	-0.415723	1
GCM2_DLX3_CAP-SELEX_TCGAGA40NGAT_AAB_RTRCGGGNNNNNTAATKR_1_3	524288	-0.0912079653883877	13.7484057089213	-0.00663408	1
GCM2_DRGX_CAP-SELEX_TGAGTG40NTGA_AAB_RTRSGGGNAATTAN_1_3	3968	-5.15184519770159	14.0199117057057	-0.367466	1
GCM2_DRGX_CAP-SELEX_TGAGTG40NTGA_AAB_RTRSGGGNNAATTAN_1_3	15872	-6.75997832948341	14.4833916219132	-0.46674	1
GCM2_E2F8_CAP-SELEX_TGTTAT40NATG_AAB_NTRYGGGNNNTGGCGGGARN_2_3	327680	-6.2609510667967	19.210248071327	-0.325917	1
GCM2_ELK1_CAP-SELEX_TGACGA40NGCA_AAB_NNRNGGGCGGAARTN_1_3	30720	-5.82680306750449	15.3934339918811	-0.378525	1
GCM2_EOMES_CAP-SELEX_TGTCGT40NGCG_AAB_RTGCGGGNAGGTGNNN_1_3	17920	-8.38839419881398	16.5101752884698	-0.508074	1
GCM2_FIGLA_CAP-SELEX_TCTCTT40NTCG_AAB_RTRCGGGNNCASSTG_1_3	8192	-3.80155946492551	15.5987655236108	-0.243709	1
GCM2_FOXI1_CAP-SELEX_TGTGTC40NTGG_AAB_RTAAATANGGGNN_1_3	3712	-6.58047092259654	13.4644546347334	-0.488729	1
GCM2_FOXI1_CAP-SELEX_TGTGTC40NTGG_AAB_TGTTKATRCGGGN_1_3	528	-3.40718569686192	13.4183237880487	-0.25392	1
GCM2_HES7_CAP-SELEX_TGGTGA40NGTT_AAB_RTRNKGGTNNNGCACGYGNN_1_3	2293760	-6.0619106013009	16.5432753660882	-0.366427	1
GCM2_HOXA13_CAP-SELEX_TCTAAT40NAAG_AAB_RTRCGGGTAATAAAN_2_3	624	-1.47354995734168	17.3402878781544	-0.0849784	1
GCM2_HT-SELEX_TGACTC20NTCA_Y_NATGCGGGTN_1_3	400	-4.86363012683036	10.6362189177211	-0.457271	1
GCM2_HT-SELEX_TGTTTC40NTTA_KAF_RTGCGGGTN_1_3	184	-8.04464020243589	10.2248432011477	-0.786774	1
GCM2_MAX_CAP-SELEX_TGCCTG40NTCC_AAB_NTRNGGGNNNCACGTG_1_3	65536	-6.48241134628614	15.7078809524946	-0.412685	1
GCM2_ONECUT2_CAP-SELEX_TGTCTA40NTCG_AAB_RTRCGGGNNNNNNATCRATN_1_3	4456448	-5.99276211584832	18.1553708134487	-0.330082	1
GCM2_PITX1_CAP-SELEX_TCTTTC40NTTG_AAB_RTRCGGGNNGATTA_1_3	2112	-4.36913856908227	14.652649306499	-0.298181	1
GCM2_PITX1_CAP-SELEX_TCTTTC40NTTG_AAB_RTRCGGGSGATTAN_1_3	1088	-2.88573305815558	14.0906350430033	-0.204798	1
GCM2_SOX15_CAP-SELEX_TCGCCA40NCCT_AAB_RTRCGGGNNNNRNACAAWN_1_3u	2097152	-8.2345317845733	17.6500414451327	-0.466545	1
GCM2_SOX15_CAP-SELEX_TCGCCA40NCCT_AAB_RTRCGGGNNNRNACAAWN_1_3u	524288	-7.47845576671442	17.7758660697204	-0.420708	1
GCM2_TBX21_CAP-SELEX_TGTTCA40NCTG_AAB_AGGTGTNNNGSGGGN_1_3	16384	-11.9309065191468	16.1011828430492	-0.740996	1
GCM2_TBX21_CAP-SELEX_TGTTCA40NCTG_AAB_NNNCGGGNNNGGTGTNN_1_3	1835008	-56.3965062012757	19.8342175531948	-2.84339	1
GCM2_TEF_CAP-SELEX_TGACAG40NACA_AAB_RTRCGGGNNNNTTACGTAA_1_3	43008	-12.3325208482449	20.7293362200597	-0.594931	1
GFI1_HT-SELEX_TCTGCT40NTGT_KR_NMAATCACNGCNNNNCACTMN_2_4	2555904	-10.5445249177794	21.3312473451535	-0.494323	1
GFI1B_HT-SELEX_TTCTCA40NCCT_KR_NMAATCACNGCANNNCACTMN_2_2	688128	-7.07905600004779	19.5088350217382	-0.362864	1
GLI2_FLI1_TCGTCT40NGGTG_YYIII_NGACCACCCANNCTTCCGN_2_3	11776	-0.491929750644463	16.556669630192	-0.0297119	1
GLI2_FLI1_TCGTCT40NGGTG_YYIII_NRYWTCCGGNCCACMCACN_2_3	41984	-0.389344627714128	15.3856158788219	-0.0253058	1
GLI2_HT-SELEX_TAAGTA40NTGA_AI_GACCACMCACNNNG_1_3	4096	0.856351673884322	13.4908152937135	0.0634766	1
GLI2_HT-SELEX_TAAGTA40NTGA_AI_GCGACCACNCTG_1_3	136	-1.57466254523427	13.5596048625598	-0.116129	1
GLI2_HT-SELEX_TGGAGT40NTGG_KS_NGACCACCCACGWYG_2_3	624	-0.965350386343095	16.3685963870012	-0.0589758	1
GLI2_SOX11_TCGTCT40NGGTG_YUIII_NRCCCACCGAACAMN_2_3	2304	5.98485713755095	13.536393924234	0.442131	1
GLI3_FLI1_TTAGGA40NTCT_YYIII_NYTTCCGGNCCACCCACN_2_3	5632	7.34985792616403	18.7977820869668	0.390996	1
GLI3_GABPA_TTTGCT40NCGT_YYIIII_NCTTCCGGNCCACCCRCN_2_3	5632	6.13538636127124	18.1638447442403	0.33778	1
GLI3_HT-SELEX_TCAAAC40NAAC_KP_RGACCACCCACRWYG_2_2	608	-1.99292752440761	15.6790985510878	-0.127107	1
GLI3_RFX3_TTTGCT40NCGT_YSII_NCCACCCACGTTGYYAYRNNNNN_2_3	2883584	-5.33134477367573	22.6480349960693	-0.2354	1
GLI3_RFX3_TTTGCT40NCGT_YSII_NRCCACMCACGTTGYYAN_2_3	10496	0.398649437207809	18.912693847787	0.0210784	1
GLI3_SOX11_TTAGGA40NTCT_YUIII_NRCCCACCGAACAMN_2_3	2304	5.56829473052589	12.3063654500168	0.452473	1
GLIS1_HT-SELEX_TTCGGT20NGA_R_NGACCCCCCACGANGN_2_4	2560	-14.4378567685022	19.4648173075259	-0.741741	1
GLIS1_HT-SELEX_TTTGTA40NTCC_KS_NACCCCCCACGWMGN_2_3	2304	-2.15540508075049	14.8267186345864	-0.145373	1
GLIS2_HT-SELEX_TACTAT20NATC_Y_GACCCCCCGCGNNG_2_3	592	-2.0776216393227	15.6046653422257	-0.133141	1
GLIS2_HT-SELEX_TCGCCC40NCAT_KP_RCCCCCCRCGWYGN_2_4	2048	-3.1126356708568	14.7923552841014	-0.210422	1
GLIS3_HT-SELEX_TCGCAT20NGA_O_GACCCCCCGCGNNG_2_4	592	-6.92650922435081	17.63130827921	-0.392853	1
GMEB1_HT-SELEX_TCTGCT40NTGT_KX_NKACGTANNNTACGTMN_1_4	67584	-5.62019536172583	18.6572328651189	-0.301234	1
GMEB2_HT-SELEX_TAAATA40NTAT_KQ_NYACGTANNNTACGTRN_1_4	67584	-13.6753845212352	18.4615446283859	-0.74075	1
GMEB2_HT-SELEX_TCGCGC20NGA_Y_TTACGTAA_1_4	13	-2.27135078400598	9.19658777522985	-0.246978	1
GMEB2_HT-SELEX_TGGATG20NGA_O_TTACGYAM_1_3	71	-3.56199144421623	8.10459577540588	-0.439503	1
GMEB2_HT-SELEX_TGGATG20NGA_O_WRCGTAACCACGYN_1_4	1088	-11.3491744855115	16.6314461477586	-0.682393	1
GMEB2_HT-SELEX_TGGATG20NGA_O_YACGTAACNKACGTA_3_4	617	5.98841493075677	16.4963490636443	0.363015	1
gntR_ATF7_TACAGA40NCGGA_YJI_TGACGTMATNATGTTA_1_3	352	1.89523386088837	14.0307020240298	0.135078	1
gntR_TEAD4_TACAGA40NCGGA_YJII_TGTTAHGGWATGY_1_3	400	5.04369036815874	13.5330874025096	0.372693	1
GRHL1_HT-SELEX_TCCAAC20NTA_Q_AACCGGWNNNWCCGGTT_2_3	4992	3.21538866741586	17.6330614780949	0.18235	1
GRHL1_HT-SELEX_TCCAAC20NTA_Q_NAACCGGTTN_1_3	202	-7.34123752289339	11.5865993758801	-0.633597	1
GRHL1_HT-SELEX_TGCTCC40NCCG_KS_NAACCGGTTN_1_3	202	-6.65162569558455	11.0313146314178	-0.602977	1
GRHL1_HT-SELEX_TGGACA20NCAT_W_NAAACCGGTTTN_1_3	250	-3.12094117629772	13.4785394147184	-0.231549	1
GSC_FLI1_TATAGT40NATAA_YYIII_NTAATMCTTCCGGTN_1_3	1216	-1.0899084157295	14.9625109967559	-0.0728426	1
GSC_HT-SELEX_TCCGAG40NTGG_KR_YTAATCCN_1_2	160	-9.31093291932936	8.60327303962951	-1.08225	1
GSC_HT-SELEX_TGACAA40NACT_KV_YTAATCCN_1_3	160	-8.15317852371995	9.08204873456135	-0.897725	1
GSC_HT-SELEX_TGGGAC20NGA_AE_NNTAATCCNN_1_3	4864	-10.0836266707611	9.43120202542587	-1.06918	1
GSC_MEIS3_TGCCAC40NGCC_YRIIII_NTGACANTAATCYN_1_3	4096	-2.14265730550984	12.7699660634237	-0.167789	1
GSC_ONECUT1_TGCCAC40NGCC_YJII_ATCGATNNNTAATCC_1_3	2368	5.67254858490012	14.8179038916534	0.382817	1
GSC_TBX20_TATAGT40NATAA_YWIIII_NGTGTTAATCCN_1_3	496	-5.9753811591164	11.723267231462	-0.509703	1
GSC_TBX21_TGCCAC40NGCC_YYI_NAGGTGTGANGGATTAN_1_3	2752	0.570469033249136	18.8228259536612	0.0303073	1
GSC_TBX4_TGCCAC40NGCC_YWII_NTAATCCNTNACACCTN_1_3	10240	-4.23319752200919	18.7520117908471	-0.225746	1
GSC_TEAD4_TATAGT40NATAA_YJII_NGGWATGTTAATCCN_1_3	1216	3.92634096420545	14.7228791877702	0.266683	1
GSC2_FLI1_TTTCTA40NCAT_YYIII_NTAATMCTTCCGGTN_1_3	1216	1.12297935966029	14.6819357328637	0.0764871	1
GSC2_HT-SELEX_TTAGAA20NTA_AF_NNTAATCCNN_1_3	4864	-9.48328963828768	8.87949972558156	-1.068	1
GSC2_HT-SELEX_TTGTGG40NCGG_KO_YTAATCCN_1_3b0	160	-8.3068188664474	6.71538532316763	-1.23698	1
GSC2_TEAD4_TTTCTA40NCAT_YJII_NMRTTAACATTCCN_1_3	2112	-4.43689399026761	12.1734337125292	-0.364473	1
GSX1_FLI1_TCTCTC40NTTG_YYIII_NCCGGAWRTAATTAN_1_3	2304	-2.19012173840749	13.9805387936909	-0.156655	1
GSX1_HT-SELEX_TACGAA40NAGA_KO_CTAATTAC_1_4b0	25	1.499870578137	6.56118004640806	0.228598	1
GSX1_HT-SELEX_TCACAC20NCG_Y_NNYMATTANN_1_4	12440	-9.51401460168852	7.95747979623576	-1.19561	1
GSX1_PAX2_TCTCTC40NTTG_YZII_YMATTAGTCACGSNYSANYRN_2_3	335872	4.59314978545084	18.0776024813443	0.25408	1
GSX1_TBX20_TCTCTC40NTTG_YWIIII_NAGGTGTTAATGTGNNRN_2_3	20992	5.8029273399072	14.4343465929042	0.402022	1
GSX1_TBX21_TCAAAG40NGAG_YYI_NAGGTGTTAATTRN_1_3	1120	4.06154983727277	13.6891350925876	0.296699	1
GSX1_TBX21_TCAAAG40NGAG_YYI_NTAATTAGGTGTNAN_1_3	2368	2.98629413774487	15.0072675049124	0.19899	1
GSX1_TBX4_TCAAAG40NGAG_YWII_NAGGTGTTAATKAGGTGTN_2_3	1600	10.4114410911302	17.4090089901093	0.598049	1
GSX1_TBX4_TCAAAG40NGAG_YWII_NAGGTGTTAATTRN_1_3	1120	6.5448460387743	13.5544013219988	0.482858	1
GSX1_TBX4_TCAAAG40NGAG_YWII_NTAATKAGGTGTNRN_1_3	8448	4.56162559321632	13.6170562474738	0.334994	1
GSX2_ELF1_TCGCGT40NCGG_YADIIII_MGGAARYMATTAN_1_3	1856	-2.41662172744372	11.7074632345522	-0.206417	1
GSX2_FLI1_TCGCGT40NCGG_YYIII_NCCGGAWRTAATTAN_1_3	2304	-1.46575969102826	14.6420377031851	-0.100106	1
GSX2_HT-SELEX_TCCAAC20NCG_Y_NNYMATTANN_1_3	12440	-6.70166539880078	8.09544340134489	-0.827832	1
GSX2_HT-SELEX_TGTCAG40NGAC_KO_STMATTAR_1_2	138	-7.19477830144785	7.9880351464688	-0.900694	1
GSX2_ONECUT1_TTGTAG40NTCT_YJII_ATCGATWAATTR_1_3	132	7.8143807261748	11.7220245695998	0.666641	1
GSX2_TBX20_TCGCGT40NCGG_YWIIII_NGTGTTAATGTGN_1_3	544	-1.7054894840676	12.0601822282976	-0.141415	1
GSX2_TBX21_TTGTAG40NTCT_YYI_NAGGTGTTAATTRN_1_3	1120	5.55279011242382	13.1656962146471	0.421762	1
GSX2_TBX21_TTGTAG40NTCT_YYI_NTAATTAGGTGTNAN_1_3	2368	4.11758799511387	13.9969609753418	0.294177	1
GSX2_TBX4_TTGTAG40NTCT_YWII_NAGGTGTTAATTRN_1_3	1120	6.03863786059765	12.3465426901253	0.489095	1
GSX2_TBX4_TTGTAG40NTCT_YWII_NAGGTGTTAAYKAGGTGN_2_3	2880	7.95808781069141	16.4970968322028	0.482393	1
GSX2_TBX4_TTGTAG40NTCT_YWII_NTAATKAGGTGTNRN_1_3	8448	6.12683108590497	12.3584753656558	0.495759	1
GSX2_TCF7L1_TCGCGT40NCGG_YAFII_NATCAAANNNYAATTAN_1_3	71680	-3.04790609174601	13.233854568661	-0.230311	1
GSX2_TEAD4_TCGCGT40NCGG_YJII_NYAATTAAMATTCCWN_1_3	4736	6.8443013781777	14.9346432751281	0.458284	1
GSX2_TGIF2LX_TTGTAG40NTCT_YVII_NMTGTCAAATTAN_1_3	1024	-2.58061955374952	11.2496506545477	-0.229396	1
GSX2_TGIF2LX_TTGTAG40NTCT_YVII_NMTGTCAATTAN_1_3	928	-4.19988486365356	10.1259398999994	-0.414765	1
HAND2_HT-SELEX_TGCTCT40NTTA_KP_AACACCTGYN_1_3	208	-5.71374060997055	11.8162684411198	-0.483549	1
HES1_HT-SELEX_TGCTCT40NTTA_KV_GGCRCGTGNS_1_2	359	-8.25480987742451	10.0671913928933	-0.819971	1
HES2_HT-SELEX_TCTTGG40NTTA_KO_GGCRCGTGYN_1_2	359	-6.62126594622501	11.2900640120991	-0.586468	1
HES5_HT-SELEX_TCCACG20NCG_Y_NGGCACGTGCCN_1_4	250	-3.62162145826257	14.4264373263975	-0.251041	1
HES5_HT-SELEX_TGGCTA40NTCC_KO_GGCACGTGYY_1_2	92	-3.25171016105836	11.9237654561013	-0.272708	1
HES5_TEAD4_TCTACG40NCTC_YJII_NCACGYGNNNNNNCATTCCN_1_3	4587520	-1.68111294612558	16.9309432775404	-0.0992923	1
HES6_HT-SELEX_TAAGGA40NCCG_KAE_GGCACGTGTN_1_3	112	-4.39354349300078	12.3303759755824	-0.356319	1
HES7_ETV5_TCTCTA40NCGAT_YJII_NGGCACGYGNCCGGAASYN_2_3	22016	4.62280876191112	20.0107538379902	0.231016	1
HES7_HT-SELEX_AATTC14N_U_NGGCACGTGCCN_1_4	250	1.45508392645338	14.9842721370831	0.0971074	1
HES7_HT-SELEX_TGAAGC40NCTA_KO_GGCACGTGYN_1_3	187	-4.91912295903132	10.1659005748034	-0.483885	1
HESX1_HT-SELEX_TCGCTA40NTCG_KW_CTAATTAN_1_2	73	-4.59411594974512	8.47009696133526	-0.542392	1
HESX1_HT-SELEX_TCTTCT20NCTG_Z_NNTAATTRNN_1_3	6160	-9.65962605815136	9.40985595893829	-1.02654	1
HESX1_HT-SELEX_TCTTCT20NCTG_Z_NTAATTRGYAATTAN_2_3	2176	6.16528033418956	17.0861260866266	0.360835	1
HEY1_HT-SELEX_TGAAAC20NGA_Y_NNCACGTGNN_1_3	2440	-10.5624342002174	11.0627275874522	-0.954777	1
HEY1_HT-SELEX_TTGACT40NAGT_KQ_NGCACGTGYN_1_4	532	1.33778916091649	10.2278144877165	0.130799	1
HEY1_HT-SELEX_TTGCTT40NCCA_KX_NGCACGTGYN_1_3	532	1.39236885348976	9.72637087482204	0.143154	1
HEY2_HT-SELEX_TCGAGG40NGTT_KR_NGCACGTGYN_1_4	532	0.856607537246595	9.61278462705507	0.0891113	1
HEY2_HT-SELEX_TCGATC20NGA_Y_NNCACGTGCC_1_4	370	-3.30321606421211	10.9860914525083	-0.300673	1
HEY2_HT-SELEX_TCTCAA20NGA_AF_GNCACGTGYN_1_4	655	-5.11278103674308	10.9620885932046	-0.466406	1
HEY2_HT-SELEX_TGCCAA40NTAG_KX_NGCACGTGYN_1_4	532	1.06450528422287	10.0081883218504	0.106363	1
HIC1_HT-SELEX_TAGAGA40NCGC_KS_NRTGCCAMCN_1_3	1344	-7.33406505115386	9.75774356862176	-0.751615	1
Hic1_HT-SELEX_TCATCA20NCTA_Z_RTGCCANCYNRTGCCMNC_2_4	38912	-2.76226337574255	19.783307023518	-0.139626	1
Hic1_HT-SELEX_TCATCA20NCTA_Z_RTGCCMNCN_1_4	1152	-10.8993093516337	9.60868843118147	-1.13432	1
HIC2_HT-SELEX_TGAGCA20NGA_AC_RTGCCMNNN_1_4	3840	-10.7691488533522	8.52172089459457	-1.26373	1
HINFP1_HT-SELEX_TCAAGG20NGAA_W_CAACGTCCGCNN_2_3	496	-1.71137808263032	12.3843841055282	-0.138188	1
HINFP1_HT-SELEX_TCAAGG20NGAA_W_GCGGACSNNNNNNSGTCCGC_2_4	319552	-15.7444380680457	24.2789578227167	-0.648481	1
HINFP1_HT-SELEX_TCAAGG20NGAA_W_GCGGACSNNSNNSGTCCGC_2_4	40960	-4.71831559659059	22.6234020390299	-0.208559	1
HLF_HT-SELEX_TAGCCT20NCG_AD_NRTTACGTAAYN_1_3	868	-3.96823071062058	11.1686970420048	-0.355299	1
Hlf_HT-SELEX_TCAATT20NTA_P_NRTTACGTAAYN_1_3	868	-1.77294930701388	12.9103088652131	-0.137328	1
HLF_HT-SELEX_TGGAGT40NTGG_KX_NRTTRYGYAAYN_1_4	7696	-9.23168702897638	11.247417056989	-0.820783	1
HMBOX1_HT-SELEX_TCCTGG20NCG_Z_NYTAGTTAMN_1_4	1332	-7.07024543897181	9.81950029693649	-0.720021	1
HMBOX1_HT-SELEX_TTAGCT40NCCT_KT_NCTAGTTAN_1_4	352	-9.37728813380843	9.46119674796324	-0.991131	1
HMX1_ELF1_TTTACT40NACA_YADIIII_MGGAAGYAATTAN_1_3	528	0.146230985452145	12.6481453384907	0.0115615	1
HMX1_HT-SELEX_TCCTCA40NAAC_KO_NCAMTTAAN_1_4	640	-8.37011387543551	8.67157213482986	-0.965236	1
HMX1_HT-SELEX_TCGCCA20NCCT_Z_NNCAMTTAANN_1_4	10240	-7.95049728818236	10.1826351894069	-0.78079	1
HMX2_HT-SELEX_TAGTGG20NCG_Y_NNCAMTTAANN_1_4	10240	-8.34507303275035	9.8406749835147	-0.848018	1
HMX2_HT-SELEX_TCGGGT40NAAG_KZ_NCCAMTTAAN_1_3	736	-7.97102012818192	10.288753703985	-0.774731	1
HMX2_HT-SELEX_TTAGCT40NCCT_KO_NCAMTTAAN_1_4	640	-9.77129468243946	8.40096817233012	-1.16312	1
HMX3_HT-SELEX_TGCACT30NCAC_AI_NNCAMTTAANN_1_3	10240	-10.0181388944863	8.97992386361939	-1.11562	1
HMX3_RUNX2_TACTGG40NGGA_YII_NRACCGCAATTAMN_1_3	2112	2.78756738725273	13.6181764878117	0.204695	1
HNF1A_HT-SELEX_TGAGCA20NCGA_W_NRTTAATNATTAACN_1_2	3264	4.83598181491094	15.3443373956116	0.315164	1
HNF1B_HT-SELEX_TCGACT20NCAT_W_GTTAATNATTAAY_1_2	204	3.80484787389605	14.9240951206813	0.254947	1
HNF1B_HT-SELEX_TCGACT20NCAT_W_NRTTAATNATTAACN_1_2	3264	4.58313426460522	15.4893797535542	0.295889	1
HNF4A_HT-SELEX_TACCTT40NCGA_KO_NRGGTCAAAGGTCAN_1_3	1216	1.32164493586438	17.686993254974	0.0747241	1
HNF4A_HT-SELEX_TACCTT40NCGA_KO_NRGGTCAAAGTCCRN_1_3	2304	-0.0730972042392899	17.4220696117997	-0.00419567	1
HNF4A_HT-SELEX_TACCTT40NCGA_KO_NRGTCCAAAGGTCRN_1_3	2304	1.03683837904357	17.361259029256	0.0597214	1
HNF4A_HT-SELEX_TACCTT40NCGA_KO_NRGTCCAAAGTCCRN_1_3	2304	-0.116604521253723	17.5917415808798	-0.00662837	1
Hnf4a_HT-SELEX_TCCACG20NCG_Z_RRGGTCAAAGTCCRNN_1_4	4736	-1.00685235198958	18.5983316392923	-0.0541367	1
HNF4A_HT-SELEX_TCCGTG40NTGC_AI_NRGTCCAAAGTCCANY_1_3	2496	6.57368422894232	17.4846802705799	0.375968	1
HNF4A_HT-SELEX_TCCGTG40NTGC_AI_RRGGTCAAAGGTCA_1_3	156	6.52207343372549	17.4999711940986	0.372691	1
HNF4A_HT-SELEX_TCCGTG40NTGC_AI_RRGGTCAAAGTCCRNN_1_3	4736	6.07457166074774	17.6997855650891	0.3432	1
HNF4A_HT-SELEX_TCCGTG40NTGC_AI_RRGTCCAAAGGTCAA_1_3	168	2.54402650687414	17.2520821255458	0.147462	1
HNF4A_HT-SELEX_TGACAG20NGA_AF_NRGTCCAAAGTCCANY_1_4	2496	-0.091973792073977	18.0683546422815	-0.00509032	1
HNF4A_HT-SELEX_TGACAG20NGA_AF_RRGGTCAAAGTCCRNN_1_4	4736	-11.4243864730429	17.9687898521832	-0.635791	1
HOMEZ_HT-SELEX_TCGATC20NTAT_Y_NAAACGATNNAN_1_4	6400	-9.99260949477857	13.2879981117661	-0.752003	1
HOXA1_HT-SELEX_TGACAA40NACT_KX_NTAATTAN_1_4	154	-8.64138783622879	7.95297064419823	-1.08656	1
HOXA1_HT-SELEX_TGGAAT20NAAT_AF_NNYAATTANN_1_3	6160	-10.0318004897679	8.33353606423248	-1.20379	1
HOXA10_ETV1_TTTCTA40NCCAG_YRIIII_NTTTACGACCGGAWRN_1_3	2496	1.627186890315	14.8406813005712	0.109644	1
HOXA10_FLI1_TTTCTA40NCCAG_YYIII_NCCGGAARYNNNTTTAYKN_1_3	573440	-4.3528610415375	16.6506603952608	-0.261423	1
HOXA10_FLI1_TTTCTA40NCCAG_YYIII_NCGGAARYMRTAAAN_1_3	8192	2.9596892499528	15.5539131238305	0.190286	1
HOXA10_GABPA_TGCGGT40NTCA_YYIIII_NCGGAARYMRTAAAN_1_3	8192	-1.81613343585862	14.3660826393902	-0.126418	1
HOXA10_HT-SELEX_TAGGAT30NAGT_AI_NGTCGTWAAANN_1_4	3328	-6.22840715988523	10.8152327270333	-0.575892	1
HOXA10_HT-SELEX_TAGGAT30NAGT_AI_NGYAATWAAAN_1_4	1536	-7.50675762002491	10.2145876232449	-0.734906	1
HOXA10_HT-SELEX_TGGCCT40NTAT_KZ_NGTCGTAAAAN_1_4	448	-4.54825731898548	10.3785970964452	-0.438234	1
HOXA10_HT-SELEX_TGGCCT40NTAT_KZ_NGYAATAAAAN_1_4	832	-5.14038822411297	10.2746490926298	-0.500298	1
HOXA10_HT-SELEX_TGTCGA40NGCA_KR_NGTCGTAAAAN_1_4	448	-5.46642513065927	12.3850186047973	-0.441374	1
HOXA10_HT-SELEX_TGTCGA40NGCA_KR_NGYAATAAAAN_1_4	832	-5.73548091086233	12.3507156958356	-0.464384	1
HOXA10_ONECUT1_TGCGGT40NTCA_YJII_NYMRTAAAWATYGAYY_1_3	16384	4.13009403447229	16.1054377142845	0.256441	1
HOXA10_PAX2_TTTCTA40NCCAG_YZII_GTCACGSNYMATTAANYN_2_3	38912	5.30610732031662	16.3499060576829	0.324534	1
HOXA10_PAX5_TTTCTA40NCCAG_YXII_NYGTYACGSNYMATTAANYN_2_3	606208	3.58566500179677	14.5819519256406	0.245897	1
HOXA10_SOX11_TTTCTA40NCCAG_YUIII_NAACAATAAAAMN_1_3	1024	-2.88070104243161	11.3525305208225	-0.25375	1
HOXA10_SOX11_TTTCTA40NCCAG_YUIII_NACAAWRNNYMRTAAAN_1_3	245760	-1.48677494191229	17.2264546165864	-0.0863077	1
HOXA10_TBX20_TTTCTA40NCCAG_YWIIII_NTTTAYKANGTGTNRN_1_3	63488	1.43665787507047	13.5926118138942	0.105694	1
HOXA10_TBX21_TGCGGT40NTCA_YYI_NTTTAYKAGGTGTGAN_2_3	2496	-1.40083156170481	14.9999526312455	-0.0933891	1
HOXA10_TBX4_TGCGGT40NTCA_YWII_NAGGTGTNANRTCGTAAAN_2_3	22528	7.08991489007592	17.8011878224516	0.398283	1
HOXA10_TBX4_TGCGGT40NTCA_YWII_NTTTAYKAGGTGNNRN_1_3	63488	2.43888422322284	14.82402210191	0.164522	1
HOXA10_TBX4_TGCGGT40NTCA_YWII_NYMRTWAAAAAGGTGTNRN_2_3	79872	6.20335530639005	16.3710526371844	0.378922	1
HOXA10_TBX6_TGCGGT40NTCA_YAAII_NYNRTWAAAWNGGTGTNRN_1_3	1081344	-3.92921202521173	15.4280101342137	-0.25468	1
HOXA10_TGIF2LX_TGCGGT40NTCA_YVII_NYMRTAAANNYGTCAN_1_3	118784	-0.451845451382521	15.2360888697925	-0.0296563	1
Hoxa11_HT-SELEX_TCCCCT20NCG_Z_NGTCGTWAAANN_1_4	3328	-4.12360642614903	11.7695121541736	-0.350363	1
Hoxa11_HT-SELEX_TCCCCT20NCG_Z_NGYAATWAAAN_1_4	1536	-4.74252916444102	9.19274465205354	-0.515899	1
HOXA11_HT-SELEX_TGAACT40NAAG_KS_NRTCGTAAAAN_1_3	832	-5.80575356873107	12.3134654847237	-0.471496	1
HOXA11_HT-SELEX_TGAACT40NAAG_KS_RGYAATAAAAN_1_3	432	-3.55080800877444	9.95861596870993	-0.356556	1
HOXA13_HT-SELEX_TACTGA40NACC_KP_NCCAATAAAAM_1_3	232	-4.45367596653848	12.7212968509049	-0.350096	1
HOXA13_HT-SELEX_TACTGA40NACC_KP_NCTCGTAAAAN_1_3	448	-4.61600486266889	12.4584379672046	-0.370512	1
HOXA13_HT-SELEX_TGTGGA20NGGG_AE_CCAATAAAAN_1_4	112	-2.03596242911748	10.9737126076644	-0.185531	1
HOXA13_HT-SELEX_TGTGGA20NGGG_AE_NCTCGTAAAAN_1_4	448	-1.58904643355694	12.5104800590268	-0.127017	1
HOXA13_HT-SELEX_TTCTCT20NTA_AF_CCAATAAAAN_1_3	112	-3.31936481748457	10.4039903164847	-0.319047	1
HOXA13_HT-SELEX_TTCTCT20NTA_AF_NCTCGTAAAAN_1_3	448	-2.96719257379712	11.7113811710007	-0.25336	1
HOXA13_HT-SELEX_TTGGGC40NGGC_KW_NCCAATAAAAN_1_2	448	-3.2877690999672	11.4745414028405	-0.286527	1
HOXA13_HT-SELEX_TTGGGC40NGGC_KW_NCTCGTAAAAN_1_2	448	-4.44310042207776	12.2002335154748	-0.364182	1
Hoxa2_HT-SELEX_TACCGT20NCG_Z_NNYMATTANN_1_3	12440	-12.2670153719662	8.43836027432901	-1.45372	1
HOXA2_HT-SELEX_TAGTCT40NGCA_KN_NYAATTAN_1_2	388	-10.0569072869481	8.24550390022772	-1.21968	1
HOXA2_HT-SELEX_TCGGCT40NTAA_KZ_NTMATTAN_1_2	388	-11.4051496218998	8.76614062431796	-1.30105	1
HOXA2_HT-SELEX_TTATTA20NTA_AF_NNYMATTANN_1_3	12440	-11.3662986157052	8.31680881085639	-1.36667	1
HOXA2_ONECUT1_TCGTGC40NACC_YJII_ATCGATNNNTAATTA_1_3	2368	5.42819322048454	13.4409939213445	0.403854	1
HOXA2_TBX20_TCACCC40NTGC_YWIIII_NANGTGTTAATTRN_1_3	4096	4.65956363939226	13.8506404414048	0.336415	1
HOXA2_TBX21_TCGTGC40NACC_YYI_NAGGTGNTAATKAGGTGTNAN_1_3	25600	-1.8427811997986	21.4585248918149	-0.0858764	1
HOXA2_TBX21_TCGTGC40NACC_YYI_NTAATKAGGTGTNAN_1_3	4480	0.0432506892061899	16.5916579491759	0.00260677	1
HOXA2_TBX4_TCGTGC40NACC_YWII_NTAATKAGGTGTNAN_1_3	4480	-4.10597866002044	15.5932670187009	-0.263317	1
HOXA3_EOMES_CAP-SELEX_TGCACG40NTTG_AY_TAATKAGGTGNKA_1_2	528	4.42266458301958	12.8376998867897	0.344506	1
HOXA3_PAX5_CAP-SELEX_TCTGTC40NCAA_AY_YNATTAGTCACGCWTSRNTR_2_3u	23040	3.94341863115729	20.9668110828339	0.188079	1
HOXA4_CREM_TAGACT40NGTG_YLIII_ACGTCATTAA_1_3	31	3.13801221572839	8.35046468000301	0.375789	1
HOXA4_HT-SELEX_TCTAGG40NCTG_KO_RTMATTAN_1_3	241	-7.51196502701436	7.84951846649083	-0.956997	1
HOXA4_TBX20_TGCCCT40NTCG_YWIIII_NGTGTTAATGTGTN_2_3	592	5.76759101463768	11.6651418671703	0.49443	1
HOXA4_TBX21_TAGACT40NGTG_YYI_NAGGTGTTAATTRN_1_3	1120	4.54212187927972	11.4757688313758	0.395801	1
HOXA4_TBX4_TAGACT40NGTG_YWII_NTAATKAGGTGNNRN_1_3	30720	3.83974164060416	11.5803212993724	0.331575	1
HOXA5_HT-SELEX_TCAGTA40NACC_KAE_NYAATTAN_1_4	388	-8.5300686799068	7.84574074101166	-1.08722	1
HOXA5_HT-SELEX_TTAGTA40NCTC_KV_NYAATTAN_1_4	388	-11.8784632493138	8.6583752560335	-1.3719	1
HOXA6_ATF7_TCTGAT40NCTA_YJI_NTGACGTAATKRN_1_3	1920	2.69844829493352	9.94900522726417	0.271228	1
HOXA6_FLI1_TCTGAT40NCTA_YYIII_NCCGGAAGTAATTAN_1_3	640	0.48850813149783	13.7204826013327	0.0356043	1
HOXA6_HT-SELEX_TCGTCA40NCTA_KP_NGYAATTANN_1_3	2242	-4.47328897679212	8.48036889134276	-0.527488	1
HOXA6_TBX20_TCTGAT40NCTA_YWIIII_NANGTGNTAATKRN_1_3	27648	2.38565658447674	9.55023068331704	0.249801	1
HOXA6_TBX21_TGAAAT40NCAA_YYI_NAGGTGTTAATTAN_1_3	592	-1.61837634143084	12.624657238969	-0.128192	1
HOXA6_TBX21_TGAAAT40NCAA_YYI_NTAATKAGGTGTNAWN_1_3	9216	-2.52263192243025	15.3884216426781	-0.163931	1
HOXA6_TBX4_TGAAAT40NCAA_YWII_NAGGTGTTAATTRN_1_3	1120	4.71007027973971	12.4022496446642	0.379775	1
HOXA6_TBX4_TGAAAT40NCAA_YWII_NTAATKAGGTGTNRN_1_3	8448	3.85099301349505	13.4738439354519	0.285812	1
HOXA7_HT-SELEX_TGGCTA40NTCC_KR_NYAATTAN_1_4	388	-8.75095028820325	8.05156891662508	-1.08686	1
HOXA9_FLI1_TACGAC40NGCTA_YYIII_NCCGGAAGTAATTAN_1_3	640	0.477178569961229	13.7261595047346	0.0347642	1
HOXA9_HT-SELEX_TTCTAC40NCGA_KAE_GYAATAAANN_1_4	736	-7.4118007827788	6.89236044525193	-1.07536	1
HOXA9_HT-SELEX_TTCTAC40NCGA_KAE_RTCGTAAANN_1_4	736	-6.32159601374351	8.22528588659128	-0.768556	1
HOXA9_TEAD4_TACGAC40NGCTA_YJII_GAATGNNAATTA_1_3	496	1.47577874102465	9.75363401118806	0.151306	1
HOXB1_HT-SELEX_TAAAGT40NAGC_KO_STAATTAN_1_3	118	-6.41765503873174	8.4675034260815	-0.757916	1
HOXB13_ELK1_CAP-SELEX_TTGCCA40NGTG_AAD_RSMGGAARTNNTAAAN_1_2	32768	-12.2657443179554	16.2894542186901	-0.752987	1
HOXB13_EOMES_CAP-SELEX_TCGTTT40NGTC_AAD_ANGTGTSNNATAAAN_1_2b0	16384	1.68938398986203	12.2268798948243	0.13817	1
HOXB13_EOMES_CAP-SELEX_TCGTTT40NGTC_AAD_NNMRTAAANTMACACNN_1_2b0	253952	0.841581344354813	13.6591860532143	0.0616128	1
HOXB13_ETV1_CAP-SELEX_TCTACT40NACA_AAD_RSCGGAARYNNTAAAN_1_2	32768	-4.9731761028572	16.3405769122379	-0.304345	1
HOXB13_ETV1_TCCCGC40NCGTA_YRIIII_NMGGAWRYMRTAAAN_1_3	28672	2.28517316893094	12.3978900561092	0.18432	1
HOXB13_ETV5_TCCCGC40NCGTA_YKII_NMGGAWGYMRTAAAN_1_3	15360	-4.44467423134942	13.4737163950319	-0.329877	1
HOXB13_FLI1_TCCCGC40NCGTA_YYIII_NCGGAWRTMRTAAAN_1_3	8192	2.86392292783123	13.5711640748305	0.21103	1
HOXB13_HT-SELEX_TCACTT40NTTG_KN_NCCAATAAAAN_1_4	448	-4.66662763547723	12.630091215236	-0.369485	1
HOXB13_HT-SELEX_TCACTT40NTTG_KN_NCTCGTAAAAN_1_4	448	-4.96837487875772	12.5219544970227	-0.396773	1
HOXB13_HT-SELEX_TGCCTG20NGA_Y_CCAATAAAAN_1_3	112	-4.26810179328498	11.3180817638688	-0.377105	1
HOXB13_HT-SELEX_TGCCTG20NGA_Y_NCTCGTAAAAN_1_3	448	-4.38400022018586	12.0196290386774	-0.364737	1
HOXB13_MEF2C_TCCCGC40NCGTA_YAFIII_CYWWATTAGGAAAC_1_3	296	1.26901348348976	13.2562086040411	0.0957297	1
HOXB13_MEIS3_TGCGAT40NGAT_YRIIII_MATAAANNTGTCA_1_3	1024	3.89321216736933	9.32847811033953	0.417347	1
HOXB13_ONECUT1_TGCGAT40NGAT_YJII_NNNRTAAAWATYGAYY_1_3	61440	3.19994295147396	13.3524480797472	0.239652	1
HOXB13_ONECUT2_CAP-SELEX_TGTTTC40NTTA_AAD_NNNRTAAAWATYGAYY_1_2	61440	-3.46616562365432	13.8217523425347	-0.250776	1
HOXB13_SOX11_TCCCGC40NCGTA_YUIII_NAACAATAAAAN_1_3	496	-4.86407126523594	9.05226258364907	-0.537332	1
HOXB13_SOX11_TCCCGC40NCGTA_YUIII_NACAAWRNNYMRTAAAN_1_3	245760	3.07769649309294	14.8550839217313	0.207181	1
HOXB13_TBX21_CAP-SELEX_TTCATC40NCTT_AAD_ARGTGNNANNNMWTAAAN_1_3	1015808	-10.5228660205513	18.8000780194574	-0.559725	1
HOXB13_TBX21_CAP-SELEX_TTCATC40NCTT_AAD_ARGTGNNNNNNATAAA_1_3	237568	-20.0123666940634	16.6777039396332	-1.19995	1
HOXB13_TBX21_CAP-SELEX_TTCATC40NCTT_AAD_ARGTGTKANTTTATNN_1_3b0	9216	-4.21816041630466	14.5862889048077	-0.289187	1
HOXB13_TBX21_TGCGAT40NGAT_YYI_NTNACACCNNATAAAN_1_3	34816	-3.80277269179162	15.2337555187375	-0.249628	1
HOXB13_TBX3_CAP-SELEX_TGGCCA40NTTC_AAD_NNNRTAAANNTNACACYN_1_2	1966080	-9.23540905361534	15.7570275847234	-0.586114	1
HOXB13_TBX3_CAP-SELEX_TGGCCA40NTTC_AAD_NNNRTAAATCACACNN_1_2	65536	-6.15844965911231	16.0032915388924	-0.384824	1
HOXB13_TBX4_TGCGAT40NGAT_YWII_NTTTAYGABGTGNNRN_1_3	93184	2.1722428875619	14.3676951200202	0.151189	1
HOXB13_TEAD4_TCCCGC40NCGTA_YJII_NRGWATKYNCGTAAAWN_1_3	67584	1.50698630706051	13.4550361027437	0.112002	1
HOXB13_TGIF2LX_TGCGAT40NGAT_YVII_NYMRTAAANNTGTCAN_1_3	63488	1.89014017969007	15.8320316218667	0.119387	1
HOXB2_ELF1_CAP-SELEX_TTTAGG40NTCT_AY_SMGGAAGTMRTTA_1_3	512	-1.08323207512295	13.1012143300755	-0.0826818	1
HOXB2_ELF1_CAP-SELEX_TTTAGG40NTCT_AY_TAATKRNNNNGGAAGTN_1_3	135168	-8.18728104680993	15.4496312837023	-0.529934	1
HOXB2_ELF1_CAP-SELEX_TTTAGG40NTCT_AY_TAATKRNNNNNGGAAGTN_1_2	540672	-5.16516666364538	14.4491838633581	-0.357471	1
HOXB2_ELK1_CAP-SELEX_TATGCT40NACT_AY_RSCGGAAGTMRTTA_1_3	560	0.517956117769073	15.9061748545785	0.0325632	1
HOXB2_ELK1_CAP-SELEX_TATGCT40NACT_AY_TAATKRCCGGAAGNN_1_3	2304	-9.6770329163529	16.8399180552019	-0.574648	1
HOXB2_ELK3_CAP-SELEX_TGCAGT40NAAG_AY_RSCGGAAGTMRTTA_1_3	560	-0.22614240530881	16.0274248572957	-0.0141097	1
HOXB2_ELK3_CAP-SELEX_TGCAGT40NAAG_AY_TAATGNNNNNCGGAAGTN_1_3	151552	-2.45746549684128	16.7627849666437	-0.146602	1
HOXB2_EOMES_CAP-SELEX_TCAGCA40NCTC_AY_RGGTGTTAATKN_1_2	480	-3.58890023647311	10.9624810939297	-0.32738	1
HOXB2_EOMES_CAP-SELEX_TCAGCA40NCTC_AY_TAATKRGGTGYKA_1_3	512	-1.72024287553323	12.0470085279373	-0.142794	1
HOXB2_ESRRB_CAP-SELEX_TCCTCG40NCAG_AY_TAATKNNNNNNNNAAGGTCA_1_3	4587520	-4.62854518204743	19.3502373922653	-0.239198	1
HOXB2_ESRRB_CAP-SELEX_TCCTCG40NCAG_AY_TAATKRNNNNNNAAGGTCA_1_3	589824	-11.15840113101	18.6834357095062	-0.597235	1
HOXB2_ETV1_CAP-SELEX_TGTATA40NGGT_AY_ACCGGAAATGA_2_2	34	-2.18534008648659	13.3405031228157	-0.163812	1
HOXB2_ETV4_CAP-SELEX_TCCGGG40NCTC_AY_ACCGGAAATGAN_2_2	136	-2.64018938085524	13.5566686740497	-0.194752	1
HOXB2_ETV7_CAP-SELEX_TGAGGT40NTCC_AY_NSCGGAARNNNNNMATTAN_1_3	4063232	-17.344685516833	17.5007966216997	-0.99108	1
HOXB2_HOXB13_CAP-SELEX_TGTGCA40NCCG_AY_NNATCATNGTAAA_1_3	1984	-15.3307262657013	14.8422993792294	-1.03291	1
HOXB2_HOXB13_CAP-SELEX_TGTGCA40NCCG_AY_NNCGTAAAATTA_1_3	496	-5.5550694662735	12.7643330641817	-0.435202	1
HOXB2_HOXB13_CAP-SELEX_TGTGCA40NCCG_AY_NNMATCACATAAAN_1_3	4096	-4.09571868651936	14.3794823970868	-0.284831	1
HOXB2_HT-SELEX_TAACAA20NACA_Y_NNYMATTANN_1_2	12440	-8.79411467242921	7.76782821967093	-1.13212	1
HOXB2_HT-SELEX_TCTGCT40NTGT_KP_NYAATTAN_1_2	388	-9.85586383002838	8.20017047288373	-1.20191	1
HOXB2_PAX1_CAP-SELEX_TGAACT40NAAG_AY_NNGTCACGNNTCATTNN_1_3	139264	-28.0240600299993	18.1191564214552	-1.54665	1
HOXB2_PAX1_CAP-SELEX_TGAACT40NAAG_AY_NNMATTAGTCACGCWTSRNTG_2_3	48128	4.33975279548369	20.8713870034067	0.207928	1
HOXB2_PAX5_CAP-SELEX_TGGTAT40NTGA_AY_NNGTCACGCNNCATTAN_1_2	37888	-8.825577034504	16.4891411126926	-0.535236	1
HOXB2_PAX5_CAP-SELEX_TGGTAT40NTGA_AY_NNMATTAGTCACGCWTSRNTG_2_3	48128	2.20336395994469	20.5232108922025	0.10736	1
HOXB2_PAX9_CAP-SELEX_TTAAAT40NAAT_AY_NNMATTAGTCACGCWTSRNTG_2_3	48128	3.90361902109297	21.1759409101206	0.184342	1
HOXB2_PAX9_CAP-SELEX_TTAAAT40NAAT_AY_SGTCACGCNTCATTNN_1_3	4864	-18.3684685177997	17.5799945085077	-1.04485	1
HOXB2_PITX1_CAP-SELEX_TGGCCT40NTAT_AY_TAATKANNGGATTA_1_3	1120	-0.418052070044801	14.420626163268	-0.0289899	1
HOXB2_PITX1_CAP-SELEX_TGGCCT40NTAT_AY_TAATKRNGGATTA_1_3	528	0.768735901149652	13.2963301462878	0.0578156	1
HOXB2_PITX1_CAP-SELEX_TGGCCT40NTAT_AY_TAATKRNNNNGGATTA_1_3	33792	-1.58462939331769	13.4909596631929	-0.117459	1
HOXB2_PITX1_CAP-SELEX_TGGCCT40NTAT_AY_TAATKRNRNGGATTA_1_3	4352	1.08232505573352	14.3382528189093	0.0754851	1
HOXB2_RFX5_CAP-SELEX_TGCTCT40NTTA_AY_TAATKRNNNNGCAAC_1_2	30720	-0.418034250892534	15.1480022986399	-0.0275967	1
HOXB2_RFX5_CAP-SELEX_TGCTCT40NTTA_AY_TAATKRNNNNNGCAAC_1_2	122880	-6.71213896289844	15.5171955740154	-0.432561	1
HOXB2_SOX15_CAP-SELEX_TTCGCC40NGAC_AY_ACAAWRSNNNNNYMATTA_1_2	983040	-4.88828834524649	14.4258790754272	-0.338855	1
HOXB2_SOX15_CAP-SELEX_TTCGCC40NGAC_AY_ACAAWRSNNNNYMATTA_1_2	245760	-2.84571153551528	14.1652704888667	-0.200894	1
HOXB2_SOX15_CAP-SELEX_TTCGCC40NGAC_AY_ACAAWRSNNNYMATTA_1_2	61440	-4.0887988903194	14.3627788571291	-0.28468	1
HOXB2_SOX15_CAP-SELEX_TTCGCC40NGAC_AY_NYMATTANNNNNACAATR_1_2	1015808	-5.92256725081553	13.5721748324364	-0.436376	1
HOXB2_SOX15_CAP-SELEX_TTCGCC40NGAC_AY_NYMATTANNNNNNACAATR_1_2	4063232	-7.60794858681145	13.8135845062839	-0.550758	1
HOXB2_SPDEF_CAP-SELEX_TTGCAA40NGTG_AY_ANCCGGATNNNNNNMATTA_1_3	1146880	-19.4425685675947	19.5774681851968	-0.993109	1
HOXB2_TBX21_CAP-SELEX_TGTAGC40NCCT_AY_NAGGTGNTAATKR_1_2	1920	2.67185989940579	13.0488722488601	0.204758	1
HOXB2_TBX21_CAP-SELEX_TGTAGC40NCCT_AY_NGGTGTGNNNNNTMATTWGCRN_2_3	5242880	-4.52875930434283	18.3301039998682	-0.247067	1
HOXB2_TBX21_CAP-SELEX_TGTAGC40NCCT_AY_TAATKRGGTGYKA_1_3	512	2.51776703271682	12.1266685678099	0.207622	1
HOXB2_TBX3_CAP-SELEX_TGGCTA40NTCC_AY_AGGTGTTAATKN_1_2	256	-1.61596945158737	13.0176222992186	-0.124137	1
HOXB2_TCF3_CAP-SELEX_TGAAGC40NCTA_AY_NCACCTGNNNNNMATTA_1_3	262144	-6.23442874051396	15.783788742688	-0.394989	1
HOXB2_TCF3_CAP-SELEX_TGAAGC40NCTA_AY_NCAGGTGNNNNNMATTA_1_3	262144	-5.84570091949007	14.920318059315	-0.391795	1
HOXB3_HT-SELEX_TACATT20NTAC_Y_NNYMATTANN_1_3	12440	-11.1197825093695	7.96500607152697	-1.39608	1
HOXB4_HT-SELEX_TCTGCA40NATA_KV_RTMATTAR_1_3	150	-7.15999506079697	8.48184720335347	-0.844155	1
HOXB5_HT-SELEX_TCGGAC40NCCA_KO_NYAATTAN_1_3	388	-9.71748434551087	7.580922600532	-1.28183	1
HOXB5_HT-SELEX_TCTGAG40NCAG_KAE_NTAATTAN_1_4	154	-8.69492585924761	8.36292876905846	-1.0397	1
HOXB5_HT-SELEX_TCTTGA20NGTG_Z_NNYMATTANN_1_3	12440	-8.37902673339667	7.30848236273517	-1.14648	1
HOXB5_TBX20_TAAGGC40NTGA_YWIIII_NRNGTGTTAATGTGTNRN_2_3	39936	5.10032577115932	15.4347559707469	0.330444	1
HOXB5_TBX21_TAGCAC40NTTG_YYI_NAGGTGTTAATTRN_1_3	1120	-3.24667885503024	14.167808695366	-0.229159	1
HOXB5_TBX21_TAGCAC40NTTG_YYI_NAGGTGTTRATKRGGTGNNRN_2_3	180224	5.21280770184627	21.7971737546984	0.239151	1
HOXB5_TBX21_TAGCAC40NTTG_YYI_NTAATKAGGTGTNRN_1_3	8448	1.23740311056206	15.4692835247964	0.079991	1
HOXB5_TBX4_TAGCAC40NTTG_YWII_NTAATKAGGTGNNRN_1_3	30720	2.92969954926724	13.0802109246612	0.22398	1
HOXB7_FLI1_TCTTAA40NGCA_YYIII_NCCGGAAGTAATTAN_1_3	640	1.24909131916544	13.1038252575017	0.0953226	1
HOXB7_HT-SELEX_TAAGGC40NTGA_KT_NYAATTAN_1_3	388	-8.8049829914375	8.29533664824979	-1.06144	1
HOXB7_HT-SELEX_TTATTT40NCGT_KV_NGTAATTANN_1_4u	1144	-6.53933509541897	10.2232360832271	-0.639654	1
HOXB7_ONECUT1_TATTCT40NCTC_YJII_NTAATTRNNNATCGATYN_1_3	147456	4.33382232694294	13.4221789522528	0.322885	1
HOXB7_TBX20_TCTTAA40NGCA_YWIIII_NGGTGTTAATGTGTN_2_3	640	5.26452872316464	11.8171268045845	0.4455	1
HOXB7_TBX21_TATTCT40NCTC_YYI_NTAATKAGGTGTNAN_1_3	4480	4.03113997166822	13.42584607839	0.300252	1
HOXB7_TBX4_TATTCT40NCTC_YWII_NAGGTGTTAATKRN_1_3	2112	4.45846627940251	10.9183242267196	0.408347	1
HOXB7_TBX4_TATTCT40NCTC_YWII_NTAATKAGGTGTNRN_1_3	8448	4.46433979805507	11.4150635244618	0.391092	1
HOXB7_TEAD4_TCTTAA40NGCA_YJII_NYAATTRNCATWCYN_1_3	29696	2.28450217577241	10.8954248314033	0.209675	1
HOXB8_HT-SELEX_TAAAGT40NAGC_KP_NYAATTAN_1_3	388	-8.81214332449603	8.34789625258901	-1.05561	1
HOXB9_HT-SELEX_TTCGTT40NGCC_KT_GTCGTAAAAN_1_4	112	-3.0155025960749	11.4896593178104	-0.262454	1
HOXB9_HT-SELEX_TTCGTT40NGCC_KT_GYAATAAAAN_1_3	208	-3.86349328271508	10.4284637469704	-0.370476	1
HOXC10_ELF2_TGTATG40NCGG_YSIII_NMGGAAGYMRTWAAN_1_3	15360	-1.6630425204537	13.5196180111547	-0.12301	1
HOXC10_EOMES_CAP-SELEX_TCTTCG40NGAT_AZ_TMACACYYMRTWAA_1_2	1984	-2.8566258869513	14.1945038155617	-0.201249	1
HOXC10_FLI1_TTGTTC40NTCTA_YYIII_NRMCGGAWRTMRTAAAN_1_3	34816	-2.593321641222	14.934570247546	-0.173646	1
HOXC10_GABPA_TGTATG40NCGG_YYIIII_NCGGAARYMRTAAAN_1_3	8192	-1.3161814326043	12.8963537090826	-0.102058	1
HOXC10_HT-SELEX_TACTAA40NATT_KR_NGYAATAAAAN_1_4	832	-4.12940116987138	10.9426629000346	-0.377367	1
HOXC10_HT-SELEX_TACTAA40NATT_KR_NRTCGTAAAAN_1_4	832	-4.96502691830388	11.3842793739315	-0.43613	1
Hoxc10_HT-SELEX_TATAGA20NGAG_Z_GTCGTWAAAN_1_4	208	-4.68353382260655	10.9848815836803	-0.426362	1
Hoxc10_HT-SELEX_TATAGA20NGAG_Z_GYAATWAAAN_1_4	384	-5.97571586089137	10.8560110268623	-0.550452	1
HOXC10_HT-SELEX_TGGACA20NGA_Y_CCCATWAAAN_1_3	208	-6.42167398847713	9.6392243701202	-0.666202	1
HOXC10_HT-SELEX_TGGACA20NGA_Y_GTAATWAAAN_1_3	208	-6.19927804302234	9.58842581420194	-0.646538	1
HOXC10_HT-SELEX_TGGACA20NGA_Y_GTCGTWAAAN_1_3	208	-5.35366284421882	10.318501173528	-0.518841	1
HOXC10_HT-SELEX_TTGGCC40NTCG_KX_NGYAATAAAAN_1_4	832	-4.94235821370019	12.0063597980859	-0.411645	1
HOXC10_HT-SELEX_TTGGCC40NTCG_KX_NRTCGTAAAAN_1_4	832	-6.61751600985708	12.2445378482764	-0.540446	1
HOXC10_IRF7_TTGTTC40NTCTA_YAEIIII_NATAAANCGAAAN_1_3	1984	5.04066769251604	11.6833797419179	0.431439	1
HOXC10_ONECUT1_TGTATG40NCGG_YJII_NYMRTAAAWATYGAYY_1_3	16384	3.41834801863839	16.744467692682	0.204148	1
HOXC10_PAX5_TTGTTC40NTCTA_YXII_NYGTYACGSNYMATTAANYN_2_3	606208	5.29740169311934	13.7591627087374	0.385009	1
HOXC10_SOX11_TTGTTC40NTCTA_YUIII_NAACAATAAAAMN_1_3	1024	-2.61639679833078	11.2829883725021	-0.231889	1
HOXC10_SOX11_TTGTTC40NTCTA_YUIII_NACAAWRNNYMRTAAAN_1_3	245760	1.7722433784306	15.9005900293386	0.111458	1
HOXC10_TBX20_TTGTTC40NTCTA_YWIIII_NARGTGTTAATTGN_1_3	1120	3.7230767526939	10.0206213323444	0.371542	1
HOXC10_TBX21_CAP-SELEX_TGGCAC40NAAG_AZ_TMRCACYTMATWAA_1_3	1056	0.259626869482931	15.200150860836	0.0170805	1
HOXC10_TBX21_TGTATG40NCGG_YYI_NAGGTGTNRTAAAWN_1_3	8448	2.67376417585908	13.3945812693242	0.199615	1
HOXC10_TBX21_TGTATG40NCGG_YYI_NTTTAYKAGGTGTGAN_2_3	2496	6.69189765508418	15.5955195000358	0.429091	1
HOXC10_TBX21_TGTATG40NCGG_YYI_NYMRTAAAAGGTGTNAN_2_3	18944	5.14564534694787	15.1326000771091	0.340037	1
HOXC10_TBX4_TGTATG40NCGG_YWII_NCACCTMRTAAAN_1_3	1920	2.37510284756732	12.5270453973433	0.189598	1
HOXC10_TGIF2LX_TGTATG40NCGG_YVII_NYMRTAAANNYGTCAN_1_3	118784	1.65609805948345	15.5515225288975	0.106491	1
HOXC11_ETV1_TCTTGT40NGATC_YRIIII_NMGGAWGTCGTAAAN_1_3	2304	5.20542237753274	14.7911459813701	0.351928	1
HOXC11_ETV4_TCTTGT40NGATC_YSIII_NCGGAWGTCGTAAAN_1_3	1216	7.65164647617017	15.9145509522807	0.480796	1
HOXC11_FLI1_TCTTGT40NGATC_YYIII_NMCGGAAGTCGTAAAN_1_3	1312	0.348709795319572	16.5952823045695	0.0210126	1
HOXC11_FLI1_TCTTGT40NGATC_YYIII_NRYTTCCGGWNRTCGTAAAN_2_3	45056	6.55490801785574	16.759373654652	0.391119	1
HOXC11_FLI1_TCTTGT40NGATC_YYIII_NYMRTAAAANRCCGGAARTN_2_3	86016	-1.47199571499824	17.7023756396537	-0.0831524	1
HOXC11_FLI1_TCTTGT40NGATC_YYIII_NYMRTAAANNRYTTCCGGYN_1_3	606208	-3.20528133718978	16.8186767755436	-0.190579	1
HOXC11_GABPA_TTTACA40NGCT_YYIIII_NCGGAARYMRTAAAN_1_3	8192	-0.826640052083962	17.4651222873706	-0.0473309	1
HOXC11_HT-SELEX_TCACTA20NTCA_AC_NGTCGTWAAAN_1_4	832	-6.36693078607577	10.8228148770543	-0.588288	1
HOXC11_HT-SELEX_TCACTA20NTCA_AC_NGYAATWAAAN_1_4	1536	-7.81927595339685	9.82737211935874	-0.795663	1
HOXC11_HT-SELEX_TCAGAA40NAGG_KX_NRTCGTAAAAN_1_3	832	-5.37200995429047	11.3193713837571	-0.474586	1
HOXC11_HT-SELEX_TCAGAA40NAGG_KX_RGYAATAAAAN_1_3	432	-3.58483240279541	10.3034896313142	-0.347924	1
HOXC11_HT-SELEX_TCTGCA40NATA_KR_NRTCGTAAAAN_1_2	832	-6.44351507194074	11.1378561727782	-0.578524	1
HOXC11_HT-SELEX_TCTGCA40NATA_KR_RGYAATAAAAN_1_2	432	-4.30357145513288	10.6334609510924	-0.40472	1
HOXC11_HT-SELEX_TGCGAA20NGA_AF_NGTCGTWAAAN_1_4	832	-5.28048948887468	11.5980918799712	-0.45529	1
HOXC11_HT-SELEX_TGCGAA20NGA_AF_NGYAATWAAAN_1_4	1536	-6.06483264672253	10.3078412897452	-0.588371	1
HOXC11_LMX1B_TTTACA40NGCT_YVIIII_NGTAATWAAAAN_1_3	928	-5.77348681056493	11.1177395042153	-0.519304	1
HOXC11_MEF2C_TTGGGC40NTTTC_YAFIII_CYWWATTAGGAAAC_1_3	296	2.86680615551206	14.7027069240158	0.194985	1
HOXC11_MEIS3_TCTAAC40NACC_YRIIII_NYMRTAAANNTGTCAN_1_3	63488	1.668327026419	10.0763416705909	0.165569	1
HOXC11_MEIS3_TTTACA40NGCT_YRIIII_NYMRTAAANNTGTCAN_1_3	63488	2.35674523670196	13.6617636079908	0.172507	1
HOXC11_ONECUT1_TTTACA40NGCT_YJII_NATCGATNNNNNMRTAAAN_1_3	2162688	-3.53546992249218	18.4077540186144	-0.192064	1
HOXC11_PAX2_TTGGGC40NTTTC_YZII_GTCACGSNYMATTAANYN_2_3	38912	5.26176005959655	14.9296008743091	0.352438	1
HOXC11_PAX5_TTGGGC40NTTTC_YXII_NYGTYACGSNYMATTAANYN_2_3	606208	4.45523274208692	14.204775377733	0.313643	1
HOXC11_RUNX2_TCTTGT40NGATC_YII_NMRTAAAACCGCAN_1_3	2112	-3.98647892007911	11.2200048923375	-0.355301	1
HOXC11_SOX11_TCTTGT40NGATC_YUIII_NAACAATAAAAMN_1_3	1024	-4.0909931163513	11.8885095479846	-0.344113	1
HOXC11_SOX11_TCTTGT40NGATC_YUIII_NACAAWRNNYMRTAAAN_1_3	245760	2.68667378874884	15.2918780747103	0.175693	1
HOXC11_TBX20_TCTTGT40NGATC_YWIIII_NANGTGTTTACGAYN_1_3	4480	-2.79084019525389	14.2334179112918	-0.196077	1
HOXC11_TBX20_TCTTGT40NGATC_YWIIII_NARGTGTTAATTGN_1_3	1120	-2.69819128397264	11.9974250428502	-0.224898	1
HOXC11_TBX20_TCTTGT40NGATC_YWIIII_NTTTAYKANGTGTNRN_1_3	63488	-1.75947244677135	14.4619849053461	-0.121662	1
HOXC11_TBX20_TCTTGT40NGATC_YWIIII_NYNRTAAAANGTGTNRN_1_3	253952	-1.7596226680518	14.0187835892864	-0.125519	1
HOXC11_TBX21_TTTACA40NGCT_YYI_NAGGTGTNANGTCGTAAAN_2_3	11776	8.14079216979203	18.896630387422	0.430807	1
HOXC11_TBX21_TTTACA40NGCT_YYI_NAGGTGTNRTAAAWN_1_3	8448	1.44022167006631	13.3260153358711	0.108076	1
HOXC11_TBX21_TTTACA40NGCT_YYI_NTTTAYKAGGTGTGAN_1_3	2496	-2.9594470078888	17.4331056932775	-0.16976	1
HOXC11_TBX4_TTTACA40NGCT_YWII_NRGGTGYNRTAAAN_1_3	14336	-6.63309170571533	11.9511377937688	-0.555018	1
HOXC11_TBX4_TTTACA40NGCT_YWII_NTTTAYGABGTGNNRN_1_3	93184	1.59377822432934	15.2179619781756	0.10473	1
HOXC11_TEAD4_TCTTGT40NGATC_YJII_NYMRTAAAANNNRMATTCCN_1_3	1179648	-6.05698039257541	19.1041122197436	-0.317051	1
HOXC11_TGIF2LX_TTTACA40NGCT_YVII_NRYMRTAAANNTGTCAN_1_3	131072	2.71461853947903	16.3532619969182	0.165999	1
HOXC12_HT-SELEX_TAGTGC40NATG_KP_GGTAATAAAAN_1_2	124	-1.40095081545906	11.8102985745924	-0.118621	1
HOXC12_HT-SELEX_TAGTGC40NATG_KP_NRTCGTAAAAN_1_2	832	-6.05139411224754	11.9900682827839	-0.504701	1
HOXC12_HT-SELEX_TCATGC20NGTA_Y_GYAATAAAA_1_4	52	-4.02341785303748	10.5599869998238	-0.381006	1
HOXC12_HT-SELEX_TCATGC20NGTA_Y_NGTCGTAAAAN_1_4	448	-5.35460822754476	12.4839838799087	-0.428918	1
HOXC13_HT-SELEX_TACTAC40NGCC_KP_NCCAATAAAAN_1_4	448	-4.30066465999374	12.0148697055051	-0.357945	1
HOXC13_HT-SELEX_TACTAC40NGCC_KP_NCTCGTAAAAN_1_4	448	-5.64981408376274	12.8012736985111	-0.441348	1
HOXC13_HT-SELEX_TCCCTC20NTCC_Y_CCAATAAAAN_1_3	112	-2.32643467805018	11.1579117070822	-0.208501	1
HOXC13_HT-SELEX_TCCCTC20NTCC_Y_NCTCGTAAAAN_1_3	448	-2.93565845063196	12.2640296585829	-0.239371	1
HOXC4_HT-SELEX_TTCGGG40NGAG_KV_NTMATTAN_1_2	388	-8.55682192824242	7.79900245308258	-1.09717	1
HOXC8_HT-SELEX_TGCGCA40NCAA_KV_NTAATTAN_1_3	154	-9.14789657473474	7.81743337591095	-1.17019	1
HOXC9_HT-SELEX_TATGTA40NTGT_KV_GTCGTAAAAN_1_4	112	-4.81919120631007	11.6599251883961	-0.413312	1
HOXC9_HT-SELEX_TATGTA40NTGT_KV_GYAATAAAAN_1_4	208	-5.42589703732724	11.4752138678449	-0.472836	1
HOXD1_FLI1_TGCAAA40NGTCA_YYIII_NCCGGAAGTAATTAN_1_3	640	1.42894669496856	14.668034853154	0.0974191	1
HOXD1_HT-SELEX_TTCAGG40NTGC_KR_NTAATTAN_1_4	154	-8.25448401211568	8.53797598130998	-0.966796	1
HOXD1_TBX21_TCCCTA40NGAA_YYI_NTAATKAGGTGTNAN_1_3	4480	3.93706802402935	14.7073357092261	0.267694	1
HOXD1_TBX4_TCCCTA40NGAA_YWII_NTRATKAGGTGTNRN_1_3	15872	4.5299662989404	12.5501072626532	0.36095	1
HOXD10_ETV1_TAGCTG40NCTA_YRIIII_NMGGAAGYMRTAAAN_1_3	8192	3.64286187578586	13.7751692090888	0.264451	1
HOXD10_ETV4_TAGCTG40NCTA_YSIII_NCGGAWGYMRTAAAN_1_3	8192	-2.64117460291946	14.2564410129369	-0.185262	1
HOXD10_FLI1_TAGCTG40NCTA_YYIII_NCGGAARYMRTAAAN_1_3	8192	0.245759254305131	17.2503364943509	0.0142466	1
HOXD10_FOXO1_TAGCTG40NCTA_YIII_NRTAAAYANNNYMRTAAAN_1_3	1081344	1.60252022530413	15.4727794378306	0.10357	1
HOXD10_GABPA_TCTACT40NACA_YYIIII_NCGGAARYMRTAAAN_1_3	8192	2.40785494614771	17.2957055747256	0.139217	1
HOXD10_HT-SELEX_TAAGTC40NCGT_KT_GYAATAAAAN_1_4	208	-3.94588939184616	10.9426239125594	-0.360598	1
HOXD10_HT-SELEX_TAAGTC40NCGT_KT_RTCGTAAAAN_1_4	208	-4.76441939441962	11.0867849972255	-0.429739	1
HOXD10_HT-SELEX_TCGATG40NTAC_KAE_NGTCGTAAAAN_1_4b0	448	-4.6977725525885	12.4907073152422	-0.376101	1
HOXD10_HT-SELEX_TCGATG40NTAC_KAE_NGYAATAAAAN_1_4b0	832	-6.29171235791698	11.7033729098113	-0.537598	1
HOXD10_LMX1B_TCTACT40NACA_YVIIII_NGTAATWAAAAN_1_3	928	-6.08000813020025	11.0552370685272	-0.549966	1
HOXD10_MEIS3_TCTACT40NACA_YRIIII_NYMRATAAANNTGTCAN_1_3	69632	1.29582172315675	15.4703710028524	0.0837615	1
HOXD10_ONECUT1_TCTACT40NACA_YJII_NATCGATNNNNYAATAAAN_2_3	311296	-7.09380663532838	20.4245223196063	-0.347318	1
HOXD10_PAX2_TAGCTG40NCTA_YZII_NGTCACGSNYNATTAANYN_1_3	303104	4.05298173325707	16.8953088641856	0.239888	1
HOXD10_RUNX2_TAGCTG40NCTA_YII_NACCGCAATAAAN_1_3	544	3.07381302586186	12.7200511482577	0.241651	1
HOXD10_TBX20_TAGCTG40NCTA_YWIIII_NRNGTGTTAACGAN_1_3	4096	2.15215714798863	13.1041627386379	0.164235	1
HOXD10_TBX20_TAGCTG40NCTA_YWIIII_NTTTAYKANGTGTNRN_1_3	63488	0.0448508781409651	14.5567755771945	0.0030811	1
HOXD10_TBX20_TAGCTG40NCTA_YWIIII_NYMRTAAAANAGGTGTNRN_2_3	155648	3.47232504820231	16.9355481680405	0.205032	1
HOXD10_TBX21_TCTACT40NACA_YYI_NAGGTGYMATAAAWN_1_3	4352	3.75948040825489	13.8959084384576	0.270546	1
HOXD10_TBX21_TCTACT40NACA_YYI_NTTTAYKAGGTGTGAWN_2_3	5120	6.07686573366097	16.6401619929081	0.365193	1
HOXD10_TBX21_TCTACT40NACA_YYI_NYMRTAAAAANAGGTGTNAN_2_3	88064	5.47046329379422	18.3878132286218	0.297505	1
HOXD10_TBX4_TCTACT40NACA_YWII_NAGGTGTMRTAAAWN_1_3	4352	3.10876846597387	13.1486657050044	0.236432	1
HOXD10_TBX4_TCTACT40NACA_YWII_NAGGTGTNRNNTTWAYKRN_1_3	1081344	0.785022116053889	15.7630320976817	0.0498015	1
HOXD10_TBX4_TCTACT40NACA_YWII_NWTTTAYKAGGTGTNRN_1_3	35840	4.63076889932806	15.5569293521537	0.297666	1
HOXD10_TBX4_TCTACT40NACA_YWII_NYMRTAAAANAGGTGNNRN_1_3	573440	-6.19022492395932	18.1072833395118	-0.341864	1
HOXD10_TBX6_TCTACT40NACA_YAAII_NRGGTGTMRTAAAN_1_3	3968	-3.6888220405377	11.133807100782	-0.331317	1
HOXD10_TBX6_TCTACT40NACA_YAAII_NYMRTAAAANAGGTGTNA_1_3	20480	-2.09568403138375	18.3552700374198	-0.114173	1
HOXD10_TFEC_TAGCTG40NCTA_YAGIIII_MRTAAANNNNNNNCACGTG_1_3	2162688	-2.04114709356994	13.419246980689	-0.152106	1
HOXD10_TGIF2LX_TCTACT40NACA_YVII_NTGTCATAAAAN_1_3	496	-4.05538479911676	10.0922422245652	-0.401832	1
HOXD10_TGIF2LX_TCTACT40NACA_YVII_NYMRTAAANNTGTCAN_1_3	63488	-0.183500093812892	16.704454050759	-0.0109851	1
HOXD11_HT-SELEX_TCCGGC20NGGC_Y_GTCGTWAAAN_1_4	208	-2.82565185772206	11.0850691122464	-0.254906	1
HOXD11_HT-SELEX_TCCGGC20NGGC_Y_NGYAATAAAA_1_4	208	2.50615523591597	9.35999823776896	0.267752	1
HOXD11_HT-SELEX_TTCGAG40NGCG_KP_NRTCGTAAAANNTTAN_1_4	17920	-4.66642570174734	14.8807371013961	-0.313588	1
HOXD12_ELK1_CAP-SELEX_TTCGCT40NCTT_AAB_NRSCGGAAGNNGTAAAN_1_2	36864	-11.8784250836767	18.4368494361393	-0.644276	1
HOXD12_ELK1_CAP-SELEX_TTCGCT40NCTT_AAB_RSCGGAAGTAATAAAN_1_3	672	1.00925778352707	18.1663248608743	0.0555565	1
HOXD12_ELK3_CAP-SELEX_TTGGGT40NGGC_AAB_NTTTAYNNCCGGAARNN_1_2	135168	-7.69881686655096	16.6744452325226	-0.461714	1
HOXD12_ELK3_CAP-SELEX_TTGGGT40NGGC_AAB_RSCGGAAGTAATAAAN_1_2	672	2.95575550100407	16.8564576167525	0.175349	1
HOXD12_ELK3_CAP-SELEX_TTGGGT40NGGC_AAB_RSCGGAAGTCGTAAAN_1_2	672	1.72135288682365	16.7467311934937	0.102787	1
HOXD12_ELK3_TCACTG40NACC_YAFI_NRCCGGAAGTMRTAAAN_2_3	5120	8.14914852970541	16.5705275450497	0.491786	1
HOXD12_EOMES_CAP-SELEX_TGAGTC40NAAC_AAB_TMRCACCTCRTWAA_2_3	560	-2.41408057513856	14.5271354878695	-0.166177	1
HOXD12_ETV1_CAP-SELEX_TCCTGA40NCTC_AAB_RSCGGAAGTAATAAAN_1_3	672	1.01937620915571	19.3984110593502	0.0525495	1
HOXD12_ETV1_CAP-SELEX_TCCTGA40NCTC_AAB_RSCGGAAGTNGTAAAN_1_3	2496	-4.95681137221239	18.7889145658614	-0.263816	1
HOXD12_ETV1_TCGGAC40NCCA_YRIIII_NCGGAWGYMRTAAAN_1_3	8192	4.41171148786511	11.8093289826744	0.373579	1
HOXD12_ETV4_CAP-SELEX_TCCGTA40NGCC_AAB_RSCGGAAGTAATAAAN_1_3	672	0.20426023710444	19.394554564272	0.0105318	1
HOXD12_ETV4_CAP-SELEX_TCCGTA40NGCC_AAB_RSCGGAAGTCGTAAAN_1_3	672	-0.937061948106245	19.6895448420043	-0.0475919	1
HOXD12_ETV5_TCGGAC40NCCA_YKII_NCGGAWGTMRTWAAN_1_3	8192	-2.98974590440166	13.9565475655137	-0.214218	1
HOXD12_FIGLA_CAP-SELEX_TCGAAC40NGAT_AAB_SYMRTAAANNNNCASSTGN_1_2	2031616	-2.77282639924538	15.4872626341465	-0.179039	1
HOXD12_GABPA_TCACTG40NACC_YYIIII_NCGGAARYMRTAAAN_1_3	8192	3.29529926551982	13.3624391015625	0.246609	1
HOXD12_HOXA3_CAP-SELEX_TCTGTG40NAGA_AAB_NTAATKRSNMRTAAAN_1_3	61440	-7.35656058279017	15.0438764954736	-0.489007	1
HOXD12_HOXA3_CAP-SELEX_TCTGTG40NAGA_AAB_NTAATNRSNYMRTAAAN_1_3	245760	-8.42576561701404	14.2978307438999	-0.589304	1
HOXD12_HT-SELEX_TAGTTA40NGTG_KO_NRTCGTAAAN_1_4	736	-6.30122363836484	10.0310225201382	-0.628174	1
HOXD12_HT-SELEX_TCAGTC20NCG_Y_GTAATAAAA_1_4	28	-2.36962329406378	10.5601281618885	-0.224393	1
HOXD12_HT-SELEX_TCAGTC20NCG_Y_NGTCGTAAAAN_1_4	448	-5.22424669708238	12.3152679518917	-0.424209	1
HOXD12_IRF7_TCGGAC40NCCA_YAEIIII_NATAAANCGAAAN_1_3	1984	4.32136717446876	10.9250734780289	0.395546	1
HOXD12_LMX1B_TCACTG40NACC_YVIIII_NGTAATWAAAAN_1_3	928	-5.24177741832259	9.09222860275224	-0.576512	1
HOXD12_SOX11_TCGGAC40NCCA_YUIII_NAACAATAAAAMN_1_3	1024	-3.57486766621049	10.7696966678296	-0.331938	1
HOXD12_TBX21_CAP-SELEX_TCCTAT40NAGA_AAB_AGGTGTKAAGTCGTAAA_2_2	100	6.28193357191899	18.9250921459177	0.331937	1
HOXD12_TBX21_CAP-SELEX_TCCTAT40NAGA_AAB_YNRCACSTCGTWAA_1_2	2048	-3.22400090441233	13.6769120739779	-0.235726	1
HOXD12_TEAD3_TCGGAC40NCCA_YZI_NYMRTAAATTCC_1_3	896	2.82775476505023	10.022523738144	0.28214	1
HOXD12_TEAD4_TCGGAC40NCCA_YJII_GYCRTAAATWCCN_1_3	992	4.24785523877671	9.57946442083209	0.443433	1
HOXD12_TGIF2LX_TCACTG40NACC_YVII_NTGTCATAAAAN_1_3	496	-4.16430212153207	9.66315679544273	-0.430946	1
HOXD12_TGIF2LX_TCACTG40NACC_YVII_NYMRTAAANNTGTCAN_1_3	63488	3.25771754491999	13.4094416535236	0.242942	1
HOXD12_TGIF2LX_TCACTG40NACC_YVII_NYMRTAAATGTCAN_1_3	3968	4.91786415235392	11.6183992392374	0.423282	1
HOXD13_HT-SELEX_GTGCT14N_U_CYAATAAAAN_1_4	208	-3.21724511500769	10.8570347612055	-0.296328	1
HOXD13_HT-SELEX_GTGCT14N_U_NCTCGTAAAAN_1_4	448	-3.93149595059448	12.6600645195865	-0.310543	1
HOXD13_HT-SELEX_TCGAAT40NAGG_KP_NCCAATAAAAN_1_4	448	-7.11778719397498	12.5200172029204	-0.568513	1
HOXD13_HT-SELEX_TCGAAT40NAGG_KP_NCTCGTAAAAN_1_4	448	-4.52411941545657	12.6703060606294	-0.357065	1
Hoxd13_HT-SELEX_TGATAA20NATA_AC_CCAATAAAAN_1_4	112	-4.55246918809246	10.4750903836371	-0.4346	1
Hoxd13_HT-SELEX_TGATAA20NATA_AC_NCTCRTAAAAN_1_4	832	-5.66534301562429	10.7504489744052	-0.526987	1
HOXD13_MEIS3_TTTAAA40NTAT_YRIIII_NATAAATGTCAN_1_3	496	-4.63947521725751	9.65120067778567	-0.480715	1
HOXD13_ONECUT1_TTTAAA40NTAT_YJII_NYAATAAANATCGATN_2_3	4864	5.06461909478398	13.424628241535	0.377263	1
HOXD13_TBX21_TTTAAA40NTAT_YYI_NTTTAYKAGGTGTNAN_1_3	9216	-3.10316072501994	16.2842488484984	-0.190562	1
HOXD13_TBX4_TTTAAA40NTAT_YWII_NTTTAYGAGGTGNNRN_1_3	33792	3.61364033164791	14.8495455816238	0.24335	1
HOXD13_TBX6_TTTAAA40NTAT_YAAII_NYMRTAAAANAGGTGTNRN_2_3	155648	-3.15188766737897	17.0436719364729	-0.18493	1
HOXD13_TEAD4_TACAGC40NCTT_YJII_NCCAATAAANNNCATTCCN_2_3	44032	4.55971794087134	18.6384997434161	0.24464	1
HOXD13_TEAD4_TACAGC40NCTT_YJII_NGGAATKCTCGTAAAN_2_3	1312	8.20337426039918	17.3159649834508	0.473746	1
HOXD3_CREM_TGTAAG40NACT_YLIII_NKACGTCATTAN_1_3	928	3.12210302834049	11.2244421730171	0.278152	1
HOXD3_GABPA_TGTAAG40NACT_YYIIII_NCCGGAWRYAATTAN_1_3	4352	-3.52103967614347	15.6455703542812	-0.22505	1
HOXD3_HT-SELEX_TACATA40NAGA_KW_YTAATTAN_1_3	118	-9.63673490768645	9.84505769754555	-0.97884	1
Hoxd3_HT-SELEX_TGCCAT20NCG_P_NNYAATTANN_1_4	6160	-2.06052271044034	7.68292687821988	-0.268195	1
HOXD3_SOX11_TAAAGT40NTTCG_YUIII_NYAATTAACAAWGN_1_3	2112	5.10398199721564	11.4642200145535	0.44521	1
HOXD3_TBX20_TAAAGT40NTTCG_YWIIII_NRGTGTTAATTRN_1_3	1920	4.08930763432894	11.285598541505	0.362347	1
HOXD3_TBX21_TGTAAG40NACT_YYI_NAGGTGTTAATTRN_1_3	1120	3.61743754384936	13.5624256159073	0.266725	1
HOXD3_TBX4_TGTAAG40NACT_YWII_NAGGTGTTAATKRN_1_3	2112	4.67552946643852	13.4546949306257	0.347502	1
HOXD3_TBX4_TGTAAG40NACT_YWII_NAGGTGTTRATKRGGTGNNRN_2_3	180224	8.64511918508584	19.5018501026377	0.443297	1
HOXD3_TBX4_TGTAAG40NACT_YWII_NTAATKAGGTGTNRN_1_3	8448	4.1478830842966	14.797232885596	0.280315	1
HOXD4_CREM_TTCTGG40NTGC_YLIII_NKACGTCATTAN_1_3	928	-4.79053251871043	8.73634713058244	-0.548345	1
HOXD4_GABPA_TTCTGG40NTGC_YYIIII_NCCGGAYAATTAN_1_3	1024	-1.01389764246621	12.6084811368898	-0.0804139	1
HOXD4_HT-SELEX_TGAGAC40NCAA_KO_NYAATTAN_1_2	388	-8.95106680680147	7.35855909427	-1.21642	1
HOXD4_HT-SELEX_TTTACT40NACA_KV_NTMATTAN_1_2	388	-8.16092156155065	7.94006254582489	-1.02782	1
HOXD4_TBX20_TAGGTT40NAAG_YWIIII_NGGTGTTAATGTGTN_2_3	640	-1.40893594881956	13.9513954998372	-0.100989	1
HOXD4_TBX21_TTCTGG40NTGC_YYI_NTAATKAGGTGTNAN_1_3	4480	3.24681045677325	16.143058318949	0.201127	1
HOXD4_TBX4_TTCTGG40NTGC_YWII_NAGGTGTTRATKAGGTGNKRN_2_3	48128	3.02762172926694	22.0170426946662	0.137513	1
HOXD4_TBX4_TTCTGG40NTGC_YWII_NAGGTGWKTMATTAN_1_3	4352	-2.72635169350799	15.7672043067969	-0.172913	1
HOXD4_TBX4_TTCTGG40NTGC_YWII_NAGGTGWTAATKRN_1_3	3968	2.08421391070206	13.2773764536894	0.156975	1
HOXD4_TBX4_TTCTGG40NTGC_YWII_NTAATKAGGTGNNRN_1_3	30720	0.0389113576739635	15.0527076390947	0.00258501	1
HOXD8_HT-SELEX_TCATAT20NATA_Y_NNTAATTANN_1_4	2440	-1.46045930477045	7.80985861038058	-0.187002	1
HOXD8_HT-SELEX_TCGGGT40NAAG_KP_NYAATTAN_1_4	388	-8.85591379675522	8.55338845494138	-1.03537	1
HOXD9_FLI1_TACTAA40NTGTT_YYIII_NRMCGGAARYMRTAAAN_1_3	34816	-2.78439584824954	15.457146574195	-0.180136	1
Hoxd9_HT-SELEX_TCCTAA20NCG_Z_CCCATAAAN_1_4	100	-5.2475692625291	9.01120142677449	-0.582338	1
Hoxd9_HT-SELEX_TCCTAA20NCG_Z_GTAATWAAAN_1_4	208	-3.29827062848313	9.82551618082329	-0.335684	1
Hoxd9_HT-SELEX_TCCTAA20NCG_Z_GTCGTAAAN_1_4	100	-3.30877418928497	9.32776522943439	-0.354723	1
HOXD9_HT-SELEX_TCTCCT40NCCT_KW_GTCGTAAAAN_1_4	112	-5.20362664001368	11.3333533534871	-0.459143	1
HOXD9_HT-SELEX_TCTCCT40NCCT_KW_GYAATAAAAN_1_4	208	-6.05276449662107	11.0198285612963	-0.549261	1
HOXD9_HT-SELEX_TGCGTC40NTTA_KQ_GYAATAAAAN_1_4	208	-5.63190876183951	10.988999819663	-0.512504	1
HOXD9_HT-SELEX_TGCGTC40NTTA_KQ_RTCGTAAAAN_1_4	208	-5.64611309670723	11.1594883721406	-0.505947	1
HOXD9_ONECUT1_TAGGCT40NACC_YJII_NYNRTAAANATCGATYN_1_3	69632	2.14650206887605	15.4868327225301	0.138602	1
HOXD9_SOX11_TACTAA40NTGTT_YUIII_NAACAATAAAAMN_1_3	1024	-3.2827501399469	10.1256110619777	-0.324203	1
HOXD9_SOX11_TACTAA40NTGTT_YUIII_NACAAWRNNYMRTAAAN_1_3	245760	2.46490747230414	14.8044844539706	0.166497	1
HOXD9_TBX20_TACTAA40NTGTT_YWIIII_NAGGTGTTAATKN_1_3	1024	3.36110730981894	10.6811418197221	0.314677	1
HOXD9_TBX21_TAGGCT40NACC_YYI_NAGGTGTNAWTTTAYKN_1_3	18944	-3.82954420358114	16.6282009016925	-0.230304	1
HOXD9_TBX21_TAGGCT40NACC_YYI_NTTTAYKAGGTGTGAN_1_3	2496	-1.76892077395284	16.982717679542	-0.10416	1
HOXD9_TBX4_TAGGCT40NACC_YWII_NAGGTGTKANTTTTATKRN_2_3	22016	0.962123867478944	16.3190556380746	0.0589571	1
HOXD9_TBX4_TAGGCT40NACC_YWII_NRGGTGYNRTAAAN_1_3	14336	-7.6604156509159	11.3024828263797	-0.677764	1
HOXD9_TBX4_TAGGCT40NACC_YWII_NTTTAYKAGGTGNNRN_1_3	63488	1.13002693163361	14.2767716200229	0.0791514	1
HOXD9_TGIF2LX_TAGGCT40NACC_YVII_NYMRTAAANNYGTCAN_1_3	118784	-3.58859712151324	16.4670006003539	-0.217927	1
HSF1_HT-SELEX_TACCAC20NACC_AA_TTCTAGAANNTTC_1_3	544	-1.33032771090768	15.4388647489374	-0.0861675	1
HSF1_HT-SELEX_TATAGA20NGAG_Y_TTCTAGAANNTTC_1_3	544	3.0148954238567	13.5693262303293	0.222185	1
HSF1_HT-SELEX_TCTAAA40NCGC_KN_NGAANNTTCNNGAAN_1_3	114688	-13.8673334553568	13.9594469687577	-0.993401	1
HSF1_HT-SELEX_TTTATT40NATC_KX_NGAANNTTCNNGAAN_1_3	114688	-15.4692640466393	14.9790234238226	-1.03273	1
HSF2_HT-SELEX_TAGTTA40NGTG_KT_NGAANNTTCNNGAAN_1_3	114688	-15.1484354571037	13.8069660526742	-1.09716	1
HSF2_HT-SELEX_TCAAAC40NAAC_KZ_NGAANNTTCNNGAAN_1_2	114688	-6.22297953232734	14.215424621583	-0.437762	1
HSF2_HT-SELEX_TGGGGT20NCG_V_TTCTAGAANNTTC_1_3	544	-2.00729663637496	15.1127739978788	-0.132821	1
HSF4_HT-SELEX_TATCAT20NACG_Y_TTCTAGAANNTTC_1_3	544	3.86861455359692	13.5353329958706	0.285816	1
HSF4_HT-SELEX_TCAAGA40NCGC_KP_NGAANNTTCNNGAAN_1_3	114688	-16.4177750878109	14.3055818232678	-1.14765	1
HSF5_FOXA1_TTCGCT40NCTT_YWII_NCGTTCTAWRYAAACAN_2_3	5120	0.931127517031331	19.5905465743466	0.0475294	1
HSF5_HT-SELEX_TATGCT40NACT_KT_NRCGTTCTAGAAYGYN_2_4	3464	0.0906584754439588	17.7278172878685	0.00511391	1
HSFY1_HT-SELEX_TACGGT40NTAC_KS_NCRTTCGAAWCRTTCGAWN_2_3	11264	-0.427958247940537	20.6482741764387	-0.0207261	1
HSFY1_HT-SELEX_TACGGT40NTAC_KS_NTTCGAANNNTTCGAAN_1_3	18944	0.311206712439311	17.7525156839283	0.0175303	1
HSFY2_HT-SELEX_TCAGAG20NAGA_Y_TTCGAANNNTTCGAA_1_3	1184	5.17771374047845	14.4110568738569	0.359288	1
HSFY2_HT-SELEX_TCAGAG20NAGA_Y_TTCGAANNNTTCGAA_2_3	1184	7.37021341589048	14.2911356231786	0.515719	1
HSFY2_HT-SELEX_TCAGAG20NAGA_Y_WTTCGAAYG_1_3	96	-6.21051660184037	10.298485861372	-0.603051	1
HSFY2_HT-SELEX_TTGGGC40NGGC_KP_NCRTTCGAAWCRTTCGAWN_2_3	11264	7.06122273167716	20.4465997567662	0.345349	1
HSFY2_HT-SELEX_TTGGGC40NGGC_KP_NTTCGAANNNTTCGAAN_1_3	18944	0.992031784376866	17.4417893747526	0.0568767	1
ID4_HT-SELEX_CTACA14N_U_NRCACCTGNN_1_4	2504	-7.27269431441654	10.0874260972317	-0.720966	1
IRF2_HT-SELEX_TACTAG40NGGA_KX_YGAAASYGAAAS_2_3	464	-4.60392697127432	11.9850849748341	-0.384138	1
IRF3_HT-SELEX_TAAGTC40NCGT_KV_NSGAAANSGAAASSGAAASN_2_4	86016	3.18933771763574	21.8497949428452	0.145966	1
IRF3_HT-SELEX_TACTGA40NACC_KS_NCNGTTTCSNSGAAACSGAAASN_2_3	204800	-0.153435458626173	23.4204109412097	-0.00655136	1
IRF3_HT-SELEX_TCCTAA40NATC_AI_NNRRAAAGGAAACCGAAACTN_2_3	13056	9.50205704169766	22.0222478411642	0.431475	1
IRF4_HT-SELEX_TCAAGG20NCG_AD_NCGAAACCGAAACYN_1_3	1216	4.43864709764243	18.4024053357704	0.241199	1
IRF4_HT-SELEX_TGTAGA40NTGT_KX_NYGAAASYGAAASYN_1_3	15360	2.30485645026361	15.7501377035539	0.146339	1
IRF5_HT-SELEX_TAACAA20NCG_AD_CCGAAACCGAAACY_2_3	82	3.86667978974383	15.9484596947084	0.242448	1
IRF5_HT-SELEX_TAACAA20NCG_AD_NACCGAAACYN_1_3	832	-4.74356587280115	12.1972859788274	-0.388903	1
IRF5_HT-SELEX_TAGACA40NGTC_KX_NYGAAACCGAAACY_1_3	576	6.06686990930981	16.349188667676	0.371081	1
IRF5_HT-SELEX_TCTATT40NCAT_KV_NYGAAACCGAAACY_1_2	576	7.70670426913338	14.9321834560284	0.516114	1
IRF6_HT-SELEX_TAGTTA40NGTG_KS_RGTWTCGNNNNNNYGAWACY_2_3	3145984	3.38873279373817	17.9982326889779	0.188281	1
IRF6_HT-SELEX_TCGCCC40NCAT_KX_ACCGAWACY_1_4	96	-6.05871802249677	11.5650924485514	-0.52388	1
IRF7_HT-SELEX_TACTGG40NGGA_KT_NYGAAANYGAAANYN_1_2	57344	-7.12665667146713	14.6398542795443	-0.486798	1
IRF7_HT-SELEX_TATCGC20NGCG_AC_NCGAAANYGAAACY_1_3	2112	-4.89814578917991	15.360910221454	-0.318871	1
IRF7_HT-SELEX_TATCGC20NGCG_AC_RAANCGAAAWTCGNTTY_1_3	4928	6.27079719065962	17.6262518098774	0.355765	1
IRF8_FLI1_TACGGT40NTAC_YYIII_NYGAAACCGGAAGYN_1_3	2304	4.09046882943965	13.140558495036	0.311286	1
IRF8_GABPA_TCGTAA40NCGG_YYIIII_NACCGGANNCGAAACN_1_3	9472	-5.5484195147768	15.6713323005796	-0.354049	1
IRF8_HOXB5_TCGTAA40NCGG_YVIII_NYGAAACTAATTAN_1_3	1120	6.65529528655569	11.9547183139385	0.556709	1
IRF8_HT-SELEX_TAAAGT40NAGC_KW_NYGAAASYGAAASYN_1_3	15360	-7.37455512254225	16.937715446825	-0.435393	1
IRF8_HT-SELEX_TCCCCT20NCCC_AE_NCGAAACCGAAACT_1_4	160	1.50491022271437	17.4298566628114	0.0863409	1
IRF8_HT-SELEX_TGGCGG20NGCT_Z_NCGAAACCGAAACY_1_3	304	-0.199329715306867	16.4513141104171	-0.0121163	1
IRF8_HT-SELEX_TTCAGG40NTGC_KO_NYGAAASYGAAASYN_1_4	15360	2.96289422109124	15.0154764498301	0.197323	1
IRF8_TBX21_TCGTAA40NCGG_YYI_NAGGTGTTASTTTCRN_2_3	2496	8.66478841161972	15.6395538098632	0.55403	1
IRF8_TBX4_TCGTAA40NCGG_YWII_NYGAAASTANCACCTN_1_3	9216	-1.81568301197636	15.3254072664624	-0.118475	1
IRF8_TEAD4_TACGGT40NTAC_YJII_CGAAACNNNNNNNNCATTCC_1_3	2424832	0.15113161274483	15.2182013222919	0.00993098	1
IRF9_HT-SELEX_TATGTT20NTGG_W_AWCGAAACCGAAACY_1_3	168	3.64869869390106	19.3180494366849	0.188875	1
IRF9_HT-SELEX_TTCAGG40NTGC_KV_NYGAAASYGAAACYN_1_3	8192	-5.00531795041729	15.8705232496497	-0.315385	1
IRX1_TBX20_TATATG40NCTA_YWIIII_NGTGTNAACATN_1_3	1780	3.48946405871654	10.4347342501762	0.334409	1
IRX2_HT-SELEX_TGCATC30NTAC_AI_NWACAYRACAWN_1_4	5888	3.61030154940985	10.9940008220946	0.328388	1
Irx3_HT-SELEX_TACTGC20NCG_Z_NWACATGAMAWN_1_4	3200	-8.11859466779807	13.0682169137685	-0.621247	1
IRX3_HT-SELEX_TGGCCT40NTAT_KP_NACATGNNNNNNCATGTN_1_4	1015936	-23.8282167068921	17.3166105597942	-1.37603	1
IRX5_HOXA2_TACGAA40NAGA_YJI_TACRCTAATTA_1_3	64	3.42387040157554	9.79582952912501	0.349523	1
IRX5_HT-SELEX_TAAGGT20NTA_Q_NWACAYRACAWN_1_3	5888	3.8225906162297	10.3643441314352	0.368821	1
IRX5_HT-SELEX_TACGGG40NCTT_KW_NCRTGTNNNACAYGN_1_4	55296	1.417613485887	11.9095476370931	0.119032	1
IRX5_TBX20_TTGGCG40NGGGA_YWIIII_TACAAGGTGTNR_1_3	256	2.86117311751248	11.0332839933281	0.259322	1
ISL1_FLI1_TTCTAA40NCACA_YYIII_NCCGGAAGTAATTAN_1_3	640	-0.610604444772555	14.5708928989958	-0.0419058	1
ISL1_HT-SELEX_TGCACG40NTTG_KR_SCACTTAN_1_4	160	-8.0086817136508	8.65686044286963	-0.925125	1
ISL1_HT-SELEX_TTCTGT40NAAC_KX_SCACTTAN_1_4	160	-7.85976196462012	8.17942232278337	-0.960919	1
ISL2_HT-SELEX_TCCGGG40NCTC_KO_SCACTTAN_1_3	160	-7.75434446742875	8.11258570104247	-0.955841	1
ISL2_HT-SELEX_TCTAAT30NAAG_AI_GCACTTAA_1_4	25	2.31642358686994	8.38732470943024	0.276181	1
ISX_HT-SELEX_TATTTA20NCG_Y_NTAATYTAATTAN_1_3	976	-1.27897347442577	14.9354525807185	-0.0856334	1
ISX_HT-SELEX_TATTTA20NCG_Y_NYAATTAN_1_2	388	-10.1064859341825	8.62248983787424	-1.17211	1
ISX_HT-SELEX_TCGGCT40NTAA_KO_CTAATTAN_1_2	73	-7.91610106956828	9.37987894557101	-0.843945	1
ISX_HT-SELEX_TGAGTG20NTGA_AE_NYAATTAN_1_2	388	-7.20241026215175	8.47745358903734	-0.849596	1
ISX_HT-SELEX_TTCAAG40NGCC_KW_CTAATTAR_1_4	34	-6.12923995094801	9.37399991358475	-0.653855	1
JDP2_HT-SELEX_TAGATG40NTAT_KV_NRTGASTCAYN_1_4	1408	-5.66413604833098	10.4367378026445	-0.542711	1
JDP2_HT-SELEX_TAGATG40NTAT_KV_NRTGAYGTCAYN_1_4	2312	-5.14617772346677	11.1678969095199	-0.460801	1
Jdp2_HT-SELEX_TATCTG20NCG_Z_ATGASTCAT_1_3	26	0.122477493359761	11.9310606408795	0.0102654	1
Jdp2_HT-SELEX_TATCTG20NCG_Z_NATGACGTCAYN_1_3	676	0.200554452835122	14.364962600568	0.0139614	1
JDP2_HT-SELEX_TATTTC40NGCA_KT_GATGASTCATC_1_3	32	0.663834703995287	12.1148954034887	0.0547949	1
JDP2_HT-SELEX_TATTTC40NGCA_KT_NRTGAYGTCAYN_1_3	2312	-6.39697205853252	12.393125707295	-0.516171	1
JDP2_HT-SELEX_TCCTTT20NTTC_AC_ATGASTCAT_1_4	26	-2.26269479286454	11.4853941585293	-0.197006	1
JDP2_HT-SELEX_TCCTTT20NTTC_AC_NATGACGTCAYN_1_4	676	0.844548284837273	14.6639032454999	0.0575937	1
JDP2_HT-SELEX_TGTTCA20NGA_AE_ATGASTCAT_1_3	26	3.33510470061027	11.748424250473	0.283877	1
JDP2_HT-SELEX_TGTTCA20NGA_AE_NATGACGTCAYN_1_3	676	-0.0144035907662184	14.123978167948	-0.0010198	1
JDP2_SOX11_TGCTTT40NAGA_YUIII_NACAATGACGTMAN_1_3	1120	4.56058870916288	16.1603132710784	0.282209	1
JDP2_SOX11_TGCTTT40NAGA_YUIII_NTKACGTMACAATRN_1_3	4352	1.46055902652205	16.1845783281028	0.0902439	1
JDP2_TBX4_TAGATT40NACA_YWII_NAGGTGACGTGTYRN_1_3	2304	-0.702207074821789	14.6034674366217	-0.048085	1
JUN_HT-SELEX_TCAGTG40NGAT_KAE_NATGACGTCAYN_1_3b0	676	3.20041845455864	13.9531389521009	0.229369	1
JUN_HT-SELEX_TCAGTG40NGAT_KAE_NATGACKCATN_1_3b0	784	-3.50237277208105	11.2335917020766	-0.311777	1
JUNB_HT-SELEX_TTTGTT40NTAT_KS_NATGACGTCAYN_1_4	676	-0.410695415084608	14.751773766919	-0.0278404	1
JUND_HT-SELEX_TACCCA40NTGT_KS_NRTGACGCATN_1_4	832	-4.20743268686797	10.7426989656488	-0.391655	1
JUND_HT-SELEX_TACCCA40NTGT_KS_NRTGACGTCATN_1_4	676	2.61784908445562	12.6610205581887	0.206764	1
KLF10_HT-SELEX_TATGTA40NTGT_KR_RMCACRCCCMYNMCACRCCCMC_2_4	49152	2.21772488324965	24.3148983324854	0.0912085	1
KLF11_HT-SELEX_TCTCTC40NTTG_KR_NMCACGCCCNNNNCACGCCCMC_2_4	196608	-3.47217030207453	23.733387473963	-0.146299	1
Klf12_HT-SELEX_TGATGG20NGA_Z_GRCCACGCCCWNNNN_2_4	30720	-2.92606729044427	14.8712631567212	-0.19676	1
KLF12_HT-SELEX_TTTGAG40NATT_KX_NRCCACGCCCW_1_3	432	-3.85376844580457	12.6344427537	-0.305021	1
KLF13_FLI1_TGATGA40NCATT_YYIII_NCGGAARYGCCACGCCCN_2_3	2880	6.38531340944279	18.9815769645022	0.336395	1
KLF13_FLI1_TGATGA40NCATT_YYIII_NRNCACGCCCCTTCCGNYN_2_3	43008	-0.429848885626448	17.7082434029234	-0.0242739	1
KLF13_HT-SELEX_TACTTA40NCTA_KP_NRCCACGCCCMYN_1_2	3584	-5.75885090117665	12.9616612829208	-0.444299	1
KLF13_HT-SELEX_TATATA40NGCT_KV_NRCCACGCCCMYN_1_2	3584	-5.98376884352704	12.8401465426827	-0.46602	1
KLF13_HT-SELEX_TGGACA20NGA_AE_NNGNNACGCCCMYTTTNN_2_4	540672	-15.1944651078144	19.5883245273905	-0.77569	1
KLF14_FLI1_TGTCCT40NATTT_YYIII_NCGGAARYGCCACGCCCN_2_3	2880	6.11600312501139	20.4270042802635	0.299408	1
KLF14_FLI1_TGTCCT40NATTT_YYIII_NRNCACGCCCCTTCCGNYN_2_3	43008	5.59213036213977	19.3629774201301	0.288805	1
KLF14_HT-SELEX_TAAGGC40NTGA_KP_NRCCACGCCCMYN_1_2	3584	-5.41224936406052	12.3155545102767	-0.439465	1
KLF14_HT-SELEX_TTGGGA20NTA_AF_NGCCACGCCCMCNT_2_3	1120	-2.75648737878754	14.8744319980784	-0.185317	1
KLF15_HT-SELEX_TCATGA40NAGT_KT_NCCACGCCCMYN_1_4	1728	-6.8993719124376	11.0888864920723	-0.622188	1
KLF15_HT-SELEX_TGGTCG40NTAA_KW_NCCMCGCCCMYN_1_4	3200	1.23583941422923	11.655572269775	0.10603	1
KLF16_HT-SELEX_TGCTTT40NAGA_KP_NCCACRCCCN_1_4	736	-9.53334306678506	9.79124264654108	-0.97366	1
KLF16_HT-SELEX_TTGATT20NTA_AF_GCCMCGCCCMC_1_4	120	-2.8501987453534	12.4297008433135	-0.229305	1
KLF2_HT-SELEX_TCGGTG40NCAA_KP_NRCCACRCCCN_1_2	1536	-6.75153367520223	10.3999348138995	-0.64919	1
KLF3_HT-SELEX_TTACAA40NTAC_KAF_NRCCRCGCCCN_1_3	1536	-9.77543206394929	12.3901677194918	-0.788967	1
KLF4_HT-SELEX_TAGAGA40NCGC_KT_NRCCMCGCCCN_1_4	1536	-7.95338636734608	10.6797647690347	-0.744716	1
KLF5_HT-SELEX_TGTGAT40NGCA_KS_NMCACGCCCN_1_4	736	-7.63605216340746	9.57052096774993	-0.797872	1
KLF6_HT-SELEX_TGCTCC40NCCG_KW_NRCCACGCCCN_1_4	832	-6.1900437039553	10.8616215137891	-0.569901	1
LBX2_ELK3_TCATAC40NTTA_YAFI_NCCGGAAGYAATTAN_1_3	1216	-3.06622787077478	15.0406536255428	-0.203863	1
LBX2_ELK3_TCATAC40NTTA_YAFI_NYAATTAMCGGAWRYN_1_3	16896	3.30397198037421	14.4442555647111	0.22874	1
LBX2_HT-SELEX_TAATTC20NTTA_Y_AATTGGCCAATTA_2_4	40	-7.675402534245	3.4544900841437	-2.22186	1
LBX2_HT-SELEX_TAATTC20NTTA_Y_NNYAATTANN_1_2	6160	-1.88386897143194	8.3422954184148	-0.225821	1
LBX2_HT-SELEX_TGAAGC40NCTA_KP_CTCGTTAN_1_4	88	-6.35922672096068	9.04478766333038	-0.703082	1
LBX2_HT-SELEX_TGAAGC40NCTA_KP_CTMATTAATTAN_2_4	232	-3.36796559371583	12.8873238326004	-0.261339	1
LBX2_HT-SELEX_TGAAGC40NCTA_KP_NCYAATTANN_1_4	2242	-11.9066451442372	11.221321953542	-1.06107	1
LBX2_SOX11_TTCAGT40NAAC_YUIII_NMACAAWGNYAATTAN_1_3	17408	0.951410342670117	14.2195314019	0.0669087	1
LBX2_TBX21_TCATAC40NTTA_YYI_NTAATKAGGTGTNAN_1_3	4480	3.01034914075393	14.6863412164573	0.204976	1
LBX2_TBX4_TCATAC40NTTA_YWII_NAGGTGTTAATTAN_1_3	592	4.21585187027939	12.3080881531891	0.342527	1
LBX2_TBX4_TCATAC40NTTA_YWII_NTAACGAGGTGNNRN_1_3	16384	0.225083818373011	13.8544282803772	0.0162463	1
LBX2_TBX4_TCATAC40NTTA_YWII_NTAATTAGGTGNNRN_1_3	16384	2.49405565021473	13.7684379700049	0.181143	1
LBX2_TEAD4_TTCAGT40NAAC_YJII_NYAATTARCATTCCN_1_3	2304	-1.69587382882375	13.3478541907748	-0.127052	1
LEF1_HT-SELEX_TCCCGA20NGCC_AC_AAAGATCAAAGGRWW_2_4	320	2.73941195886784	16.4531294331245	0.166498	1
LEF1_HT-SELEX_TGCACG40NTTG_KT_ASATCAAAS_1_3	96	-5.48593279487888	10.1656161421471	-0.539656	1
LEF1_HT-SELEX_TGCACG40NTTG_KT_WCATCGRGRCGCTGW_2_4	608	1.00232191216415	17.6048639230835	0.0569344	1
LEF1_HT-SELEX_TTGTTA40NGGT_KZ_ASATCAAAS_1_3	96	-5.21539640044609	10.9729157325545	-0.475297	1
LEF1_HT-SELEX_TTGTTA40NGGT_KZ_WCATCGRGRCGCTGW_2_3	608	-0.95171570605104	17.8118413196412	-0.0534316	1
LEF1_TEAD4_TGTCGA40NCCGA_YJII_NSWTCAAAGCATTCCN_2_3	2496	5.38772607697691	16.0487737118067	0.33571	1
LHX1_HT-SELEX_TTTGAG40NATT_KO_NYAATTAN_1_4b0	388	-3.73210708017851	7.07339641375145	-0.527626	1
LHX2_HT-SELEX_TCCAGT30NGAC_AI_NCTAATTANN_1_4	1144	-9.77306300919075	9.7816680369863	-0.99912	1
LHX2_HT-SELEX_TCCAGT30NGAC_AI_YAATTANNCTAATTR_2_4	1920	8.19623503020331	16.2758744095904	0.503582	1
Lhx4_HT-SELEX_TAAATG20NTAA_Z_NTAATTAN_1_3	154	-8.14427242460423	8.39435954918718	-0.970208	1
LHX4_HT-SELEX_TACGGG40NCTT_KT_NTAATTAN_1_3	154	-10.3520677316365	7.8585947369959	-1.31729	1
LHX4_HT-SELEX_TGTAGC40NCCT_KX_NTAATTAN_1_3	154	-8.14688820485975	7.58992807601194	-1.07338	1
LHX5_ELF1_TTTGAC40NGGT_YADIIII_MGGAWGYAATTAN_1_3	992	3.32893861398915	11.1680195435632	0.298078	1
LHX5_ELK3_TTACGG40NCGC_YAFI_NMMGGAWGYAATTAN_1_3	8192	-2.46829432561051	12.2497084520213	-0.201498	1
LHX5_HT-SELEX_TTCTTG40NTGC_KW_SYAATTAN_1_3	241	-7.69189090286813	8.86206922463842	-0.867957	1
LHX5_TGIF2LX_TTACGG40NCGC_YVII_NMTGTCAATTAN_1_3	928	3.74048576737557	9.10271820855005	0.41092	1
LHX6_HT-SELEX_TCGGGG20NGGT_AF_NYTAATTARN_1_4	676	-8.43374192201592	10.2695110790049	-0.821241	1
LHX6_HT-SELEX_TCGGGG20NGGT_AF_TAATTAGYRYTRATTA_2_4	561	3.04608884029737	18.3164256930636	0.166304	1
LHX6_HT-SELEX_TCGGGG20NGGT_AF_YRATTGCAATYR_2_4	234	-8.18221910403304	15.1115478423743	-0.541455	1
LHX6_HT-SELEX_TGTCAA40NCGA_KAE_CTAATTAN_1_4	73	-7.46223817854441	9.07761420372869	-0.822048	1
LHX6_HT-SELEX_TGTCAA40NCGA_KAE_TRATTGCAATYA_1_4	67	0.820242043047614	14.697548664394	0.0558081	1
LHX8_HT-SELEX_TAGCTG40NCTA_KW_CYAATTAN_1_3	142	-8.98512789365956	8.67541920483425	-1.0357	1
LHX8_HT-SELEX_TAGCTG40NCTA_KW_TRATTGCAATYA_1_3	67	8.57442628324832	14.091761397826	0.608471	1
Lhx8_HT-SELEX_TGCTCG40NCTC_AI_NTAATTAN_1_3	154	-9.63886252702254	8.2398248892929	-1.16979	1
Lhx8_HT-SELEX_TGCTCG40NCTC_AI_NTAATTANNNNTAATTAN_1_3	75808	4.1568513855145	15.4271434116595	0.26945	1
Lhx8_HT-SELEX_TGCTCG40NCTC_AI_TRATTGCAATYA_1_3	67	8.84639980903644	14.7966694313991	0.597864	1
LHX9_HT-SELEX_TATTGT20NGTG_Y_NYAATTAN_1_2	388	-7.47736372783079	7.67658846586981	-0.974048	1
LHX9_HT-SELEX_TATTGT20NGTG_Y_TAATTRCYAATTA_1_3	136	1.73266831300824	15.2740541875639	0.113439	1
LHX9_HT-SELEX_TTAGCA40NGGT_KP_CYAATTAR_1_3	71	-6.10213498008956	9.76101057038545	-0.625154	1
LHX9_HT-SELEX_TTTGGT40NCTT_KW_CYAATTAN_1_3	142	-7.16183391710857	9.15629488496132	-0.782176	1
LIN28B_HT-SELEX_TTTGAC40NGGT_KV_CGCGANNNNNCAGCG_1_4	31744	-15.8604282417164	16.3109371122963	-0.97238	1
LMX1A_ELK3_TCTTAC40NGCG_YAFI_NMMGGAWGYAATTAN_1_3	8192	3.60988866960636	13.1982962187106	0.273512	1
LMX1A_GABPA_TCTTAC40NGCG_YYIIII_NCCGGAWRYAATTAN_1_3	4352	-3.49133319671631	14.0590874294264	-0.248333	1
LMX1A_HT-SELEX_TACTTA40NCTA_KO_YTAATTAN_1_4	118	-7.3324366729457	9.62329022537931	-0.761947	1
LMX1A_HT-SELEX_TCTGGT20NGGG_Z_NTAATTAN_1_3	154	0.721266539045108	8.65671734189593	0.0833187	1
LMX1A_TBX21_TCTTAC40NGCG_YYI_NAGGTGTTAATTAN_1_3	592	7.0084847039478	13.9155738605319	0.503643	1
LMX1A_TBX4_TCTTAC40NGCG_YWII_NAGGTGTTMATTAN_1_3	1120	3.3120711834297	13.9148616098923	0.238024	1
LMX1A_TBX4_TCTTAC40NGCG_YWII_NAGGTGTTTMATTAN_1_3	1216	6.36499502531961	15.1172488395485	0.421042	1
LMX1A_TEAD4_TTATTT40NCGT_YJII_NTAATTRNNATTCCWN_1_3	33792	2.50097675795573	11.0977970664338	0.225358	1
LMX1A_TGIF2LX_TCTTAC40NGCG_YVII_NMTGTCAAATTAN_1_3	1024	5.02674200598689	11.9291476879307	0.421383	1
LMX1A_TGIF2LX_TCTTAC40NGCG_YVII_NMTGTCAATTAN_1_3	928	4.04358970977926	10.1606287552837	0.397966	1
LMX1A_TGIF2LX_TCTTAC40NGCG_YVII_NYAATTANNTGTCAN_1_3	16384	5.51172411968903	12.1541455529975	0.453485	1
LMX1B_ETV4_TACGGG40NCTT_YSIII_NSCGGAAATTRN_1_3	1728	1.32110313481763	10.6676259557121	0.123842	1
LMX1B_FLI1_TACGGG40NCTT_YYIII_NCCGGAWRTAATTAN_1_3	2304	4.77195710309533	15.6301328588381	0.305305	1
LMX1B_GCM1_TAGGTA40NGAT_YACII_NRTRCGGGTMATTAN_1_3	4352	6.22578299485783	12.3449410717271	0.504319	1
LMX1B_HT-SELEX_TCGGAA20NAGT_AE_NYAATTAN_1_3	388	-2.54488444470095	7.92591217443854	-0.321084	1
LMX1B_HT-SELEX_TGAGGC20NGGA_Z_NYAATTAN_1_2	388	-0.61491573315438	7.73232749896027	-0.0795253	1
LMX1B_HT-SELEX_TGCAGT40NAAG_KW_NWWYTAATTAN_1_3	2816	-7.9711537692979	12.1040929583281	-0.65855	1
LMX1B_HT-SELEX_TTGGCC40NTCG_KO_NWWYTAATTAN_1_2	2816	-8.92814312985389	10.1883763924463	-0.876307	1
LMX1B_IRF7_TACGGG40NCTT_YAEIIII_NTAATTAANNCGAAANYN_2_3	77824	4.35564569796928	15.3170818090779	0.284365	1
LMX1B_SOX11_TACGGG40NCTT_YUIII_NYAATTAACAAWGN_1_3	2112	5.75994378520963	13.0945575621123	0.439873	1
LMX1B_TBX20_TACGGG40NCTT_YWIIII_NAGGTGTTAATTRN_1_3	1120	3.90644308995192	11.5506106747854	0.338202	1
LMX1B_TBX4_TAGGTA40NGAT_YWII_NAGGTGTTMATTAN_1_3	1120	4.03360151820551	13.9720173990112	0.288691	1
LMX1B_TBX4_TAGGTA40NGAT_YWII_NTAATTAGGTGTNRN_1_3	4480	5.06167433795691	12.6516476882606	0.40008	1
LMX1B_TEAD3_TACGGG40NCTT_YZI_NTAATTACATTCCN_1_3	592	6.27059754332504	13.7439627519287	0.456244	1
LMX1B_TEAD4_TACGGG40NCTT_YJII_NTAATTANMATTCCN_1_3	4480	4.88786832123118	13.9221360331434	0.351086	1
LMX1B_TEF_TACGGG40NCTT_YSII_NTAATTACGTAAYN_1_3	1120	4.12996992216608	10.5595169203679	0.391114	1
LMX1B_TGIF2LX_TAGGTA40NGAT_YVII_NMTGTCAATTAN_1_3	928	2.49249314485299	8.98569840302948	0.277384	1
MAF_ATF7_TGCTCC40NCCG_YJI_NTGACGTMAGCAN_1_3	1024	4.40971535836788	11.2826116798077	0.390842	1
MAF_ELK3_TGATCT40NATG_YAFI_NGTCAGCGGAAWYN_1_3	2112	-4.82554886646228	13.2928894365252	-0.363017	1
MAF_FLI1_TGCTCC40NCCG_YYIII_NCGGAARTGCTGACN_1_3	1216	6.04706494093675	15.8353045154352	0.381872	1
MAF_FOSB_TGATCT40NATG_YWIII_WWWNTGCTGACGTCAYN_2_3	9728	8.9238706294483	15.996532744097	0.557863	1
MAF_FOSB_TGATCT40NATG_YWIII_WWWNTGCTGAGTCAYN_2_3	8960	6.50371870525769	14.3100977080821	0.454485	1
MAF_FOXA1_TGCTCC40NCCG_YWII_NTGCTGARYAAAYAN_2_3	4352	3.80003129252949	12.9428887661525	0.2936	1
MAF_FOXD2_TGATCT40NATG_YWI_NYGCTGANTAAACAN_1_3	4480	3.29176924431693	14.265364525232	0.230753	1
MAF_FOXD3_TGATCT40NATG_YWIIII_NYGCTGARYAAAYAN_1_3	8192	2.39345640920437	13.2258781499977	0.180968	1
MAF_HT-SELEX_TGAATT40NTAA_KV_NYGCTGACNNNGCR_1_4	27648	-8.83566860342383	13.3151613840997	-0.66358	1
MAF_HT-SELEX_TGAATT40NTAA_KV_NYGCTGASTCAGCRN_2_4	2176	6.28434649155655	14.8164512637338	0.424147	1
MAF_HT-SELEX_TGAATT40NTAA_KV_NYGCTGAYGTCAGCRN_2_4	3464	6.25434025234321	15.1970103240309	0.411551	1
MAF_HT-SELEX_TTTACT40NACA_KO_NYGCTGACN_1_4	640	-7.397937740633	8.99371298290852	-0.822568	1
MAF_NFATC1_TGATCT40NATG_YADI_WWWNYGCTGAYGGAAHN_2_3	51200	5.75704149618129	12.9466818150567	0.444673	1
MAF_TBX21_TGATCT40NATG_YYI_NTGCTGACACCTN_1_3	544	-1.83767789094801	12.7345095953417	-0.144307	1
MAF_TBX4_TGATCT40NATG_YWII_NTGCTGAGGTGTNRN_1_3	4480	-4.46818199339878	13.7608358348607	-0.324703	1
MAF_TEAD4_TGCTCC40NCCG_YJII_NTCAGCAMATTCCN_1_3	1120	5.20785431829063	15.3639113403333	0.338967	1
MAFA_FLI1_TTACAG40NGTG_YYIII_NTGCTGACGGAWRN_1_3	2112	-0.745846929594628	13.0420812432298	-0.0571877	1
MAFA_FOSB_TTACTT40NTAT_YWIII_YGCTGASTCAY_1_3	224	5.36679026040847	10.5749446984844	0.507501	1
MAFA_HT-SELEX_TACGGG40NCTT_KO_NWWWNTGCTGACN_1_4	12800	-7.54829022084477	12.4362760627695	-0.606957	1
MAFA_HT-SELEX_TACGGG40NCTT_KO_NYGCTGASTCAGCRN_2_4	2176	6.90673771370113	14.4623080911175	0.477568	1
MAFA_HT-SELEX_TACGGG40NCTT_KO_NYGCTGAYGTCAGCRN_2_4	3464	3.78441322722748	16.3407213986903	0.231594	1
MAFA_IRF7_TTACAG40NGTG_YAEIIII_NCGAAANYNGCTGAYN_2_3	33792	4.49846748965286	11.0195579453734	0.408226	1
MAFA_NFATC1_TTACTT40NTAT_YADI_WWWNYGCTGAYGGAAWN_2_3	34816	-1.64459182770562	12.856079324233	-0.127923	1
Mafb_HT-SELEX_TCGTTA20NTTT_AA_NNNNTGCTGACN_1_3	22516	-3.72655327005016	11.7572912016283	-0.316957	1
Mafb_HT-SELEX_TCGTTA20NTTT_AA_NNTGCTGASTCAGCANN_2_4	9728	5.67168662672553	15.9788686865439	0.354949	1
Mafb_HT-SELEX_TCGTTA20NTTT_AA_NNYGCTGACGTMAGCANN_2_4	33944	7.49303633703237	17.7236221208113	0.422771	1
MAFF_FOSB_TATACC40NGCC_YWIII_WWWNTGCTGACGTCAYN_2_3	9728	8.25564657285291	16.2655903743267	0.507553	1
MAFF_FOSB_TATACC40NGCC_YWIII_WWWNTGCTGAGTCAYN_2_3	8960	6.13869060891686	15.3226713865205	0.400628	1
MAFF_FOXD2_TATACC40NGCC_YWI_NTGCTTACGTAAGCAN_1_3	346	8.72461870178523	15.0297590612212	0.58049	1
MAFF_HOXB5_TATACC40NGCC_YVIII_NTAATTANTGCTGAN_1_3	2368	5.2437766755359	13.9901776025999	0.374818	1
MAFF_HT-SELEX_TCGCCG40NTGC_KW_NYGCTGASTCAGCRN_2_4	2176	6.16836362774178	14.9952774076187	0.411354	1
MAFF_HT-SELEX_TCGCCG40NTGC_KW_NYGCTGAYRTCAGCRN_2_4	4488	-3.95672641903384	16.4713770973629	-0.240218	1
MAFF_HT-SELEX_TGGAAT20NAAT_Z_NTGCTGASTCAGCAN_2_4	608	2.33000331763685	17.4114991874215	0.13382	1
MAFF_HT-SELEX_TTATTT40NCGT_KO_NYGCTGASTCAGCRN_2_4	2176	7.30311782667662	14.5762396061126	0.501029	1
MAFF_HT-SELEX_TTATTT40NCGT_KO_NYGCTGAYRTCAGCRN_2_4	4488	5.79549724438189	16.1336181413951	0.359219	1
MAFF_NFATC1_TATACC40NGCC_YADI_NYGCTGAYGGAAMN_1_3	3968	-2.98736855563642	12.8102792655759	-0.233201	1
MAFF_TBX21_TATACC40NGCC_YYI_NTGCTGASGTGTNAWWN_1_3	18944	2.57650931678663	16.5995666973465	0.155215	1
MAFF_TBX4_TATACC40NGCC_YWII_NTGCTGAGGTGTNAN_1_3	2368	-4.30295659271136	15.1003360218162	-0.284958	1
MAFF_TEAD4_TAAGCA40NGTC_YJII_NTCAGCAMATTCCN_1_3	1120	-2.0089254760704	15.1089050364406	-0.132963	1
MAFG_ATF7_TGTCGA40NGCA_YJI_TGCTGACGTCA_1_3	34	6.81128592207171	11.3950169363625	0.597743	1
MAFG_ELF1_TGTCGA40NGCA_YADIIII_NMGGAWRTGCTGAN_1_3	3968	-2.80603801319954	12.5339221212062	-0.223875	1
MAFG_FOSB_TGTTAA40NACT_YWIII_WWWNTGCTGACGTCAYN_2_3	9728	8.3603652690134	15.9628596645194	0.523739	1
MAFG_FOSB_TGTTAA40NACT_YWIII_WWWNTGCTGAGTCAYN_2_3	8960	6.84263321972068	14.9711774611272	0.457054	1
MAFG_FOXA1_TGTCGA40NGCA_YWII_NTGCTGARYAAAYAN_2_3	4352	2.34702067667751	12.4894560725091	0.18792	1
MAFG_FOXD2_TGTTAA40NACT_YWI_NTGCTGARTAAACAN_1_3	1216	0.918534130610267	14.2290519576933	0.0645534	1
MAFG_HOXB5_TGTTAA40NACT_YVIII_NYAATTANTGCTGAN_1_3	4480	5.21265744714596	11.6834875559801	0.446156	1
MAFG_HT-SELEX_TGTAAA40NAAG_AI_NNNNTGCTGASTCAGCANNNN_2_3	2490368	2.76696364893296	18.7980341426854	0.147194	1
MAFG_HT-SELEX_TGTTAA40NACT_KAE_TGCTGACGYN_1_4	208	-5.77135822835901	10.168701289375	-0.567561	1
MAFG_HT-SELEX_TGTTAA40NACT_KAE_TGCTGANNNTGCR_1_4	3708	-4.65815700312403	12.1429110090431	-0.383611	1
MAFG_HT-SELEX_TTGTTC40NAAG_KN_NWWWNTGCTGACN_1_4	12800	-8.84912252530075	14.0842327705153	-0.6283	1
MAFG_HT-SELEX_TTGTTC40NAAG_KN_NYGCTGASTCAGCRN_2_4	2176	7.11920097852903	16.2867133968149	0.437117	1
MAFG_HT-SELEX_TTGTTC40NAAG_KN_NYGCTGAYRTCAGCRN_2_4	4488	3.00596540058901	18.2539109007009	0.164675	1
MAFG_NFATC1_TGTTAA40NACT_YADI_WWWNYGCTGAYGGAAHN_2_3	51200	4.61469432800979	13.3095452681015	0.346721	1
MAFG_TBX21_TGTTAA40NACT_YYI_NTGCTGAGGTGTNRN_1_3	4480	-5.54924159799715	15.2146111523304	-0.364731	1
MAFG_TBX4_TGTTAA40NACT_YWII_NTGCTGAGGTGTNRN_1_3	4480	-3.73052065295312	14.3484450537095	-0.259995	1
MAFG_TEAD4_TGTCGA40NGCA_YJII_NTCAGCAMATTCCN_1_3	1120	5.93176246365405	15.0606347318673	0.393859	1
MAFK_HT-SELEX_TGCCTG30NTCC_AI_NNNNNTGCTGAN_1_2	77812	-14.6815577213516	11.1004847935058	-1.32261	1
MAFK_HT-SELEX_TGCCTG30NTCC_AI_NNNNTGCTGASTCAGCANNNN_2_2	2490368	4.28498092271085	17.1409262271455	0.249985	1
MAFK_HT-SELEX_TTAAAG20NTA_AE_NNNNNTGCTGAN_1_3	77812	-15.8491950982719	11.505301803997	-1.37756	1
MAFK_HT-SELEX_TTAAAG20NTA_AE_NTGCTGANTCAGCRN_2_3	3264	5.46589398448646	14.8116114742766	0.369028	1
MAX_FLI1_TCTGCA40NAGAC_YYIII_NRSCGGAARCACGTGN_2_3	4736	8.04359815373478	15.0931355431049	0.532931	1
MAX_HT-SELEX_TCTAGG40NCTG_KR_NCACGTGNNNNNCACGTGN_1_4	303104	-1.6016127109837	16.8117515332244	-0.0952675	1
MAX_HT-SELEX_TGACCT20NGA_Y_CACGTGNNNNNCACGTG_1_3	18944	6.30008313852976	17.8209107912887	0.353522	1
MAX_HT-SELEX_TGACCT20NGA_Y_NNCACGTGNN_1_2	2440	-9.20539526656069	10.0525077923641	-0.915731	1
MAX_HT-SELEX_TTCTGG40NTGC_KAE_RNCACGTGYN_1_3	1134	-7.11282873543138	9.22134847440246	-0.771344	1
MAX_TEAD4_TCTGCA40NAGAC_YJII_NCACGTGNNMATACCN_1_3	17920	1.65977062764278	14.4766572113873	0.114652	1
MBNL2_HT-SELEX_TCTAAG40NTTA_KZ_NYGCTTYGCTTN_1_4	1728	0.707120110059022	10.5527740308572	0.067008	1
MEF2A_HT-SELEX_TAATAG20NTA_Q_KCTAWAAATAGM_1_3	246	0.415880268255928	13.9527113746574	0.0298064	1
MEF2B_HT-SELEX_TCGTAC20NATT_AE_RCTAWAAATAGM_1_4	248	-0.786160468758616	14.3521071059956	-0.0547767	1
MEF2B_HT-SELEX_TGTGAT40NGCA_KV_CCWWATWWRG_1_3b0	484	-4.37537943190828	8.85811754730566	-0.49394	1
MEF2B_HT-SELEX_TTAGCA40NGGT_KW_TGTTACCATATNNGG_1_4	640	0.596813527244951	17.5771692419413	0.0339539	1
MEF2C_HT-SELEX_TTAACA40NTGT_KX_CCWWATWWRG_1_3	484	-5.50075565343602	10.4872542310494	-0.524518	1
MEF2D_HT-SELEX_TCCAAG40NAAC_KW_CCWWATWWRG_1_3	484	-5.42493438618833	10.5950535205973	-0.512025	1
MEF2D_HT-SELEX_TGCGTT20NGA_Y_NCTAWAAATAGM_1_3	478	-3.90103993801371	14.0170567645193	-0.278307	1
MEIS1_DLX2_CAP-SELEX_TCCGCA40NCGC_AT_TGACANNNTAATKR_1_2	7680	4.64603810719064	12.4511351299791	0.373142	1
MEIS1_DLX3_CAP-SELEX_TAAAGC40NGAA_AT_TGACANSNTAATTG_1_3	1120	-3.23709235296279	15.15330637378	-0.213623	1
MEIS1_DRGX_CAP-SELEX_TAGGTG40NTGT_AT_TGACASTAATKR_1_2	248	-3.47536016608373	11.5442257293518	-0.301047	1
MEIS1_DRGX_CAP-SELEX_TAGGTG40NTGT_AT_TGTCAATTA_1_3	28	5.46538997615416	10.9205779565955	0.500467	1
MEIS1_ELF1_CAP-SELEX_TCCGAT40NAGC_AT_NTGCCGGAAGTN_1_2	496	-3.60161528801964	12.2569276270049	-0.293843	1
MEIS1_EOMES_CAP-SELEX_TCCCGA40NGCC_AT_AGGTGTTGACAN_1_3b0	136	4.43825297281551	9.91762432481645	0.447512	1
MEIS1_EVX1_CAP-SELEX_TCAAAA40NAAA_AT_TGACANNNNNTCATTA_1_3	34816	-11.9401974987591	18.7147487974213	-0.63801	1
MEIS1_HOXA13_CAP-SELEX_TACAAA40NAAC_AT_SYNRTAAANNTGTCA_1_3	15872	-5.92222885499447	15.0333238825887	-0.39394	1
MEIS1_HOXB13_CAP-SELEX_TAAGGA40NCCG_AAB_SYMRTAAANCTGTCA_1_3	2240	6.01601244598524	13.4614177982656	0.446908	1
MEIS1_HT-SELEX_TGACCT20NGA_O_NTGACAN_1_6	224	-11.6973104811899	7.19100789280716	-1.62666	1
MEIS1_MAX_CAP-SELEX_TATCTG40NTCG_AT_NTGACRNNNNNNCACGTGN_1_3	4194304	-9.58284572035915	17.4607584827394	-0.548822	1
MEIS1_ONECUT2_CAP-SELEX_TCCCTC40NTCC_AT_TGACAGNWAATCRATR_2_3	1280	-0.40524668465814	17.2053634632467	-0.0235535	1
MEIS1_SOX2_CAP-SELEX_TATTCG40NCTG_AT_TGACAKNNNAACAATGN_1_3b1	19456	-19.9590682938567	18.6890802132597	-1.06795	1
Meis2_HT-SELEX_TCAAAA20NTA_P_NTGACAN_1_3	224	-9.5726035160259	7.70695991104962	-1.24207	1
Meis2_HT-SELEX_TCAAAA20NTA_P_TGACAGSTGTCA_2_3	52	8.85047259563411	13.9849750330487	0.632856	1
MEIS2_HT-SELEX_TCGCTG20NGA_AA_TTGACAGS_1_3	46	-3.86082519047825	9.41477678939525	-0.410081	1
MEIS2_HT-SELEX_TCGCTG20NGA_AA_TTGACAGSTGTCAA_2_4	61	3.54530519289273	17.7992255184065	0.199183	1
MEIS2_HT-SELEX_TCTACT40NACA_KAE_TGACANNTGTCA_1_3	250	0.0560733629156493	14.3660056863702	0.0039032	1
MEIS2_HT-SELEX_TTGGCC40NTCG_KT_TGACANNYGTCA_1_3	676	-12.7354597888053	15.0721195344535	-0.844968	1
MEIS2_MSX2_TGATTC40NTAT_YSIIII_NTGACAAATTGN_1_3	496	-2.49376575395783	11.938114758802	-0.208891	1
MEIS2_ONECUT1_TAAATA40NTAT_YJII_NTGACANNNAATCGATW_1_3	19456	-6.31863320169679	17.5724077608071	-0.359577	1
MEIS2_ONECUT2_CAP-SELEX_TGTTTC40NTTA_AAA_NTGACAGNTAATCRATAN_2_2	5632	1.46227904849494	18.4590837225774	0.0792173	1
MEIS2_TBX20_TGATTC40NTAT_YWIIII_NRGGTGWTGACAN_1_3	1920	2.17719960864638	11.696725213126	0.186138	1
MEIS2_TEAD4_TGATTC40NTAT_YJII_NCATTCCNNNNTGWCAN_1_3	262144	-0.680868208612998	14.7228181628105	-0.0462458	1
MEIS3_HT-SELEX_TCTAGT40NAAC_KQ_TGACANNTGTCA_1_4	250	2.64173803179556	13.2752964507577	0.198997	1
Meis3_HT-SELEX_TGGACA20NGA_AF_NTGACAN_1_2	224	-8.88562084095454	7.50265940682099	-1.18433	1
Meis3_HT-SELEX_TGGACA20NGA_AF_TGACAGSTGTCA_2_3	52	8.68770112147481	15.034279334884	0.577859	1
MEIS3_HT-SELEX_TGGGTA20NGA_Y_NTGACAGN_1_2	304	-11.4831137897982	8.53873274303322	-1.34483	1
MEIS3_HT-SELEX_TGGGTA20NGA_Y_TGACAGSTGTCA_2_2	52	8.31846366102032	14.5417247659646	0.572041	1
MEIS3_TBX20_TGACGC40NTGTT_YWIIII_NAGGTGNTGACAN_1_3	1984	2.37452272624874	11.3173857541102	0.209812	1
MEOX1_HT-SELEX_TAAGCA40NGTC_KX_NTCGTTAN_1_2	304	-18.8435333700666	6.64761940180665	-2.83463	1
MEOX1_HT-SELEX_TAAGCA40NGTC_KX_NYAATTAN_1_3	388	-8.77343971601472	7.79976651357103	-1.12483	1
MEOX1_HT-SELEX_TACCTA20NCG_W_NSTAATTANN_1_4	1864	-7.14286249543783	9.32834548904134	-0.765716	1
MEOX2_HT-SELEX_TACGGG40NCTT_KX_NTCGTTAN_1_2	304	-7.16725063770605	6.86392964190011	-1.04419	1
MEOX2_HT-SELEX_TACGGG40NCTT_KX_NYAATTAN_1_2	388	-8.98439107988349	7.3595197331555	-1.22078	1
Meox2_HT-SELEX_TACGTC20NTGC_Z_NTAATKAN_1_4	388	-8.34821988619879	7.57565414941565	-1.10198	1
MEOX2_HT-SELEX_TAGTTT30NTTT_AI_NSTAATTANN_1_3	1864	0.64607290936333	8.59047864919377	0.075208	1
MEOX2_HT-SELEX_TAGTTT30NTTT_AI_NTAATTANNNTAATTAN_1_4	18944	7.14915671613972	17.1358019095209	0.417206	1
MEOX2_HT-SELEX_TAGTTT30NTTT_AI_NTMATCATCATTAN_1_4	1108	6.28237716711267	15.8777272681452	0.395672	1
MESP1_HT-SELEX_TACCCG20NCG_Y_NNCACCTGNN_1_3	4624	-12.7008721878525	9.4108633026736	-1.3496	1
MESP2_HT-SELEX_TGAGCT40NGCA_KO_NAMCATATGKYN_1_3	2312	-4.64428701233287	13.2465977631112	-0.350602	1
MGA_DLX2_CAP-SELEX_TGCGGT40NTCA_AAD_AGGTGNTAATTR_1_2u	256	-1.32374870828711	13.5375884699686	-0.0977832	1
MGA_DLX2_CAP-SELEX_TGCGGT40NTCA_AAD_SYAATTANWGGTGYGA_2_2	2432	-0.875422482473799	17.2624492981318	-0.0507125	1
MGA_DLX3_CAP-SELEX_TGGGTG40NGGA_AAD_AGGTGNTAATKR_1_2	480	-7.22799542248204	13.7199209423887	-0.526825	1
MGA_DLX3_CAP-SELEX_TGGGTG40NGGA_AAD_YNATTANRGGTGTGAN_1_2	9216	-4.87787075293541	16.0573236033884	-0.303779	1
MGA_EVX1_CAP-SELEX_TCGTGA40NGTC_AAD_AGGTGNTAATKW_1_2	480	-3.26734002056553	13.044362752864	-0.250479	1
MGA_EVX1_CAP-SELEX_TCGTGA40NGTC_AAD_AGGTGNTAATKWNNNNTN_1_2	540660	-16.5889205330852	19.4377646076435	-0.853438	1
MGA_HT-SELEX_TAGGGC20NGGT_Y_AGGTGTGA_1_3	25	-0.467648077108753	9.85497636649532	-0.047453	1
MGA_HT-SELEX_TAGGGC20NGGT_Y_AGGTGTKANNTMACACCT_2_3	1444	9.06202116139463	20.4329617541289	0.4435	1
MGA_HT-SELEX_TAGGGC20NGGT_Y_GGYGTGANNNNTCACRCC_2_3	19984	-0.024593843925495	19.9169770915788	-0.00123482	1
MGA_PITX1_CAP-SELEX_TTCATT40NTAT_AAD_RGGTGNTAAKCCN_1_2	1920	-4.55833785867034	12.9151481285841	-0.352945	1
MIXL1_ETV1_TTGGCC40NTCG_YRIIII_NCGGAWRNNNNYAATTAN_1_3	1015808	2.38224453084703	14.0418327248016	0.169653	1
MIXL1_HT-SELEX_TGATTT20NTTA_AE_NNYAATTANN_1_3	6160	-3.78911916907821	7.87892748855138	-0.480918	1
MIXL1_HT-SELEX_TTAAGT40NCCT_KW_TAATYNRATTA_1_3	216	-4.84884822780817	11.1659589100718	-0.434253	1
MIXL1_PAX5_TTGGCC40NTCG_YXII_NYAATTWCACGCNYNRNYRN_1_3	2228168	-11.706543356332	14.967004086277	-0.782157	1
MIXL1_TBX20_TTGGCC40NTCG_YWIIII_NRGGTGTNAATTAN_1_3	4096	1.04767050497449	11.3537033224127	0.0922757	1
MIXL1_TBX21_TTGAGT40NCGC_YYI_NTAATTAGGTGTNAN_1_3	2368	5.62706855476725	15.1458698047497	0.371525	1
MIXL1_TEAD4_TTGGCC40NTCG_YJII_TAATTANNNNNNCATTC_1_3	139264	3.35477526625681	12.6133446882807	0.26597	1
MLX_ELF1_TCCAGC40NGTCC_YADIIII_NCACGTGNNCGGAAGTN_2_3	10240	-0.0159208004005543	16.373406015715	-0.000972357	1
MLX_ELF2_TTGTCT40NGCT_YSIII_NCACGTGNNCGGAAGTN_1_3	10240	0.931878008469188	17.3469212663839	0.0537201	1
MLX_ERG_TCCAGC40NGTCC_YYII_NCGGAARCACGTGN_1_3	1120	6.11606069587768	15.0170561956499	0.407274	1
MLX_ETV1_TCCAGC40NGTCC_YRIIII_NCACGTGNNCGGAWRYN_1_3	69632	6.25806398474779	16.8049996237852	0.372393	1
MLX_ETV4_TCCAGC40NGTCC_YSIII_NCACGTGNNCGGAWRYN_1_3	69632	5.74783798571068	16.2653634890073	0.353379	1
MLX_ETV4_TCCAGC40NGTCC_YSIII_NSCGGAWRCACGTGN_1_3	4352	6.98088798102076	15.3408653539331	0.455052	1
MLX_ETV4_TCCAGC40NGTCC_YSIII_NSCGGAWRNCACGTGN_1_3	17408	6.73065841860083	16.0239394257548	0.420038	1
MLX_FLI1_TCCAGC40NGTCC_YYIII_NCCGGAARCACGTGN_1_3	1216	8.44489514579714	16.47331369635	0.512641	1
MLX_GABPA_TTGTCT40NGCT_YYIIII_NACCGGAARCACGTGN_1_3	1312	3.98945362843498	18.3047111290236	0.217947	1
MLX_GABPA_TTGTCT40NGCT_YYIIII_NCAYGTGANCGGAAGTN_1_3	5248	3.82573126717875	18.9987539071339	0.201367	1
MLX_GCM1_TTGTCT40NGCT_YACII_NRTGCGGGNNNCACGTGN_1_3	77824	5.99290194100736	17.1441812267078	0.349559	1
MLX_HT-SELEX_CATAT14N_S_ATCACGTGAT_2_4	16	0.767406360175871	12.3079567197582	0.0623504	1
Mlx_HT-SELEX_CCTGG14N_T_ATCACGTGAT_2_3	16	-3.00942423294222	12.0740477805848	-0.249247	1
MLX_HT-SELEX_TCCAAG40NAAC_KS_NCACGTGN_1_2	154	-9.71665020462899	8.82317657496154	-1.10126	1
MLX_HT-SELEX_TGCCAA40NTAG_KW_YNCACGTGMYN_1_3	2816	-7.43914183234939	10.6788854579707	-0.696622	1
MLX_ONECUT1_TTGTCT40NGCT_YJII_NCACGTGNNNNNNATCGATN_1_3	2424832	3.28792647529719	18.8744875630432	0.1742	1
MLXIPL_HT-SELEX_TGTAAA20NAAG_AE_ATCACGTGAT_2_3	16	-0.775467752708859	11.3207956071557	-0.0684994	1
MNT_HT-SELEX_TCTTCT20NGA_Y_NNCACGTGNN_1_3	2440	-6.61512917431475	9.7091775627249	-0.681327	1
MNX1_FOXO1_TCCTAC40NGAA_YIII_NRTAAACAAATTAN_2_3	1120	3.92988509410329	6.8478884177084	0.573883	1
MNX1_GABPA_TTGCAG40NGAC_YYIIII_NCCGGAWRYAATTAN_1_3	4352	4.4920164119807	15.0275704364705	0.298918	1
MNX1_HT-SELEX_TAAGGG40NACC_KO_NYAATTAN_1_3	388	-8.82817997473948	8.50978904747325	-1.03741	1
MNX1_HT-SELEX_TGGTGA20NGTT_Z_NNYAATTANN_1_4	6160	-9.22239330810484	9.0081624036838	-1.02378	1
MNX1_PAX2_TCCTAC40NGAA_YZII_YMATTAGTCACGSNYSANYRN_2_3	335872	3.33893882720834	17.948629447742	0.186028	1
MNX1_TBX21_TTGCAG40NGAC_YYI_NTAATKAGGTGTNAN_1_3	4480	5.84658834231897	14.8816129363357	0.392873	1
MNX1_TBX4_TTGCAG40NGAC_YWII_NAGGTGTNATAATTRN_1_3	4864	4.22616738208907	16.6052543737323	0.254508	1
MNX1_TBX4_TTGCAG40NGAC_YWII_NAGGTGTTAATKRN_1_3	2112	5.19420298208734	13.4309827700628	0.386733	1
MNX1_TBX4_TTGCAG40NGAC_YWII_NTAATKAGGTGNNRN_1_3	30720	2.96165233553642	14.0746024075024	0.210425	1
MNX1_TEAD4_TCCTAC40NGAA_YJII_YAATTANNATTCC_1_3	1024	2.50927654496186	10.3546589584438	0.242333	1
MSC_HT-SELEX_TACTTA40NCTA_KR_NRACAGCTGTYN_1_2	868	-2.22549346372389	11.2621312676656	-0.197609	1
MSC_HT-SELEX_TACTTA40NCTA_KR_NRNCATATGNYN_1_2	10768	-9.79075486021102	9.71433529106394	-1.00787	1
MSC_HT-SELEX_TACTTA40NCTA_KV_NNACAGCTGTNN_1_4	3208	-10.4991247229601	12.0362470623802	-0.872292	1
MSC_HT-SELEX_TACTTA40NCTA_KV_NRNCATATGNYN_1_4	10768	-12.7557045724175	11.5719098581802	-1.1023	1
MSC_HT-SELEX_TAGTCC20NCTT_AA_AACAGCTGTT_1_4	16	2.42204864643244	12.6476559293654	0.191502	1
MSGN1_HT-SELEX_TTCTTG40NTGC_KO_NRCCAWWTGKYN_1_2	7696	-6.84877874147827	9.95312393120332	-0.688103	1
MSX1_ELF5_TCTTAT40NACA_YYI_NMGGAAGTAATTAN_1_3	1120	3.43707084947447	14.3807064026798	0.239006	1
MSX1_ELK3_TTACAA40NTAC_YAFI_NCCGGAAGYAATTAN_2_3	1216	6.14090710494637	12.8069841948109	0.479497	1
MSX1_FLI1_TCTTAT40NACA_YYIII_NCCGGAWRYAATTAN_1_3	4352	3.11767779063445	15.1503052133382	0.205783	1
MSX1_GABPA_TTACAA40NTAC_YYIIII_NCCGGAWRYAATTAN_1_3	4352	4.09313615811279	15.0215871480494	0.272484	1
MSX1_HT-SELEX_TACTGG40NGGA_KO_NCAATTAN_1_3	292	-7.57510107816353	8.50853466380195	-0.890294	1
MSX1_HT-SELEX_TCTTAT40NACA_KV_NCAATTAN_1_3	292	-7.0274347418511	7.93220322777953	-0.885937	1
MSX1_HT-SELEX_TGCGAA30NAGC_AI_NYAATTAAAANNYAATTA_2_3	10752	6.6241464265568	18.2002820439379	0.363958	1
MSX1_HT-SELEX_TGCGAA30NAGC_AI_NYAATTAN_1_3	388	-9.33158738477629	8.47550938876303	-1.10101	1
MSX1_HT-SELEX_TGCTTA20NGA_AE_NYAATTAN_1_3	388	-8.37715378213097	8.2146838720634	-1.01978	1
MSX1_IRF8_TCTTAT40NACA_YQIIII_NYGAAASYAATTAN_1_3	3968	6.33512149858666	12.8910819217332	0.491434	1
MSX1_MEIS3_TTACAA40NTAC_YRIIII_NTGWCAAATTRN_1_3	1728	2.52686465471416	10.5565458807131	0.239365	1
MSX1_ONECUT1_TTACAA40NTAC_YJII_ATCGATNNNAATTA_1_3	2176	4.81939635036233	12.4295775963124	0.387736	1
MSX1_PAX2_TCTTAT40NACA_YZII_YMATTACACGSNYSANYRN_2_3	286720	-0.484624402880423	17.6987230925855	-0.0273819	1
MSX1_TBX21_TTACAA40NTAC_YYI_NTAATTAGGTGTGAN_1_3	640	0.357228745662932	16.153464797101	0.0221147	1
MSX1_TBX4_TTACAA40NTAC_YWII_NTAATTAGGTGTNRN_1_3	4480	5.47667503786779	14.0328724090148	0.390275	1
MSX1_TEAD4_TCTTAT40NACA_YJII_YAATTANCATTCC_1_3	280	6.71618122553447	14.1591787993088	0.474334	1
MSX2_ELF5_TCGAAA40NAAT_YYI_NAYSMGGAAGTAATTAN_1_3	5120	0.985860533712296	16.9481376502048	0.0581693	1
MSX2_ELK3_TGTGAC40NGTC_YAFI_NAATTANCGGAARYN_1_3	8448	3.50422126700377	13.2539696579133	0.26439	1
MSX2_ELK3_TGTGAC40NGTC_YAFI_NMMGGAWGYAATTAN_1_3	8192	2.5912335886885	15.1952022437795	0.17053	1
MSX2_FLI1_TCGAAA40NAAT_YYIII_NRCCGGAAGYAATTAN_1_3	2496	1.58106332085401	15.1701535859612	0.104222	1
MSX2_HT-SELEX_TAACTC40NGTC_KR_NCAATTAN_1_2	292	-9.55700996365383	8.45079315486238	-1.1309	1
MSX2_HT-SELEX_TGCGGG20NGA_W_NYAATTAAAANNYAATTA_2_3	10752	-1.45662287039167	19.6049450850821	-0.0742987	1
MSX2_HT-SELEX_TGCGGG20NGA_W_NYAATTAN_1_3	388	-8.48070438665515	8.83083510526291	-0.960351	1
MSX2_IRF8_TCGAAA40NAAT_YQIIII_NYGAAACYAATTAN_1_3	2112	5.72723892951462	12.1407675724163	0.471736	1
MSX2_MEIS3_TGTGAC40NGTC_YRIIII_NTGACAAATTRN_1_3	928	4.0729473500278	9.38844231053984	0.433826	1
MSX2_PAX2_TCGAAA40NAAT_YZII_YMATTACACGSNYSANYRN_2_3	286720	-0.100635011670023	17.3225273080423	-0.00580949	1
MSX2_PAX5_TCGAAA40NAAT_YXII_NYMATTACAYGCNYNRNYRN_1_3	4194248	-7.79883288519379	16.2759766177237	-0.479162	1
MSX2_TBX21_TGTGAC40NGTC_YYI_NAGGTGTTAATTRN_1_3	1120	4.80996919139405	12.3057574667722	0.390871	1
MSX2_TBX21_TGTGAC40NGTC_YYI_NTAATKAGGTGTNAN_1_3	4480	3.16785120981103	14.3593924321271	0.220612	1
MSX2_TBX4_TGTGAC40NGTC_YWII_NAGGTGTTAATTRN_1_3	1120	5.51624929737477	12.0850892442535	0.456451	1
MSX2_TBX4_TGTGAC40NGTC_YWII_NTAATKAGGTGTNRN_1_3	8448	3.98300723693881	13.9699516938058	0.285112	1
Msx3_HT-SELEX_TCGACT20NCAT_AA_NYAATTAAAANNYAATTA_2_3	10752	-0.870181710585134	18.5703715156028	-0.0468586	1
Msx3_HT-SELEX_TCGACT20NCAT_AA_NYAATTAN_1_3	388	-5.98903834155391	8.43129580602291	-0.710334	1
MTF1_HT-SELEX_TGATCC20NCTA_Y_TTTGCACACGNCAC_2_4	160	4.37018215232013	17.6676945274782	0.247354	1
MTF1_HT-SELEX_TGCGCA40NCAA_KP_NYTTTGCACACGRYNYN_2_3	35840	-2.1115476109419	17.4554899498329	-0.120968	1
MYBL1_ELF1_CAP-SELEX_TATGAC40NTCA_AX_NMCCGGAACCGTTR_1_3b0	576	2.13427387540564	16.3782922134353	0.130311	1
MYBL1_EOMES_CAP-SELEX_TACAAG40NTCC_AX_RSGTGNNNAACGK_1_3	12736	-6.2666103664052	11.1980920150714	-0.559614	1
MYBL1_HOXA13_CAP-SELEX_TTTCAA40NTGA_AT_CTCRTAAAWNNNNRMCGTTR_2_2	319488	0.3554250316103	19.4234560108975	0.0182988	1
MYBL1_HT-SELEX_TTGCGT20NTA_AF_ACNGTTAAACNG_1_4	496	-8.68847263384003	12.493063124411	-0.695464	1
MYBL1_HT-SELEX_TTGCGT20NTA_AF_NCCGTTAACGGN_1_4	250	-7.4968938311872	13.6363525524376	-0.549773	1
MYBL1_HT-SELEX_TTGCGT20NTA_AF_NNAACCGTTNN_1_4	5120	-10.6732219288247	10.8024112221872	-0.988041	1
MYBL1_HT-SELEX_TTGCGT20NTA_AF_NNCNGTTNNNACNGTTN_1_4	1835008	-24.3807385392217	16.0409260809016	-1.51991	1
MYBL1_MAX_CAP-SELEX_TCCTTG40NGGT_AX_NCACGTGNNYAACSGNN_1_2	135168	-3.40985950111272	15.7809652720494	-0.216074	1
MYBL1_ONECUT2_CAP-SELEX_TCTACC40NTAG_AX_NAACGGNNATYGANN_1_3	59392	-8.81877274628801	15.7806795183419	-0.558834	1
MYBL1_TBX21_CAP-SELEX_TTTCTG40NTAG_AX_AGGTGTGNCSGTTR_2_2	576	3.69630358440128	16.2488743256757	0.227481	1
MYBL2_HT-SELEX_TGAGTG20NGA_AC_AACCGTTAACGGNN_1_3	556	-3.49299159299065	14.9875527703218	-0.23306	1
MYBL2_HT-SELEX_TGAGTG20NGA_AC_ACCGTTARRACCGTTA_2_3	180	9.52795644389958	18.7972683286673	0.50688	1
MYBL2_HT-SELEX_TGAGTG20NGA_AC_NNAACCGTTNN_1_3	5120	-10.6510103006785	10.8329414846015	-0.983206	1
MYBL2_HT-SELEX_TGAGTG20NGA_AC_RACCGTTAAACNGYY_1_3	1160	4.46844536548157	15.9239913862058	0.280611	1
MYBL2_HT-SELEX_TTAGAG40NCGG_KR_NTAACSGTTRN_1_4	1104	-6.95337923898817	10.0278109035238	-0.693409	1
MYF6_HT-SELEX_TCCCGC40NACA_KR_CGTCANNTGTYN_1_4	3316	-6.97910666540542	12.0172393291895	-0.580758	1
MYF6_HT-SELEX_TCCCGC40NACA_KR_NAACANNTGWYN_1_4	17816	-11.7547613381028	11.7945461459109	-0.996627	1
MYF6_HT-SELEX_TGACTC20NTCA_AF_AACAVBTGTT_1_4	117	-4.21164633224935	12.3306105579903	-0.34156	1
MYOD1_HT-SELEX_TACTAA40NATT_KW_NAACANNTGTYN_1_3	8464	-8.1836052125818	11.5037406036949	-0.711386	1
MYOD1_HT-SELEX_TACTAA40NATT_KW_YGTCANNTGTYN_1_3	6088	-4.39103492649937	12.0518804762126	-0.364344	1
MYOD1_HT-SELEX_TGTCTG40NAGG_KO_NAACANNTGTYN_1_3	8464	-8.63660283764738	11.3009099346516	-0.76424	1
MYOD1_HT-SELEX_TGTCTG40NAGG_KO_YGTCANNTGTYN_1_3	6088	-19.0711239932558	12.0174590367301	-1.58695	1
MYOG_FLI1_TGCTTC40NGTCA_YYIII_NCCGGAAACANNTGTTN_1_3	10240	-0.570906036358775	17.6514177627006	-0.0323434	1
MYOG_HT-SELEX_TACTAA40NATT_KV_CGTCANNTGTYN_1_2	3316	-12.662662560132	13.7380745968093	-0.92172	1
MYOG_HT-SELEX_TACTAA40NATT_KV_NAACANNTGTYN_1_2	8464	-11.8345974605678	12.3630269007203	-0.957257	1
MYOG_HT-SELEX_TCGCCG40NTGC_KR_CGTCANNTGTYN_1_3	3316	-8.29210241481353	13.6872688486809	-0.605826	1
MYOG_HT-SELEX_TCGCCG40NTGC_KR_NAACANNTGTYN_1_3	8464	-11.8652098155972	12.8530044964928	-0.923147	1
MYOG_TBX21_TAGTAG40NGTT_YYI_NAGGTGTGNNCAGCTGNYN_1_3	83968	-6.49452924431219	19.5535642166101	-0.33214	1
MYOG_TEAD4_TGCTTC40NGTCA_YJII_RACAGCTGTYNNNRCATTCC_2_3	23552	1.47817504506816	19.2343445666398	0.0768508	1
NEUROD2_HT-SELEX_TAGCGC40NCGC_KV_RMCATATGYY_1_3b0	313	-3.83461810905036	10.695382777404	-0.35853	1
NEUROD2_HT-SELEX_TGACCT20NGA_AE_NNCATATGNN_1_4	2440	-32.3331716779647	10.1234792896473	-3.19388	1
NEUROG1_FLI1_TCGAAT40NTCGT_YYIII_NCGGAWRTNNNNNCATATG_1_3	589824	3.29009610299884	17.1178537034431	0.192203	1
NEUROG1_FOXA1_TCGAAT40NTCGT_YWII_NRYAAAYANNNNCATATGN_1_3	1114112	-14.9055207822934	18.3860990776904	-0.810695	1
NEUROG1_FOXD2_TCGCAC40NCCT_YWI_NRYAAAYANNNNCATAWGN_1_3	2097152	-1.61309407482037	16.663093334211	-0.0968064	1
NEUROG1_HT-SELEX_TACATA40NAGA_KR_RNCATATGNY_1_2	676	-11.4426468350085	10.4411732705348	-1.09592	1
NEUROG1_HT-SELEX_TTGCCA40NGTG_KAE_RNCATATGNY_1_2	676	-12.5573065371955	11.1526377557577	-1.12595	1
NEUROG1_ONECUT1_TCGCAC40NCCT_YJII_NCATATGNNNNNNATCGATN_2_3	2424832	-0.24627581369613	18.910093949716	-0.0130235	1
NEUROG1_OTP_TCGAAT40NTCGT_YPIII_NCATATGNNNNYAATTAN_1_3	286720	-3.47575779006959	16.3677488344865	-0.212354	1
NEUROG1_TCF3_TCGCAC40NCCT_YIII_NMCATCTGYYN_1_3	2816	-7.90690979990472	10.1126371052292	-0.781884	1
NEUROG1_TCF4_TCGAAT40NTCGT_YACII_NMCATCTGTYN_1_3	1536	-7.91391348204504	8.70324460365605	-0.909306	1
NEUROG2_EVX2_TCACAT40NATG_YZIIII_NYMATTANNNNNCATATGN_1_3	2162688	-0.383888245693612	16.3969095168043	-0.0234122	1
NEUROG2_FOXD2_TAGGAG40NAGT_YWI_NCATATGNNNNNNGTAAACAN_2_3	2621440	-15.0554714928958	20.5344602435791	-0.733181	1
NEUROG2_HT-SELEX_TATATG40NCTA_KV_RNCATATGNY_1_3b0	676	-8.77445608768829	10.1002478494294	-0.868737	1
NEUROG2_HT-SELEX_TCGCTG20NTCT_Z_RACATATGTY_1_3	55	3.4829557750879	11.3398714017196	0.307142	1
NEUROG2_HT-SELEX_TGGCGG20NGA_AE_RACATATGTY_1_4	55	-1.11661262376129	11.8770085277257	-0.0940146	1
NEUROG2_HT-SELEX_TTTGTA40NTCC_KO_RNCATATGNY_1_3	676	-9.17689777027976	11.0814518818382	-0.828131	1
NEUROG2_ONECUT1_TAGGAG40NAGT_YJII_ATCGATNNNNNCATATG_1_3	37888	-3.80987807994222	16.9085018139512	-0.225323	1
NEUROG2_TCF3_TAGGAG40NAGT_YIII_NCCATCTGTCA_1_3	124	-4.62343569416465	10.9870566612544	-0.420807	1
NEUROG2_TEAD4_TCACAT40NATG_YJII_CATATGNNNNNNNCATTCC_1_3	606208	-5.3391320822854	17.821390881477	-0.299591	1
NFAT5_HOXC10_TCATTC40NAGGC_YAEIII_NGGAAANTTTTTAN_1_3	2176	-3.52018683149451	12.282217283227	-0.286608	1
NFAT5_HT-SELEX_TGAGCG40NTTG_KS_NYGGAAANNTACN_1_4	13312	-5.72528624779587	12.2649097355658	-0.466802	1
NFAT5_HT-SELEX_TGATAA20NGA_AA_RTGGAAAANTMCNN_1_3	7678	-6.39681958863012	15.7246421507261	-0.406802	1
NFATC1_HOXB5_TGACGC40NCAC_YVIII_NTAATGYGGAAAN_2_3	1024	-2.79895515720049	13.6766072193601	-0.204653	1
NFATC1_HT-SELEX_TTCAAG40NGCC_KS_NTTTCCATGGAAAN_1_2	298	0.679059183104632	17.1975862529602	0.0394857	1
NFATC1_HT-SELEX_TTCAAG40NGCC_KS_NTTTCCRNNNNYGGAAAN_1_2	270400	-5.80405453424711	18.5061674239697	-0.313628	1
NFATC1_HT-SELEX_TTCGTA20NTGC_AE_NATGGAAANWWWWTTTYCMN_2_4	163840	-2.43630059820617	19.7004195232683	-0.123667	1
NFATC1_HT-SELEX_TTCGTA20NTGC_AE_TTTCCAYNRTGGAAA_2_4	312	6.33421620038059	17.4156261706693	0.363709	1
NFATC1_HT-SELEX_TTCGTA20NTGC_AE_TTTTCCATGGAAAA_2_4	22	7.77969254774722	17.2571052474768	0.450811	1
NFATC1_MSX2_TAGGTC40NACCA_YSIIII_NYGGAAANNNNYAATTAN_2_3	540672	2.85654367034385	12.572090736169	0.227213	1
NFATC1_ONECUT1_TGACGC40NCAC_YJII_NATCGATNNNYGGAAAN_1_3	71680	-0.506396161060577	18.9554297602325	-0.0267151	1
NFATC1_OTP_TAGGTC40NACCA_YPIII_NYGGAAANNYAATTAN_1_3	33792	3.11756447971289	13.4204585141357	0.232299	1
NFATC1_POU2F2_TAGGTC40NACCA_YAAIIII_NYGGAAANTATGCAAAN_2_3	5248	3.91553349732121	16.8116016470898	0.232907	1
NFATC2_HT-SELEX_TGAATG40NTAG_KS_NTTTCCATGGAAAN_1_2	298	1.21829412016347	17.6847146834347	0.0688897	1
NFATC2_HT-SELEX_TGAATG40NTAG_KS_NTTTCCRNNNNYGGAAAN_1_2	270400	-6.74623784288964	19.2848150008179	-0.349821	1
NFATC3_HT-SELEX_TAGATG40NTAT_KT_NAYGGAAAMN_1_3	1344	-9.03280930510429	9.70643330910347	-0.9306	1
NFATC3_HT-SELEX_TAGATG40NTAT_KT_NTTTCCRYGGAAAN_1_3	1060	5.39130587112413	15.9690350579025	0.33761	1
NFATC4_EVX2_TGGCCT40NATTT_YZIIII_NYGGAAANNYAATTAN_1_3	33792	2.20276373654023	16.6507557858036	0.132292	1
NFATC4_HOXB5_TCCGTC40NGTT_YVIII_NTAATKYGGAAWN_1_3	3584	-5.80510540316252	12.7075662295611	-0.456823	1
NFATC4_HT-SELEX_TCTTGT40NCAG_KS_NAYGGAAAAN_1_3	736	-7.56255218692632	9.97728454159029	-0.757977	1
NFATC4_HT-SELEX_TCTTGT40NCAG_KS_NTTTCCRYGGAAAN_1_4	1060	3.01176061053962	15.2120423730615	0.197985	1
NFATC4_MSX2_TGGCCT40NATTT_YSIIII_NYGGAAANNNNYAATTAN_1_3	540672	-2.98428983185227	14.8026195356795	-0.201606	1
NFATC4_NKX2-6_TGGCCT40NATTT_YQII_NGGAAANNCACTTN_1_3	7936	2.11199682259356	13.1858719303602	0.160171	1
NFATC4_ONECUT1_TCCGTC40NGTT_YJII_NRYGGAAANNNATCGATYKN_2_3	622592	5.80619286526949	15.3570494397999	0.37808	1
NFATC4_OTP_TGGCCT40NATTT_YPIII_NYGGAAANNYAATTAN_1_3	33792	4.51974452800968	15.5643954234639	0.29039	1
NFE2_HT-SELEX_TGTAGG20NGA_AC_NATGASTCATN_1_4	416	-7.96923705602722	13.1619900618413	-0.605474	1
NFE2_HT-SELEX_TTAAAT40NAAT_KR_NATGASTCATN_1_2	416	-8.50414797742078	11.7965124139374	-0.720904	1
NFIA_HT-SELEX_TACGTC20NTGC_AA_TTGGCANNNTGCCAR_2_3	3264	1.5955267097754	16.012551430778	0.0996423	1
NFIB_HT-SELEX_TCATCA20NCG_AD_TTGGCANNNTGCCAR_2_3	3264	4.36125735550451	16.1223973086881	0.270509	1
NFIB_HT-SELEX_TCTCCG40NCGC_KX_NTTGGCNNNNTGCCARN_1_3	235008	-4.81983700985845	14.3684212480015	-0.335447	1
NFIC_HT-SELEX_TATTTG40NCCA_KX_NTTGGCNNNNTGCCARN_1_3	235008	-2.07898770386565	15.795189989574	-0.131622	1
NFIL3_HT-SELEX_TAGACG20NCG_Y_NRTTACRTAAYN_1_2	2312	0.670438981381045	11.0872265956	0.0604695	1
NFIX_HT-SELEX_TCAACC20NCG_AC_YTGGCNNNNTGCCAA_2_3	14688	1.03136789964167	14.1830009402517	0.0727186	1
NFIX_HT-SELEX_TTGAGC40NGTC_KAE_NTTGGCNNNNTGCCARN_1_4	235008	-5.48236217601603	15.5611341089844	-0.352311	1
NFKB1_HT-SELEX_TCTCAA20NGA_AA_NGGGGAWTCCCCN_2_3	512	2.65177104835672	16.2151707868727	0.163536	1
NFKB2_HT-SELEX_TCCGGG40NCTC_KS_NGGGGAWNYMCCN_1_4	11888	-5.70908206580727	13.2856196115291	-0.429719	1
NFKB2_HT-SELEX_TTCAAT20NGA_R_NGGGGAWTCCCCN_2_3	512	2.78374505865953	14.6734054779161	0.189714	1
NHLH1_HT-SELEX_TCTCCA40NGGA_KV_NKGNMKCAGCTGCGYCMN_2_4	67360	-3.18714901602948	18.0154639645525	-0.176912	1
NHLH1_HT-SELEX_TGATGG20NGTA_W_CGCAGCTGCG_1_4	16	-1.87525801360656	11.796845115263	-0.158963	1
NHLH1_HT-SELEX_TGCAGT40NAAG_KR_NKGNMKCAGCTGCGYCMN_2_3	67360	-1.68035176260987	18.7124396175092	-0.0897986	1
NHLH1_HT-SELEX_TGGGCG20NGA_W_CGCAGCTGCG_1_4	16	0.92620346860444	12.1594282581978	0.0761716	1
NHLH2_HT-SELEX_TTAGTA40NCTC_KW_NKGNMGCAGCTGCGYCMN_2_4	33176	-1.90198644286504	18.7003671473543	-0.101709	1
NKX2-3_FLI1_TTCTCC40NTCTC_YYIII_NACCGGAWRNNNNCACTTAN_1_3	638976	-2.05344842678382	15.6887451735531	-0.130887	1
NKX2-3_HT-SELEX_TAGGTT40NAAG_KV_NNCACTTRAN_1_3	2548	-10.4302777631222	9.43340787907083	-1.10567	1
NKX2-3_HT-SELEX_TCTGCC40NCAC_KR_NCCACTTRAN_1_3	736	-6.56960660956141	8.90421705820626	-0.737808	1
NKX2-3_HT-SELEX_TGCTAC20NGA_Y_NCCACTTRAN_1_4	736	-5.43661319533625	10.4660057612532	-0.519454	1
NKX2-3_HT-SELEX_TGGAAT20NGA_AE_NCCACTTRAN_1_4	736	-7.96057219460395	9.90578890394467	-0.803628	1
NKX2-3_TEAD4_TTCTCC40NTCTC_YJII_CACTTAACATTCC_2_3	40	7.80913439670627	12.5813159047078	0.620693	1
NKX2-3_TGIF2LX_TACGTA40NATC_YVII_NCCACTTGACAN_1_3	496	-2.91750222858212	10.6789146179925	-0.273202	1
NKX2-4_TBX4_TCCAGC40NGGC_YWII_AGGTGTNAAGTG_1_3	136	6.17487710005363	10.594952324955	0.582813	1
NKX2-5_HT-SELEX_TCCGAG40NTGG_KW_NCCACTTRAN_1_3	736	-6.267527406971	9.55189263053148	-0.656156	1
NKX2-8_HT-SELEX_TAGGCA20NCG_Y_NCACTTNAN_1_4	1216	-12.5649771750942	8.25447066464792	-1.5222	1
NKX2-8_HT-SELEX_TGTTGC20NGTG_AE_NCACTTNAN_1_4	1216	-12.9788517825138	8.8507504269689	-1.46641	1
NKX2-8_HT-SELEX_TTGTTA40NGGT_KW_NNCACTTSAN_1_3	2548	-11.7824737897765	9.9923972576957	-1.17914	1
NKX3-1_HT-SELEX_TCCCTC20NCG_AD_NCCACTTAA_1_3	100	-5.15503417431924	9.97519802521239	-0.516785	1
Nkx3-1_HT-SELEX_TCTTAG20NATG_AA_NCCACTTAA_1_4	100	-5.80976688575342	10.2637227867316	-0.566049	1
NKX3-1_HT-SELEX_TTTGAG40NATT_KV_NCCACTTAAN_1_3	400	-7.02374473256392	10.119654428238	-0.69407	1
NKX3-2_HT-SELEX_TCCAGT20NGAC_Y_NCCACTTAA_1_3	100	-5.83582367933166	9.73804640180148	-0.599281	1
NKX3-2_HT-SELEX_TTTGAG40NATT_KP_NCCACTTAAN_1_3	400	-6.47419712880764	10.6282655388938	-0.609149	1
Nkx6-1_HT-SELEX_TCGTGT20NGTT_AC_NYMATTAN_1_2	782	-9.35936347802412	7.58605327507942	-1.23376	1
NKX6-1_HT-SELEX_TGAAAC20NAAA_W_NYMATTAN_1_4	782	-9.78481750054445	8.49741735013282	-1.1515	1
NKX6-1_HT-SELEX_TGCGGG30NGGC_AI_NYMATTAN_1_3	782	-10.9438180548811	8.48755136131083	-1.2894	1
NKX6-2_ATF7_TCTGCA40NATA_YJI_NTGACGTAATKRN_1_3	1920	2.75589676037548	9.6528847327609	0.2855	1
NKX6-2_HT-SELEX_TCATGA40NAGT_KV_NTCATTAN_1_3	292	-10.6632065339587	8.30216576795341	-1.28439	1
NKX6-2_HT-SELEX_TCCAAG40NAAC_KO_NYAATTAN_1_3	388	-9.1508651039836	8.27035894441106	-1.10647	1
NKX6-2_HT-SELEX_TGGCAA20NGA_AE_NYMATTAN_1_3	782	-6.03094348583154	7.57033174259622	-0.796655	1
NKX6-2_HT-SELEX_TTACAT20NTA_AF_NYMATTAN_1_3	782	-11.1987164146525	7.79132558947282	-1.43733	1
NKX6-2_TBX21_TAAAGG40NGAC_YYI_NAGGTGTTAATTRN_1_3	1120	3.77656188592824	11.9126842281898	0.31702	1
NKX6-3_HT-SELEX_TGTAGA40NTGT_KO_NTMATTAAN_1_2	640	-14.4897640982175	9.3469915326655	-1.55021	1
NOTO_HT-SELEX_TGAACC40NCCA_KO_NYAATTAN_1_3	388	-9.84886463244293	8.31267288871435	-1.1848	1
NOTO_HT-SELEX_TGCGTT30NTGC_AI_NYTMATTANN_1_4	3820	-10.5684483689052	9.14089951236174	-1.15617	1
NPAS2_HT-SELEX_TGCTTT40NAGA_KS_NMCACGTGYN_1_3	1134	-8.35559451903276	10.5562544355635	-0.79153	1
NR1D1_HT-SELEX_TCTCCA40NGGA_KR_NAWNTRGGTCANTRGGTCAN_1_3	88064	0.103450937394398	19.7357704071731	0.0052418	1
NR1D2_HT-SELEX_TGAATT40NTAA_KR_NAWNTRGGTCANTRGGTCAN_1_2	88064	-0.726701513448892	18.0096741071365	-0.0403506	1
NR1I2_HT-SELEX_TACTGG40NGGA_KR_NYGAACYNNNYGAACYN_1_4	475136	-5.41130937403505	15.9115456112644	-0.340087	1
NR1I3_HT-SELEX_TGGCCA40NTTC_KAF_NTGAACTWW_1_3	336	-10.44728349004	10.0830372390459	-1.03612	1
NR2C1_HT-SELEX_TATTCA40NAGT_KT_NRGGTCRYGACCYN_1_4	3720	-2.07327087482485	11.7883772858707	-0.175874	1
NR2C1_HT-SELEX_TATTCA40NAGT_KT_NRRGGTCAN_1_4	1152	-7.90264932067192	8.27604177887643	-0.954883	1
NR2C2_HT-SELEX_TCGACT20NCAT_Z_RRGGTCAAAGGTCA_2_3	156	6.30583443450885	16.0210473647229	0.393597	1
NR2E1_HT-SELEX_TAACAA20NACA_W_AAAAGTCAA_1_4	28	-2.43024149869786	10.5805219382586	-0.22969	1
NR2E1_HT-SELEX_TAACAA20NACA_W_RAGTCAANAAGTCA_1_4	304	0.860794829159317	15.2356386043992	0.0564988	1
Nr2e1_HT-SELEX_TCGCGC20NGCT_AA_AAAAGTCAA_1_4	28	-2.84282720351948	10.5357291272317	-0.269827	1
Nr2e1_HT-SELEX_TCGCGC20NGCT_AA_RAGTCAANAAGTCA_2_4	304	-0.504885095633288	15.9838440382693	-0.0315872	1
NR2E1_HT-SELEX_TTCTGT40NAAC_KV_NAAAGTCAN_1_3	352	-7.84850522122103	8.68493249873781	-0.903692	1
NR2F1_HT-SELEX_TAGAGC40NTAG_KW_NRGGTCAAAGGTCAN_1_4	1216	-1.21369891445416	17.1464877461545	-0.0707841	1
NR2F1_HT-SELEX_TAGAGC40NTAG_KW_NRGGTCRNTGACCYN_1_4	11520	0.370226097280978	16.4797052304281	0.0224656	1
NR2F1_HT-SELEX_TCTAAG40NTTA_KO_NRGGTCAAAGGTCAN_1_2	1216	6.69967514092282	16.1279061844992	0.415409	1
NR2F1_HT-SELEX_TCTAAG40NTTA_KO_NRGGTCRNTGACCYN_1_2	11520	5.19607427589068	14.7041428031953	0.353375	1
NR2F1_HT-SELEX_TCTGAC20NGA_AE_RRGGTCAN_1_4	288	-6.02089809819177	8.98718458839103	-0.669943	1
NR2F1_HT-SELEX_TCTGAC30NAGG_AI_DNNNGGTCANNNH_1_4	614400	-29.0804056061845	11.6219427810978	-2.5022	1
NR2F1_HT-SELEX_TCTGAC30NAGG_AI_NRGGTCANNGGTCAN_1_4	16384	-3.57274425995206	17.6952096133724	-0.201905	1
NR2F1_HT-SELEX_TCTGAC30NAGG_AI_RRGGTCANNNGGTCAN_1_4	33792	-0.254240636880682	18.0828291342897	-0.0140598	1
NR2F1_TBX21_TCGGCA40NAGC_YYI_NAGGTCACACACCYN_1_3	1216	-1.35286778830956	16.3297160481023	-0.082847	1
NR2F1_TBX4_TCGGCA40NAGC_YWII_NAGGTCACACACCYN_1_3	1216	-2.01182113084781	16.2114633104494	-0.124099	1
NR2F6_HT-SELEX_TAGCAT40NAGG_KQ_NRGGTCAAAGGTCAN_1_4	1216	-0.164650653317153	18.1840009403296	-0.0090547	1
NR2F6_HT-SELEX_TAGCAT40NAGG_KQ_NRGGTCRNTGACCYN_1_4	11520	-0.287763711716155	17.2303433471498	-0.016701	1
Nr2f6_HT-SELEX_TAGTTT20NCG_Z_RRGGTCAAAAGGTCA_2_4	168	4.51480125509662	19.1771307810228	0.235426	1
Nr2f6_HT-SELEX_TAGTTT20NCG_Z_RRGGTCAAAGGTCA_2_4	156	2.63034648848507	17.9799845614637	0.146293	1
NR2F6_HT-SELEX_TCTTGA20NGA_AE_RRGGTCAAAGGTCA_2_3	156	4.11067099125947	16.5939363727096	0.247721	1
NR2F6_HT-SELEX_TGCCTC40NCAA_KV_NRGGTCAAAGGTCAN_1_4	1216	8.03318228473043	15.1396138424689	0.530607	1
NR2F6_HT-SELEX_TGCCTC40NCAA_KV_NRGGTCRNTGACCYN_1_4	11520	4.25131848433696	14.6702865313627	0.289791	1
NR2F6_HT-SELEX_TGTGGA20NGA_Y_RRGGTCAAAAGGTCA_2_3	168	4.05063953744143	18.6495351823279	0.217198	1
NR2F6_HT-SELEX_TGTGGA20NGA_Y_RRGGTCAAAGGTCA_2_3	156	1.35144956011594	17.864966968712	0.075648	1
NR3C1_HT-SELEX_TCTGTC40NCAA_KR_NGWACANNNYGTWCN_1_4	147456	-6.92989594267549	15.377299335914	-0.450658	1
NR3C1_HT-SELEX_TGACGA20NGCA_AG_NRGWACANNNTGTWCYN_2_4	237568	-8.04850002131056	16.3921786624202	-0.490996	1
NR3C2_HT-SELEX_TCAGAG20NAGA_AC_NRGNACANNNTGTNCYN_2_4	884736	-13.3141042659922	16.7416870306889	-0.795267	1
NR3C2_HT-SELEX_TGCTGG40NGCC_KT_NGNACRNNNYGTNCN_1_4	688128	0.0663378783700437	10.1295647225699	0.00654894	1
NR4A1_HOXA2_TGAACA40NAAT_YJI_NAAAGGTTAATKRN_1_3	2112	-1.74773320960091	14.2640232239299	-0.122527	1
NR4A1_HT-SELEX_TAGGCC40NTAT_KQ_NAAAGGTCAN_1_4	400	-6.00087109274587	11.9377424660156	-0.502681	1
NR4A1_HT-SELEX_TATATG40NCTA_KR_NAAAGGTCAN_1_3	400	-5.77493744896007	10.7185949905818	-0.538777	1
NR4A2_HT-SELEX_TCATTG20NTTA_W_AGGTCANNNNNTGACCT_2_4	18944	5.82368575430281	17.3175345050175	0.336288	1
NR4A2_HT-SELEX_TCATTG20NTTA_W_TGACCTTTAAAGGTCA_2_4	25	8.46027844959039	21.062442406148	0.401676	1
NR4A2_HT-SELEX_TCATTG20NTTA_W_TTTAAAGGTCA_2_4	34	-1.68681834680397	13.216176479104	-0.127633	1
NR4A2_HT-SELEX_TGCTCC40NCCG_KT_NAAAGGTCRN_1_4	736	-7.44861406444195	9.95750669904892	-0.74804	1
NR5A1_HT-SELEX_TACCAA40NTTA_KW_NYCAAGGTCAN_1_3	832	-5.2338707438753	10.4241159030515	-0.502093	1
NR5A2_HT-SELEX_TGCTCA40NCTG_KR_NCAAGGTCRNGACCTTGN_2_3	4168	-0.186298233819278	20.8951594533183	-0.00891586	1
NR5A2_HT-SELEX_TGCTCA40NCTG_KR_NYCAAGGTCAN_1_3	832	-7.1804497051702	11.9041948856656	-0.603187	1
NR5A2_HT-SELEX_TGCTCA40NCTG_KR_YGACCTTGNNNCAAGGTCR_2_3	5760	8.15342894100582	20.5506536590852	0.396748	1
NR6A1_HT-SELEX_TTGATG40NATC_KT_NTCAAGKTCAAGKTCAN_1_3	2688	2.37543255673034	16.5973589519463	0.143121	1
NRF1_HT-SELEX_TAGCGA20NCG_AC_YGCGCATGCGCN_1_2	190	1.40499509161843	14.6626822091901	0.0958212	1
NRL_FLI1_TTTCTT40NTTTA_YYIII_NRMCGGAWRNNNGTCAGCAN_2_3	622592	2.4785295697932	19.6743147371932	0.125978	1
NRL_FOSB_TTCTAA40NAAT_YWIII_WWWNTGCTGACGTCAYN_2_3	9728	8.20928897439284	15.7100416215517	0.52255	1
NRL_FOSB_TTCTAA40NAAT_YWIII_WWWNTGCTGAGTCAYN_2_3	8960	6.35234378142611	15.0283116817239	0.422692	1
NRL_HT-SELEX_TAAGGG40NACC_KV_NWWWNTGCTGACN_1_3	12800	-8.5358125601497	13.6083537665752	-0.627248	1
NRL_HT-SELEX_TGGAGA40NCCA_KR_NWWWNTGCTGACN_1_3	12800	-6.10348969645558	10.8822306496785	-0.560868	1
NRL_HT-SELEX_TGGAGC20NGA_O_NNNNTGCTGAN_1_4	19456	-11.6769422363046	9.69113556560541	-1.20491	1
NRL_NFATC1_TTCTAA40NAAT_YADI_WWWNYGCTGAYGGAAHN_2_3	51200	-2.16491931873601	15.3389482447962	-0.141139	1
NRL_TEAD4_TTTCTT40NTTTA_YJII_NGTCAGCAMATTCCN_2_3	1216	5.08160859114766	15.601948315866	0.325703	1
OLIG1_HT-SELEX_TGCCTG20NTCC_Z_ANCATATGNT_1_3	202	-24.172133784361	11.8158889601832	-2.04573	1
OLIG2_EVX2_TGGCCG40NCTTT_YZIIII_NTAATTANNNNCATATGN_1_3	151552	-5.10962042992577	17.3770947741359	-0.294043	1
OLIG2_EVX2_TGGCCG40NCTTT_YZIIII_NTAATTANNNNNCATATGN_1_3	606208	-2.20493824616168	18.3819288488516	-0.119951	1
OLIG2_FLI1_TGGCCG40NCTTT_YYIII_NCGGAAGTNNNNCATATGN_1_3	163840	-3.90228838571687	16.2162576847302	-0.240641	1
OLIG2_FOXA1_TGGCCG40NCTTT_YWII_NRYAAAYANNNNNCATATGN_1_3	4456448	-7.80363841692517	19.5536972481079	-0.399088	1
OLIG2_HT-SELEX_TACTAG40NGGA_KR_AACAGCTGTY_1_4	43	0.468032739654694	11.4414458509058	0.0409068	1
OLIG2_HT-SELEX_TACTAG40NGGA_KR_ANCATATGNY_1_4	532	-13.015674508619	11.6962163021902	-1.11281	1
OLIG2_HT-SELEX_TCTTTC20NGA_Y_AMCATATGKT_1_3	55	-2.70934600261048	11.2361612672249	-0.241127	1
OLIG2_HT-SELEX_TGCGCC20NGA_AE_AMCATATGKT_1_4	55	4.21770609205664	11.3705377484412	0.370933	1
OLIG2_ISX_TCTAAA40NCGC_YUIIII_NTAATTRNNNNCAKMTGN_1_3	1015808	-0.960624855551217	13.5840629377996	-0.070717	1
OLIG2_MEIS3_TCTAAA40NCGC_YRIIII_NCATATGNNNNNTGTCAN_1_3	557056	2.7303210967634	11.3163857165053	0.241271	1
OLIG2_OTP_TGGCCG40NCTTT_YPIII_NTAATTANNNNCATATGN_1_3	151552	1.85463708592759	15.3030214768111	0.121194	1
OLIG2_RUNX2_TGGCCG40NCTTT_YII_NWACCGCNNNNCATATGN_1_3	286720	-12.8195153440864	16.0688214203726	-0.797788	1
OLIG2_TEAD4_TGGCCG40NCTTT_YJII_NCATATGNNNNNNCATTCCN_1_3	2424832	-8.7068567276335	17.9694287457672	-0.484537	1
OLIG2_TGIF2LX_TCTAAA40NCGC_YVII_NCATATGNNNNNTGTCAN_1_3	557056	-6.55843262331509	17.685766573591	-0.370831	1
OLIG3_HT-SELEX_TGGAGT40NTGG_KR_ACCATATGKT_1_2	43	0.543475221694745	11.4757585875067	0.0473585	1
OLIG3_HT-SELEX_TGGAGT40NTGG_KR_ANCAGCTGTT_1_2	94	-5.06316412426078	10.640678630637	-0.475831	1
OLIG3_HT-SELEX_TGTCCG20NGA_Y_AMCATATGKT_1_3	55	-3.05771367356019	10.8232221540258	-0.282514	1
OLIG3_HT-SELEX_TTCGTC40NCGT_KX_ACCATATGKT_1_3	43	-3.9599068144593	11.7951046046964	-0.335725	1
OLIG3_ONECUT1_TCTACC40NTAG_YJII_NATCGATNNNNNNCATATGN_2_3	2424832	-13.4926646742161	21.5537720881213	-0.626	1
OLIG3_TEAD4_TCCTCA40NTATT_YJII_NRMCATATGKTNNNNRCATTCCWN_2_3	5898240	0.345060491100224	21.4253839735238	0.0161052	1
ONECUT1_HT-SELEX_TAGCTC20NTCT_Y_NNAAAATCRATAWN_1_3	7680	-5.11424229403288	14.571614816074	-0.350973	1
ONECUT1_HT-SELEX_TCAGGG40NGCA_KW_NTATCGATCGNN_1_4	1792	-4.86347356923227	12.8446985901004	-0.378637	1
ONECUT1_HT-SELEX_TCGCAT20NGA_AE_NNAAAATCRATAWN_1_3	7680	-4.90164193700448	14.7012430352778	-0.333417	1
ONECUT1_HT-SELEX_TTAGTA40NCTC_KP_NYATCGATYN_1_2	1288	-7.36276036366118	9.55800163171031	-0.770324	1
ONECUT2_FOXD2_TGGCCG40NGCT_YWI_NATCGATNNNRYAAACAN_1_3	147456	1.52330461228989	16.0705773306602	0.0947884	1
ONECUT2_HT-SELEX_TAACTC40NGTC_KZ_NTATCGATCGRN_1_3	928	-4.94147966089335	13.1215824135603	-0.376592	1
ONECUT2_HT-SELEX_TAACTC40NGTC_KZ_NTATCGATTTN_1_2	448	-7.36266709228204	10.9199829015479	-0.674238	1
ONECUT2_HT-SELEX_TGCAGC40NATT_KP_NTATCGATYN_1_2b0	702	1.24004976853869	9.10411451014846	0.136208	1
ONECUT2_HT-SELEX_TGGGCG30NCGT_AH_NNAAAATCRATAWN_1_2	7680	-4.33634298553648	14.953651850829	-0.289986	1
ONECUT2_IRF7_TCGTTC40NATA_YAEIIII_NRAATCGAAANYN_1_3	6912	-4.83473044616058	11.6926035299564	-0.413486	1
ONECUT2_ISX_TGGCCG40NGCT_YUIIII_NTAATCAATTAN_1_3	484	5.29780153908063	9.01673048709272	0.587552	1
ONECUT2_POU3F1_TGGCCG40NGCT_YXIIII_NATCGATTATGCWAAN_1_3	1312	6.55555457139025	16.33856930575	0.401232	1
ONECUT2_TGIF2LX_TGGCCG40NGCT_YVII_NATYGATGACAN_1_3	928	-0.268529977884864	10.7777328892709	-0.0249153	1
ONECUT2_TGIF2LX_TGGCCG40NGCT_YVII_NATYGATTGACAN_1_3	1024	6.46357648393625	12.2482670606223	0.527714	1
ONECUT2_TGIF2LX_TGGCCG40NGCT_YVII_NMTGTCAATAAN_1_3	928	-3.6819845180973	8.89868362619361	-0.413767	1
ONECUT3_HT-SELEX_TAGAAC20NAAT_Y_NNAAAATCRATANN_1_3	14848	0.388639431056761	15.6244982693361	0.0248737	1
ONECUT3_HT-SELEX_TCCGGG40NCTC_KP_NYATCGATYN_1_2	1288	-7.02900215062326	9.35395523490151	-0.751447	1
OSR1_HT-SELEX_TGGAGA40NCCA_KS_NGCTACYGTN_1_3	736	-6.1414200173213	10.7263307879538	-0.572556	1
OSR2_HT-SELEX_TGCACG40NTTG_KP_NGCTACYGTN_1_2	736	-6.58585255768015	10.0407713243723	-0.655911	1
OTX1_ELF1_TTTATT40NGCTG_YADIIII_NAMSMGGAAGKATTAN_1_3	8960	1.89510934372494	15.1212033404264	0.125328	1
OTX1_FOXD2_TTGCGA40NGTA_YWI_NTAATCCNNNNNRYAAACAN_1_3	2359296	-3.15538164065061	19.6297434555523	-0.160745	1
OTX1_HT-SELEX_TAGATG40NTAT_KR_NTAATCCN_1_4	304	-7.27856379909117	8.68545308091301	-0.838018	1
Otx1_HT-SELEX_TCTTAG20NATG_AC_NNTAATCCGATTANN_1_3	8192	0.128872411571546	15.1230269353185	0.0085216	1
Otx1_HT-SELEX_TCTTAG20NATG_AC_NTAATCCN_1_3	304	-8.24745263287589	8.14606012511961	-1.01245	1
OTX1_HT-SELEX_TGATAA20NGA_Y_NNTAATCCGATTANN_1_3	8192	-0.927301709095824	15.058693828143	-0.0615792	1
OTX1_HT-SELEX_TGATAA20NGA_Y_NTAATCCN_1_3	304	-10.1955186640088	8.58857783531305	-1.1871	1
OTX1_HT-SELEX_TGGACT40NAAT_KX_NTAATCCNYN_1_2	2560	-8.69032584146017	9.41368529503293	-0.923159	1
OTX1_ONECUT1_TTGCGA40NGTA_YJII_ATCGATNNGGATTA_1_3	592	6.77928724082984	11.6662719254932	0.581101	1
OTX1_SOX11_TTTATT40NGCTG_YUIII_NACAAWGGATTAN_1_3	1024	7.11153977774354	13.3207682880887	0.533869	1
OTX1_TBX4_TTGCGA40NGTA_YWII_NAGGTGTNATAATCCN_1_3	2560	-2.02696235115092	17.3927376602995	-0.116541	1
OTX1_TEAD4_TTTATT40NGCTG_YJII_TAATCNNCATTCC_1_3	544	3.93797369537766	11.5396022533091	0.341257	1
OTX2_FLI1_TATGAT40NACA_YYIII_NCGGAARNGATTAN_1_3	4096	-4.76306868771128	12.5931132289236	-0.378228	1
OTX2_FOXD2_TGCTAA40NCTG_YWI_NTAATCCNNNNNRYAAACAN_1_3	2359296	-7.42699256677105	17.0765457749546	-0.434924	1
OTX2_HT-SELEX_TATGGG20NGGG_AC_NNTAATCCGMTTANN_1_4	15616	1.12490857372797	15.0322686683434	0.0748329	1
OTX2_HT-SELEX_TATGGG20NGGG_AC_NTAATCCN_1_4	304	-10.5938709395566	8.59717326558799	-1.23225	1
OTX2_HT-SELEX_TCTTAT40NACA_KX_NTAATCCN_1_3	304	-7.72250102552294	8.57664035156702	-0.900411	1
OTX2_ISX_TGCTAA40NCTG_YUIIII_NTAATCCAATTAN_1_3	544	4.69005085194895	11.0132286219094	0.425856	1
OTX2_SOX11_TATGAT40NACA_YUIII_NACAAWGGATTAN_1_3	1024	7.05160778337785	13.2156484953897	0.53358	1
OTX2_TBX4_TGCTAA40NCTG_YWII_NAGGTGTNATAATCCN_1_3	2560	-0.140089800020741	15.2132471014052	-0.00920841	1
OVOL1_HT-SELEX_TGCTGG40NGCC_KX_NRWACCGTTATNYN_1_3	14336	-5.02247316341518	13.2408083335726	-0.379318	1
OVOL2_HT-SELEX_TCTCAG40NAGA_KAE_NWWCCGTTAYNYN_1_2	23552	-7.99790086558752	11.0424134055356	-0.724289	1
OVOL2_HT-SELEX_TGTGAT40NGCA_KR_NWWCCGTTAYNYN_1_2	23552	-8.36055056497792	10.2934442070884	-0.812221	1
PAX1_ELK3_TATAGC40NGAC_YAFI_NRCCGGAASYACGCWYSANYKN_2_3	688128	4.77599777916724	20.9000402971175	0.228516	1
PAX1_EVX1_TCCTGC40NTCG_YPIIII_NTMATTACAYGCWYNRNYRN_2_3	1146880	-9.17175429683132	15.5172939888495	-0.591067	1
PAX1_EVX2_TCCTGC40NTCG_YZIIII_NGTCACGSNYMATTAN_1_3	17408	-4.75599213458689	16.6423878488493	-0.285776	1
PAX1_HOXA2_TATAGC40NGAC_YJI_NKWYACGSNYMATTAN_1_3	114688	1.82904355474198	13.6254700120799	0.134237	1
PAX1_HOXA2_TATAGC40NGAC_YJI_NYMATTAGTCACGSN_1_3	4352	6.59886173048181	14.009180286107	0.471038	1
PAX1_HOXB2_TATAGC40NGAC_YUI_NGTCAYGSNYMATTAN_1_3	32768	3.16531360192258	15.0750712376661	0.20997	1
PAX1_HOXB2_TATAGC40NGAC_YUI_NYMATTAGTCAYGSN_1_3	8192	-3.76660039228086	14.2579304498152	-0.264176	1
PAX1_HOXB5_TATAGC40NGAC_YVIII_NSGTCAYGSNYMATTAN_1_3	67584	2.44223281764714	15.9340818567094	0.153271	1
PAX1_HOXC10_TCCTGC40NTCG_YAEIII_NSGTYACGSNYMATTAAN_2_3	73728	-1.36651853436061	16.6701873346344	-0.0819738	1
PAX1_HOXD8_TATAGC40NGAC_YZIII_NSGTYACGSNYMATTAAN_1_3	73728	4.77603934988652	16.2076820498118	0.294678	1
PAX1_HT-SELEX_TAACTT20NTCA_Y_SGTCACGCWTGANTGMA_2_4	1376	1.10485181996247	18.1832805040179	0.060762	1
PAX1_HT-SELEX_TCCGTC40NGTT_KN_NSGTCACGCWTSANYGN_1_4	35840	-13.0491771403868	17.3047260428344	-0.754082	1
PAX1_ISX_TATAGC40NGAC_YUIIII_NGTCAYGSNYMATTAN_1_3	32768	2.96925388973743	14.28822767827	0.207811	1
PAX1_ISX_TATAGC40NGAC_YUIIII_NYAATTRGTCAYGSNYNRN_1_3	557056	4.65143267584157	14.5187069864121	0.320375	1
PAX1_MSX2_TCCTGC40NTCG_YSIIII_NGTCAYGSNYMATTAN_1_3	32768	0.930923833529571	15.487770537819	0.060107	1
PAX1_MSX2_TCCTGC40NTCG_YSIIII_NYAATTACAYGSNYMATTRN_2_3	163692	5.04765576260269	17.135503238704	0.294573	1
PAX1_NKX6-1_TCCTGC40NTCG_YVIII_NSGTCAYGSNYMATTAN_2_3	67584	2.06418072845392	15.8857754666963	0.129939	1
PAX1_OTP_TCCTGC40NTCG_YPIII_NYAATTAGTYACGSWYSRNYKN_2_3	1310720	-4.18119733584451	19.5362129734217	-0.214023	1
PAX1_TBX21_TATAGC40NGAC_YYI_NTNACACCTTCACGCWYSRNYN_2_3	368640	-2.32840147033101	20.5873911285219	-0.113098	1
PAX1_TBX4_TATAGC40NGAC_YWII_NACACCTNCACGCWYNRNYRN_2_3	1277952	1.43736896871418	17.3791753419971	0.0827064	1
PAX1_TBX4_TATAGC40NGAC_YWII_NGTCACGCWYYAACACCTN_2_3	5888	0.588689336705023	18.3746246188459	0.0320382	1
PAX1_TBX6_TATAGC40NGAC_YAAII_NAGGTGTYRNNGCGTGACN_2_3	43008	-3.0922565801857	18.9146436612928	-0.163485	1
PAX1_VSX2_TATAGC40NGAC_YLIIII_NGCTAATTNCACGSNYNRNNK_2_3	2490368	-11.5019067831323	20.1037104154271	-0.572129	1
PAX2_ELK3_TTGCTG40NCTA_YAFI_NRCCGGAASYACGCWYSANYN_2_3	335872	4.61937315008604	19.4369844448274	0.237659	1
PAX2_EVX1_TAAACT40NTGA_YPIIII_NTMATTACAYGCWYNRNYRN_2_3	1146880	-5.15090118916127	15.6031001376417	-0.33012	1
PAX2_EVX2_TAAACT40NTGA_YZIIII_NGTCACGSNYMATTAN_1_3	17408	-5.59583569116142	15.6991751976659	-0.356441	1
PAX2_EVX2_TAAACT40NTGA_YZIIII_YMATTACACGSNYSANYRN_1_3	286720	0.511014847673986	17.3492258179138	0.0294546	1
PAX2_EVX2_TAAACT40NTGA_YZIIII_YMATTAGTCACGSNYSANYRN_2_3	335872	-1.92039322672049	19.4605213991894	-0.0986815	1
PAX2_GATA4_TTGCTG40NCTA_YII_NGATAGTYACGSNYNRNYRN_1_3	2228224	-7.30372127342855	17.0141365400815	-0.429274	1
PAX2_HOXA2_TTGCTG40NCTA_YJI_NKWYACGSNYMATTAN_1_3	114688	1.27859008802726	13.7077563243519	0.0932749	1
PAX2_HOXA2_TTGCTG40NCTA_YJI_NYMATTAGTCAYGSNYNRNYN_1_3	4587520	2.22635105271707	17.6030835901194	0.126475	1
PAX2_HOXB2_TTGCTG40NCTA_YUI_NGTCAYGSNYMATTAN_1_3	32768	-5.61167612194709	15.4526251326305	-0.363154	1
PAX2_HOXB2_TTGCTG40NCTA_YUI_NYMATTAGTCAYGSNNNRN_1_3	1081344	-17.6210972092488	18.3227649201809	-0.961705	1
PAX2_HOXB5_TTGCTG40NCTA_YVIII_NSGTCAYGSNYMATTAN_2_3	67584	2.2426431991415	15.0794184857198	0.148722	1
PAX2_HOXC10_TAAACT40NTGA_YAEIII_NYGTYACGSNYMATTAANYN_2_3	606208	2.10031453751149	18.5875451973679	0.112996	1
PAX2_HT-SELEX_TCCACG20NCAC_Y_NGTCACGCWTSRNTGNNY_2_3	143353	-7.63716307436107	17.4401322094028	-0.437907	1
PAX2_HT-SELEX_TGGCTA40NTCC_KP_NSGTCACGCWTSANYGNNYN_1_4	1179636	-3.60697686855096	15.4694063453605	-0.233168	1
PAX2_ISX_TTGCTG40NCTA_YUIIII_NGTCAYGSNYMATTAN_1_3	32768	2.05144678011874	14.4797979524809	0.141676	1
PAX2_MSX2_TAAACT40NTGA_YSIIII_NGTCAYGSNYMATTAN_1_3	32768	2.52814374493162	12.7813187903374	0.1978	1
PAX2_MSX2_TAAACT40NTGA_YSIIII_NYMATTAGTCAYGSN_1_3	8192	3.52810196210611	14.0919193200029	0.250363	1
PAX2_NKX6-1_TAAACT40NTGA_YVIII_NSGTCAYGSNYMATTAN_2_3	67584	2.50720735439088	13.7589534668215	0.182224	1
PAX2_OTP_TAAACT40NTGA_YPIII_NYMATTAGTYACGSNYSRNYRN_2_3	4849664	-5.20180858443338	17.5288756958749	-0.296757	1
PAX2_RUNX2_TAAACT40NTGA_YII_NGTTCCGCTCCANTGNNYN_1_3	83968	-5.17376792069239	16.4098948378216	-0.315283	1
PAX2_TBX21_TTGCTG40NCTA_YYI_NGTCACGCWYYAACACCTYN_2_3	12032	1.90773900584811	20.3588607074302	0.0937056	1
PAX2_TBX4_TTGCTG40NCTA_YWII_NACACCTNCACGCN_1_3	2176	2.0699069580758	13.6105829027283	0.152081	1
PAX2_TBX4_TTGCTG40NCTA_YWII_NGTCACGCWNYAACACCTN_2_3	11520	-1.35775269061954	18.1109667392883	-0.0749685	1
PAX2_TBX6_TTGCTG40NCTA_YAAII_NAGGTGTYRNNGCGTGACN_2_3	43008	1.98465002918451	18.7028996531295	0.106115	1
PAX2_TEAD4_TAAACT40NTGA_YJII_RCATTCYNCACGCNYN_1_3	17408	-2.04036669701308	12.1893102311621	-0.16739	1
PAX2_VSX2_TTGCTG40NCTA_YLIIII_NGCYAATTACACGCWYNRNYRN_2_3	704512	-8.35161466017621	23.1557759088104	-0.360671	1
PAX3_HT-SELEX_TCAAAT40NCTG_KN_NSGTCACGSNNATTAN_1_2	33792	-3.03117174516179	15.4892161760496	-0.195696	1
PAX3_HT-SELEX_TCAAAT40NCTG_KN_NTAATYGATTAN_1_3	676	-2.38802369612308	12.441304511991	-0.191943	1
PAX3_HT-SELEX_TCAAAT40NCTG_KN_NYRATTMGTCACGSTN_1_2	8960	0.166872448873098	14.8071560908158	0.0112697	1
PAX3_HT-SELEX_TTCTCT20NCTC_AF_TAATYRATTA_1_2	55	4.71728544014092	12.4818448688523	0.377932	1
PAX4_HT-SELEX_TATTTA20NTTG_Y_CTAATTAG_1_4	13	3.01883335660426	8.74376446906295	0.345256	1
PAX4_HT-SELEX_TCGCAT20NACT_W_CTAATTAG_1_4	13	-2.6914103856153	9.10820415895246	-0.295493	1
PAX4_HT-SELEX_TCGGCT40NTAA_KP_NATTTCACGCWTSANYGNNYN_1_4	671744	1.45512701025274	17.3733190323758	0.0837564	1
PAX4_HT-SELEX_TCGGCT40NTAA_KP_NTYACGCWTSANYGNNYN_1_4	983040	-6.40266135458571	15.2339581858424	-0.420289	1
PAX4_HT-SELEX_TCGGCT40NTAA_KP_NYACGCTAATTAN_1_4	1024	-2.02068353852868	13.3229529369965	-0.151669	1
PAX5_EVX2_TATATT40NTGC_YZIIII_NGTCACGSNYMATTAN_1_3	17408	0.83193251614646	15.7632732040668	0.0527766	1
PAX5_EVX2_TATATT40NTGC_YZIIII_YMATTACACGSNYSANYRN_2_3	286720	-0.818437995546566	17.7375240798256	-0.0461416	1
PAX5_EVX2_TATATT40NTGC_YZIIII_YMATTAGTCACGSNYSANYRN_2_3	335872	6.01043246489663	19.8618668393244	0.302612	1
PAX5_GATA4_TAGCTT40NGAC_YII_NGATAGTCACGCNYNRNYRN_1_3	622592	-12.2807595102627	19.4013532106856	-0.632985	1
PAX5_HOXC10_TATATT40NTGC_YAEIII_NSGTYACGSNYMATTAANYN_2_3	606208	2.87546119960371	19.1865271472424	0.149869	1
PAX5_HT-SELEX_TACAGG20NGAC_Y_NGTCACGCWTSRNTGNNY_2_3	143353	1.93942276068112	15.7152519883041	0.12341	1
PAX5_TBX21_TAGCTT40NGAC_YYI_NGTCACGCWYYAACACCTYN_2_3	12032	2.42301896508808	20.2096268252497	0.119894	1
PAX5_TBX4_TAGCTT40NGAC_YWII_NACACCTNCACGCWYNRNYRN_2_3	1277952	0.874237466361416	18.5938661948112	0.0470175	1
PAX5_TBX4_TAGCTT40NGAC_YWII_NGTCACGCWYYAACACCTN_2_3	5888	7.59384189243416	18.4639133646585	0.41128	1
PAX5_TBX6_TAGCTT40NGAC_YAAII_NGTCACGCWYYNNCACCYN_2_3	155648	3.47520656541997	16.1640587982592	0.214996	1
PAX6_HT-SELEX_TCCATA20NTAC_Y_TTTYACGCWTGANTGMNYN_2_4	41984	-0.790024546534737	18.8216135646384	-0.0419743	1
PAX6_HT-SELEX_TGCGAG40NTTC_KP_NYACGCNTSANYGNNYN_1_4	1703936	-9.70351506913164	13.534820914606	-0.71693	1
PAX6_HT-SELEX_TGCTTT40NAGA_KV_NYACGCNTSANYGNNYN_1_4	1703936	-0.463604589726629	12.3959913473408	-0.0373996	1
PAX7_FLI1_TAGTAC40NTAG_YYIII_NRCCGGAWMYACGCNYSRNYRN_1_3	4849664	-3.24004926220792	18.8591368390189	-0.171803	1
PAX7_HT-SELEX_TAGGGC20NGGT_AE_TAATYRATTA_1_3	55	-3.45655139913672	12.9041481074511	-0.267864	1
PAX7_HT-SELEX_TCCAAC20NAAC_Y_TAATYRATTA_1_2	55	3.92896542950279	11.5749371122399	0.339437	1
PAX7_HT-SELEX_TCGTTT40NGTC_KAF_NNATTCGTCACGSTN_1_4	4480	-3.91300569320276	15.6275890916407	-0.250391	1
PAX7_HT-SELEX_TCGTTT40NGTC_KAF_NSGTCACGSNNRTTAN_1_4	63488	-5.64358373733244	16.9119450927889	-0.333704	1
PAX7_HT-SELEX_TCGTTT40NGTC_KAF_NTAATYGATTAN_1_4	676	-3.84574894797838	13.6989315001983	-0.280733	1
PAX7_HT-SELEX_TGTCAG40NGAC_KP_NNATTMGTCACGSTN_1_2	8448	-11.31370140174	16.0901018531213	-0.703147	1
PAX7_HT-SELEX_TGTCAG40NGAC_KP_NSGTCACGSNWRTTAN_1_2	32768	-0.679147793704227	16.3346711592021	-0.0415771	1
PAX7_HT-SELEX_TGTCAG40NGAC_KP_NTAATYGATTAN_1_2	676	-4.9042825230794	11.5804538270808	-0.423497	1
PAX7_MYBL2_TATGGA40NAGA_YABI_NTAACCGATTAN_1_3	484	4.89724560712303	9.61957250057643	0.509092	1
PAX7_TBX4_TATGGA40NAGA_YWII_NACACCTNCACRCN_1_3	4096	-5.96373846549021	14.1740708903081	-0.42075	1
PAX7_TBX4_TATGGA40NAGA_YWII_NAGGTGNNATAATYRN_1_3	33792	3.57810012623334	13.9992491778299	0.255592	1
PAX7_TBX4_TATGGA40NAGA_YWII_NAGGTGTTAATTRN_1_3	1120	4.9012847813877	11.8751663415537	0.412734	1
PAX7_TEAD4_TAGTAC40NTAG_YJII_MATWCCNNNNNTAATTR_1_3	253952	2.54580761989577	10.4242632938846	0.244219	1
PAX7_TEAD4_TAGTAC40NTAG_YJII_NWGGAATGTTAATYRN_1_3	4736	0.676959171470077	14.7113671235974	0.0460161	1
PAX8_HT-SELEX_TCTTGT40NCAG_KX_NSGTCACGCWTSANYGNNYN_1_2	1179636	-6.29189896615179	17.3159028798472	-0.36336	1
PAX9_HT-SELEX_TCTAAT20NAAG_AG_SGTCACGCWTGANTGMA_2_4	1376	1.99721577685134	19.2778950099705	0.103601	1
PAX9_HT-SELEX_TGACCC40NGAA_KP_NSGTCACGCWTSANYGN_1_2	35840	-6.50601592283125	14.832008641704	-0.438647	1
PBX1_EN2_TGGTAC40NTCT_YRIII_ACATCTNAATTA_1_3	136	3.64453458948053	12.1635199291076	0.299628	1
PBX1_EN2_TGGTAC40NTCT_YRIII_TAATTAAGAC_1_3	31	-2.56015780768449	10.2771892742585	-0.249111	1
PBX1_EN2_TGGTAC40NTCT_YRIII_TAATTAANNCATCA_1_3	592	-1.04930741121071	12.9364905726123	-0.0811122	1
PBX1_HOXC10_TCCAGA40NGCTC_YAEIII_NRYMRTCATAAATCAN_1_3	8960	-4.54473649582853	14.0928464586309	-0.322485	1
PBX1_HT-SELEX_TAAGTC40NCGT_KR_KTGATTGAYR_1_3	200	-2.41948936686653	9.7979174735738	-0.246939	1
PBX1_HT-SELEX_TCGGTG40NCAA_KW_KTGATTGAYR_1_4	200	-3.81138693969942	9.89787845843519	-0.385071	1
PBX1_MEIS3_TGGTAC40NTCT_YRIIII_CTGTCAATCAN_1_3	124	-2.4663240001259	8.43775855857246	-0.292296	1
PBX1_TEAD4_TCCAGA40NGCTC_YJII_GGWATKCMATCAA_1_3	272	-1.01883664167728	12.9241103118913	-0.0788322	1
PBX2_EN2_TAAATT40NCTG_YRIII_ACATCTTAATTA_2_3	37	6.2071798589426	11.4320980266286	0.542961	1
PBX2_HOXC10_TGATCA40NGGTT_YAEIII_NRYMRTCATAAATCAN_1_3	8960	-2.62298305460016	15.1828561117939	-0.17276	1
PBX4_HOXA1_CAP-SELEX_TTCTGT40NAAC_AS_NYNATMAATCA_1_2	1536	1.93586588828377	10.7602935899094	0.179908	1
PBX4_HOXA10_CAP-SELEX_TGACAA40NACT_AS_CCATAAATCA_1_2	31	-1.29318794508387	10.9463243121108	-0.118139	1
PBX4_HOXA10_CAP-SELEX_TGACAA40NACT_AS_NTCGTAAATCA_1_2	124	-1.94551949055917	11.1626446223138	-0.174288	1
PBX4_HOXA10_CAP-SELEX_TGACAA40NACT_AS_YNNRTAAATCAATCA_2_2	2304	-1.68841606959835	14.5191015504572	-0.116289	1
PDX1_ELK3_TGCCGT40NCTT_YAFI_NRCCGGAAGYAATTAN_1_3	2496	-0.143390730181206	16.1518551679508	-0.00887766	1
PDX1_FLI1_TAGAGA40NCGC_YYIII_NCCGGAWRYAATTAN_1_3	4352	-4.49774494721253	15.3769203694461	-0.2925	1
PDX1_GABPA_TGCCGT40NCTT_YYIIII_NCCGGAWRYAATTAN_1_3	4352	1.05689484634225	15.3545289879068	0.0688328	1
PDX1_HT-SELEX_TGCCCT40NTCG_KO_YTAATTAN_1_2	118	-9.19209901851888	8.53692211556237	-1.07675	1
PDX1_HT-SELEX_TGGAAT30NAAT_AI_NYAATTARNNNYAATTAN_1_3	254016	6.35543390318753	16.3961231998197	0.387618	1
PDX1_HT-SELEX_TGGAAT30NAAT_AI_NYMATTAN_1_3	782	-10.1413022272786	8.21707557961207	-1.23417	1
PDX1_TBX20_TAGAGA40NCGC_YWIIII_NAGGTGTTAATKN_1_3	1024	2.71440510128855	11.1038117889522	0.244457	1
PDX1_TBX21_TGCCGT40NCTT_YYI_NAGGTGTTAATTRN_1_3	1120	3.97058109883697	13.2997221818731	0.298546	1
PDX1_TBX4_TGCCGT40NCTT_YWII_NAGGTGTTAATKRN_1_3	2112	4.66436682428881	14.1054171786131	0.330679	1
PDX1_TBX4_TGCCGT40NCTT_YWII_NTAATKAGGTGNNRN_1_3	30720	1.92602211296195	14.803757953646	0.130104	1
PDX1_TBX6_TGCCGT40NCTT_YAAII_NAGGTGTTAATTN_1_3	544	3.40916810724343	8.87254847810222	0.384238	1
PHOX2A_HT-SELEX_TGACTC20NGA_Y_TAATYYAATTA_1_3	116	-0.492036100029863	12.0954053520252	-0.0406796	1
PHOX2A_HT-SELEX_TTCGGG40NGAG_KR_CYAATTAN_1_3	142	-8.18614660857174	8.05973657228136	-1.01568	1
PHOX2B_HT-SELEX_TCACAT40NATG_KV_TAATTAGATTA_1_2	34	1.18942338082501	13.7288640762618	0.0866367	1
PHOX2B_HT-SELEX_TGCTGT20NGA_AE_TAATYYAATTA_1_3	116	0.0728001421683302	12.2465563748817	0.00594454	1
PHOX2B_HT-SELEX_TGGTCT20NGA_Y_TAATYYAATTA_1_3	116	0.995755592152077	11.8078883438247	0.0843297	1
PHOX2B_HT-SELEX_TTGATG40NATC_KR_NYAATTAN_1_4	388	-9.33199780676113	8.05263075192411	-1.15888	1
PHOX2B_TBX21_TGCATG40NATG_YYI_NTAATKAGGTGTNAN_1_3	4480	3.54121536337165	13.9729081266358	0.253434	1
PHOX2B_TBX4_TGCATG40NATG_YWII_NTAATTAGGTGTNRN_1_3	4480	6.09792771854847	11.6225007300061	0.524666	1
PHOX2B_TEAD4_TCAGAC40NCCAA_YJII_NNNATTAACATTCCN_1_3	8704	2.77981787375275	13.0994554471784	0.212209	1
PITX1_EOMES_CAP-SELEX_TCAGCA40NCTC_AAB_GGATTANNARGTGTKN_1_3	9216	-5.48020613356535	16.0481248380711	-0.341486	1
PITX1_EOMES_CAP-SELEX_TCAGCA40NCTC_AAB_RGGTGTKANNNNGGATTA_1_3	39936	1.35568548098256	16.338768773697	0.0829735	1
PITX1_FIGLA_CAP-SELEX_TGTGAT40NGCA_AAB_TAATCCNNNNCASSTG_1_3	33792	-3.60875232097349	15.8347019766365	-0.227901	1
PITX1_FLI1_TCACGC40NACT_YYIII_NTAATCCNNNNNTTCCGGTN_1_3	655360	-2.45783003595044	16.7582863201819	-0.146664	1
PITX1_FOXD2_TCGCGA40NGTT_YWI_NTAATCCNNNNRYAAACAN_1_3	589824	-4.81971970411858	19.8537784064552	-0.242761	1
PITX1_HES7_CAP-SELEX_TAGTGC40NATG_AAB_NCACGTGNNGGATTA_1_3b1	2368	-7.84050272523014	16.5233270831522	-0.474511	1
PITX1_HES7_CAP-SELEX_TAGTGC40NATG_AAB_NCRCGTGNNNGGATTA_1_3b1	17920	-19.8489730692114	15.9498508325539	-1.24446	1
PITX1_HES7_CAP-SELEX_TAGTGC40NATG_AAB_NNCRCGTGNNNNGGATTA_1_3b1	286720	-15.0573879021261	16.9921079803305	-0.88614	1
PITX1_HOXA3_CAP-SELEX_TAGCGT40NTCA_AAB_TAATKRNNNNGGATTA_1_3b0	33792	5.43034374178642	13.2747089567057	0.409074	1
PITX1_HT-SELEX_TAGTGC40NATG_KO_NTAATCCN_1_4	304	-8.64258854042963	9.49955433477444	-0.909789	1
PITX1_HT-SELEX_TCATGC20NCG_Y_NYTAATCCN_1_3	640	-6.89766804325987	9.00107304742251	-0.766316	1
PITX1_HT-SELEX_TCTCTT20NTCG_W_NTAATCCN_1_2	304	-7.91552260666197	8.58079569708411	-0.92247	1
PITX1_HT-SELEX_TGAGCA20NCGA_AF_NTTAATCCN_1_3	352	-7.55515768587244	8.84480683005214	-0.854191	1
PITX1_HT-SELEX_TTATTT40NCGT_KX_YTAATCCN_1_4	160	-7.34963961828779	9.02768979865183	-0.814122	1
PITX1_TBX21_CAP-SELEX_TGTAGC40NCCT_AAB_AGGTGNGAARGGATTA_2_3	352	3.72683753174569	18.6149076462877	0.200207	1
PITX1_TBX21_TCGCGA40NGTT_YYI_NAGGTGTTAATCCN_1_3	592	5.5460203935239	15.0001906907737	0.36973	1
PITX1_TBX4_TCGCGA40NGTT_YWII_NRGGTGTTAATCCN_1_3	1120	-2.3525604934402	13.7572304072251	-0.171005	1
PITX2_FOXD2_TTCGAG40NGCG_YWI_NTAATCCNNNNRYAAACAN_1_3	589824	-1.81782631395879	19.001989831239	-0.0956651	1
PITX2_HT-SELEX_TAGACC40NAGT_KT_NTAATCCN_1_3	304	-7.76448101102032	7.83387250378477	-0.991142	1
PITX2_HT-SELEX_TAGCGC40NCGC_KX_YTAATCCN_1_3	160	-7.87355213055431	8.96421998926621	-0.878331	1
PITX2_TEAD4_TCTCCT40NCGGT_YJII_GGATTAACATTCC_1_3	40	2.83795380994975	14.6070784201885	0.194286	1
PITX3_FOXA1_TCCTCT40NGGTC_YWII_NTAATCCNNNNRYAAAYAN_1_3	1114112	-6.44269314727872	19.1086519630906	-0.337161	1
PITX3_HT-SELEX_TCACAT40NATG_KR_NTAATCCN_1_2	304	-8.6508399323056	9.01160034720931	-0.959967	1
PITX3_HT-SELEX_TGCATC20NGA_Y_NYTAATCCN_1_2	640	-7.66719366783625	8.91081993204295	-0.860436	1
PITX3_TBX21_TCATCT40NATT_YYI_NTAATCCNNNNNNCACACCTN_2_3	2621440	-6.85023434908814	17.0824481591383	-0.40101	1
PKNOX1_HT-SELEX_TAGACC40NAGT_KR_TGACANNTGTCA_1_2	250	2.55937718500907	13.8270175227313	0.1851	1
PKNOX1_HT-SELEX_TCGCAT20NGA_Y_TGACAGSTGTCA_2_3	52	0.224121835095882	15.74363822191	0.0142357	1
PKNOX1_HT-SELEX_TGAGTT40NCGG_KW_TGACANNTGTCA_1_3	250	-3.2919368258331	15.92453948323	-0.206721	1
PKNOX2_HT-SELEX_TCTTAT40NACA_KR_TGACANNTGTCA_1_3	250	0.77868519331231	13.9389949204088	0.0558638	1
Pknox2_HT-SELEX_TGCTCG20NCG_Q_TGACAGSTGTCA_2_4	52	6.56013795011105	16.0675332724191	0.408285	1
PKNOX2_HT-SELEX_TGTATT20NGA_Y_TGACAGSTGTCA_2_3	52	2.02805005486174	15.9873164724805	0.126854	1
POU1F1_FLI1_TCGAGC40NAAT_YYIII_NMGGAARTGCATTAN_1_3	2304	-3.32609405299612	12.2036558272543	-0.272549	1
POU1F1_HT-SELEX_TACACC40NCAC_AI_NNYATGMATAATTAATN_2_3	9984	7.22058352753251	14.8985051246505	0.484652	1
POU1F1_HT-SELEX_TACACC40NCAC_AI_NWTATGCWAATKAG_1_3	1088	-1.0622778149934	15.1153550042353	-0.0702781	1
POU1F1_HT-SELEX_TTCAAG40NGCC_KP_NTAATGAKATGCRN_1_3	2112	-1.97203789874409	14.7309534353826	-0.13387	1
POU1F1_HT-SELEX_TTCAAG40NGCC_KP_NTAATTTATGCRN_1_3	1024	-1.41477865545375	14.3659993690578	-0.098481	1
POU1F1_HT-SELEX_TTCAAG40NGCC_KP_NTATGCWAATKAGN_1_3	2112	-2.52831170268443	14.4923507674734	-0.174458	1
POU1F1_TBX21_TGGCAG40NCCT_YYI_NAGGTGTKAATTAN_1_3	1120	4.34956168500043	12.9917738823601	0.334794	1
POU2F1_DLX2_CAP-SELEX_TCCGCA40NCGC_AX_TGMATATKCANNNNNTAATKR_1_2	671744	-41.4010048920866	23.5983916301809	-1.7544	1
POU2F1_DLX2_CAP-SELEX_TCCGCA40NCGC_AX_TGMATATKCANNNNTAATKR_1_2	167936	-1.81112379514198	20.1650005667047	-0.0898152	1
POU2F1_DLX2_CAP-SELEX_TCCGCA40NCGC_AX_WTWTGCATANNTAATTA_1_2	2688	-0.555051479056741	17.8912890250041	-0.0310236	1
POU2F1_ELK1_CAP-SELEX_TGACGA40NGCA_AS_NCCGGATATGCAN_1_2u	544	2.52113867262792	14.5566516872436	0.173195	1
POU2F1_EOMES_CAP-SELEX_TGTCGT40NGCG_AS_NTATKCAGYGTNA_1_2	1920	-5.71244031809445	11.677259831756	-0.489194	1
POU2F1_EOMES_CAP-SELEX_TGTCGT40NGCG_AS_RGTGTNNNAATATKNN_1_2	122880	-7.93068842181975	14.4413738547703	-0.549164	1
POU2F1_ETV1_CAP-SELEX_TGCGAA40NAGC_AS_NCCGGATATGCAN_1_2u	544	-1.23743524598509	14.868902825335	-0.083223	1
POU2F1_ETV4_CAP-SELEX_TAGAAC40NAAT_AX_NCCGGATATGCAN_1_2_v2	544	-4.24192858963163	15.5657076307996	-0.272518	1
POU2F1_ETV4_CAP-SELEX_TAGAAC40NAAT_AX_NCCGGATATGCAN_1_2	544	-4.24192858963163	15.5657076307996	-0.272518	1
POU2F1_GSC2_CAP-SELEX_TGCCAT40NACC_AS_NNGATTANNNATGCAWNNN_1_2_v2	4194304	1.11697240066236	14.1837086054007	0.0787504	1
POU2F1_GSC2_CAP-SELEX_TGCCAT40NACC_AS_NNGATTANNNATGCAWNNN_1_2	4194304	1.11697240066236	14.1837086054007	0.0787504	1
POU2F1_HOXB13_CAP-SELEX_TACATT40NTAC_AX_NRMATATACCAATAAA_2_2	672	0.493458495559229	17.0209415629159	0.0289913	1
POU2F1_HT-SELEX_TCTTTC20NGA_AC_NWTATGCWAATN_1_2	1716	2.87318820359823	12.3818486034311	0.232048	1
POU2F1_HT-SELEX_TCTTTC20NGA_AC_NWTRMATATKYAWN_1_2	12816	2.44351240559831	13.0496601953503	0.187247	1
POU2F1_SOX15_CAP-SELEX_TCGCCA40NCCT_AS_WTGMATAACAATR_1_2_v2	272	7.02205163342831	12.7633589082806	0.550173	1
POU2F1_SOX15_CAP-SELEX_TCGCCA40NCCT_AS_WTGMATAACAATR_1_2	272	-0.539942152974392	13.6219590151522	-0.0396376	1
POU2F1_SOX2_CAP-SELEX_TGCTCG40NCTC_AS_ATTTGCATNACAATRN_2_2	1312	7.08817569823133	16.426726173929	0.431503	1
POU2F1_TBX21_CAP-SELEX_TGTTCA40NCTG_AS_NTATKCAGYGTNA_1_2	1920	-5.49416804061363	13.3292043244312	-0.41219	1
POU2F2_FOXA1_TCCCAA40NGCGC_YWII_NTTTGCATANRYAAACAN_1_3	10752	-1.07855410368426	18.260265437256	-0.0590656	1
POU2F2_FOXD2_TAACTC40NGTC_YWI_NNTTTGCATANRYAAACAN_1_3	43008	0.0873054224567258	18.070742231919	0.00483131	1
POU2F2_FOXD3_TAACTC40NGTC_YWIIII_NTTTGCATANRYAAACAN_2_3	10752	-1.78963168956742	14.956339044643	-0.119657	1
POU2F2_FOXO1_TCCCAA40NGCGC_YIII_NWTGCATAAACAN_1_3	1024	4.39261548399534	10.6112995103409	0.413956	1
Pou2f2_HT-SELEX_TAGATA20NTAT_Z_NWTRMATATKYAWN_1_3	12816	-2.57447381336496	15.3351042957283	-0.167881	1
Pou2f2_HT-SELEX_TAGATA20NTAT_Z_TATGCAAAT_1_3	28	2.09772312707716	11.7690491883825	0.178241	1
POU2F2_HT-SELEX_TCAGCA40NCTC_KT_NCATTANNNTAATGN_1_4	15872	0.0337842116116832	12.0360385060011	0.00280692	1
POU2F2_HT-SELEX_TCAGCA40NCTC_KT_NTAATNTATGCN_1_4	1792	-6.27680007748183	11.7410923495076	-0.534601	1
POU2F2_HT-SELEX_TCAGCA40NCTC_KT_NTATGCWAATN_1_4	832	-6.56167429931448	10.8734690119829	-0.603457	1
POU2F2_HT-SELEX_TCAGCA40NCTC_KT_NTGCATATGCAN_1_4	250	5.7631773538023	11.6595045634529	0.49429	1
POU2F2_HT-SELEX_TCAGCA40NCTC_KT_NTMATTATGCAN_1_3	928	1.75553229293333	9.57062001035964	0.183429	1
POU2F2_HT-SELEX_TGACAG20NGA_AC_NTATGCWAATN_1_2	832	2.55772057588537	11.3014701347211	0.226318	1
POU2F2_HT-SELEX_TGACAG20NGA_AC_NWTRMATATKYAWN_1_2	12816	3.08894094277563	11.8827407423586	0.259952	1
POU2F2_RUNX2_TCCCAA40NGCGC_YII_NAACCGCAATTAN_1_3	544	4.18999279275773	12.2848702418862	0.341069	1
POU2F2_SOX11_TCCCAA40NGCGC_YUIII_NACAATGCAAATN_1_3	544	-2.88079242359854	14.2928017139277	-0.201555	1
POU2F2_TBX21_TAACTC40NGTC_YYI_NAGGTGTGNNTATGCAWWN_1_3	43008	-21.9000888759562	19.4232593340531	-1.12752	1
POU2F2_TEAD4_TCCCAA40NGCGC_YJII_TATGCAGGWATGY_1_3	144	-0.236050831244456	12.1786394070375	-0.0193824	1
POU2F3_HT-SELEX_TAGACG20NCAT_Y_TATGCWAAT_1_2	52	4.41018802908138	10.5644449350298	0.417456	1
POU2F3_HT-SELEX_TAGACG20NCAT_Y_WTRMATATKYAW_1_2	804	4.6077272837068	11.8964278717338	0.38732	1
POU2F3_HT-SELEX_TGCATT40NCCT_KP_NTATGCWAATN_1_4	832	-6.58561234897937	9.68082148641711	-0.680274	1
POU2F3_SOX11_TCGCCT40NAGT_YUIII_NWATGYAAACAATRN_1_3	4352	5.20133453576706	12.4949094994361	0.416276	1
POU2F3_SOX11_TCGCCT40NAGT_YUIII_NWWWGCATAACAATRN_1_3	8960	5.67416655962037	12.678537611441	0.447541	1
POU2F3_TGIF2LX_TGTGGG40NAAC_YVII_NATGCAAATGACAN_2_3	592	6.25427394851586	11.2907815045023	0.553927	1
POU2F3_TGIF2LX_TGTGGG40NAAC_YVII_TGACANATGCAAAWN_2_3	1216	6.12855225298116	13.351625892094	0.459012	1
POU3F1_HT-SELEX_TAGCGA20NGCT_Y_WTATGCWAATNW_1_2	896	3.01558777800955	12.4063854597597	0.243067	1
POU3F1_HT-SELEX_TAGCGA20NGCT_Y_WTGMATAAWTNA_1_2	896	2.17830769296537	11.602619856859	0.187743	1
POU3F1_HT-SELEX_TATGCT40NACT_KP_NAATTANNNNNTAATTN_1_4b0	253952	-7.89458983141346	15.055856088548	-0.524353	1
POU3F1_HT-SELEX_TATGCT40NACT_KP_NTAATKAKATGCRN_1_4b0	3968	5.04874336126586	11.7446539152174	0.429876	1
POU3F1_HT-SELEX_TATGCT40NACT_KP_NTAATTWATGCNN_1_4b0	3712	-3.36377537980624	10.1653655705812	-0.330906	1
POU3F1_HT-SELEX_TATGCT40NACT_KP_NTATGCWAATNNN_1_4b0	13312	-5.38239946054167	11.3682939302419	-0.473457	1
POU3F2_FOXA1_TGGTTT40NTCTG_YWII_NATTWGCATANRYAAAYAN_1_3	41984	1.20798365345401	18.6629426835236	0.0647263	1
POU3F2_HT-SELEX_TGGAGA40NCCA_KP_NTAATKAKATGCAN_1_4	2112	-1.25346589188979	15.2256304203858	-0.082326	1
POU3F2_HT-SELEX_TGGAGA40NCCA_KP_NTAATTWATGCRN_1_4	1920	-2.37178576091975	13.8896585420717	-0.170759	1
POU3F2_HT-SELEX_TGGAGA40NCCA_KP_NTATGCGCATAN_1_3	250	3.77274306895665	12.3526759915091	0.305419	1
POU3F2_HT-SELEX_TGGAGA40NCCA_KP_NTATGCWAATKAN_1_4	1920	-4.89421627906776	14.037421963685	-0.348655	1
POU3F2_HT-SELEX_TGGAGA40NCCA_KP_TAATTNNNNNNNNAATTA_1_4	1015936	-4.80427807479514	15.2460787926505	-0.315116	1
POU3F2_HT-SELEX_TGTTCA40NCTG_AI_NWTGMATAAWTNA_1_3	3584	-5.46410982916875	12.6130107377037	-0.433212	1
POU3F2_HT-SELEX_TGTTCA40NCTG_AI_WTATGCWAATKA_1_3	248	-0.982696125492434	13.0919119917723	-0.0750613	1
POU3F2_MEF2C_TGGTTT40NTCTG_YAFIII_CCTAATTAGG_1_3	16	3.91103664103422	8.33825546962927	0.469047	1
POU3F2_MEIS3_TTGTCC40NTAG_YRIIII_NTGACANTAATKWN_1_3	7680	1.54097279966083	10.0817915725736	0.152847	1
POU3F2_TGIF2LX_TTGTCC40NTAG_YVII_NATGYWAATGWCAN_1_3	3968	3.22783062064745	12.2948801055011	0.262535	1
POU3F3_HT-SELEX_TCGCAT20NACT_Y_NWTATGCWAATTW_1_4	992	4.92500917526395	13.6913711719481	0.359716	1
POU3F3_HT-SELEX_TCGCAT20NACT_Y_WTGMATAAWTNA_1_4	896	3.27545461065454	12.058423879388	0.271632	1
POU3F3_HT-SELEX_TCGCAT20NACT_Y_WTRMATATKYAW_1_4	804	4.56160798134345	9.95376469485147	0.45828	1
POU3F4_FLI1_TCCGTA40NGCC_YYIII_NTWTGCAWANCGGAAGT_1_3	2688	-6.13391471046818	18.1793700070107	-0.337411	1
POU3F4_FOXA1_TCCGTA40NGCC_YWII_NTTWGCATANRYAAAYAN_1_3	38912	-1.24359408971954	17.8043960690854	-0.0698476	1
POU3F4_HT-SELEX_TACTGC20NGTC_Y_TATGCWAAT_1_3	52	4.5375780298791	11.2316941396285	0.403998	1
POU3F4_HT-SELEX_TACTGC20NGTC_Y_TGMATWWWTNA_1_3	1404	-0.538041402166069	11.7878172201472	-0.0456439	1
POU3F4_HT-SELEX_TCGGGC40NAAT_KP_NATTATGCATRN_1_4	928	-5.1261220689855	11.8540458704423	-0.432436	1
POU3F4_HT-SELEX_TCGGGC40NAAT_KP_NTAATKAKATGCRN_1_4	3968	-1.95748832236549	15.0942756749145	-0.129684	1
POU3F4_HT-SELEX_TCGGGC40NAAT_KP_NTAATTWATGCRN_1_3	1920	-2.86617960010544	12.7058216915244	-0.22558	1
POU3F4_HT-SELEX_TCGGGC40NAAT_KP_NTATGCGCATAN_1_4	250	-9.48936456355453	10.9059037925413	-0.870113	1
POU3F4_HT-SELEX_TCGGGC40NAAT_KP_NTATGCWAATKAN_1_4	1920	-4.7113020001208	13.8900355146511	-0.339186	1
POU3F4_TBX21_TCCCAA40NGAA_YYI_NTAATTAGGTGTNAN_1_3	2368	3.58192454698955	13.2060707476113	0.271233	1
POU4F1_FOXD2_TAACGC40NGTG_YWI_NATGCAYWANRYAAACAN_1_3	38912	-0.235945563900217	16.8251685859759	-0.0140234	1
POU4F1_HT-SELEX_TACAAA20NAAC_Y_ATGMATAATTAATG_2_3	82	9.02197045763273	14.5123149005325	0.621677	1
POU4F1_HT-SELEX_TTTCAA40NTGA_KP_NTGCATWATGCAN_1_4	512	6.84971053944462	12.8350563778655	0.533672	1
POU4F1_HT-SELEX_TTTCAA40NTGA_KP_NTNNATWATGCAN_1_4	12224	-6.6174204458545	12.7896922776125	-0.517403	1
POU4F1_ONECUT2_TCGAAC40NGAT_YXIII_NTRAATAATCGAT_1_3	280	-0.774982086918992	13.2649941923012	-0.0584231	1
POU4F1_SOX11_TCGAAC40NGAT_YUIII_NTNAWTAAACAATRN_1_3	8448	5.35969551513076	12.6389268617074	0.424063	1
POU4F1_TBX21_TAACGC40NGTG_YYI_NAGGTGTGAATTAN_1_3	592	4.18605849725159	14.162387584935	0.295576	1
POU4F1_TEAD4_TCGAAC40NGAT_YJII_NTATGCATWCCN_1_3	928	1.93644113724464	9.69542099737146	0.199727	1
POU4F1_TGIF2LX_TAACGC40NGTG_YVII_NTGTCAATWATGNAN_1_3	4480	7.12915940220954	14.8425218694871	0.48032	1
POU4F2_FOXD2_TCTTGC40NTTC_YWI_NATGCAYWANRYAAACAN_2_3	38912	4.27350281046828	14.8689203980092	0.287412	1
POU4F2_HT-SELEX_TACGAG20NAGC_Y_NTGMATAATTAATKAG_2_3	672	7.97175498955568	16.9625014071909	0.469963	1
POU4F2_HT-SELEX_TGCGAA20NAGC_W_NTGMATAATTAATKAG_2_3	672	2.30063597288643	18.965708872179	0.121305	1
POU4F2_ONECUT2_TATGGT40NATA_YXIII_NTRAATAATCGAT_1_3	280	1.25334501329199	14.3218714691724	0.0875127	1
POU4F2_PAX2_TATGGT40NATA_YZII_NGTYACGCATGANTAANY_2_3	10750	-0.354685744971075	15.1611028012287	-0.0233945	1
POU4F2_SOX11_TATGGT40NATA_YUIII_NWTNAWTAAACAATRN_1_3	17408	4.08213824222713	14.5185237778499	0.281168	1
POU4F2_TGIF2LX_TCTTGC40NTTC_YVII_NTGTCAATWATGNAN_1_3	4480	4.35900818195078	14.4864535123024	0.300902	1
POU4F2_TGIF2LX_TCTTGC40NTTC_YVII_TGTCATNAATAANNNAN_2_3	37888	5.87126008713017	13.3512693456397	0.439753	1
POU4F3_FOXD2_TAAGTT40NGAT_YWI_NATGCAYWANRYAAACAN_1_3	38912	-2.34285545954282	16.2162213826123	-0.144476	1
POU4F3_HT-SELEX_TACCCA40NTGT_KZ_ATGCATWATGCAT_1_4	38	8.2480956592796	13.7343658188538	0.600544	1
POU4F3_HT-SELEX_TACCCA40NTGT_KZ_NTNAATWATGCAN_1_4	3680	-6.36740529092696	14.6811511641332	-0.433713	1
POU4F3_HT-SELEX_TACCGT20NGCC_Y_NTGMATAATTAATGAN_2_3	1312	8.61554634841817	15.8182263639667	0.544659	1
POU4F3_HT-SELEX_TTTCAT40NGCA_KP_NTGCATWATGCAN_1_4	512	-1.38800934012863	13.1501854869309	-0.105551	1
POU4F3_HT-SELEX_TTTCAT40NGCA_KP_NTNAATWATGCAN_1_4	3680	-3.78187038731597	13.8755021538982	-0.272557	1
POU4F3_SOX11_TACCAT40NGCG_YUIII_NTNAWTAAACAATRN_1_3	8448	4.47030470214713	14.8065966158497	0.301913	1
POU4F3_TBX21_TAAGTT40NGAT_YYI_NAGGTGTNAATTATTNAN_1_3	11008	6.21675698018404	16.2404118227639	0.382796	1
POU4F3_TGIF2LX_TAAGTT40NGAT_YVII_NTGTCAATWATKCAN_1_3	2304	-1.03381461285984	14.8190492481312	-0.0697625	1
POU4F3_TGIF2LX_TAAGTT40NGAT_YVII_TGTCATNAATAANNNAN_2_3	37888	5.59731752189777	13.9347475315539	0.401681	1
POU5F1_HT-SELEX_TGCAGG40NTCG_KAE_NWWTATGCTAATKARN_1_2	8960	-3.47942210469213	15.6427686132462	-0.22243	1
POU5F1P1_HT-SELEX_TAGAGT20NGAT_Y_TATGCWAAT_1_2	52	3.68050268562094	10.4679157018226	0.351598	1
POU5F1P1_HT-SELEX_TAGAGT20NGAT_Y_WTRMATATKYAW_1_3	804	3.75133547590004	12.7161509669534	0.295006	1
POU6F1_HT-SELEX_TCGATT40NTTG_KAE_NTAATGAKATGYRN_1_4	3968	-2.39182909757762	11.6127967165326	-0.205965	1
POU6F1_HT-SELEX_TCGATT40NTTG_KAE_NTAATKAGSN_1_4	1344	-9.46866345098257	10.0230074601452	-0.944693	1
POU6F1_HT-SELEX_TCGATT40NTTG_KAE_TATGCNNNGCATA_1_4	992	6.31968078907571	12.3991406083674	0.509687	1
POU6F2_HT-SELEX_TATCAT20NCG_AC_SCTMATTANN_1_4	1246	-7.4529698981147	11.0271660085019	-0.675874	1
POU6F2_HT-SELEX_TGCTGT20NCG_V_NSCTMATTAN_1_3	1344	-8.02615107707658	10.7983726122843	-0.743274	1
POU6F2_HT-SELEX_TGCTGT20NCG_V_WTAATKAGCTMATTAW_2_3	330	9.7423575532226	18.6525495363899	0.522307	1
PPARD_HT-SELEX_TGGTCG40NTAA_KR_NRRGGTCAAAGGTCAN_2_2	2496	0.089082223212076	17.4995496586884	0.00509054	1
PPARD_HT-SELEX_TGGTCG40NTAA_KR_NRRGGTCRTGACCYYN_2_2	12304	5.66228587954947	15.9722741960464	0.354507	1
PRDM1_FOXD2_TGCGAG40NTTC_YWI_NWANRYAAACAAKNGAAAGT_2_3	45056	0.868803171541875	22.4361664322218	0.0387233	1
PRDM1_HT-SELEX_TATATA40NGCT_KS_NRGNGAAAGTGN_1_4	3328	-5.99337032468503	11.4732251468836	-0.522379	1
PRDM1_HT-SELEX_TTGAGG20NGAT_AE_NRAAAGTGAAAGTGN_2_2	1216	6.68141910619285	16.4361822571208	0.406507	1
PRDM4_HT-SELEX_TAGCAG20NCG_AC_TTTCAAGGCYCCC_3_4	76	-1.01833884815671	17.6248727733576	-0.0577785	1
PRDM4_HT-SELEX_TGTACA40NGTA_KT_YRRCNGTTTCAAGKCYCCCC_2_4	6144	3.30954909313513	21.89001662852	0.15119	1
PROP1_FLI1_TCCCTT40NCTCC_YYIII_NCCGGAAGTAATTAN_1_3	640	0.325039045595831	15.8570540472234	0.0204981	1
PROP1_HT-SELEX_TCCCGA30NGCC_AI_TAATYNAATTA_1_4	168	-1.19723741721154	13.2214981131904	-0.0905523	1
PROP1_HT-SELEX_TGTATT20NGA_AE_TAAYYNAATTA_1_3	362	3.28895058755891	11.3970729741683	0.288579	1
PROP1_HT-SELEX_TTGATG40NATC_KV_TAATTNNATTA_1_3	368	-6.46138393835301	12.7096332301666	-0.508385	1
PROP1_HT-SELEX_TTTGTA40NTCC_KT_TAATTNNATTA_1_2	368	-7.41888508360917	10.2061229656233	-0.726905	1
PROP1_PAX2_TCCCTT40NCTCC_YZII_YRWTTAGTCACGSNYNRNYRN_2_3	2359296	1.02923268079782	16.8993842529775	0.0609036	1
PROP1_TBX21_TGTAGC40NCCT_YYI_NAGGTGTTAATTRN_1_3	1120	-1.49365989290383	12.9042722386768	-0.115749	1
PROX1_HOXA2_TCATAA40NAGC_YJI_NTAATTAAAGAN_1_3	496	3.37603546322752	8.90101561184205	0.379287	1
PROX1_HOXB2_TCATAA40NAGC_YUI_NYMATTWAAGNNNNCTTN_1_3	1015808	-0.663160786965887	14.3276094851714	-0.0462855	1
PROX1_HT-SELEX_TGCAGA20NGA_AF_NAAGACGYCTTN_1_4	676	-2.47458190128365	14.1711669429606	-0.174621	1
PROX1_HT-SELEX_TGCTCT40NTTA_KR_NAAGRCGTCTTN_1_4	676	0.954027101267565	12.2016339290242	0.0781885	1
PROX2_HOXA2_TAACCT40NCGG_YJI_NTAATTWAAGNNNNCTTN_1_3	286720	1.35641196961316	15.9316421655636	0.0851395	1
PROX2_HOXB2_TAACCT40NCGG_YUI_NYMATTWAAGNNNNCTTN_1_3	1015808	-7.31382625067702	15.0956981752757	-0.484497	1
PROX2_MAFK_TAACCT40NCGG_YPIIII_NGTAAGGCGTCATCN_2_3	640	-0.282037454580559	15.6520788246441	-0.0180192	1
PRRX1_ELF1_TACATC40NCAAG_YADIIII_NCGGAANYAATTAN_1_3	4096	2.64098766322351	12.1786459457039	0.216854	1
PRRX1_FLI1_TACATC40NCAAG_YYIII_NCCGGAAGTAATTAN_1_3	640	-0.552591294654893	13.3506301305686	-0.0413907	1
PRRX1_HT-SELEX_TAACGG20NGCA_AC_NYAATTAN_1_2	388	-3.61983342032156	7.99893502013698	-0.452539	1
PRRX1_HT-SELEX_TTCCCC20NTA_AD_NYAATTAN_1_2	388	-2.61137853486593	7.74917081298253	-0.336988	1
PRRX1_HT-SELEX_TTCCCC20NTA_AD_TAATYTAATTA_1_2	61	3.87009729819715	12.0952396149867	0.319969	1
PRRX1_ONECUT1_TACTGA40NACC_YJII_NTAATTRNNNATCGATN_1_3	71680	3.18245031823432	13.7208732474593	0.231942	1
PRRX1_TBX21_TACTGA40NACC_YYI_NAGGTGTTAATTRN_1_3	1120	6.14285915009341	13.6791352038525	0.449068	1
PRRX1_TEAD4_TACATC40NCAAG_YJII_YAATTAACATTCC_1_3	76	7.19232406704769	13.7172437409567	0.524327	1
Prrx2_HT-SELEX_TATGAA20NAGG_Z_NYAATTAN_1_3	388	-8.58791429012936	8.21345459228644	-1.04559	1
PRRX2_HT-SELEX_TGCCAA40NTAG_KV_CYAATTAN_1_2	142	-7.18322677822346	9.06302539350425	-0.792586	1
PRRX2_HT-SELEX_TGGGGT20NGA_AE_NYAATTAN_1_2	388	0.16788956477424	7.44949718590764	0.022537	1
PRRX2_HT-SELEX_TTGCTT40NCCA_KR_NTCGTTAN_1_2	304	-8.21109489276879	6.12327508032691	-1.34096	1
PRRX2_HT-SELEX_TTGCTT40NCCA_KR_NYAATTAN_1_2	388	-9.52958858401276	8.26705520609979	-1.15272	1
PTF1A_HT-SELEX_TGCTTT40NAGA_KO_NYGTCAGCTGNY_1_3	1728	-6.49125577534554	14.2411300872396	-0.45581	1
PTF1A_NKX6-1_TCTGCC40NCAC_YVIII_NCASCTGNNNTMATTAN_1_3	135168	-17.7238908436989	16.6284004937542	-1.06588	1
RARA_HT-SELEX_TAAAAT20NTA_Q_ARRGGTCANNNRRGGTCA_2_3	38912	-1.81058506899498	20.1417483688342	-0.0898922	1
RARA_HT-SELEX_TAAAAT20NTA_Q_RAGGTCAAAAGGTCAAKN_2_3	768	-3.05984895990735	22.0581057038052	-0.138718	1
RARA_HT-SELEX_TAAAAT20NTA_Q_RGGTCANNNARRGGTCA_2_3	18944	-1.9824805105382	19.5328604521374	-0.101495	1
RARA_HT-SELEX_TATAGA20NCG_AD_ARGGTCAAAAGGTCA_2_3	88	4.54540958517918	18.8526333926688	0.241102	1
RARA_HT-SELEX_TATAGA20NCG_AD_ARRGGTCANNNRRGGTCA_2_3	38912	-2.37438932646949	20.1452510775323	-0.117863	1
RARA_HT-SELEX_TATAGA20NCG_AD_RGGTCANNNARRGGTCA_2_3	18944	-2.72717040770184	19.4940811936546	-0.139897	1
Rara_HT-SELEX_TCGGTT20NCG_P_ARRGGTCANNNRRGGTCA_2_4	38912	-0.752060709381953	20.3573087698698	-0.036943	1
Rara_HT-SELEX_TCGGTT20NCG_P_RGGTCANNNARRGGTCA_2_4	18944	-2.88352054836029	19.4459753145179	-0.148284	1
Rara_HT-SELEX_TCGGTT20NCG_P_RRGGTCAAAAGGTCA_2_4	168	4.33933698383119	19.5678217764143	0.221759	1
RARA_HT-SELEX_TGAACC40NCCA_KS_NRGGTCANNRGGTCAN_1_4	33792	4.15104547397907	13.7715474597016	0.301422	1
RARA_HT-SELEX_TGAACC40NCCA_KS_NRGGTCRTGACCYN_1_4	2888	3.02286276741363	13.0877493064281	0.230969	1
RARA_HT-SELEX_TGAACC40NCCA_KS_NRRGGTCANN_1_4	4608	-9.2314076741661	10.0551170253431	-0.918081	1
RARB_HT-SELEX_TACATG40NTAG_KAF_NAAAGGTCAN_1_3	400	-5.56300688686347	10.4809407239685	-0.530774	1
RARB_HT-SELEX_TACATG40NTAG_KAF_NRGGTCANNRGGTCAN_1_3	33792	-5.03381486751566	17.5305931355056	-0.287145	1
RARB_HT-SELEX_TACATG40NTAG_KAF_NRGGTCRTGACCYN_1_3	2888	-3.00259051928214	15.7819569360285	-0.190255	1
RARB_HT-SELEX_TAGTTT20NTTT_W_AARGGTCAAAAGGTCA_2_4	94	10.2673512217915	20.9634496823236	0.489774	1
Rarb_HT-SELEX_TCGTGT20NCG_P_AARGGTCAAAAGGTCA_2_4	94	5.50872838186215	20.7709466762898	0.265213	1
Rarb_HT-SELEX_TCGTGT20NCG_P_ARRGGTCANNNRRGGTCA_2_4	38912	-0.405851236852388	20.2520908125241	-0.02004	1
Rarb_HT-SELEX_TCGTGT20NCG_P_RGGTCANNNARRGGTCA_2_4	18944	-5.53125133211089	19.6439970401128	-0.281575	1
Rarg_HT-SELEX_TATCTG20NTCG_Z_GRGGTCAAAAGKTCAC_2_4	180	1.14357065955272	19.5327471839149	0.0585463	1
Rarg_HT-SELEX_TATCTG20NTCG_Z_RRGGTCANNNARAGGTCA_2_4	20480	-4.15834948193216	21.113827692588	-0.196949	1
Rarg_HT-SELEX_TATCTG20NTCG_Z_RRGGTCANNNRRGGTCA_2_4	35840	-6.21232142316077	20.5874441778084	-0.301753	1
RARG_HT-SELEX_TCGGGG20NGA_AE_GRGGTCAAAAGKTCAC_2_3	180	3.00736313497194	21.0475883704537	0.142884	1
RARG_HT-SELEX_TCGGGG20NGA_AE_RRGGTCANNNARAGGTCA_2_3	20480	-3.20522287672091	20.6282711097453	-0.15538	1
RARG_HT-SELEX_TCGGGG20NGA_AE_RRGGTCANNNRRGGTCA_2_3	35840	-1.14200345275821	17.2582939474042	-0.0661713	1
RARG_HT-SELEX_TGAGAA40NGCG_KQ_NRGGTCAAAAGGTCAN_1_4	1312	-0.171534703303621	17.7598686167572	-0.00965856	1
RARG_HT-SELEX_TGAGAA40NGCG_KQ_NRGGTCRTGACCYN_1_4	2888	1.84027417481944	15.8605983885737	0.116028	1
RARG_HT-SELEX_TGTACA40NGTA_KW_NRGGTCAYN_1_3	1152	-9.73501715572383	9.26751629246376	-1.05045	1
RARG_HT-SELEX_TGTTAT20NGA_Y_GRGGTCAAAAGGTCANA_2_3	376	3.30619750072913	20.4646559587544	0.161556	1
RARG_HT-SELEX_TGTTAT20NGA_Y_RRGGTCANNNARAGGTCA_2_3	20480	-1.33137975788726	19.7135966921192	-0.0675361	1
RARG_HT-SELEX_TGTTAT20NGA_Y_RRGGTCANNNRRGGTCA_2_3	35840	-1.8068631320947	18.5507928408009	-0.0974009	1
RAX_HT-SELEX_TGGTAG20NATT_Z_NNYAATTANN_1_3	6160	-5.20436394712498	9.12522415173793	-0.570327	1
RAX_HT-SELEX_TTGCTC40NGAA_KO_YTAATTAN_1_2	118	-7.96991604813532	8.42890864769486	-0.945545	1
RAX_TGIF2LX_TGCATA40NTCA_YVII_NMTGTCAATTAN_1_3	928	-4.69415825346302	9.96493632480766	-0.471068	1
RAXL1_HT-SELEX_TACTCA20NTA_Q_NYAATTAN_1_2	388	-0.0973713368912359	7.60168648073587	-0.0128092	1
RFX1_HT-SELEX_TTTAGG40NTCT_KS_NGTTRCCATGGYAACN_1_3	1252	-2.01449572470849	17.8174057932513	-0.113063	1
RFX2_HT-SELEX_TAACCC20NCCA_Y_NGTTRCCATGGYAACN_2_3	1252	5.31539109003528	18.1304410166244	0.293175	1
RFX2_HT-SELEX_TAACCC20NCCA_Y_SGTTGCYARGCAACS_2_3	576	2.46040084441744	18.8282318431316	0.130676	1
Rfx2_HT-SELEX_TGGTAG20NATT_AC_NGTTRCCATGGYAACN_2_3	1252	6.17911272989591	17.3778618834439	0.355574	1
Rfx2_HT-SELEX_TGGTAG20NATT_AC_SGTTGCYARGCAACS_2_3	576	0.496514741612705	17.6872888571896	0.0280718	1
RFX2_HT-SELEX_TTCGCC40NGAC_KP_NGTTRCCATGGYAACN_1_2	1252	3.45441138257404	15.4902445580336	0.223006	1
RFX3_BHLHA15_CAP-SELEX_TTCTTT40NCAG_AY_NRGYAACNNNCATATGKN_1_3	278528	-5.17835446338585	19.0504018068095	-0.271824	1
RFX3_FIGLA_CAP-SELEX_TCGGCA40NAGC_AY_TRGYAACNNNNCASSTGNN_1_3	2097152	-6.03576426219675	17.3460412441444	-0.347962	1
RFX3_HES7_CAP-SELEX_TGCCGG40NCAG_AY_NRGCAACNNNCRCGYGNN_1_3b1	1015808	-8.30835749278405	18.5386166381439	-0.448165	1
RFX3_HT-SELEX_TCCACC40NTTA_KS_NGTTGCCATGGCAACN_1_2	346	-0.66416294660031	17.0363052066848	-0.0389852	1
RFX3_HT-SELEX_TCCACC40NTTA_KS_NGTTGCCWAGCAACN_1_2	1184	-2.98333969447985	18.6821837442365	-0.159689	1
RFX3_HT-SELEX_TGGCTT20NGA_AC_NGTTNCCATGGNAACN_2_3	4744	-0.16713597541238	16.8777277592821	-0.00990275	1
RFX3_HT-SELEX_TGGCTT20NGA_AC_SGTTGCYARGCAACS_2_3	576	0.465817790408851	17.9454219145472	0.0259575	1
Rfx3_HT-SELEX_TGGGTA20NCG_P_NGTTNCCATGGNAACN_2_3	4744	-6.31914378190047	19.0481019845178	-0.331747	1
RFX3_SREBF2_CAP-SELEX_TAAAGG40NGAC_AY_NNRGYAACNTCACGTGAY_1_3	20480	-3.22905805569362	20.2943875172213	-0.159111	1
RFX4_HT-SELEX_TCTATT40NCAT_KR_NGTTRCCATGGYAACN_1_3	1252	-3.42552208093648	18.175209379185	-0.188472	1
RFX4_HT-SELEX_TGACAG20NGA_O_NGTTNCCATGGNAACN_2_3	4744	-1.45768448071467	16.0181751173987	-0.0910019	1
RFX4_HT-SELEX_TGACAG20NGA_O_SGTTGCYARGCAACS_2_3	576	-0.106322513342823	17.2975279680398	-0.00614669	1
RFX5_CREM_TCCCTT40NCAT_YLIII_NTGACGTCANNNGTTGCYRN_1_3	172032	-16.0509263959832	16.3681704791523	-0.980618	1
RFX5_HOXA2_TCCCTT40NCAT_YJI_NGTTGCTAATTRN_1_3	1024	3.77582336625705	10.3342613006658	0.365369	1
RFX5_HT-SELEX_TGGAGC30NGAT_AI_NGTTRCCATGGYAACN_2_2	1252	7.61374223150208	18.1130034937353	0.420347	1
RFX5_HT-SELEX_TGGAGC30NGAT_AI_SGTTRCCATRGCAACS_2_2	561	8.20003349194694	18.0406985475721	0.45453	1
RFX5_HT-SELEX_TTGATG40NATC_KO_NGTTGCYRNNNGTTGCYRN_2_3	573440	-10.7899290605371	18.7372769005238	-0.575854	1
RFX5_HT-SELEX_TTGATG40NATC_KO_NYRRCAACSGTTGCYAN_2_3	15616	7.27698196827739	15.3009218783354	0.475591	1
RFX5_OTP_TTGCAT40NTGG_YPIII_NGTTGCYNNNNNYAATTAN_1_3	2162688	2.36561787652304	15.199153873958	0.155641	1
RFX5_TCF3_TCCCTT40NCAT_YIII_NGTTGCYAGGTGN_1_3	1024	3.63533227650872	12.8969128242864	0.281876	1
RFX7_HT-SELEX_TGAGTT40NCGG_KT_NGTTGCYAN_1_3	640	-15.2492833343592	9.21511734161046	-1.65481	1
Rhox11_HT-SELEX_TGGCCC20NCG_P_NGCTGTWAN_1_4	640	-9.15141667836848	8.26960372649343	-1.10663	1
RHOXF1_HT-SELEX_TGAGAG40NCGC_KZ_NGGATCAN_1_2	292	-9.48381781359336	8.18305324311026	-1.15896	1
RHOXF1_HT-SELEX_TGGATG30NTAT_AI_GGMTNAKCC_1_4	168	1.14535638359384	9.0902160331418	0.125999	1
RHOXF1_HT-SELEX_TGGATG30NTAT_AI_NTRAKCCN_1_3	948	-10.0191024389985	7.07758158086964	-1.41561	1
RHOXF1_HT-SELEX_TTAGAA20NTA_AE_GGMTNAKCC_1_4	168	2.59624919570441	9.50886217097433	0.273035	1
RHOXF1_HT-SELEX_TTAGAA20NTA_AE_NTRAKCCN_1_4	948	-10.3783520324271	7.78572552060623	-1.333	1
RHOXF2_HT-SELEX_TCTACG40NCTC_KW_NTAATCCN_1_3	304	-8.25035951668011	8.94596075824875	-0.922244	1
RORA_HT-SELEX_TCTGTA30NTGG_AI_NRAAGGTCAANNNNRGGTCA_2_4	172032	-3.6421098994799	22.6828245794713	-0.160567	1
RORA_HT-SELEX_TCTGTA30NTGG_AI_WAWNTRGGTYAGTAGGTCA_2_4	3008	4.20117696010572	22.9983537427351	0.182673	1
RORB_HT-SELEX_TTCGGG40NGAG_KS_NAWNTRGGTCANTRGGTCAN_2_4	88064	-1.4562794047241	21.0283903819954	-0.069253	1
RORB_HT-SELEX_TTCGGG40NGAG_KS_NAWNTRGGTCRTGACCYANWTN_2_4	270400	6.80722662697174	21.7651990471605	0.312757	1
RORC_HT-SELEX_TATATG40NCTA_KT_NRGGTCRTGACCYN_1_4	2888	1.54600252252423	15.7453350239111	0.098188	1
RORC_HT-SELEX_TATATG40NCTA_KT_NWWNNRGGTCANNRGGTCAN_1_4	2293760	-6.0789663702687	18.9935093301495	-0.320055	1
RUNX2_HT-SELEX_TACCTA40NTCC_AI_NAACCGCAAACCRCAN_2_4	1312	8.41115763112048	17.1044117439082	0.491754	1
RUNX2_HT-SELEX_TACCTA40NTCC_AI_WAACCRCAAWAACCRCAN_2_4	2816	1.0261817302599	18.3985438172503	0.0557752	1
RUNX2_HT-SELEX_TACCTA40NTCC_AI_WAACCRCAN_1_4	336	-7.54872418356871	10.4182782280537	-0.724565	1
RUNX2_HT-SELEX_TCTTGG40NTTA_KP_NWAACCGCANNNACCGCAAN_2_3	90112	4.32384085455312	21.2206956701036	0.203756	1
RUNX3_FOXD2_TCATGT40NCTG_YWI_NWAACCGCAAARTAAACAN_2_3	3072	4.8849602196255	20.9574794378639	0.233089	1
RUNX3_HT-SELEX_TACGGA30NGGC_AI_NAACCGCAAACCRCAN_2_3	1312	9.339427603388	17.421028113071	0.536101	1
RUNX3_HT-SELEX_TACGGA30NGGC_AI_NAACCGCAAN_1_3	400	-7.25222736214276	11.1370993264467	-0.651177	1
RUNX3_HT-SELEX_TACGGA30NGGC_AI_WAACCRCAAWAACCRCAN_2_3	2816	7.69539535258113	18.0652908264651	0.425977	1
RUNX3_HT-SELEX_TCTCCC20NGA_AE_NAACCRCAAN_1_4	736	-9.04831729076338	11.098926299477	-0.815243	1
RUNX3_HT-SELEX_TCTGCT40NTGT_KW_NWAACCGCANNNACCGCARN_2_3	172032	-24.5704831863592	24.9234229254895	-0.985839	1
RUNX3_TBX6_TCATGT40NCTG_YAAII_NACCGCAAAAAGGTGTNAN_2_3	3136	2.01941434249913	16.7602977200459	0.120488	1
Rxra_HT-SELEX_AAGAC14N_T_GGGGTCAAAGGTCA_2_4	43	2.15822153893509	17.2806587932863	0.124892	1
Rxra_HT-SELEX_AAGAC14N_T_RGGTCATGACCY_2_4	67	6.66505890581303	15.2237212857629	0.437807	1
RXRA_HT-SELEX_TACCCA40NTGT_KO_NRGGTCAAAGGTCAN_1_3	1216	0.228169000437484	18.3349552380412	0.0124445	1
RXRA_HT-SELEX_TCACGT30NGCA_AH_GGGGTCAAAGGTCA_2_3	43	9.55480119808116	17.7293252373714	0.538926	1
RXRA_HT-SELEX_TCACGT30NGCA_AH_RRGGTCATGACCYY_2_3	282	10.0383264135909	16.1958212476464	0.61981	1
RXRA_HT-SELEX_TCTACA40NCAG_AI_GGGGTCAAAGGTCA_2_3	43	10.11547956873	17.8911984604118	0.565389	1
RXRA_HT-SELEX_TCTACA40NCAG_AI_RRGGTCATGACCYY_2_3	282	9.50144117705387	16.2155852701334	0.585945	1
Rxrb_HT-SELEX_CAATT14N_T_GGGGTCAAAGGTCA_2_4	43	5.88428818718663	18.361917334207	0.320462	1
RXRB_HT-SELEX_TGAGCA20NGA_Y_GGGGTCAAAGGTCA_2_3	43	3.43362535218244	18.0946612004594	0.189759	1
RXRB_HT-SELEX_TTCGTC40NCGT_KR_NRGGTCAAAGGTCAN_1_2	1216	6.26761538200339	16.8549167946877	0.371857	1
RXRB_HT-SELEX_TTCGTC40NCGT_KR_NRGGTCRTGACCYN_1_2	2888	3.55536340435629	15.2075305902438	0.23379	1
RXRG_HT-SELEX_TCTACG40NCTC_KV_NRGGTCAAAGGTCAN_1_4	1216	-1.74374237267469	16.1647139509025	-0.107873	1
RXRG_HT-SELEX_TCTACG40NCTC_KV_NRGGTCAYGACCYN_1_4	2888	-3.70443011807225	15.7028423886712	-0.235908	1
RXRG_HT-SELEX_TGGAAT20NGA_Y_GGGGTCAAAGGTCA_2_3	43	1.23468076351692	17.7694320741438	0.0694834	1
RXRG_HT-SELEX_TGGAAT20NGA_Y_RRGGTCATGACCYY_2_3	282	1.54257719828245	16.8132966062048	0.0917475	1
RXRG_HT-SELEX_TTCTCT20NTA_AD_GGGGTCAAAGGTCA_2_4	43	5.83507178179687	18.7171479922838	0.31175	1
SCRT1_HT-SELEX_TCTTAG20NATG_Y_NNGCAACAGGTGGNN_2_4	8704	-3.34101135734606	15.7202838825859	-0.212529	1
SCRT1_HT-SELEX_TTCGGC40NAGC_KP_NGCAACAGGTN_1_2	448	-6.22640704761682	12.6166873963821	-0.493506	1
SCRT2_FLI1_TCTTTA40NTAGC_YYIII_NSCGGAAGYGCAACAGGTN_2_3	3072	3.31986367678813	20.3196532504202	0.163382	1
SCRT2_HT-SELEX_TCAGAA40NAGG_KP_NGCAACAGGTN_1_2	448	-6.94006964737353	13.0017269709188	-0.533781	1
SCRT2_HT-SELEX_TGGGCG20NCGT_Y_NNGCAACAGGTGN_2_3	1984	-4.36967529069923	14.883675096854	-0.293588	1
SCRT2_TEAD4_TCTTTA40NTAGC_YJII_NKCAACAGGTGCATTCCN_2_3	1504	9.38603802644528	20.7844422911603	0.45159	1
SHOX_FLI1_TGGTCG40NTCGG_YYIII_NCCGGAAGTAATTAN_1_3	640	1.21328290164086	14.5585761848846	0.083338	1
SHOX_HT-SELEX_TAAGGT20NGGA_AC_NYAATTAN_1_2	388	-7.03992190441378	8.09043361741123	-0.870154	1
SHOX_HT-SELEX_TTTAGC40NGAC_KT_CYAATTAN_1_2	142	-9.32985826221192	8.15675414961316	-1.14382	1
SHOX_MEF2D_TGGTCG40NTCGG_YAEII_CCAATTATGG_1_3	31	-2.47999536996063	9.12306654279491	-0.271838	1
SHOX_TBX4_TCCAAG40NAAC_YWII_NAGGTGTTAATTRN_1_3	1120	5.97861937556072	14.3876905209214	0.415537	1
SHOX_TBX4_TCCAAG40NAAC_YWII_NTAATTAGGTGTNRN_1_3	4480	5.36568419317226	12.968527435194	0.413747	1
SHOX_TEAD4_TGGTCG40NTCGG_YJII_YAATTAACATTCC_1_3	76	1.66846921653332	13.7781958206097	0.121095	1
SHOX_TGIF2LX_TCCAAG40NAAC_YVII_NTGTCAATTAN_1_3	448	2.97217047366039	11.4821741261935	0.258851	1
SHOX2_HT-SELEX_TACGTC20NTGC_Y_NYAATTAN_1_2	388	-1.15328487686841	8.12202950386123	-0.141995	1
Shox2_HT-SELEX_TCCCAG20NACC_Z_NYAATTAN_1_2	388	-5.14585823311486	8.18354761093239	-0.628805	1
SIX1_HT-SELEX_TATTTC40NGCA_KX_NSRTATCRYN_1_4	4352	-9.97778251792766	8.37247632984151	-1.19174	1
SIX1_HT-SELEX_TGGGCT40NGTT_KQ_NSRTATCRYN_1_4	4352	-11.0019648611136	8.74632244581419	-1.2579	1
SIX2_HT-SELEX_TAAATT40NCTG_KX_MCGTATCAYN_1_4	384	-5.3267538061157	8.14765993581781	-0.653777	1
SIX2_HT-SELEX_TTACTA40NAGG_KV_NCGTATCRYN_1_4	1344	1.63993294901504	8.3308818169099	0.19685	1
SIX3_HT-SELEX_TTTCTA40NCAT_KO_NSSTATCRYN_1_4	4340	-9.58137127868736	8.05196731299862	-1.18994	1
SIX4_FLI1_TCCGAG40NAGCG_YYIII_NMGGAAGTATCN_1_3	928	-5.62203550685842	12.3009892657963	-0.457039	1
SIX4_HT-SELEX_TGTAGC40NCCT_KR_NCGTATCATN_1_4	400	-5.63316413325075	8.74985908719625	-0.643801	1
SIX6_HT-SELEX_TACATC40NATA_KO_NSRTATCRYN_1_4	4352	-10.7754647998697	7.8735428931424	-1.36857	1
SKOR1_HT-SELEX_TTTAGG40NTCT_KP_NWNNKKTAATTAAN_1_3	51166	-6.12427174960024	12.9848121631999	-0.471649	1
SKOR2_HT-SELEX_TGGCGT40NCCT_KP_NWNNKKTAATTAAN_1_4	51166	-7.57810420935377	14.0127992314933	-0.540799	1
SMAD3_HT-SELEX_TGGGTA20NGA_AC_YGTCTAGACA_1_3	43	-1.7651831552702	12.4799731507008	-0.141441	1
SMAD5_HT-SELEX_TGTCTG40NAGG_KR_YGTCTAGACA_1_3	43	3.36311632629725	11.9169371226369	0.282213	1
SNAI1_HT-SELEX_TAGCGC40NCGC_KT_NRCAGGTGYR_1_3	692	-7.61010748637401	9.81147564953102	-0.775633	1
SNAI1_HT-SELEX_TTGTGG40NCGG_KV_NRCAGGTGCR_1_3	382	-6.33277744787791	11.4902226194676	-0.551145	1
SNAI2_HT-SELEX_TACCTT40NCGA_KV_NRCAGGTGCA_1_3	208	-6.97870708352148	11.6041340537867	-0.601398	1
SNAI2_HT-SELEX_TCGTTA20NGA_O_NRCAGGTGN_1_6	640	-11.0698549318964	8.82349562596049	-1.25459	1
SNAI2_HT-SELEX_TTAACA40NTGT_KR_NRCAGGTGCR_1_3	382	-7.06136975353741	11.9221239145246	-0.592291	1
SNAI3_HT-SELEX_TAGTAC40NTAG_KAE_NRCAGGTGCR_1_3	382	-6.38051212822091	11.4593377585144	-0.556796	1
SOHLH2_FLI1_TGGTCG40NTAA_YYIII_NCCGGAWRCACGTGN_1_3	2304	-2.0939838882703	17.4780842825172	-0.119806	1
SOHLH2_HT-SELEX_TCCACC40NTTA_KO_NGCACGTGCN_1_3	202	-3.9043003433278	10.6227300588609	-0.367542	1
Sox1_HT-SELEX_TGTCTA20NTCG_AC_NACAATWNCATTGTN_1_4	4320	-1.25312041098107	17.7635741164416	-0.0705444	1
Sox1_HT-SELEX_TGTCTA20NTCG_AC_NTGAATWNCATTCAN_1_4	4320	-0.741930670499469	17.5669192897481	-0.0422345	1
Sox1_HT-SELEX_TGTCTA20NTCG_AC_TCAATWNCATTGA_1_4	270	1.25749864049472	15.8499701269315	0.0793376	1
Sox1_HT-SELEX_TGTCTA20NTCG_AC_TGAATNNNNATTCA_1_4	3976	-13.6276408696379	15.3861474394606	-0.885708	1
SOX10_HT-SELEX_TCCTCA40NAAC_KS_AACAATNNNNNATTGTT_1_4	18944	-13.5130011871108	19.7843743037449	-0.683014	1
SOX10_HT-SELEX_TGATTT20NTTA_AF_AACAATNNNAGTGTT_1_4	2304	-20.1921344754904	19.8549069233291	-1.01698	1
SOX10_HT-SELEX_TGATTT20NTTA_AF_AACAATRTKCAGWGTT_1_4	344	-3.0386587200835	21.0811548246254	-0.144141	1
SOX10_HT-SELEX_TGATTT20NTTA_AF_ATCAATTGCAGTGAT_1_4	46	7.33173850379874	19.9901630239925	0.366767	1
SOX10_HT-SELEX_TGATTT20NTTA_AF_ATGAATTGCAGTCAT_1_4	46	5.87528571687538	20.2538353395285	0.290083	1
SOX10_HT-SELEX_TGATTT20NTTA_AF_TGAATRTKCAGTCA_1_4	156	4.36511136781674	18.6079509638817	0.234583	1
Sox10_HT-SELEX_TGCTGT20NCG_P_AACAATTGCAGTGTT_1_4	46	6.49400498853239	19.7109528279261	0.329462	1
Sox10_HT-SELEX_TGCTGT20NCG_P_ATCAATTGCAGTGAT_1_4	46	6.34215988480383	20.3174063532585	0.312154	1
Sox10_HT-SELEX_TGCTGT20NCG_P_ATGAATTGCAGTCAT_1_4	46	6.78919122913729	19.8176855877657	0.342582	1
SOX10_HT-SELEX_TTGCCA40NGTG_KAF_AACAATNNNNNNATTGTT_1_3	75808	-4.53106286082323	17.5375251145975	-0.258364	1
Sox11_HT-SELEX_TCTTCT20NGA_AF_AACAATTGCAGTGTT_1_3	46	7.74787137207855	19.7914309704466	0.391476	1
SOX11_TBX4_TGCCAG40NATA_YWII_NACAAWRNNNAGGTGTNRN_2_3	1114112	-6.132106198346	15.0485376912385	-0.407489	1
SOX12_HT-SELEX_TTACTA40NAGG_KO_ACCGAACAATN_1_2	124	-0.930802970991254	12.5821380498792	-0.0739781	1
SOX14_HT-SELEX_TACCTA30NTCC_AH_ACAATANCATTG_1_4	136	0.0348004538243506	15.1540332053732	0.00229645	1
SOX14_HT-SELEX_TACCTA30NTCC_AH_NTGAATNNCATTCAN_1_4	7232	-3.60972791148378	17.5402683802056	-0.205797	1
SOX14_HT-SELEX_TACCTA30NTCC_AH_TCAATNNCATTGA_1_4	452	-0.203036606705981	15.7058710143662	-0.0129274	1
SOX14_HT-SELEX_TGTGAT40NGCA_KO_NGAACAATGN_1_3	400	-6.11168301453059	8.06622836002455	-0.757688	1
SOX14_HT-SELEX_TTGAGA40NATG_KAE_CCGAACAATN_1_2	112	-2.23428289547146	11.8582358222975	-0.188416	1
SOX14_TBX4_TGGTGC40NTAG_YWII_NACAAWRNNNAGGTGTNRN_2_3	1114112	-1.37180305403548	18.0294997125219	-0.0760866	1
SOX15_HT-SELEX_TGTTCA20NCTG_AF_AACAATAMCATTGTT_1_4	88	7.44595148744101	19.8201582033764	0.375676	1
SOX15_HT-SELEX_TGTTCA20NCTG_AF_ATCAATAACATTGAT_1_4	46	9.36466349790316	19.8334932681767	0.472164	1
SOX15_HT-SELEX_TGTTCA20NCTG_AF_ATGAATAACATTCAT_1_4	46	7.74827102318233	20.2807691769773	0.38205	1
Sox17_HT-SELEX_TATTGT20NGTG_AF_AACAATNNCATTGTT_1_3	536	0.038746582440662	18.3176761479375	0.00211526	1
Sox17_HT-SELEX_TATTGT20NGTG_AF_ATGAATWNCATTCAT_1_3	318	5.32396233051579	18.1524102703261	0.293292	1
SOX18_HT-SELEX_TCACGC40NACT_KP_NACAATGN_1_4	304	-17.9989484902953	7.44590014591094	-2.4173	1
SOX18_HT-SELEX_TGTGTC20NTGG_AE_AACAATNNCATTGTT_1_4	536	0.981693041559334	18.823036761368	0.0521538	1
SOX18_HT-SELEX_TGTGTC20NTGG_AE_ATCAATNNCATTGAT_1_4	536	2.76885727428464	19.0033596899667	0.145704	1
SOX18_HT-SELEX_TGTGTC20NTGG_AE_ATGAATWYCATTCAT_1_4	168	5.89323906091237	19.3271522149644	0.30492	1
SOX2_HT-SELEX_TAGTAA20NATT_AC_NAACAATNNNATTGTTN_1_4	18944	-8.94429637060133	19.8671157858225	-0.450206	1
SOX2_HT-SELEX_TAGTAA20NATT_AC_NTGAATNNNATTCAN_1_4	15872	-14.9262146851374	17.3691603014734	-0.859352	1
SOX2_HT-SELEX_TCCCCT20NCCC_AC_NATCAATNNNATTGATN_1_4	18944	-17.9635868980533	19.1111135207002	-0.939955	1
SOX2_HT-SELEX_TGAATA20NTAA_AF_NAACAATANCATTGTTN_1_4	2688	4.80655503383253	20.0525627259777	0.239698	1
SOX2_HT-SELEX_TGAATA20NTAA_AF_NATCAATANCATTGATN_1_4	2688	3.49624437861786	20.0278038794105	0.17457	1
SOX2_HT-SELEX_TGAATA20NTAA_AF_NTGAATWNCATTCAN_1_4	4320	-0.20769421945005	17.5140966846815	-0.0118587	1
SOX21_HT-SELEX_TCAAAA40NAAA_AI_AACAATNNNAKTGTT_1_4	3264	-6.97960644851836	18.2801228032068	-0.381814	1
SOX21_HT-SELEX_TCAAAA40NAAA_AI_AACAATNNNNAKTGTT_1_4	13072	-3.95961194343596	18.5179614709266	-0.213825	1
SOX21_HT-SELEX_TCAAAA40NAAA_AI_TCAATNNNATTGA_1_4	992	-9.92229194984115	15.5730495595182	-0.637145	1
SOX21_HT-SELEX_TCAAAA40NAAA_AI_TGAATNNNAKTCA_1_4	2688	-11.7343657776755	15.9451989692401	-0.735918	1
SOX3_HT-SELEX_TGAGGA40NTTG_KW_NGAACAATGN_1_4	400	-11.4811890842501	8.61657877370103	-1.33245	1
Sox3_HT-SELEX_TGGGGT20NCG_Q_NAACAATRNYATTGTTN_1_4	4992	3.69322062883682	20.2510898968204	0.182371	1
Sox3_HT-SELEX_TGGGGT20NCG_Q_NATCAATKNYATTGATN_1_4	8544	-0.416722303196209	19.7626595181032	-0.0210863	1
Sox3_HT-SELEX_TGGGGT20NCG_Q_NATGAATKNYATTCATN_1_4	8544	-0.68940306747557	19.3239887982764	-0.035676	1
SOX3_TBX4_TCAGTA40NACC_YWII_NACAAWRNNNAGGTGTNRN_2_3	1114112	-5.96370030819454	16.804101290743	-0.354896	1
SOX30_HT-SELEX_TAAGTC40NCGT_KS_GAACAATN_1_3	88	-5.68950493914272	8.54854164876731	-0.665553	1
SOX30_TBX4_TACCCA40NTGT_YWII_NRACAATNNNNAGGTGTNRN_2_3	2359296	-8.203154927132	19.443974958092	-0.421887	1
SOX4_HT-SELEX_TATCGC30NGCG_AH_NAACAATTKCAGTGTT_1_4	352	6.25389648672919	20.8511361479484	0.299931	1
SOX4_HT-SELEX_TTGTTA40NGGT_KO_GAACAAAGRN_1_2	208	-6.37784709145084	10.1219494371732	-0.630101	1
SOX7_HT-SELEX_TCTGGG40NCTG_KR_ACAATNNNATTGT_1_2	992	3.2974524006221	14.2223358491629	0.23185	1
SOX7_HT-SELEX_TGAGGC20NGGA_AF_AACAATNNNNAKTGTT_1_3	13072	-3.63151373435723	18.6693779127997	-0.194517	1
SOX7_HT-SELEX_TGAGGC20NGGA_AF_NAACAATKNYAKTGTTN_1_3	17344	-0.411751818412831	19.3262396807751	-0.0213053	1
SOX7_HT-SELEX_TGAGGC20NGGA_AF_NATGAATKNYAKTCATN_1_3	17344	2.34664613892594	19.0186992936524	0.123386	1
SOX8_HT-SELEX_TCGGCT40NTAA_KW_ACAATNNNNNNATTGT_1_3	63520	-5.62893208087876	15.8824255096291	-0.354413	1
SOX8_HT-SELEX_TCGTCA40NCTA_KO_AGAACAATGN_1_2	112	-4.75561814351961	10.2992179174387	-0.461746	1
SOX8_HT-SELEX_TCTTTC30NTTG_AI_AACAATRTKCAGWGTT_1_4	344	-5.04662703852949	21.2358003546123	-0.237647	1
SOX8_HT-SELEX_TCTTTC30NTTG_AI_ATGAATKNYAGTC_1_4	528	2.09385262277692	16.4802169503754	0.127052	1
SOX8_HT-SELEX_TCTTTC30NTTG_AI_NAACAATKNYAGTGTTN_1_4	9920	-2.59859503289641	20.7178857884098	-0.125428	1
SOX8_HT-SELEX_TCTTTC30NTTG_AI_NATCAATKNYAGTGATN_1_4	9920	-1.83294007769138	20.8752354691309	-0.0878045	1
SOX8_HT-SELEX_TCTTTC30NTTG_AI_TGAATRTKCAGWCA_1_4	296	-2.75222423908069	18.3591465564684	-0.14991	1
SOX8_HT-SELEX_TGTCTA20NTCG_AE_AACAATKNYAGTGTT_1_4	620	-0.397002555695806	20.076192021301	-0.0197748	1
SOX8_HT-SELEX_TGTCTA20NTCG_AE_ATGAATKNYAGTC_1_4	528	-0.73406906756197	16.7527106052425	-0.0438179	1
SOX8_HT-SELEX_TGTCTA20NTCG_AE_NATCAATKNYAGTGATN_1_4	9920	-24.9286397203282	21.7634671966118	-1.14544	1
SOX9_HT-SELEX_TCTCAA20NGA_O_NAACAATRN_1_4	640	-8.61747575697716	9.23505898841183	-0.933126	1
SOX9_HT-SELEX_TGCTCC40NCCG_KR_MGAACAATRN_1_3b0	384	-6.5312632037219	10.3461429494184	-0.631275	1
SOX9_HT-SELEX_TGGGGT20NGGT_W_AACAATRTKCAGWGTT_1_3	344	-3.78950805635217	21.4816741739203	-0.176407	1
SOX9_HT-SELEX_TGGGGT20NGGT_W_ATCAATRTKCAGWGAT_1_3	344	-2.35878391212165	21.0151466877567	-0.112242	1
SOX9_HT-SELEX_TGGGGT20NGGT_W_ATGAATRTKCAGWCAT_1_3	344	-4.77313249886902	21.0730977647762	-0.226504	1
SOX9_HT-SELEX_TGGGGT20NGGT_W_NAACAATKNYAGTGTTN_1_3	9920	-2.24418008000239	21.0058323474984	-0.106836	1
SOX9_HT-SELEX_TGGGGT20NGGT_W_NATCAATKNYAGTGATN_1_3	9920	0.758864232229226	20.3393118801839	0.0373102	1
SOX9_HT-SELEX_TGGGGT20NGGT_W_NATGAATKNYAGTCATN_1_3	9920	-0.839226225806863	20.5777601443231	-0.0407832	1
SOX9_TBX21_TGCCCG40NCTG_YYI_NAGGTGTKGYATTGTTN_2_3	2688	9.69703354887965	18.0583934243656	0.536982	1
SOX9_TBX6_TGCCCG40NCTG_YAAII_NRACAATAGGTGTNRN_1_3	9216	-3.98279347941498	17.4137824784774	-0.228715	1
SP1_HT-SELEX_TACCCA40NTGT_KV_NWRGCCACGCCCMYN_2_2	8192	-5.54951275817072	15.9481735195239	-0.347972	1
SP1_HT-SELEX_TCTATG20NGA_O_GCCMCGCCCMC_1_4	120	-3.57656648977098	10.7877374410835	-0.33154	1
SP2_HT-SELEX_TACGAA40NAGA_KV_NYWAGYCCCGCCCMCYN_2_3	18432	-0.631715444972967	18.1701684898408	-0.0347666	1
SP3_HT-SELEX_TCGGCC20NGA_O_GCCMCGCCCMC_1_6	120	4.73874925178715	11.0440225536179	0.429078	1
SP3_HT-SELEX_TTCACC40NGCT_KR_NRCCMCGCCCMYN_1_4	6656	-6.71541241680586	13.4984200492174	-0.497496	1
SP4_HT-SELEX_TTATGT20NGTA_AE_NWRGCCMCGCCCMCTNN_2_4	35840	-2.57708950693905	17.6116124289395	-0.146329	1
SP8_HT-SELEX_TCGCCG40NTGC_KP_NCCACGCCCMYN_1_4	1728	-5.49659767137729	12.0810802781071	-0.454976	1
SP8_HT-SELEX_TGCTCG20NCTC_Y_NMCMCGCCCMCN_1_4	3200	-7.33955998078069	12.5162357871069	-0.586403	1
SP9_HT-SELEX_TACCGA40NATA_KP_NCCACGCCCMYN_1_4	1728	-6.02643624793446	12.1592624159704	-0.495625	1
SPDEF_HT-SELEX_TAGAGA40NCGC_KW_NAMCCGGATGTN_1_3	928	-5.04366581203873	11.2157340650533	-0.449696	1
SPDEF_HT-SELEX_TCACAT40NATG_KX_NAMCCGGATGTN_1_3	928	-4.83783007896871	11.3842577496552	-0.424958	1
SPDEF_HT-SELEX_TCATTG20NCG_AD_AMCCGGATGTN_1_3	232	-3.40223144289009	12.6126563567015	-0.269747	1
SPDEF_HT-SELEX_TCATTG20NCG_AD_GTGGTCCCGGATYAT_2_3	88	4.51636702839905	18.0453732957452	0.250278	1
SPDEF_HT-SELEX_TCATTG20NCG_AD_NCAGNAAGAMGTAWMM_3_3	8960	-2.20676667067789	17.335833554046	-0.127295	1
SPDEF_HT-SELEX_TCGCTG20NTCT_AD_AMCCGGATGTN_1_4	232	-1.94129813389717	12.7886334323672	-0.151799	1
SPDEF_HT-SELEX_TCGCTG20NTCT_AD_GTGGTCCCGGATYAT_2_4	88	5.3804286785013	17.8492878572923	0.301437	1
SPDEF_HT-SELEX_TCGCTG20NTCT_AD_NCAGNAAGAMGTAWMM_3_4	8960	-4.10654224162379	17.9718652551803	-0.228498	1
SPI1_HT-SELEX_TCCCCT20NCG_AD_AAAAAGCGGAAGTN_2_3	160	0.717138027342148	17.4646903022173	0.0410622	1
SPIB_FOXD2_TTAGTG40NACC_YWI_NRNGGAWGTTTRTTTWN_1_3	35840	1.78016467098544	16.9336129897998	0.105126	1
SPIB_HOXC10_TGGCTA40NTGCG_YAEIII_NWWWRHGGAAGTMRTAAAN_1_3	114688	-3.50910902431945	20.0943358619083	-0.174632	1
SPIB_HOXC10_TGGCTA40NTGCG_YAEIII_YMATAAANNNACTTCCBCWWWN_2_3	1040384	-0.0196515642589439	18.621998835872	-0.00105529	1
SPIB_HT-SELEX_TACGAT40NCCG_KR_RWWGSGGAAGTN_1_4	1664	-5.10013297112257	11.8295475839113	-0.431135	1
SPIB_HT-SELEX_TGTCTA20NTCG_AK_AAAAAGMGGAAGTN_2_2	304	-2.84343124853715	16.0164105868621	-0.177532	1
SPIB_HT-SELEX_TTTAGC40NGAC_KV_RAWWGMGGAAGTN_1_2	1856	-5.45534410346872	12.0647475844721	-0.452172	1
SPIB_TBX21_TTAGTG40NACC_YYI_NRGGTGTNANRNGGAAG_1_3	36864	3.16229104147465	17.343800321534	0.18233	1
SPIB_TEAD4_TGGCTA40NTGCG_YJII_NGGAATGCGGAAGTN_2_3	640	6.71053880915585	16.8677864978932	0.397832	1
SPIC_HT-SELEX_TAGGCA20NCG_AD_AAAAAGNGGAAGTN_2_4	592	-10.0132197963545	14.4412742192139	-0.693375	1
Spic_HT-SELEX_TATAGA20NCG_Z_AAAAAGMGGAAGTA_2_4	82	4.84317926471707	16.6154141611119	0.291487	1
Srebf1_HT-SELEX_TACATT20NCG_Z_RTCACGTGAY_1_3	55	-2.01320152497804	12.2252726551757	-0.164675	1
SREBF1_HT-SELEX_TCTCCT40NCCT_KT_NTCACGCCAY_1_4	208	-0.830942261023807	9.09664968822946	-0.091346	1
SREBF1_HT-SELEX_TCTCCT40NCCT_KT_NTCACGTGAN_1_4	202	-7.31096325622735	9.30689380638212	-0.785543	1
SREBF2_FLI1_TTCAGT40NTTTC_YYIII_NTCACGCCACCGGAWRYN_2_3	5504	0.680300351528927	16.9947049551405	0.0400301	1
SREBF2_HT-SELEX_TGAGAT20NGA_Y_RTCACGTGAY_1_3	55	3.70569915014376	12.4384261374571	0.297923	1
SREBF2_HT-SELEX_TTCATT40NTAT_KN_ATCACGCCAY_1_3	58	-2.20806119136863	12.2174803193657	-0.18073	1
SREBF2_HT-SELEX_TTCATT40NTAT_KN_ATCACGTGAY_1_3	43	-1.33958737218704	11.9697988453821	-0.111914	1
SRF_FOXA1_TTCGAG40NCATT_YWII_NCAAATATTGAN_1_3	496	-2.07462235076585	11.74659128545	-0.176615	1
SRF_HT-SELEX_TGAACG20NGA_Y_MCCATATAWGGN_1_4	409	-2.21564098566173	14.4615141526938	-0.153209	1
SRF_HT-SELEX_TGGAAT20NAAT_W_NNMCCATATAWGGKNN_2_3	46112	-6.71320938268509	18.2809755794032	-0.367224	1
SRF_HT-SELEX_TTCTGT40NAAC_KR_CCWTGTWNGG_1_4	382	-6.02938181193453	10.8321453262022	-0.556619	1
SRF_NKX6-1_TTCGAG40NCATT_YVIII_NCYWWWWWWGGNNATAATTRN_1_3	2359296	2.21379446009573	16.1096009924456	0.137421	1
SRF_TBX21_TAGGAC40NACA_YYI_CCWWWWWAGGTGTGAN_1_3	4608	-0.798897289817577	14.7841974951349	-0.0540372	1
SRF_TEAD4_TTCGAG40NCATT_YJII_CATTCCNNNCCWWWWWWGG_1_3	151552	-1.36409228508754	15.3353565314928	-0.0889508	1
SRY_HT-SELEX_TACTGC30NGTC_AH_AACAATANCATTGTT_1_3	168	9.88745240523	19.3333313649035	0.51142	1
SRY_HT-SELEX_TACTGC30NGTC_AH_AACAATNNNCATTGTT_1_3	2152	3.20230360891789	18.7686587582548	0.17062	1
SRY_HT-SELEX_TACTGC30NGTC_AH_TCAATANCATTGA_1_4	144	1.72461279732644	17.0612511007285	0.101084	1
SRY_HT-SELEX_TACTGC30NGTC_AH_TGAATANCATTCA_1_3	144	3.0801689291591	16.7387228155604	0.184015	1
T_HT-SELEX_TGCCTC40NCAA_KS_NANGTGTGANNNNTNACACCTN_2_4	2644192	-7.48549118202105	21.3799174754598	-0.350118	1
T_HT-SELEX_TGCCTC40NCAA_KS_NTCACACNTANGTGTGAN_2_4	5512	5.12000509398466	19.5645209333153	0.261698	1
T_HT-SELEX_TGGGCG20NCGT_W_TCACACCTAGGTGTGA_2_3	25	3.61664466929644	18.1763761531091	0.198975	1
TBR1_HT-SELEX_TCACAC20NACA_Z_AGGTGTGANN_1_3	400	-8.7980030945316	11.9039304066205	-0.739084	1
TBR1_HT-SELEX_TTGCAC20NACT_AE_NAGGTGTGAAN_1_4	448	-5.21896794139085	13.7558539419064	-0.3794	1
TBX1_HT-SELEX_TACGGA40NGGC_AI_AGGTGTGA_1_4	25	-4.89428282182414	10.4840772686978	-0.46683	1
TBX1_HT-SELEX_TACGGA40NGGC_AI_AGGTGTGAAAAAAGGTGTGA_3_4	61	9.1029140746232	24.0281749953073	0.378843	1
TBX1_HT-SELEX_TACGGA40NGGC_AI_AGGTGTGAAWTTCACACCT_2_4	56	16.1156887292359	24.8118136131819	0.649517	1
TBX1_HT-SELEX_TACGGA40NGGC_AI_TYTCACACCTNNNAGGTGTGARA_2_4	7296	5.20299414028077	27.2313957305359	0.191066	1
TBX1_HT-SELEX_TACGGA40NGGC_AI_YTCACACCTNNAGGTGTGAR_2_4	1636	6.36852586146996	24.0379647492693	0.264936	1
TBX1_HT-SELEX_TTACTA40NAGG_KP_NWAGGTGTGARN_1_4	1728	-8.27640820719168	12.4156095163733	-0.666613	1
TBX15_HT-SELEX_TACGTC40NTGC_AI_AGGTGTGA_1_4	25	-4.60167676647295	10.6491090128827	-0.432118	1
TBX15_HT-SELEX_TACGTC40NTGC_AI_AGGTGTGAANTTCACACCT_2_4	110	9.0216809570176	25.0114260213703	0.360702	1
TBX15_HT-SELEX_TGGGAG40NAGG_KP_NAGGTGTGAN_1_4	400	-5.71956193284875	9.53432678457917	-0.599892	1
TBX18_HT-SELEX_TATTTG40NCCA_KP_NRAGGTGTGAAN_1_4u	928	-3.23330074860598	12.1743638633948	-0.265583	1
TBX19_HT-SELEX_TACTAT40NATC_AI_NNTCRCACNTANGTGYGANN_2_3	319552	4.36749414998343	19.7868781211874	0.220727	1
TBX19_HT-SELEX_TCTTGT40NCAG_KP_NANGTGTKANNNTNACACCTN_2_4	1218560	1.30237378321618	19.0205074747954	0.0684721	1
TBX2_HOXB2_TTACTA40NAGG_YUI_AGGTGTTAATKR_1_3	132	-0.371984803351749	12.8717075306194	-0.0288994	1
TBX2_HT-SELEX_TACCCA40NTGT_KT_NAGGTGTGAN_1_3	400	-7.09078414120776	7.33734083553407	-0.966397	1
TBX2_HT-SELEX_TCTATG20NTAG_AF_GGTGTNANWWNTNACACC_2_4	19984	1.62968454439141	18.0795789862513	0.0901395	1
TBX2_HT-SELEX_TCTATG20NTAG_AF_NAGGTGTGAWN_1_4	832	-6.48869194934522	11.2538245421228	-0.576577	1
TBX20_HOXA2_TAACCA40NGGT_YJI_NAGGTGYTAATTRN_1_3	2112	-3.55926201221649	12.9385238890175	-0.27509	1
TBX20_HT-SELEX_TAAGAA40NATA_KAE_NAGGTGTKARGGYGTKAN_2_4	10496	-1.99915634403714	17.2229742920664	-0.116075	1
TBX20_HT-SELEX_TAAGAA40NATA_KAE_NTNACRCCTANGTGTGAN_2_4	20224	-2.89380292372619	21.536938681086	-0.134365	1
TBX20_HT-SELEX_TACTCA40NCTC_AI_AGGTGTGAAGGTGTGA_2_3	49	12.0721989092253	19.0109910610569	0.635012	1
TBX20_HT-SELEX_TACTCA40NCTC_AI_AGGTGTGAWWWTCACACCT_2_3	208	12.6559827792048	22.3819577853999	0.565455	1
TBX20_HT-SELEX_TACTCA40NCTC_AI_HNHNAGGTGTGANHH_1_3	136512	-9.85373123062475	13.975965300336	-0.705048	1
TBX20_HT-SELEX_TCTTCT20NCTG_AE_AGGTGTKANGGTGTSA_2_4	672	5.13434077060784	18.790117316928	0.273247	1
TBX20_HT-SELEX_TCTTCT20NCTG_AE_NAGGTGTGAAN_1_4	448	-5.3908797263611	12.7104909267355	-0.424128	1
TBX20_HT-SELEX_TTGTTA40NGGT_KP_NAGGTGTGAAGGTGTGAN_2_3	784	1.56889797465925	21.1412215680949	0.0742104	1
TBX20_HT-SELEX_TTGTTA40NGGT_KP_NAGGTGTGANNNTCACACCTN_2_3	25088	4.02709856358503	23.7369967528871	0.169655	1
TBX20_NKX6-1_TGTTCG40NGAC_YVIII_NAGGTGWTAATTRN_1_3	2112	4.38829907544337	13.0656814369467	0.335865	1
TBX21_HOXA2_TACCTG40NACG_YJI_NTAATKARGTGTKAN_1_3	4352	4.61293879069072	12.3834267665805	0.372509	1
TBX21_HOXB2_TACCTG40NACG_YUI_NAGGTGYTAATKRN_1_3	3968	-4.44000530949573	13.8924168940819	-0.319599	1
TBX21_HT-SELEX_TACTGC40NGTC_AI_GGTGTGANNTCACACC_2_3	346	8.74861232799397	17.5221839532051	0.499288	1
TBX21_HT-SELEX_TACTGC40NGTC_AI_NAGGTGTGAA_1_3	112	2.46630784253732	11.620643106997	0.212235	1
TBX21_HT-SELEX_TACTGC40NGTC_AI_TNACACCTNNNAGGTGTNA_2_3	22016	4.93734066448151	19.4451615267909	0.253911	1
TBX21_HT-SELEX_TGGTCT20NCTT_AD_GGTGTGAWATCACACC_2_4	70	9.34945447923539	20.9237141159035	0.446835	1
TBX21_HT-SELEX_TGGTCT20NCTT_AD_NAGGTGTGAA_1_3	112	-4.38549465000603	12.1722149771286	-0.360287	1
TBX21_HT-SELEX_TGGTCT20NCTT_AD_TNACACCTNNNAGGTGTNA_2_4	22016	1.03515719421096	22.8745674647343	0.0452536	1
TBX21_HT-SELEX_TTCGTT40NGCC_KP_NAGGTGTGAN_1_4	400	-6.45916957169066	10.4968513095832	-0.615344	1
TBX21_OTP_TTTAAG40NAGC_YPIII_NAGGTGTTAATTR_1_3	280	6.01347955328062	11.9853842049802	0.501734	1
TBX21_RUNX2_TTTAAG40NAGC_YII_NACCGCANNNAGGTGYNAN_2_3	311296	-8.988746736198	20.5520217991791	-0.437366	1
TBX21_TEAD4_TTTAAG40NAGC_YJII_AGGYGTGANATTCC_2_3	304	3.98492942740402	11.9058247237202	0.334704	1
TBX3_FLI1_TAACAT40NATG_YYIII_NCCGGAWRTNACACCYN_1_3	18944	-2.29485023891818	16.8105500920443	-0.136513	1
TBX3_GABPA_TCACGA40NTTA_YYIIII_NCCGGAAGTNACACCTN_1_3	2752	1.90329460942199	19.1782898860539	0.0992421	1
TBX3_HOXA2_TCACGA40NTTA_YJI_NAGGTGTTAATTRN_1_3	1120	-2.09475922198251	13.0550633038668	-0.160456	1
TBX3_HT-SELEX_TGCCAA40NTAG_KT_NAGGTGTGAN_1_4	400	-6.32436169442015	8.70412588662474	-0.726594	1
TBX3_IRF7_TAACAT40NATG_YAEIIII_YGAAASTNACACCT_1_3	576	0.805114107615105	14.4693921031641	0.0556426	1
TBX3_ONECUT1_TCACGA40NTTA_YJII_NAGGTGTKANNNNNATCGATN_2_3	1343488	3.37635694077997	19.8356007033788	0.170217	1
TBX3_TEAD4_TAACAT40NATG_YJII_NASGTGTGAMATTCCN_2_3	2496	6.54372270097546	16.3743808853403	0.399632	1
TBX4_EVX2_TGCAGG40NTCG_YZIIII_NTAATKAGGTGTNAN_1_3	4480	-1.67904350070636	14.8301426494888	-0.113218	1
TBX4_HOXA2_TTAGAT40NGTG_YJI_NTAATKARGTGTNN_1_3	7680	2.19559386669165	13.4257730618793	0.163536	1
TBX4_HT-SELEX_TACTTG40NTTC_AI_AGGTGTGA_1_3	25	-6.32368468652309	9.50116691951853	-0.665569	1
TBX4_HT-SELEX_TACTTG40NTTC_AI_AGGTGTNANWWNTNACACCT_2_3	23056	6.89481168926183	19.7645670585075	0.348847	1
TBX4_OTP_TGCAGG40NTCG_YPIII_NAGGTGTTAATTR_1_3	280	5.65060084045942	13.6338561267883	0.414454	1
TBX4_TEAD4_TGCAGG40NTCG_YJII_NGGAATGYNNNNAGGTGTK_2_3	159744	-2.61272964023843	15.3836635037274	-0.169838	1
TBX5_HT-SELEX_TAGAAC40NAAT_AI_AGGTGTGA_1_3	25	-4.46448956299802	9.02473807054088	-0.494695	1
TBX5_HT-SELEX_TAGAAC40NAAT_AI_AGGTGTNANWWNTNACACCT_2_3	23056	5.78805661710417	21.5970962067045	0.268002	1
TBX6_HT-SELEX_TGTAGA40NTGT_KV_NAGGTGTGAN_1_3	400	-7.36854080491247	9.62442785508795	-0.765608	1
TCF12_FLI1_TGAACA40NTACT_YYIII_NCGGAWRCACCTGN_1_3	2112	5.85943613734625	13.8138989397931	0.42417	1
TCF12_FOXA1_TGAACA40NTACT_YWII_NCACCTGNRYAAAYAN_1_3	17408	-3.16212204919701	16.7166666726723	-0.18916	1
TCF12_FOXD2_TGGTCC40NTTC_YWI_NCACCTGWAATAACAN_1_3	1312	1.98148000542378	16.7078697671978	0.118596	1
TCF12_FOXD2_TGGTCC40NTTC_YWI_NCACCTGWRYAAACAN_1_3	4736	5.72723702129181	16.4296962470884	0.348591	1
TCF12_FOXD3_TGGTCC40NTTC_YWIIII_NCACCTGNAAYAACN_1_3	4480	-1.52983141488922	14.8197813933827	-0.103229	1
TCF12_FOXD3_TGGTCC40NTTC_YWIIII_NCACCTGNRYAAACN_1_3	8448	-2.98362277059307	14.3168518867215	-0.208399	1
TCF12_HT-SELEX_TTTGAG40NATT_KS_NCACSTGN_1_3	388	-9.44821933026894	8.60778741478349	-1.09764	1
TCF12_NEUROG2_TGAACA40NTACT_YVII_NAMCATCTGTTN_1_3	916	-1.50605426032624	10.5593832355846	-0.142627	1
TCF15_TBX21_TCTCTG40NGAA_YYI_NCATATGNNAGGTGTGAN_1_3	11008	-4.10032796723598	17.7940132809798	-0.230433	1
TCF21_HT-SELEX_TAAGGG40NACC_KR_NAACAGCTGYYN_1_4	1454	-4.43041537488677	12.9486940146322	-0.342152	1
TCF21_HT-SELEX_TAAGGG40NACC_KR_NACCATATGKYN_1_4	1454	-3.58572570196641	12.0096311826493	-0.298571	1
Tcf21_HT-SELEX_TCCGTG20NTGC_Z_NNAACAGCTGTTNN_1_4	3976	-0.358082347425814	15.3694015858155	-0.0232984	1
TCF3_HT-SELEX_TACCCG20NCCC_Y_NNCACCTGNN_1_2	4624	-12.1435009305243	9.56634032168658	-1.2694	1
TCF4_FLI1_TTTCAC40NGTG_YYIII_NSCGGAWRCACCTGN_1_3	4352	6.22373403998492	15.2318775125977	0.408599	1
TCF4_FLI1_TTTCAC40NGTG_YYIII_NSCGGAWRCAGGTGN_1_3	4352	6.08151215051455	14.9488006294345	0.406823	1
TCF4_FOXA1_TTTCAC40NGTG_YWII_NCACCTGNRYAAAYAN_1_3	17408	3.14745549073218	15.9047962503989	0.197893	1
TCF4_FOXD2_TAAGAT40NATG_YWI_NCACCTGWAATAACAN_1_3	1312	1.60026511973359	16.8852845337304	0.0947728	1
TCF4_FOXD2_TAAGAT40NATG_YWI_NCACCTGWRYAAACAN_1_3	4736	5.80500000856679	16.1448316532482	0.359558	1
TCF4_FOXD3_TAAGAT40NATG_YWIIII_NCACCTGNAAYAACN_1_3	4480	-2.66933675352458	14.3264360744942	-0.186322	1
TCF4_FOXD3_TAAGAT40NATG_YWIIII_NCACCTGNRYAAACN_1_3	8448	2.85801182939182	13.4688534741364	0.212194	1
TCF4_HT-SELEX_TGCGAA20NGA_W_NNCACCTGNN_1_2	4624	-13.8453418196488	9.67318194026552	-1.43131	1
TCF4_HT-SELEX_TGTATA40NGGT_KR_NCACSTGN_1_3	388	-11.9650054503436	9.10885547809103	-1.31356	1
TCF4_HT-SELEX_TTGCCG20NCCT_AE_NNCACCTGNN_1_2	4624	-4.26894272820607	8.08907339555304	-0.527742	1
TCF4_NEUROG1_TAAGAT40NATG_YAEII_NMCATCTGTTN_1_3	832	-7.05625165516661	8.78853938145479	-0.802892	1
TCF4_NEUROG2_TTTCAC40NGTG_YVII_NCCATCTGTTN_1_3	448	-6.50087964085321	10.0503695315571	-0.64683	1
TCF4_TEAD4_TTTCAC40NGTG_YJII_NCAGGTGNNNNNNGGWATGN_1_3	4587520	-4.9164473310271	14.8965547847623	-0.330039	1
TCF7_FOXD2_TCGGGT40NAAG_YWI_ATCAAANNNNNRTAAACAN_2_3	311296	-1.08661852348444	17.2219456534143	-0.063095	1
Tcf7_HT-SELEX_TATATC20NCG_AC_NAAGATCAAAGG_2_4	136	-0.110430695155186	14.7983308006992	-0.00746238	1
TCF7_HT-SELEX_TCGGAC40NCCA_KS_ASATCAAAS_1_4	96	-5.1280919524354	9.99269523360893	-0.513184	1
TCF7_HT-SELEX_TCGGAC40NCCA_KS_WCATCGRGRCGCTGW_2_4	608	1.40304249284633	16.5346932705472	0.0848545	1
TCF7_PAX2_TGAAGA40NACAG_YZII_GTCACGCNYSNNYGATCAAA_2_3	23552	4.02572862624524	18.9403087225511	0.212548	1
TCF7L1_HT-SELEX_TAAGGG40NACC_KW_ASATCAAAS_1_2	96	-3.9740487009923	10.5272783732486	-0.3775	1
TCF7L1_HT-SELEX_TAAGGG40NACC_KW_WCATCGRGRCGCTGW_2_3	608	-0.192740569008699	16.5918653459888	-0.0116166	1
TCF7L1_HT-SELEX_TGGACA20NCAT_AD_NAASATCAAAGN_1_4	928	-2.91927030548608	14.9099349932939	-0.195794	1
Tcfap2a_HT-SELEX_TGATCC20NCG_P_NGCCNNNNGGCN_1_3	38944	-21.9168753975518	11.8118384612791	-1.8555	1
Tcfap2a_HT-SELEX_TGATCC20NCG_P_NSCCNNNGGSN_1_3	30720	-30.4604084282553	11.1329596393754	-2.73606	1
Tcfap2a_HT-SELEX_TGATCC20NCG_P_NSCCNNNNNGGSN_0_3	491520	-16.7757008872101	12.9650135561487	-1.29392	1
TEAD1_HT-SELEX_TCACGC40NACT_KW_NRCATWCCN_1_3	1152	-9.83802887550191	9.16911873594916	-1.07295	1
TEAD1_HT-SELEX_TCTTAG20NATG_W_NRMATWCCWN_1_4	4352	-9.0770262492173	9.51202742923081	-0.954268	1
TEAD1_HT-SELEX_TCTTAG20NATG_W_RCATTCCNNRCATWCCN_2_4	18944	-0.203153669083607	16.921962600149	-0.0120053	1
TEAD2_HT-SELEX_TGAGCG40NTTG_KX_NRCATTCCWN_1_2	1344	-8.29932048374244	10.6061514964612	-0.782501	1
TEAD3_HT-SELEX_TATAAG40NAAG_AI_RCATTCCNNRCATTCCN_2_3	9984	6.19644417160147	16.7704919342094	0.369485	1
TEAD3_HT-SELEX_TATAAG40NAAG_AI_RMATWCCA_1_3	152	-10.2944816937095	9.33254474953419	-1.10307	1
TEAD4_ALX4_CAP-SELEX_TGGCAA40NACT_AY_GGAATGNNNNNYTAATTA_1_3	77824	-2.13387595992947	18.1789116821522	-0.117382	1
TEAD4_ALX4_CAP-SELEX_TGGCAA40NACT_AY_RCATWCYNNNNTAATYRNATTA_1_3	1376256	-1.72845666671114	20.7032319475418	-0.0834873	1
TEAD4_CEBPB_CAP-SELEX_TGACTC40NTCA_AY_NTTRCGYAANNNNNNGGAATGY_1_3	5242880	-7.4395782891509	21.3616119534911	-0.348269	1
TEAD4_CEBPD_CAP-SELEX_TGAGGC40NGGA_AY_RGWATGYNNTTRCGYAAN_1_3	73728	-7.47910396909799	17.7872637099402	-0.420475	1
TEAD4_CLOCK_CAP-SELEX_TCTTGA40NGTG_AY_NCACGTGNNNNNNCATWCC_1_3	1146880	-14.0967716022636	16.6203754171655	-0.848162	1
TEAD4_CLOCK_CAP-SELEX_TCTTGA40NGTG_AY_NCACGTGNNNNNNNCATWCC_1_3	4587520	-7.64892904279516	18.0305645010347	-0.42422	1
TEAD4_CLOCK_TCTAGG40NCTG_YJI_NCACGTGNNNNNNNCATWCC_1_3	4587520	1.29696646200483	17.0733340603214	0.0759645	1
TEAD4_DLX2_CAP-SELEX_TGTGCT40NCGG_AY_RCATTCYNNNCAATTA_1_2	9216	-0.890053230927494	13.7185199690379	-0.0648797	1
TEAD4_DLX2_CAP-SELEX_TGTGCT40NCGG_AY_RCATTCYNNNNCAATTA_1_2	36864	0.36876433302244	15.236430487239	0.0242028	1
TEAD4_DLX2_CAP-SELEX_TGTGCT40NCGG_AY_RCATTCYNNNNTAATTR_1_2	69632	-1.85843725722057	12.1998617653009	-0.152333	1
TEAD4_DLX3_CAP-SELEX_TCGAGA40NGAT_AY_RCATTCCNNNYAATTA_1_3	9216	-1.63317324236086	14.6390442399821	-0.111563	1
TEAD4_DLX3_CAP-SELEX_TCGAGA40NGAT_AY_RCATTCNNNNNTAATKR_1_3	253952	0.50026160839999	13.7772181567242	0.0363108	1
TEAD4_DRGX_CAP-SELEX_TGAGTG40NTGA_AY_RGWATGYTAATKN_1_3	1856	-2.92398236449531	13.4526135935908	-0.217354	1
TEAD4_ELF1_CAP-SELEX_TGTGAG40NAGG_AY_GGAATGCGGAAGTN_2_2	160	9.38272902093365	15.5655753180283	0.602787	1
TEAD4_ELK1_CAP-SELEX_TGACGA40NGCA_AY_RCCGGANRNNCGGWATKN_1_3	143360	-37.9683353102856	20.6670688046811	-1.83714	1
TEAD4_ELK1_CAP-SELEX_TGACGA40NGCA_AY_RGAATSCGGAAGYN_1_3	1088	0.734235688174499	15.5158762413969	0.0473216	1
TEAD4_ELK1_CAP-SELEX_TGACGA40NGCA_AY_RMATWCCGGAWRN_1_3	3456	-5.33288255339551	13.8250108507126	-0.385742	1
TEAD4_EOMES_CAP-SELEX_TGTCGT40NGCG_AY_RGAATGYGTGA_1_3	120	-2.85946471353548	10.824539813953	-0.264165	1
TEAD4_EOMES_CAP-SELEX_TGTCGT40NGCG_AY_WNGTGYKAMATWCY_1_3	7168	-5.06150601736089	12.2133030182156	-0.414426	1
TEAD4_ERG_CAP-SELEX_TGCCGC40NGCC_AY_RSCGGAAATRCC_1_3	248	-3.71891480898334	14.5162329515195	-0.25619	1
TEAD4_ESRRB_CAP-SELEX_TCGATC40NTAT_AY_RCATTCYNNNNCAAGGTCAN_2_2	172032	1.2915863692149	16.7653818983525	0.0770389	1
TEAD4_ESRRB_CAP-SELEX_TCGATC40NTAT_AY_RCATWCNNNNNNAGGTCA_1_2	540672	-4.28869701011657	16.9293348227743	-0.253329	1
TEAD4_ETV1_CAP-SELEX_TGCGAA40NAGC_AY_RSCGGAAATRCM_1_2	464	-2.68927318786906	12.3325004870399	-0.218064	1
TEAD4_ETV4_CAP-SELEX_TGAAAC40NAAA_AY_RCCGGAAATRCC_1_3	132	0.382417811023871	14.2092960640951	0.0269132	1
TEAD4_ETV7_CAP-SELEX_TGCAGA40NGAC_AY_RGAATGCGGAARYNNNTCCN_2_3	88064	-2.14352566023714	21.854665449022	-0.0980809	1
TEAD4_FIGLA_CAP-SELEX_TCTCTT40NTCG_AY_GGAATKNNCASSTG_1_3	3968	-5.09427859119584	14.9445790806476	-0.340878	1
TEAD4_FLI1_CAP-SELEX_TGGCGG40NGCT_AY_RCCGGAAATRSY_1_3	464	-2.89900133583792	13.7970622389185	-0.210117	1
TEAD4_FOXI1_CAP-SELEX_TACATC40NATA_AX_GGWATGYGTMAACA_1_3b1	296	2.78745662199319	14.3106332101337	0.194782	1
TEAD4_GATA3_CAP-SELEX_TGGGTA40NTGT_AY_NGATAASNNNRGWATGY_1_3	131072	-13.9619733819737	16.9328480778606	-0.82455	1
TEAD4_GSC2_CAP-SELEX_TCAAGA40NCGC_AX_RGWATGTTAATCCS_2_3	296	-1.3311018607566	14.4486592387213	-0.0921263	1
TEAD4_HES7_CAP-SELEX_TAGTGC40NATG_AX_GGWATGYNNNNCRCGYGY_1_2	270336	5.06719314987061	15.4110531166807	0.328803	1
TEAD4_HES7_CAP-SELEX_TAGTGC40NATG_AX_GGWATGYNNNNNNCRCGYGY_1_2	4325376	2.96364186166909	15.2403855119796	0.19446	1
TEAD4_HES7_CAP-SELEX_TAGTGC40NATG_AX_RCATTCCNNCRCGYGYN_1_2	35840	-2.49436141367392	15.8658957589807	-0.157215	1
TEAD4_HES7_CAP-SELEX_TAGTGC40NATG_AX_RCATTCCNNNNNCRCGYGYN_1_2	2293760	-1.9279221214985	15.8040384184794	-0.121989	1
TEAD4_HOXA13_CAP-SELEX_TTTCAA40NTGA_AX_CYCRTAAATWCCN_1_2	992	-2.4744110625853	13.9598846675085	-0.177252	1
TEAD4_HOXA13_CAP-SELEX_TTTCAA40NTGA_AX_GGWATGNNNRTAAA_1_2	7680	2.37010541949126	14.3571196352829	0.165082	1
TEAD4_HOXA2_CAP-SELEX_TCTGCG40NCGG_AY_RCATTCNNNNNNCATTA_1_3	262144	-6.97624803887527	14.7953879356379	-0.471515	1
TEAD4_HOXA3_CAP-SELEX_TCTCCC40NCCG_AY_RCATTCYNNNNNCATTA_1_3	135168	-4.15750428151689	14.455487587128	-0.287607	1
TEAD4_HOXB13_CAP-SELEX_TCTATG40NTAG_AY_CTCGTAAAATGYN_1_3	280	-0.305405197554103	13.7324286306563	-0.0222397	1
TEAD4_HOXB13_CAP-SELEX_TCTATG40NTAG_AY_CYAATAAAATGYN_1_3	528	-1.29622493961781	13.9077323999039	-0.0932017	1
TEAD4_HOXB13_CAP-SELEX_TCTATG40NTAG_AY_RGAATGCNNRTAAA_1_3	2112	-2.26551111848389	13.4034645489675	-0.169024	1
TEAD4_HOXB13_CAP-SELEX_TCTATG40NTAG_AY_RRAATGCARTAAA_1_3	272	0.315310628261039	14.6223651773449	0.0215636	1
TEAD4_HT-SELEX_TGATTT20NTTA_Y_NRCATTCCWN_1_4	1344	-5.43745565406172	9.24313872532126	-0.588269	1
TEAD4_MAX_CAP-SELEX_TGCCTG40NTCC_AY_RCATTCCNNNNNNCACGTG_1_3	311296	-0.560066370030749	17.187551702509	-0.0325856	1
TEAD4_MAX_CAP-SELEX_TGCCTG40NTCC_AY_RCATTCCNNNNNNNCACGTG_1_3	1245184	-1.48059971065364	17.461324125042	-0.0847931	1
TEAD4_MAX_CAP-SELEX_TGCCTG40NTCC_AY_RGAATGYNNACGTG_1_3	2112	-16.5565444440123	15.8999042978965	-1.0413	1
TEAD4_ONECUT2_CAP-SELEX_TACTAC40NGCC_AX_RCATTCCNNATCGAYN_1_3	9216	-1.56349488998272	16.8651382648771	-0.0927057	1
TEAD4_PITX1_CAP-SELEX_TCTTTC40NTTG_AY_RCATWCNNNNGGATTA_1_3	33792	-2.89334014391805	15.3642205992582	-0.188317	1
TEAD4_PITX1_CAP-SELEX_TCTTTC40NTTG_AY_RCATWCNNNNNGGATTA_1_3	135168	-3.19014661357738	15.5739567258472	-0.204839	1
TEAD4_PITX1_CAP-SELEX_TCTTTC40NTTG_AY_RCATWCYNNNNNTAATCC_1_3	278528	-3.06706706917432	16.1422613837554	-0.190002	1
TEAD4_PITX1_CAP-SELEX_TCTTTC40NTTG_AY_RCATWCYNNNNTAATCC_1_3	69632	-1.13777747779063	15.6025991487372	-0.0729223	1
TEAD4_SOX15_CAP-SELEX_TCGCCA40NCCT_AY_NACAATRNNNNGAATGY_1_3	135168	-4.09710876969557	15.7806840747969	-0.259628	1
TEAD4_SOX15_CAP-SELEX_TCGCCA40NCCT_AY_NACAATRNNNNNGAATGY_1_3	540672	-6.29339928453714	15.8607191181088	-0.396792	1
TEAD4_SOX6_CAP-SELEX_TGAGAT40NAGA_AY_NNACAATNNNNNNGAATGY_1_3	4194304	-18.7874368377551	18.6703133964826	-1.00627	1
TEAD4_SPDEF_CAP-SELEX_TGGAGC40NGAT_AY_RGAATGCGGAWRT_1_3	272	-0.735096207747454	14.1796848830773	-0.0518415	1
TEAD4_SPIB_CAP-SELEX_TGGCCC40NCCT_AY_RGAATGCGGAAGTN_1_2	304	1.72940210225051	16.3681562170285	0.105657	1
TEAD4_TBX21_CAP-SELEX_TGTTCA40NCTG_AY_ANGTGTGAATWCY_1_3	528	-1.42655470353829	13.2415755728109	-0.107733	1
TEAD4_TBX21_CAP-SELEX_TGTTCA40NCTG_AY_ARGTGTKRNNNNNRGWATGY_1_3	2228224	-4.33275693447234	17.4117862603109	-0.24884	1
TEAD4_TCF3_CAP-SELEX_TCGTTA40NTTT_AY_NCAGGTGNGWATGYN_1_3	8448	-2.31738808205232	14.5505052039392	-0.159265	1
TEF_HT-SELEX_AGGTG14N_S_NRTTACRTAAYN_1_3	2312	-4.80676352865255	11.303077334557	-0.425261	1
TEF_HT-SELEX_TAAGCT40NTGC_KN_NRTTAYGTAAYN_1_4	2312	-7.00165067170254	12.3559904484722	-0.56666	1
TEF_HT-SELEX_TATAAG20NTA_Q_NRTTACRTAAYN_1_3	2312	-4.56687823426842	12.4363206783435	-0.367221	1
TFAP2A_HT-SELEX_TCGTCA40NCTA_KX_NSCCYNRGGSN_1_2	8704	-12.553679303405	10.5316201207033	-1.192	1
TFAP2A_HT-SELEX_TTGCAC20NTA_AF_NGCCNNNNGGCN_1_3	38944	-21.0690534542577	11.1379230776794	-1.89165	1
TFAP2A_HT-SELEX_TTGCAC20NTA_AF_NSCCNNNGGSN_1_3	30720	-20.2727049018992	10.9001788738802	-1.85985	1
TFAP2A_HT-SELEX_TTGCAC20NTA_AF_NSCCNNNNNGGSN_0_3	491520	-13.9551197851516	11.6035378745324	-1.20266	1
TFAP2B_FOXD2_TTTATT40NATC_YWI_NRYAAACANNGCCNNNGGSN_1_3	4456448	0.844289325318014	16.1267408243219	0.0523534	1
TFAP2B_HT-SELEX_TCGTTA20NTTT_Y_NGCCNNNNGGCN_1_4	38944	-23.385827677669	11.4687998998233	-2.03908	1
TFAP2B_HT-SELEX_TCGTTA20NTTT_Y_NSCCNNNGGSN_1_4	30720	-17.5102036919969	11.5221620067139	-1.5197	1
TFAP2B_HT-SELEX_TCGTTA20NTTT_Y_NSCCNNNNNGGSN_0_4	491520	-21.6128592794844	13.2726984360447	-1.62837	1
TFAP2B_HT-SELEX_TGAGTT40NCGG_KP_NGCCNNNGGCN_1_2	9728	-10.7907167561223	8.62824293629096	-1.25063	1
TFAP2C_DRGX_CAP-SELEX_TGATCA40NAGG_AY_SCCNNNGGCNNYAATTA_1_3	135168	-16.6445659218156	16.3790931247758	-1.01621	1
TFAP2C_E2F8_CAP-SELEX_TGCGCG40NTAG_AY_NNTCCCGCNNNCCNNNGGC_1_3	2228224	-12.7934461126801	18.4387497324935	-0.693835	1
TFAP2C_ELK1_CAP-SELEX_TTCGCT40NCTT_AY_NGCCTNNGGSNNCGGAAGYN_1_3	638920	-7.12924214315546	19.4349682788594	-0.366826	1
TFAP2C_HOXB13_CAP-SELEX_TGCGAC40NGGT_AY_SCCNNNNGGCATNGTWAA_1_3	147456	-16.045172602543	17.8766468581549	-0.897549	1
TFAP2C_HT-SELEX_TCTACA20NCAG_Y_NGCCNNNNGGCN_1_3	38944	-12.5711980311907	11.427308083694	-1.1001	1
TFAP2C_HT-SELEX_TCTACA20NCAG_Y_NSCCNNNGGSN_1_3	30720	-20.8096050024613	10.9697249092397	-1.897	1
TFAP2C_HT-SELEX_TCTACA20NCAG_Y_NSCCNNNNNGGSN_0_3	491520	-22.839000057541	13.3344059784854	-1.71279	1
TFAP2C_HT-SELEX_TGAGCT40NGCA_KP_NGCCYNMGGCN_1_4b0	4512	-0.263122441557017	7.27531300256745	-0.0361665	1
TFAP2C_HT-SELEX_TGTCGT20NGCG_AE_NGCCNNNNGGCN_1_3	38944	-16.5470390734845	10.9601702967559	-1.50974	1
TFAP2C_HT-SELEX_TGTCGT20NGCG_AE_NGCCNNNNNGGCN_0_3	155648	-9.78006070114009	13.2004964659373	-0.740886	1
TFAP2C_HT-SELEX_TGTCGT20NGCG_AE_NSCCNNNGGSN_1_3	30720	-15.1603646899889	10.4958187637772	-1.44442	1
TFAP2C_ONECUT1_TCTTTA40NGGA_YJII_NATCGATNNNGCCCNNNGGSN_1_3	4980736	-9.01020071971213	16.806616402675	-0.53611	1
TFAP2C_TBX21_TCTTTA40NGGA_YYI_NTGCCCNNNGGGTGTKAN_1_3	77824	-8.04059663545013	17.6024635093772	-0.456788	1
TFAP2E_HT-SELEX_TCAAAC40NAAC_KW_NGCCNNNGGCN_1_2	9728	-39.1417617404359	10.3515340231763	-3.78125	1
TFAP2E_HT-SELEX_TCAAAC40NAAC_KW_TGCCCNNNGGCN_1_2	5878	-12.5005260644192	11.3056514669178	-1.10569	1
TFAP4_DLX3_CAP-SELEX_TGGGTG40NGGA_AW_NCAGSTGNNNNNNGTAATKR_1_3	4456448	-4.35167762285029	16.0094976265061	-0.271818	1
TFAP4_ETV1_CAP-SELEX_TTGCGA40NGTA_AW_RSCGGAANCAGSTGNN_1_2	17408	4.45140732025911	15.588481805241	0.285557	1
TFAP4_ETV4_CAP-SELEX_TTCTAA40NAAT_AW_RCCGGAARCASSTGNN_1_2	8960	-1.6455327163225	14.084032302458	-0.116837	1
TFAP4_ETV4_TCTGAA40NAACT_YSIII_NCAGCTGNCGGAWRTN_1_3	9216	4.85873521962203	14.663415732618	0.331351	1
TFAP4_ETV4_TCTGAA40NAACT_YSIII_NRSCGGAANCAGCTGN_1_3	9216	3.84095109307667	13.210749054204	0.290744	1
TFAP4_FLI1_CAP-SELEX_TAGTAG40NGTT_AW_RSCGGAWRCASSTGN_1_2	7936	-1.42488336467329	14.6564974704039	-0.0972185	1
TFAP4_FLI1_TCTGAA40NAACT_YYIII_NCGGAWRCAGCTGN_1_3	2112	5.26692159668771	13.3966394864004	0.393152	1
TFAP4_FLI1_TCTGAA40NAACT_YYIII_NCGGAWRYCAGCTGN_1_3	4352	5.18240592986771	13.9996025365837	0.370182	1
TFAP4_FOXA1_TCTGAA40NAACT_YWII_NCAGCTGNRYAAAYAN_1_3	17408	-3.71815383903308	16.5148333474485	-0.22514	1
TFAP4_FOXD2_TACTGT40NCGC_YWI_NCAGCTGWAATAACAN_2_3	1312	6.5947634473406	16.1738616826831	0.407742	1
TFAP4_FOXD2_TACTGT40NCGC_YWI_NCAGCTGWRYAAACAN_2_3	4736	6.69299850632613	15.5492873772665	0.430438	1
TFAP4_FOXD3_TACTGT40NCGC_YWIIII_NCAGCTGNAATAACN_2_3	2368	-1.46963349578995	14.5620126020697	-0.100922	1
TFAP4_FOXD3_TACTGT40NCGC_YWIIII_NCAGCTGNRYAAACN_2_3	8448	-3.27230694017348	14.044896011638	-0.232989	1
TFAP4_FOXD3_TACTGT40NCGC_YWIIII_NCANNTGWAATAACN_1_3	16384	-3.44532333253334	15.2814911295182	-0.225457	1
TFAP4_GABPA_TACTGT40NCGC_YYIIII_NACCGGAWRCAGCTGN_1_3	2496	2.71820490956293	16.4901064548447	0.164839	1
TFAP4_HT-SELEX_CATTG14N_S_AWCAGCTGWT_1_3	55	-2.85563935878551	11.8094615931106	-0.241809	1
TFAP4_HT-SELEX_TCACGT20NGCA_AC_AWCAGCTGWT_1_2	55	2.87100491841557	11.8572143306279	0.242131	1
TFAP4_HT-SELEX_TGATCG40NATC_KN_ANCATATGNT_1_2	202	-5.60128558876011	9.52938166697621	-0.587791	1
TFAP4_HT-SELEX_TGATCG40NATC_KN_AWCAGCTGWT_1_2	55	-3.49322238589921	10.9406405188756	-0.319289	1
TFAP4_HT-SELEX_TTTGAC40NGGT_KX_ANCATATGNT_1_3	202	-16.4379014575734	9.78529474699438	-1.67986	1
TFAP4_HT-SELEX_TTTGAC40NGGT_KX_AWCAGCTGWT_1_3	55	-4.04048394653004	10.1333470593576	-0.398731	1
TFAP4_IRF7_TCTGAA40NAACT_YAEIIII_NCAGCTGNNCGAAAN_2_3	8704	-8.88045066952483	16.3536995019657	-0.543024	1
TFAP4_MAX_CAP-SELEX_TCCTTG40NGGT_AW_NCAGCTGNNNNNCACGTGN_1_3	606208	4.00882557591146	17.3268576533626	0.231365	1
TFAP4_ONECUT1_TACTGT40NCGC_YJII_ATCGATNNNNNNCAGCTG_1_3	151552	7.38947451714829	13.700672088997	0.539351	1
TFAP4_TBX21_TACTGT40NCGC_YYI_NAGGTGTCAGCTGN_1_3	592	-0.144732627928713	14.8163147297555	-0.00976846	1
TFAP4_TGIF2LX_TACTGT40NCGC_YVII_NCAGCTGACAN_1_3	448	1.44843109007129	10.3267448145828	0.14026	1
TFCP2_HT-SELEX_TAGATA20NCG_AD_NAACCGGTTN_1_4	202	0.839867968136389	11.2629233284539	0.0745693	1
TFCP2_HT-SELEX_TAGATA20NCG_AD_NCCGGNNNNNNCCGGN_2_4	819328	-18.4801216000333	16.5472457214152	-1.11681	1
TFCP2_HT-SELEX_TGCTCT40NTTA_KX_AWCCGGWTNNAWCCGGWT_2_4	5256	3.47649543019837	18.5021320513933	0.187897	1
TFCP2_HT-SELEX_TTAGTA40NCTC_KT_AWCCGGWTNNAWCCGGWT_2_4	5256	-3.23463053545965	16.4256433703456	-0.196926	1
TFCP2L1_HT-SELEX_TGCAGC40NATT_KT_NCCGGNNNNNNCCGGN_2_4	819328	-27.2431808936212	12.8939689144395	-2.11286	1
TFE3_CUX2_TACAGA40NTATT_YKI_CACGTGATCGAT_1_3	37	0.5180976397203	10.4014335040456	0.0498102	1
TFE3_ETV4_TACAGA40NTATT_YSIII_NCACGTGNNMGGAWRYN_1_3	131072	3.55951798539131	14.5123306225483	0.245275	1
TFE3_FLI1_TACAGA40NTATT_YYIII_NRMCGGAAACACGTGN_1_3	2496	6.81860836412214	16.1364679806647	0.422559	1
TFE3_FLI1_TACAGA40NTATT_YYIII_NRMCGGAARTCACGTGN_1_3	5120	8.46375663990616	15.8546511084974	0.533834	1
TFE3_GABPA_TGCAGT40NAAG_YYIIII_NCACGTGACCGGAWRN_1_3	2496	2.59296334162841	17.3661792810469	0.149311	1
TFE3_HT-SELEX_TACCGT20NTA_Q_NNCACGTGNN_1_2	2440	-11.600205004668	10.0602976267745	-1.15307	1
TFE3_HT-SELEX_TGGTTA40NTAC_KS_NNCACGTGAYN_1_4	2944	-12.8685752845554	11.8883740237479	-1.08245	1
TFEB_HT-SELEX_TAGTTT20NCG_W_RTCACGTGAY_1_2	55	2.39318114892854	10.8718615738953	0.220126	1
TFEB_HT-SELEX_TGGCTA40NTCC_KS_NNCACGTGAYN_1_3	2944	-11.3947540371354	11.8913226630262	-0.958241	1
TFEC_ETV5_TTATGG40NCGTT_YKII_NCACGTGACCGGAWGTN_2_3	1408	3.68567589605648	16.9117797028652	0.217935	1
TFEC_HT-SELEX_TAGTGG20NGTT_AF_RTCACGTGAY_1_4	55	-0.551454481876717	10.1834449522639	-0.0541521	1
TFEC_HT-SELEX_TCTAGG40NCTG_KS_MNCACGTGAYN_1_3	1536	-7.08842933724172	11.8548882912378	-0.597933	1
TGIF1_HT-SELEX_TAACTC40NGTC_KP_TGACANNTGTCA_1_3	250	4.07154307019853	14.5811562906014	0.279233	1
TGIF1_HT-SELEX_TATGGG20NGGG_Y_TGACAGSTGTCA_2_4	52	4.17972843993715	16.2702692403063	0.256894	1
TGIF2_ATF7_TGGACT40NAAT_YJI_NTGACGTATGTCAN_1_3	580	6.90638400557984	12.1104170074449	0.570285	1
TGIF2_ELK3_TGGGTC40NAAG_YAFI_NRCMGGAAGTGACAN_1_3	2304	5.66593304102725	15.2273669853889	0.372089	1
TGIF2_EVX2_TGGACT40NAAT_YZIIII_MTGTCATTAN_1_3	208	2.89918528033702	7.67063816408263	0.377959	1
TGIF2_GCM1_TGGGTC40NAAG_YACII_NRTRCKGGYTGTCAN_1_3	8192	4.07434042268934	10.8474853910125	0.375602	1
TGIF2_HOXB2_TGGGTC40NAAG_YUI_NMTGTCATTAN_1_3	832	2.61826259741031	10.206698090605	0.256524	1
TGIF2_HOXB5_TGGGTC40NAAG_YVIII_NTGTCATTAN_1_3	400	2.54318619376509	8.35946088110393	0.304228	1
TGIF2_HOXC10_TGGACT40NAAT_YAEIII_NYGTCATWAAN_1_3	1536	1.51758957695934	8.51782481520572	0.178166	1
TGIF2_HT-SELEX_TCCTCG40NCAG_KZ_NTGACAGN_1_2	304	-12.7751718857188	7.90283663420332	-1.61653	1
TGIF2_HT-SELEX_TGAACG30NCAA_AI_TGACAGSTGTCA_1_3	52	8.61534610269057	15.3136264272113	0.562593	1
TGIF2_HT-SELEX_TTGCAA40NGTG_KO_TGACANNTGTCA_1_4	250	5.34377229613596	13.2341549941727	0.403786	1
TGIF2_ISL2_TGGGTC40NAAG_YUIII_NCTGTCAATTAN_1_3	496	0.999707651609835	8.78319594955035	0.11382	1
TGIF2_LMX1B_TGGGTC40NAAG_YVIIII_NTGTCAATTAAN_1_3	496	2.80962692867793	9.19750976978008	0.305477	1
TGIF2_MYBL2_TGGGTC40NAAG_YABI_TGACANCCGTT_1_3	124	4.15637200661452	10.0266634322727	0.414532	1
TGIF2_SOX11_TGGACT40NAAT_YUIII_NACAATGACAN_1_3	448	4.81705676846439	10.6802105495333	0.451026	1
TGIF2_TBX21_TGGGTC40NAAG_YYI_NAGGTGTCAWN_1_3	832	-7.75328738105356	9.68779871527439	-0.800315	1
TGIF2_TBX21_TGGGTC40NAAG_YYI_NAGGTGTGACAN_1_3	496	4.356595233597	10.1447540604396	0.429443	1
TGIF2_TBX21_TGGGTC40NAAG_YYI_NTGACAGGTGTCAN_1_3	580	6.19367275221225	12.9337196185291	0.478878	1
TGIF2_TBX21_TGGGTC40NAAG_YYI_NTGACGTGTGAN_1_3	496	4.15065984333888	10.6498938386021	0.389737	1
TGIF2_TBX4_TGGGTC40NAAG_YWII_NAGGTGTGACAN_1_3	496	3.79197145279938	9.78626757669834	0.387479	1
TGIF2LX_HT-SELEX_TACTGA40NACC_KO_TGACANNTGTCA_1_4	250	3.29411795146654	13.9156535754605	0.23672	1
TGIF2LX_HT-SELEX_TCGCCC40NCAT_KW_TGACANNTGTCA_1_3	250	1.97706381321423	14.1461893171887	0.139759	1
TGIF2LX_HT-SELEX_TGATAA20NATA_AE_TGACAGSTGTCA_2_4	52	2.9085560876152	15.6600017920095	0.185732	1
TGIF2LY_HT-SELEX_TAAGGG40NACC_KT_TGACANNTGTCA_1_2	250	3.08011688530218	13.5440480259602	0.227415	1
THRA_HT-SELEX_TCGGCC40NCGT_AI_NTGACCTNATNAGGTCAN_2_4	5512	2.09476489656297	20.2552967589156	0.103418	1
THRB_HT-SELEX_TCGAGG40NGTT_KO_NRGGTCAAAGGTCAN_1_3	1216	6.85275360292523	15.5477964665741	0.440754	1
THRB_HT-SELEX_TCGAGG40NGTT_KO_NRRGGTCRTGACCYYN_1_3	12304	7.63299492217107	15.689396507444	0.486507	1
THRB_HT-SELEX_TGGCAA30NACT_AI_NTGACCTNATNAGGTCAN_2_4	5512	4.3275506614034	19.8532313695848	0.217977	1
THRB_HT-SELEX_TGGCAA30NACT_AI_NTGACCTNNNNNAGGTCAN_2_4	303104	-6.84805248612046	21.0151213400433	-0.325863	1
THRB_HT-SELEX_TGGCAA30NACT_AI_NTGACCTYANNTRAGGTCAN_2_4	23056	8.45831180501752	20.8751255556637	0.405186	1
THRB_HT-SELEX_TTCGTT40NGCC_KZ_NTGACCTNNNNNAGGTCAN_1_4	303104	-9.27398229075788	17.8192512217698	-0.520447	1
THRB_HT-SELEX_TTCGTT40NGCC_KZ_NYGACCTNNNNYGACCTYN_1_4	1114112	-39.8986832294553	20.445972171687	-1.95142	1
TLX2_FLI1_TTGATG40NATC_YYIII_NRMCGGAWRNNNYAATTAN_1_3	1081344	-4.46161490038269	16.0601574630499	-0.277806	1
TLX2_HT-SELEX_TCTGCA40NATA_KO_NCAATTAN_1_2	292	-9.00798777405172	8.33302026744557	-1.081	1
TLX2_TBX21_TTCTTT40NCAG_YYI_NAGGTGTTAATTRN_1_3	1120	4.0142312126797	13.8303736493156	0.290247	1
TLX2_TBX4_TTCTTT40NCAG_YWII_NAGGTGTTAATTRN_1_3	1120	5.92829615478882	12.9267961203609	0.458605	1
TLX2_TEAD4_TTGATG40NATC_YJII_CATTCCNNNNTAATTA_1_3	9472	-0.303496798851889	13.0219712643838	-0.0233065	1
Tp53_HT-SELEX_TCGGGG20NGGT_AK_ACAWGTCNNNNRACAWGT_2_4	69152	-4.13450134626224	17.1830070084745	-0.240616	1
Tp53_HT-SELEX_TCGGGG20NGGT_AK_ACAWGTCNNNRRCAWGT_2_4	33952	-3.96125868907686	18.16923611505	-0.21802	1
Tp53_HT-SELEX_TCGGGG20NGGT_AK_RACATGYCNNGRCATGTY_2_4	5256	-0.952980566716785	19.6763766956362	-0.0484327	1
TP63_HT-SELEX_TTCCTT20NGA_R_RACATGTYNNRACATGTC_2_3	4040	-2.35304084728515	21.0418605682522	-0.111827	1
Tp73_HT-SELEX_TACCGT40NGCC_AK_NRCATGYYNNRRCAYGYN_2_4	688256	-6.95468074576161	16.8810473238314	-0.411982	1
UNCX_HT-SELEX_TGCAAG20NGA_AF_NTAATYTAATTAN_1_2	976	3.58280635175104	10.9898543204159	0.32601	1
UNCX_HT-SELEX_TGCAAG20NGA_AF_NYAATTAN_1_2	388	-0.369827192831726	7.60710980332696	-0.048616	1
Uncx_HT-SELEX_TGGAGC20NCG_P_NTAATYTAATTAN_1_2	976	4.60465731124519	12.8435641302394	0.358519	1
Uncx_HT-SELEX_TGGAGC20NCG_P_YTAATTAN_1_2	118	1.1765315134711	8.16941894989147	0.144017	1
USF1_HT-SELEX_TGACGA20NGCA_Z_RTCACGTGAY_1_2	55	3.4146977375414	10.5390216629881	0.324005	1
USF1_HT-SELEX_TGCCGA40NGTA_KV_MNCACGTGAYN_1_3	1536	-9.05588368020755	11.5019661070907	-0.787334	1
USF2_ELK1_TATGAC40NGACC_YRII_NCACGTGNNCGGAARYN_1_3	36864	5.3320289000377	16.2150340471394	0.328832	1
USF2_ELK3_TCGGCG40NACG_YAFI_NRSMGGAARCACGTGN_1_3	8960	0.292787361287106	15.4700031806929	0.0189261	1
USF2_ETV4_TATGAC40NGACC_YSIII_NCACGTGNNCGGAWRYN_1_3	69632	5.85388883499721	15.0292013210828	0.389501	1
USF2_ETV4_TATGAC40NGACC_YSIII_NSCGGAWRCACGTGN_1_3	4352	6.35009020545789	13.873221013779	0.457723	1
USF2_ETV4_TATGAC40NGACC_YSIII_NSCGGAWRNCACGTGN_1_3	17408	6.00971019863059	14.4384804093444	0.416229	1
USF2_FLI1_TATGAC40NGACC_YYIII_NCACGTGACCGGAARYN_1_3	2688	8.695297807819	15.6984417694535	0.553896	1
USF2_FLI1_TATGAC40NGACC_YYIII_NSCGGAARCACGTGN_1_3	2304	7.13315944346915	15.8304468727877	0.450597	1
USF2_GABPA_TCGGCG40NACG_YYIIII_NCAYGTGACCGGAAGTN_1_3	1408	6.79694615035706	20.0007894524127	0.339834	1
USF2_HT-SELEX_TACTAC40NGCC_KS_MNCACGTGAYN_1_2	1536	-8.7138608314929	11.5825969941647	-0.752324	1
VAX1_ELF1_TCATGA40NAGT_YADIIII_MGGAAGTAATTAN_1_3	280	7.33108072022946	14.129845129813	0.518837	1
VAX1_GCM1_TGGCCA40NTTC_YACII_NTAATKATRCGGGYN_1_3	4352	5.67304465237481	11.6650861261245	0.486327	1
VAX1_HT-SELEX_TGCCAT20NACC_Z_YTAATTAN_1_2	118	2.73268752687616	7.87119834752192	0.347176	1
VAX1_HT-SELEX_TGGTCG40NTAA_KO_NYAATTAN_1_3	388	-9.4460804938573	8.11145377531334	-1.16454	1
VAX1_IRF8_TCATGA40NAGT_YQIIII_NYGAAASYAATTRN_1_3	7424	3.77120028452485	11.7220584654684	0.321718	1
VAX1_TBX20_TCATGA40NAGT_YWIIII_NGTGTTAATGTGTN_1_3	592	5.98720368915246	13.5588489081092	0.441572	1
VAX1_TBX21_TGGCCA40NTTC_YYI_NTAATTAGGTGTNAN_1_3	2368	3.28902676207323	13.6904882860111	0.240242	1
VAX1_TBX4_TGGCCA40NTTC_YWII_NAGGTGTTMATTAN_1_3	1120	3.60653468572606	12.4754434605235	0.289091	1
VAX1_TBX4_TGGCCA40NTTC_YWII_NTAATKAGGTGTNRN_1_3	8448	3.39572003201639	11.7856255445381	0.288124	1
VAX2_ELK3_TAACCG40NCAA_YAFI_NRCCGGAAGYAATTAN_2_3	2496	8.93086347907351	17.4806052702888	0.510901	1
VAX2_ETV4_TTCTAA40NACTG_YSIII_NCGGAWGYAATTAN_1_3	2112	4.0566538418863	12.6158477892566	0.321552	1
VAX2_FLI1_TTCTAA40NACTG_YYIII_NCCGGAAGTAATTAN_1_3	640	-1.44129882613853	13.3831575821094	-0.107695	1
VAX2_GABPA_TAACCG40NCAA_YYIIII_NCCGGAWRYAATTAN_1_3	4352	2.67324751523614	16.3082622095893	0.16392	1
VAX2_HT-SELEX_TGGTAG20NATT_AF_YTAATTAN_1_3	118	2.23755083342918	8.05912773144413	0.277642	1
VAX2_HT-SELEX_TGTCGA40NGCA_KX_NYAATTAN_1_3	388	-10.092304868013	8.47692566505802	-1.19056	1
VAX2_IRF8_TTCTAA40NACTG_YQIIII_NYGAAASYAATTRN_1_3	7424	3.22081349680148	12.444455573607	0.258815	1
VAX2_RUNX2_TTCTAA40NACTG_YII_NACCGCAATTAN_1_3	496	4.27564911737539	11.0641950510121	0.38644	1
VAX2_TBX20_TTCTAA40NACTG_YWIIII_NGGTGTTAATTRN_1_3	1024	3.86819583079956	10.5341577942109	0.367205	1
VAX2_TBX20_TTCTAA40NACTG_YWIIII_NRGTGTTAATGTGTNRN_1_3	9984	5.14785221074204	14.129030467322	0.364346	1
VAX2_TBX21_TAACCG40NCAA_YYI_NTAATKAGGTGTNAN_1_3	4480	4.08229237854295	13.6732304494667	0.298561	1
VAX2_TBX4_TAACCG40NCAA_YWII_NAGGTGTTAATTRN_1_3	1120	5.21177630727006	13.7385251777218	0.379355	1
VAX2_TBX4_TAACCG40NCAA_YWII_NTAATKAGGTGTNRN_1_3	8448	3.82873402152535	12.2410737052902	0.312778	1
VAX2_TEAD4_TTCTAA40NACTG_YJII_NYAATTAACATTCCN_2_3	1216	7.38096963979796	13.7342162332402	0.537415	1
VAX2_TGIF2LX_TAACCG40NCAA_YVII_NTGTCAATTAN_1_3	448	3.9006127185641	9.97939227738506	0.390867	1
VAX2_TGIF2LX_TAACCG40NCAA_YVII_NTGTCATTAN_1_3	400	2.83489817913207	9.16437110804544	0.309339	1
VDR_HT-SELEX_TATTGT20NCG_AC_GRGTTCANNRRGTTCA_2_3	4736	2.49005829467841	18.5740316821386	0.134061	1
Vdr_HT-SELEX_TCCGCA20NCG_Z_RRGTTCANNRRGTTCA_2_3	8960	-2.92303362377125	18.532085643092	-0.157728	1
VENTX_FLI1_TTCGGC40NAGC_YYIII_NMGGAARTNNNYAATTAN_1_3	278528	-4.77461798602461	14.9473403687892	-0.319429	1
VENTX_HT-SELEX_TATTTG40NCCA_KW_CGATTATCG_1_4	26	-4.38407086829909	10.0258714491622	-0.437276	1
VENTX_HT-SELEX_TATTTG40NCCA_KW_NGYAATTAGN_1_4	724	-5.01197363350594	8.69294289918517	-0.576557	1
VENTX_HT-SELEX_TGAAGT30NGAA_AI_NMCRATTAR_1_4	608	-10.7447218907732	9.79889690961756	-1.09652	1
VENTX_HT-SELEX_TGAAGT30NGAA_AI_SSYTAATCGRWAANCGATTAR_2_4	12544	8.39317067559222	24.2613109049702	0.345949	1
VENTX_PAX2_TTCGGC40NAGC_YZII_NGTCACGSNYMATTAN_1_3	17408	-5.14434777310216	14.6985093265612	-0.349991	1
VENTX_TBX4_TGATGA40NCCA_YWII_NAGGTGTTAATTRN_1_3	1120	-2.03002609221946	11.4673547723446	-0.177027	1
VENTX_TBX4_TGATGA40NCCA_YWII_NTAATKAGGTGTNRN_1_3	8448	3.96944819595146	13.261045299445	0.299331	1
VSX1_ELK3_TGGGCC40NGGA_YAFI_NYAATTAMCGGAWRYN_1_3	16896	4.83176376814903	15.3874286100818	0.314007	1
VSX1_HT-SELEX_TATATG40NCTA_KO_YTAATTAN_1_2	118	-8.39951825570851	8.60899214802786	-0.975668	1
VSX1_HT-SELEX_TCGGGG20NGGT_AE_NNYTAATTANN_1_3	10240	-0.534050393512827	8.84862873905989	-0.060354	1
Vsx1_HT-SELEX_TGCAGA20NCG_P_NYAATTAN_1_2	388	0.00065307990861668	7.59784667505691	8.59559e-05	1
VSX1_HT-SELEX_TGGTTC20NTTT_Z_YTAATTAN_1_2	118	2.63661940935793	8.20269756596747	0.321433	1
VSX1_HT-SELEX_TTAGGA40NTCT_KAE_CYAATTAN_1_2	142	-8.31167669476392	8.59364188796567	-0.967189	1
VSX1_SIX6_TTGAGC40NGTC_YVI_NTAATTAGCNNTATCAN_1_3	10240	-0.297851314162271	18.4405588965961	-0.016152	1
VSX1_TBX21_TGGGCC40NGGA_YYI_NAGGTGNTAATTRN_1_3	4096	2.39583354474973	12.0511931134088	0.198805	1
VSX1_TBX4_TGGGCC40NGGA_YWII_NAGGTGTTAATKRN_1_3	2112	3.33699492375028	11.4843943319466	0.290568	1
VSX1_TGIF2LX_TGGGCC40NGGA_YVII_NMTGTCAATTAN_1_3	928	4.82162039094328	9.21918969436166	0.522998	1
VSX2_FLI1_TCGCCG40NTGC_YYIII_NCCGGAWRTAATTAN_1_3	2304	5.36852946913918	14.180915260076	0.378574	1
VSX2_HT-SELEX_TCTCCC20NCCG_Z_YTAATTAN_1_2	118	2.28457558343164	8.76266342445814	0.260717	1
VSX2_HT-SELEX_TTCGCT40NCTT_KAE_SYYAATTAN_1_2	608	-11.0804435310884	10.1045634271803	-1.09658	1
VSX2_HT-SELEX_TTTGTT40NTAT_KO_YTAATTAN_1_3	118	-8.62786088165362	9.32290724145786	-0.925447	1
VSX2_SIX6_TCGCCG40NTGC_YVI_NTAATTAGCNNTATCAN_1_3	10240	1.45560801519121	17.2686935114622	0.0842917	1
VSX2_SOX11_TCGCCG40NTGC_YUIII_NTAATTRNNNNACAAWRN_1_3	1015808	3.37455103170507	15.2381321443649	0.221454	1
VSX2_TBX21_TTTCGG40NAGA_YYI_NAGGTGNTAATTRN_1_3	4096	2.53913951469705	12.009750920258	0.211423	1
VSX2_TBX4_TTTCGG40NAGA_YWII_NAGGTGTTAATTRN_1_3	1120	5.83728374958268	12.6386568076046	0.46186	1
VSX2_TCF12_TCGCCG40NTGC_YADIII_NCACCTGNNNNYAATTAN_1_3	286720	-3.56737220259821	16.3442406710318	-0.218265	1
VSX2_TCF12_TCGCCG40NTGC_YADIII_NYAATTANNNNCACCTGN_1_3	286720	3.2188935293409	15.8329846189722	0.203303	1
VSX2_TCF4_TCGCCG40NTGC_YACII_NCACCTGNNNNYAATTAN_1_3	286720	2.96961226689192	15.9696410155027	0.185954	1
XBP1_ETV5_TCCAGG40NTAG_YKII_NCGGAARNNNTGACGTN_1_3	71680	-0.181899129039011	14.4249064316942	-0.0126101	1
XBP1_FLI1_TCCAGG40NTAG_YYIII_NCCGGAARTGACGTN_1_3	1216	-0.236865796827543	13.7356092656086	-0.0172447	1
XBP1_HOXB5_TTGAAG40NCTC_YVIII_NACGTGTCATTAN_1_3	544	5.33388167912071	11.4417514561141	0.466177	1
XBP1_HT-SELEX_TACATA40NAGA_KV_NKMCACGTCAYN_1_4	3200	-6.23272199915893	11.2304410320727	-0.554985	1
XBP1_HT-SELEX_TACATA40NAGA_KV_NRTGACGTCAYN_1_4	868	-3.75556871390664	11.4540715449604	-0.327881	1
XBP1_HT-SELEX_TGTTCA20NGA_AC_GATGACGTCATC_2_3	19	2.04687115531358	14.0738231157897	0.145438	1
XBP1_HT-SELEX_TGTTCA20NGA_AC_NNNGMCACGTCATC_2_3	4096	-5.2524609527416	14.6246666332659	-0.359151	1
XBP1_TBX4_TTGAAG40NCTC_YWII_NAGGTGACGTGTNRN_1_3	4480	4.55477912308945	15.0908136701984	0.301825	1
XPA_HT-SELEX_TCACGC40NACT_KX_NCACCTCACAN_1_4	448	-4.03443687507059	11.6357357724538	-0.346728	1
YBX1_HT-SELEX_TTGCTC40NGAA_KR_YGTWCCAYC_1_4	176	-6.98002903969594	9.54431405034153	-0.731329	1
YY1_HT-SELEX_TCCGGC20NCG_AC_NCCGCCATTNN_1_3	1600	-6.34663899281448	9.89671895191334	-0.641287	1
YY1_HT-SELEX_TTGGGC40NGGC_KX_NGCCGCCATYTTGN_2_4	1120	-1.93028828247223	14.8303309659766	-0.130158	1
YY2_HT-SELEX_TAGAGA40NCGC_KV_NKCCGCCATTTTGN_2_2	1120	-4.23919904424862	15.9177750229685	-0.266319	1
YY2_HT-SELEX_TCTTTC20NTTG_Y_NNCCGCCATNW_1_4	2944	-4.94059258182488	11.4176653548202	-0.432715	1
YY2_HT-SELEX_TGAGCA20NGA_AE_NCCGCCATNNT_1_2	1600	-5.42467907538158	10.2877290645224	-0.527296	1
ZBED1_HT-SELEX_TAATAG20NCG_W_NTATCGCGAYATR_2_3	528	-2.55392589981081	15.7458958057314	-0.162196	1
ZBED1_HT-SELEX_TACCCT40NTTA_KV_NTRTCGCGAYAT_1_3	400	-0.200552515417231	14.3254537749226	-0.0139997	1
ZBTB12_HT-SELEX_TACTGG40NGGA_KV_NGCTGNNCCGCGYN_1_4	14848	-13.7790136480133	15.5019522049166	-0.888857	1
ZBTB12_HT-SELEX_TACTGG40NGGA_KV_NGGCCTGCCGTCNT_1_4	592	-1.61379769358352	17.2402549317428	-0.0936064	1
ZBTB14_HT-SELEX_TGACTG40NATG_KAE_NTGCRCGTGCACGYGN_1_4	2496	-5.5420846241627	19.8786654575655	-0.278796	1
ZBTB14_HT-SELEX_TGCCAA40NTAG_KP_NYGCRCGTGCACGYGN_2_3	4736	3.77368965869566	16.7759432353268	0.224946	1
ZBTB18_HT-SELEX_TGCAGC40NATT_KR_NWTCCAGATGTKN_1_2	1920	-5.14927747966892	13.4271229798304	-0.383498	1
ZBTB2_HT-SELEX_TTAAAT40NAAT_KT_NTTTMCGGTWAN_1_4	1716	-7.54811546013693	12.2496972987149	-0.616188	1
ZBTB20_FLI1_TTCTAC40NCGA_YYIII_NSCGGAAGCTATASRYYN_2_3	19968	3.67169883360525	18.7858437415093	0.19545	1
ZBTB20_HT-SELEX_TTCGCC40NGAC_KR_NYAAYGTATRKN_1_2	5888	-8.06247644568017	10.520288746501	-0.766374	1
ZBTB22_HT-SELEX_TGCCTC40NCAA_KP_NKCACTANNNTAGTGMN_1_3	67584	-12.0531955718812	17.4157935356125	-0.692084	1
ZBTB26_HT-SELEX_TGAAGG40NGAT_KAE_NMTCYAGAAAAN_1_3	1728	-5.42085748230013	11.4344066652592	-0.474083	1
ZBTB32_HT-SELEX_TACTAA40NATT_KT_NRTACAGTNNNACTGTAYN_2_4	79872	-10.256551198859	23.0752948774985	-0.444482	1
ZBTB33_TEAD4_TCCGCT40NGGAC_YJII_NWGGWATGYNAARWATKYN_1_3	286720	1.2003556157832	16.3240231924243	0.0735331	1
ZBTB37_HT-SELEX_TCGCGT40NCGG_KR_NTGCCGNNTTRGCCGWN_2_3	36864	-8.79964130051719	18.1278045874666	-0.485422	1
ZBTB45_HT-SELEX_TACGGG40NCTT_KP_NCACCTATAKN_1_2	832	-5.76640972662274	10.6103848135367	-0.543468	1
ZBTB49_HT-SELEX_TCTAAT20NGA_AC_TTTCGCNTGGCNNGTCA_2_4	2752	-17.536199961852	19.2551542445037	-0.910728	1
ZBTB7A_FLI1_TCTGGC40NTAG_YYIII_NGACCCNCTTCCGNYN_1_3	17920	-4.45195869718797	15.1630102244403	-0.293607	1
ZBTB7A_HT-SELEX_TGAATA20NGA_W_NGCGACCACCNN_1_4	1792	-1.81878752774988	12.8130503425364	-0.141948	1
ZBTB7A_HT-SELEX_TGAGGA40NTTG_KR_NCGACCMCCGN_1_4	832	-8.52341164279891	12.5580725271733	-0.67872	1
ZBTB7B_HT-SELEX_TAGCCT20NCG_AC_NCGACCACCGAN_1_3	496	-3.30696958323724	13.2204244159517	-0.250141	1
ZBTB7B_HT-SELEX_TCTAAG40NTTA_KS_NCGACCMCCN_1_3	736	-7.07508953894011	11.1229177819498	-0.636082	1
ZBTB7C_HT-SELEX_TCGCCA40NCCT_AI_NCGACCACCNAN_1_4	1792	-4.91654797353468	11.6786313066541	-0.420987	1
ZFP1_HT-SELEX_TGAACT40NAAG_KT_NTTTTATACCCAGCN_2_3	640	4.23037483495459	15.6208959045708	0.270815	1
ZFP41_HT-SELEX_TCAGAA40NAGG_KV_NGCTAACTCTCCRCR_2_2	624	0.315433291858472	17.0176864106999	0.0185356	1
ZFP42_HT-SELEX_TAGTGC40NATG_KS_NGRCHGCCATMTTGN_2_4	6400	-5.83886426029505	15.3662567018909	-0.37998	1
Zfp652_HT-SELEX_TACGAG20NCG_Z_NNAAAGGGTTAAW_2_4	1024	-3.62413151643961	14.4846002150067	-0.250206	1
Zfp740_HT-SELEX_TCAACC20NCG_Z_NCCCCCCCAC_1_3	112	3.69345261333828	10.4424488211151	0.353696	1
ZIC1_HT-SELEX_TCACGC40NACT_KR_NMCCMCCCGCYGYGN_2_4	8192	-7.68878463178229	15.8941996592997	-0.483748	1
ZIC1_HT-SELEX_TCGACT20NCAT_AF_GACCMCCYRMTGNG_2_4	2048	-14.5023329281981	16.6799960555731	-0.869445	1
ZIC1_HT-SELEX_TTTATT40NATC_KW_NMCCMCCYGCTGYGN_2_4	8192	-8.28832031014464	16.1674659095033	-0.512654	1
ZIC3_HT-SELEX_TAGCGC40NCGC_KR_NGACCCCCCGCTGYGM_2_2	672	0.710194921461544	19.5838468859821	0.0362643	1
Zic3_HT-SELEX_TCAAAA20NAAA_AF_GACCMCCYRMTGNGN_2_3	8192	-16.8101230770066	17.0496057317649	-0.985954	1
ZIC3_HT-SELEX_TCACGT20NGCA_AE_GACCCCCYGYTGNGN_2_3	2304	-1.36676446263015	16.4280176392725	-0.0831972	1
ZIC3_HT-SELEX_TGTAGA40NTGT_KZ_NRCCCCCYGCTGYGN_2_4	4352	-19.8888459712269	17.6762632116413	-1.12517	1
ZIC4_HT-SELEX_TCTATT40NCAT_KT_NRCCMCCYGYNGYGN_2_4	55296	-1.0231548009196	12.2303170630817	-0.0836573	1
ZIC4_HT-SELEX_TGAGGC20NGA_AC_GACCCCCYGYTGNGN_2_3	2304	-2.94103352589709	14.6842455712731	-0.200285	1
ZIC5_HT-SELEX_TCGGGT40NAAG_KV_NGACCCCCYGCTGYGM_2_3	1280	-1.50109573836529	17.2945771246655	-0.0867957	1
ZNF12_HT-SELEX_TTCGGC40NAGC_KT_GGKSMTRYTTGTTWYAGCANN_2_3	90112	-1.08766418739663	21.8486539005296	-0.0497817	1
ZNF140_HT-SELEX_TGAGGT40NTCC_KS_NRCAATTCCGCTCN_1_3	1120	-0.417567474325852	16.9996004686656	-0.0245634	1
ZNF143_HT-SELEX_TGCAAG20NCG_V_TWCCCAYAATGCATTG_3_4	180	4.15414278895599	18.1945689999985	0.228318	1
ZNF174_HT-SELEX_TACCGA40NATA_KS_NGNCRATCACTYGNCN_2_3	33792	-1.99164202484068	15.8636750825068	-0.125547	1
ZNF23_HT-SELEX_TGCTTT40NAGA_KT_NKGKCGCGGNCATGGKNGN_2_3	81920	-3.70309069713155	20.2895011648363	-0.182513	1
ZNF232_HT-SELEX_TATCAT20NACG_W_RTGTTAAAYGTAGATTAAG_2_4	216	10.5009354468145	22.1822942434155	0.473393	1
ZNF238_FLI1_TGTGAA40NTAC_YYIII_NRSCGGAAGCACATSTGN_2_3	5504	-3.86822336785039	19.7926044374624	-0.195438	1
ZNF238_HT-SELEX_TAGTAA20NATT_W_NNTCCAGATGTKN_1_3	3712	-0.10636157502044	13.4072454006791	-0.00793314	1
ZNF238_HT-SELEX_TGGTGA20NGA_AC_NNTCCAGATGTKN_1_3	3712	-2.77696865733082	14.0451261996426	-0.197718	1
ZNF250_HT-SELEX_TGGGTT40NCGT_KN_NTAGGCCYAN_1_3b0	532	0.445062816615514	9.34797061758521	0.0476106	1
ZNF263_HT-SELEX_TTAGTA40NCTC_KS_NGTGCTCCCN_1_4	400	-4.88053584611444	10.8243994085467	-0.450883	1
ZNF274_HT-SELEX_TGCAGT40NAAG_KV_NRTRTGAGTTCTCRYN_2_3	8960	-3.3140081212283	15.4573834305561	-0.214396	1
ZNF281_HT-SELEX_TAAAGT40NAGC_KR_GCCCCTCCCCCM_2_4	70	0.355922961415353	15.0906830377915	0.0235856	1
ZNF282_HT-SELEX_TACCCT40NTTA_KR_NTTCCCMYNACACN_1_3	7680	-3.48624712076984	14.0434241634639	-0.248248	1
ZNF282_HT-SELEX_TGCCTG20NGA_AC_CTTTCCCMYAACACKNN_2_4	5120	3.40339822946971	18.7483033075108	0.181531	1
ZNF296_HT-SELEX_TTAAGT40NCCT_KS_NASTGGWCASN_1_4	2816	-7.00874990920337	10.2688822348749	-0.682523	1
ZNF306_HT-SELEX_TAGGGC20NGGT_AD_TGGKCTARCCTCGA_2_4	156	3.22498529029973	17.1109268568534	0.188475	1
ZNF32_HT-SELEX_TAGGTC40NACG_KAE_NYGTAACNYGAYACN_2_4	15872	3.72977871062056	13.8534777787322	0.26923	1
ZNF343_HT-SELEX_TGGCGT40NCCT_KT_NYGCTTCACCNCGGYMN_2_4	18944	-6.13202152915677	18.0125967395724	-0.34043	1
ZNF345_HT-SELEX_TGTGGT40NGGC_KT_TTGCAACNNNNNCAACYGKACN_2_3	737280	-1.5936180456701	22.5538336587632	-0.0706584	1
ZNF385D_HT-SELEX_TAAAGT40NAGC_KT_NCGTCGCGACGN_1_3	250	5.31556755925023	12.7589776568869	0.416614	1
ZNF396_HT-SELEX_TTAAAT40NAAT_KW_NTGTMCGAAAN_1_4	832	-10.3807265077222	12.5764974517523	-0.825407	1
ZNF410_HT-SELEX_TGCACT20NGA_AC_NNCATCCCATAATANTC_3_3	2752	-3.18431640034546	19.5997229757186	-0.162467	1
ZNF410_HT-SELEX_TTTATT40NATC_KR_NYANCCCATAATAN_1_2	4096	-7.14412088989816	15.7743607467028	-0.452894	1
ZNF435_HT-SELEX_TATTTA20NTTG_W_AGTGTTAACAGARCACCT_3_4	106	10.9992319292523	22.4501685347429	0.48994	1
ZNF444_HT-SELEX_TCCTGC40NTCG_KAE_NCRTCCCCCTCCCCCN_2_3	1312	0.422373101808842	19.1608392196402	0.0220436	1
ZNF449_HT-SELEX_TGCGAG40NTTC_KT_NTCGCGNGCMARCAN_1_4	8448	-3.23853706178561	16.3201062876363	-0.198438	1
ZNF449_HT-SELEX_TGCGAG40NTTC_KT_RCGCCCAACC_1_4	58	-0.688052916503008	12.1442169617175	-0.0566568	1
ZNF454_HT-SELEX_TAGTTC40NATC_KN_NRGCGCCNGGCGCYN_1_3	4224	-4.54057436771295	17.8478386380583	-0.254405	1
ZNF454_HT-SELEX_TAGTTC40NATC_KN_TRGCGCCGGCGCYN_1_3	484	-0.808452924665413	16.7833146184968	-0.04817	1
ZNF501_HT-SELEX_TGTTTA40NACG_KAE_NSSCGACGCGAACMN_2_4b0	4352	5.09986771417728	15.1883198930404	0.335776	1
ZNF524_HT-SELEX_TCTATG40NTAG_AI_ACCCTTGAACCC_2_5	37	7.57683660114964	15.1612046448571	0.499752	1
ZNF524_HT-SELEX_TCTATG40NTAG_AI_CTCGRACCCGTGCN_2_5	304	-0.537430693686159	14.4440847605711	-0.0372077	1
ZNF524_HT-SELEX_TTGATG40NATC_KX_NYTCGNACCCKN_1_3	6144	-6.43246277043782	11.6615018362409	-0.551598	1
ZNF580_HT-SELEX_TGGCCA40NTTC_KAE_MCTACCCYNNNMCTACCCY_2_4	41984	6.70504572368467	17.9392558448189	0.373764	1
ZNF580_HT-SELEX_TGGCCA40NTTC_KAE_NRTTATGTTAAAWWNYTACCNYN_2_4	393216	1.22456231218642	25.3466082734261	0.0483127	1
ZNF580_HT-SELEX_TTCAGG40NTGC_KP_CCTACCCTNNCCTACCCY_2_4	1504	4.91982836295647	18.7194083574359	0.26282	1
ZNF597_HT-SELEX_TATTCA40NAGT_KW_NGCCGCCATYTTGN_2_4	1120	-3.29445524499694	15.2957048244688	-0.215384	1
ZNF660_HT-SELEX_TGCACG40NTTG_KV_NYTGATNNCCCAYCCTRN_2_2	75776	-5.60505154015689	17.8465842130333	-0.314069	1
ZNF684_HT-SELEX_TACCGG40NAGT_KAF_NYACAGTCCWCCCCTTKN_2_3	5504	1.92633327679048	20.0528682926393	0.0960627	1
ZNF704_HT-SELEX_TATTTC40NGCA_KV_NRCCGGCCGGYN_1_2	868	2.55743462120538	13.4502058114403	0.190141	1
ZNF713_HT-SELEX_TACGGT40NTAC_KP_NAGAAAAAAGACWRGAAAN_2_3	3072	5.26328217837143	21.9182405253524	0.240133	1
ZNF713_HT-SELEX_TACGGT40NTAC_KP_NMGACGACTGCCACGAAAN_2_3	1600	4.17750841887073	22.4188938829003	0.186339	1
ZNF713_HT-SELEX_TAGGAT20NAGT_AD_TAGAYRAYTGMCANGAA_3_4	2624	-21.1892216697997	20.5683026436131	-1.03019	1
ZNF740_HT-SELEX_TGGTCT20NCTT_Y_NCCCCCCCAC_1_4	112	4.32823754684119	11.738035521424	0.368736	1
ZNF740_HT-SELEX_TGTGAG20NGA_AE_NCCCCCCCAC_1_4	112	3.62094077448151	12.2321524902717	0.296018	1
ZNF740_HT-SELEX_TTATTT40NCGT_KW_NYGCCCCCCCCAC_1_3	280	6.00664359473983	14.562803962943	0.412465	1
ZNF740_HT-SELEX_TTGATG40NATC_KP_NYGCCCCCCCCAC_2_4	280	6.69816442309781	15.1778046103719	0.441313	1
ZNF75A_HT-SELEX_CCATA14N_V_GCTTTTCCCACA_2_4	37	4.21846776384516	15.0462340589776	0.280367	1
ZNF75A_HT-SELEX_TAACTC40NGTC_KW_NGCTTTTCCCACAN_1_4	592	2.03475388698017	17.0681406173202	0.119214	1
ZNF75A_HT-SELEX_TCTTAT40NACA_KP_NGCTTTTCCCACMN_1_2	1120	-0.857566577148151	15.4596891790277	-0.0554711	1
ZNF76_HT-SELEX_TGACAA40NACT_KT_NYYWCCCAYAATGCANYGCGN_2_3	92160	1.68508730804145	19.9751110456881	0.0843593	1
ZNF771_HT-SELEX_TCTGCA40NATA_KT_NRCGCTAACCATTRN_2_3	2304	-2.62480222956759	16.1936746685897	-0.162088	1
ZNF771_HT-SELEX_TGCTCA40NCTG_KV_NRCGCTAACCATTRN_2_2	2304	5.13389208937511	15.5180893368712	0.330833	1
ZNF784_HT-SELEX_TACCAA40NTTA_KV_STACYTACCKY_1_2	416	-5.67223476779981	11.6837252951542	-0.485482	1
ZNF784_HT-SELEX_TGCGGG20NGA_AE_GTACCTACCT_1_3	31	0.730820968479389	12.8315386538919	0.0569551	1
ZNF787_HT-SELEX_TCTGCC40NCAC_KV_TGCCTCMGTTTMCCY_2_4	320	1.47341182619293	16.7335135225298	0.0880516	1
ZNF821_HT-SELEX_TGAGTT40NCGG_KX_NRGACRGACRGACRN_1_4	8192	-3.99834460353354	15.4584955672587	-0.25865	1
ZSCAN1_HT-SELEX_TGCTCC40NCCG_KP_NYRCACACNCTGMAAMN_2_2	35840	-8.79044616180365	17.4543056140421	-0.503626	1
ZSCAN16_HT-SELEX_TCCACC40NTTA_KR_NANTGTTAACAGAGCCTCN_2_4	3136	1.71198865165676	24.2165508582681	0.070695	1
ZSCAN16_HT-SELEX_TGGCTA40NTCC_KW_NANTGTTAACAGAGCCTCN_2_3	3136	5.25020241699924	21.500133337521	0.244194	1
ZSCAN23_HT-SELEX_TACTAC40NGCC_KR_NYCATGTGCTAATTACAMN_2_3	3072	5.91844813192178	22.4301892156145	0.263861	1
ZSCAN4_HT-SELEX_TAGAGA40NCGC_KP_NYGCACACNCTGWAARN_2_2	18944	-5.74786059597325	16.398226673074	-0.350517	1
ZSCAN4_HT-SELEX_TCTTTC20NTTG_W_TGCACACNCTGAAAA_2_3	172	0.00994805558485423	18.0305626036956	0.000551733	1
ZSCAN9_HT-SELEX_TAAATT40NCTG_KR_NRGGATAAGATAAGAANCMN_2_3	12288	1.80321189479549	23.2994168700339	0.077393	1
