data_ID	filenames	type	total_sequences	total_bases_raw	total_bases	poor_quality_sequences	sequence_length	pct_gc	Basic Statistics	Per base sequence quality	Per tile sequence quality	Per sequence quality scores	Per base sequence content	Per sequence GC content	Per base N content	Sequence Length Distribution	Sequence Duplication Levels	Overrepresented sequences	Adapter Content
BCL6B_TGCGGG20NGA_AC_4	/scratch/project_2013895/SELEX/data/Jolma2013/submitted_ftp/BCL6B_TGCGGG20NGA_AC_4.fastq.gz	signal	41581	831.6 kbp	831600	0	20	49	PASS	PASS	NA	PASS	FAIL	PASS	PASS	PASS	PASS	FAIL	PASS
CTCF_full_AJ_TAGCGA20NGCT_4	/scratch/project_2013895/SELEX/data/Jolma2013/submitted_ftp/CTCF_full_AJ_TAGCGA20NGCT_4.fastq.gz	signal	125032	2.5 Mbp	2500000	0	20	58	PASS	PASS	NA	PASS	FAIL	WARN	PASS	PASS	WARN	PASS	PASS
EGR1_TCTCTT20NGA_Y_2	/scratch/project_2013895/SELEX/data/Jolma2013/submitted_ftp/EGR1_TCTCTT20NGA_Y_2.fastq.gz	signal	69585	1.3 Mbp	1300000	0	20	51	PASS	PASS	NA	PASS	WARN	PASS	PASS	PASS	PASS	PASS	PASS
EGR1_TACTAT20NATC_AA_4	/scratch/project_2013895/SELEX/data/Jolma2013/submitted_ftp/EGR1_TACTAT20NATC_AA_4.fastq.gz	signal	148750	2.9 Mbp	2900000	0	20	46	PASS	PASS	NA	PASS	WARN	PASS	PASS	PASS	PASS	PASS	PASS
EGR2_TCGGCC20NGA_W_3	/scratch/project_2013895/SELEX/data/Jolma2013/submitted_ftp/EGR2_TCGGCC20NGA_W_3.fastq.gz	signal	163333	3.2 Mbp	3200000	0	20	51	PASS	PASS	NA	PASS	FAIL	PASS	PASS	PASS	PASS	PASS	PASS
EGR2_TCATCA20NCTA_W_2	/scratch/project_2013895/SELEX/data/Jolma2013/submitted_ftp/EGR2_TCATCA20NCTA_W_2.fastq.gz	signal	97362	1.9 Mbp	1900000	0	20	48	PASS	PASS	NA	PASS	WARN	PASS	PASS	PASS	PASS	PASS	PASS
EGR3_TTAAGA20NGAA_AF_3	/scratch/project_2013895/SELEX/data/Jolma2013/submitted_ftp/EGR3_TTAAGA20NGAA_AF_3.fastq.gz	signal	295844	5.9 Mbp	5900000	0	20	44	PASS	PASS	NA	PASS	WARN	PASS	PASS	PASS	PASS	PASS	PASS
EGR4_TAGCGA40NGCT_AI_4	/scratch/project_2013895/SELEX/data/Jolma2013/submitted_ftp/EGR4_TAGCGA40NGCT_AI_4.fastq.gz	signal	234000	9.3 Mbp	9300000	0	40	53	PASS	PASS	NA	PASS	FAIL	PASS	FAIL	PASS	PASS	PASS	PASS
Egr3_TCATGC20NGTA_Z_3	/scratch/project_2013895/SELEX/data/Jolma2013/submitted_ftp/Egr3_TCATGC20NGTA_Z_3.fastq.gz	signal	97999	1.9 Mbp	1900000	0	20	48	PASS	PASS	NA	PASS	WARN	PASS	PASS	PASS	PASS	PASS	PASS
GLI2_TAAGTA40NTGA_AI_3	/scratch/project_2013895/SELEX/data/Jolma2013/submitted_ftp/GLI2_TAAGTA40NTGA_AI_3.fastq.gz	signal	366216	14.6 Mbp	14600000	0	40	53	PASS	PASS	NA	PASS	WARN	PASS	WARN	PASS	PASS	PASS	PASS
GLIS1_TTCGGT20NGA_R_4	/scratch/project_2013895/SELEX/data/Jolma2013/submitted_ftp/GLIS1_TTCGGT20NGA_R_4.fastq.gz	signal	75380	1.5 Mbp	1500000	0	20	56	PASS	PASS	NA	PASS	FAIL	FAIL	PASS	PASS	PASS	FAIL	PASS
GLIS2_TACTAT20NATC_Y_3	/scratch/project_2013895/SELEX/data/Jolma2013/submitted_ftp/GLIS2_TACTAT20NATC_Y_3.fastq.gz	signal	76150	1.5 Mbp	1500000	0	20	47	PASS	PASS	NA	PASS	WARN	PASS	PASS	PASS	PASS	PASS	PASS
GLIS3_TCGCAT20NGA_O_4	/scratch/project_2013895/SELEX/data/Jolma2013/submitted_ftp/GLIS3_TCGCAT20NGA_O_4.fastq.gz	signal	7498	149.9 kbp	149900	0	20	63	PASS	PASS	NA	PASS	FAIL	FAIL	PASS	PASS	FAIL	FAIL	PASS
HIC2_TGAGCA20NGA_AC_4	/scratch/project_2013895/SELEX/data/Jolma2013/submitted_ftp/HIC2_TGAGCA20NGA_AC_4.fastq.gz	signal	62415	1.2 Mbp	1200000	0	20	53	PASS	PASS	NA	PASS	FAIL	PASS	PASS	PASS	PASS	WARN	PASS
HINFP1_TCAAGG20NGAA_W_3	/scratch/project_2013895/SELEX/data/Jolma2013/submitted_ftp/HINFP1_TCAAGG20NGAA_W_3.fastq.gz	both	170302	3.4 Mbp	3400000	0	20	50	PASS	PASS	NA	PASS	WARN	PASS	PASS	PASS	PASS	PASS	PASS
HINFP1_TCAAGG20NGAA_W_4	/scratch/project_2013895/SELEX/data/Jolma2013/submitted_ftp/HINFP1_TCAAGG20NGAA_W_4.fastq.gz	signal	87903	1.7 Mbp	1700000	0	20	65	PASS	PASS	NA	PASS	FAIL	FAIL	PASS	PASS	FAIL	FAIL	PASS
Hic1_TCATCA20NCTA_Z_4	/scratch/project_2013895/SELEX/data/Jolma2013/submitted_ftp/Hic1_TCATCA20NCTA_Z_4.fastq.gz	signal	187950	3.7 Mbp	3700000	0	20	51	PASS	PASS	NA	PASS	WARN	PASS	PASS	PASS	PASS	WARN	PASS
KLF13_TGGACA20NGA_AE_4	/scratch/project_2013895/SELEX/data/Jolma2013/submitted_ftp/KLF13_TGGACA20NGA_AE_4.fastq.gz	signal	88438	1.7 Mbp	1700000	0	20	64	PASS	PASS	NA	PASS	FAIL	PASS	PASS	PASS	WARN	WARN	PASS
KLF14_TTGGGA20NTA_AF_3	/scratch/project_2013895/SELEX/data/Jolma2013/submitted_ftp/KLF14_TTGGGA20NTA_AF_3.fastq.gz	signal	166135	3.3 Mbp	3300000	0	20	53	PASS	PASS	NA	PASS	FAIL	PASS	PASS	PASS	PASS	PASS	PASS
KLF16_TTGATT20NTA_AF_4	/scratch/project_2013895/SELEX/data/Jolma2013/submitted_ftp/KLF16_TTGATT20NTA_AF_4.fastq.gz	signal	79484	1.5 Mbp	1500000	0	20	55	PASS	PASS	NA	PASS	FAIL	WARN	PASS	PASS	PASS	WARN	PASS
Klf12_TGATGG20NGA_Z_4	/scratch/project_2013895/SELEX/data/Jolma2013/submitted_ftp/Klf12_TGATGG20NGA_Z_4.fastq.gz	signal	2468	49.3 kbp	49300	0	20	53	PASS	PASS	NA	PASS	FAIL	PASS	PASS	PASS	PASS	WARN	PASS
PRDM1_TTGAGG20NGAT_AE_2	/scratch/project_2013895/SELEX/data/Jolma2013/submitted_ftp/PRDM1_TTGAGG20NGAT_AE_2.fastq.gz	signal	261345	5.2 Mbp	5200000	0	20	41	PASS	PASS	NA	PASS	WARN	PASS	PASS	PASS	PASS	PASS	PASS
SCRT1_TCTTAG20NATG_Y_4	/scratch/project_2013895/SELEX/data/Jolma2013/submitted_ftp/SCRT1_TCTTAG20NATG_Y_4.fastq.gz	signal	17741	354.8 kbp	354800	0	20	44	PASS	PASS	NA	PASS	FAIL	PASS	PASS	PASS	PASS	WARN	PASS
SCRT2_TGGGCG20NCGT_Y_3	/scratch/project_2013895/SELEX/data/Jolma2013/submitted_ftp/SCRT2_TGGGCG20NCGT_Y_3.fastq.gz	signal	14475	289.5 kbp	289500	0	20	45	PASS	PASS	NA	PASS	FAIL	PASS	PASS	PASS	PASS	PASS	PASS
SNAI2_TCGTTA20NGA_O_6	/scratch/project_2013895/SELEX/data/Jolma2013/submitted_ftp/SNAI2_TCGTTA20NGA_O_6.fastq.gz	signal	192842	3.8 Mbp	3800000	0	20	52	PASS	PASS	NA	PASS	FAIL	PASS	PASS	PASS	PASS	PASS	PASS
SP1_TCTATG20NGA_O_4	/scratch/project_2013895/SELEX/data/Jolma2013/submitted_ftp/SP1_TCTATG20NGA_O_4.fastq.gz	signal	161802	3.2 Mbp	3200000	0	20	61	PASS	PASS	NA	PASS	FAIL	PASS	PASS	PASS	PASS	PASS	PASS
SP3_TCGGCC20NGA_O_6	/scratch/project_2013895/SELEX/data/Jolma2013/submitted_ftp/SP3_TCGGCC20NGA_O_6.fastq.gz	signal	60733	1.2 Mbp	1200000	0	20	63	PASS	PASS	NA	PASS	FAIL	WARN	PASS	PASS	PASS	PASS	PASS
SP4_TTATGT20NGTA_AE_4	/scratch/project_2013895/SELEX/data/Jolma2013/submitted_ftp/SP4_TTATGT20NGTA_AE_4.fastq.gz	signal	84184	1.6 Mbp	1600000	0	20	48	PASS	PASS	NA	PASS	WARN	PASS	PASS	PASS	PASS	WARN	PASS
SP8_TGCTCG20NCTC_Y_4	/scratch/project_2013895/SELEX/data/Jolma2013/submitted_ftp/SP8_TGCTCG20NCTC_Y_4.fastq.gz	signal	14646	292.9 kbp	292900	0	20	46	PASS	PASS	NA	PASS	FAIL	WARN	PASS	PASS	PASS	WARN	PASS
YY1_TCCGGC20NCG_AC_3	/scratch/project_2013895/SELEX/data/Jolma2013/submitted_ftp/YY1_TCCGGC20NCG_AC_3.fastq.gz	signal	217066	4.3 Mbp	4300000	0	20	51	PASS	PASS	NA	PASS	FAIL	PASS	PASS	PASS	PASS	PASS	PASS
YY2_TCTTTC20NTTG_Y_4	/scratch/project_2013895/SELEX/data/Jolma2013/submitted_ftp/YY2_TCTTTC20NTTG_Y_4.fastq.gz	signal	20599	411.9 kbp	411900	0	20	47	PASS	PASS	NA	PASS	FAIL	PASS	PASS	PASS	PASS	WARN	PASS
YY2_TGAGCA20NGA_AE_2	/scratch/project_2013895/SELEX/data/Jolma2013/submitted_ftp/YY2_TGAGCA20NGA_AE_2.fastq.gz	signal	252126	5 Mbp	5000000	0	20	51	PASS	PASS	NA	PASS	FAIL	PASS	PASS	PASS	PASS	PASS	PASS
ZBED1_TAATAG20NCG_W_3	/scratch/project_2013895/SELEX/data/Jolma2013/submitted_ftp/ZBED1_TAATAG20NCG_W_3.fastq.gz	signal	177648	3.5 Mbp	3500000	0	20	50	PASS	PASS	NA	PASS	WARN	WARN	PASS	PASS	PASS	PASS	PASS
ZBTB7A_TGAATA20NGA_W_4	/scratch/project_2013895/SELEX/data/Jolma2013/submitted_ftp/ZBTB7A_TGAATA20NGA_W_4.fastq.gz	signal	108486	2.1 Mbp	2100000	0	20	51	PASS	PASS	NA	PASS	FAIL	PASS	PASS	PASS	PASS	PASS	PASS
ZBTB7B_TAGCCT20NCG_AC_3	/scratch/project_2013895/SELEX/data/Jolma2013/submitted_ftp/ZBTB7B_TAGCCT20NCG_AC_3.fastq.gz	signal	345105	6.9 Mbp	6900000	0	20	54	PASS	PASS	NA	PASS	FAIL	PASS	PASS	PASS	PASS	PASS	PASS
ZBTB7C_TCGCCA40NCCT_AI_4	/scratch/project_2013895/SELEX/data/Jolma2013/submitted_ftp/ZBTB7C_TCGCCA40NCCT_AI_4.fastq.gz	signal	242220	9.6 Mbp	9600000	0	40	50	PASS	PASS	NA	PASS	WARN	PASS	FAIL	PASS	PASS	PASS	PASS
ZIC1_TCGACT20NCAT_AF_4	/scratch/project_2013895/SELEX/data/Jolma2013/submitted_ftp/ZIC1_TCGACT20NCAT_AF_4.fastq.gz	signal	51128	1 Mbp	1000000	0	20	53	PASS	PASS	NA	PASS	FAIL	PASS	PASS	PASS	PASS	PASS	PASS
ZIC3_TCACGT20NGCA_AE_3	/scratch/project_2013895/SELEX/data/Jolma2013/submitted_ftp/ZIC3_TCACGT20NGCA_AE_3.fastq.gz	signal	326167	6.5 Mbp	6500000	0	20	46	PASS	PASS	NA	PASS	WARN	PASS	PASS	PASS	PASS	PASS	PASS
ZIC4_TGAGGC20NGA_AC_3	/scratch/project_2013895/SELEX/data/Jolma2013/submitted_ftp/ZIC4_TGAGGC20NGA_AC_3.fastq.gz	signal	128381	2.5 Mbp	2500000	0	20	57	PASS	PASS	NA	PASS	FAIL	PASS	PASS	PASS	PASS	PASS	PASS
ZNF143_TGCAAG20NCG_V_4	/scratch/project_2013895/SELEX/data/Jolma2013/submitted_ftp/ZNF143_TGCAAG20NCG_V_4.fastq.gz	signal	140921	2.8 Mbp	2800000	0	20	51	PASS	PASS	NA	PASS	FAIL	PASS	PASS	PASS	PASS	WARN	PASS
ZNF238_TGGTGA20NGA_AC_3	/scratch/project_2013895/SELEX/data/Jolma2013/submitted_ftp/ZNF238_TGGTGA20NGA_AC_3.fastq.gz	signal	66181	1.3 Mbp	1300000	0	20	49	PASS	PASS	NA	PASS	FAIL	PASS	PASS	PASS	PASS	PASS	PASS
ZNF238_TAGTAA20NATT_W_3	/scratch/project_2013895/SELEX/data/Jolma2013/submitted_ftp/ZNF238_TAGTAA20NATT_W_3.fastq.gz	signal	307166	6.1 Mbp	6100000	0	20	48	PASS	PASS	NA	PASS	FAIL	PASS	PASS	PASS	WARN	PASS	PASS
ZNF306_TAGGGC20NGGT_AD_4	/scratch/project_2013895/SELEX/data/Jolma2013/submitted_ftp/ZNF306_TAGGGC20NGGT_AD_4.fastq.gz	signal	82028	1.6 Mbp	1600000	0	20	50	PASS	PASS	NA	PASS	WARN	PASS	PASS	PASS	PASS	WARN	PASS
ZNF410_TGCACT20NGA_AC_3	/scratch/project_2013895/SELEX/data/Jolma2013/submitted_ftp/ZNF410_TGCACT20NGA_AC_3.fastq.gz	signal	80460	1.6 Mbp	1600000	0	20	51	PASS	PASS	NA	PASS	FAIL	PASS	PASS	PASS	PASS	PASS	PASS
ZNF524_TCTATG40NTAG_AI_5	/scratch/project_2013895/SELEX/data/Jolma2013/submitted_ftp/ZNF524_TCTATG40NTAG_AI_5.fastq.gz	signal	117903	4.7 Mbp	4700000	0	40	55	PASS	PASS	NA	PASS	FAIL	PASS	PASS	PASS	WARN	FAIL	PASS
ZNF740_TGGTCT20NCTT_Y_4	/scratch/project_2013895/SELEX/data/Jolma2013/submitted_ftp/ZNF740_TGGTCT20NCTT_Y_4.fastq.gz	signal	21139	422.7 kbp	422700	0	20	55	PASS	PASS	NA	PASS	FAIL	FAIL	PASS	PASS	PASS	PASS	PASS
ZNF740_TGTGAG20NGA_AE_4	/scratch/project_2013895/SELEX/data/Jolma2013/submitted_ftp/ZNF740_TGTGAG20NGA_AE_4.fastq.gz	signal	36258	725.1 kbp	725100	0	20	55	PASS	PASS	NA	PASS	FAIL	WARN	PASS	PASS	PASS	WARN	PASS
ZNF75A_CCATA14N_V_4	/scratch/project_2013895/SELEX/data/Jolma2013/submitted_ftp/ZNF75A_CCATA14N_V_4.fastq.gz	signal	203401	2.8 Mbp	2800000	0	14	43	PASS	PASS	NA	PASS	WARN	PASS	PASS	PASS	PASS	PASS	PASS
ZNF784_TGCGGG20NGA_AE_3	/scratch/project_2013895/SELEX/data/Jolma2013/submitted_ftp/ZNF784_TGCGGG20NGA_AE_3.fastq.gz	signal	267926	5.3 Mbp	5300000	0	20	51	PASS	PASS	NA	PASS	FAIL	PASS	PASS	PASS	PASS	PASS	PASS
ZSCAN4_TCTTTC20NTTG_W_3	/scratch/project_2013895/SELEX/data/Jolma2013/submitted_ftp/ZSCAN4_TCTTTC20NTTG_W_3.fastq.gz	signal	68378	1.3 Mbp	1300000	0	20	46	PASS	PASS	NA	PASS	FAIL	PASS	PASS	PASS	PASS	PASS	PASS
Zfp652_TACGAG20NCG_Z_4	/scratch/project_2013895/SELEX/data/Jolma2013/submitted_ftp/Zfp652_TACGAG20NCG_Z_4.fastq.gz	signal	14105	282.1 kbp	282100	0	20	46	PASS	PASS	NA	PASS	FAIL	PASS	PASS	PASS	WARN	FAIL	PASS
Zfp740_TCAACC20NCG_Z_3	/scratch/project_2013895/SELEX/data/Jolma2013/submitted_ftp/Zfp740_TCAACC20NCG_Z_3.fastq.gz	signal	70862	1.4 Mbp	1400000	0	20	62	PASS	PASS	NA	PASS	FAIL	WARN	PASS	PASS	PASS	PASS	PASS
Zic3_TCAAAA20NAAA_AF_3	/scratch/project_2013895/SELEX/data/Jolma2013/submitted_ftp/Zic3_TCAAAA20NAAA_AF_3.fastq.gz	signal	192146	3.8 Mbp	3800000	0	20	55	PASS	PASS	NA	PASS	WARN	WARN	PASS	PASS	WARN	PASS	PASS
CENPB_TGCTGT20NGTC_AD_3	/scratch/project_2013895/SELEX/data/Jolma2013/submitted_ftp/CENPB_TGCTGT20NGTC_AD_3.fastq.gz	signal	111061	2.2 Mbp	2200000	0	20	50	PASS	PASS	NA	PASS	FAIL	PASS	PASS	PASS	PASS	PASS	PASS
GRHL1_TCCAAC20NTA_Q_3	/scratch/project_2013895/SELEX/data/Jolma2013/submitted_ftp/GRHL1_TCCAAC20NTA_Q_3.fastq.gz	signal	203209	4 Mbp	4000000	0	20	53	PASS	PASS	NA	PASS	FAIL	PASS	PASS	PASS	PASS	WARN	PASS
GRHL1_TGGACA20NCAT_W_3	/scratch/project_2013895/SELEX/data/Jolma2013/submitted_ftp/GRHL1_TGGACA20NCAT_W_3.fastq.gz	signal	99109	1.9 Mbp	1900000	0	20	43	PASS	PASS	NA	PASS	FAIL	PASS	PASS	PASS	PASS	PASS	PASS
TFCP2_TAGATA20NCG_AD_4	/scratch/project_2013895/SELEX/data/Jolma2013/submitted_ftp/TFCP2_TAGATA20NCG_AD_4.fastq.gz	signal	75908	1.5 Mbp	1500000	0	20	52	PASS	PASS	NA	PASS	FAIL	PASS	PASS	PASS	PASS	WARN	PASS
CUX1_TAGCAG40NACT_AI_3	/scratch/project_2013895/SELEX/data/Jolma2013/submitted_ftp/CUX1_TAGCAG40NACT_AI_3.fastq.gz	signal	487460	19.4 Mbp	19400000	0	40	41	PASS	PASS	NA	PASS	WARN	PASS	WARN	PASS	PASS	PASS	PASS
CUX2_TAGCCT40NCCT_AI_3	/scratch/project_2013895/SELEX/data/Jolma2013/submitted_ftp/CUX2_TAGCCT40NCCT_AI_3.fastq.gz	signal	662832	26.5 Mbp	26500000	0	40	40	PASS	PASS	NA	PASS	FAIL	WARN	WARN	PASS	FAIL	PASS	PASS
ONECUT1_TAGCTC20NTCT_Y_3	/scratch/project_2013895/SELEX/data/Jolma2013/submitted_ftp/ONECUT1_TAGCTC20NTCT_Y_3.fastq.gz	signal	145925	2.9 Mbp	2900000	0	20	34	PASS	PASS	NA	PASS	FAIL	PASS	PASS	PASS	PASS	PASS	PASS
ONECUT1_TCGCAT20NGA_AE_3	/scratch/project_2013895/SELEX/data/Jolma2013/submitted_ftp/ONECUT1_TCGCAT20NGA_AE_3.fastq.gz	signal	299591	5.9 Mbp	5900000	0	20	45	PASS	PASS	NA	PASS	FAIL	PASS	PASS	PASS	WARN	PASS	PASS
ONECUT2_TGGGCG30NCGT_AH_2	/scratch/project_2013895/SELEX/data/Jolma2013/submitted_ftp/ONECUT2_TGGGCG30NCGT_AH_2.fastq.gz	signal	565217	16.9 Mbp	16900000	0	30	48	PASS	PASS	NA	PASS	WARN	PASS	PASS	PASS	PASS	PASS	PASS
ONECUT3_TAGAAC20NAAT_Y_3	/scratch/project_2013895/SELEX/data/Jolma2013/submitted_ftp/ONECUT3_TAGAAC20NAAT_Y_3.fastq.gz	signal	151665	3 Mbp	3000000	0	20	36	PASS	PASS	NA	PASS	FAIL	WARN	PASS	PASS	PASS	PASS	PASS
E2F2_TACTCA20NCG_W_4	/scratch/project_2013895/SELEX/data/Jolma2013/submitted_ftp/E2F2_TACTCA20NCG_W_4.fastq.gz	signal	82255	1.6 Mbp	1600000	0	20	50	PASS	PASS	NA	PASS	WARN	PASS	PASS	PASS	PASS	PASS	PASS
E2F3_TTACAT20NACA_AF_4	/scratch/project_2013895/SELEX/data/Jolma2013/submitted_ftp/E2F3_TTACAT20NACA_AF_4.fastq.gz	signal	91082	1.8 Mbp	1800000	0	20	45	PASS	PASS	NA	PASS	FAIL	WARN	PASS	PASS	FAIL	WARN	PASS
E2F7_TCACAC20NACA_Y_4	/scratch/project_2013895/SELEX/data/Jolma2013/submitted_ftp/E2F7_TCACAC20NACA_Y_4.fastq.gz	signal	70735	1.4 Mbp	1400000	0	20	52	PASS	PASS	NA	PASS	FAIL	WARN	PASS	PASS	WARN	WARN	PASS
EBF1_TATAAG20NCG_AC_3	/scratch/project_2013895/SELEX/data/Jolma2013/submitted_ftp/EBF1_TATAAG20NCG_AC_3.fastq.gz	signal	199091	3.9 Mbp	3900000	0	20	52	PASS	PASS	NA	PASS	FAIL	PASS	PASS	PASS	PASS	PASS	PASS
ELF1_TGGGTA20NGA_O_7	/scratch/project_2013895/SELEX/data/Jolma2013/submitted_ftp/ELF1_TGGGTA20NGA_O_7.fastq.gz	signal	18155	363.1 kbp	363100	0	20	53	PASS	PASS	NA	PASS	FAIL	PASS	PASS	PASS	PASS	WARN	PASS
ELF1_TATGGG20NCG_W_4	/scratch/project_2013895/SELEX/data/Jolma2013/submitted_ftp/ELF1_TATGGG20NCG_W_4.fastq.gz	signal	81832	1.6 Mbp	1600000	0	20	49	PASS	PASS	NA	PASS	WARN	PASS	PASS	PASS	PASS	PASS	PASS
ELF3_TCCGTG20NTGC_Y_3	/scratch/project_2013895/SELEX/data/Jolma2013/submitted_ftp/ELF3_TCCGTG20NTGC_Y_3.fastq.gz	signal	78124	1.5 Mbp	1500000	0	20	47	PASS	PASS	NA	PASS	WARN	PASS	PASS	PASS	PASS	PASS	PASS
ELF5_TGCCGC20NCG_V_2	/scratch/project_2013895/SELEX/data/Jolma2013/submitted_ftp/ELF5_TGCCGC20NCG_V_2.fastq.gz	signal	107124	2.1 Mbp	2100000	0	20	53	PASS	PASS	NA	PASS	FAIL	PASS	PASS	PASS	PASS	PASS	PASS
ELF5_TCTCGG20NGA_AF_2	/scratch/project_2013895/SELEX/data/Jolma2013/submitted_ftp/ELF5_TCTCGG20NGA_AF_2.fastq.gz	signal	205109	4.1 Mbp	4099999.9999999995	0	20	49	PASS	PASS	NA	PASS	WARN	PASS	PASS	PASS	PASS	PASS	PASS
ELK1_TCGGAA20NAGT_AG_2	/scratch/project_2013895/SELEX/data/Jolma2013/submitted_ftp/ELK1_TCGGAA20NAGT_AG_2.fastq.gz	signal	217620	4.3 Mbp	4300000	0	20	46	PASS	PASS	NA	PASS	FAIL	PASS	PASS	PASS	PASS	PASS	PASS
ELK1_TGAGTG20NTGA_AG_2	/scratch/project_2013895/SELEX/data/Jolma2013/submitted_ftp/ELK1_TGAGTG20NTGA_AG_2.fastq.gz	both	177474	3.5 Mbp	3500000	0	20	42	PASS	PASS	NA	PASS	WARN	PASS	PASS	PASS	PASS	PASS	PASS
ELK1_TGAGTG20NTGA_AG_3	/scratch/project_2013895/SELEX/data/Jolma2013/submitted_ftp/ELK1_TGAGTG20NTGA_AG_3.fastq.gz	signal	172133	3.4 Mbp	3400000	0	20	48	PASS	PASS	NA	PASS	FAIL	WARN	PASS	PASS	PASS	PASS	PASS
ELK3_TCGGGG20NGGT_AG_2	/scratch/project_2013895/SELEX/data/Jolma2013/submitted_ftp/ELK3_TCGGGG20NGGT_AG_2.fastq.gz	signal	206189	4.1 Mbp	4099999.9999999995	0	20	43	PASS	PASS	NA	PASS	WARN	PASS	PASS	PASS	PASS	PASS	PASS
ELK4_TAGGGC40NGGT_AK_3	/scratch/project_2013895/SELEX/data/Jolma2013/submitted_ftp/ELK4_TAGGGC40NGGT_AK_3.fastq.gz	signal	1336451	53.4 Mbp	53400000	0	40	49	PASS	PASS	NA	PASS	WARN	PASS	PASS	PASS	PASS	PASS	PASS
ERF_TCAGAG20NCG_W_4	/scratch/project_2013895/SELEX/data/Jolma2013/submitted_ftp/ERF_TCAGAG20NCG_W_4.fastq.gz	signal	82637	1.6 Mbp	1600000	0	20	51	PASS	PASS	NA	PASS	FAIL	PASS	PASS	PASS	PASS	PASS	PASS
ERG_TCTACA20NCAG_AG_2	/scratch/project_2013895/SELEX/data/Jolma2013/submitted_ftp/ERG_TCTACA20NCAG_AG_2.fastq.gz	both	182990	3.6 Mbp	3600000	0	20	43	PASS	PASS	NA	PASS	WARN	PASS	PASS	PASS	PASS	PASS	PASS
ERG_TCTACA20NCAG_AG_3	/scratch/project_2013895/SELEX/data/Jolma2013/submitted_ftp/ERG_TCTACA20NCAG_AG_3.fastq.gz	signal	175750	3.5 Mbp	3500000	0	20	49	PASS	PASS	NA	PASS	FAIL	WARN	PASS	PASS	PASS	PASS	PASS
ERG_TGCAAG20NAAC_AG_2	/scratch/project_2013895/SELEX/data/Jolma2013/submitted_ftp/ERG_TGCAAG20NAAC_AG_2.fastq.gz	both	153344	3 Mbp	3000000	0	20	45	PASS	PASS	NA	PASS	WARN	PASS	PASS	PASS	PASS	PASS	PASS
ERG_TGCAAG20NAAC_AG_3	/scratch/project_2013895/SELEX/data/Jolma2013/submitted_ftp/ERG_TGCAAG20NAAC_AG_3.fastq.gz	signal	152649	3 Mbp	3000000	0	20	48	PASS	PASS	NA	PASS	WARN	WARN	PASS	PASS	PASS	PASS	PASS
ETS1_TGTACC30NCAG_AI_2	/scratch/project_2013895/SELEX/data/Jolma2013/submitted_ftp/ETS1_TGTACC30NCAG_AI_2.fastq.gz	both	382514	11.4 Mbp	11400000	0	30	46	PASS	PASS	NA	PASS	PASS	PASS	PASS	PASS	PASS	PASS	PASS
ETS1_TGTACC30NCAG_AI_3	/scratch/project_2013895/SELEX/data/Jolma2013/submitted_ftp/ETS1_TGTACC30NCAG_AI_3.fastq.gz	signal	730842	21.9 Mbp	21900000	0	30	48	PASS	PASS	NA	PASS	WARN	PASS	WARN	PASS	PASS	PASS	PASS
ETS1_TGTAAA20NGA_AF_2	/scratch/project_2013895/SELEX/data/Jolma2013/submitted_ftp/ETS1_TGTAAA20NGA_AF_2.fastq.gz	both	179246	3.5 Mbp	3500000	0	20	50	PASS	PASS	NA	PASS	WARN	PASS	PASS	PASS	PASS	PASS	PASS
ETS1_TGTAAA20NGA_AF_3	/scratch/project_2013895/SELEX/data/Jolma2013/submitted_ftp/ETS1_TGTAAA20NGA_AF_3.fastq.gz	signal	230033	4.6 Mbp	4600000	0	20	52	PASS	PASS	NA	PASS	WARN	PASS	PASS	PASS	PASS	WARN	PASS
ETV1_TCGTTA20NTTT_AG_2	/scratch/project_2013895/SELEX/data/Jolma2013/submitted_ftp/ETV1_TCGTTA20NTTT_AG_2.fastq.gz	signal	184801	3.6 Mbp	3600000	0	20	47	PASS	PASS	NA	PASS	WARN	PASS	PASS	PASS	PASS	PASS	PASS
ETV2_TGGAGC20NGAT_AK_3	/scratch/project_2013895/SELEX/data/Jolma2013/submitted_ftp/ETV2_TGGAGC20NGAT_AK_3.fastq.gz	signal	31825	636.5 kbp	636500	0	20	42	PASS	PASS	NA	PASS	FAIL	PASS	PASS	PASS	WARN	WARN	PASS
ETV3_TCAGGA20NCG_W_4	/scratch/project_2013895/SELEX/data/Jolma2013/submitted_ftp/ETV3_TCAGGA20NCG_W_4.fastq.gz	signal	90662	1.8 Mbp	1800000	0	20	51	PASS	PASS	NA	PASS	FAIL	PASS	PASS	PASS	PASS	PASS	PASS
ETV4_TCTATG20NTAG_AG_2	/scratch/project_2013895/SELEX/data/Jolma2013/submitted_ftp/ETV4_TCTATG20NTAG_AG_2.fastq.gz	signal	205386	4.1 Mbp	4099999.9999999995	0	20	43	PASS	PASS	NA	PASS	WARN	PASS	PASS	PASS	PASS	PASS	PASS
ETV5_TGCACT20NGA_AF_2	/scratch/project_2013895/SELEX/data/Jolma2013/submitted_ftp/ETV5_TGCACT20NGA_AF_2.fastq.gz	signal	301109	6 Mbp	6000000	0	20	53	PASS	PASS	NA	PASS	FAIL	PASS	PASS	PASS	PASS	PASS	PASS
ETV6_TGAGTG20NGA_AF_3	/scratch/project_2013895/SELEX/data/Jolma2013/submitted_ftp/ETV6_TGAGTG20NGA_AF_3.fastq.gz	signal	273093	5.4 Mbp	5400000	0	20	51	PASS	PASS	NA	PASS	FAIL	PASS	PASS	PASS	PASS	WARN	PASS
Elf5_TATTGT20NCG_Z_2	/scratch/project_2013895/SELEX/data/Jolma2013/submitted_ftp/Elf5_TATTGT20NCG_Z_2.fastq.gz	signal	60684	1.2 Mbp	1200000	0	20	50	PASS	PASS	NA	PASS	FAIL	PASS	PASS	PASS	PASS	PASS	PASS
Elk3_TGAGTG20NTGA_AC_3	/scratch/project_2013895/SELEX/data/Jolma2013/submitted_ftp/Elk3_TGAGTG20NTGA_AC_3.fastq.gz	signal	240137	4.8 Mbp	4800000	0	20	44	PASS	PASS	NA	PASS	WARN	PASS	PASS	PASS	PASS	PASS	PASS
FEV_TGATCC20NCTA_Z_3	/scratch/project_2013895/SELEX/data/Jolma2013/submitted_ftp/FEV_TGATCC20NCTA_Z_3.fastq.gz	signal	64217	1.2 Mbp	1200000	0	20	47	PASS	PASS	NA	PASS	WARN	PASS	PASS	PASS	PASS	PASS	PASS
FLI1_TCTAAT20NCG_V_2	/scratch/project_2013895/SELEX/data/Jolma2013/submitted_ftp/FLI1_TCTAAT20NCG_V_2.fastq.gz	both	222711	4.4 Mbp	4400000	0	20	52	PASS	PASS	NA	PASS	FAIL	PASS	PASS	PASS	PASS	PASS	PASS
FLI1_TCTAAT20NCG_V_3	/scratch/project_2013895/SELEX/data/Jolma2013/submitted_ftp/FLI1_TCTAAT20NCG_V_3.fastq.gz	signal	219514	4.3 Mbp	4300000	0	20	53	PASS	PASS	NA	PASS	FAIL	PASS	PASS	PASS	PASS	PASS	PASS
FLI1_TAGGAT20NAGT_AC_3	/scratch/project_2013895/SELEX/data/Jolma2013/submitted_ftp/FLI1_TAGGAT20NAGT_AC_3.fastq.gz	both	463209	9.2 Mbp	9200000	0	20	47	PASS	PASS	NA	PASS	FAIL	PASS	PASS	PASS	PASS	PASS	PASS
FLI1_TAGGAT20NAGT_AC_4	/scratch/project_2013895/SELEX/data/Jolma2013/submitted_ftp/FLI1_TAGGAT20NAGT_AC_4.fastq.gz	signal	175234	3.5 Mbp	3500000	0	20	50	PASS	PASS	NA	PASS	FAIL	PASS	PASS	PASS	WARN	WARN	PASS
GABPA_TGGCCC20NCCT_AG_4	/scratch/project_2013895/SELEX/data/Jolma2013/submitted_ftp/GABPA_TGGCCC20NCCT_AG_4.fastq.gz	signal	56998	1.1 Mbp	1100000	0	20	45	PASS	PASS	NA	PASS	WARN	PASS	PASS	PASS	PASS	PASS	PASS
SPDEF_TCGCTG20NTCT_AD_4	/scratch/project_2013895/SELEX/data/Jolma2013/submitted_ftp/SPDEF_TCGCTG20NTCT_AD_4.fastq.gz	signal	42178	843.5 kbp	843500	0	20	47	PASS	PASS	NA	PASS	FAIL	PASS	PASS	PASS	PASS	PASS	PASS
SPDEF_TCATTG20NCG_AD_3	/scratch/project_2013895/SELEX/data/Jolma2013/submitted_ftp/SPDEF_TCATTG20NCG_AD_3.fastq.gz	signal	228669	4.5 Mbp	4500000	0	20	53	PASS	PASS	NA	PASS	FAIL	PASS	PASS	PASS	PASS	PASS	PASS
SPI1_TCCCCT20NCG_AD_3	/scratch/project_2013895/SELEX/data/Jolma2013/submitted_ftp/SPI1_TCCCCT20NCG_AD_3.fastq.gz	signal	197715	3.9 Mbp	3900000	0	20	51	PASS	PASS	NA	PASS	FAIL	PASS	PASS	PASS	PASS	WARN	PASS
SPIB_TGTCTA20NTCG_AK_2	/scratch/project_2013895/SELEX/data/Jolma2013/submitted_ftp/SPIB_TGTCTA20NTCG_AK_2.fastq.gz	signal	402714	8 Mbp	8000000	0	20	42	PASS	PASS	NA	PASS	FAIL	PASS	PASS	PASS	PASS	PASS	PASS
SPIC_TAGGCA20NCG_AD_4	/scratch/project_2013895/SELEX/data/Jolma2013/submitted_ftp/SPIC_TAGGCA20NCG_AD_4.fastq.gz	signal	27910	558.2 kbp	558200	0	20	51	PASS	PASS	NA	PASS	FAIL	PASS	PASS	PASS	PASS	PASS	PASS
Spic_TATAGA20NCG_Z_4	/scratch/project_2013895/SELEX/data/Jolma2013/submitted_ftp/Spic_TATAGA20NCG_Z_4.fastq.gz	signal	26342	526.8 kbp	526800	0	20	51	PASS	PASS	NA	PASS	FAIL	PASS	PASS	PASS	PASS	PASS	PASS
GATA3_TGTCGT20NGA_AC_2	/scratch/project_2013895/SELEX/data/Jolma2013/submitted_ftp/GATA3_TGTCGT20NGA_AC_2.fastq.gz	signal	175971	3.5 Mbp	3500000	0	20	51	PASS	PASS	NA	PASS	FAIL	PASS	PASS	PASS	PASS	PASS	PASS
GATA3_TCATGC20NCG_AC_2	/scratch/project_2013895/SELEX/data/Jolma2013/submitted_ftp/GATA3_TCATGC20NCG_AC_2.fastq.gz	signal	189411	3.7 Mbp	3700000	0	20	49	PASS	PASS	NA	PASS	WARN	PASS	PASS	PASS	PASS	PASS	PASS
GATA4_TAAAAT20NAAA_Y_2	/scratch/project_2013895/SELEX/data/Jolma2013/submitted_ftp/GATA4_TAAAAT20NAAA_Y_2.fastq.gz	signal	141724	2.8 Mbp	2800000	0	20	46	PASS	PASS	NA	PASS	WARN	PASS	PASS	PASS	PASS	PASS	PASS
GATA5_TAAATG20NTAA_Y_2	/scratch/project_2013895/SELEX/data/Jolma2013/submitted_ftp/GATA5_TAAATG20NTAA_Y_2.fastq.gz	signal	141429	2.8 Mbp	2800000	0	20	43	PASS	PASS	NA	PASS	FAIL	PASS	PASS	PASS	PASS	PASS	PASS
GCM1_TGAGCA20NCGA_Y_4	/scratch/project_2013895/SELEX/data/Jolma2013/submitted_ftp/GCM1_TGAGCA20NCGA_Y_4.fastq.gz	signal	46250	925 kbp	925000	0	20	55	PASS	PASS	NA	PASS	FAIL	PASS	PASS	PASS	PASS	PASS	PASS
GCM1_TCCAGT20NGAC_AE_4	/scratch/project_2013895/SELEX/data/Jolma2013/submitted_ftp/GCM1_TCCAGT20NGAC_AE_4.fastq.gz	signal	100413	2 Mbp	2000000	0	20	54	PASS	PASS	NA	PASS	FAIL	PASS	PASS	PASS	PASS	WARN	PASS
GCM2_TGACTC20NTCA_Y_3	/scratch/project_2013895/SELEX/data/Jolma2013/submitted_ftp/GCM2_TGACTC20NTCA_Y_3.fastq.gz	signal	34733	694.6 kbp	694600	0	20	47	PASS	PASS	NA	PASS	WARN	PASS	PASS	PASS	PASS	PASS	PASS
LEF1_TCCCGA20NGCC_AC_4	/scratch/project_2013895/SELEX/data/Jolma2013/submitted_ftp/LEF1_TCCCGA20NGCC_AC_4.fastq.gz	signal	16931	338.6 kbp	338600	0	20	44	PASS	PASS	NA	PASS	WARN	WARN	PASS	PASS	PASS	WARN	PASS
SOX9_TCTCAA20NGA_O_4	/scratch/project_2013895/SELEX/data/Jolma2013/submitted_ftp/SOX9_TCTCAA20NGA_O_4.fastq.gz	signal	131585	2.6 Mbp	2600000	0	20	39	PASS	PASS	NA	PASS	FAIL	PASS	PASS	PASS	PASS	WARN	PASS
TCF7L1_TGGACA20NCAT_AD_4	/scratch/project_2013895/SELEX/data/Jolma2013/submitted_ftp/TCF7L1_TGGACA20NCAT_AD_4.fastq.gz	signal	25389	507.7 kbp	507700	0	20	45	PASS	PASS	NA	PASS	WARN	PASS	PASS	PASS	PASS	WARN	PASS
Tcf7_TATATC20NCG_AC_4	/scratch/project_2013895/SELEX/data/Jolma2013/submitted_ftp/Tcf7_TATATC20NCG_AC_4.fastq.gz	signal	78549	1.5 Mbp	1500000	0	20	57	PASS	PASS	NA	PASS	FAIL	FAIL	PASS	PASS	PASS	FAIL	PASS
HOMEZ_TCGATC20NTAT_Y_4	/scratch/project_2013895/SELEX/data/Jolma2013/submitted_ftp/HOMEZ_TCGATC20NTAT_Y_4.fastq.gz	signal	38959	779.1 kbp	779100	0	20	37	PASS	PASS	NA	PASS	FAIL	WARN	PASS	PASS	PASS	WARN	PASS
HSF1_TATAGA20NGAG_Y_3	/scratch/project_2013895/SELEX/data/Jolma2013/submitted_ftp/HSF1_TATAGA20NGAG_Y_3.fastq.gz	signal	171393	3.4 Mbp	3400000	0	20	41	PASS	PASS	NA	PASS	FAIL	PASS	PASS	PASS	PASS	PASS	PASS
HSF1_TACCAC20NACC_AA_3	/scratch/project_2013895/SELEX/data/Jolma2013/submitted_ftp/HSF1_TACCAC20NACC_AA_3.fastq.gz	signal	448654	8.9 Mbp	8900000	0	20	46	PASS	PASS	NA	PASS	WARN	PASS	PASS	PASS	PASS	PASS	PASS
HSF2_TGGGGT20NCG_V_3	/scratch/project_2013895/SELEX/data/Jolma2013/submitted_ftp/HSF2_TGGGGT20NCG_V_3.fastq.gz	signal	143812	2.8 Mbp	2800000	0	20	45	PASS	PASS	NA	PASS	WARN	WARN	PASS	PASS	PASS	PASS	PASS
HSF4_TATCAT20NACG_Y_3	/scratch/project_2013895/SELEX/data/Jolma2013/submitted_ftp/HSF4_TATCAT20NACG_Y_3.fastq.gz	signal	142059	2.8 Mbp	2800000	0	20	41	PASS	PASS	NA	PASS	FAIL	PASS	PASS	PASS	PASS	PASS	PASS
HSFY2_TCAGAG20NAGA_Y_3	/scratch/project_2013895/SELEX/data/Jolma2013/submitted_ftp/HSFY2_TCAGAG20NAGA_Y_3.fastq.gz	signal	99253	1.9 Mbp	1900000	0	20	42	PASS	PASS	NA	PASS	FAIL	PASS	PASS	PASS	PASS	PASS	PASS
IRF3_TCCTAA40NATC_AI_3	/scratch/project_2013895/SELEX/data/Jolma2013/submitted_ftp/IRF3_TCCTAA40NATC_AI_3.fastq.gz	signal	332710	13.3 Mbp	13300000	0	40	48	PASS	PASS	NA	PASS	FAIL	PASS	WARN	PASS	WARN	WARN	PASS
IRF4_TCAAGG20NCG_AD_3	/scratch/project_2013895/SELEX/data/Jolma2013/submitted_ftp/IRF4_TCAAGG20NCG_AD_3.fastq.gz	signal	294560	5.8 Mbp	5800000	0	20	46	PASS	PASS	NA	PASS	FAIL	PASS	PASS	PASS	FAIL	FAIL	PASS
IRF5_TAACAA20NCG_AD_3	/scratch/project_2013895/SELEX/data/Jolma2013/submitted_ftp/IRF5_TAACAA20NCG_AD_3.fastq.gz	signal	316140	6.3 Mbp	6300000	0	20	51	PASS	PASS	NA	PASS	FAIL	PASS	PASS	PASS	PASS	PASS	PASS
IRF7_TATCGC20NGCG_AC_3	/scratch/project_2013895/SELEX/data/Jolma2013/submitted_ftp/IRF7_TATCGC20NGCG_AC_3.fastq.gz	signal	169702	3.3 Mbp	3300000	0	20	42	PASS	PASS	NA	PASS	FAIL	WARN	PASS	PASS	PASS	PASS	PASS
IRF8_TGGCGG20NGCT_Z_3	/scratch/project_2013895/SELEX/data/Jolma2013/submitted_ftp/IRF8_TGGCGG20NGCT_Z_3.fastq.gz	signal	60536	1.2 Mbp	1200000	0	20	40	PASS	PASS	NA	PASS	FAIL	PASS	PASS	PASS	PASS	PASS	PASS
IRF8_TCCCCT20NCCC_AE_4	/scratch/project_2013895/SELEX/data/Jolma2013/submitted_ftp/IRF8_TCCCCT20NCCC_AE_4.fastq.gz	signal	80982	1.6 Mbp	1600000	0	20	48	PASS	PASS	NA	PASS	WARN	PASS	PASS	PASS	PASS	WARN	PASS
IRF9_TATGTT20NTGG_W_3	/scratch/project_2013895/SELEX/data/Jolma2013/submitted_ftp/IRF9_TATGTT20NTGG_W_3.fastq.gz	signal	168340	3.3 Mbp	3300000	0	20	46	PASS	PASS	NA	PASS	WARN	WARN	PASS	PASS	PASS	PASS	PASS
MEF2A_TAATAG20NTA_Q_3	/scratch/project_2013895/SELEX/data/Jolma2013/submitted_ftp/MEF2A_TAATAG20NTA_Q_3.fastq.gz	signal	225779	4.5 Mbp	4500000	0	20	43	PASS	PASS	NA	PASS	WARN	PASS	PASS	PASS	PASS	PASS	PASS
MEF2B_TCGTAC20NATT_AE_4	/scratch/project_2013895/SELEX/data/Jolma2013/submitted_ftp/MEF2B_TCGTAC20NATT_AE_4.fastq.gz	signal	24603	492 kbp	492000	0	20	50	PASS	PASS	NA	PASS	FAIL	PASS	PASS	PASS	PASS	WARN	PASS
MEF2D_TGCGTT20NGA_Y_3	/scratch/project_2013895/SELEX/data/Jolma2013/submitted_ftp/MEF2D_TGCGTT20NGA_Y_3.fastq.gz	signal	69221	1.3 Mbp	1300000	0	20	43	PASS	PASS	NA	PASS	FAIL	FAIL	PASS	PASS	PASS	WARN	PASS
SRF_TGAACG20NGA_Y_4	/scratch/project_2013895/SELEX/data/Jolma2013/submitted_ftp/SRF_TGAACG20NGA_Y_4.fastq.gz	signal	47481	949.6 kbp	949600	0	20	48	PASS	PASS	NA	PASS	FAIL	PASS	PASS	PASS	PASS	WARN	PASS
SRF_TGGAAT20NAAT_W_3	/scratch/project_2013895/SELEX/data/Jolma2013/submitted_ftp/SRF_TGGAAT20NAAT_W_3.fastq.gz	signal	102923	2 Mbp	2000000	0	20	44	PASS	PASS	NA	PASS	WARN	PASS	PASS	PASS	PASS	PASS	PASS
SMAD3_TGGGTA20NGA_AC_3	/scratch/project_2013895/SELEX/data/Jolma2013/submitted_ftp/SMAD3_TGGGTA20NGA_AC_3.fastq.gz	signal	145310	2.9 Mbp	2900000	0	20	53	PASS	PASS	NA	PASS	FAIL	PASS	PASS	PASS	PASS	PASS	PASS
MEIS1_TGACCT20NGA_O_6	/scratch/project_2013895/SELEX/data/Jolma2013/submitted_ftp/MEIS1_TGACCT20NGA_O_6.fastq.gz	signal	178717	3.5 Mbp	3500000	0	20	46	PASS	PASS	NA	PASS	FAIL	PASS	PASS	PASS	WARN	PASS	PASS
MEIS2_TCGCTG20NGA_AA_4	/scratch/project_2013895/SELEX/data/Jolma2013/submitted_ftp/MEIS2_TCGCTG20NGA_AA_4.fastq.gz	signal	114386	2.2 Mbp	2200000	0	20	49	PASS	PASS	NA	PASS	FAIL	WARN	PASS	PASS	PASS	FAIL	PASS
MEIS2_TCGCTG20NGA_AA_3	/scratch/project_2013895/SELEX/data/Jolma2013/submitted_ftp/MEIS2_TCGCTG20NGA_AA_3.fastq.gz	both	307485	6.1 Mbp	6100000	0	20	50	PASS	PASS	NA	PASS	FAIL	PASS	PASS	PASS	PASS	WARN	PASS
MEIS3_TGGGTA20NGA_Y_2	/scratch/project_2013895/SELEX/data/Jolma2013/submitted_ftp/MEIS3_TGGGTA20NGA_Y_2.fastq.gz	signal	134978	2.6 Mbp	2600000	0	20	48	PASS	PASS	NA	PASS	WARN	PASS	PASS	PASS	PASS	PASS	PASS
Meis2_TCAAAA20NTA_P_3	/scratch/project_2013895/SELEX/data/Jolma2013/submitted_ftp/Meis2_TCAAAA20NTA_P_3.fastq.gz	signal	178160	3.5 Mbp	3500000	0	20	49	PASS	PASS	NA	PASS	WARN	PASS	PASS	PASS	PASS	PASS	PASS
Meis3_TGGACA20NGA_AF_2	/scratch/project_2013895/SELEX/data/Jolma2013/submitted_ftp/Meis3_TGGACA20NGA_AF_2.fastq.gz	both	193825	3.8 Mbp	3800000	0	20	49	PASS	PASS	NA	PASS	WARN	PASS	PASS	PASS	PASS	PASS	PASS
Meis3_TGGACA20NGA_AF_3	/scratch/project_2013895/SELEX/data/Jolma2013/submitted_ftp/Meis3_TGGACA20NGA_AF_3.fastq.gz	signal	199259	3.9 Mbp	3900000	0	20	49	PASS	PASS	NA	PASS	FAIL	WARN	PASS	PASS	WARN	FAIL	PASS
PKNOX1_TCGCAT20NGA_Y_3	/scratch/project_2013895/SELEX/data/Jolma2013/submitted_ftp/PKNOX1_TCGCAT20NGA_Y_3.fastq.gz	signal	94331	1.8 Mbp	1800000	0	20	48	PASS	PASS	NA	PASS	FAIL	WARN	PASS	PASS	FAIL	FAIL	PASS
PKNOX2_TGTATT20NGA_Y_3	/scratch/project_2013895/SELEX/data/Jolma2013/submitted_ftp/PKNOX2_TGTATT20NGA_Y_3.fastq.gz	signal	51034	1 Mbp	1000000	0	20	50	PASS	PASS	NA	PASS	WARN	PASS	PASS	PASS	PASS	WARN	PASS
Pknox2_TGCTCG20NCG_Q_4	/scratch/project_2013895/SELEX/data/Jolma2013/submitted_ftp/Pknox2_TGCTCG20NCG_Q_4.fastq.gz	signal	601567	12 Mbp	12000000	0	20	49	PASS	PASS	NA	PASS	WARN	WARN	PASS	PASS	WARN	FAIL	PASS
TGIF1_TATGGG20NGGG_Y_4	/scratch/project_2013895/SELEX/data/Jolma2013/submitted_ftp/TGIF1_TATGGG20NGGG_Y_4.fastq.gz	signal	37304	746 kbp	746000	0	20	42	PASS	PASS	NA	PASS	FAIL	WARN	PASS	PASS	WARN	FAIL	PASS
TGIF2LX_TGATAA20NATA_AE_4	/scratch/project_2013895/SELEX/data/Jolma2013/submitted_ftp/TGIF2LX_TGATAA20NATA_AE_4.fastq.gz	signal	12897	257.9 kbp	257899.99999999997	0	20	50	PASS	PASS	NA	PASS	FAIL	PASS	PASS	PASS	PASS	WARN	PASS
TGIF2_TGAACG30NCAA_AI_3	/scratch/project_2013895/SELEX/data/Jolma2013/submitted_ftp/TGIF2_TGAACG30NCAA_AI_3.fastq.gz	signal	629314	18.8 Mbp	18800000	0	30	48	PASS	PASS	NA	PASS	FAIL	PASS	WARN	PASS	PASS	PASS	PASS
MYBL1_TTGCGT20NTA_AF_4	/scratch/project_2013895/SELEX/data/Jolma2013/submitted_ftp/MYBL1_TTGCGT20NTA_AF_4.fastq.gz	signal	81520	1.6 Mbp	1600000	0	20	47	PASS	PASS	NA	PASS	FAIL	PASS	PASS	PASS	PASS	PASS	PASS
MYBL2_TGAGTG20NGA_AC_3	/scratch/project_2013895/SELEX/data/Jolma2013/submitted_ftp/MYBL2_TGAGTG20NGA_AC_3.fastq.gz	signal	172546	3.4 Mbp	3400000	0	20	47	PASS	PASS	NA	PASS	FAIL	PASS	PASS	PASS	WARN	WARN	PASS
NFAT5_TGATAA20NGA_AA_3	/scratch/project_2013895/SELEX/data/Jolma2013/submitted_ftp/NFAT5_TGATAA20NGA_AA_3.fastq.gz	signal	280496	5.6 Mbp	5600000	0	20	42	PASS	PASS	NA	PASS	FAIL	WARN	PASS	PASS	FAIL	PASS	PASS
NFATC1_TTCGTA20NTGC_AE_4	/scratch/project_2013895/SELEX/data/Jolma2013/submitted_ftp/NFATC1_TTCGTA20NTGC_AE_4.fastq.gz	signal	91592	1.8 Mbp	1800000	0	20	38	PASS	PASS	NA	PASS	FAIL	FAIL	PASS	PASS	WARN	WARN	PASS
NFKB1_TCTCAA20NGA_AA_3	/scratch/project_2013895/SELEX/data/Jolma2013/submitted_ftp/NFKB1_TCTCAA20NGA_AA_3.fastq.gz	signal	440647	8.8 Mbp	8800000	0	20	53	PASS	PASS	NA	PASS	FAIL	PASS	PASS	PASS	WARN	WARN	PASS
NFKB2_TTCAAT20NGA_R_3	/scratch/project_2013895/SELEX/data/Jolma2013/submitted_ftp/NFKB2_TTCAAT20NGA_R_3.fastq.gz	signal	166945	3.3 Mbp	3300000	0	20	52	PASS	PASS	NA	PASS	FAIL	PASS	PASS	PASS	FAIL	FAIL	PASS
NFIA_TACGTC20NTGC_AA_3	/scratch/project_2013895/SELEX/data/Jolma2013/submitted_ftp/NFIA_TACGTC20NTGC_AA_3.fastq.gz	signal	257796	5.1 Mbp	5100000	0	20	50	PASS	PASS	NA	PASS	FAIL	PASS	PASS	PASS	WARN	PASS	PASS
NFIB_TCATCA20NCG_AD_3	/scratch/project_2013895/SELEX/data/Jolma2013/submitted_ftp/NFIB_TCATCA20NCG_AD_3.fastq.gz	signal	187371	3.7 Mbp	3700000	0	20	52	PASS	PASS	NA	PASS	FAIL	PASS	PASS	PASS	FAIL	WARN	PASS
NFIX_TCAACC20NCG_AC_3	/scratch/project_2013895/SELEX/data/Jolma2013/submitted_ftp/NFIX_TCAACC20NCG_AC_3.fastq.gz	signal	462105	9.2 Mbp	9200000	0	20	54	PASS	PASS	NA	PASS	FAIL	PASS	PASS	PASS	WARN	PASS	PASS
NRF1_TAGCGA20NCG_AC_2	/scratch/project_2013895/SELEX/data/Jolma2013/submitted_ftp/NRF1_TAGCGA20NCG_AC_2.fastq.gz	signal	69345	1.3 Mbp	1300000	0	20	50	PASS	PASS	NA	PASS	WARN	PASS	PASS	PASS	PASS	PASS	PASS
PAX1_TAACTT20NTCA_Y_4	/scratch/project_2013895/SELEX/data/Jolma2013/submitted_ftp/PAX1_TAACTT20NTCA_Y_4.fastq.gz	signal	92405	1.8 Mbp	1800000	0	20	47	PASS	PASS	NA	PASS	FAIL	WARN	PASS	PASS	WARN	WARN	PASS
PAX2_TCCACG20NCAC_Y_3	/scratch/project_2013895/SELEX/data/Jolma2013/submitted_ftp/PAX2_TCCACG20NCAC_Y_3.fastq.gz	signal	161141	3.2 Mbp	3200000	0	20	51	PASS	PASS	NA	PASS	FAIL	PASS	PASS	PASS	WARN	PASS	PASS
PAX3_TTCTCT20NCTC_AF_2	/scratch/project_2013895/SELEX/data/Jolma2013/submitted_ftp/PAX3_TTCTCT20NCTC_AF_2.fastq.gz	signal	195624	3.9 Mbp	3900000	0	20	41	PASS	PASS	NA	PASS	WARN	PASS	PASS	PASS	PASS	PASS	PASS
PAX4_TATTTA20NTTG_Y_4	/scratch/project_2013895/SELEX/data/Jolma2013/submitted_ftp/PAX4_TATTTA20NTTG_Y_4.fastq.gz	signal	123841	2.4 Mbp	2400000	0	20	42	PASS	PASS	NA	PASS	FAIL	PASS	PASS	PASS	PASS	WARN	PASS
PAX4_TCGCAT20NACT_W_4	/scratch/project_2013895/SELEX/data/Jolma2013/submitted_ftp/PAX4_TCGCAT20NACT_W_4.fastq.gz	signal	50309	1 Mbp	1000000	0	20	47	PASS	PASS	NA	PASS	WARN	PASS	PASS	PASS	PASS	PASS	PASS
PAX5_TACAGG20NGAC_Y_3	/scratch/project_2013895/SELEX/data/Jolma2013/submitted_ftp/PAX5_TACAGG20NGAC_Y_3.fastq.gz	signal	147474	2.9 Mbp	2900000	0	20	51	PASS	PASS	NA	PASS	FAIL	PASS	PASS	PASS	PASS	PASS	PASS
PAX6_TCCATA20NTAC_Y_4	/scratch/project_2013895/SELEX/data/Jolma2013/submitted_ftp/PAX6_TCCATA20NTAC_Y_4.fastq.gz	signal	103992	2 Mbp	2000000	0	20	44	PASS	PASS	NA	PASS	FAIL	PASS	PASS	PASS	PASS	PASS	PASS
PAX7_TCCAAC20NAAC_Y_2	/scratch/project_2013895/SELEX/data/Jolma2013/submitted_ftp/PAX7_TCCAAC20NAAC_Y_2.fastq.gz	signal	92613	1.8 Mbp	1800000	0	20	43	PASS	PASS	NA	PASS	WARN	PASS	PASS	PASS	PASS	PASS	PASS
PAX7_TAGGGC20NGGT_AE_3	/scratch/project_2013895/SELEX/data/Jolma2013/submitted_ftp/PAX7_TAGGGC20NGGT_AE_3.fastq.gz	signal	201198	4 Mbp	4000000	0	20	47	PASS	PASS	NA	PASS	WARN	PASS	PASS	PASS	PASS	PASS	PASS
PAX9_TCTAAT20NAAG_AG_4	/scratch/project_2013895/SELEX/data/Jolma2013/submitted_ftp/PAX9_TCTAAT20NAAG_AG_4.fastq.gz	signal	65097	1.3 Mbp	1300000	0	20	52	PASS	PASS	NA	PASS	FAIL	WARN	PASS	PASS	PASS	WARN	PASS
POU1F1_TACACC40NCAC_AI_3	/scratch/project_2013895/SELEX/data/Jolma2013/submitted_ftp/POU1F1_TACACC40NCAC_AI_3.fastq.gz	signal	361163	14.4 Mbp	14400000	0	40	38	PASS	PASS	NA	PASS	WARN	WARN	WARN	PASS	PASS	PASS	PASS
POU2F1_TCTTTC20NGA_AC_2	/scratch/project_2013895/SELEX/data/Jolma2013/submitted_ftp/POU2F1_TCTTTC20NGA_AC_2.fastq.gz	signal	178719	3.5 Mbp	3500000	0	20	38	PASS	PASS	NA	PASS	WARN	FAIL	PASS	PASS	PASS	PASS	PASS
POU2F2_TGACAG20NGA_AC_2	/scratch/project_2013895/SELEX/data/Jolma2013/submitted_ftp/POU2F2_TGACAG20NGA_AC_2.fastq.gz	signal	230242	4.6 Mbp	4600000	0	20	41	PASS	PASS	NA	PASS	WARN	WARN	PASS	PASS	PASS	PASS	PASS
POU2F3_TAGACG20NCAT_Y_2	/scratch/project_2013895/SELEX/data/Jolma2013/submitted_ftp/POU2F3_TAGACG20NCAT_Y_2.fastq.gz	signal	134311	2.6 Mbp	2600000	0	20	32	PASS	PASS	NA	PASS	FAIL	WARN	PASS	PASS	PASS	PASS	PASS
POU3F1_TAGCGA20NGCT_Y_2	/scratch/project_2013895/SELEX/data/Jolma2013/submitted_ftp/POU3F1_TAGCGA20NGCT_Y_2.fastq.gz	signal	147066	2.9 Mbp	2900000	0	20	35	PASS	PASS	NA	PASS	WARN	WARN	PASS	PASS	PASS	PASS	PASS
POU3F2_TGTTCA40NCTG_AI_3	/scratch/project_2013895/SELEX/data/Jolma2013/submitted_ftp/POU3F2_TGTTCA40NCTG_AI_3.fastq.gz	signal	350422	14 Mbp	14000000	0	40	44	PASS	PASS	NA	PASS	PASS	PASS	WARN	PASS	PASS	PASS	PASS
POU3F3_TCGCAT20NACT_Y_4	/scratch/project_2013895/SELEX/data/Jolma2013/submitted_ftp/POU3F3_TCGCAT20NACT_Y_4.fastq.gz	signal	45357	907.1 kbp	907100	0	20	29	PASS	PASS	NA	PASS	FAIL	WARN	PASS	PASS	PASS	WARN	PASS
POU3F4_TACTGC20NGTC_Y_3	/scratch/project_2013895/SELEX/data/Jolma2013/submitted_ftp/POU3F4_TACTGC20NGTC_Y_3.fastq.gz	signal	96220	1.9 Mbp	1900000	0	20	30	PASS	PASS	NA	PASS	FAIL	WARN	PASS	PASS	PASS	PASS	PASS
POU4F1_TACAAA20NAAC_Y_3	/scratch/project_2013895/SELEX/data/Jolma2013/submitted_ftp/POU4F1_TACAAA20NAAC_Y_3.fastq.gz	signal	111406	2.2 Mbp	2200000	0	20	31	PASS	PASS	NA	PASS	WARN	WARN	PASS	PASS	PASS	PASS	PASS
POU4F2_TACGAG20NAGC_Y_3	/scratch/project_2013895/SELEX/data/Jolma2013/submitted_ftp/POU4F2_TACGAG20NAGC_Y_3.fastq.gz	signal	62888	1.2 Mbp	1200000	0	20	33	PASS	PASS	NA	PASS	WARN	WARN	PASS	PASS	PASS	PASS	PASS
POU4F2_TGCGAA20NAGC_W_3	/scratch/project_2013895/SELEX/data/Jolma2013/submitted_ftp/POU4F2_TGCGAA20NAGC_W_3.fastq.gz	signal	63888	1.2 Mbp	1200000	0	20	41	PASS	PASS	NA	PASS	WARN	PASS	PASS	PASS	PASS	PASS	PASS
POU4F3_TACCGT20NGCC_Y_3	/scratch/project_2013895/SELEX/data/Jolma2013/submitted_ftp/POU4F3_TACCGT20NGCC_Y_3.fastq.gz	signal	142608	2.8 Mbp	2800000	0	20	30	PASS	PASS	NA	PASS	WARN	FAIL	PASS	PASS	PASS	PASS	PASS
POU5F1P1_TAGAGT20NGAT_Y_2	/scratch/project_2013895/SELEX/data/Jolma2013/submitted_ftp/POU5F1P1_TAGAGT20NGAT_Y_2.fastq.gz	both	158764	3.1 Mbp	3100000	0	20	33	PASS	PASS	NA	PASS	WARN	WARN	PASS	PASS	PASS	PASS	PASS
POU5F1P1_TAGAGT20NGAT_Y_3	/scratch/project_2013895/SELEX/data/Jolma2013/submitted_ftp/POU5F1P1_TAGAGT20NGAT_Y_3.fastq.gz	signal	143204	2.8 Mbp	2800000	0	20	29	PASS	PASS	NA	PASS	FAIL	WARN	PASS	PASS	PASS	PASS	PASS
POU6F2_TGCTGT20NCG_V_3	/scratch/project_2013895/SELEX/data/Jolma2013/submitted_ftp/POU6F2_TGCTGT20NCG_V_3.fastq.gz	signal	143842	2.8 Mbp	2800000	0	20	47	PASS	PASS	NA	PASS	WARN	PASS	PASS	PASS	PASS	WARN	PASS
POU6F2_TATCAT20NCG_AC_4	/scratch/project_2013895/SELEX/data/Jolma2013/submitted_ftp/POU6F2_TATCAT20NCG_AC_4.fastq.gz	signal	39956	799.1 kbp	799100	0	20	49	PASS	PASS	NA	PASS	FAIL	PASS	PASS	PASS	PASS	FAIL	PASS
Pou2f2_TAGATA20NTAT_Z_3	/scratch/project_2013895/SELEX/data/Jolma2013/submitted_ftp/Pou2f2_TAGATA20NTAT_Z_3.fastq.gz	signal	254080	5 Mbp	5000000	0	20	39	PASS	PASS	NA	PASS	WARN	WARN	PASS	PASS	PASS	PASS	PASS
PROX1_TGCAGA20NGA_AF_4	/scratch/project_2013895/SELEX/data/Jolma2013/submitted_ftp/PROX1_TGCAGA20NGA_AF_4.fastq.gz	signal	65160	1.3 Mbp	1300000	0	20	51	PASS	PASS	NA	PASS	WARN	WARN	PASS	PASS	PASS	WARN	PASS
RFX2_TAACCC20NCCA_Y_3	/scratch/project_2013895/SELEX/data/Jolma2013/submitted_ftp/RFX2_TAACCC20NCCA_Y_3.fastq.gz	signal	114244	2.2 Mbp	2200000	0	20	47	PASS	PASS	NA	PASS	FAIL	PASS	PASS	PASS	FAIL	PASS	PASS
RFX3_TGGCTT20NGA_AC_3	/scratch/project_2013895/SELEX/data/Jolma2013/submitted_ftp/RFX3_TGGCTT20NGA_AC_3.fastq.gz	signal	157086	3.1 Mbp	3100000	0	20	50	PASS	PASS	NA	PASS	FAIL	PASS	PASS	PASS	WARN	WARN	PASS
RFX4_TGACAG20NGA_O_3	/scratch/project_2013895/SELEX/data/Jolma2013/submitted_ftp/RFX4_TGACAG20NGA_O_3.fastq.gz	signal	100953	2 Mbp	2000000	0	20	51	PASS	PASS	NA	PASS	FAIL	PASS	PASS	PASS	FAIL	WARN	PASS
RFX5_TGGAGC30NGAT_AI_2	/scratch/project_2013895/SELEX/data/Jolma2013/submitted_ftp/RFX5_TGGAGC30NGAT_AI_2.fastq.gz	signal	233200	6.9 Mbp	6900000	0	30	49	PASS	PASS	NA	PASS	WARN	PASS	PASS	PASS	PASS	PASS	PASS
Rfx2_TGGTAG20NATT_AC_3	/scratch/project_2013895/SELEX/data/Jolma2013/submitted_ftp/Rfx2_TGGTAG20NATT_AC_3.fastq.gz	signal	233025	4.6 Mbp	4600000	0	20	45	PASS	PASS	NA	PASS	FAIL	PASS	PASS	PASS	PASS	PASS	PASS
Rfx3_TGGGTA20NCG_P_3	/scratch/project_2013895/SELEX/data/Jolma2013/submitted_ftp/Rfx3_TGGGTA20NCG_P_3.fastq.gz	signal	118460	2.3 Mbp	2300000	0	20	50	PASS	PASS	NA	PASS	FAIL	PASS	PASS	PASS	PASS	PASS	PASS
RUNX2_TACCTA40NTCC_AI_4	/scratch/project_2013895/SELEX/data/Jolma2013/submitted_ftp/RUNX2_TACCTA40NTCC_AI_4.fastq.gz	signal	646144	25.8 Mbp	25800000	0	40	50	PASS	PASS	NA	PASS	WARN	PASS	WARN	PASS	PASS	PASS	PASS
RUNX3_TACGGA30NGGC_AI_3	/scratch/project_2013895/SELEX/data/Jolma2013/submitted_ftp/RUNX3_TACGGA30NGGC_AI_3.fastq.gz	signal	389587	11.6 Mbp	11600000	0	30	47	PASS	PASS	NA	PASS	WARN	PASS	WARN	PASS	PASS	PASS	PASS
RUNX3_TCTCCC20NGA_AE_4	/scratch/project_2013895/SELEX/data/Jolma2013/submitted_ftp/RUNX3_TCTCCC20NGA_AE_4.fastq.gz	signal	53924	1 Mbp	1000000	0	20	52	PASS	PASS	NA	PASS	FAIL	PASS	PASS	PASS	PASS	WARN	PASS
GMEB2_TGGATG20NGA_O_3	/scratch/project_2013895/SELEX/data/Jolma2013/submitted_ftp/GMEB2_TGGATG20NGA_O_3.fastq.gz	both	64178	1.2 Mbp	1200000	0	20	52	PASS	PASS	NA	PASS	FAIL	PASS	PASS	PASS	WARN	WARN	PASS
GMEB2_TGGATG20NGA_O_4	/scratch/project_2013895/SELEX/data/Jolma2013/submitted_ftp/GMEB2_TGGATG20NGA_O_4.fastq.gz	signal	91691	1.8 Mbp	1800000	0	20	52	PASS	PASS	NA	PASS	FAIL	WARN	PASS	PASS	FAIL	FAIL	PASS
EOMES_TGTAAA30NAAG_AI_3	/scratch/project_2013895/SELEX/data/Jolma2013/submitted_ftp/EOMES_TGTAAA30NAAG_AI_3.fastq.gz	signal	668499	20 Mbp	20000000	0	30	47	PASS	PASS	NA	PASS	WARN	PASS	WARN	PASS	PASS	PASS	PASS
MGA_TAGGGC20NGGT_Y_3	/scratch/project_2013895/SELEX/data/Jolma2013/submitted_ftp/MGA_TAGGGC20NGGT_Y_3.fastq.gz	signal	152608	3 Mbp	3000000	0	20	43	PASS	PASS	NA	PASS	FAIL	PASS	PASS	PASS	FAIL	WARN	PASS
TBR1_TCACAC20NACA_Z_3	/scratch/project_2013895/SELEX/data/Jolma2013/submitted_ftp/TBR1_TCACAC20NACA_Z_3.fastq.gz	signal	203432	4 Mbp	4000000	0	20	43	PASS	PASS	NA	PASS	FAIL	PASS	PASS	PASS	PASS	PASS	PASS
TBR1_TTGCAC20NACT_AE_4	/scratch/project_2013895/SELEX/data/Jolma2013/submitted_ftp/TBR1_TTGCAC20NACT_AE_4.fastq.gz	signal	66069	1.3 Mbp	1300000	0	20	46	PASS	PASS	NA	PASS	WARN	WARN	PASS	PASS	PASS	PASS	PASS
TBX15_TACGTC40NTGC_AI_4	/scratch/project_2013895/SELEX/data/Jolma2013/submitted_ftp/TBX15_TACGTC40NTGC_AI_4.fastq.gz	signal	258582	10.3 Mbp	10300000	0	40	52	PASS	PASS	NA	PASS	FAIL	PASS	FAIL	PASS	PASS	WARN	PASS
TBX19_TACTAT40NATC_AI_3	/scratch/project_2013895/SELEX/data/Jolma2013/submitted_ftp/TBX19_TACTAT40NATC_AI_3.fastq.gz	signal	275261	11 Mbp	11000000	0	40	46	PASS	PASS	NA	PASS	WARN	PASS	WARN	PASS	PASS	PASS	PASS
TBX1_TACGGA40NGGC_AI_4	/scratch/project_2013895/SELEX/data/Jolma2013/submitted_ftp/TBX1_TACGGA40NGGC_AI_4.fastq.gz	signal	333800	13.3 Mbp	13300000	0	40	48	PASS	PASS	NA	PASS	WARN	WARN	WARN	PASS	WARN	FAIL	PASS
TBX20_TACTCA40NCTC_AI_3	/scratch/project_2013895/SELEX/data/Jolma2013/submitted_ftp/TBX20_TACTCA40NCTC_AI_3.fastq.gz	signal	417367	16.6 Mbp	16600000.000000002	0	40	47	PASS	PASS	NA	PASS	FAIL	PASS	WARN	PASS	WARN	PASS	PASS
TBX20_TCTTCT20NCTG_AE_4	/scratch/project_2013895/SELEX/data/Jolma2013/submitted_ftp/TBX20_TCTTCT20NCTG_AE_4.fastq.gz	signal	27967	559.3 kbp	559300	0	20	48	PASS	PASS	NA	PASS	FAIL	PASS	PASS	PASS	PASS	WARN	PASS
TBX21_TACTGC40NGTC_AI_3	/scratch/project_2013895/SELEX/data/Jolma2013/submitted_ftp/TBX21_TACTGC40NGTC_AI_3.fastq.gz	signal	373322	14.9 Mbp	14900000	0	40	48	PASS	PASS	NA	PASS	FAIL	PASS	WARN	PASS	WARN	PASS	PASS
TBX21_TGGTCT20NCTT_AD_4	/scratch/project_2013895/SELEX/data/Jolma2013/submitted_ftp/TBX21_TGGTCT20NCTT_AD_4.fastq.gz	signal	54260	1 Mbp	1000000	0	20	43	PASS	PASS	NA	PASS	FAIL	WARN	PASS	PASS	WARN	FAIL	PASS
TBX21_TGGTCT20NCTT_AD_3	/scratch/project_2013895/SELEX/data/Jolma2013/submitted_ftp/TBX21_TGGTCT20NCTT_AD_3.fastq.gz	both	125766	2.5 Mbp	2500000	0	20	45	PASS	PASS	NA	PASS	FAIL	WARN	PASS	PASS	PASS	PASS	PASS
TBX2_TCTATG20NTAG_AF_4	/scratch/project_2013895/SELEX/data/Jolma2013/submitted_ftp/TBX2_TCTATG20NTAG_AF_4.fastq.gz	signal	48086	961.7 kbp	961700	0	20	45	PASS	PASS	NA	PASS	WARN	WARN	PASS	PASS	PASS	PASS	PASS
TBX4_TACTTG40NTTC_AI_3	/scratch/project_2013895/SELEX/data/Jolma2013/submitted_ftp/TBX4_TACTTG40NTTC_AI_3.fastq.gz	signal	316649	12.6 Mbp	12600000	0	40	50	PASS	PASS	NA	PASS	WARN	PASS	WARN	PASS	PASS	PASS	PASS
TBX5_TAGAAC40NAAT_AI_3	/scratch/project_2013895/SELEX/data/Jolma2013/submitted_ftp/TBX5_TAGAAC40NAAT_AI_3.fastq.gz	signal	330509	13.2 Mbp	13200000	0	40	51	PASS	PASS	NA	PASS	WARN	PASS	WARN	PASS	PASS	PASS	PASS
T_TGGGCG20NCGT_W_3	/scratch/project_2013895/SELEX/data/Jolma2013/submitted_ftp/T_TGGGCG20NCGT_W_3.fastq.gz	signal	64618	1.2 Mbp	1200000	0	20	42	PASS	PASS	NA	PASS	FAIL	WARN	PASS	PASS	PASS	PASS	PASS
TEAD1_TCTTAG20NATG_W_4	/scratch/project_2013895/SELEX/data/Jolma2013/submitted_ftp/TEAD1_TCTTAG20NATG_W_4.fastq.gz	signal	45324	906.4 kbp	906400	0	20	45	PASS	PASS	NA	PASS	WARN	PASS	PASS	PASS	PASS	PASS	PASS
TEAD3_TATAAG40NAAG_AI_3	/scratch/project_2013895/SELEX/data/Jolma2013/submitted_ftp/TEAD3_TATAAG40NAAG_AI_3.fastq.gz	signal	241308	9.6 Mbp	9600000	0	40	48	PASS	PASS	NA	PASS	WARN	PASS	WARN	PASS	PASS	PASS	PASS
TEAD4_TGATTT20NTTA_Y_4	/scratch/project_2013895/SELEX/data/Jolma2013/submitted_ftp/TEAD4_TGATTT20NTTA_Y_4.fastq.gz	signal	49369	987.3 kbp	987300	0	20	43	PASS	PASS	NA	PASS	WARN	PASS	PASS	PASS	PASS	PASS	PASS
TFAP2A_TTGCAC20NTA_AF_3	/scratch/project_2013895/SELEX/data/Jolma2013/submitted_ftp/TFAP2A_TTGCAC20NTA_AF_3.fastq.gz	signal	237959	4.7 Mbp	4700000	0	20	51	PASS	PASS	NA	PASS	WARN	PASS	PASS	PASS	PASS	PASS	PASS
TFAP2B_TCGTTA20NTTT_Y_4	/scratch/project_2013895/SELEX/data/Jolma2013/submitted_ftp/TFAP2B_TCGTTA20NTTT_Y_4.fastq.gz	signal	19357	387.1 kbp	387100	0	20	56	PASS	PASS	NA	PASS	FAIL	PASS	PASS	PASS	WARN	WARN	PASS
TFAP2C_TCTACA20NCAG_Y_3	/scratch/project_2013895/SELEX/data/Jolma2013/submitted_ftp/TFAP2C_TCTACA20NCAG_Y_3.fastq.gz	signal	40470	809.4 kbp	809400	0	20	54	PASS	PASS	NA	PASS	FAIL	WARN	PASS	PASS	PASS	PASS	PASS
TFAP2C_TGTCGT20NGCG_AE_3	/scratch/project_2013895/SELEX/data/Jolma2013/submitted_ftp/TFAP2C_TGTCGT20NGCG_AE_3.fastq.gz	signal	136114	2.7 Mbp	2700000	0	20	49	PASS	PASS	NA	PASS	FAIL	PASS	PASS	PASS	PASS	PASS	PASS
Tcfap2a_TGATCC20NCG_P_3	/scratch/project_2013895/SELEX/data/Jolma2013/submitted_ftp/Tcfap2a_TGATCC20NCG_P_3.fastq.gz	signal	152735	3 Mbp	3000000	0	20	57	PASS	PASS	NA	PASS	FAIL	PASS	PASS	PASS	PASS	PASS	PASS
ARNTL_TCAAAA20NCG_W_3	/scratch/project_2013895/SELEX/data/Jolma2013/submitted_ftp/ARNTL_TCAAAA20NCG_W_3.fastq.gz	signal	143272	2.8 Mbp	2800000	0	20	52	PASS	PASS	NA	PASS	FAIL	PASS	PASS	PASS	PASS	PASS	PASS
Ascl2_TAGGGC20NCG_Z_4	/scratch/project_2013895/SELEX/data/Jolma2013/submitted_ftp/Ascl2_TAGGGC20NCG_Z_4.fastq.gz	signal	20332	406.6 kbp	406600	0	20	51	PASS	PASS	NA	PASS	FAIL	PASS	PASS	PASS	PASS	WARN	PASS
Atoh1_TAGTCC20NCTT_Z_3	/scratch/project_2013895/SELEX/data/Jolma2013/submitted_ftp/Atoh1_TAGTCC20NCTT_Z_3.fastq.gz	signal	153499	3 Mbp	3000000	0	20	46	PASS	PASS	NA	PASS	WARN	PASS	PASS	PASS	PASS	PASS	PASS
BHLHA15_TCCGTG20NCG_Y_4	/scratch/project_2013895/SELEX/data/Jolma2013/submitted_ftp/BHLHA15_TCCGTG20NCG_Y_4.fastq.gz	signal	63980	1.2 Mbp	1200000	0	20	48	PASS	PASS	NA	PASS	FAIL	PASS	PASS	PASS	WARN	PASS	PASS
BHLHB2_TGGGAC20NGA_Y_2	/scratch/project_2013895/SELEX/data/Jolma2013/submitted_ftp/BHLHB2_TGGGAC20NGA_Y_2.fastq.gz	signal	147848	2.9 Mbp	2900000	0	20	51	PASS	PASS	NA	PASS	WARN	PASS	PASS	PASS	PASS	PASS	PASS
BHLHB3_TCAAAA20NCG_AD_2	/scratch/project_2013895/SELEX/data/Jolma2013/submitted_ftp/BHLHB3_TCAAAA20NCG_AD_2.fastq.gz	signal	105736	2.1 Mbp	2100000	0	20	54	PASS	PASS	NA	PASS	WARN	WARN	PASS	PASS	WARN	WARN	PASS
BHLHE22_TCTTGA20NGTG_Y_3	/scratch/project_2013895/SELEX/data/Jolma2013/submitted_ftp/BHLHE22_TCTTGA20NGTG_Y_3.fastq.gz	signal	43915	878.3 kbp	878300	0	20	40	PASS	PASS	NA	PASS	FAIL	PASS	PASS	PASS	PASS	PASS	PASS
BHLHE23_TATATC20NCG_Y_4	/scratch/project_2013895/SELEX/data/Jolma2013/submitted_ftp/BHLHE23_TATATC20NCG_Y_4.fastq.gz	signal	46462	929.2 kbp	929200	0	20	50	PASS	PASS	NA	PASS	WARN	PASS	PASS	PASS	PASS	PASS	PASS
BHLHE41_TGTGCT20NCGG_AD_3	/scratch/project_2013895/SELEX/data/Jolma2013/submitted_ftp/BHLHE41_TGTGCT20NCGG_AD_3.fastq.gz	signal	98353	1.9 Mbp	1900000	0	20	48	PASS	PASS	NA	PASS	WARN	PASS	PASS	PASS	PASS	PASS	PASS
Bhlhb2_TCAAGG20NGAA_Z_2	/scratch/project_2013895/SELEX/data/Jolma2013/submitted_ftp/Bhlhb2_TCAAGG20NGAA_Z_2.fastq.gz	signal	155108	3.1 Mbp	3100000	0	20	49	PASS	PASS	NA	PASS	WARN	PASS	PASS	PASS	PASS	PASS	PASS
CLOCK_TGAGAT20NAGA_Z_3	/scratch/project_2013895/SELEX/data/Jolma2013/submitted_ftp/CLOCK_TGAGAT20NAGA_Z_3.fastq.gz	signal	44238	884.7 kbp	884700	0	20	43	PASS	PASS	NA	PASS	WARN	PASS	PASS	PASS	PASS	PASS	PASS
FIGLA_AGATA14N_U_4	/scratch/project_2013895/SELEX/data/Jolma2013/submitted_ftp/FIGLA_AGATA14N_U_4.fastq.gz	signal	261186	3.6 Mbp	3600000	0	14	44	PASS	PASS	NA	PASS	WARN	PASS	PASS	PASS	PASS	PASS	PASS
HES5_TCCACG20NCG_Y_4	/scratch/project_2013895/SELEX/data/Jolma2013/submitted_ftp/HES5_TCCACG20NCG_Y_4.fastq.gz	signal	21735	434.7 kbp	434700	0	20	54	PASS	PASS	NA	PASS	FAIL	WARN	PASS	PASS	WARN	WARN	PASS
HES7_AATTC14N_U_4	/scratch/project_2013895/SELEX/data/Jolma2013/submitted_ftp/HES7_AATTC14N_U_4.fastq.gz	signal	173437	2.4 Mbp	2400000	0	14	45	PASS	PASS	NA	PASS	WARN	PASS	PASS	PASS	PASS	PASS	PASS
HEY1_TGAAAC20NGA_Y_3	/scratch/project_2013895/SELEX/data/Jolma2013/submitted_ftp/HEY1_TGAAAC20NGA_Y_3.fastq.gz	signal	113189	2.2 Mbp	2200000	0	20	51	PASS	PASS	NA	PASS	FAIL	PASS	PASS	PASS	PASS	PASS	PASS
HEY2_TCGATC20NGA_Y_4	/scratch/project_2013895/SELEX/data/Jolma2013/submitted_ftp/HEY2_TCGATC20NGA_Y_4.fastq.gz	signal	101992	2 Mbp	2000000	0	20	51	PASS	PASS	NA	PASS	FAIL	PASS	PASS	PASS	PASS	PASS	PASS
HEY2_TCTCAA20NGA_AF_4	/scratch/project_2013895/SELEX/data/Jolma2013/submitted_ftp/HEY2_TCTCAA20NGA_AF_4.fastq.gz	signal	78610	1.5 Mbp	1500000	0	20	51	PASS	PASS	NA	PASS	WARN	PASS	PASS	PASS	PASS	PASS	PASS
ID4_CTACA14N_U_4	/scratch/project_2013895/SELEX/data/Jolma2013/submitted_ftp/ID4_CTACA14N_U_4.fastq.gz	signal	139494	1.9 Mbp	1900000	0	14	44	PASS	PASS	NA	PASS	WARN	PASS	PASS	PASS	PASS	PASS	PASS
MAX_TGACCT20NGA_Y_3	/scratch/project_2013895/SELEX/data/Jolma2013/submitted_ftp/MAX_TGACCT20NGA_Y_3.fastq.gz	signal	89865	1.7 Mbp	1700000	0	20	55	PASS	PASS	NA	PASS	FAIL	PASS	PASS	PASS	PASS	WARN	PASS
MAX_TGACCT20NGA_Y_2	/scratch/project_2013895/SELEX/data/Jolma2013/submitted_ftp/MAX_TGACCT20NGA_Y_2.fastq.gz	both	80128	1.6 Mbp	1600000	0	20	52	PASS	PASS	NA	PASS	WARN	PASS	PASS	PASS	PASS	PASS	PASS
MESP1_TACCCG20NCG_Y_3	/scratch/project_2013895/SELEX/data/Jolma2013/submitted_ftp/MESP1_TACCCG20NCG_Y_3.fastq.gz	signal	9057	181.1 kbp	181100	0	20	48	PASS	PASS	NA	PASS	WARN	PASS	PASS	PASS	PASS	PASS	PASS
MLXIPL_TGTAAA20NAAG_AE_3	/scratch/project_2013895/SELEX/data/Jolma2013/submitted_ftp/MLXIPL_TGTAAA20NAAG_AE_3.fastq.gz	signal	112637	2.2 Mbp	2200000	0	20	47	PASS	PASS	NA	PASS	WARN	PASS	PASS	PASS	PASS	PASS	PASS
MLX_CATAT14N_S_4	/scratch/project_2013895/SELEX/data/Jolma2013/submitted_ftp/MLX_CATAT14N_S_4.fastq.gz	signal	60312	844.3 kbp	844300	0	14	47	PASS	PASS	NA	PASS	WARN	PASS	PASS	PASS	PASS	WARN	PASS
MNT_TCTTCT20NGA_Y_3	/scratch/project_2013895/SELEX/data/Jolma2013/submitted_ftp/MNT_TCTTCT20NGA_Y_3.fastq.gz	signal	47302	946 kbp	946000	0	20	51	PASS	PASS	NA	PASS	FAIL	PASS	PASS	PASS	PASS	PASS	PASS
MYF6_TGACTC20NTCA_AF_4	/scratch/project_2013895/SELEX/data/Jolma2013/submitted_ftp/MYF6_TGACTC20NTCA_AF_4.fastq.gz	signal	50113	1 Mbp	1000000	0	20	47	PASS	PASS	NA	PASS	WARN	PASS	PASS	PASS	PASS	PASS	PASS
Mlx_CCTGG14N_T_3	/scratch/project_2013895/SELEX/data/Jolma2013/submitted_ftp/Mlx_CCTGG14N_T_3.fastq.gz	signal	145732	2 Mbp	2000000	0	14	50	PASS	PASS	NA	PASS	FAIL	PASS	PASS	PASS	FAIL	PASS	PASS
NEUROD2_TGACCT20NGA_AE_4	/scratch/project_2013895/SELEX/data/Jolma2013/submitted_ftp/NEUROD2_TGACCT20NGA_AE_4.fastq.gz	signal	84737	1.6 Mbp	1600000	0	20	52	PASS	PASS	NA	PASS	FAIL	PASS	PASS	PASS	PASS	PASS	PASS
NEUROG2_TCGCTG20NTCT_Z_3	/scratch/project_2013895/SELEX/data/Jolma2013/submitted_ftp/NEUROG2_TCGCTG20NTCT_Z_3.fastq.gz	signal	66872	1.3 Mbp	1300000	0	20	45	PASS	PASS	NA	PASS	WARN	PASS	PASS	PASS	PASS	PASS	PASS
NEUROG2_TGGCGG20NGA_AE_4	/scratch/project_2013895/SELEX/data/Jolma2013/submitted_ftp/NEUROG2_TGGCGG20NGA_AE_4.fastq.gz	signal	49285	985.7 kbp	985700	0	20	52	PASS	PASS	NA	PASS	WARN	PASS	PASS	PASS	PASS	PASS	PASS
NHLH1_TGGGCG20NGA_W_4	/scratch/project_2013895/SELEX/data/Jolma2013/submitted_ftp/NHLH1_TGGGCG20NGA_W_4.fastq.gz	signal	66139	1.3 Mbp	1300000	0	20	52	PASS	PASS	NA	PASS	FAIL	PASS	PASS	PASS	PASS	PASS	PASS
NHLH1_TGATGG20NGTA_W_4	/scratch/project_2013895/SELEX/data/Jolma2013/submitted_ftp/NHLH1_TGATGG20NGTA_W_4.fastq.gz	signal	49862	997.2 kbp	997200	0	20	52	PASS	PASS	NA	PASS	WARN	PASS	PASS	PASS	PASS	PASS	PASS
OLIG1_TGCCTG20NTCC_Z_3	/scratch/project_2013895/SELEX/data/Jolma2013/submitted_ftp/OLIG1_TGCCTG20NTCC_Z_3.fastq.gz	signal	49736	994.7 kbp	994700	0	20	42	PASS	PASS	NA	PASS	FAIL	WARN	PASS	PASS	PASS	PASS	PASS
OLIG2_TCTTTC20NGA_Y_3	/scratch/project_2013895/SELEX/data/Jolma2013/submitted_ftp/OLIG2_TCTTTC20NGA_Y_3.fastq.gz	signal	60909	1.2 Mbp	1200000	0	20	49	PASS	PASS	NA	PASS	FAIL	PASS	PASS	PASS	PASS	PASS	PASS
OLIG2_TGCGCC20NGA_AE_4	/scratch/project_2013895/SELEX/data/Jolma2013/submitted_ftp/OLIG2_TGCGCC20NGA_AE_4.fastq.gz	signal	64818	1.2 Mbp	1200000	0	20	51	PASS	PASS	NA	PASS	FAIL	PASS	PASS	PASS	PASS	PASS	PASS
OLIG3_TGTCCG20NGA_Y_3	/scratch/project_2013895/SELEX/data/Jolma2013/submitted_ftp/OLIG3_TGTCCG20NGA_Y_3.fastq.gz	signal	93461	1.8 Mbp	1800000	0	20	48	PASS	PASS	NA	PASS	FAIL	PASS	PASS	PASS	PASS	PASS	PASS
SREBF2_TGAGAT20NGA_Y_3	/scratch/project_2013895/SELEX/data/Jolma2013/submitted_ftp/SREBF2_TGAGAT20NGA_Y_3.fastq.gz	signal	109802	2.1 Mbp	2100000	0	20	50	PASS	PASS	NA	PASS	FAIL	PASS	PASS	PASS	PASS	PASS	PASS
Srebf1_TACATT20NCG_Z_3	/scratch/project_2013895/SELEX/data/Jolma2013/submitted_ftp/Srebf1_TACATT20NCG_Z_3.fastq.gz	signal	183092	3.6 Mbp	3600000	0	20	49	PASS	PASS	NA	PASS	FAIL	PASS	PASS	PASS	PASS	PASS	PASS
TCF3_TACCCG20NCCC_Y_2	/scratch/project_2013895/SELEX/data/Jolma2013/submitted_ftp/TCF3_TACCCG20NCCC_Y_2.fastq.gz	signal	80236	1.6 Mbp	1600000	0	20	47	PASS	PASS	NA	PASS	WARN	PASS	PASS	PASS	PASS	PASS	PASS
TCF4_TGCGAA20NGA_W_2	/scratch/project_2013895/SELEX/data/Jolma2013/submitted_ftp/TCF4_TGCGAA20NGA_W_2.fastq.gz	signal	164164	3.2 Mbp	3200000	0	20	53	PASS	PASS	NA	PASS	FAIL	PASS	PASS	PASS	PASS	PASS	PASS
TCF4_TTGCCG20NCCT_AE_2	/scratch/project_2013895/SELEX/data/Jolma2013/submitted_ftp/TCF4_TTGCCG20NCCT_AE_2.fastq.gz	signal	234088	4.6 Mbp	4600000	0	20	43	PASS	PASS	NA	PASS	WARN	PASS	PASS	PASS	PASS	PASS	PASS
TFAP4_TCACGT20NGCA_AC_2	/scratch/project_2013895/SELEX/data/Jolma2013/submitted_ftp/TFAP4_TCACGT20NGCA_AC_2.fastq.gz	signal	220184	4.4 Mbp	4400000	0	20	47	PASS	PASS	NA	PASS	WARN	PASS	PASS	PASS	PASS	PASS	PASS
TFAP4_CATTG14N_S_3	/scratch/project_2013895/SELEX/data/Jolma2013/submitted_ftp/TFAP4_CATTG14N_S_3.fastq.gz	signal	86178	1.2 Mbp	1200000	0	14	48	PASS	PASS	NA	PASS	FAIL	PASS	PASS	PASS	PASS	PASS	PASS
TFE3_TACCGT20NTA_Q_2	/scratch/project_2013895/SELEX/data/Jolma2013/submitted_ftp/TFE3_TACCGT20NTA_Q_2.fastq.gz	signal	151811	3 Mbp	3000000	0	20	52	PASS	PASS	NA	PASS	WARN	PASS	PASS	PASS	PASS	PASS	PASS
TFEB_TAGTTT20NCG_W_2	/scratch/project_2013895/SELEX/data/Jolma2013/submitted_ftp/TFEB_TAGTTT20NCG_W_2.fastq.gz	signal	150222	3 Mbp	3000000	0	20	52	PASS	PASS	NA	PASS	WARN	PASS	PASS	PASS	PASS	PASS	PASS
Tcf21_TCCGTG20NTGC_Z_4	/scratch/project_2013895/SELEX/data/Jolma2013/submitted_ftp/Tcf21_TCCGTG20NTGC_Z_4.fastq.gz	signal	190293	3.8 Mbp	3800000	0	20	50	PASS	PASS	NA	PASS	WARN	PASS	PASS	PASS	PASS	PASS	PASS
USF1_TGACGA20NGCA_Z_2	/scratch/project_2013895/SELEX/data/Jolma2013/submitted_ftp/USF1_TGACGA20NGCA_Z_2.fastq.gz	signal	80133	1.6 Mbp	1600000	0	20	47	PASS	PASS	NA	PASS	WARN	PASS	PASS	PASS	PASS	PASS	PASS
ATF4_TGGAAT20NGA_W_3	/scratch/project_2013895/SELEX/data/Jolma2013/submitted_ftp/ATF4_TGGAAT20NGA_W_3.fastq.gz	signal	190381	3.8 Mbp	3800000	0	20	51	PASS	PASS	NA	PASS	FAIL	PASS	PASS	PASS	PASS	PASS	PASS
ATF7_TGGGCG30NCGT_AI_4	/scratch/project_2013895/SELEX/data/Jolma2013/submitted_ftp/ATF7_TGGGCG30NCGT_AI_4.fastq.gz	signal	576469	17.2 Mbp	17200000	0	30	49	PASS	PASS	NA	PASS	WARN	PASS	FAIL	PASS	PASS	PASS	PASS
Atf4_TGCCGC20NGA_Z_4	/scratch/project_2013895/SELEX/data/Jolma2013/submitted_ftp/Atf4_TGCCGC20NGA_Z_4.fastq.gz	signal	2716	54.3 kbp	54300	0	20	46	PASS	PASS	NA	PASS	WARN	PASS	PASS	PASS	WARN	FAIL	PASS
BATF3_TAAGAC20NAGA_AC_4	/scratch/project_2013895/SELEX/data/Jolma2013/submitted_ftp/BATF3_TAAGAC20NAGA_AC_4.fastq.gz	signal	110409	2.2 Mbp	2200000	0	20	47	PASS	PASS	NA	PASS	WARN	PASS	PASS	PASS	PASS	PASS	PASS
CEBPB_TGGACA20NGA_W_2	/scratch/project_2013895/SELEX/data/Jolma2013/submitted_ftp/CEBPB_TGGACA20NGA_W_2.fastq.gz	signal	169420	3.3 Mbp	3300000	0	20	47	PASS	PASS	NA	PASS	FAIL	PASS	PASS	PASS	PASS	PASS	PASS
CEBPB_TCAACC20NCAA_W_4	/scratch/project_2013895/SELEX/data/Jolma2013/submitted_ftp/CEBPB_TCAACC20NCAA_W_4.fastq.gz	signal	86339	1.7 Mbp	1700000	0	20	47	PASS	PASS	NA	PASS	PASS	PASS	PASS	PASS	PASS	PASS	PASS
CEBPD_TAATGA20NCG_Y_3	/scratch/project_2013895/SELEX/data/Jolma2013/submitted_ftp/CEBPD_TAATGA20NCG_Y_3.fastq.gz	signal	81767	1.6 Mbp	1600000	0	20	46	PASS	PASS	NA	PASS	FAIL	PASS	PASS	PASS	PASS	PASS	PASS
CEBPE_TGAGGC20NGA_W_2	/scratch/project_2013895/SELEX/data/Jolma2013/submitted_ftp/CEBPE_TGAGGC20NGA_W_2.fastq.gz	signal	152627	3 Mbp	3000000	0	20	49	PASS	PASS	NA	PASS	WARN	PASS	PASS	PASS	PASS	PASS	PASS
CEBPG_TAGACG20NTA_Q_2	/scratch/project_2013895/SELEX/data/Jolma2013/submitted_ftp/CEBPG_TAGACG20NTA_Q_2.fastq.gz	signal	274410	5.4 Mbp	5400000	0	20	49	PASS	PASS	NA	PASS	FAIL	PASS	PASS	PASS	PASS	PASS	PASS
CEBPG_TAAAAT20NCG_AC_2	/scratch/project_2013895/SELEX/data/Jolma2013/submitted_ftp/CEBPG_TAAAAT20NCG_AC_2.fastq.gz	signal	204725	4 Mbp	4000000	0	20	48	PASS	PASS	NA	PASS	FAIL	PASS	PASS	PASS	PASS	PASS	PASS
CREB3L1_TAAACA20NCAA_Y_4	/scratch/project_2013895/SELEX/data/Jolma2013/submitted_ftp/CREB3L1_TAAACA20NCAA_Y_4.fastq.gz	signal	161627	3.2 Mbp	3200000	0	20	49	PASS	PASS	NA	PASS	WARN	PASS	PASS	PASS	PASS	PASS	PASS
CREB3L1_TAGAGT20NCG_AD_4	/scratch/project_2013895/SELEX/data/Jolma2013/submitted_ftp/CREB3L1_TAGAGT20NCG_AD_4.fastq.gz	signal	112729	2.2 Mbp	2200000	0	20	56	PASS	PASS	NA	PASS	FAIL	PASS	PASS	PASS	FAIL	WARN	PASS
CREB3_TAGAAC20NCG_AD_4	/scratch/project_2013895/SELEX/data/Jolma2013/submitted_ftp/CREB3_TAGAAC20NCG_AD_4.fastq.gz	signal	81549	1.6 Mbp	1600000	0	20	52	PASS	PASS	NA	PASS	FAIL	PASS	PASS	PASS	PASS	PASS	PASS
Cebpb_TCCTAA20NATC_Z_2	/scratch/project_2013895/SELEX/data/Jolma2013/submitted_ftp/Cebpb_TCCTAA20NATC_Z_2.fastq.gz	signal	184505	3.6 Mbp	3600000	0	20	43	PASS	PASS	NA	PASS	FAIL	PASS	PASS	PASS	PASS	PASS	PASS
Creb3l2_TAACGG20NGCA_Z_4	/scratch/project_2013895/SELEX/data/Jolma2013/submitted_ftp/Creb3l2_TAACGG20NGCA_Z_4.fastq.gz	signal	161236	3.2 Mbp	3200000	0	20	47	PASS	PASS	NA	PASS	WARN	PASS	PASS	PASS	PASS	PASS	PASS
Creb5_TATCGC20NCG_Z_3	/scratch/project_2013895/SELEX/data/Jolma2013/submitted_ftp/Creb5_TATCGC20NCG_Z_3.fastq.gz	signal	23551	471 kbp	471000	0	20	49	PASS	PASS	NA	PASS	WARN	PASS	PASS	PASS	PASS	PASS	PASS
DBP_TAACTT20NCG_W_2	/scratch/project_2013895/SELEX/data/Jolma2013/submitted_ftp/DBP_TAACTT20NCG_W_2.fastq.gz	signal	185603	3.7 Mbp	3700000	0	20	44	PASS	PASS	NA	PASS	FAIL	PASS	PASS	PASS	PASS	PASS	PASS
DBP_TGCGGG20NGGC_AE_2	/scratch/project_2013895/SELEX/data/Jolma2013/submitted_ftp/DBP_TGCGGG20NGGC_AE_2.fastq.gz	signal	114853	2.2 Mbp	2200000	0	20	41	PASS	PASS	NA	PASS	WARN	WARN	PASS	PASS	PASS	PASS	PASS
Dbp_TAAATG20NCG_Z_2	/scratch/project_2013895/SELEX/data/Jolma2013/submitted_ftp/Dbp_TAAATG20NCG_Z_2.fastq.gz	signal	160646	3.2 Mbp	3200000	0	20	45	PASS	PASS	NA	PASS	WARN	PASS	PASS	PASS	PASS	PASS	PASS
HLF_TAGCCT20NCG_AD_3	/scratch/project_2013895/SELEX/data/Jolma2013/submitted_ftp/HLF_TAGCCT20NCG_AD_3.fastq.gz	signal	256665	5.1 Mbp	5100000	0	20	49	PASS	PASS	NA	PASS	FAIL	PASS	PASS	PASS	PASS	PASS	PASS
Hlf_TCAATT20NTA_P_3	/scratch/project_2013895/SELEX/data/Jolma2013/submitted_ftp/Hlf_TCAATT20NTA_P_3.fastq.gz	signal	155922	3.1 Mbp	3100000	0	20	49	PASS	PASS	NA	PASS	FAIL	PASS	PASS	PASS	PASS	PASS	PASS
JDP2_TCCTTT20NTTC_AC_4	/scratch/project_2013895/SELEX/data/Jolma2013/submitted_ftp/JDP2_TCCTTT20NTTC_AC_4.fastq.gz	signal	108974	2.1 Mbp	2100000	0	20	48	PASS	PASS	NA	PASS	WARN	PASS	PASS	PASS	PASS	PASS	PASS
JDP2_TGTTCA20NGA_AE_3	/scratch/project_2013895/SELEX/data/Jolma2013/submitted_ftp/JDP2_TGTTCA20NGA_AE_3.fastq.gz	signal	242250	4.8 Mbp	4800000	0	20	50	PASS	PASS	NA	PASS	FAIL	PASS	PASS	PASS	PASS	WARN	PASS
Jdp2_TATCTG20NCG_Z_3	/scratch/project_2013895/SELEX/data/Jolma2013/submitted_ftp/Jdp2_TATCTG20NCG_Z_3.fastq.gz	signal	47366	947.3 kbp	947300	0	20	49	PASS	PASS	NA	PASS	FAIL	PASS	PASS	PASS	WARN	WARN	PASS
MAFF_TGGAAT20NAAT_Z_4	/scratch/project_2013895/SELEX/data/Jolma2013/submitted_ftp/MAFF_TGGAAT20NAAT_Z_4.fastq.gz	signal	26555	531.1 kbp	531100	0	20	44	PASS	PASS	NA	PASS	WARN	WARN	PASS	PASS	PASS	PASS	PASS
MAFG_TGTAAA40NAAG_AI_3	/scratch/project_2013895/SELEX/data/Jolma2013/submitted_ftp/MAFG_TGTAAA40NAAG_AI_3.fastq.gz	signal	46769	1.8 Mbp	1800000	0	40	46	PASS	PASS	NA	PASS	WARN	PASS	WARN	PASS	PASS	PASS	PASS
MAFK_TGCCTG30NTCC_AI_2	/scratch/project_2013895/SELEX/data/Jolma2013/submitted_ftp/MAFK_TGCCTG30NTCC_AI_2.fastq.gz	signal	239890	7.1 Mbp	7100000	0	30	48	PASS	PASS	NA	PASS	WARN	PASS	PASS	PASS	PASS	PASS	PASS
MAFK_TTAAAG20NTA_AE_3	/scratch/project_2013895/SELEX/data/Jolma2013/submitted_ftp/MAFK_TTAAAG20NTA_AE_3.fastq.gz	signal	144041	2.8 Mbp	2800000	0	20	49	PASS	PASS	NA	PASS	WARN	PASS	PASS	PASS	PASS	WARN	PASS
Mafb_TCGTTA20NTTT_AA_3	/scratch/project_2013895/SELEX/data/Jolma2013/submitted_ftp/Mafb_TCGTTA20NTTT_AA_3.fastq.gz	both	118964	2.3 Mbp	2300000	0	20	48	PASS	PASS	NA	PASS	WARN	PASS	PASS	PASS	PASS	PASS	PASS
Mafb_TCGTTA20NTTT_AA_4	/scratch/project_2013895/SELEX/data/Jolma2013/submitted_ftp/Mafb_TCGTTA20NTTT_AA_4.fastq.gz	signal	150486	3 Mbp	3000000	0	20	46	PASS	PASS	NA	PASS	FAIL	PASS	PASS	PASS	PASS	PASS	PASS
NFE2_TGTAGG20NGA_AC_4	/scratch/project_2013895/SELEX/data/Jolma2013/submitted_ftp/NFE2_TGTAGG20NGA_AC_4.fastq.gz	signal	37782	755.6 kbp	755600	0	20	49	PASS	PASS	NA	PASS	FAIL	PASS	PASS	PASS	WARN	WARN	PASS
NFIL3_TAGACG20NCG_Y_2	/scratch/project_2013895/SELEX/data/Jolma2013/submitted_ftp/NFIL3_TAGACG20NCG_Y_2.fastq.gz	signal	43469	869.3 kbp	869300	0	20	46	PASS	PASS	NA	PASS	WARN	PASS	PASS	PASS	PASS	PASS	PASS
NRL_TGGAGC20NGA_O_4	/scratch/project_2013895/SELEX/data/Jolma2013/submitted_ftp/NRL_TGGAGC20NGA_O_4.fastq.gz	signal	83777	1.6 Mbp	1600000	0	20	47	PASS	PASS	NA	PASS	FAIL	PASS	PASS	PASS	PASS	PASS	PASS
TEF_TATAAG20NTA_Q_3	/scratch/project_2013895/SELEX/data/Jolma2013/submitted_ftp/TEF_TATAAG20NTA_Q_3.fastq.gz	signal	192277	3.8 Mbp	3800000	0	20	41	PASS	PASS	NA	PASS	FAIL	PASS	PASS	PASS	WARN	PASS	PASS
TEF_AGGTG14N_S_3	/scratch/project_2013895/SELEX/data/Jolma2013/submitted_ftp/TEF_AGGTG14N_S_3.fastq.gz	signal	131175	1.8 Mbp	1800000	0	14	32	PASS	PASS	NA	PASS	FAIL	PASS	PASS	PASS	PASS	PASS	PASS
XBP1_TGTTCA20NGA_AC_3	/scratch/project_2013895/SELEX/data/Jolma2013/submitted_ftp/XBP1_TGTTCA20NGA_AC_3.fastq.gz	signal	274204	5.4 Mbp	5400000	0	20	50	PASS	PASS	NA	PASS	FAIL	PASS	PASS	PASS	PASS	PASS	PASS
FOXB1_TGAGCA30NCGA_AI_3	/scratch/project_2013895/SELEX/data/Jolma2013/submitted_ftp/FOXB1_TGAGCA30NCGA_AI_3.fastq.gz	signal	432698	12.9 Mbp	12900000	0	30	45	PASS	PASS	NA	PASS	WARN	PASS	WARN	PASS	PASS	PASS	PASS
FOXB1_TCTGGT20NGGG_AE_4	/scratch/project_2013895/SELEX/data/Jolma2013/submitted_ftp/FOXB1_TCTGGT20NGGG_AE_4.fastq.gz	signal	23887	477.7 kbp	477700	0	20	50	PASS	PASS	NA	PASS	WARN	PASS	PASS	PASS	PASS	PASS	PASS
FOXC1_TGAGGC30NGGA_AI_3	/scratch/project_2013895/SELEX/data/Jolma2013/submitted_ftp/FOXC1_TGAGGC30NGGA_AI_3.fastq.gz	signal	189009	5.6 Mbp	5600000	0	30	39	PASS	PASS	NA	PASS	WARN	WARN	WARN	PASS	PASS	PASS	PASS
FOXC2_TGAGTG30NTGA_AI_3	/scratch/project_2013895/SELEX/data/Jolma2013/submitted_ftp/FOXC2_TGAGTG30NTGA_AI_3.fastq.gz	signal	546499	16.3 Mbp	16300000	0	30	37	PASS	PASS	NA	PASS	FAIL	FAIL	WARN	PASS	PASS	PASS	PASS
FOXD2_TGCTCG20NCTC_Z_2	/scratch/project_2013895/SELEX/data/Jolma2013/submitted_ftp/FOXD2_TGCTCG20NCTC_Z_2.fastq.gz	signal	76771	1.5 Mbp	1500000	0	20	42	PASS	PASS	NA	PASS	WARN	PASS	PASS	PASS	PASS	PASS	PASS
FOXD3_TGGGGT20NGGT_Z_3	/scratch/project_2013895/SELEX/data/Jolma2013/submitted_ftp/FOXD3_TGGGGT20NGGT_Z_3.fastq.gz	signal	37102	742 kbp	742000	0	20	35	PASS	PASS	NA	PASS	FAIL	WARN	PASS	PASS	PASS	PASS	PASS
FOXG1_TGGTTC20NGA_AA_4	/scratch/project_2013895/SELEX/data/Jolma2013/submitted_ftp/FOXG1_TGGTTC20NGA_AA_4.fastq.gz	signal	168888	3.3 Mbp	3300000	0	20	50	PASS	PASS	NA	PASS	WARN	PASS	PASS	PASS	PASS	WARN	PASS
FOXI1_TCGGAA20NGA_AF_4	/scratch/project_2013895/SELEX/data/Jolma2013/submitted_ftp/FOXI1_TCGGAA20NGA_AF_4.fastq.gz	signal	73033	1.4 Mbp	1400000	0	20	49	PASS	PASS	NA	PASS	FAIL	PASS	PASS	PASS	PASS	WARN	PASS
FOXJ2_TGACGA20NGA_W_3	/scratch/project_2013895/SELEX/data/Jolma2013/submitted_ftp/FOXJ2_TGACGA20NGA_W_3.fastq.gz	signal	174486	3.4 Mbp	3400000	0	20	41	PASS	PASS	NA	PASS	FAIL	FAIL	PASS	PASS	PASS	PASS	PASS
FOXJ2_TGACGA20NGA_W_2	/scratch/project_2013895/SELEX/data/Jolma2013/submitted_ftp/FOXJ2_TGACGA20NGA_W_2.fastq.gz	both	122106	2.4 Mbp	2400000	0	20	48	PASS	PASS	NA	PASS	FAIL	PASS	PASS	PASS	PASS	PASS	PASS
FOXJ3_TAGTGG20NGTT_AC_4	/scratch/project_2013895/SELEX/data/Jolma2013/submitted_ftp/FOXJ3_TAGTGG20NGTT_AC_4.fastq.gz	signal	79246	1.5 Mbp	1500000	0	20	44	PASS	PASS	NA	PASS	FAIL	PASS	PASS	PASS	PASS	PASS	PASS
FOXK1_GACAG14N_S_4	/scratch/project_2013895/SELEX/data/Jolma2013/submitted_ftp/FOXK1_GACAG14N_S_4.fastq.gz	signal	24487	342.8 kbp	342800	0	14	45	PASS	PASS	NA	PASS	WARN	PASS	PASS	PASS	PASS	WARN	PASS
FOXL1_TGCTCG20NCTC_W_2	/scratch/project_2013895/SELEX/data/Jolma2013/submitted_ftp/FOXL1_TGCTCG20NCTC_W_2.fastq.gz	signal	118652	2.3 Mbp	2300000	0	20	42	PASS	PASS	NA	PASS	FAIL	PASS	PASS	PASS	PASS	PASS	PASS
FOXO1_TTCAGC20NTA_AF_3	/scratch/project_2013895/SELEX/data/Jolma2013/submitted_ftp/FOXO1_TTCAGC20NTA_AF_3.fastq.gz	signal	225057	4.5 Mbp	4500000	0	20	48	PASS	PASS	NA	PASS	WARN	PASS	PASS	PASS	PASS	PASS	PASS
FOXO3_TGTTGC20NGTG_W_4	/scratch/project_2013895/SELEX/data/Jolma2013/submitted_ftp/FOXO3_TGTTGC20NGTG_W_4.fastq.gz	signal	22732	454.6 kbp	454600	0	20	47	PASS	PASS	NA	PASS	WARN	PASS	PASS	PASS	PASS	WARN	PASS
FOXO4_TGACTC20NGA_AC_3	/scratch/project_2013895/SELEX/data/Jolma2013/submitted_ftp/FOXO4_TGACTC20NGA_AC_3.fastq.gz	signal	161839	3.2 Mbp	3200000	0	20	48	PASS	PASS	NA	PASS	WARN	PASS	PASS	PASS	PASS	WARN	PASS
FOXO6_TCGTGT30NGTT_AH_4	/scratch/project_2013895/SELEX/data/Jolma2013/submitted_ftp/FOXO6_TCGTGT30NGTT_AH_4.fastq.gz	signal	761710	22.8 Mbp	22800000	0	30	47	PASS	PASS	NA	PASS	WARN	PASS	PASS	PASS	PASS	PASS	PASS
FOXO6_TCGTGT30NGTT_AH_3	/scratch/project_2013895/SELEX/data/Jolma2013/submitted_ftp/FOXO6_TCGTGT30NGTT_AH_3.fastq.gz	both	488818	14.6 Mbp	14600000	0	30	48	PASS	PASS	NA	PASS	WARN	PASS	WARN	PASS	PASS	PASS	PASS
FOXP3_TCAATT20NTAA_Y_4	/scratch/project_2013895/SELEX/data/Jolma2013/submitted_ftp/FOXP3_TCAATT20NTAA_Y_4.fastq.gz	signal	54654	1 Mbp	1000000	0	20	44	PASS	PASS	NA	PASS	WARN	PASS	PASS	PASS	PASS	PASS	PASS
Foxc1_CCCCT14N_T_4	/scratch/project_2013895/SELEX/data/Jolma2013/submitted_ftp/Foxc1_CCCCT14N_T_4.fastq.gz	signal	80798	1.1 Mbp	1100000	0	14	45	PASS	PASS	NA	PASS	WARN	PASS	PASS	PASS	PASS	WARN	PASS
Foxg1_TATCTG20NTCG_AF_4	/scratch/project_2013895/SELEX/data/Jolma2013/submitted_ftp/Foxg1_TATCTG20NTCG_AF_4.fastq.gz	signal	22403	448 kbp	448000	0	20	36	PASS	PASS	NA	PASS	FAIL	FAIL	PASS	PASS	WARN	FAIL	PASS
Foxj3_TAAACA20NCAA_AF_4	/scratch/project_2013895/SELEX/data/Jolma2013/submitted_ftp/Foxj3_TAAACA20NCAA_AF_4.fastq.gz	signal	130652	2.6 Mbp	2600000	0	20	35	PASS	PASS	NA	PASS	FAIL	FAIL	PASS	PASS	PASS	WARN	PASS
Foxj3_TAAACA20NCAA_AF_3	/scratch/project_2013895/SELEX/data/Jolma2013/submitted_ftp/Foxj3_TAAACA20NCAA_AF_3.fastq.gz	both	344735	6.8 Mbp	6800000	0	20	44	PASS	PASS	NA	PASS	WARN	PASS	PASS	PASS	PASS	PASS	PASS
Foxk1_TGGGTA20NCG_Q_4	/scratch/project_2013895/SELEX/data/Jolma2013/submitted_ftp/Foxk1_TGGGTA20NCG_Q_4.fastq.gz	signal	682549	13.6 Mbp	13600000	0	20	51	PASS	PASS	NA	PASS	WARN	WARN	PASS	PASS	PASS	WARN	PASS
ALX3_TGTAAA20NAAG_Z_2	/scratch/project_2013895/SELEX/data/Jolma2013/submitted_ftp/ALX3_TGTAAA20NAAG_Z_2.fastq.gz	signal	203891	4 Mbp	4000000	0	20	34	PASS	PASS	NA	PASS	FAIL	PASS	PASS	PASS	PASS	PASS	PASS
ALX3_TGCAAG20NGA_AE_2	/scratch/project_2013895/SELEX/data/Jolma2013/submitted_ftp/ALX3_TGCAAG20NGA_AE_2.fastq.gz	signal	235959	4.7 Mbp	4700000	0	20	46	PASS	PASS	NA	PASS	WARN	PASS	PASS	PASS	PASS	PASS	PASS
ALX4_TGTGTC20NGA_W_2	/scratch/project_2013895/SELEX/data/Jolma2013/submitted_ftp/ALX4_TGTGTC20NGA_W_2.fastq.gz	signal	192252	3.8 Mbp	3800000	0	20	37	PASS	PASS	NA	PASS	FAIL	WARN	PASS	PASS	PASS	PASS	PASS
ARX_TGCGTT20NTGC_Z_2	/scratch/project_2013895/SELEX/data/Jolma2013/submitted_ftp/ARX_TGCGTT20NTGC_Z_2.fastq.gz	signal	147307	2.9 Mbp	2900000	0	20	28	PASS	PASS	NA	PASS	FAIL	WARN	PASS	PASS	PASS	PASS	PASS
Alx1_TAAAGC20NCG_Z_3	/scratch/project_2013895/SELEX/data/Jolma2013/submitted_ftp/Alx1_TAAAGC20NCG_Z_3.fastq.gz	signal	255766	5.1 Mbp	5100000	0	20	29	PASS	PASS	NA	PASS	WARN	WARN	PASS	PASS	PASS	PASS	PASS
Alx4_TGGTAG20NCG_P_2	/scratch/project_2013895/SELEX/data/Jolma2013/submitted_ftp/Alx4_TGGTAG20NCG_P_2.fastq.gz	signal	113961	2.2 Mbp	2200000	0	20	34	PASS	PASS	NA	PASS	WARN	FAIL	PASS	PASS	PASS	PASS	PASS
Arx_TCGCAT20NACT_AC_2	/scratch/project_2013895/SELEX/data/Jolma2013/submitted_ftp/Arx_TCGCAT20NACT_AC_2.fastq.gz	signal	485745	9.7 Mbp	9700000	0	20	41	PASS	PASS	NA	PASS	WARN	PASS	PASS	PASS	PASS	PASS	PASS
BARHL2_TATTGT20NGTG_AC_2	/scratch/project_2013895/SELEX/data/Jolma2013/submitted_ftp/BARHL2_TATTGT20NGTG_AC_2.fastq.gz	both	175276	3.5 Mbp	3500000	0	20	41	PASS	PASS	NA	PASS	WARN	PASS	PASS	PASS	PASS	PASS	PASS
BARHL2_TATTGT20NGTG_AC_3	/scratch/project_2013895/SELEX/data/Jolma2013/submitted_ftp/BARHL2_TATTGT20NGTG_AC_3.fastq.gz	signal	343435	6.8 Mbp	6800000	0	20	35	PASS	PASS	NA	PASS	FAIL	WARN	PASS	PASS	PASS	PASS	PASS
BARHL2_TCCAGT40NGAC_AI_3	/scratch/project_2013895/SELEX/data/Jolma2013/submitted_ftp/BARHL2_TCCAGT40NGAC_AI_3.fastq.gz	both	459942	18.3 Mbp	18300000	0	40	44	PASS	PASS	NA	PASS	WARN	PASS	WARN	PASS	PASS	PASS	PASS
BARHL2_TCCAGT40NGAC_AI_4	/scratch/project_2013895/SELEX/data/Jolma2013/submitted_ftp/BARHL2_TCCAGT40NGAC_AI_4.fastq.gz	signal	504263	20.1 Mbp	20100000	0	40	42	PASS	PASS	NA	PASS	FAIL	WARN	FAIL	PASS	PASS	PASS	PASS
BARX1_TATTCG20NCTG_AC_3	/scratch/project_2013895/SELEX/data/Jolma2013/submitted_ftp/BARX1_TATTCG20NCTG_AC_3.fastq.gz	signal	397388	7.9 Mbp	7900000	0	20	37	PASS	PASS	NA	PASS	FAIL	WARN	PASS	PASS	PASS	PASS	PASS
BSX_TATGAA20NCG_Y_3	/scratch/project_2013895/SELEX/data/Jolma2013/submitted_ftp/BSX_TATGAA20NCG_Y_3.fastq.gz	signal	149224	2.9 Mbp	2900000	0	20	37	PASS	PASS	NA	PASS	FAIL	PASS	PASS	PASS	WARN	PASS	PASS
Barhl1_TCAGTC20NCG_AC_2	/scratch/project_2013895/SELEX/data/Jolma2013/submitted_ftp/Barhl1_TCAGTC20NCG_AC_2.fastq.gz	both	140743	2.8 Mbp	2800000	0	20	43	PASS	PASS	NA	PASS	FAIL	WARN	PASS	PASS	PASS	PASS	PASS
Barhl1_TCAGTC20NCG_AC_3	/scratch/project_2013895/SELEX/data/Jolma2013/submitted_ftp/Barhl1_TCAGTC20NCG_AC_3.fastq.gz	signal	368303	7.3 Mbp	7300000	0	20	36	PASS	PASS	NA	PASS	FAIL	WARN	PASS	PASS	WARN	PASS	PASS
CART1_TGCGCC20NGA_Y_2	/scratch/project_2013895/SELEX/data/Jolma2013/submitted_ftp/CART1_TGCGCC20NGA_Y_2.fastq.gz	signal	131957	2.6 Mbp	2600000	0	20	36	PASS	PASS	NA	PASS	FAIL	WARN	PASS	PASS	PASS	PASS	PASS
CDX1_TCAACC20NCAA_Y_3	/scratch/project_2013895/SELEX/data/Jolma2013/submitted_ftp/CDX1_TCAACC20NCAA_Y_3.fastq.gz	signal	146037	2.9 Mbp	2900000	0	20	40	PASS	PASS	NA	PASS	WARN	PASS	PASS	PASS	PASS	PASS	PASS
CDX2_TACTTG20NCG_Y_4	/scratch/project_2013895/SELEX/data/Jolma2013/submitted_ftp/CDX2_TACTTG20NCG_Y_4.fastq.gz	signal	88028	1.7 Mbp	1700000	0	20	46	PASS	PASS	NA	PASS	WARN	PASS	PASS	PASS	PASS	WARN	PASS
DLX1_TCTTGA20NGA_AC_4	/scratch/project_2013895/SELEX/data/Jolma2013/submitted_ftp/DLX1_TCTTGA20NGA_AC_4.fastq.gz	signal	41808	836.1 kbp	836100	0	20	40	PASS	PASS	NA	PASS	WARN	WARN	PASS	PASS	PASS	WARN	PASS
DLX2_TTCATG20NTA_AF_2	/scratch/project_2013895/SELEX/data/Jolma2013/submitted_ftp/DLX2_TTCATG20NTA_AF_2.fastq.gz	signal	180859	3.6 Mbp	3600000	0	20	43	PASS	PASS	NA	PASS	FAIL	PASS	PASS	PASS	PASS	PASS	PASS
DLX3_TATGTT20NCG_Y_2	/scratch/project_2013895/SELEX/data/Jolma2013/submitted_ftp/DLX3_TATGTT20NCG_Y_2.fastq.gz	signal	69863	1.3 Mbp	1300000	0	20	41	PASS	PASS	NA	PASS	FAIL	WARN	PASS	PASS	PASS	PASS	PASS
DLX4_TCTTCT20NGA_AC_3	/scratch/project_2013895/SELEX/data/Jolma2013/submitted_ftp/DLX4_TCTTCT20NGA_AC_3.fastq.gz	signal	163045	3.2 Mbp	3200000	0	20	44	PASS	PASS	NA	PASS	FAIL	PASS	PASS	PASS	PASS	PASS	PASS
DLX5_AGGGC14N_S_3	/scratch/project_2013895/SELEX/data/Jolma2013/submitted_ftp/DLX5_AGGGC14N_S_3.fastq.gz	signal	135488	1.8 Mbp	1800000	0	14	37	PASS	PASS	NA	PASS	WARN	PASS	PASS	PASS	PASS	PASS	PASS
DLX6_TGCGGG20NGA_Y_3	/scratch/project_2013895/SELEX/data/Jolma2013/submitted_ftp/DLX6_TGCGGG20NGA_Y_3.fastq.gz	signal	19014	380.2 kbp	380200	0	20	42	PASS	PASS	NA	PASS	WARN	PASS	PASS	PASS	PASS	WARN	PASS
DMBX1_TAACCC20NCCA_AC_4	/scratch/project_2013895/SELEX/data/Jolma2013/submitted_ftp/DMBX1_TAACCC20NCCA_AC_4.fastq.gz	signal	160581	3.2 Mbp	3200000	0	20	45	PASS	PASS	NA	PASS	WARN	PASS	PASS	PASS	PASS	PASS	PASS
DPRX_TCGAAG30NAAT_AI_2	/scratch/project_2013895/SELEX/data/Jolma2013/submitted_ftp/DPRX_TCGAAG30NAAT_AI_2.fastq.gz	signal	362665	10.8 Mbp	10800000	0	30	49	PASS	PASS	NA	PASS	WARN	PASS	PASS	PASS	PASS	PASS	PASS
DRGX_TCCCTC20NCG_Y_2	/scratch/project_2013895/SELEX/data/Jolma2013/submitted_ftp/DRGX_TCCCTC20NCG_Y_2.fastq.gz	signal	51294	1 Mbp	1000000	0	20	36	PASS	PASS	NA	PASS	WARN	WARN	PASS	PASS	PASS	PASS	PASS
DUXA_TTCACA20NTA_AF_2	/scratch/project_2013895/SELEX/data/Jolma2013/submitted_ftp/DUXA_TTCACA20NTA_AF_2.fastq.gz	signal	154836	3 Mbp	3000000	0	20	48	PASS	PASS	NA	PASS	FAIL	PASS	PASS	PASS	PASS	PASS	PASS
Dlx1_TGAGAT20NCG_P_2	/scratch/project_2013895/SELEX/data/Jolma2013/submitted_ftp/Dlx1_TGAGAT20NCG_P_2.fastq.gz	signal	122227	2.4 Mbp	2400000	0	20	40	PASS	PASS	NA	PASS	FAIL	WARN	PASS	PASS	PASS	PASS	PASS
Dlx2_TCGCCA20NCCT_AA_3	/scratch/project_2013895/SELEX/data/Jolma2013/submitted_ftp/Dlx2_TCGCCA20NCCT_AA_3.fastq.gz	signal	284459	5.6 Mbp	5600000	0	20	31	PASS	PASS	NA	PASS	FAIL	WARN	PASS	PASS	PASS	PASS	PASS
EMX1_TCGCAT30NACT_AI_3	/scratch/project_2013895/SELEX/data/Jolma2013/submitted_ftp/EMX1_TCGCAT30NACT_AI_3.fastq.gz	signal	468417	14 Mbp	14000000	0	30	44	PASS	PASS	NA	PASS	WARN	PASS	WARN	PASS	PASS	PASS	PASS
EMX2_TGGTTC30NTTT_AI_4	/scratch/project_2013895/SELEX/data/Jolma2013/submitted_ftp/EMX2_TGGTTC30NTTT_AI_4.fastq.gz	signal	572298	17.1 Mbp	17100000	0	30	37	PASS	PASS	NA	PASS	FAIL	WARN	FAIL	PASS	PASS	PASS	PASS
EN1_TGTAGG20NGA_Y_3	/scratch/project_2013895/SELEX/data/Jolma2013/submitted_ftp/EN1_TGTAGG20NGA_Y_3.fastq.gz	signal	117190	2.3 Mbp	2300000	0	20	49	PASS	PASS	NA	PASS	FAIL	PASS	PASS	PASS	PASS	PASS	PASS
EN1_TGACCT20NCCA_W_3	/scratch/project_2013895/SELEX/data/Jolma2013/submitted_ftp/EN1_TGACCT20NCCA_W_3.fastq.gz	both	88359	1.7 Mbp	1700000	0	20	44	PASS	PASS	NA	PASS	FAIL	PASS	PASS	PASS	PASS	PASS	PASS
EN1_TGACCT20NCCA_W_4	/scratch/project_2013895/SELEX/data/Jolma2013/submitted_ftp/EN1_TGACCT20NCCA_W_4.fastq.gz	signal	51592	1 Mbp	1000000	0	20	43	PASS	PASS	NA	PASS	FAIL	PASS	PASS	PASS	PASS	PASS	PASS
EN2_TTGAGG20NGA_R_3	/scratch/project_2013895/SELEX/data/Jolma2013/submitted_ftp/EN2_TTGAGG20NGA_R_3.fastq.gz	signal	104360	2 Mbp	2000000	0	20	40	PASS	PASS	NA	PASS	WARN	WARN	PASS	PASS	FAIL	FAIL	PASS
EN2_TGCCAT20NGA_AE_3	/scratch/project_2013895/SELEX/data/Jolma2013/submitted_ftp/EN2_TGCCAT20NGA_AE_3.fastq.gz	signal	227193	4.5 Mbp	4500000	0	20	51	PASS	PASS	NA	PASS	FAIL	PASS	PASS	PASS	PASS	PASS	PASS
ESX1_TCTCGG20NGA_AC_2	/scratch/project_2013895/SELEX/data/Jolma2013/submitted_ftp/ESX1_TCTCGG20NGA_AC_2.fastq.gz	signal	142687	2.8 Mbp	2800000	0	20	37	PASS	PASS	NA	PASS	FAIL	WARN	PASS	PASS	PASS	PASS	PASS
ESX1_TCTTCT20NGA_AE_2	/scratch/project_2013895/SELEX/data/Jolma2013/submitted_ftp/ESX1_TCTTCT20NGA_AE_2.fastq.gz	signal	4749	94.9 kbp	94900	0	20	34	PASS	PASS	NA	PASS	FAIL	WARN	PASS	PASS	PASS	PASS	PASS
EVX1_TGGGAC20NAGT_Z_3	/scratch/project_2013895/SELEX/data/Jolma2013/submitted_ftp/EVX1_TGGGAC20NAGT_Z_3.fastq.gz	signal	60158	1.2 Mbp	1200000	0	20	39	PASS	PASS	NA	PASS	FAIL	PASS	PASS	PASS	PASS	PASS	PASS
EVX2_TCAAGG20NGAA_Y_3	/scratch/project_2013895/SELEX/data/Jolma2013/submitted_ftp/EVX2_TCAAGG20NGAA_Y_3.fastq.gz	signal	184395	3.6 Mbp	3600000	0	20	35	PASS	PASS	NA	PASS	WARN	WARN	PASS	PASS	PASS	PASS	PASS
En2_TCAGCT20NCG_Z_4	/scratch/project_2013895/SELEX/data/Jolma2013/submitted_ftp/En2_TCAGCT20NCG_Z_4.fastq.gz	signal	7456	149.1 kbp	149100	0	20	43	PASS	PASS	NA	PASS	FAIL	PASS	PASS	PASS	PASS	PASS	PASS
GBX1_TAGTCC20NCG_Y_4	/scratch/project_2013895/SELEX/data/Jolma2013/submitted_ftp/GBX1_TAGTCC20NCG_Y_4.fastq.gz	signal	144654	2.8 Mbp	2800000	0	20	30	PASS	PASS	NA	PASS	FAIL	WARN	PASS	PASS	FAIL	FAIL	PASS
GBX2_TCCCGA20NGCC_Y_3	/scratch/project_2013895/SELEX/data/Jolma2013/submitted_ftp/GBX2_TCCCGA20NGCC_Y_3.fastq.gz	signal	130503	2.6 Mbp	2600000	0	20	36	PASS	PASS	NA	PASS	WARN	WARN	PASS	PASS	PASS	PASS	PASS
GBX2_TGATTT20NGA_AE_2	/scratch/project_2013895/SELEX/data/Jolma2013/submitted_ftp/GBX2_TGATTT20NGA_AE_2.fastq.gz	signal	388850	7.7 Mbp	7700000	0	20	49	PASS	PASS	NA	PASS	WARN	PASS	PASS	PASS	PASS	PASS	PASS
GSC2_TTAGAA20NTA_AF_3	/scratch/project_2013895/SELEX/data/Jolma2013/submitted_ftp/GSC2_TTAGAA20NTA_AF_3.fastq.gz	signal	301201	6 Mbp	6000000	0	20	50	PASS	PASS	NA	PASS	FAIL	PASS	PASS	PASS	PASS	PASS	PASS
GSC_TGGGAC20NGA_AE_3	/scratch/project_2013895/SELEX/data/Jolma2013/submitted_ftp/GSC_TGGGAC20NGA_AE_3.fastq.gz	signal	252115	5 Mbp	5000000	0	20	48	PASS	PASS	NA	PASS	FAIL	PASS	PASS	PASS	PASS	PASS	PASS
GSX1_TCACAC20NCG_Y_4	/scratch/project_2013895/SELEX/data/Jolma2013/submitted_ftp/GSX1_TCACAC20NCG_Y_4.fastq.gz	signal	13723	274.4 kbp	274400	0	20	41	PASS	PASS	NA	PASS	FAIL	PASS	PASS	PASS	PASS	WARN	PASS
GSX2_TCCAAC20NCG_Y_3	/scratch/project_2013895/SELEX/data/Jolma2013/submitted_ftp/GSX2_TCCAAC20NCG_Y_3.fastq.gz	signal	124094	2.4 Mbp	2400000	0	20	35	PASS	PASS	NA	PASS	FAIL	WARN	PASS	PASS	PASS	PASS	PASS
Gbx1_TCGGTT20NCG_Q_2	/scratch/project_2013895/SELEX/data/Jolma2013/submitted_ftp/Gbx1_TCGGTT20NCG_Q_2.fastq.gz	signal	197226	3.9 Mbp	3900000	0	20	44	PASS	PASS	NA	PASS	WARN	WARN	PASS	PASS	PASS	WARN	PASS
Gbx2_TACACC20NCAC_Z_3	/scratch/project_2013895/SELEX/data/Jolma2013/submitted_ftp/Gbx2_TACACC20NCAC_Z_3.fastq.gz	signal	231984	4.6 Mbp	4600000	0	20	44	PASS	PASS	NA	PASS	WARN	PASS	PASS	PASS	PASS	PASS	PASS
HESX1_TCTTCT20NCTG_Z_3	/scratch/project_2013895/SELEX/data/Jolma2013/submitted_ftp/HESX1_TCTTCT20NCTG_Z_3.fastq.gz	signal	21849	436.9 kbp	436900	0	20	38	PASS	PASS	NA	PASS	WARN	PASS	PASS	PASS	PASS	PASS	PASS
HMBOX1_TCCTGG20NCG_Z_4	/scratch/project_2013895/SELEX/data/Jolma2013/submitted_ftp/HMBOX1_TCCTGG20NCG_Z_4.fastq.gz	signal	29156	583.1 kbp	583100	0	20	50	PASS	PASS	NA	PASS	FAIL	PASS	PASS	PASS	PASS	WARN	PASS
HMX1_TCGCCA20NCCT_Z_4	/scratch/project_2013895/SELEX/data/Jolma2013/submitted_ftp/HMX1_TCGCCA20NCCT_Z_4.fastq.gz	signal	29806	596.1 kbp	596100	0	20	40	PASS	PASS	NA	PASS	WARN	PASS	PASS	PASS	PASS	PASS	PASS
HMX2_TAGTGG20NCG_Y_4	/scratch/project_2013895/SELEX/data/Jolma2013/submitted_ftp/HMX2_TAGTGG20NCG_Y_4.fastq.gz	signal	68718	1.3 Mbp	1300000	0	20	38	PASS	PASS	NA	PASS	FAIL	PASS	PASS	PASS	PASS	WARN	PASS
HMX3_TGCACT30NCAC_AI_3	/scratch/project_2013895/SELEX/data/Jolma2013/submitted_ftp/HMX3_TGCACT30NCAC_AI_3.fastq.gz	signal	703682	21.1 Mbp	21100000	0	30	47	PASS	PASS	NA	PASS	WARN	PASS	WARN	PASS	PASS	PASS	PASS
HNF1A_TGAGCA20NCGA_W_2	/scratch/project_2013895/SELEX/data/Jolma2013/submitted_ftp/HNF1A_TGAGCA20NCGA_W_2.fastq.gz	signal	177149	3.5 Mbp	3500000	0	20	29	PASS	PASS	NA	PASS	FAIL	WARN	PASS	PASS	PASS	PASS	PASS
HNF1B_TCGACT20NCAT_W_2	/scratch/project_2013895/SELEX/data/Jolma2013/submitted_ftp/HNF1B_TCGACT20NCAT_W_2.fastq.gz	signal	174887	3.4 Mbp	3400000	0	20	36	PASS	PASS	NA	PASS	WARN	FAIL	PASS	PASS	PASS	PASS	PASS
HOXA10_TAGGAT30NAGT_AI_4	/scratch/project_2013895/SELEX/data/Jolma2013/submitted_ftp/HOXA10_TAGGAT30NAGT_AI_4.fastq.gz	signal	459522	13.7 Mbp	13700000	0	30	44	PASS	PASS	NA	PASS	WARN	WARN	FAIL	PASS	PASS	PASS	PASS
HOXA13_TTCTCT20NTA_AF_3	/scratch/project_2013895/SELEX/data/Jolma2013/submitted_ftp/HOXA13_TTCTCT20NTA_AF_3.fastq.gz	signal	157159	3.1 Mbp	3100000	0	20	47	PASS	PASS	NA	PASS	WARN	PASS	PASS	PASS	PASS	PASS	PASS
HOXA13_TGTGGA20NGGG_AE_4	/scratch/project_2013895/SELEX/data/Jolma2013/submitted_ftp/HOXA13_TGTGGA20NGGG_AE_4.fastq.gz	signal	23056	461.1 kbp	461100	0	20	42	PASS	PASS	NA	PASS	WARN	PASS	PASS	PASS	PASS	PASS	PASS
HOXA1_TGGAAT20NAAT_AF_3	/scratch/project_2013895/SELEX/data/Jolma2013/submitted_ftp/HOXA1_TGGAAT20NAAT_AF_3.fastq.gz	signal	136330	2.7 Mbp	2700000	0	20	41	PASS	PASS	NA	PASS	FAIL	WARN	PASS	PASS	PASS	PASS	PASS
HOXA2_TTATTA20NTA_AF_3	/scratch/project_2013895/SELEX/data/Jolma2013/submitted_ftp/HOXA2_TTATTA20NTA_AF_3.fastq.gz	signal	294698	5.8 Mbp	5800000	0	20	47	PASS	PASS	NA	PASS	FAIL	PASS	PASS	PASS	PASS	PASS	PASS
HOXB13_TGCCTG20NGA_Y_3	/scratch/project_2013895/SELEX/data/Jolma2013/submitted_ftp/HOXB13_TGCCTG20NGA_Y_3.fastq.gz	signal	69210	1.3 Mbp	1300000	0	20	41	PASS	PASS	NA	PASS	FAIL	PASS	PASS	PASS	PASS	PASS	PASS
HOXB2_TAACAA20NACA_Y_2	/scratch/project_2013895/SELEX/data/Jolma2013/submitted_ftp/HOXB2_TAACAA20NACA_Y_2.fastq.gz	signal	158335	3.1 Mbp	3100000	0	20	39	PASS	PASS	NA	PASS	WARN	PASS	PASS	PASS	PASS	PASS	PASS
HOXB3_TACATT20NTAC_Y_3	/scratch/project_2013895/SELEX/data/Jolma2013/submitted_ftp/HOXB3_TACATT20NTAC_Y_3.fastq.gz	signal	123965	2.4 Mbp	2400000	0	20	39	PASS	PASS	NA	PASS	FAIL	PASS	PASS	PASS	PASS	PASS	PASS
HOXB5_TCTTGA20NGTG_Z_3	/scratch/project_2013895/SELEX/data/Jolma2013/submitted_ftp/HOXB5_TCTTGA20NGTG_Z_3.fastq.gz	signal	54911	1 Mbp	1000000	0	20	43	PASS	PASS	NA	PASS	WARN	PASS	PASS	PASS	PASS	PASS	PASS
HOXC10_TGGACA20NGA_Y_3	/scratch/project_2013895/SELEX/data/Jolma2013/submitted_ftp/HOXC10_TGGACA20NGA_Y_3.fastq.gz	signal	138714	2.7 Mbp	2700000	0	20	34	PASS	PASS	NA	PASS	FAIL	WARN	PASS	PASS	PASS	PASS	PASS
HOXC11_TCACTA20NTCA_AC_4	/scratch/project_2013895/SELEX/data/Jolma2013/submitted_ftp/HOXC11_TCACTA20NTCA_AC_4.fastq.gz	signal	236643	4.7 Mbp	4700000	0	20	37	PASS	PASS	NA	PASS	WARN	PASS	PASS	PASS	PASS	PASS	PASS
HOXC11_TGCGAA20NGA_AF_4	/scratch/project_2013895/SELEX/data/Jolma2013/submitted_ftp/HOXC11_TGCGAA20NGA_AF_4.fastq.gz	signal	107947	2.1 Mbp	2100000	0	20	46	PASS	PASS	NA	PASS	WARN	PASS	PASS	PASS	PASS	WARN	PASS
HOXC12_TCATGC20NGTA_Y_4	/scratch/project_2013895/SELEX/data/Jolma2013/submitted_ftp/HOXC12_TCATGC20NGTA_Y_4.fastq.gz	signal	117481	2.3 Mbp	2300000	0	20	36	PASS	PASS	NA	PASS	FAIL	WARN	PASS	PASS	PASS	PASS	PASS
HOXC13_TCCCTC20NTCC_Y_3	/scratch/project_2013895/SELEX/data/Jolma2013/submitted_ftp/HOXC13_TCCCTC20NTCC_Y_3.fastq.gz	signal	114242	2.2 Mbp	2200000	0	20	41	PASS	PASS	NA	PASS	WARN	PASS	PASS	PASS	PASS	PASS	PASS
HOXD11_TCCGGC20NGGC_Y_4	/scratch/project_2013895/SELEX/data/Jolma2013/submitted_ftp/HOXD11_TCCGGC20NGGC_Y_4.fastq.gz	signal	33279	665.5 kbp	665500	0	20	42	PASS	PASS	NA	PASS	WARN	PASS	PASS	PASS	PASS	WARN	PASS
HOXD12_TCAGTC20NCG_Y_4	/scratch/project_2013895/SELEX/data/Jolma2013/submitted_ftp/HOXD12_TCAGTC20NCG_Y_4.fastq.gz	signal	97764	1.9 Mbp	1900000	0	20	31	PASS	PASS	NA	PASS	FAIL	PASS	PASS	PASS	WARN	WARN	PASS
HOXD13_GTGCT14N_U_4	/scratch/project_2013895/SELEX/data/Jolma2013/submitted_ftp/HOXD13_GTGCT14N_U_4.fastq.gz	signal	121994	1.7 Mbp	1700000	0	14	43	PASS	PASS	NA	PASS	WARN	PASS	PASS	PASS	PASS	WARN	PASS
HOXD8_TCATAT20NATA_Y_4	/scratch/project_2013895/SELEX/data/Jolma2013/submitted_ftp/HOXD8_TCATAT20NATA_Y_4.fastq.gz	signal	25249	504.9 kbp	504900	0	20	39	PASS	PASS	NA	PASS	FAIL	PASS	PASS	PASS	PASS	WARN	PASS
Hoxa11_TCCCCT20NCG_Z_4	/scratch/project_2013895/SELEX/data/Jolma2013/submitted_ftp/Hoxa11_TCCCCT20NCG_Z_4.fastq.gz	signal	139101	2.7 Mbp	2700000	0	20	39	PASS	PASS	NA	PASS	FAIL	WARN	PASS	PASS	PASS	PASS	PASS
Hoxa2_TACCGT20NCG_Z_3	/scratch/project_2013895/SELEX/data/Jolma2013/submitted_ftp/Hoxa2_TACCGT20NCG_Z_3.fastq.gz	signal	225890	4.5 Mbp	4500000	0	20	32	PASS	PASS	NA	PASS	FAIL	WARN	PASS	PASS	PASS	PASS	PASS
Hoxc10_TATAGA20NGAG_Z_4	/scratch/project_2013895/SELEX/data/Jolma2013/submitted_ftp/Hoxc10_TATAGA20NGAG_Z_4.fastq.gz	signal	252229	5 Mbp	5000000	0	20	42	PASS	PASS	NA	PASS	WARN	PASS	PASS	PASS	PASS	PASS	PASS
Hoxd13_TGATAA20NATA_AC_4	/scratch/project_2013895/SELEX/data/Jolma2013/submitted_ftp/Hoxd13_TGATAA20NATA_AC_4.fastq.gz	signal	67456	1.3 Mbp	1300000	0	20	41	PASS	PASS	NA	PASS	FAIL	WARN	PASS	PASS	PASS	PASS	PASS
Hoxd3_TGCCAT20NCG_P_4	/scratch/project_2013895/SELEX/data/Jolma2013/submitted_ftp/Hoxd3_TGCCAT20NCG_P_4.fastq.gz	signal	412248	8.2 Mbp	8199999.999999999	0	20	48	PASS	PASS	NA	PASS	FAIL	WARN	PASS	PASS	PASS	PASS	PASS
Hoxd9_TCCTAA20NCG_Z_4	/scratch/project_2013895/SELEX/data/Jolma2013/submitted_ftp/Hoxd9_TCCTAA20NCG_Z_4.fastq.gz	signal	166333	3.3 Mbp	3300000	0	20	48	PASS	PASS	NA	PASS	FAIL	PASS	PASS	PASS	PASS	PASS	PASS
IRX2_TGCATC30NTAC_AI_4	/scratch/project_2013895/SELEX/data/Jolma2013/submitted_ftp/IRX2_TGCATC30NTAC_AI_4.fastq.gz	signal	634042	19 Mbp	19000000	0	30	43	PASS	PASS	NA	PASS	FAIL	WARN	WARN	PASS	PASS	PASS	PASS
IRX5_TAAGGT20NTA_Q_3	/scratch/project_2013895/SELEX/data/Jolma2013/submitted_ftp/IRX5_TAAGGT20NTA_Q_3.fastq.gz	signal	360140	7.2 Mbp	7200000	0	20	49	PASS	PASS	NA	PASS	WARN	WARN	PASS	PASS	PASS	PASS	PASS
ISL2_TCTAAT30NAAG_AI_4	/scratch/project_2013895/SELEX/data/Jolma2013/submitted_ftp/ISL2_TCTAAT30NAAG_AI_4.fastq.gz	signal	646236	19.3 Mbp	19300000	0	30	43	PASS	PASS	NA	PASS	FAIL	WARN	FAIL	PASS	PASS	PASS	PASS
ISX_TATTTA20NCG_Y_3	/scratch/project_2013895/SELEX/data/Jolma2013/submitted_ftp/ISX_TATTTA20NCG_Y_3.fastq.gz	signal	138974	2.7 Mbp	2700000	0	20	29	PASS	PASS	NA	PASS	FAIL	PASS	PASS	PASS	FAIL	PASS	PASS
ISX_TATTTA20NCG_Y_2	/scratch/project_2013895/SELEX/data/Jolma2013/submitted_ftp/ISX_TATTTA20NCG_Y_2.fastq.gz	both	103811	2 Mbp	2000000	0	20	34	PASS	PASS	NA	PASS	FAIL	WARN	PASS	PASS	PASS	PASS	PASS
ISX_TGAGTG20NTGA_AE_2	/scratch/project_2013895/SELEX/data/Jolma2013/submitted_ftp/ISX_TGAGTG20NTGA_AE_2.fastq.gz	signal	129598	2.5 Mbp	2500000	0	20	40	PASS	PASS	NA	PASS	FAIL	PASS	PASS	PASS	PASS	PASS	PASS
Irx3_TACTGC20NCG_Z_4	/scratch/project_2013895/SELEX/data/Jolma2013/submitted_ftp/Irx3_TACTGC20NCG_Z_4.fastq.gz	signal	23024	460.4 kbp	460400	0	20	42	PASS	PASS	NA	PASS	WARN	WARN	PASS	PASS	PASS	FAIL	PASS
LBX2_TAATTC20NTTA_Y_4	/scratch/project_2013895/SELEX/data/Jolma2013/submitted_ftp/LBX2_TAATTC20NTTA_Y_4.fastq.gz	signal	162587	3.2 Mbp	3200000	0	20	36	PASS	PASS	NA	PASS	FAIL	WARN	PASS	PASS	PASS	WARN	PASS
LBX2_TAATTC20NTTA_Y_2	/scratch/project_2013895/SELEX/data/Jolma2013/submitted_ftp/LBX2_TAATTC20NTTA_Y_2.fastq.gz	signal	129576	2.5 Mbp	2500000	0	20	43	PASS	PASS	NA	PASS	FAIL	PASS	PASS	PASS	PASS	PASS	PASS
LHX2_TCCAGT30NGAC_AI_4	/scratch/project_2013895/SELEX/data/Jolma2013/submitted_ftp/LHX2_TCCAGT30NGAC_AI_4.fastq.gz	signal	458812	13.7 Mbp	13700000	0	30	33	PASS	PASS	NA	PASS	FAIL	FAIL	FAIL	PASS	WARN	WARN	PASS
LHX6_TCGGGG20NGGT_AF_4	/scratch/project_2013895/SELEX/data/Jolma2013/submitted_ftp/LHX6_TCGGGG20NGGT_AF_4.fastq.gz	signal	47253	945 kbp	945000	0	20	42	PASS	PASS	NA	PASS	WARN	PASS	PASS	PASS	PASS	WARN	PASS
LHX9_TATTGT20NGTG_Y_2	/scratch/project_2013895/SELEX/data/Jolma2013/submitted_ftp/LHX9_TATTGT20NGTG_Y_2.fastq.gz	both	163107	3.2 Mbp	3200000	0	20	44	PASS	PASS	NA	PASS	WARN	PASS	PASS	PASS	PASS	PASS	PASS
LHX9_TATTGT20NGTG_Y_3	/scratch/project_2013895/SELEX/data/Jolma2013/submitted_ftp/LHX9_TATTGT20NGTG_Y_3.fastq.gz	signal	176453	3.5 Mbp	3500000	0	20	41	PASS	PASS	NA	PASS	WARN	PASS	PASS	PASS	PASS	PASS	PASS
LMX1A_TCTGGT20NGGG_Z_3	/scratch/project_2013895/SELEX/data/Jolma2013/submitted_ftp/LMX1A_TCTGGT20NGGG_Z_3.fastq.gz	signal	42625	852.5 kbp	852500	0	20	38	PASS	PASS	NA	PASS	WARN	WARN	PASS	PASS	PASS	PASS	PASS
LMX1B_TGAGGC20NGGA_Z_2	/scratch/project_2013895/SELEX/data/Jolma2013/submitted_ftp/LMX1B_TGAGGC20NGGA_Z_2.fastq.gz	signal	132369	2.6 Mbp	2600000	0	20	35	PASS	PASS	NA	PASS	FAIL	PASS	PASS	PASS	PASS	PASS	PASS
LMX1B_TCGGAA20NAGT_AE_3	/scratch/project_2013895/SELEX/data/Jolma2013/submitted_ftp/LMX1B_TCGGAA20NAGT_AE_3.fastq.gz	signal	116582	2.3 Mbp	2300000	0	20	45	PASS	PASS	NA	PASS	FAIL	PASS	PASS	PASS	PASS	PASS	PASS
Lhx4_TAAATG20NTAA_Z_3	/scratch/project_2013895/SELEX/data/Jolma2013/submitted_ftp/Lhx4_TAAATG20NTAA_Z_3.fastq.gz	signal	403936	8 Mbp	8000000	0	20	43	PASS	PASS	NA	PASS	FAIL	PASS	PASS	PASS	PASS	PASS	PASS
Lhx8_TGCTCG40NCTC_AI_3	/scratch/project_2013895/SELEX/data/Jolma2013/submitted_ftp/Lhx8_TGCTCG40NCTC_AI_3.fastq.gz	signal	277692	11.1 Mbp	11100000	0	40	39	PASS	PASS	NA	PASS	FAIL	WARN	WARN	PASS	PASS	PASS	PASS
MEOX1_TACCTA20NCG_W_4	/scratch/project_2013895/SELEX/data/Jolma2013/submitted_ftp/MEOX1_TACCTA20NCG_W_4.fastq.gz	signal	92086	1.8 Mbp	1800000	0	20	47	PASS	PASS	NA	PASS	WARN	PASS	PASS	PASS	PASS	PASS	PASS
MEOX2_TAGTTT30NTTT_AI_3	/scratch/project_2013895/SELEX/data/Jolma2013/submitted_ftp/MEOX2_TAGTTT30NTTT_AI_3.fastq.gz	both	688369	20.6 Mbp	20600000	0	30	36	PASS	PASS	NA	PASS	FAIL	WARN	WARN	PASS	PASS	PASS	PASS
MEOX2_TAGTTT30NTTT_AI_4	/scratch/project_2013895/SELEX/data/Jolma2013/submitted_ftp/MEOX2_TAGTTT30NTTT_AI_4.fastq.gz	signal	586653	17.5 Mbp	17500000	0	30	32	PASS	PASS	NA	PASS	FAIL	FAIL	FAIL	PASS	WARN	WARN	PASS
MIXL1_TGATTT20NTTA_AE_3	/scratch/project_2013895/SELEX/data/Jolma2013/submitted_ftp/MIXL1_TGATTT20NTTA_AE_3.fastq.gz	signal	160433	3.2 Mbp	3200000	0	20	36	PASS	PASS	NA	PASS	FAIL	WARN	PASS	PASS	PASS	PASS	PASS
MNX1_TGGTGA20NGTT_Z_4	/scratch/project_2013895/SELEX/data/Jolma2013/submitted_ftp/MNX1_TGGTGA20NGTT_Z_4.fastq.gz	signal	6713	134.2 kbp	134200	0	20	43	PASS	PASS	NA	PASS	WARN	PASS	PASS	PASS	PASS	PASS	PASS
MSX1_TGCGAA30NAGC_AI_3	/scratch/project_2013895/SELEX/data/Jolma2013/submitted_ftp/MSX1_TGCGAA30NAGC_AI_3.fastq.gz	signal	614211	18.4 Mbp	18400000	0	30	44	PASS	PASS	NA	PASS	WARN	PASS	WARN	PASS	PASS	PASS	PASS
MSX1_TGCTTA20NGA_AE_3	/scratch/project_2013895/SELEX/data/Jolma2013/submitted_ftp/MSX1_TGCTTA20NGA_AE_3.fastq.gz	signal	311030	6.2 Mbp	6200000	0	20	50	PASS	PASS	NA	PASS	FAIL	PASS	PASS	PASS	PASS	PASS	PASS
MSX2_TGCGGG20NGA_W_3	/scratch/project_2013895/SELEX/data/Jolma2013/submitted_ftp/MSX2_TGCGGG20NGA_W_3.fastq.gz	signal	151319	3 Mbp	3000000	0	20	49	PASS	PASS	NA	PASS	FAIL	WARN	PASS	PASS	PASS	PASS	PASS
Meox2_TACGTC20NTGC_Z_4	/scratch/project_2013895/SELEX/data/Jolma2013/submitted_ftp/Meox2_TACGTC20NTGC_Z_4.fastq.gz	signal	191643	3.8 Mbp	3800000	0	20	42	PASS	PASS	NA	PASS	FAIL	PASS	PASS	PASS	PASS	PASS	PASS
Msx3_TCGACT20NCAT_AA_3	/scratch/project_2013895/SELEX/data/Jolma2013/submitted_ftp/Msx3_TCGACT20NCAT_AA_3.fastq.gz	signal	129719	2.5 Mbp	2500000	0	20	40	PASS	PASS	NA	PASS	FAIL	PASS	PASS	PASS	PASS	PASS	PASS
NKX2-3_TGCTAC20NGA_Y_4	/scratch/project_2013895/SELEX/data/Jolma2013/submitted_ftp/NKX2-3_TGCTAC20NGA_Y_4.fastq.gz	signal	76439	1.5 Mbp	1500000	0	20	49	PASS	PASS	NA	PASS	FAIL	PASS	PASS	PASS	PASS	PASS	PASS
NKX2-3_TGGAAT20NGA_AE_4	/scratch/project_2013895/SELEX/data/Jolma2013/submitted_ftp/NKX2-3_TGGAAT20NGA_AE_4.fastq.gz	signal	62425	1.2 Mbp	1200000	0	20	50	PASS	PASS	NA	PASS	FAIL	WARN	PASS	PASS	PASS	WARN	PASS
NKX2-8_TAGGCA20NCG_Y_4	/scratch/project_2013895/SELEX/data/Jolma2013/submitted_ftp/NKX2-8_TAGGCA20NCG_Y_4.fastq.gz	signal	118336	2.3 Mbp	2300000	0	20	46	PASS	PASS	NA	PASS	FAIL	PASS	PASS	PASS	PASS	PASS	PASS
NKX2-8_TGTTGC20NGTG_AE_4	/scratch/project_2013895/SELEX/data/Jolma2013/submitted_ftp/NKX2-8_TGTTGC20NGTG_AE_4.fastq.gz	signal	47183	943.6 kbp	943600	0	20	45	PASS	PASS	NA	PASS	FAIL	WARN	PASS	PASS	PASS	PASS	PASS
NKX3-1_TCCCTC20NCG_AD_3	/scratch/project_2013895/SELEX/data/Jolma2013/submitted_ftp/NKX3-1_TCCCTC20NCG_AD_3.fastq.gz	signal	202775	4 Mbp	4000000	0	20	50	PASS	PASS	NA	PASS	WARN	PASS	PASS	PASS	PASS	PASS	PASS
NKX3-2_TCCAGT20NGAC_Y_3	/scratch/project_2013895/SELEX/data/Jolma2013/submitted_ftp/NKX3-2_TCCAGT20NGAC_Y_3.fastq.gz	signal	149447	2.9 Mbp	2900000	0	20	43	PASS	PASS	NA	PASS	FAIL	PASS	PASS	PASS	PASS	PASS	PASS
NKX6-1_TGCGGG30NGGC_AI_3	/scratch/project_2013895/SELEX/data/Jolma2013/submitted_ftp/NKX6-1_TGCGGG30NGGC_AI_3.fastq.gz	signal	679984	20.3 Mbp	20300000	0	30	34	PASS	PASS	NA	PASS	FAIL	WARN	WARN	PASS	PASS	PASS	PASS
NKX6-1_TGAAAC20NAAA_W_4	/scratch/project_2013895/SELEX/data/Jolma2013/submitted_ftp/NKX6-1_TGAAAC20NAAA_W_4.fastq.gz	signal	60485	1.2 Mbp	1200000	0	20	43	PASS	PASS	NA	PASS	WARN	PASS	PASS	PASS	PASS	PASS	PASS
NKX6-2_TTACAT20NTA_AF_3	/scratch/project_2013895/SELEX/data/Jolma2013/submitted_ftp/NKX6-2_TTACAT20NTA_AF_3.fastq.gz	signal	352864	7 Mbp	7000000	0	20	35	PASS	PASS	NA	PASS	FAIL	WARN	PASS	PASS	PASS	PASS	PASS
NKX6-2_TGGCAA20NGA_AE_3	/scratch/project_2013895/SELEX/data/Jolma2013/submitted_ftp/NKX6-2_TGGCAA20NGA_AE_3.fastq.gz	signal	389188	7.7 Mbp	7700000	0	20	38	PASS	PASS	NA	PASS	FAIL	WARN	PASS	PASS	PASS	PASS	PASS
NOTO_TGCGTT30NTGC_AI_4	/scratch/project_2013895/SELEX/data/Jolma2013/submitted_ftp/NOTO_TGCGTT30NTGC_AI_4.fastq.gz	signal	989169	29.6 Mbp	29600000	0	30	42	PASS	PASS	NA	PASS	FAIL	PASS	FAIL	PASS	PASS	PASS	PASS
Nkx3-1_TCTTAG20NATG_AA_4	/scratch/project_2013895/SELEX/data/Jolma2013/submitted_ftp/Nkx3-1_TCTTAG20NATG_AA_4.fastq.gz	signal	144510	2.8 Mbp	2800000	0	20	43	PASS	PASS	NA	PASS	FAIL	PASS	PASS	PASS	PASS	PASS	PASS
Nkx6-1_TCGTGT20NGTT_AC_2	/scratch/project_2013895/SELEX/data/Jolma2013/submitted_ftp/Nkx6-1_TCGTGT20NGTT_AC_2.fastq.gz	signal	342209	6.8 Mbp	6800000	0	20	45	PASS	PASS	NA	PASS	WARN	PASS	PASS	PASS	PASS	PASS	PASS
OTX1_TGATAA20NGA_Y_3	/scratch/project_2013895/SELEX/data/Jolma2013/submitted_ftp/OTX1_TGATAA20NGA_Y_3.fastq.gz	signal	133266	2.6 Mbp	2600000	0	20	46	PASS	PASS	NA	PASS	FAIL	PASS	PASS	PASS	PASS	PASS	PASS
OTX2_TATGGG20NGGG_AC_4	/scratch/project_2013895/SELEX/data/Jolma2013/submitted_ftp/OTX2_TATGGG20NGGG_AC_4.fastq.gz	signal	100822	2 Mbp	2000000	0	20	35	PASS	PASS	NA	PASS	FAIL	WARN	PASS	PASS	PASS	PASS	PASS
Otx1_TCTTAG20NATG_AC_3	/scratch/project_2013895/SELEX/data/Jolma2013/submitted_ftp/Otx1_TCTTAG20NATG_AC_3.fastq.gz	signal	210702	4.2 Mbp	4200000	0	20	44	PASS	PASS	NA	PASS	WARN	PASS	PASS	PASS	PASS	PASS	PASS
PDX1_TGGAAT30NAAT_AI_3	/scratch/project_2013895/SELEX/data/Jolma2013/submitted_ftp/PDX1_TGGAAT30NAAT_AI_3.fastq.gz	signal	466884	14 Mbp	14000000	0	30	42	PASS	PASS	NA	PASS	WARN	PASS	WARN	PASS	PASS	PASS	PASS
PHOX2A_TGACTC20NGA_Y_3	/scratch/project_2013895/SELEX/data/Jolma2013/submitted_ftp/PHOX2A_TGACTC20NGA_Y_3.fastq.gz	signal	140218	2.8 Mbp	2800000	0	20	32	PASS	PASS	NA	PASS	FAIL	PASS	PASS	PASS	PASS	PASS	PASS
PHOX2B_TGGTCT20NGA_Y_3	/scratch/project_2013895/SELEX/data/Jolma2013/submitted_ftp/PHOX2B_TGGTCT20NGA_Y_3.fastq.gz	signal	123891	2.4 Mbp	2400000	0	20	31	PASS	PASS	NA	PASS	FAIL	PASS	PASS	PASS	PASS	PASS	PASS
PHOX2B_TGCTGT20NGA_AE_3	/scratch/project_2013895/SELEX/data/Jolma2013/submitted_ftp/PHOX2B_TGCTGT20NGA_AE_3.fastq.gz	signal	308566	6.1 Mbp	6100000	0	20	32	PASS	PASS	NA	PASS	FAIL	PASS	PASS	PASS	FAIL	PASS	PASS
PITX1_TCATGC20NCG_Y_3	/scratch/project_2013895/SELEX/data/Jolma2013/submitted_ftp/PITX1_TCATGC20NCG_Y_3.fastq.gz	signal	34149	682.9 kbp	682900	0	20	47	PASS	PASS	NA	PASS	FAIL	PASS	PASS	PASS	PASS	PASS	PASS
PITX1_TGAGCA20NCGA_AF_3	/scratch/project_2013895/SELEX/data/Jolma2013/submitted_ftp/PITX1_TGAGCA20NCGA_AF_3.fastq.gz	signal	118940	2.3 Mbp	2300000	0	20	39	PASS	PASS	NA	PASS	WARN	PASS	PASS	PASS	PASS	PASS	PASS
PITX3_TGCATC20NGA_Y_2	/scratch/project_2013895/SELEX/data/Jolma2013/submitted_ftp/PITX3_TGCATC20NGA_Y_2.fastq.gz	signal	150292	3 Mbp	3000000	0	20	48	PASS	PASS	NA	PASS	FAIL	PASS	PASS	PASS	PASS	PASS	PASS
PROP1_TCCCGA30NGCC_AI_4	/scratch/project_2013895/SELEX/data/Jolma2013/submitted_ftp/PROP1_TCCCGA30NGCC_AI_4.fastq.gz	signal	1419	42.5 kbp	42500	0	30	42	PASS	WARN	NA	PASS	WARN	FAIL	WARN	PASS	PASS	FAIL	PASS
PROP1_TGTATT20NGA_AE_3	/scratch/project_2013895/SELEX/data/Jolma2013/submitted_ftp/PROP1_TGTATT20NGA_AE_3.fastq.gz	signal	338748	6.7 Mbp	6700000	0	20	44	PASS	PASS	NA	PASS	FAIL	PASS	PASS	PASS	PASS	PASS	PASS
PRRX1_TAACGG20NGCA_AC_2	/scratch/project_2013895/SELEX/data/Jolma2013/submitted_ftp/PRRX1_TAACGG20NGCA_AC_2.fastq.gz	signal	315038	6.3 Mbp	6300000	0	20	38	PASS	PASS	NA	PASS	WARN	WARN	PASS	PASS	PASS	PASS	PASS
PRRX1_TTCCCC20NTA_AD_2	/scratch/project_2013895/SELEX/data/Jolma2013/submitted_ftp/PRRX1_TTCCCC20NTA_AD_2.fastq.gz	signal	306845	6.1 Mbp	6100000	0	20	47	PASS	PASS	NA	PASS	WARN	PASS	PASS	PASS	PASS	PASS	PASS
PRRX2_TGGGGT20NGA_AE_2	/scratch/project_2013895/SELEX/data/Jolma2013/submitted_ftp/PRRX2_TGGGGT20NGA_AE_2.fastq.gz	signal	208284	4.1 Mbp	4099999.9999999995	0	20	47	PASS	PASS	NA	PASS	WARN	PASS	PASS	PASS	PASS	PASS	PASS
Prrx2_TATGAA20NAGG_Z_3	/scratch/project_2013895/SELEX/data/Jolma2013/submitted_ftp/Prrx2_TATGAA20NAGG_Z_3.fastq.gz	signal	275992	5.5 Mbp	5500000	0	20	44	PASS	PASS	NA	PASS	WARN	PASS	PASS	PASS	PASS	PASS	PASS
RAXL1_TACTCA20NTA_Q_2	/scratch/project_2013895/SELEX/data/Jolma2013/submitted_ftp/RAXL1_TACTCA20NTA_Q_2.fastq.gz	signal	234749	4.6 Mbp	4600000	0	20	42	PASS	PASS	NA	PASS	WARN	WARN	PASS	PASS	PASS	PASS	PASS
RAX_TGGTAG20NATT_Z_3	/scratch/project_2013895/SELEX/data/Jolma2013/submitted_ftp/RAX_TGGTAG20NATT_Z_3.fastq.gz	signal	31063	621.2 kbp	621200	0	20	39	PASS	PASS	NA	PASS	FAIL	PASS	PASS	PASS	PASS	PASS	PASS
RHOXF1_TGGATG30NTAT_AI_4	/scratch/project_2013895/SELEX/data/Jolma2013/submitted_ftp/RHOXF1_TGGATG30NTAT_AI_4.fastq.gz	signal	598295	17.9 Mbp	17900000	0	30	46	PASS	PASS	NA	PASS	FAIL	PASS	FAIL	PASS	PASS	PASS	PASS
RHOXF1_TGGATG30NTAT_AI_3	/scratch/project_2013895/SELEX/data/Jolma2013/submitted_ftp/RHOXF1_TGGATG30NTAT_AI_3.fastq.gz	both	667050	20 Mbp	20000000	0	30	45	PASS	PASS	NA	PASS	FAIL	PASS	WARN	PASS	PASS	PASS	PASS
RHOXF1_TTAGAA20NTA_AE_4	/scratch/project_2013895/SELEX/data/Jolma2013/submitted_ftp/RHOXF1_TTAGAA20NTA_AE_4.fastq.gz	signal	77847	1.5 Mbp	1500000	0	20	52	PASS	PASS	NA	PASS	FAIL	PASS	PASS	PASS	PASS	PASS	PASS
Rhox11_TGGCCC20NCG_P_4	/scratch/project_2013895/SELEX/data/Jolma2013/submitted_ftp/Rhox11_TGGCCC20NCG_P_4.fastq.gz	signal	299082	5.9 Mbp	5900000	0	20	46	PASS	PASS	NA	PASS	FAIL	WARN	PASS	PASS	PASS	PASS	PASS
SHOX2_TACGTC20NTGC_Y_2	/scratch/project_2013895/SELEX/data/Jolma2013/submitted_ftp/SHOX2_TACGTC20NTGC_Y_2.fastq.gz	signal	48180	963.6 kbp	963600	0	20	40	PASS	PASS	NA	PASS	WARN	PASS	PASS	PASS	PASS	PASS	PASS
SHOX_TAAGGT20NGGA_AC_2	/scratch/project_2013895/SELEX/data/Jolma2013/submitted_ftp/SHOX_TAAGGT20NGGA_AC_2.fastq.gz	signal	400700	8 Mbp	8000000	0	20	39	PASS	PASS	NA	PASS	FAIL	PASS	PASS	PASS	PASS	PASS	PASS
Shox2_TCCCAG20NACC_Z_2	/scratch/project_2013895/SELEX/data/Jolma2013/submitted_ftp/Shox2_TCCCAG20NACC_Z_2.fastq.gz	signal	148340	2.9 Mbp	2900000	0	20	30	PASS	PASS	NA	PASS	FAIL	WARN	PASS	PASS	PASS	PASS	PASS
UNCX_TGCAAG20NGA_AF_2	/scratch/project_2013895/SELEX/data/Jolma2013/submitted_ftp/UNCX_TGCAAG20NGA_AF_2.fastq.gz	signal	265483	5.3 Mbp	5300000	0	20	33	PASS	PASS	NA	PASS	FAIL	WARN	PASS	PASS	PASS	PASS	PASS
Uncx_TGGAGC20NCG_P_2	/scratch/project_2013895/SELEX/data/Jolma2013/submitted_ftp/Uncx_TGGAGC20NCG_P_2.fastq.gz	signal	126389	2.5 Mbp	2500000	0	20	42	PASS	PASS	NA	PASS	WARN	WARN	PASS	PASS	PASS	PASS	PASS
VAX1_TGCCAT20NACC_Z_2	/scratch/project_2013895/SELEX/data/Jolma2013/submitted_ftp/VAX1_TGCCAT20NACC_Z_2.fastq.gz	signal	133077	2.6 Mbp	2600000	0	20	34	PASS	PASS	NA	PASS	FAIL	WARN	PASS	PASS	PASS	PASS	PASS
VAX2_TGGTAG20NATT_AF_3	/scratch/project_2013895/SELEX/data/Jolma2013/submitted_ftp/VAX2_TGGTAG20NATT_AF_3.fastq.gz	signal	154548	3 Mbp	3000000	0	20	33	PASS	PASS	NA	PASS	FAIL	PASS	PASS	PASS	PASS	PASS	PASS
VENTX_TGAAGT30NGAA_AI_4	/scratch/project_2013895/SELEX/data/Jolma2013/submitted_ftp/VENTX_TGAAGT30NGAA_AI_4.fastq.gz	signal	600403	18 Mbp	18000000	0	30	42	PASS	PASS	NA	PASS	FAIL	FAIL	FAIL	PASS	PASS	WARN	PASS
VSX1_TGGTTC20NTTT_Z_2	/scratch/project_2013895/SELEX/data/Jolma2013/submitted_ftp/VSX1_TGGTTC20NTTT_Z_2.fastq.gz	signal	179588	3.5 Mbp	3500000	0	20	34	PASS	PASS	NA	PASS	FAIL	PASS	PASS	PASS	PASS	PASS	PASS
VSX1_TCGGGG20NGGT_AE_3	/scratch/project_2013895/SELEX/data/Jolma2013/submitted_ftp/VSX1_TCGGGG20NGGT_AE_3.fastq.gz	signal	119266	2.3 Mbp	2300000	0	20	30	PASS	PASS	NA	PASS	FAIL	WARN	PASS	PASS	PASS	PASS	PASS
VSX2_TCTCCC20NCCG_Z_2	/scratch/project_2013895/SELEX/data/Jolma2013/submitted_ftp/VSX2_TCTCCC20NCCG_Z_2.fastq.gz	signal	189602	3.7 Mbp	3700000	0	20	34	PASS	PASS	NA	PASS	WARN	PASS	PASS	PASS	PASS	PASS	PASS
Vsx1_TGCAGA20NCG_P_2	/scratch/project_2013895/SELEX/data/Jolma2013/submitted_ftp/Vsx1_TGCAGA20NCG_P_2.fastq.gz	signal	133524	2.6 Mbp	2600000	0	20	40	PASS	PASS	NA	PASS	WARN	WARN	PASS	PASS	PASS	PASS	PASS
AR_TGCTCG20NGA_AF_3	/scratch/project_2013895/SELEX/data/Jolma2013/submitted_ftp/AR_TGCTCG20NGA_AF_3.fastq.gz	signal	230513	4.6 Mbp	4600000	0	20	50	PASS	PASS	NA	PASS	WARN	PASS	PASS	PASS	PASS	WARN	PASS
AR_TCTTCT20NCTG_AD_4	/scratch/project_2013895/SELEX/data/Jolma2013/submitted_ftp/AR_TCTTCT20NCTG_AD_4.fastq.gz	signal	31875	637.5 kbp	637500	0	20	48	PASS	PASS	NA	PASS	FAIL	PASS	PASS	PASS	PASS	WARN	PASS
Ar_TCTAAT20NCG_P_4	/scratch/project_2013895/SELEX/data/Jolma2013/submitted_ftp/Ar_TCTAAT20NCG_P_4.fastq.gz	signal	634229	12.6 Mbp	12600000	0	20	52	PASS	PASS	NA	PASS	FAIL	PASS	PASS	PASS	PASS	PASS	PASS
ESR1_TAGAGT20NCG_W_4	/scratch/project_2013895/SELEX/data/Jolma2013/submitted_ftp/ESR1_TAGAGT20NCG_W_4.fastq.gz	signal	105713	2.1 Mbp	2100000	0	20	51	PASS	PASS	NA	PASS	FAIL	PASS	PASS	PASS	PASS	PASS	PASS
ESRRA_TGACGA30NGCA_AI_4	/scratch/project_2013895/SELEX/data/Jolma2013/submitted_ftp/ESRRA_TGACGA30NGCA_AI_4.fastq.gz	signal	577656	17.3 Mbp	17300000	0	30	48	PASS	PASS	NA	PASS	FAIL	PASS	FAIL	PASS	FAIL	WARN	PASS
ESRRB_ATTAC14N_U_4	/scratch/project_2013895/SELEX/data/Jolma2013/submitted_ftp/ESRRB_ATTAC14N_U_4.fastq.gz	signal	161538	2.2 Mbp	2200000	0	14	44	PASS	PASS	NA	PASS	WARN	PASS	PASS	PASS	PASS	WARN	PASS
ESRRG_TGACGA20NGCA_AF_4	/scratch/project_2013895/SELEX/data/Jolma2013/submitted_ftp/ESRRG_TGACGA20NGCA_AF_4.fastq.gz	signal	54803	1 Mbp	1000000	0	20	47	PASS	PASS	NA	PASS	WARN	PASS	PASS	PASS	PASS	WARN	PASS
Esrra_TAGCTC20NCG_AC_4	/scratch/project_2013895/SELEX/data/Jolma2013/submitted_ftp/Esrra_TAGCTC20NCG_AC_4.fastq.gz	signal	40599	811.9 kbp	811900	0	20	50	PASS	PASS	NA	PASS	FAIL	FAIL	PASS	PASS	WARN	FAIL	PASS
HNF4A_TGACAG20NGA_AF_4	/scratch/project_2013895/SELEX/data/Jolma2013/submitted_ftp/HNF4A_TGACAG20NGA_AF_4.fastq.gz	signal	80491	1.6 Mbp	1600000	0	20	51	PASS	PASS	NA	PASS	FAIL	PASS	PASS	PASS	PASS	WARN	PASS
HNF4A_TCCGTG40NTGC_AI_3	/scratch/project_2013895/SELEX/data/Jolma2013/submitted_ftp/HNF4A_TCCGTG40NTGC_AI_3.fastq.gz	signal	655432	26.2 Mbp	26200000	0	40	51	PASS	PASS	NA	PASS	WARN	PASS	WARN	PASS	WARN	PASS	PASS
Hnf4a_TCCACG20NCG_Z_4	/scratch/project_2013895/SELEX/data/Jolma2013/submitted_ftp/Hnf4a_TCCACG20NCG_Z_4.fastq.gz	signal	155869	3.1 Mbp	3100000	0	20	50	PASS	PASS	NA	PASS	FAIL	WARN	PASS	PASS	FAIL	WARN	PASS
NR2C2_TCGACT20NCAT_Z_3	/scratch/project_2013895/SELEX/data/Jolma2013/submitted_ftp/NR2C2_TCGACT20NCAT_Z_3.fastq.gz	signal	42752	855 kbp	855000	0	20	46	PASS	PASS	NA	PASS	FAIL	PASS	PASS	PASS	PASS	PASS	PASS
NR2E1_TAACAA20NACA_W_4	/scratch/project_2013895/SELEX/data/Jolma2013/submitted_ftp/NR2E1_TAACAA20NACA_W_4.fastq.gz	signal	110663	2.2 Mbp	2200000	0	20	45	PASS	PASS	NA	PASS	WARN	PASS	PASS	PASS	PASS	PASS	PASS
NR2F1_TCTGAC30NAGG_AI_4	/scratch/project_2013895/SELEX/data/Jolma2013/submitted_ftp/NR2F1_TCTGAC30NAGG_AI_4.fastq.gz	signal	626718	18.8 Mbp	18800000	0	30	53	PASS	PASS	NA	PASS	FAIL	PASS	FAIL	PASS	WARN	PASS	PASS
NR2F1_TCTGAC20NGA_AE_4	/scratch/project_2013895/SELEX/data/Jolma2013/submitted_ftp/NR2F1_TCTGAC20NGA_AE_4.fastq.gz	signal	101950	2 Mbp	2000000	0	20	56	PASS	PASS	NA	PASS	FAIL	PASS	PASS	PASS	PASS	PASS	PASS
NR2F6_TGTGGA20NGA_Y_3	/scratch/project_2013895/SELEX/data/Jolma2013/submitted_ftp/NR2F6_TGTGGA20NGA_Y_3.fastq.gz	signal	49215	984.3 kbp	984300	0	20	49	PASS	PASS	NA	PASS	FAIL	WARN	PASS	PASS	FAIL	FAIL	PASS
NR2F6_TCTTGA20NGA_AE_3	/scratch/project_2013895/SELEX/data/Jolma2013/submitted_ftp/NR2F6_TCTTGA20NGA_AE_3.fastq.gz	signal	321688	6.4 Mbp	6400000	0	20	55	PASS	PASS	NA	PASS	FAIL	PASS	PASS	PASS	WARN	PASS	PASS
NR3C1_TGACGA20NGCA_AG_4	/scratch/project_2013895/SELEX/data/Jolma2013/submitted_ftp/NR3C1_TGACGA20NGCA_AG_4.fastq.gz	signal	66965	1.3 Mbp	1300000	0	20	44	PASS	PASS	NA	PASS	FAIL	PASS	PASS	PASS	PASS	PASS	PASS
NR3C2_TCAGAG20NAGA_AC_4	/scratch/project_2013895/SELEX/data/Jolma2013/submitted_ftp/NR3C2_TCAGAG20NAGA_AC_4.fastq.gz	signal	167149	3.3 Mbp	3300000	0	20	41	PASS	PASS	NA	PASS	FAIL	PASS	PASS	PASS	FAIL	WARN	PASS
NR4A2_TCATTG20NTTA_W_4	/scratch/project_2013895/SELEX/data/Jolma2013/submitted_ftp/NR4A2_TCATTG20NTTA_W_4.fastq.gz	signal	100740	2 Mbp	2000000	0	20	47	PASS	PASS	NA	PASS	FAIL	WARN	PASS	PASS	PASS	WARN	PASS
Nr2e1_TCGCGC20NGCT_AA_4	/scratch/project_2013895/SELEX/data/Jolma2013/submitted_ftp/Nr2e1_TCGCGC20NGCT_AA_4.fastq.gz	signal	125777	2.5 Mbp	2500000	0	20	44	PASS	PASS	NA	PASS	WARN	PASS	PASS	PASS	PASS	PASS	PASS
Nr2f6_TAGTTT20NCG_Z_4	/scratch/project_2013895/SELEX/data/Jolma2013/submitted_ftp/Nr2f6_TAGTTT20NCG_Z_4.fastq.gz	signal	20763	415.2 kbp	415200	0	20	51	PASS	PASS	NA	PASS	FAIL	WARN	PASS	PASS	FAIL	FAIL	PASS
RARA_TAAAAT20NTA_Q_3	/scratch/project_2013895/SELEX/data/Jolma2013/submitted_ftp/RARA_TAAAAT20NTA_Q_3.fastq.gz	signal	398986	7.9 Mbp	7900000	0	20	44	PASS	PASS	NA	PASS	WARN	PASS	PASS	PASS	PASS	WARN	PASS
RARA_TATAGA20NCG_AD_3	/scratch/project_2013895/SELEX/data/Jolma2013/submitted_ftp/RARA_TATAGA20NCG_AD_3.fastq.gz	signal	290234	5.8 Mbp	5800000	0	20	52	PASS	PASS	NA	PASS	FAIL	PASS	PASS	PASS	PASS	WARN	PASS
RARG_TGTTAT20NGA_Y_3	/scratch/project_2013895/SELEX/data/Jolma2013/submitted_ftp/RARG_TGTTAT20NGA_Y_3.fastq.gz	signal	131815	2.6 Mbp	2600000	0	20	50	PASS	PASS	NA	PASS	FAIL	PASS	PASS	PASS	FAIL	WARN	PASS
RARG_TCGGGG20NGA_AE_3	/scratch/project_2013895/SELEX/data/Jolma2013/submitted_ftp/RARG_TCGGGG20NGA_AE_3.fastq.gz	signal	318188	6.3 Mbp	6300000	0	20	50	PASS	PASS	NA	PASS	FAIL	PASS	PASS	PASS	PASS	WARN	PASS
RORA_TCTGTA30NTGG_AI_4	/scratch/project_2013895/SELEX/data/Jolma2013/submitted_ftp/RORA_TCTGTA30NTGG_AI_4.fastq.gz	signal	290663	8.7 Mbp	8700000	0	30	47	PASS	PASS	NA	PASS	WARN	PASS	FAIL	PASS	PASS	WARN	PASS
RXRA_TCACGT30NGCA_AH_3	/scratch/project_2013895/SELEX/data/Jolma2013/submitted_ftp/RXRA_TCACGT30NGCA_AH_3.fastq.gz	signal	892637	26.7 Mbp	26700000	0	30	45	PASS	PASS	NA	PASS	WARN	PASS	WARN	PASS	PASS	PASS	PASS
RXRA_TCTACA40NCAG_AI_3	/scratch/project_2013895/SELEX/data/Jolma2013/submitted_ftp/RXRA_TCTACA40NCAG_AI_3.fastq.gz	signal	220336	8.8 Mbp	8800000	0	40	52	PASS	PASS	NA	PASS	WARN	PASS	WARN	PASS	WARN	PASS	PASS
RXRB_TGAGCA20NGA_Y_3	/scratch/project_2013895/SELEX/data/Jolma2013/submitted_ftp/RXRB_TGAGCA20NGA_Y_3.fastq.gz	signal	50242	1 Mbp	1000000	0	20	50	PASS	PASS	NA	PASS	FAIL	PASS	PASS	PASS	PASS	FAIL	PASS
RXRG_TGGAAT20NGA_Y_3	/scratch/project_2013895/SELEX/data/Jolma2013/submitted_ftp/RXRG_TGGAAT20NGA_Y_3.fastq.gz	signal	163717	3.2 Mbp	3200000	0	20	52	PASS	PASS	NA	PASS	FAIL	PASS	PASS	PASS	FAIL	WARN	PASS
RXRG_TTCTCT20NTA_AD_4	/scratch/project_2013895/SELEX/data/Jolma2013/submitted_ftp/RXRG_TTCTCT20NTA_AD_4.fastq.gz	signal	42676	853.5 kbp	853500	0	20	51	PASS	PASS	NA	PASS	FAIL	WARN	PASS	PASS	PASS	FAIL	PASS
Rara_TCGGTT20NCG_P_4	/scratch/project_2013895/SELEX/data/Jolma2013/submitted_ftp/Rara_TCGGTT20NCG_P_4.fastq.gz	signal	424544	8.4 Mbp	8400000	0	20	53	PASS	PASS	NA	PASS	FAIL	WARN	PASS	PASS	PASS	WARN	PASS
Rarb_TCGTGT20NCG_P_4	/scratch/project_2013895/SELEX/data/Jolma2013/submitted_ftp/Rarb_TCGTGT20NCG_P_4.fastq.gz	signal	320481	6.4 Mbp	6400000	0	20	55	PASS	PASS	NA	PASS	FAIL	WARN	PASS	PASS	PASS	WARN	PASS
Rarg_TATCTG20NTCG_Z_4	/scratch/project_2013895/SELEX/data/Jolma2013/submitted_ftp/Rarg_TATCTG20NTCG_Z_4.fastq.gz	signal	219877	4.3 Mbp	4300000	0	20	44	PASS	PASS	NA	PASS	FAIL	WARN	PASS	PASS	FAIL	WARN	PASS
Rxra_AAGAC14N_T_4	/scratch/project_2013895/SELEX/data/Jolma2013/submitted_ftp/Rxra_AAGAC14N_T_4.fastq.gz	signal	298280	4.1 Mbp	4099999.9999999995	0	14	49	PASS	PASS	NA	PASS	FAIL	PASS	PASS	PASS	FAIL	FAIL	PASS
Rxrb_CAATT14N_T_4	/scratch/project_2013895/SELEX/data/Jolma2013/submitted_ftp/Rxrb_CAATT14N_T_4.fastq.gz	signal	52763	738.6 kbp	738600	0	14	46	PASS	PASS	NA	PASS	WARN	PASS	PASS	PASS	PASS	WARN	PASS
THRA_TCGGCC40NCGT_AI_4	/scratch/project_2013895/SELEX/data/Jolma2013/submitted_ftp/THRA_TCGGCC40NCGT_AI_4.fastq.gz	signal	13833	553.3 kbp	553300	0	40	49	PASS	PASS	NA	PASS	WARN	PASS	WARN	PASS	PASS	WARN	PASS
THRB_TGGCAA30NACT_AI_4	/scratch/project_2013895/SELEX/data/Jolma2013/submitted_ftp/THRB_TGGCAA30NACT_AI_4.fastq.gz	signal	347646	10.4 Mbp	10400000	0	30	47	PASS	PASS	NA	PASS	FAIL	PASS	FAIL	PASS	FAIL	WARN	PASS
VDR_TATTGT20NCG_AC_3	/scratch/project_2013895/SELEX/data/Jolma2013/submitted_ftp/VDR_TATTGT20NCG_AC_3.fastq.gz	signal	339354	6.7 Mbp	6700000	0	20	49	PASS	PASS	NA	PASS	FAIL	PASS	PASS	PASS	FAIL	WARN	PASS
Vdr_TCCGCA20NCG_Z_3	/scratch/project_2013895/SELEX/data/Jolma2013/submitted_ftp/Vdr_TCCGCA20NCG_Z_3.fastq.gz	signal	35196	703.9 kbp	703900	0	20	50	PASS	PASS	NA	PASS	FAIL	PASS	PASS	PASS	PASS	WARN	PASS
TP63_TTCCTT20NGA_R_3	/scratch/project_2013895/SELEX/data/Jolma2013/submitted_ftp/TP63_TTCCTT20NGA_R_3.fastq.gz	signal	119523	2.3 Mbp	2300000	0	20	45	PASS	PASS	NA	PASS	FAIL	WARN	PASS	PASS	PASS	FAIL	PASS
Tp53_TCGGGG20NGGT_AK_4	/scratch/project_2013895/SELEX/data/Jolma2013/submitted_ftp/Tp53_TCGGGG20NGGT_AK_4.fastq.gz	signal	640076	12.8 Mbp	12800000	0	20	44	PASS	PASS	NA	PASS	FAIL	PASS	PASS	PASS	WARN	WARN	PASS
Tp73_TACCGT40NGCC_AK_4	/scratch/project_2013895/SELEX/data/Jolma2013/submitted_ftp/Tp73_TACCGT40NGCC_AK_4.fastq.gz	signal	903495	36.1 Mbp	36100000	0	40	49	PASS	PASS	NA	PASS	FAIL	WARN	PASS	PASS	FAIL	FAIL	PASS
GMEB2_TCGCGC20NGA_Y_4	/scratch/project_2013895/SELEX/data/Jolma2013/submitted_ftp/GMEB2_TCGCGC20NGA_Y_4.fastq.gz	signal	71823	1.4 Mbp	1400000	0	20	51	PASS	PASS	NA	PASS	FAIL	PASS	PASS	PASS	PASS	WARN	PASS
PITX1_TCTCTT20NTCG_W_2	/scratch/project_2013895/SELEX/data/Jolma2013/submitted_ftp/PITX1_TCTCTT20NTCG_W_2.fastq.gz	signal	149388	2.9 Mbp	2900000	0	20	47	PASS	PASS	NA	PASS	WARN	PASS	PASS	PASS	PASS	PASS	PASS
Egr1_TGCGCC20NCG_P_4	/scratch/project_2013895/SELEX/data/Jolma2013/submitted_ftp/Egr1_TGCGCC20NCG_P_4.fastq.gz	signal	476942	9.5 Mbp	9500000	0	20	52	PASS	PASS	NA	PASS	FAIL	PASS	PASS	PASS	PASS	WARN	PASS
MTF1_TGATCC20NCTA_Y_4	/scratch/project_2013895/SELEX/data/Jolma2013/submitted_ftp/MTF1_TGATCC20NCTA_Y_4.fastq.gz	signal	53652	1 Mbp	1000000	0	20	47	PASS	PASS	NA	PASS	WARN	PASS	PASS	PASS	PASS	PASS	PASS
PRDM4_TAGCAG20NCG_AC_4	/scratch/project_2013895/SELEX/data/Jolma2013/submitted_ftp/PRDM4_TAGCAG20NCG_AC_4.fastq.gz	signal	58545	1.1 Mbp	1100000	0	20	54	PASS	PASS	NA	PASS	FAIL	FAIL	PASS	PASS	WARN	FAIL	PASS
ZBTB49_TCTAAT20NGA_AC_4	/scratch/project_2013895/SELEX/data/Jolma2013/submitted_ftp/ZBTB49_TCTAAT20NGA_AC_4.fastq.gz	signal	89791	1.7 Mbp	1700000	0	20	48	PASS	PASS	NA	PASS	FAIL	PASS	PASS	PASS	PASS	WARN	PASS
ZNF232_TATCAT20NACG_W_4	/scratch/project_2013895/SELEX/data/Jolma2013/submitted_ftp/ZNF232_TATCAT20NACG_W_4.fastq.gz	signal	101234	2 Mbp	2000000	0	20	48	PASS	PASS	NA	PASS	WARN	PASS	PASS	PASS	PASS	PASS	PASS
ZNF282_TGCCTG20NGA_AC_4	/scratch/project_2013895/SELEX/data/Jolma2013/submitted_ftp/ZNF282_TGCCTG20NGA_AC_4.fastq.gz	signal	85865	1.7 Mbp	1700000	0	20	52	PASS	PASS	NA	PASS	FAIL	PASS	PASS	PASS	PASS	PASS	PASS
ZNF435_TATTTA20NTTG_W_4	/scratch/project_2013895/SELEX/data/Jolma2013/submitted_ftp/ZNF435_TATTTA20NTTG_W_4.fastq.gz	signal	103595	2 Mbp	2000000	0	20	48	PASS	PASS	NA	PASS	WARN	PASS	PASS	PASS	PASS	PASS	PASS
ZNF713_TAGGAT20NAGT_AD_4	/scratch/project_2013895/SELEX/data/Jolma2013/submitted_ftp/ZNF713_TAGGAT20NAGT_AD_4.fastq.gz	signal	61919	1.2 Mbp	1200000	0	20	43	PASS	PASS	NA	PASS	FAIL	WARN	PASS	PASS	PASS	FAIL	PASS
CPEB1_TAACCC20NCG_AC_3	/scratch/project_2013895/SELEX/data/Jolma2013/submitted_ftp/CPEB1_TAACCC20NCG_AC_3.fastq.gz	signal	316826	6.3 Mbp	6300000	0	20	44	PASS	PASS	NA	PASS	WARN	WARN	PASS	PASS	PASS	PASS	PASS
E2F1_CAATT14N_U_4	/scratch/project_2013895/SELEX/data/Jolma2013/submitted_ftp/E2F1_CAATT14N_U_4.fastq.gz	signal	104609	1.4 Mbp	1400000	0	14	47	PASS	PASS	NA	PASS	WARN	PASS	PASS	PASS	PASS	WARN	PASS
E2F4_AGCAG14N_U_4	/scratch/project_2013895/SELEX/data/Jolma2013/submitted_ftp/E2F4_AGCAG14N_U_4.fastq.gz	signal	116604	1.6 Mbp	1600000	0	14	43	PASS	PASS	NA	PASS	WARN	PASS	PASS	PASS	PASS	PASS	PASS
E2F8_GGCTT14N_U_4	/scratch/project_2013895/SELEX/data/Jolma2013/submitted_ftp/E2F8_GGCTT14N_U_4.fastq.gz	signal	110087	1.5 Mbp	1500000	0	14	45	PASS	PASS	NA	PASS	WARN	PASS	PASS	PASS	PASS	PASS	PASS
SOX10_TGATTT20NTTA_AF_4	/scratch/project_2013895/SELEX/data/Jolma2013/submitted_ftp/SOX10_TGATTT20NTTA_AF_4.fastq.gz	signal	72070	1.4 Mbp	1400000	0	20	45	PASS	PASS	NA	PASS	WARN	WARN	PASS	PASS	PASS	WARN	PASS
SOX14_TACCTA30NTCC_AH_4	/scratch/project_2013895/SELEX/data/Jolma2013/submitted_ftp/SOX14_TACCTA30NTCC_AH_4.fastq.gz	signal	923878	27.7 Mbp	27700000	0	30	50	PASS	PASS	NA	PASS	FAIL	PASS	PASS	PASS	PASS	PASS	PASS
SOX15_TGTTCA20NCTG_AF_4	/scratch/project_2013895/SELEX/data/Jolma2013/submitted_ftp/SOX15_TGTTCA20NCTG_AF_4.fastq.gz	signal	61135	1.2 Mbp	1200000	0	20	47	PASS	PASS	NA	PASS	WARN	PASS	PASS	PASS	PASS	WARN	PASS
SOX18_TGTGTC20NTGG_AE_4	/scratch/project_2013895/SELEX/data/Jolma2013/submitted_ftp/SOX18_TGTGTC20NTGG_AE_4.fastq.gz	signal	9196	183.9 kbp	183900	0	20	45	PASS	PASS	NA	PASS	WARN	PASS	PASS	PASS	PASS	WARN	PASS
SOX21_TCAAAA40NAAA_AI_4	/scratch/project_2013895/SELEX/data/Jolma2013/submitted_ftp/SOX21_TCAAAA40NAAA_AI_4.fastq.gz	signal	262447	10.4 Mbp	10400000	0	40	46	PASS	PASS	NA	PASS	WARN	PASS	WARN	PASS	PASS	WARN	PASS
SOX2_TAGTAA20NATT_AC_4	/scratch/project_2013895/SELEX/data/Jolma2013/submitted_ftp/SOX2_TAGTAA20NATT_AC_4.fastq.gz	signal	76167	1.5 Mbp	1500000	0	20	42	PASS	PASS	NA	PASS	WARN	WARN	PASS	PASS	PASS	WARN	PASS
SOX2_TCCCCT20NCCC_AC_4	/scratch/project_2013895/SELEX/data/Jolma2013/submitted_ftp/SOX2_TCCCCT20NCCC_AC_4.fastq.gz	signal	47310	946.2 kbp	946200	0	20	45	PASS	PASS	NA	PASS	WARN	PASS	PASS	PASS	PASS	WARN	PASS
SOX2_TGAATA20NTAA_AF_4	/scratch/project_2013895/SELEX/data/Jolma2013/submitted_ftp/SOX2_TGAATA20NTAA_AF_4.fastq.gz	signal	48571	971.4 kbp	971400	0	20	47	PASS	PASS	NA	PASS	FAIL	PASS	PASS	PASS	PASS	PASS	PASS
SOX4_TATCGC30NGCG_AH_4	/scratch/project_2013895/SELEX/data/Jolma2013/submitted_ftp/SOX4_TATCGC30NGCG_AH_4.fastq.gz	signal	625012	18.7 Mbp	18700000	0	30	48	PASS	PASS	NA	PASS	PASS	PASS	PASS	PASS	PASS	PASS	PASS
SOX7_TGAGGC20NGGA_AF_3	/scratch/project_2013895/SELEX/data/Jolma2013/submitted_ftp/SOX7_TGAGGC20NGGA_AF_3.fastq.gz	signal	102853	2 Mbp	2000000	0	20	42	PASS	PASS	NA	PASS	WARN	PASS	PASS	PASS	PASS	PASS	PASS
SOX8_TCTTTC30NTTG_AI_4	/scratch/project_2013895/SELEX/data/Jolma2013/submitted_ftp/SOX8_TCTTTC30NTTG_AI_4.fastq.gz	signal	387119	11.6 Mbp	11600000	0	30	48	PASS	PASS	NA	PASS	FAIL	PASS	FAIL	PASS	PASS	PASS	PASS
SOX8_TGTCTA20NTCG_AE_4	/scratch/project_2013895/SELEX/data/Jolma2013/submitted_ftp/SOX8_TGTCTA20NTCG_AE_4.fastq.gz	signal	15891	317.8 kbp	317800	0	20	48	PASS	PASS	NA	PASS	FAIL	PASS	PASS	PASS	PASS	WARN	PASS
SOX9_TGGGGT20NGGT_W_3	/scratch/project_2013895/SELEX/data/Jolma2013/submitted_ftp/SOX9_TGGGGT20NGGT_W_3.fastq.gz	signal	64400	1.2 Mbp	1200000	0	20	41	PASS	PASS	NA	PASS	FAIL	PASS	PASS	PASS	PASS	PASS	PASS
SRY_TACTGC30NGTC_AH_3	/scratch/project_2013895/SELEX/data/Jolma2013/submitted_ftp/SRY_TACTGC30NGTC_AH_3.fastq.gz	both	701501	21 Mbp	21000000	0	30	46	PASS	PASS	NA	PASS	WARN	PASS	WARN	PASS	PASS	PASS	PASS
SRY_TACTGC30NGTC_AH_4	/scratch/project_2013895/SELEX/data/Jolma2013/submitted_ftp/SRY_TACTGC30NGTC_AH_4.fastq.gz	signal	726490	21.7 Mbp	21700000	0	30	45	PASS	PASS	NA	PASS	WARN	PASS	PASS	PASS	PASS	PASS	PASS
Sox10_TGCTGT20NCG_P_4	/scratch/project_2013895/SELEX/data/Jolma2013/submitted_ftp/Sox10_TGCTGT20NCG_P_4.fastq.gz	signal	518669	10.3 Mbp	10300000	0	20	50	PASS	PASS	NA	PASS	FAIL	FAIL	PASS	PASS	PASS	FAIL	PASS
Sox11_TCTTCT20NGA_AF_3	/scratch/project_2013895/SELEX/data/Jolma2013/submitted_ftp/Sox11_TCTTCT20NGA_AF_3.fastq.gz	signal	198727	3.9 Mbp	3900000	0	20	51	PASS	PASS	NA	PASS	FAIL	PASS	PASS	PASS	PASS	WARN	PASS
Sox17_TATTGT20NGTG_AF_3	/scratch/project_2013895/SELEX/data/Jolma2013/submitted_ftp/Sox17_TATTGT20NGTG_AF_3.fastq.gz	signal	194114	3.8 Mbp	3800000	0	20	45	PASS	PASS	NA	PASS	WARN	PASS	PASS	PASS	PASS	PASS	PASS
Sox1_TGTCTA20NTCG_AC_4	/scratch/project_2013895/SELEX/data/Jolma2013/submitted_ftp/Sox1_TGTCTA20NTCG_AC_4.fastq.gz	signal	15217	304.3 kbp	304300	0	20	47	PASS	PASS	NA	PASS	WARN	PASS	PASS	PASS	PASS	PASS	PASS
Sox3_TGGGGT20NCG_Q_4	/scratch/project_2013895/SELEX/data/Jolma2013/submitted_ftp/Sox3_TGGGGT20NCG_Q_4.fastq.gz	signal	518271	10.3 Mbp	10300000	0	20	46	PASS	PASS	NA	PASS	WARN	FAIL	PASS	PASS	WARN	FAIL	PASS
MSC_TAGTCC20NCTT_AA_4	/scratch/project_2013895/SELEX/data/Jolma2013/submitted_ftp/MSC_TAGTCC20NCTT_AA_4.fastq.gz	signal	178067	3.5 Mbp	3500000	0	20	47	PASS	PASS	NA	PASS	WARN	PASS	PASS	PASS	PASS	PASS	PASS
TFEC_TAGTGG20NGTT_AF_4	/scratch/project_2013895/SELEX/data/Jolma2013/submitted_ftp/TFEC_TAGTGG20NGTT_AF_4.fastq.gz	signal	42007	840.1 kbp	840100	0	20	44	PASS	PASS	NA	PASS	WARN	PASS	PASS	PASS	PASS	PASS	PASS
RARB_TAGTTT20NTTT_W_4	/scratch/project_2013895/SELEX/data/Jolma2013/submitted_ftp/RARB_TAGTTT20NTTT_W_4.fastq.gz	signal	103750	2 Mbp	2000000	0	20	48	PASS	PASS	NA	PASS	WARN	PASS	PASS	PASS	PASS	PASS	PASS
ALX4_EOMES_3_AAD_TGCACG40NTTG	/scratch/project_2013895/SELEX/data/Jolma2015/submitted_ftp/ALX4_EOMES_3_AAD_TGCACG40NTTG.fastq.gz	signal	168440	6.7 Mbp	6700000	0	40	44	PASS	PASS	FAIL	PASS	FAIL	PASS	PASS	PASS	FAIL	WARN	PASS
ALX4_TBX21_3_AAD_TGGCAC40NAAG	/scratch/project_2013895/SELEX/data/Jolma2015/submitted_ftp/ALX4_TBX21_3_AAD_TGGCAC40NAAG.fastq.gz	signal	129596	5.1 Mbp	5100000	0	40	39	PASS	PASS	FAIL	PASS	FAIL	PASS	PASS	PASS	FAIL	FAIL	PASS
ATF4_CEBPB_3_AT_TCCATG40NCAC	/scratch/project_2013895/SELEX/data/Jolma2015/submitted_ftp/ATF4_CEBPB_3_AT_TCCATG40NCAC.fastq.gz	signal	247430	9.8 Mbp	9800000	0	40	49	PASS	PASS	FAIL	PASS	FAIL	PASS	WARN	PASS	FAIL	PASS	PASS
ATF4_CEBPD_3_AT_TTGAGT40NCGC	/scratch/project_2013895/SELEX/data/Jolma2015/submitted_ftp/ATF4_CEBPD_3_AT_TTGAGT40NCGC.fastq.gz	signal	247890	9.9 Mbp	9900000	0	40	49	PASS	PASS	FAIL	PASS	WARN	PASS	WARN	PASS	WARN	WARN	PASS
ATF4_TEF_3_AT_TTGCCC40NCTC	/scratch/project_2013895/SELEX/data/Jolma2015/submitted_ftp/ATF4_TEF_3_AT_TTGCCC40NCTC.fastq.gz	signal	251405	10 Mbp	10000000	0	40	49	PASS	PASS	FAIL	PASS	PASS	PASS	WARN	PASS	PASS	WARN	PASS
CEBPG_CREB3L1_3_AS_TGACTT40NGGT	/scratch/project_2013895/SELEX/data/Jolma2015/submitted_ftp/CEBPG_CREB3L1_3_AS_TGACTT40NGGT.fastq.gz	signal	309865	12.3 Mbp	12300000	0	40	53	PASS	PASS	FAIL	PASS	FAIL	PASS	WARN	PASS	WARN	PASS	PASS
CUX1_HOXA13_3_AY_TCGGTA40NTGA	/scratch/project_2013895/SELEX/data/Jolma2015/submitted_ftp/CUX1_HOXA13_3_AY_TCGGTA40NTGA.fastq.gz	signal	122384	4.8 Mbp	4800000	0	40	41	PASS	PASS	WARN	PASS	WARN	WARN	PASS	PASS	WARN	WARN	PASS
CUX1_HOXB13_3_AY_TACGCA40NAAT	/scratch/project_2013895/SELEX/data/Jolma2015/submitted_ftp/CUX1_HOXB13_3_AY_TACGCA40NAAT.fastq.gz	signal	132835	5.3 Mbp	5300000	0	40	43	PASS	PASS	WARN	PASS	FAIL	PASS	PASS	PASS	PASS	PASS	PASS
CUX1_TBX21_3_AY_TGGCAC40NAAG	/scratch/project_2013895/SELEX/data/Jolma2015/submitted_ftp/CUX1_TBX21_3_AY_TGGCAC40NAAG.fastq.gz	signal	132926	5.3 Mbp	5300000	0	40	43	PASS	PASS	WARN	PASS	WARN	PASS	PASS	PASS	PASS	WARN	PASS
E2F1_ELK1_2_AX_TATGTA40NTGT	/scratch/project_2013895/SELEX/data/Jolma2015/submitted_ftp/E2F1_ELK1_2_AX_TATGTA40NTGT.fastq.gz	signal	515475	20.6 Mbp	20600000	0	40	57	PASS	PASS	WARN	PASS	FAIL	PASS	PASS	PASS	PASS	PASS	PASS
E2F3_DRGX_2_AAA_TTATAA40NGTG	/scratch/project_2013895/SELEX/data/Jolma2015/submitted_ftp/E2F3_DRGX_2_AAA_TTATAA40NGTG.fastq.gz	signal	556753	22.2 Mbp	22200000	0	40	51	PASS	PASS	PASS	PASS	WARN	PASS	PASS	PASS	PASS	PASS	PASS
E2F3_EOMES_3_AAA_TCTTCG40NGAT	/scratch/project_2013895/SELEX/data/Jolma2015/submitted_ftp/E2F3_EOMES_3_AAA_TCTTCG40NGAT.fastq.gz	signal	147901	5.9 Mbp	5900000	0	40	53	PASS	PASS	FAIL	PASS	FAIL	PASS	WARN	PASS	PASS	PASS	PASS
E2F3_FOXI1_3_AAA_TCCTCT40NGTC	/scratch/project_2013895/SELEX/data/Jolma2015/submitted_ftp/E2F3_FOXI1_3_AAA_TCCTCT40NGTC.fastq.gz	signal	144924	5.7 Mbp	5700000	0	40	53	PASS	PASS	FAIL	PASS	FAIL	PASS	WARN	PASS	PASS	PASS	PASS
E2F3_FOXO6_3_AAA_TCCGAA40NGGC	/scratch/project_2013895/SELEX/data/Jolma2015/submitted_ftp/E2F3_FOXO6_3_AAA_TCCGAA40NGGC.fastq.gz	signal	119361	4.7 Mbp	4700000	0	40	53	PASS	PASS	FAIL	PASS	FAIL	PASS	WARN	PASS	PASS	PASS	PASS
ELK1_EOMES_2_AAA_TGAGTC40NAAC	/scratch/project_2013895/SELEX/data/Jolma2015/submitted_ftp/ELK1_EOMES_2_AAA_TGAGTC40NAAC.fastq.gz	signal	799460	31.9 Mbp	31900000	0	40	55	PASS	PASS	PASS	PASS	FAIL	PASS	PASS	PASS	WARN	PASS	PASS
ELK1_ETV7_2_AAA_TTGGTG40NTAC	/scratch/project_2013895/SELEX/data/Jolma2015/submitted_ftp/ELK1_ETV7_2_AAA_TTGGTG40NTAC.fastq.gz	signal	537339	21.4 Mbp	21400000	0	40	53	PASS	PASS	PASS	PASS	FAIL	PASS	PASS	PASS	PASS	PASS	PASS
ELK1_EVX1_3_AAD_TGGAAT40NAAT	/scratch/project_2013895/SELEX/data/Jolma2015/submitted_ftp/ELK1_EVX1_3_AAD_TGGAAT40NAAT.fastq.gz	signal	124961	4.9 Mbp	4900000	0	40	44	PASS	PASS	FAIL	PASS	WARN	PASS	PASS	PASS	PASS	WARN	PASS
ELK1_FOXI1_3_AAA_TAGTCA40NTCT	/scratch/project_2013895/SELEX/data/Jolma2015/submitted_ftp/ELK1_FOXI1_3_AAA_TAGTCA40NTCT.fastq.gz	signal	161195	6.4 Mbp	6400000	0	40	52	PASS	PASS	FAIL	PASS	FAIL	PASS	WARN	PASS	WARN	WARN	PASS
ELK1_HOXA3_2_AAA_TCTGTG40NAGA	/scratch/project_2013895/SELEX/data/Jolma2015/submitted_ftp/ELK1_HOXA3_2_AAA_TCTGTG40NAGA.fastq.gz	signal	906162	36.2 Mbp	36200000	0	40	52	PASS	PASS	PASS	PASS	FAIL	PASS	PASS	PASS	WARN	PASS	PASS
ELK1_HOXB13_3_AAA_TGCGAC40NGGT	/scratch/project_2013895/SELEX/data/Jolma2015/submitted_ftp/ELK1_HOXB13_3_AAA_TGCGAC40NGGT.fastq.gz	signal	114337	4.5 Mbp	4500000	0	40	51	PASS	PASS	FAIL	PASS	FAIL	PASS	WARN	PASS	PASS	PASS	PASS
ELK1_ONECUT2_2_AAA_TCCAGG40NTAG	/scratch/project_2013895/SELEX/data/Jolma2015/submitted_ftp/ELK1_ONECUT2_2_AAA_TCCAGG40NTAG.fastq.gz	signal	640399	25.6 Mbp	25600000	0	40	53	PASS	PASS	PASS	PASS	WARN	PASS	PASS	PASS	PASS	PASS	PASS
ELK1_PAX1_2_AAA_TGAAGG40NGAT	/scratch/project_2013895/SELEX/data/Jolma2015/submitted_ftp/ELK1_PAX1_2_AAA_TGAAGG40NGAT.fastq.gz	signal	728581	29.1 Mbp	29100000	0	40	53	PASS	PASS	PASS	PASS	FAIL	PASS	PASS	PASS	WARN	PASS	PASS
ELK1_PAX5_2_AAA_TCAGTT40NTTG	/scratch/project_2013895/SELEX/data/Jolma2015/submitted_ftp/ELK1_PAX5_2_AAA_TCAGTT40NTTG.fastq.gz	signal	596292	23.8 Mbp	23800000	0	40	51	PASS	PASS	PASS	PASS	FAIL	PASS	PASS	PASS	WARN	PASS	PASS
ELK1_PAX9_2_AAA_TAGAAA40NCAG	/scratch/project_2013895/SELEX/data/Jolma2015/submitted_ftp/ELK1_PAX9_2_AAA_TAGAAA40NCAG.fastq.gz	signal	420785	16.8 Mbp	16800000	0	40	53	PASS	PASS	PASS	PASS	FAIL	PASS	PASS	PASS	WARN	PASS	PASS
ELK1_SPDEF_3_AAD_TGGAGC40NGAT	/scratch/project_2013895/SELEX/data/Jolma2015/submitted_ftp/ELK1_SPDEF_3_AAD_TGGAGC40NGAT.fastq.gz	signal	121846	4.8 Mbp	4800000	0	40	44	PASS	PASS	FAIL	PASS	WARN	PASS	PASS	PASS	WARN	WARN	PASS
ELK1_SREBF2_2_AAA_TCTTTG40NACT	/scratch/project_2013895/SELEX/data/Jolma2015/submitted_ftp/ELK1_SREBF2_2_AAA_TCTTTG40NACT.fastq.gz	signal	754336	30.1 Mbp	30100000	0	40	54	PASS	PASS	PASS	PASS	FAIL	PASS	PASS	PASS	WARN	PASS	PASS
ELK1_TBX21_2_AAA_TCCTAT40NAGA	/scratch/project_2013895/SELEX/data/Jolma2015/submitted_ftp/ELK1_TBX21_2_AAA_TCCTAT40NAGA.fastq.gz	signal	693591	27.7 Mbp	27700000	0	40	53	PASS	PASS	PASS	PASS	WARN	PASS	PASS	PASS	WARN	PASS	PASS
ELK1_TEF_2_AAA_TCGTTC40NATA	/scratch/project_2013895/SELEX/data/Jolma2015/submitted_ftp/ELK1_TEF_2_AAA_TCGTTC40NATA.fastq.gz	signal	662206	26.4 Mbp	26400000	0	40	54	PASS	PASS	PASS	PASS	FAIL	PASS	PASS	PASS	FAIL	PASS	PASS
ERF_CEBPD_3_AAC_TAGAGG40NACC	/scratch/project_2013895/SELEX/data/Jolma2015/submitted_ftp/ERF_CEBPD_3_AAC_TAGAGG40NACC.fastq.gz	signal	161581	6.4 Mbp	6400000	0	40	52	PASS	PASS	WARN	PASS	WARN	PASS	PASS	PASS	WARN	PASS	PASS
ERF_EOMES_3_AAC_TGAGTC40NAAC	/scratch/project_2013895/SELEX/data/Jolma2015/submitted_ftp/ERF_EOMES_3_AAC_TGAGTC40NAAC.fastq.gz	signal	196785	7.8 Mbp	7800000	0	40	53	PASS	PASS	WARN	PASS	FAIL	PASS	PASS	PASS	WARN	PASS	PASS
ERF_ETV7_2_AAC_TTGGTG40NTAC	/scratch/project_2013895/SELEX/data/Jolma2015/submitted_ftp/ERF_ETV7_2_AAC_TTGGTG40NTAC.fastq.gz	signal	492696	19.7 Mbp	19700000	0	40	53	PASS	PASS	FAIL	PASS	FAIL	PASS	WARN	PASS	WARN	PASS	PASS
ERF_FIGLA_3_AAC_TCGAAC40NGAT	/scratch/project_2013895/SELEX/data/Jolma2015/submitted_ftp/ERF_FIGLA_3_AAC_TCGAAC40NGAT.fastq.gz	signal	203271	8.1 Mbp	8100000	0	40	54	PASS	PASS	WARN	PASS	FAIL	PASS	PASS	PASS	PASS	WARN	PASS
ERF_FOXI1_2_AAC_TAGTCA40NTCT	/scratch/project_2013895/SELEX/data/Jolma2015/submitted_ftp/ERF_FOXI1_2_AAC_TAGTCA40NTCT.fastq.gz	signal	516500	20.6 Mbp	20600000	0	40	51	PASS	PASS	FAIL	PASS	WARN	PASS	WARN	PASS	WARN	PASS	PASS
ERF_FOXO1_3_AAC_TATGGT40NATA	/scratch/project_2013895/SELEX/data/Jolma2015/submitted_ftp/ERF_FOXO1_3_AAC_TATGGT40NATA.fastq.gz	signal	165016	6.6 Mbp	6600000	0	40	51	PASS	PASS	WARN	PASS	FAIL	PASS	PASS	PASS	PASS	WARN	PASS
ERF_HOXB13_2_AAC_TGCGAC40NGGT	/scratch/project_2013895/SELEX/data/Jolma2015/submitted_ftp/ERF_HOXB13_2_AAC_TGCGAC40NGGT.fastq.gz	signal	390049	15.6 Mbp	15600000	0	40	51	PASS	PASS	FAIL	PASS	FAIL	PASS	WARN	PASS	PASS	PASS	PASS
ERF_MAX_3_AAC_TTAGTC40NTCC	/scratch/project_2013895/SELEX/data/Jolma2015/submitted_ftp/ERF_MAX_3_AAC_TTAGTC40NTCC.fastq.gz	signal	176834	7 Mbp	7000000	0	40	54	PASS	PASS	WARN	PASS	FAIL	PASS	PASS	PASS	FAIL	PASS	PASS
ERF_NHLH1_3_AAC_TCTCGT40NGCC	/scratch/project_2013895/SELEX/data/Jolma2015/submitted_ftp/ERF_NHLH1_3_AAC_TCTCGT40NGCC.fastq.gz	signal	138435	5.5 Mbp	5500000	0	40	52	PASS	PASS	WARN	PASS	WARN	PASS	PASS	PASS	PASS	PASS	PASS
ETV2_BHLHA15_3_AAA_TCGAGT40NACT	/scratch/project_2013895/SELEX/data/Jolma2015/submitted_ftp/ETV2_BHLHA15_3_AAA_TCGAGT40NACT.fastq.gz	signal	116678	4.6 Mbp	4600000	0	40	54	PASS	PASS	FAIL	PASS	FAIL	PASS	WARN	PASS	PASS	PASS	PASS
ETV2_CEBPD_2_AAA_TGTAGA40NTGT	/scratch/project_2013895/SELEX/data/Jolma2015/submitted_ftp/ETV2_CEBPD_2_AAA_TGTAGA40NTGT.fastq.gz	signal	454308	18.1 Mbp	18100000	0	40	54	PASS	PASS	PASS	PASS	FAIL	PASS	PASS	PASS	PASS	PASS	PASS
ETV2_DRGX_2_AAA_TCTTGT40NCAG	/scratch/project_2013895/SELEX/data/Jolma2015/submitted_ftp/ETV2_DRGX_2_AAA_TCTTGT40NCAG.fastq.gz	signal	487529	19.5 Mbp	19500000	0	40	55	PASS	PASS	PASS	PASS	FAIL	PASS	PASS	PASS	PASS	PASS	PASS
ETV2_EOMES_3_AAA_TCAGCA40NCTC	/scratch/project_2013895/SELEX/data/Jolma2015/submitted_ftp/ETV2_EOMES_3_AAA_TCAGCA40NCTC.fastq.gz	signal	134803	5.3 Mbp	5300000	0	40	54	PASS	PASS	FAIL	PASS	FAIL	PASS	WARN	PASS	PASS	PASS	PASS
ETV2_ETV7_2_AAA_TGAGGT40NTCC	/scratch/project_2013895/SELEX/data/Jolma2015/submitted_ftp/ETV2_ETV7_2_AAA_TGAGGT40NTCC.fastq.gz	signal	546686	21.8 Mbp	21800000	0	40	53	PASS	PASS	PASS	PASS	WARN	PASS	PASS	PASS	PASS	PASS	PASS
ETV2_EVX1_3_AAA_TCTCCG40NCGC	/scratch/project_2013895/SELEX/data/Jolma2015/submitted_ftp/ETV2_EVX1_3_AAA_TCTCCG40NCGC.fastq.gz	signal	146246	5.8 Mbp	5800000	0	40	53	PASS	PASS	FAIL	PASS	FAIL	PASS	WARN	PASS	PASS	PASS	PASS
ETV2_FIGLA_2_AAA_TGTGAT40NGCA	/scratch/project_2013895/SELEX/data/Jolma2015/submitted_ftp/ETV2_FIGLA_2_AAA_TGTGAT40NGCA.fastq.gz	signal	718325	28.7 Mbp	28700000	0	40	56	PASS	PASS	PASS	PASS	FAIL	PASS	PASS	PASS	PASS	PASS	PASS
ETV2_FOXI1_3_AAA_TACATC40NATA	/scratch/project_2013895/SELEX/data/Jolma2015/submitted_ftp/ETV2_FOXI1_3_AAA_TACATC40NATA.fastq.gz	signal	141124	5.6 Mbp	5600000	0	40	55	PASS	PASS	FAIL	PASS	FAIL	PASS	WARN	PASS	PASS	PASS	PASS
ETV2_FOXO6_3_AAA_TCGCTA40NTCG	/scratch/project_2013895/SELEX/data/Jolma2015/submitted_ftp/ETV2_FOXO6_3_AAA_TCGCTA40NTCG.fastq.gz	signal	106858	4.2 Mbp	4200000	0	40	54	PASS	PASS	FAIL	PASS	FAIL	PASS	WARN	PASS	PASS	PASS	PASS
ETV2_HOXA2_3_AAA_TTAACA40NTGT	/scratch/project_2013895/SELEX/data/Jolma2015/submitted_ftp/ETV2_HOXA2_3_AAA_TTAACA40NTGT.fastq.gz	signal	150939	6 Mbp	6000000	0	40	53	PASS	PASS	FAIL	PASS	FAIL	PASS	WARN	PASS	PASS	PASS	PASS
ETV2_HOXB13_3_AAA_TGTGCA40NCCG	/scratch/project_2013895/SELEX/data/Jolma2015/submitted_ftp/ETV2_HOXB13_3_AAA_TGTGCA40NCCG.fastq.gz	signal	119788	4.7 Mbp	4700000	0	40	50	PASS	PASS	FAIL	PASS	FAIL	PASS	WARN	PASS	PASS	PASS	PASS
ETV2_NHLH1_3_AAA_TGAGAG40NCGC	/scratch/project_2013895/SELEX/data/Jolma2015/submitted_ftp/ETV2_NHLH1_3_AAA_TGAGAG40NCGC.fastq.gz	signal	138944	5.5 Mbp	5500000	0	40	56	PASS	PASS	FAIL	PASS	FAIL	PASS	WARN	PASS	PASS	WARN	PASS
ETV2_ONECUT2_3_AAA_TACTAC40NGCC	/scratch/project_2013895/SELEX/data/Jolma2015/submitted_ftp/ETV2_ONECUT2_3_AAA_TACTAC40NGCC.fastq.gz	signal	133970	5.3 Mbp	5300000	0	40	54	PASS	PASS	FAIL	PASS	FAIL	PASS	WARN	PASS	PASS	PASS	PASS
ETV2_PAX5_3_AAA_TGGTAT40NTGA	/scratch/project_2013895/SELEX/data/Jolma2015/submitted_ftp/ETV2_PAX5_3_AAA_TGGTAT40NTGA.fastq.gz	signal	146849	5.8 Mbp	5800000	0	40	56	PASS	PASS	FAIL	PASS	FAIL	PASS	WARN	PASS	PASS	WARN	PASS
ETV2_SPDEF_3_AAA_TTGCAA40NGTG	/scratch/project_2013895/SELEX/data/Jolma2015/submitted_ftp/ETV2_SPDEF_3_AAA_TTGCAA40NGTG.fastq.gz	signal	136280	5.4 Mbp	5400000	0	40	55	PASS	PASS	FAIL	PASS	FAIL	PASS	WARN	PASS	WARN	WARN	PASS
ETV2_TBX21_3_AAA_TGTAGC40NCCT	/scratch/project_2013895/SELEX/data/Jolma2015/submitted_ftp/ETV2_TBX21_3_AAA_TGTAGC40NCCT.fastq.gz	signal	154244	6.1 Mbp	6100000	0	40	54	PASS	PASS	FAIL	PASS	FAIL	PASS	WARN	PASS	WARN	WARN	PASS
ETV2_TEF_3_AAA_TCAGGG40NGCA	/scratch/project_2013895/SELEX/data/Jolma2015/submitted_ftp/ETV2_TEF_3_AAA_TCAGGG40NGCA.fastq.gz	signal	131804	5.2 Mbp	5200000	0	40	52	PASS	PASS	FAIL	PASS	FAIL	PASS	WARN	PASS	WARN	PASS	PASS
ETV5_EOMES_3_AY_TACAAG40NTCC	/scratch/project_2013895/SELEX/data/Jolma2015/submitted_ftp/ETV5_EOMES_3_AY_TACAAG40NTCC.fastq.gz	signal	125382	5 Mbp	5000000	0	40	58	PASS	PASS	WARN	PASS	FAIL	PASS	PASS	PASS	PASS	PASS	PASS
ETV5_ETV7_2_AY_TGTTAC40NCGC	/scratch/project_2013895/SELEX/data/Jolma2015/submitted_ftp/ETV5_ETV7_2_AY_TGTTAC40NCGC.fastq.gz	signal	448739	17.9 Mbp	17900000	0	40	57	PASS	PASS	WARN	PASS	FAIL	PASS	PASS	PASS	PASS	PASS	PASS
ETV5_FIGLA_3_AY_TCAGCC40NTTC	/scratch/project_2013895/SELEX/data/Jolma2015/submitted_ftp/ETV5_FIGLA_3_AY_TCAGCC40NTTC.fastq.gz	signal	134056	5.3 Mbp	5300000	0	40	59	PASS	PASS	WARN	PASS	FAIL	PASS	PASS	PASS	PASS	PASS	PASS
ETV5_FOXI1_3_AY_TCTATA40NTAT	/scratch/project_2013895/SELEX/data/Jolma2015/submitted_ftp/ETV5_FOXI1_3_AY_TCTATA40NTAT.fastq.gz	signal	116180	4.6 Mbp	4600000	0	40	56	PASS	PASS	WARN	PASS	FAIL	PASS	PASS	PASS	PASS	PASS	PASS
ETV5_HOXA2_3_AY_TCGGCG40NACG	/scratch/project_2013895/SELEX/data/Jolma2015/submitted_ftp/ETV5_HOXA2_3_AY_TCGGCG40NACG.fastq.gz	signal	102558	4.1 Mbp	4099999.9999999995	0	40	53	PASS	PASS	WARN	PASS	FAIL	PASS	PASS	PASS	PASS	PASS	PASS
FLI1_CEBPB_3_AAC_TTCGGG40NGAG	/scratch/project_2013895/SELEX/data/Jolma2015/submitted_ftp/FLI1_CEBPB_3_AAC_TTCGGG40NGAG.fastq.gz	signal	134537	5.3 Mbp	5300000	0	40	52	PASS	PASS	WARN	PASS	FAIL	PASS	PASS	PASS	WARN	WARN	PASS
FLI1_DRGX_3_AAC_TCCCGC40NACA	/scratch/project_2013895/SELEX/data/Jolma2015/submitted_ftp/FLI1_DRGX_3_AAC_TCCCGC40NACA.fastq.gz	signal	118981	4.7 Mbp	4700000	0	40	51	PASS	PASS	WARN	PASS	WARN	PASS	PASS	PASS	WARN	PASS	PASS
FLI1_ETV7_2_AAC_TTTACT40NACA	/scratch/project_2013895/SELEX/data/Jolma2015/submitted_ftp/FLI1_ETV7_2_AAC_TTTACT40NACA.fastq.gz	signal	404128	16.1 Mbp	16100000.000000002	0	40	52	PASS	PASS	FAIL	PASS	WARN	PASS	WARN	PASS	WARN	PASS	PASS
FLI1_FIGLA_2_AAC_TTGTAC40NGTA	/scratch/project_2013895/SELEX/data/Jolma2015/submitted_ftp/FLI1_FIGLA_2_AAC_TTGTAC40NGTA.fastq.gz	signal	514388	20.5 Mbp	20500000	0	40	54	PASS	PASS	FAIL	PASS	FAIL	PASS	WARN	PASS	PASS	PASS	PASS
FLI1_FOXI1_3_AAC_TACGGT40NTAC	/scratch/project_2013895/SELEX/data/Jolma2015/submitted_ftp/FLI1_FOXI1_3_AAC_TACGGT40NTAC.fastq.gz	signal	175847	7 Mbp	7000000	0	40	50	PASS	PASS	WARN	PASS	WARN	PASS	PASS	PASS	FAIL	WARN	PASS
FLI1_MAX_3_AAC_TACCAA40NTTA	/scratch/project_2013895/SELEX/data/Jolma2015/submitted_ftp/FLI1_MAX_3_AAC_TACCAA40NTTA.fastq.gz	signal	168247	6.7 Mbp	6700000	0	40	51	PASS	PASS	WARN	PASS	WARN	PASS	PASS	PASS	WARN	WARN	PASS
FOXJ2_ELF1_2_AAF_TAAGAT40NATG	/scratch/project_2013895/SELEX/data/Jolma2015/submitted_ftp/FOXJ2_ELF1_2_AAF_TAAGAT40NATG.fastq.gz	signal	677376	27 Mbp	27000000	0	40	45	PASS	PASS	FAIL	PASS	WARN	PASS	PASS	PASS	PASS	PASS	PASS
FOXJ3_ELF1_2_AAE_TCCGAT40NAGC	/scratch/project_2013895/SELEX/data/Jolma2015/submitted_ftp/FOXJ3_ELF1_2_AAE_TCCGAT40NAGC.fastq.gz	signal	1213202	48.5 Mbp	48500000	0	40	45	PASS	PASS	FAIL	PASS	WARN	PASS	PASS	PASS	FAIL	PASS	PASS
FOXJ3_TBX21_3_AAE_TCCTCC40NCTC	/scratch/project_2013895/SELEX/data/Jolma2015/submitted_ftp/FOXJ3_TBX21_3_AAE_TCCTCC40NCTC.fastq.gz	signal	215820	8.6 Mbp	8600000	0	40	43	PASS	PASS	WARN	PASS	WARN	PASS	PASS	PASS	FAIL	WARN	PASS
FOXO1_ELF1_2_AS_TTTCAC40NGTG	/scratch/project_2013895/SELEX/data/Jolma2015/submitted_ftp/FOXO1_ELF1_2_AS_TTTCAC40NGTG.fastq.gz	signal	611277	24.4 Mbp	24400000	0	40	52	PASS	PASS	FAIL	PASS	WARN	PASS	PASS	PASS	PASS	WARN	PASS
FOXO1_ELF1_3_AS_TTTCAC40NGTG	/scratch/project_2013895/SELEX/data/Jolma2015/submitted_ftp/FOXO1_ELF1_3_AS_TTTCAC40NGTG.fastq.gz	signal	243696	9.7 Mbp	9700000	0	40	51	PASS	PASS	FAIL	PASS	WARN	PASS	WARN	PASS	PASS	PASS	PASS
FOXO1_ELK1_2_AS_TTCGCT40NCTT	/scratch/project_2013895/SELEX/data/Jolma2015/submitted_ftp/FOXO1_ELK1_2_AS_TTCGCT40NCTT.fastq.gz	signal	492572	19.7 Mbp	19700000	0	40	51	PASS	PASS	FAIL	PASS	FAIL	PASS	PASS	PASS	PASS	PASS	PASS
FOXO1_ELK3_2_AS_TTGGGT40NGGC	/scratch/project_2013895/SELEX/data/Jolma2015/submitted_ftp/FOXO1_ELK3_2_AS_TTGGGT40NGGC.fastq.gz	signal	538480	21.5 Mbp	21500000	0	40	50	PASS	PASS	FAIL	PASS	WARN	PASS	PASS	PASS	PASS	WARN	PASS
FOXO1_ETV1_2_AS_TCCTGA40NCTC	/scratch/project_2013895/SELEX/data/Jolma2015/submitted_ftp/FOXO1_ETV1_2_AS_TCCTGA40NCTC.fastq.gz	signal	702659	28.1 Mbp	28100000	0	40	52	PASS	PASS	FAIL	PASS	FAIL	PASS	PASS	PASS	PASS	PASS	PASS
FOXO1_ETV7_2_AS_TTGGTG40NTAC	/scratch/project_2013895/SELEX/data/Jolma2015/submitted_ftp/FOXO1_ETV7_2_AS_TTGGTG40NTAC.fastq.gz	signal	598424	23.9 Mbp	23900000	0	40	51	PASS	PASS	FAIL	PASS	WARN	PASS	PASS	PASS	PASS	PASS	PASS
GCM1_ELF1_3_AX_TTTCAC40NGTG	/scratch/project_2013895/SELEX/data/Jolma2015/submitted_ftp/GCM1_ELF1_3_AX_TTTCAC40NGTG.fastq.gz	signal	88020	3.5 Mbp	3500000	0	40	59	PASS	PASS	WARN	PASS	FAIL	PASS	PASS	PASS	PASS	WARN	PASS
GCM1_ELK1_3_AU_TTCGCT40NCTT	/scratch/project_2013895/SELEX/data/Jolma2015/submitted_ftp/GCM1_ELK1_3_AU_TTCGCT40NCTT.fastq.gz	signal	158145	6.3 Mbp	6300000	0	40	63	PASS	PASS	WARN	PASS	FAIL	PASS	PASS	PASS	WARN	PASS	PASS
GCM1_ELK3_3_AU_TTGGGT40NGGC	/scratch/project_2013895/SELEX/data/Jolma2015/submitted_ftp/GCM1_ELK3_3_AU_TTGGGT40NGGC.fastq.gz	signal	144625	5.7 Mbp	5700000	0	40	58	PASS	PASS	WARN	PASS	FAIL	PASS	PASS	PASS	PASS	WARN	PASS
GCM1_ETV1_3_AU_TCCTGA40NCTC	/scratch/project_2013895/SELEX/data/Jolma2015/submitted_ftp/GCM1_ETV1_3_AU_TCCTGA40NCTC.fastq.gz	signal	161447	6.4 Mbp	6400000	0	40	60	PASS	PASS	PASS	PASS	FAIL	PASS	PASS	PASS	PASS	PASS	PASS
GCM1_ETV4_3_AX_TCCGTA40NGCC	/scratch/project_2013895/SELEX/data/Jolma2015/submitted_ftp/GCM1_ETV4_3_AX_TCCGTA40NGCC.fastq.gz	signal	69007	2.7 Mbp	2700000	0	40	59	PASS	PASS	WARN	PASS	FAIL	PASS	PASS	PASS	PASS	PASS	PASS
GCM1_ETV7_3_AU_TTGGTG40NTAC	/scratch/project_2013895/SELEX/data/Jolma2015/submitted_ftp/GCM1_ETV7_3_AU_TTGGTG40NTAC.fastq.gz	signal	157600	6.3 Mbp	6300000	0	40	59	PASS	PASS	PASS	PASS	FAIL	PASS	PASS	PASS	PASS	PASS	PASS
GCM1_FIGLA_2_AU_TCGAAC40NGAT	/scratch/project_2013895/SELEX/data/Jolma2015/submitted_ftp/GCM1_FIGLA_2_AU_TCGAAC40NGAT.fastq.gz	signal	1137032	45.4 Mbp	45400000	0	40	56	PASS	PASS	FAIL	PASS	FAIL	PASS	WARN	PASS	PASS	PASS	PASS
GCM1_FOXI1_3_AU_TAGTCA40NTCT	/scratch/project_2013895/SELEX/data/Jolma2015/submitted_ftp/GCM1_FOXI1_3_AU_TAGTCA40NTCT.fastq.gz	signal	151247	6 Mbp	6000000	0	40	58	PASS	PASS	PASS	PASS	FAIL	PASS	PASS	PASS	PASS	PASS	PASS
GCM1_FOXI1_2_AU_TAGTCA40NTCT	/scratch/project_2013895/SELEX/data/Jolma2015/submitted_ftp/GCM1_FOXI1_2_AU_TAGTCA40NTCT.fastq.gz	both	1286822	51.4 Mbp	51400000	0	40	56	PASS	PASS	FAIL	PASS	FAIL	PASS	WARN	PASS	PASS	PASS	PASS
GCM1_FOXO1_3_AU_TATGGT40NATA	/scratch/project_2013895/SELEX/data/Jolma2015/submitted_ftp/GCM1_FOXO1_3_AU_TATGGT40NATA.fastq.gz	signal	156095	6.2 Mbp	6200000	0	40	58	PASS	PASS	PASS	PASS	FAIL	PASS	PASS	PASS	PASS	PASS	PASS
GCM1_HOXA13_2_AU_TCCACT40NTGT	/scratch/project_2013895/SELEX/data/Jolma2015/submitted_ftp/GCM1_HOXA13_2_AU_TCCACT40NTGT.fastq.gz	signal	1013636	40.5 Mbp	40500000	0	40	57	PASS	PASS	FAIL	PASS	FAIL	PASS	WARN	PASS	PASS	PASS	PASS
GCM1_HOXB13_2_AU_TGCGAC40NGGT	/scratch/project_2013895/SELEX/data/Jolma2015/submitted_ftp/GCM1_HOXB13_2_AU_TGCGAC40NGGT.fastq.gz	signal	752538	30.1 Mbp	30100000	0	40	55	PASS	PASS	FAIL	PASS	FAIL	PASS	WARN	PASS	PASS	PASS	PASS
GCM1_MAX_3_AU_TTAGTC40NTCC	/scratch/project_2013895/SELEX/data/Jolma2015/submitted_ftp/GCM1_MAX_3_AU_TTAGTC40NTCC.fastq.gz	signal	180532	7.2 Mbp	7200000	0	40	61	PASS	PASS	PASS	PASS	FAIL	PASS	PASS	PASS	WARN	WARN	PASS
GCM1_ONECUT2_3_AU_TCCAGG40NTAG	/scratch/project_2013895/SELEX/data/Jolma2015/submitted_ftp/GCM1_ONECUT2_3_AU_TCCAGG40NTAG.fastq.gz	signal	171948	6.8 Mbp	6800000	0	40	57	PASS	PASS	PASS	PASS	FAIL	PASS	PASS	PASS	PASS	PASS	PASS
GCM1_SPDEF_3_AU_TTCTAC40NCGA	/scratch/project_2013895/SELEX/data/Jolma2015/submitted_ftp/GCM1_SPDEF_3_AU_TTCTAC40NCGA.fastq.gz	both	159604	6.3 Mbp	6300000	0	40	58	PASS	PASS	PASS	PASS	FAIL	PASS	PASS	PASS	PASS	WARN	PASS
GCM1_TBX21_3_AU_TCCTAT40NAGA	/scratch/project_2013895/SELEX/data/Jolma2015/submitted_ftp/GCM1_TBX21_3_AU_TCCTAT40NAGA.fastq.gz	signal	170066	6.8 Mbp	6800000	0	40	57	PASS	PASS	PASS	PASS	FAIL	PASS	PASS	PASS	PASS	PASS	PASS
GCM2_DRGX_3_AAB_TGAGTG40NTGA	/scratch/project_2013895/SELEX/data/Jolma2015/submitted_ftp/GCM2_DRGX_3_AAB_TGAGTG40NTGA.fastq.gz	signal	158593	6.3 Mbp	6300000	0	40	51	PASS	PASS	FAIL	PASS	WARN	PASS	PASS	PASS	PASS	PASS	PASS
GCM2_ELK1_3_AAB_TGACGA40NGCA	/scratch/project_2013895/SELEX/data/Jolma2015/submitted_ftp/GCM2_ELK1_3_AAB_TGACGA40NGCA.fastq.gz	signal	169009	6.7 Mbp	6700000	0	40	46	PASS	PASS	FAIL	PASS	WARN	PASS	PASS	PASS	PASS	PASS	PASS
GCM2_EOMES_3_AAB_TGTCGT40NGCG	/scratch/project_2013895/SELEX/data/Jolma2015/submitted_ftp/GCM2_EOMES_3_AAB_TGTCGT40NGCG.fastq.gz	signal	54177	2.1 Mbp	2100000	0	40	47	PASS	PASS	FAIL	PASS	WARN	PASS	PASS	PASS	PASS	PASS	PASS
GCM2_FIGLA_3_AAB_TCTCTT40NTCG	/scratch/project_2013895/SELEX/data/Jolma2015/submitted_ftp/GCM2_FIGLA_3_AAB_TCTCTT40NTCG.fastq.gz	signal	196085	7.8 Mbp	7800000	0	40	50	PASS	PASS	FAIL	PASS	WARN	PASS	PASS	PASS	PASS	PASS	PASS
GCM2_FOXI1_3_AAB_TGTGTC40NTGG	/scratch/project_2013895/SELEX/data/Jolma2015/submitted_ftp/GCM2_FOXI1_3_AAB_TGTGTC40NTGG.fastq.gz	signal	146021	5.8 Mbp	5800000	0	40	46	PASS	PASS	FAIL	PASS	WARN	PASS	PASS	PASS	PASS	PASS	PASS
GCM2_HOXA13_3_AAB_TCTAAT40NAAG	/scratch/project_2013895/SELEX/data/Jolma2015/submitted_ftp/GCM2_HOXA13_3_AAB_TCTAAT40NAAG.fastq.gz	signal	166962	6.6 Mbp	6600000	0	40	50	PASS	PASS	FAIL	PASS	WARN	PASS	PASS	PASS	WARN	PASS	PASS
GCM2_PITX1_3_AAB_TCTTTC40NTTG	/scratch/project_2013895/SELEX/data/Jolma2015/submitted_ftp/GCM2_PITX1_3_AAB_TCTTTC40NTTG.fastq.gz	signal	181950	7.2 Mbp	7200000	0	40	49	PASS	PASS	FAIL	PASS	WARN	PASS	PASS	PASS	PASS	PASS	PASS
GCM2_TBX21_3_AAB_TGTTCA40NCTG	/scratch/project_2013895/SELEX/data/Jolma2015/submitted_ftp/GCM2_TBX21_3_AAB_TGTTCA40NCTG.fastq.gz	signal	187260	7.4 Mbp	7400000	0	40	47	PASS	PASS	FAIL	PASS	FAIL	PASS	PASS	PASS	WARN	WARN	PASS
HOXA3_EOMES_2_AY_TGCACG40NTTG	/scratch/project_2013895/SELEX/data/Jolma2015/submitted_ftp/HOXA3_EOMES_2_AY_TGCACG40NTTG.fastq.gz	signal	1137679	45.5 Mbp	45500000	0	40	50	PASS	PASS	PASS	PASS	FAIL	PASS	PASS	PASS	WARN	PASS	PASS
HOXB2_ELF1_3_AY_TTTAGG40NTCT	/scratch/project_2013895/SELEX/data/Jolma2015/submitted_ftp/HOXB2_ELF1_3_AY_TTTAGG40NTCT.fastq.gz	signal	118028	4.7 Mbp	4700000	0	40	50	PASS	PASS	WARN	PASS	FAIL	PASS	PASS	PASS	PASS	PASS	PASS
HOXB2_ELK1_3_AY_TATGCT40NACT	/scratch/project_2013895/SELEX/data/Jolma2015/submitted_ftp/HOXB2_ELK1_3_AY_TATGCT40NACT.fastq.gz	signal	167325	6.6 Mbp	6600000	0	40	49	PASS	PASS	WARN	PASS	FAIL	PASS	PASS	PASS	PASS	PASS	PASS
HOXB2_EOMES_2_AY_TCAGCA40NCTC	/scratch/project_2013895/SELEX/data/Jolma2015/submitted_ftp/HOXB2_EOMES_2_AY_TCAGCA40NCTC.fastq.gz	both	425330	17 Mbp	17000000	0	40	49	PASS	PASS	PASS	PASS	FAIL	PASS	PASS	PASS	PASS	PASS	PASS
HOXB2_EOMES_3_AY_TCAGCA40NCTC	/scratch/project_2013895/SELEX/data/Jolma2015/submitted_ftp/HOXB2_EOMES_3_AY_TCAGCA40NCTC.fastq.gz	signal	143824	5.7 Mbp	5700000	0	40	49	PASS	PASS	WARN	PASS	FAIL	PASS	PASS	PASS	PASS	PASS	PASS
HOXB2_ETV1_2_AY_TGTATA40NGGT	/scratch/project_2013895/SELEX/data/Jolma2015/submitted_ftp/HOXB2_ETV1_2_AY_TGTATA40NGGT.fastq.gz	signal	404467	16.1 Mbp	16100000.000000002	0	40	49	PASS	PASS	PASS	PASS	FAIL	PASS	PASS	PASS	PASS	PASS	PASS
HOXB2_ETV4_2_AY_TCCGGG40NCTC	/scratch/project_2013895/SELEX/data/Jolma2015/submitted_ftp/HOXB2_ETV4_2_AY_TCCGGG40NCTC.fastq.gz	signal	416291	16.6 Mbp	16600000.000000002	0	40	50	PASS	PASS	PASS	PASS	WARN	PASS	PASS	PASS	PASS	PASS	PASS
HOXB2_HOXB13_3_AY_TGTGCA40NCCG	/scratch/project_2013895/SELEX/data/Jolma2015/submitted_ftp/HOXB2_HOXB13_3_AY_TGTGCA40NCCG.fastq.gz	signal	114331	4.5 Mbp	4500000	0	40	46	PASS	PASS	WARN	PASS	FAIL	PASS	PASS	PASS	PASS	PASS	PASS
HOXB2_PAX1_3_AY_TGAACT40NAAG	/scratch/project_2013895/SELEX/data/Jolma2015/submitted_ftp/HOXB2_PAX1_3_AY_TGAACT40NAAG.fastq.gz	signal	176968	7 Mbp	7000000	0	40	50	PASS	PASS	WARN	PASS	WARN	PASS	PASS	PASS	PASS	WARN	PASS
HOXB2_PAX5_2_AY_TGGTAT40NTGA	/scratch/project_2013895/SELEX/data/Jolma2015/submitted_ftp/HOXB2_PAX5_2_AY_TGGTAT40NTGA.fastq.gz	both	440908	17.6 Mbp	17600000	0	40	50	PASS	PASS	PASS	PASS	WARN	PASS	PASS	PASS	PASS	PASS	PASS
HOXB2_PAX5_3_AY_TGGTAT40NTGA	/scratch/project_2013895/SELEX/data/Jolma2015/submitted_ftp/HOXB2_PAX5_3_AY_TGGTAT40NTGA.fastq.gz	signal	117740	4.7 Mbp	4700000	0	40	50	PASS	PASS	PASS	PASS	WARN	PASS	PASS	PASS	PASS	PASS	PASS
HOXB2_PAX9_3_AY_TTAAAT40NAAT	/scratch/project_2013895/SELEX/data/Jolma2015/submitted_ftp/HOXB2_PAX9_3_AY_TTAAAT40NAAT.fastq.gz	signal	129308	5.1 Mbp	5100000	0	40	51	PASS	PASS	WARN	PASS	FAIL	PASS	PASS	PASS	PASS	PASS	PASS
HOXB2_TBX21_2_AY_TGTAGC40NCCT	/scratch/project_2013895/SELEX/data/Jolma2015/submitted_ftp/HOXB2_TBX21_2_AY_TGTAGC40NCCT.fastq.gz	both	380482	15.2 Mbp	15200000	0	40	49	PASS	PASS	PASS	PASS	FAIL	WARN	PASS	PASS	PASS	PASS	PASS
HOXB2_TBX21_3_AY_TGTAGC40NCCT	/scratch/project_2013895/SELEX/data/Jolma2015/submitted_ftp/HOXB2_TBX21_3_AY_TGTAGC40NCCT.fastq.gz	signal	127107	5 Mbp	5000000	0	40	48	PASS	PASS	WARN	PASS	FAIL	WARN	PASS	PASS	PASS	PASS	PASS
HOXB2_TBX3_2_AY_TGGCTA40NTCC	/scratch/project_2013895/SELEX/data/Jolma2015/submitted_ftp/HOXB2_TBX3_2_AY_TGGCTA40NTCC.fastq.gz	signal	407158	16.2 Mbp	16200000	0	40	49	PASS	PASS	PASS	PASS	WARN	PASS	PASS	PASS	PASS	PASS	PASS
HOXD12_ELK1_2_AAB_TTCGCT40NCTT	/scratch/project_2013895/SELEX/data/Jolma2015/submitted_ftp/HOXD12_ELK1_2_AAB_TTCGCT40NCTT.fastq.gz	both	1010053	40.4 Mbp	40400000	0	40	50	PASS	PASS	PASS	PASS	WARN	PASS	PASS	PASS	FAIL	PASS	PASS
HOXD12_ELK1_3_AAB_TTCGCT40NCTT	/scratch/project_2013895/SELEX/data/Jolma2015/submitted_ftp/HOXD12_ELK1_3_AAB_TTCGCT40NCTT.fastq.gz	signal	207609	8.3 Mbp	8300000.000000001	0	40	51	PASS	PASS	FAIL	PASS	FAIL	PASS	PASS	PASS	WARN	WARN	PASS
HOXD12_ELK3_2_AAB_TTGGGT40NGGC	/scratch/project_2013895/SELEX/data/Jolma2015/submitted_ftp/HOXD12_ELK3_2_AAB_TTGGGT40NGGC.fastq.gz	signal	973219	38.9 Mbp	38900000	0	40	48	PASS	PASS	PASS	PASS	WARN	PASS	PASS	PASS	FAIL	PASS	PASS
HOXD12_EOMES_3_AAB_TGAGTC40NAAC	/scratch/project_2013895/SELEX/data/Jolma2015/submitted_ftp/HOXD12_EOMES_3_AAB_TGAGTC40NAAC.fastq.gz	both	263462	10.5 Mbp	10500000	0	40	50	PASS	PASS	FAIL	PASS	FAIL	WARN	PASS	PASS	WARN	FAIL	PASS
HOXD12_ETV1_3_AAB_TCCTGA40NCTC	/scratch/project_2013895/SELEX/data/Jolma2015/submitted_ftp/HOXD12_ETV1_3_AAB_TCCTGA40NCTC.fastq.gz	signal	207404	8.2 Mbp	8199999.999999999	0	40	50	PASS	PASS	FAIL	PASS	FAIL	PASS	PASS	PASS	PASS	WARN	PASS
HOXD12_ETV4_3_AAB_TCCGTA40NGCC	/scratch/project_2013895/SELEX/data/Jolma2015/submitted_ftp/HOXD12_ETV4_3_AAB_TCCGTA40NGCC.fastq.gz	signal	168230	6.7 Mbp	6700000	0	40	48	PASS	PASS	FAIL	PASS	FAIL	WARN	PASS	PASS	WARN	WARN	PASS
HOXD12_TBX21_2_AAB_TCCTAT40NAGA	/scratch/project_2013895/SELEX/data/Jolma2015/submitted_ftp/HOXD12_TBX21_2_AAB_TCCTAT40NAGA.fastq.gz	signal	1294287	51.7 Mbp	51700000	0	40	48	PASS	PASS	PASS	PASS	WARN	WARN	PASS	PASS	FAIL	PASS	PASS
MEIS1_DLX2_2_AT_TCCGCA40NCGC	/scratch/project_2013895/SELEX/data/Jolma2015/submitted_ftp/MEIS1_DLX2_2_AT_TCCGCA40NCGC.fastq.gz	signal	1182026	47.2 Mbp	47200000	0	40	44	PASS	PASS	PASS	PASS	FAIL	PASS	PASS	PASS	FAIL	PASS	PASS
MEIS1_DRGX_2_AT_TAGGTG40NTGT	/scratch/project_2013895/SELEX/data/Jolma2015/submitted_ftp/MEIS1_DRGX_2_AT_TAGGTG40NTGT.fastq.gz	both	1252615	50.1 Mbp	50100000	0	40	49	PASS	PASS	PASS	PASS	FAIL	PASS	PASS	PASS	WARN	PASS	PASS
MEIS1_DRGX_3_AT_TAGGTG40NTGT	/scratch/project_2013895/SELEX/data/Jolma2015/submitted_ftp/MEIS1_DRGX_3_AT_TAGGTG40NTGT.fastq.gz	signal	210589	8.4 Mbp	8400000	0	40	47	PASS	PASS	FAIL	PASS	FAIL	PASS	WARN	PASS	WARN	WARN	PASS
MEIS1_ELF1_2_AT_TCCGAT40NAGC	/scratch/project_2013895/SELEX/data/Jolma2015/submitted_ftp/MEIS1_ELF1_2_AT_TCCGAT40NAGC.fastq.gz	signal	1027096	41 Mbp	41000000	0	40	48	PASS	PASS	PASS	PASS	WARN	PASS	PASS	PASS	WARN	PASS	PASS
MEIS1_EOMES_3_AT_TCCCGA40NGCC	/scratch/project_2013895/SELEX/data/Jolma2015/submitted_ftp/MEIS1_EOMES_3_AT_TCCCGA40NGCC.fastq.gz	signal	223688	8.9 Mbp	8900000	0	40	50	PASS	PASS	FAIL	PASS	FAIL	PASS	WARN	PASS	PASS	FAIL	PASS
MEIS1_EVX1_3_AT_TCAAAA40NAAA	/scratch/project_2013895/SELEX/data/Jolma2015/submitted_ftp/MEIS1_EVX1_3_AT_TCAAAA40NAAA.fastq.gz	signal	219780	8.7 Mbp	8700000	0	40	48	PASS	PASS	FAIL	PASS	WARN	PASS	WARN	PASS	PASS	PASS	PASS
MEIS1_HOXA13_3_AT_TACAAA40NAAC	/scratch/project_2013895/SELEX/data/Jolma2015/submitted_ftp/MEIS1_HOXA13_3_AT_TACAAA40NAAC.fastq.gz	signal	221922	8.8 Mbp	8800000	0	40	49	PASS	PASS	FAIL	PASS	WARN	PASS	WARN	PASS	PASS	PASS	PASS
MEIS1_ONECUT2_3_AT_TCCCTC40NTCC	/scratch/project_2013895/SELEX/data/Jolma2015/submitted_ftp/MEIS1_ONECUT2_3_AT_TCCCTC40NTCC.fastq.gz	signal	212970	8.5 Mbp	8500000	0	40	47	PASS	PASS	FAIL	PASS	FAIL	PASS	WARN	PASS	WARN	WARN	PASS
MEIS2_ONECUT2_2_AAA_TGTTTC40NTTA	/scratch/project_2013895/SELEX/data/Jolma2015/submitted_ftp/MEIS2_ONECUT2_2_AAA_TGTTTC40NTTA.fastq.gz	signal	482573	19.3 Mbp	19300000	0	40	49	PASS	PASS	PASS	PASS	WARN	PASS	PASS	PASS	FAIL	PASS	PASS
MGA_DLX2_2_AAD_TGCGGT40NTCA	/scratch/project_2013895/SELEX/data/Jolma2015/submitted_ftp/MGA_DLX2_2_AAD_TGCGGT40NTCA.fastq.gz	both	226814	9 Mbp	9000000	0	40	52	PASS	PASS	WARN	PASS	FAIL	WARN	PASS	PASS	FAIL	WARN	PASS
MGA_DLX3_2_AAD_TGGGTG40NGGA	/scratch/project_2013895/SELEX/data/Jolma2015/submitted_ftp/MGA_DLX3_2_AAD_TGGGTG40NGGA.fastq.gz	signal	417028	16.6 Mbp	16600000.000000002	0	40	50	PASS	PASS	WARN	PASS	FAIL	PASS	PASS	PASS	FAIL	WARN	PASS
MGA_EVX1_2_AAD_TCGTGA40NGTC	/scratch/project_2013895/SELEX/data/Jolma2015/submitted_ftp/MGA_EVX1_2_AAD_TCGTGA40NGTC.fastq.gz	signal	391166	15.6 Mbp	15600000	0	40	44	PASS	PASS	WARN	PASS	FAIL	PASS	PASS	PASS	FAIL	WARN	PASS
MGA_PITX1_2_AAD_TTCATT40NTAT	/scratch/project_2013895/SELEX/data/Jolma2015/submitted_ftp/MGA_PITX1_2_AAD_TTCATT40NTAT.fastq.gz	signal	468389	18.7 Mbp	18700000	0	40	55	PASS	PASS	WARN	PASS	FAIL	PASS	PASS	PASS	FAIL	PASS	PASS
MYBL1_ELF1_3_AX_TATGAC40NTCA	/scratch/project_2013895/SELEX/data/Jolma2015/submitted_ftp/MYBL1_ELF1_3_AX_TATGAC40NTCA.fastq.gz	signal	75831	3 Mbp	3000000	0	40	57	PASS	PASS	WARN	PASS	FAIL	PASS	PASS	PASS	PASS	WARN	PASS
MYBL1_EOMES_3_AX_TACAAG40NTCC	/scratch/project_2013895/SELEX/data/Jolma2015/submitted_ftp/MYBL1_EOMES_3_AX_TACAAG40NTCC.fastq.gz	signal	81792	3.2 Mbp	3200000	0	40	56	PASS	PASS	WARN	PASS	FAIL	PASS	PASS	PASS	PASS	PASS	PASS
MYBL1_TBX21_2_AX_TTTCTG40NTAG	/scratch/project_2013895/SELEX/data/Jolma2015/submitted_ftp/MYBL1_TBX21_2_AX_TTTCTG40NTAG.fastq.gz	signal	391157	15.6 Mbp	15600000	0	40	57	PASS	PASS	WARN	PASS	FAIL	PASS	PASS	PASS	PASS	PASS	PASS
PBX4_HOXA1_2_AS_TTCTGT40NAAC	/scratch/project_2013895/SELEX/data/Jolma2015/submitted_ftp/PBX4_HOXA1_2_AS_TTCTGT40NAAC.fastq.gz	signal	725010	29 Mbp	29000000	0	40	52	PASS	PASS	FAIL	PASS	WARN	PASS	PASS	PASS	PASS	PASS	PASS
PBX4_HOXA10_2_AS_TGACAA40NACT	/scratch/project_2013895/SELEX/data/Jolma2015/submitted_ftp/PBX4_HOXA10_2_AS_TGACAA40NACT.fastq.gz	signal	778945	31.1 Mbp	31100000	0	40	52	PASS	PASS	WARN	PASS	FAIL	PASS	PASS	PASS	PASS	WARN	PASS
POU2F1_ELK1_2_AS_TGACGA40NGCA	/scratch/project_2013895/SELEX/data/Jolma2015/submitted_ftp/POU2F1_ELK1_2_AS_TGACGA40NGCA.fastq.gz	both	471768	18.8 Mbp	18800000	0	40	38	PASS	PASS	FAIL	PASS	FAIL	PASS	PASS	PASS	FAIL	FAIL	PASS
POU2F1_EOMES_2_AS_TGTCGT40NGCG	/scratch/project_2013895/SELEX/data/Jolma2015/submitted_ftp/POU2F1_EOMES_2_AS_TGTCGT40NGCG.fastq.gz	signal	207806	8.3 Mbp	8300000.000000001	0	40	39	PASS	PASS	FAIL	PASS	FAIL	PASS	PASS	PASS	FAIL	PASS	PASS
POU2F1_ETV1_2_AS_TGCGAA40NAGC	/scratch/project_2013895/SELEX/data/Jolma2015/submitted_ftp/POU2F1_ETV1_2_AS_TGCGAA40NAGC.fastq.gz	both	283745	11.3 Mbp	11300000	0	40	37	PASS	PASS	WARN	PASS	FAIL	PASS	PASS	PASS	FAIL	PASS	PASS
POU2F1_ETV4_2_AX_TAGAAC40NAAT	/scratch/project_2013895/SELEX/data/Jolma2015/submitted_ftp/POU2F1_ETV4_2_AX_TAGAAC40NAAT.fastq.gz	signal	449026	17.9 Mbp	17900000	0	40	45	PASS	PASS	WARN	PASS	WARN	PASS	PASS	PASS	FAIL	WARN	PASS
POU2F1_GSC2_2_AS_TGCCAT40NACC	/scratch/project_2013895/SELEX/data/Jolma2015/submitted_ftp/POU2F1_GSC2_2_AS_TGCCAT40NACC.fastq.gz	signal	508629	20.3 Mbp	20300000	0	40	37	PASS	PASS	WARN	PASS	FAIL	PASS	PASS	PASS	WARN	PASS	PASS
POU2F1_HOXB13_2_AX_TACATT40NTAC	/scratch/project_2013895/SELEX/data/Jolma2015/submitted_ftp/POU2F1_HOXB13_2_AX_TACATT40NTAC.fastq.gz	signal	428014	17.1 Mbp	17100000	0	40	38	PASS	PASS	WARN	PASS	WARN	PASS	PASS	PASS	WARN	PASS	PASS
POU2F1_SOX15_2_AS_TCGCCA40NCCT	/scratch/project_2013895/SELEX/data/Jolma2015/submitted_ftp/POU2F1_SOX15_2_AS_TCGCCA40NCCT.fastq.gz	signal	394757	15.7 Mbp	15700000	0	40	34	PASS	PASS	FAIL	PASS	FAIL	PASS	PASS	PASS	FAIL	WARN	PASS
POU2F1_SOX2_2_AS_TGCTCG40NCTC	/scratch/project_2013895/SELEX/data/Jolma2015/submitted_ftp/POU2F1_SOX2_2_AS_TGCTCG40NCTC.fastq.gz	signal	490053	19.6 Mbp	19600000	0	40	40	PASS	PASS	FAIL	PASS	WARN	PASS	PASS	PASS	FAIL	PASS	PASS
POU2F1_TBX21_2_AS_TGTTCA40NCTG	/scratch/project_2013895/SELEX/data/Jolma2015/submitted_ftp/POU2F1_TBX21_2_AS_TGTTCA40NCTG.fastq.gz	signal	379386	15.1 Mbp	15100000	0	40	37	PASS	PASS	FAIL	PASS	WARN	PASS	PASS	PASS	FAIL	WARN	PASS
RFX3_BHLHA15_3_AY_TTCTTT40NCAG	/scratch/project_2013895/SELEX/data/Jolma2015/submitted_ftp/RFX3_BHLHA15_3_AY_TTCTTT40NCAG.fastq.gz	signal	144515	5.7 Mbp	5700000	0	40	53	PASS	PASS	WARN	PASS	WARN	PASS	PASS	PASS	PASS	PASS	PASS
RFX3_SREBF2_3_AY_TAAAGG40NGAC	/scratch/project_2013895/SELEX/data/Jolma2015/submitted_ftp/RFX3_SREBF2_3_AY_TAAAGG40NGAC.fastq.gz	signal	134258	5.3 Mbp	5300000	0	40	54	PASS	PASS	WARN	PASS	FAIL	PASS	PASS	PASS	WARN	WARN	PASS
TEAD4_CEBPD_3_AY_TGAGGC40NGGA	/scratch/project_2013895/SELEX/data/Jolma2015/submitted_ftp/TEAD4_CEBPD_3_AY_TGAGGC40NGGA.fastq.gz	signal	125603	5 Mbp	5000000	0	40	45	PASS	PASS	WARN	PASS	FAIL	PASS	PASS	PASS	PASS	PASS	PASS
TEAD4_DRGX_3_AY_TGAGTG40NTGA	/scratch/project_2013895/SELEX/data/Jolma2015/submitted_ftp/TEAD4_DRGX_3_AY_TGAGTG40NTGA.fastq.gz	signal	147968	5.9 Mbp	5900000	0	40	43	PASS	PASS	WARN	PASS	FAIL	PASS	PASS	PASS	PASS	PASS	PASS
TEAD4_ELF1_2_AY_TGTGAG40NAGG	/scratch/project_2013895/SELEX/data/Jolma2015/submitted_ftp/TEAD4_ELF1_2_AY_TGTGAG40NAGG.fastq.gz	signal	391807	15.6 Mbp	15600000	0	40	45	PASS	PASS	PASS	PASS	WARN	PASS	PASS	PASS	PASS	PASS	PASS
TEAD4_ELK1_3_AY_TGACGA40NGCA	/scratch/project_2013895/SELEX/data/Jolma2015/submitted_ftp/TEAD4_ELK1_3_AY_TGACGA40NGCA.fastq.gz	signal	123661	4.9 Mbp	4900000	0	40	45	PASS	PASS	WARN	PASS	WARN	PASS	PASS	PASS	PASS	PASS	PASS
TEAD4_EOMES_3_AY_TGTCGT40NGCG	/scratch/project_2013895/SELEX/data/Jolma2015/submitted_ftp/TEAD4_EOMES_3_AY_TGTCGT40NGCG.fastq.gz	signal	45531	1.8 Mbp	1800000	0	40	45	PASS	PASS	WARN	PASS	FAIL	PASS	PASS	PASS	PASS	PASS	PASS
TEAD4_ERG_3_AY_TGCCGC40NGCC	/scratch/project_2013895/SELEX/data/Jolma2015/submitted_ftp/TEAD4_ERG_3_AY_TGCCGC40NGCC.fastq.gz	signal	82856	3.3 Mbp	3300000	0	40	46	PASS	PASS	WARN	PASS	FAIL	PASS	PASS	PASS	PASS	PASS	PASS
TEAD4_ETV1_2_AY_TGCGAA40NAGC	/scratch/project_2013895/SELEX/data/Jolma2015/submitted_ftp/TEAD4_ETV1_2_AY_TGCGAA40NAGC.fastq.gz	signal	430110	17.2 Mbp	17200000	0	40	46	PASS	PASS	PASS	PASS	WARN	PASS	PASS	PASS	PASS	PASS	PASS
TEAD4_ETV4_3_AY_TGAAAC40NAAA	/scratch/project_2013895/SELEX/data/Jolma2015/submitted_ftp/TEAD4_ETV4_3_AY_TGAAAC40NAAA.fastq.gz	signal	134674	5.3 Mbp	5300000	0	40	45	PASS	PASS	WARN	PASS	FAIL	PASS	PASS	PASS	PASS	WARN	PASS
TEAD4_ETV7_3_AY_TGCAGA40NGAC	/scratch/project_2013895/SELEX/data/Jolma2015/submitted_ftp/TEAD4_ETV7_3_AY_TGCAGA40NGAC.fastq.gz	signal	136780	5.4 Mbp	5400000	0	40	47	PASS	PASS	WARN	PASS	WARN	PASS	PASS	PASS	PASS	PASS	PASS
TEAD4_GSC2_3_AX_TCAAGA40NCGC	/scratch/project_2013895/SELEX/data/Jolma2015/submitted_ftp/TEAD4_GSC2_3_AX_TCAAGA40NCGC.fastq.gz	signal	71298	2.8 Mbp	2800000	0	40	53	PASS	PASS	WARN	PASS	FAIL	PASS	PASS	PASS	PASS	PASS	PASS
TEAD4_HOXA13_2_AX_TTTCAA40NTGA	/scratch/project_2013895/SELEX/data/Jolma2015/submitted_ftp/TEAD4_HOXA13_2_AX_TTTCAA40NTGA.fastq.gz	signal	523037	20.9 Mbp	20900000	0	40	53	PASS	PASS	WARN	PASS	FAIL	PASS	PASS	PASS	PASS	PASS	PASS
TEAD4_HOXB13_3_AY_TCTATG40NTAG	/scratch/project_2013895/SELEX/data/Jolma2015/submitted_ftp/TEAD4_HOXB13_3_AY_TCTATG40NTAG.fastq.gz	signal	148007	5.9 Mbp	5900000	0	40	44	PASS	PASS	WARN	PASS	WARN	PASS	PASS	PASS	PASS	PASS	PASS
TEAD4_MAX_3_AY_TGCCTG40NTCC	/scratch/project_2013895/SELEX/data/Jolma2015/submitted_ftp/TEAD4_MAX_3_AY_TGCCTG40NTCC.fastq.gz	signal	132717	5.3 Mbp	5300000	0	40	48	PASS	PASS	WARN	PASS	FAIL	PASS	PASS	PASS	PASS	PASS	PASS
TEAD4_ONECUT2_3_AX_TACTAC40NGCC	/scratch/project_2013895/SELEX/data/Jolma2015/submitted_ftp/TEAD4_ONECUT2_3_AX_TACTAC40NGCC.fastq.gz	signal	81592	3.2 Mbp	3200000	0	40	53	PASS	PASS	WARN	PASS	FAIL	WARN	PASS	PASS	PASS	FAIL	PASS
TEAD4_SPDEF_3_AY_TGGAGC40NGAT	/scratch/project_2013895/SELEX/data/Jolma2015/submitted_ftp/TEAD4_SPDEF_3_AY_TGGAGC40NGAT.fastq.gz	signal	114590	4.5 Mbp	4500000	0	40	45	PASS	PASS	WARN	PASS	FAIL	PASS	PASS	PASS	PASS	PASS	PASS
TEAD4_SPIB_2_AY_TGGCCC40NCCT	/scratch/project_2013895/SELEX/data/Jolma2015/submitted_ftp/TEAD4_SPIB_2_AY_TGGCCC40NCCT.fastq.gz	signal	367032	14.6 Mbp	14600000	0	40	47	PASS	PASS	PASS	PASS	WARN	PASS	PASS	PASS	PASS	PASS	PASS
TEAD4_TBX21_3_AY_TGTTCA40NCTG	/scratch/project_2013895/SELEX/data/Jolma2015/submitted_ftp/TEAD4_TBX21_3_AY_TGTTCA40NCTG.fastq.gz	signal	141597	5.6 Mbp	5600000	0	40	45	PASS	PASS	WARN	PASS	WARN	PASS	PASS	PASS	PASS	PASS	PASS
TEAD4_TCF3_3_AY_TCGTTA40NTTT	/scratch/project_2013895/SELEX/data/Jolma2015/submitted_ftp/TEAD4_TCF3_3_AY_TCGTTA40NTTT.fastq.gz	signal	106384	4.2 Mbp	4200000	0	40	49	PASS	PASS	WARN	PASS	FAIL	PASS	PASS	PASS	PASS	PASS	PASS
TFAP2C_DRGX_3_AY_TGATCA40NAGG	/scratch/project_2013895/SELEX/data/Jolma2015/submitted_ftp/TFAP2C_DRGX_3_AY_TGATCA40NAGG.fastq.gz	signal	138665	5.5 Mbp	5500000	0	40	58	PASS	PASS	WARN	PASS	FAIL	PASS	PASS	PASS	PASS	PASS	PASS
TFAP2C_E2F8_3_AY_TGCGCG40NTAG	/scratch/project_2013895/SELEX/data/Jolma2015/submitted_ftp/TFAP2C_E2F8_3_AY_TGCGCG40NTAG.fastq.gz	signal	83448	3.3 Mbp	3300000	0	40	58	PASS	PASS	WARN	PASS	FAIL	PASS	PASS	PASS	PASS	PASS	PASS
TFAP2C_ELK1_3_AY_TTCGCT40NCTT	/scratch/project_2013895/SELEX/data/Jolma2015/submitted_ftp/TFAP2C_ELK1_3_AY_TTCGCT40NCTT.fastq.gz	signal	73760	2.9 Mbp	2900000	0	40	62	PASS	PASS	FAIL	PASS	FAIL	PASS	PASS	PASS	WARN	WARN	PASS
TFAP2C_HOXB13_3_AY_TGCGAC40NGGT	/scratch/project_2013895/SELEX/data/Jolma2015/submitted_ftp/TFAP2C_HOXB13_3_AY_TGCGAC40NGGT.fastq.gz	signal	111267	4.4 Mbp	4400000	0	40	56	PASS	PASS	WARN	PASS	FAIL	PASS	PASS	PASS	PASS	PASS	PASS
TFAP4_ETV1_2_AW_TTGCGA40NGTA	/scratch/project_2013895/SELEX/data/Jolma2015/submitted_ftp/TFAP4_ETV1_2_AW_TTGCGA40NGTA.fastq.gz	signal	2252632	90.1 Mbp	90100000	0	40	58	PASS	PASS	FAIL	PASS	FAIL	PASS	PASS	PASS	WARN	PASS	PASS
TFAP4_ETV4_2_AW_TTCTAA40NAAT	/scratch/project_2013895/SELEX/data/Jolma2015/submitted_ftp/TFAP4_ETV4_2_AW_TTCTAA40NAAT.fastq.gz	signal	2093535	83.7 Mbp	83700000	0	40	59	PASS	PASS	FAIL	PASS	FAIL	PASS	PASS	PASS	WARN	PASS	PASS
TFAP4_FLI1_2_AW_TAGTAG40NGTT	/scratch/project_2013895/SELEX/data/Jolma2015/submitted_ftp/TFAP4_FLI1_2_AW_TAGTAG40NGTT.fastq.gz	signal	1749058	69.9 Mbp	69900000	0	40	58	PASS	PASS	FAIL	PASS	FAIL	PASS	PASS	PASS	PASS	PASS	PASS
CLOCK_EVX1_3_AX_TCTTAC40NGCG	/scratch/project_2013895/SELEX/data/Jolma2015/submitted_ftp/CLOCK_EVX1_3_AX_TCTTAC40NGCG.fastq.gz	signal	86793	3.4 Mbp	3400000	0	40	49	PASS	PASS	WARN	PASS	WARN	PASS	PASS	PASS	WARN	WARN	PASS
ELK1_HOXA1_3_AAA_TAGCCG40NGAA	/scratch/project_2013895/SELEX/data/Jolma2015/submitted_ftp/ELK1_HOXA1_3_AAA_TAGCCG40NGAA.fastq.gz	signal	135221	5.4 Mbp	5400000	0	40	55	PASS	PASS	FAIL	PASS	FAIL	PASS	WARN	PASS	WARN	WARN	PASS
ERF_SREBF2_3_AAC_TCTTTG40NACT	/scratch/project_2013895/SELEX/data/Jolma2015/submitted_ftp/ERF_SREBF2_3_AAC_TCTTTG40NACT.fastq.gz	both	232145	9.2 Mbp	9200000	0	40	53	PASS	PASS	WARN	PASS	FAIL	PASS	PASS	PASS	FAIL	WARN	PASS
ERF_SREBF2_2_AAC_TCTTTG40NACT	/scratch/project_2013895/SELEX/data/Jolma2015/submitted_ftp/ERF_SREBF2_2_AAC_TCTTTG40NACT.fastq.gz	signal	425592	17 Mbp	17000000	0	40	53	PASS	PASS	FAIL	PASS	FAIL	PASS	WARN	PASS	FAIL	PASS	PASS
ERF_TBX21_3_AAC_TCCTAT40NAGA	/scratch/project_2013895/SELEX/data/Jolma2015/submitted_ftp/ERF_TBX21_3_AAC_TCCTAT40NAGA.fastq.gz	signal	182230	7.2 Mbp	7200000	0	40	51	PASS	PASS	WARN	PASS	WARN	PASS	PASS	PASS	FAIL	WARN	PASS
ETV2_SREBF2_2_AAA_TAAAGT40NAGC	/scratch/project_2013895/SELEX/data/Jolma2015/submitted_ftp/ETV2_SREBF2_2_AAA_TAAAGT40NAGC.fastq.gz	signal	625042	25 Mbp	25000000	0	40	55	PASS	PASS	PASS	PASS	WARN	PASS	PASS	PASS	PASS	PASS	PASS
ETV5_CEBPD_2_AY_TGCAAA40NGAA	/scratch/project_2013895/SELEX/data/Jolma2015/submitted_ftp/ETV5_CEBPD_2_AY_TGCAAA40NGAA.fastq.gz	signal	362984	14.5 Mbp	14500000	0	40	58	PASS	PASS	PASS	PASS	FAIL	PASS	PASS	PASS	PASS	PASS	PASS
ETV5_DRGX_3_AY_TGATCG40NATC	/scratch/project_2013895/SELEX/data/Jolma2015/submitted_ftp/ETV5_DRGX_3_AY_TGATCG40NATC.fastq.gz	signal	115694	4.6 Mbp	4600000	0	40	55	PASS	PASS	WARN	PASS	FAIL	PASS	PASS	PASS	PASS	PASS	PASS
ETV5_EVX1_3_AY_TCGTGA40NGTC	/scratch/project_2013895/SELEX/data/Jolma2015/submitted_ftp/ETV5_EVX1_3_AY_TCGTGA40NGTC.fastq.gz	signal	71477	2.8 Mbp	2800000	0	40	55	PASS	PASS	WARN	PASS	FAIL	PASS	PASS	PASS	PASS	PASS	PASS
ETV5_FOXO1_2_AY_TGGCTG40NAGA	/scratch/project_2013895/SELEX/data/Jolma2015/submitted_ftp/ETV5_FOXO1_2_AY_TGGCTG40NAGA.fastq.gz	signal	385579	15.4 Mbp	15400000	0	40	56	PASS	PASS	PASS	PASS	FAIL	PASS	PASS	PASS	PASS	PASS	PASS
ETV5_HOXA13_3_AY_TACTTT40NTCT	/scratch/project_2013895/SELEX/data/Jolma2015/submitted_ftp/ETV5_HOXA13_3_AY_TACTTT40NTCT.fastq.gz	signal	149084	5.9 Mbp	5900000	0	40	57	PASS	PASS	WARN	PASS	FAIL	PASS	PASS	PASS	PASS	PASS	PASS
ETV5_HOXB13_3_AY_TTGTTC40NAAG	/scratch/project_2013895/SELEX/data/Jolma2015/submitted_ftp/ETV5_HOXB13_3_AY_TTGTTC40NAAG.fastq.gz	signal	120319	4.8 Mbp	4800000	0	40	56	PASS	PASS	WARN	PASS	FAIL	PASS	PASS	PASS	PASS	WARN	PASS
FLI1_BHLHA15_3_AAC_TTGATG40NATC	/scratch/project_2013895/SELEX/data/Jolma2015/submitted_ftp/FLI1_BHLHA15_3_AAC_TTGATG40NATC.fastq.gz	signal	172575	6.9 Mbp	6900000	0	40	50	PASS	PASS	WARN	PASS	WARN	PASS	PASS	PASS	WARN	PASS	PASS
FLI1_CEBPD_3_AAC_TTGGCC40NTCG	/scratch/project_2013895/SELEX/data/Jolma2015/submitted_ftp/FLI1_CEBPD_3_AAC_TTGGCC40NTCG.fastq.gz	signal	140316	5.6 Mbp	5600000	0	40	50	PASS	PASS	WARN	PASS	WARN	PASS	PASS	PASS	WARN	WARN	PASS
FLI1_DLX2_3_AAC_TGTCGA40NGCA	/scratch/project_2013895/SELEX/data/Jolma2015/submitted_ftp/FLI1_DLX2_3_AAC_TGTCGA40NGCA.fastq.gz	signal	101097	4 Mbp	4000000	0	40	48	PASS	PASS	WARN	PASS	WARN	PASS	PASS	PASS	WARN	WARN	PASS
FLI1_HOXB13_2_AAC_TCGGTG40NCAA	/scratch/project_2013895/SELEX/data/Jolma2015/submitted_ftp/FLI1_HOXB13_2_AAC_TCGGTG40NCAA.fastq.gz	signal	452622	18.1 Mbp	18100000	0	40	50	PASS	PASS	FAIL	PASS	WARN	PASS	WARN	PASS	PASS	PASS	PASS
FLI1_TCF3_3_AAC_TGAGTT40NCGG	/scratch/project_2013895/SELEX/data/Jolma2015/submitted_ftp/FLI1_TCF3_3_AAC_TGAGTT40NCGG.fastq.gz	signal	189706	7.5 Mbp	7500000	0	40	49	PASS	PASS	WARN	PASS	FAIL	PASS	PASS	PASS	WARN	WARN	PASS
FOXJ2_HOXB13_2_AAF_TACGCA40NAAT	/scratch/project_2013895/SELEX/data/Jolma2015/submitted_ftp/FOXJ2_HOXB13_2_AAF_TACGCA40NAAT.fastq.gz	signal	662296	26.4 Mbp	26400000	0	40	44	PASS	PASS	FAIL	PASS	WARN	PASS	PASS	PASS	PASS	PASS	PASS
FOXJ2_HOXB13_3_AAF_TACGCA40NAAT	/scratch/project_2013895/SELEX/data/Jolma2015/submitted_ftp/FOXJ2_HOXB13_3_AAF_TACGCA40NAAT.fastq.gz	signal	210675	8.4 Mbp	8400000	0	40	44	PASS	PASS	FAIL	PASS	WARN	PASS	PASS	PASS	PASS	WARN	PASS
FOXJ2_PITX1_3_AAF_TGGCAG40NCCT	/scratch/project_2013895/SELEX/data/Jolma2015/submitted_ftp/FOXJ2_PITX1_3_AAF_TGGCAG40NCCT.fastq.gz	signal	196849	7.8 Mbp	7800000	0	40	44	PASS	PASS	FAIL	PASS	WARN	PASS	PASS	PASS	PASS	WARN	PASS
FOXO1_ETV4_3_AS_TCCGTA40NGCC	/scratch/project_2013895/SELEX/data/Jolma2015/submitted_ftp/FOXO1_ETV4_3_AS_TCCGTA40NGCC.fastq.gz	signal	231166	9.2 Mbp	9200000	0	40	51	PASS	PASS	FAIL	PASS	FAIL	PASS	WARN	PASS	PASS	PASS	PASS
FOXO1_FLI1_3_AS_TGGCGA40NTTA	/scratch/project_2013895/SELEX/data/Jolma2015/submitted_ftp/FOXO1_FLI1_3_AS_TGGCGA40NTTA.fastq.gz	signal	291311	11.6 Mbp	11600000	0	40	48	PASS	PASS	FAIL	PASS	WARN	PASS	WARN	PASS	PASS	WARN	PASS
FOXO1_HOXA10_3_AS_TTTCTT40NTAC	/scratch/project_2013895/SELEX/data/Jolma2015/submitted_ftp/FOXO1_HOXA10_3_AS_TTTCTT40NTAC.fastq.gz	signal	291291	11.6 Mbp	11600000	0	40	49	PASS	PASS	FAIL	PASS	WARN	PASS	WARN	PASS	PASS	PASS	PASS
FOXO1_HOXB13_2_AS_TGCGAC40NGGT	/scratch/project_2013895/SELEX/data/Jolma2015/submitted_ftp/FOXO1_HOXB13_2_AS_TGCGAC40NGGT.fastq.gz	signal	660841	26.4 Mbp	26400000	0	40	48	PASS	PASS	FAIL	PASS	FAIL	PASS	PASS	PASS	PASS	PASS	PASS
FOXO1_SPDEF_2_AS_TTCTAC40NCGA	/scratch/project_2013895/SELEX/data/Jolma2015/submitted_ftp/FOXO1_SPDEF_2_AS_TTCTAC40NCGA.fastq.gz	signal	685281	27.4 Mbp	27400000	0	40	51	PASS	PASS	FAIL	PASS	WARN	PASS	PASS	PASS	PASS	PASS	PASS
GCM1_ERG_3_AX_TAAGAA40NATA	/scratch/project_2013895/SELEX/data/Jolma2015/submitted_ftp/GCM1_ERG_3_AX_TAAGAA40NATA.fastq.gz	both	66178	2.6 Mbp	2600000	0	40	60	PASS	PASS	WARN	PASS	FAIL	PASS	PASS	PASS	PASS	WARN	PASS
GCM2_E2F8_3_AAB_TGTTAT40NATG	/scratch/project_2013895/SELEX/data/Jolma2015/submitted_ftp/GCM2_E2F8_3_AAB_TGTTAT40NATG.fastq.gz	signal	204248	8.1 Mbp	8100000	0	40	48	PASS	PASS	FAIL	PASS	WARN	PASS	PASS	PASS	PASS	PASS	PASS
HOXA3_PAX5_3_AY_TCTGTC40NCAA	/scratch/project_2013895/SELEX/data/Jolma2015/submitted_ftp/HOXA3_PAX5_3_AY_TCTGTC40NCAA.fastq.gz	both	128932	5.1 Mbp	5100000	0	40	50	PASS	PASS	WARN	PASS	FAIL	PASS	PASS	PASS	PASS	WARN	PASS
HOXB13_ELK1_2_AAD_TTGCCA40NGTG	/scratch/project_2013895/SELEX/data/Jolma2015/submitted_ftp/HOXB13_ELK1_2_AAD_TTGCCA40NGTG.fastq.gz	signal	536993	21.4 Mbp	21400000	0	40	46	PASS	PASS	WARN	PASS	WARN	WARN	PASS	PASS	PASS	PASS	PASS
HOXB13_EOMES_2_AAD_TCGTTT40NGTC	/scratch/project_2013895/SELEX/data/Jolma2015/submitted_ftp/HOXB13_EOMES_2_AAD_TCGTTT40NGTC.fastq.gz	signal	563522	22.5 Mbp	22500000	0	40	45	PASS	PASS	WARN	PASS	FAIL	PASS	PASS	PASS	PASS	PASS	PASS
HOXB13_ETV1_2_AAD_TCTACT40NACA	/scratch/project_2013895/SELEX/data/Jolma2015/submitted_ftp/HOXB13_ETV1_2_AAD_TCTACT40NACA.fastq.gz	signal	438922	17.5 Mbp	17500000	0	40	46	PASS	PASS	WARN	PASS	PASS	WARN	PASS	PASS	PASS	PASS	PASS
HOXB13_ONECUT2_2_AAD_TGTTTC40NTTA	/scratch/project_2013895/SELEX/data/Jolma2015/submitted_ftp/HOXB13_ONECUT2_2_AAD_TGTTTC40NTTA.fastq.gz	signal	566072	22.6 Mbp	22600000	0	40	42	PASS	PASS	WARN	PASS	FAIL	WARN	PASS	PASS	PASS	PASS	PASS
HOXB13_TBX21_3_AAD_TTCATC40NCTT	/scratch/project_2013895/SELEX/data/Jolma2015/submitted_ftp/HOXB13_TBX21_3_AAD_TTCATC40NCTT.fastq.gz	signal	123913	4.9 Mbp	4900000	0	40	47	PASS	PASS	FAIL	PASS	FAIL	WARN	PASS	PASS	PASS	WARN	PASS
HOXB13_TBX3_2_AAD_TGGCCA40NTTC	/scratch/project_2013895/SELEX/data/Jolma2015/submitted_ftp/HOXB13_TBX3_2_AAD_TGGCCA40NTTC.fastq.gz	signal	470541	18.8 Mbp	18800000	0	40	45	PASS	PASS	WARN	PASS	PASS	WARN	PASS	PASS	WARN	PASS	PASS
HOXB2_ELK3_3_AY_TGCAGT40NAAG	/scratch/project_2013895/SELEX/data/Jolma2015/submitted_ftp/HOXB2_ELK3_3_AY_TGCAGT40NAAG.fastq.gz	signal	119511	4.7 Mbp	4700000	0	40	47	PASS	PASS	WARN	PASS	WARN	PASS	PASS	PASS	PASS	PASS	PASS
HOXB2_ETV7_3_AY_TGAGGT40NTCC	/scratch/project_2013895/SELEX/data/Jolma2015/submitted_ftp/HOXB2_ETV7_3_AY_TGAGGT40NTCC.fastq.gz	signal	114899	4.5 Mbp	4500000	0	40	47	PASS	PASS	WARN	PASS	WARN	PASS	PASS	PASS	PASS	PASS	PASS
HOXB2_PITX1_3_AY_TGGCCT40NTAT	/scratch/project_2013895/SELEX/data/Jolma2015/submitted_ftp/HOXB2_PITX1_3_AY_TGGCCT40NTAT.fastq.gz	signal	134989	5.3 Mbp	5300000	0	40	49	PASS	PASS	WARN	PASS	WARN	PASS	PASS	PASS	PASS	WARN	PASS
HOXC10_EOMES_2_AZ_TCTTCG40NGAT	/scratch/project_2013895/SELEX/data/Jolma2015/submitted_ftp/HOXC10_EOMES_2_AZ_TCTTCG40NGAT.fastq.gz	signal	831580	33.2 Mbp	33200000.000000004	0	40	48	PASS	PASS	PASS	PASS	FAIL	PASS	PASS	PASS	PASS	PASS	PASS
HOXC10_TBX21_3_AZ_TGGCAC40NAAG	/scratch/project_2013895/SELEX/data/Jolma2015/submitted_ftp/HOXC10_TBX21_3_AZ_TGGCAC40NAAG.fastq.gz	signal	201774	8 Mbp	8000000	0	40	49	PASS	PASS	WARN	PASS	FAIL	PASS	PASS	PASS	WARN	PASS	PASS
HOXD12_HOXA3_3_AAB_TCTGTG40NAGA	/scratch/project_2013895/SELEX/data/Jolma2015/submitted_ftp/HOXD12_HOXA3_3_AAB_TCTGTG40NAGA.fastq.gz	signal	175696	7 Mbp	7000000	0	40	48	PASS	PASS	FAIL	PASS	FAIL	PASS	PASS	PASS	PASS	PASS	PASS
MYBL1_ONECUT2_3_AX_TCTACC40NTAG	/scratch/project_2013895/SELEX/data/Jolma2015/submitted_ftp/MYBL1_ONECUT2_3_AX_TCTACC40NTAG.fastq.gz	signal	67203	2.6 Mbp	2600000	0	40	57	PASS	PASS	WARN	PASS	FAIL	WARN	PASS	PASS	PASS	PASS	PASS
RFX3_ETV7_2_AY_TCGTCT40NCTA	/scratch/project_2013895/SELEX/data/Jolma2015/submitted_ftp/RFX3_ETV7_2_AY_TCGTCT40NCTA.fastq.gz	signal	333833	13.3 Mbp	13300000	0	40	53	PASS	PASS	PASS	PASS	FAIL	PASS	PASS	PASS	PASS	PASS	PASS
TEAD4_FLI1_3_AY_TGGCGG40NGCT	/scratch/project_2013895/SELEX/data/Jolma2015/submitted_ftp/TEAD4_FLI1_3_AY_TGGCGG40NGCT.fastq.gz	signal	133432	5.3 Mbp	5300000	0	40	46	PASS	PASS	WARN	PASS	FAIL	PASS	PASS	PASS	PASS	PASS	PASS
TFAP2C_ETV7_2_AY_TTGGTG40NTAC	/scratch/project_2013895/SELEX/data/Jolma2015/submitted_ftp/TFAP2C_ETV7_2_AY_TTGGTG40NTAC.fastq.gz	signal	1211315	48.4 Mbp	48400000	0	40	57	PASS	PASS	PASS	PASS	FAIL	PASS	PASS	PASS	PASS	PASS	PASS
ARNTL_PITX1_3_AAC_TCTTTC40NTTG	/scratch/project_2013895/SELEX/data/Jolma2015/submitted_ftp/ARNTL_PITX1_3_AAC_TCTTTC40NTTG.fastq.gz	signal	207738	8.3 Mbp	8300000.000000001	0	40	48	PASS	PASS	WARN	PASS	FAIL	PASS	PASS	PASS	FAIL	WARN	PASS
CLOCK_TBX3_3_AX_TGGCCA40NTTC	/scratch/project_2013895/SELEX/data/Jolma2015/submitted_ftp/CLOCK_TBX3_3_AX_TGGCCA40NTTC.fastq.gz	signal	83829	3.3 Mbp	3300000	0	40	54	PASS	PASS	WARN	PASS	FAIL	PASS	PASS	PASS	WARN	PASS	PASS
CUX1_FOXO1_3_AY_TCTTGC40NTTC	/scratch/project_2013895/SELEX/data/Jolma2015/submitted_ftp/CUX1_FOXO1_3_AY_TCTTGC40NTTC.fastq.gz	signal	129100	5.1 Mbp	5100000	0	40	42	PASS	PASS	WARN	PASS	FAIL	WARN	PASS	PASS	PASS	PASS	PASS
CUX1_FOXO6_3_AY_TCCGAA40NGGC	/scratch/project_2013895/SELEX/data/Jolma2015/submitted_ftp/CUX1_FOXO6_3_AY_TCCGAA40NGGC.fastq.gz	signal	119824	4.7 Mbp	4700000	0	40	43	PASS	PASS	WARN	PASS	WARN	PASS	PASS	PASS	PASS	PASS	PASS
CUX1_NHLH1_3_AY_TGCTAT40NCAG	/scratch/project_2013895/SELEX/data/Jolma2015/submitted_ftp/CUX1_NHLH1_3_AY_TGCTAT40NCAG.fastq.gz	signal	134889	5.3 Mbp	5300000	0	40	48	PASS	PASS	WARN	PASS	WARN	PASS	PASS	PASS	PASS	PASS	PASS
CUX1_PITX1_3_AY_TGGCAG40NCCT	/scratch/project_2013895/SELEX/data/Jolma2015/submitted_ftp/CUX1_PITX1_3_AY_TGGCAG40NCCT.fastq.gz	signal	131033	5.2 Mbp	5200000	0	40	42	PASS	PASS	WARN	PASS	WARN	WARN	PASS	PASS	PASS	PASS	PASS
CUX1_SRF_3_AY_TGAAAT40NCAA	/scratch/project_2013895/SELEX/data/Jolma2015/submitted_ftp/CUX1_SRF_3_AY_TGAAAT40NCAA.fastq.gz	signal	159493	6.3 Mbp	6300000	0	40	43	PASS	PASS	WARN	PASS	FAIL	PASS	PASS	PASS	WARN	WARN	PASS
CUX1_TBX3_3_AY_TGGGCT40NGTT	/scratch/project_2013895/SELEX/data/Jolma2015/submitted_ftp/CUX1_TBX3_3_AY_TGGGCT40NGTT.fastq.gz	signal	141873	5.6 Mbp	5600000	0	40	43	PASS	PASS	WARN	PASS	WARN	PASS	PASS	PASS	PASS	WARN	PASS
E2F1_EOMES_3_AX_TGCACG40NTTG	/scratch/project_2013895/SELEX/data/Jolma2015/submitted_ftp/E2F1_EOMES_3_AX_TGCACG40NTTG.fastq.gz	signal	92473	3.6 Mbp	3600000	0	40	58	PASS	PASS	WARN	PASS	FAIL	PASS	PASS	PASS	PASS	WARN	PASS
E2F1_HES7_3_AX_TAAGGG40NACC	/scratch/project_2013895/SELEX/data/Jolma2015/submitted_ftp/E2F1_HES7_3_AX_TAAGGG40NACC.fastq.gz	signal	70293	2.8 Mbp	2800000	0	40	59	PASS	PASS	WARN	PASS	FAIL	PASS	PASS	PASS	PASS	WARN	PASS
E2F3_HES7_2_AAA_TATGAG40NCGT	/scratch/project_2013895/SELEX/data/Jolma2015/submitted_ftp/E2F3_HES7_2_AAA_TATGAG40NCGT.fastq.gz	signal	496703	19.8 Mbp	19800000	0	40	51	PASS	PASS	PASS	PASS	WARN	PASS	PASS	PASS	PASS	PASS	PASS
E2F3_ONECUT2_3_AAA_TTGAAG40NCTC	/scratch/project_2013895/SELEX/data/Jolma2015/submitted_ftp/E2F3_ONECUT2_3_AAA_TTGAAG40NCTC.fastq.gz	signal	169544	6.7 Mbp	6700000	0	40	52	PASS	PASS	FAIL	PASS	FAIL	PASS	WARN	PASS	PASS	PASS	PASS
E2F3_TBX21_3_AAA_TGGCAC40NAAG	/scratch/project_2013895/SELEX/data/Jolma2015/submitted_ftp/E2F3_TBX21_3_AAA_TGGCAC40NAAG.fastq.gz	signal	391728	15.6 Mbp	15600000	0	40	50	PASS	PASS	FAIL	PASS	FAIL	PASS	WARN	PASS	WARN	WARN	PASS
ERF_DLX2_3_AAC_TCGAAA40NAAT	/scratch/project_2013895/SELEX/data/Jolma2015/submitted_ftp/ERF_DLX2_3_AAC_TCGAAA40NAAT.fastq.gz	signal	174996	6.9 Mbp	6900000	0	40	51	PASS	PASS	WARN	PASS	WARN	PASS	PASS	PASS	WARN	WARN	PASS
ERF_DLX3_2_AAC_TTGCAT40NTGG	/scratch/project_2013895/SELEX/data/Jolma2015/submitted_ftp/ERF_DLX3_2_AAC_TTGCAT40NTGG.fastq.gz	signal	617354	24.6 Mbp	24600000	0	40	51	PASS	PASS	FAIL	PASS	FAIL	PASS	WARN	PASS	PASS	PASS	PASS
ERF_HES7_3_AAC_TGTGAA40NTAC	/scratch/project_2013895/SELEX/data/Jolma2015/submitted_ftp/ERF_HES7_3_AAC_TGTGAA40NTAC.fastq.gz	signal	181643	7.2 Mbp	7200000	0	40	52	PASS	PASS	WARN	PASS	FAIL	PASS	PASS	PASS	PASS	PASS	PASS
ERF_HOXA3_3_AAC_TCTGTG40NAGA	/scratch/project_2013895/SELEX/data/Jolma2015/submitted_ftp/ERF_HOXA3_3_AAC_TCTGTG40NAGA.fastq.gz	signal	157109	6.2 Mbp	6200000	0	40	51	PASS	PASS	WARN	PASS	FAIL	PASS	PASS	PASS	PASS	PASS	PASS
ERF_ONECUT2_3_AAC_TCCAGG40NTAG	/scratch/project_2013895/SELEX/data/Jolma2015/submitted_ftp/ERF_ONECUT2_3_AAC_TCCAGG40NTAG.fastq.gz	signal	167886	6.7 Mbp	6700000	0	40	52	PASS	PASS	WARN	PASS	WARN	PASS	PASS	PASS	WARN	PASS	PASS
ETV2_DLX2_3_AAA_TCGAAT40NAGG	/scratch/project_2013895/SELEX/data/Jolma2015/submitted_ftp/ETV2_DLX2_3_AAA_TCGAAT40NAGG.fastq.gz	signal	119705	4.7 Mbp	4700000	0	40	55	PASS	PASS	FAIL	PASS	FAIL	PASS	WARN	PASS	PASS	PASS	PASS
ETV2_DLX2_2_AAA_TCGAAT40NAGG	/scratch/project_2013895/SELEX/data/Jolma2015/submitted_ftp/ETV2_DLX2_2_AAA_TCGAAT40NAGG.fastq.gz	both	520577	20.8 Mbp	20800000	0	40	55	PASS	PASS	PASS	PASS	FAIL	PASS	PASS	PASS	PASS	PASS	PASS
ETV2_DLX3_3_AAA_TAGAGC40NTAG	/scratch/project_2013895/SELEX/data/Jolma2015/submitted_ftp/ETV2_DLX3_3_AAA_TAGAGC40NTAG.fastq.gz	signal	117567	4.7 Mbp	4700000	0	40	49	PASS	PASS	FAIL	PASS	WARN	PASS	WARN	PASS	PASS	PASS	PASS
ETV2_GSC2_3_AAA_TCAAGA40NCGC	/scratch/project_2013895/SELEX/data/Jolma2015/submitted_ftp/ETV2_GSC2_3_AAA_TCAAGA40NCGC.fastq.gz	signal	104965	4.1 Mbp	4099999.9999999995	0	40	54	PASS	PASS	FAIL	PASS	FAIL	PASS	WARN	PASS	PASS	PASS	PASS
ETV2_HES7_3_AAA_TAGTGC40NATG	/scratch/project_2013895/SELEX/data/Jolma2015/submitted_ftp/ETV2_HES7_3_AAA_TAGTGC40NATG.fastq.gz	signal	114147	4.5 Mbp	4500000	0	40	56	PASS	PASS	FAIL	PASS	WARN	PASS	WARN	PASS	PASS	PASS	PASS
ETV2_PITX1_3_AAA_TGGCCT40NTAT	/scratch/project_2013895/SELEX/data/Jolma2015/submitted_ftp/ETV2_PITX1_3_AAA_TGGCCT40NTAT.fastq.gz	signal	133455	5.3 Mbp	5300000	0	40	55	PASS	PASS	FAIL	PASS	WARN	PASS	WARN	PASS	PASS	WARN	PASS
ETV2_SOX15_3_AAA_TTCGCC40NGAC	/scratch/project_2013895/SELEX/data/Jolma2015/submitted_ftp/ETV2_SOX15_3_AAA_TTCGCC40NGAC.fastq.gz	signal	110432	4.4 Mbp	4400000	0	40	55	PASS	PASS	FAIL	PASS	FAIL	PASS	WARN	PASS	PASS	PASS	PASS
ETV2_TCF3_3_AAA_TGAAGC40NCTA	/scratch/project_2013895/SELEX/data/Jolma2015/submitted_ftp/ETV2_TCF3_3_AAA_TGAAGC40NCTA.fastq.gz	signal	135335	5.4 Mbp	5400000	0	40	55	PASS	PASS	FAIL	PASS	WARN	PASS	WARN	PASS	PASS	PASS	PASS
ETV5_CLOCK_3_AY_TTGTCT40NGCT	/scratch/project_2013895/SELEX/data/Jolma2015/submitted_ftp/ETV5_CLOCK_3_AY_TTGTCT40NGCT.fastq.gz	signal	141612	5.6 Mbp	5600000	0	40	58	PASS	PASS	WARN	PASS	FAIL	PASS	PASS	PASS	PASS	WARN	PASS
ETV5_DLX2_3_AY_TGCGGT40NTCA	/scratch/project_2013895/SELEX/data/Jolma2015/submitted_ftp/ETV5_DLX2_3_AY_TGCGGT40NTCA.fastq.gz	signal	102101	4 Mbp	4000000	0	40	56	PASS	PASS	PASS	PASS	FAIL	PASS	PASS	PASS	PASS	PASS	PASS
ETV5_TCF3_2_AY_TCGTCC40NGCC	/scratch/project_2013895/SELEX/data/Jolma2015/submitted_ftp/ETV5_TCF3_2_AY_TCGTCC40NGCC.fastq.gz	signal	352174	14 Mbp	14000000	0	40	58	PASS	PASS	PASS	PASS	FAIL	PASS	PASS	PASS	PASS	PASS	PASS
FLI1_DLX2_2_AAC_TGTCGA40NGCA	/scratch/project_2013895/SELEX/data/Jolma2015/submitted_ftp/FLI1_DLX2_2_AAC_TGTCGA40NGCA.fastq.gz	both	474665	18.9 Mbp	18900000	0	40	49	PASS	PASS	FAIL	PASS	WARN	PASS	WARN	PASS	FAIL	PASS	PASS
FLI1_ONECUT2_3_AAC_TGACAT40NCGG	/scratch/project_2013895/SELEX/data/Jolma2015/submitted_ftp/FLI1_ONECUT2_3_AAC_TGACAT40NCGG.fastq.gz	signal	191104	7.6 Mbp	7600000	0	40	49	PASS	PASS	WARN	PASS	FAIL	PASS	PASS	PASS	WARN	WARN	PASS
GCM1_CEBPB_3_AX_TGCAGG40NTCG	/scratch/project_2013895/SELEX/data/Jolma2015/submitted_ftp/GCM1_CEBPB_3_AX_TGCAGG40NTCG.fastq.gz	signal	93933	3.7 Mbp	3700000	0	40	55	PASS	PASS	WARN	PASS	FAIL	PASS	PASS	PASS	WARN	WARN	PASS
GCM1_SOX2_3_AX_TATGAT40NACA	/scratch/project_2013895/SELEX/data/Jolma2015/submitted_ftp/GCM1_SOX2_3_AX_TATGAT40NACA.fastq.gz	signal	97872	3.9 Mbp	3900000	0	40	58	PASS	PASS	WARN	PASS	FAIL	PASS	PASS	PASS	PASS	PASS	PASS
GCM2_DLX2_3_AAB_TGTGCT40NCGG	/scratch/project_2013895/SELEX/data/Jolma2015/submitted_ftp/GCM2_DLX2_3_AAB_TGTGCT40NCGG.fastq.gz	both	165531	6.6 Mbp	6600000	0	40	47	PASS	PASS	FAIL	PASS	FAIL	PASS	PASS	PASS	PASS	PASS	PASS
GCM2_DLX3_3_AAB_TCGAGA40NGAT	/scratch/project_2013895/SELEX/data/Jolma2015/submitted_ftp/GCM2_DLX3_3_AAB_TCGAGA40NGAT.fastq.gz	signal	185659	7.4 Mbp	7400000	0	40	47	PASS	PASS	FAIL	PASS	WARN	PASS	PASS	PASS	PASS	PASS	PASS
GCM2_HES7_3_AAB_TGGTGA40NGTT	/scratch/project_2013895/SELEX/data/Jolma2015/submitted_ftp/GCM2_HES7_3_AAB_TGGTGA40NGTT.fastq.gz	signal	157413	6.2 Mbp	6200000	0	40	51	PASS	PASS	FAIL	PASS	WARN	PASS	PASS	PASS	WARN	PASS	PASS
GCM2_ONECUT2_3_AAB_TGTCTA40NTCG	/scratch/project_2013895/SELEX/data/Jolma2015/submitted_ftp/GCM2_ONECUT2_3_AAB_TGTCTA40NTCG.fastq.gz	signal	158180	6.3 Mbp	6300000	0	40	46	PASS	PASS	FAIL	PASS	FAIL	PASS	PASS	PASS	PASS	PASS	PASS
GCM2_SOX15_3_AAB_TCGCCA40NCCT	/scratch/project_2013895/SELEX/data/Jolma2015/submitted_ftp/GCM2_SOX15_3_AAB_TCGCCA40NCCT.fastq.gz	both	183381	7.3 Mbp	7300000	0	40	48	PASS	PASS	FAIL	PASS	FAIL	PASS	PASS	PASS	WARN	PASS	PASS
HOXB2_ELF1_2_AY_TTTAGG40NTCT	/scratch/project_2013895/SELEX/data/Jolma2015/submitted_ftp/HOXB2_ELF1_2_AY_TTTAGG40NTCT.fastq.gz	both	331227	13.2 Mbp	13200000	0	40	50	PASS	PASS	PASS	PASS	FAIL	PASS	PASS	PASS	PASS	PASS	PASS
HOXB2_ESRRB_3_AY_TCCTCG40NCAG	/scratch/project_2013895/SELEX/data/Jolma2015/submitted_ftp/HOXB2_ESRRB_3_AY_TCCTCG40NCAG.fastq.gz	signal	130018	5.2 Mbp	5200000	0	40	49	PASS	PASS	WARN	PASS	FAIL	PASS	PASS	PASS	PASS	PASS	PASS
HOXB2_RFX5_2_AY_TGCTCT40NTTA	/scratch/project_2013895/SELEX/data/Jolma2015/submitted_ftp/HOXB2_RFX5_2_AY_TGCTCT40NTTA.fastq.gz	signal	530578	21.2 Mbp	21200000	0	40	50	PASS	PASS	PASS	PASS	FAIL	PASS	PASS	PASS	PASS	PASS	PASS
HOXB2_SPDEF_3_AY_TTGCAA40NGTG	/scratch/project_2013895/SELEX/data/Jolma2015/submitted_ftp/HOXB2_SPDEF_3_AY_TTGCAA40NGTG.fastq.gz	signal	124080	4.9 Mbp	4900000	0	40	47	PASS	PASS	WARN	PASS	FAIL	PASS	PASS	PASS	PASS	PASS	PASS
HOXB2_TCF3_3_AY_TGAAGC40NCTA	/scratch/project_2013895/SELEX/data/Jolma2015/submitted_ftp/HOXB2_TCF3_3_AY_TGAAGC40NCTA.fastq.gz	signal	142801	5.7 Mbp	5700000	0	40	52	PASS	PASS	WARN	PASS	FAIL	PASS	PASS	PASS	PASS	PASS	PASS
HOXD12_FIGLA_2_AAB_TCGAAC40NGAT	/scratch/project_2013895/SELEX/data/Jolma2015/submitted_ftp/HOXD12_FIGLA_2_AAB_TCGAAC40NGAT.fastq.gz	signal	1304716	52.1 Mbp	52100000	0	40	50	PASS	PASS	PASS	PASS	FAIL	PASS	PASS	PASS	WARN	PASS	PASS
MEIS1_DLX3_3_AT_TAAAGC40NGAA	/scratch/project_2013895/SELEX/data/Jolma2015/submitted_ftp/MEIS1_DLX3_3_AT_TAAAGC40NGAA.fastq.gz	signal	243220	9.7 Mbp	9700000	0	40	46	PASS	PASS	FAIL	PASS	WARN	PASS	WARN	PASS	PASS	WARN	PASS
MYBL1_FIGLA_3_AX_TCAGCC40NTTC	/scratch/project_2013895/SELEX/data/Jolma2015/submitted_ftp/MYBL1_FIGLA_3_AX_TCAGCC40NTTC.fastq.gz	signal	93460	3.7 Mbp	3700000	0	40	57	PASS	PASS	WARN	PASS	FAIL	PASS	PASS	PASS	PASS	PASS	PASS
MYBL1_MAX_2_AX_TCCTTG40NGGT	/scratch/project_2013895/SELEX/data/Jolma2015/submitted_ftp/MYBL1_MAX_2_AX_TCCTTG40NGGT.fastq.gz	signal	344153	13.7 Mbp	13700000	0	40	57	PASS	PASS	WARN	PASS	FAIL	PASS	PASS	PASS	PASS	PASS	PASS
PITX1_FIGLA_3_AAB_TGTGAT40NGCA	/scratch/project_2013895/SELEX/data/Jolma2015/submitted_ftp/PITX1_FIGLA_3_AAB_TGTGAT40NGCA.fastq.gz	signal	161324	6.4 Mbp	6400000	0	40	56	PASS	PASS	FAIL	PASS	FAIL	PASS	PASS	PASS	PASS	PASS	PASS
POU2F1_FOXO6_2_AX_TAATGA40NGTA	/scratch/project_2013895/SELEX/data/Jolma2015/submitted_ftp/POU2F1_FOXO6_2_AX_TAATGA40NGTA.fastq.gz	signal	582246	23.2 Mbp	23200000	0	40	44	PASS	PASS	WARN	PASS	WARN	PASS	PASS	PASS	WARN	PASS	PASS
RFX3_SRF_3_AY_TTACGG40NCGC	/scratch/project_2013895/SELEX/data/Jolma2015/submitted_ftp/RFX3_SRF_3_AY_TTACGG40NCGC.fastq.gz	signal	110597	4.4 Mbp	4400000	0	40	52	PASS	PASS	WARN	PASS	WARN	PASS	PASS	PASS	PASS	WARN	PASS
TEAD4_ALX4_3_AY_TGGCAA40NACT	/scratch/project_2013895/SELEX/data/Jolma2015/submitted_ftp/TEAD4_ALX4_3_AY_TGGCAA40NACT.fastq.gz	signal	139720	5.5 Mbp	5500000	0	40	45	PASS	PASS	WARN	PASS	WARN	PASS	PASS	PASS	PASS	PASS	PASS
TEAD4_CEBPB_3_AY_TGACTC40NTCA	/scratch/project_2013895/SELEX/data/Jolma2015/submitted_ftp/TEAD4_CEBPB_3_AY_TGACTC40NTCA.fastq.gz	signal	136163	5.4 Mbp	5400000	0	40	48	PASS	PASS	WARN	PASS	WARN	PASS	PASS	PASS	PASS	PASS	PASS
TEAD4_CLOCK_3_AY_TCTTGA40NGTG	/scratch/project_2013895/SELEX/data/Jolma2015/submitted_ftp/TEAD4_CLOCK_3_AY_TCTTGA40NGTG.fastq.gz	signal	119241	4.7 Mbp	4700000	0	40	48	PASS	PASS	WARN	PASS	WARN	PASS	PASS	PASS	PASS	PASS	PASS
TEAD4_DLX2_2_AY_TGTGCT40NCGG	/scratch/project_2013895/SELEX/data/Jolma2015/submitted_ftp/TEAD4_DLX2_2_AY_TGTGCT40NCGG.fastq.gz	signal	430056	17.2 Mbp	17200000	0	40	42	PASS	PASS	PASS	PASS	WARN	PASS	PASS	PASS	PASS	PASS	PASS
TEAD4_DLX3_3_AY_TCGAGA40NGAT	/scratch/project_2013895/SELEX/data/Jolma2015/submitted_ftp/TEAD4_DLX3_3_AY_TCGAGA40NGAT.fastq.gz	signal	155412	6.2 Mbp	6200000	0	40	43	PASS	PASS	WARN	PASS	WARN	PASS	PASS	PASS	PASS	PASS	PASS
TEAD4_FIGLA_3_AY_TCTCTT40NTCG	/scratch/project_2013895/SELEX/data/Jolma2015/submitted_ftp/TEAD4_FIGLA_3_AY_TCTCTT40NTCG.fastq.gz	signal	179321	7.1 Mbp	7100000	0	40	49	PASS	PASS	WARN	PASS	WARN	PASS	PASS	PASS	PASS	PASS	PASS
TEAD4_HES7_2_AX_TAGTGC40NATG	/scratch/project_2013895/SELEX/data/Jolma2015/submitted_ftp/TEAD4_HES7_2_AX_TAGTGC40NATG.fastq.gz	signal	435608	17.4 Mbp	17400000	0	40	54	PASS	PASS	WARN	PASS	WARN	PASS	PASS	PASS	PASS	PASS	PASS
TEAD4_HOXA2_3_AY_TCTGCG40NCGG	/scratch/project_2013895/SELEX/data/Jolma2015/submitted_ftp/TEAD4_HOXA2_3_AY_TCTGCG40NCGG.fastq.gz	signal	135780	5.4 Mbp	5400000	0	40	45	PASS	PASS	WARN	PASS	WARN	PASS	PASS	PASS	PASS	PASS	PASS
TEAD4_HOXA3_3_AY_TCTCCC40NCCG	/scratch/project_2013895/SELEX/data/Jolma2015/submitted_ftp/TEAD4_HOXA3_3_AY_TCTCCC40NCCG.fastq.gz	signal	153973	6.1 Mbp	6100000	0	40	44	PASS	PASS	WARN	PASS	FAIL	PASS	PASS	PASS	PASS	PASS	PASS
TEAD4_PAX5_3_AY_TGGATG40NTAT	/scratch/project_2013895/SELEX/data/Jolma2015/submitted_ftp/TEAD4_PAX5_3_AY_TGGATG40NTAT.fastq.gz	signal	142347	5.6 Mbp	5600000	0	40	50	PASS	PASS	WARN	PASS	FAIL	PASS	PASS	PASS	PASS	PASS	PASS
TEAD4_PITX1_3_AY_TCTTTC40NTTG	/scratch/project_2013895/SELEX/data/Jolma2015/submitted_ftp/TEAD4_PITX1_3_AY_TCTTTC40NTTG.fastq.gz	signal	143299	5.7 Mbp	5700000	0	40	47	PASS	PASS	WARN	PASS	WARN	PASS	PASS	PASS	PASS	PASS	PASS
TEAD4_RFX5_2_AY_TCGGTT40NTGT	/scratch/project_2013895/SELEX/data/Jolma2015/submitted_ftp/TEAD4_RFX5_2_AY_TCGGTT40NTGT.fastq.gz	signal	518660	20.7 Mbp	20700000	0	40	46	PASS	PASS	PASS	PASS	FAIL	PASS	PASS	PASS	PASS	PASS	PASS
TEAD4_SOX6_3_AY_TGAGAT40NAGA	/scratch/project_2013895/SELEX/data/Jolma2015/submitted_ftp/TEAD4_SOX6_3_AY_TGAGAT40NAGA.fastq.gz	signal	141224	5.6 Mbp	5600000	0	40	45	PASS	PASS	WARN	PASS	FAIL	PASS	PASS	PASS	PASS	PASS	PASS
TFAP2C_DLX3_3_AY_TTGCAT40NTGG	/scratch/project_2013895/SELEX/data/Jolma2015/submitted_ftp/TFAP2C_DLX3_3_AY_TTGCAT40NTGG.fastq.gz	signal	150073	6 Mbp	6000000	0	40	57	PASS	PASS	WARN	PASS	FAIL	PASS	PASS	PASS	PASS	PASS	PASS
TFAP2C_HES7_3_AY_TGTGAA40NTAC	/scratch/project_2013895/SELEX/data/Jolma2015/submitted_ftp/TFAP2C_HES7_3_AY_TGTGAA40NTAC.fastq.gz	signal	122520	4.9 Mbp	4900000	0	40	60	PASS	PASS	WARN	PASS	FAIL	PASS	PASS	PASS	PASS	PASS	PASS
TFAP2C_MAX_2_AY_TTAGTC40NTCC	/scratch/project_2013895/SELEX/data/Jolma2015/submitted_ftp/TFAP2C_MAX_2_AY_TTAGTC40NTCC.fastq.gz	both	1141774	45.6 Mbp	45600000	0	40	59	PASS	PASS	PASS	PASS	FAIL	PASS	PASS	PASS	PASS	PASS	PASS
TFAP2C_MAX_3_AY_TTAGTC40NTCC	/scratch/project_2013895/SELEX/data/Jolma2015/submitted_ftp/TFAP2C_MAX_3_AY_TTAGTC40NTCC.fastq.gz	signal	129799	5.1 Mbp	5100000	0	40	61	PASS	PASS	WARN	PASS	FAIL	PASS	PASS	PASS	PASS	PASS	PASS
TFAP2C_ONECUT2_3_AY_TCCAGG40NTAG	/scratch/project_2013895/SELEX/data/Jolma2015/submitted_ftp/TFAP2C_ONECUT2_3_AY_TCCAGG40NTAG.fastq.gz	signal	127454	5 Mbp	5000000	0	40	57	PASS	PASS	WARN	PASS	FAIL	PASS	PASS	PASS	PASS	PASS	PASS
TFAP4_DLX3_3_AW_TGGGTG40NGGA	/scratch/project_2013895/SELEX/data/Jolma2015/submitted_ftp/TFAP4_DLX3_3_AW_TGGGTG40NGGA.fastq.gz	signal	121844	4.8 Mbp	4800000	0	40	57	PASS	PASS	WARN	PASS	FAIL	PASS	PASS	PASS	PASS	PASS	PASS
TFAP4_MAX_3_AW_TCCTTG40NGGT	/scratch/project_2013895/SELEX/data/Jolma2015/submitted_ftp/TFAP4_MAX_3_AW_TCCTTG40NGGT.fastq.gz	signal	130011	5.2 Mbp	5200000	0	40	59	PASS	PASS	FAIL	PASS	FAIL	PASS	PASS	PASS	PASS	WARN	PASS
ARNTL_BHLHA15_3_AAC_TGGTCT40NCTT	/scratch/project_2013895/SELEX/data/Jolma2015/submitted_ftp/ARNTL_BHLHA15_3_AAC_TGGTCT40NCTT.fastq.gz	signal	170793	6.8 Mbp	6800000	0	40	51	PASS	PASS	WARN	PASS	WARN	PASS	PASS	PASS	FAIL	FAIL	PASS
CEBPG_ELF1_3_AS_TATGAC40NTCA	/scratch/project_2013895/SELEX/data/Jolma2015/submitted_ftp/CEBPG_ELF1_3_AS_TATGAC40NTCA.fastq.gz	signal	336209	13.4 Mbp	13400000	0	40	55	PASS	PASS	FAIL	PASS	FAIL	PASS	WARN	PASS	PASS	PASS	PASS
CLOCK_BHLHA15_2_AX_TTCTTT40NCAG	/scratch/project_2013895/SELEX/data/Jolma2015/submitted_ftp/CLOCK_BHLHA15_2_AX_TTCTTT40NCAG.fastq.gz	signal	387035	15.4 Mbp	15400000	0	40	52	PASS	PASS	WARN	PASS	WARN	PASS	PASS	PASS	FAIL	PASS	PASS
CLOCK_FIGLA_2_AX_TCGGCA40NAGC	/scratch/project_2013895/SELEX/data/Jolma2015/submitted_ftp/CLOCK_FIGLA_2_AX_TCGGCA40NAGC.fastq.gz	signal	370784	14.8 Mbp	14800000	0	40	57	PASS	PASS	WARN	PASS	FAIL	PASS	PASS	PASS	FAIL	WARN	PASS
CLOCK_NHLH1_2_AX_TAGATT40NACA	/scratch/project_2013895/SELEX/data/Jolma2015/submitted_ftp/CLOCK_NHLH1_2_AX_TAGATT40NACA.fastq.gz	signal	459232	18.3 Mbp	18300000	0	40	57	PASS	PASS	WARN	PASS	WARN	PASS	PASS	PASS	FAIL	PASS	PASS
CUX1_FOXI1_3_AY_TCCTCT40NGTC	/scratch/project_2013895/SELEX/data/Jolma2015/submitted_ftp/CUX1_FOXI1_3_AY_TCCTCT40NGTC.fastq.gz	signal	136056	5.4 Mbp	5400000	0	40	43	PASS	PASS	WARN	PASS	WARN	PASS	PASS	PASS	PASS	PASS	PASS
CUX1_RFX5_3_AY_TTCACG40NAGT	/scratch/project_2013895/SELEX/data/Jolma2015/submitted_ftp/CUX1_RFX5_3_AY_TTCACG40NAGT.fastq.gz	signal	168389	6.7 Mbp	6700000	0	40	44	PASS	PASS	WARN	PASS	FAIL	PASS	PASS	PASS	PASS	WARN	PASS
CUX1_SOX15_3_AY_TGCTTC40NTTA	/scratch/project_2013895/SELEX/data/Jolma2015/submitted_ftp/CUX1_SOX15_3_AY_TGCTTC40NTTA.fastq.gz	signal	149532	5.9 Mbp	5900000	0	40	43	PASS	PASS	WARN	PASS	FAIL	PASS	PASS	PASS	PASS	PASS	PASS
E2F1_NHLH1_3_AX_TGCTTT40NAGA	/scratch/project_2013895/SELEX/data/Jolma2015/submitted_ftp/E2F1_NHLH1_3_AX_TGCTTT40NAGA.fastq.gz	signal	96146	3.8 Mbp	3800000	0	40	59	PASS	PASS	WARN	PASS	WARN	PASS	PASS	PASS	PASS	PASS	PASS
ERF_CLOCK_3_AAC_TCCAGA40NGTA	/scratch/project_2013895/SELEX/data/Jolma2015/submitted_ftp/ERF_CLOCK_3_AAC_TCCAGA40NGTA.fastq.gz	signal	178183	7.1 Mbp	7100000	0	40	52	PASS	PASS	WARN	PASS	FAIL	PASS	PASS	PASS	WARN	PASS	PASS
ERF_PITX1_3_AAC_TCGAGC40NAAT	/scratch/project_2013895/SELEX/data/Jolma2015/submitted_ftp/ERF_PITX1_3_AAC_TCGAGC40NAAT.fastq.gz	signal	150916	6 Mbp	6000000	0	40	52	PASS	PASS	WARN	PASS	FAIL	PASS	PASS	PASS	PASS	PASS	PASS
ETV2_CLOCK_3_AAA_TCGGGC40NAAT	/scratch/project_2013895/SELEX/data/Jolma2015/submitted_ftp/ETV2_CLOCK_3_AAA_TCGGGC40NAAT.fastq.gz	signal	96220	3.8 Mbp	3800000	0	40	56	PASS	PASS	FAIL	PASS	FAIL	PASS	WARN	PASS	WARN	WARN	PASS
ETV2_RFX5_2_AAA_TGCTCT40NTTA	/scratch/project_2013895/SELEX/data/Jolma2015/submitted_ftp/ETV2_RFX5_2_AAA_TGCTCT40NTTA.fastq.gz	signal	698588	27.9 Mbp	27900000	0	40	56	PASS	PASS	PASS	PASS	FAIL	PASS	PASS	PASS	WARN	PASS	PASS
ETV5_HES7_2_AY_TTGGCA40NTCG	/scratch/project_2013895/SELEX/data/Jolma2015/submitted_ftp/ETV5_HES7_2_AY_TTGGCA40NTCG.fastq.gz	signal	505083	20.2 Mbp	20200000	0	40	60	PASS	PASS	PASS	PASS	FAIL	PASS	PASS	PASS	PASS	PASS	PASS
ETV7_TBX21_2_AV_TTTCTG40NTAG	/scratch/project_2013895/SELEX/data/Jolma2015/submitted_ftp/ETV7_TBX21_2_AV_TTTCTG40NTAG.fastq.gz	signal	707530	28.3 Mbp	28300000	0	40	58	PASS	PASS	PASS	PASS	FAIL	PASS	PASS	PASS	PASS	PASS	PASS
GCM1_HOXA2_3_AX_TCACAG40NGTT	/scratch/project_2013895/SELEX/data/Jolma2015/submitted_ftp/GCM1_HOXA2_3_AX_TCACAG40NGTT.fastq.gz	signal	84608	3.3 Mbp	3300000	0	40	58	PASS	PASS	WARN	PASS	FAIL	PASS	PASS	PASS	PASS	PASS	PASS
GCM1_NHLH1_3_AX_TCTCGT40NGCC	/scratch/project_2013895/SELEX/data/Jolma2015/submitted_ftp/GCM1_NHLH1_3_AX_TCTCGT40NGCC.fastq.gz	signal	82548	3.3 Mbp	3300000	0	40	58	PASS	PASS	WARN	PASS	FAIL	PASS	PASS	PASS	PASS	WARN	PASS
GCM1_PITX1_3_AU_TCGAGC40NAAT	/scratch/project_2013895/SELEX/data/Jolma2015/submitted_ftp/GCM1_PITX1_3_AU_TCGAGC40NAAT.fastq.gz	signal	167953	6.7 Mbp	6700000	0	40	56	PASS	PASS	WARN	PASS	FAIL	PASS	PASS	PASS	PASS	PASS	PASS
GCM2_MAX_3_AAB_TGCCTG40NTCC	/scratch/project_2013895/SELEX/data/Jolma2015/submitted_ftp/GCM2_MAX_3_AAB_TGCCTG40NTCC.fastq.gz	signal	150814	6 Mbp	6000000	0	40	48	PASS	PASS	FAIL	PASS	FAIL	PASS	PASS	PASS	PASS	PASS	PASS
GCM2_TEF_3_AAB_TGACAG40NACA	/scratch/project_2013895/SELEX/data/Jolma2015/submitted_ftp/GCM2_TEF_3_AAB_TGACAG40NACA.fastq.gz	signal	188428	7.5 Mbp	7500000	0	40	51	PASS	PASS	FAIL	PASS	WARN	PASS	PASS	PASS	PASS	PASS	PASS
HOXB2_NHLH1_3_AY_TGAGAG40NCGC	/scratch/project_2013895/SELEX/data/Jolma2015/submitted_ftp/HOXB2_NHLH1_3_AY_TGAGAG40NCGC.fastq.gz	signal	130502	5.2 Mbp	5200000	0	40	53	PASS	PASS	WARN	PASS	FAIL	PASS	PASS	PASS	PASS	PASS	PASS
HOXB2_SOX15_2_AY_TTCGCC40NGAC	/scratch/project_2013895/SELEX/data/Jolma2015/submitted_ftp/HOXB2_SOX15_2_AY_TTCGCC40NGAC.fastq.gz	signal	488309	19.5 Mbp	19500000	0	40	47	PASS	PASS	PASS	PASS	WARN	PASS	PASS	PASS	PASS	PASS	PASS
MEIS1_MAX_3_AT_TATCTG40NTCG	/scratch/project_2013895/SELEX/data/Jolma2015/submitted_ftp/MEIS1_MAX_3_AT_TATCTG40NTCG.fastq.gz	signal	249146	9.9 Mbp	9900000	0	40	52	PASS	PASS	FAIL	PASS	FAIL	PASS	WARN	PASS	FAIL	FAIL	PASS
MEIS1_SOX2_3_AT_TATTCG40NCTG	/scratch/project_2013895/SELEX/data/Jolma2015/submitted_ftp/MEIS1_SOX2_3_AT_TATTCG40NCTG.fastq.gz	signal	273976	10.9 Mbp	10900000	0	40	49	PASS	PASS	FAIL	PASS	WARN	PASS	WARN	PASS	PASS	WARN	PASS
MYBL1_HOXA13_2_AT_TTTCAA40NTGA	/scratch/project_2013895/SELEX/data/Jolma2015/submitted_ftp/MYBL1_HOXA13_2_AT_TTTCAA40NTGA.fastq.gz	signal	1154125	46.1 Mbp	46100000	0	40	54	PASS	PASS	PASS	PASS	FAIL	PASS	PASS	PASS	WARN	PASS	PASS
PITX1_EOMES_3_AAB_TCAGCA40NCTC	/scratch/project_2013895/SELEX/data/Jolma2015/submitted_ftp/PITX1_EOMES_3_AAB_TCAGCA40NCTC.fastq.gz	signal	154133	6.1 Mbp	6100000	0	40	53	PASS	PASS	FAIL	PASS	FAIL	PASS	PASS	PASS	PASS	WARN	PASS
PITX1_HES7_3_AAB_TAGTGC40NATG	/scratch/project_2013895/SELEX/data/Jolma2015/submitted_ftp/PITX1_HES7_3_AAB_TAGTGC40NATG.fastq.gz	signal	142117	5.6 Mbp	5600000	0	40	54	PASS	PASS	FAIL	PASS	FAIL	PASS	PASS	PASS	PASS	PASS	PASS
PITX1_HOXA3_3_AAB_TAGCGT40NTCA	/scratch/project_2013895/SELEX/data/Jolma2015/submitted_ftp/PITX1_HOXA3_3_AAB_TAGCGT40NTCA.fastq.gz	signal	143679	5.7 Mbp	5700000	0	40	54	PASS	PASS	FAIL	PASS	FAIL	PASS	PASS	PASS	PASS	PASS	PASS
PITX1_TBX21_3_AAB_TGTAGC40NCCT	/scratch/project_2013895/SELEX/data/Jolma2015/submitted_ftp/PITX1_TBX21_3_AAB_TGTAGC40NCCT.fastq.gz	signal	116375	4.6 Mbp	4600000	0	40	58	PASS	PASS	FAIL	PASS	FAIL	WARN	PASS	PASS	PASS	PASS	PASS
POU2F1_DLX2_2_AX_TCCGCA40NCGC	/scratch/project_2013895/SELEX/data/Jolma2015/submitted_ftp/POU2F1_DLX2_2_AX_TCCGCA40NCGC.fastq.gz	signal	454847	18.1 Mbp	18100000	0	40	39	PASS	PASS	WARN	PASS	WARN	WARN	PASS	PASS	FAIL	WARN	PASS
RFX3_FIGLA_3_AY_TCGGCA40NAGC	/scratch/project_2013895/SELEX/data/Jolma2015/submitted_ftp/RFX3_FIGLA_3_AY_TCGGCA40NAGC.fastq.gz	signal	125380	5 Mbp	5000000	0	40	56	PASS	PASS	WARN	PASS	FAIL	PASS	PASS	PASS	PASS	PASS	PASS
RFX3_HES7_3_AY_TGCCGG40NCAG	/scratch/project_2013895/SELEX/data/Jolma2015/submitted_ftp/RFX3_HES7_3_AY_TGCCGG40NCAG.fastq.gz	signal	69689	2.7 Mbp	2700000	0	40	54	PASS	PASS	WARN	PASS	WARN	PASS	PASS	PASS	PASS	WARN	PASS
SOX6_TBX21_2_AS_TTCATC40NCTT	/scratch/project_2013895/SELEX/data/Jolma2015/submitted_ftp/SOX6_TBX21_2_AS_TTCATC40NCTT.fastq.gz	signal	767243	30.6 Mbp	30600000	0	40	48	PASS	PASS	FAIL	PASS	WARN	PASS	PASS	PASS	PASS	PASS	PASS
TEAD4_ELK3_3_AY_TGGGCG40NCGT	/scratch/project_2013895/SELEX/data/Jolma2015/submitted_ftp/TEAD4_ELK3_3_AY_TGGGCG40NCGT.fastq.gz	signal	131102	5.2 Mbp	5200000	0	40	45	PASS	PASS	WARN	PASS	WARN	PASS	PASS	PASS	PASS	WARN	PASS
TEAD4_ESRRB_2_AY_TCGATC40NTAT	/scratch/project_2013895/SELEX/data/Jolma2015/submitted_ftp/TEAD4_ESRRB_2_AY_TCGATC40NTAT.fastq.gz	signal	388933	15.5 Mbp	15500000	0	40	45	PASS	PASS	PASS	PASS	WARN	PASS	PASS	PASS	PASS	PASS	PASS
TEAD4_FOXI1_3_AX_TACATC40NATA	/scratch/project_2013895/SELEX/data/Jolma2015/submitted_ftp/TEAD4_FOXI1_3_AX_TACATC40NATA.fastq.gz	signal	83760	3.3 Mbp	3300000	0	40	55	PASS	PASS	WARN	PASS	FAIL	PASS	PASS	PASS	PASS	WARN	PASS
TEAD4_GATA3_3_AY_TGGGTA40NTGT	/scratch/project_2013895/SELEX/data/Jolma2015/submitted_ftp/TEAD4_GATA3_3_AY_TGGGTA40NTGT.fastq.gz	signal	139369	5.5 Mbp	5500000	0	40	45	PASS	PASS	PASS	PASS	FAIL	PASS	PASS	PASS	PASS	PASS	PASS
TEAD4_SOX15_3_AY_TCGCCA40NCCT	/scratch/project_2013895/SELEX/data/Jolma2015/submitted_ftp/TEAD4_SOX15_3_AY_TCGCCA40NCCT.fastq.gz	signal	134064	5.3 Mbp	5300000	0	40	44	PASS	PASS	WARN	PASS	WARN	PASS	PASS	PASS	PASS	PASS	PASS
MEIS1_HOXB13_3_AAB_TAAGGA40NCCG	/scratch/project_2013895/SELEX/data/Jolma2015/submitted_ftp/MEIS1_HOXB13_3_AAB_TAAGGA40NCCG.fastq.gz	signal	302003	12 Mbp	12000000	0	40	48	PASS	PASS	FAIL	PASS	FAIL	PASS	PASS	PASS	PASS	PASS	PASS
ELF2_htSELEX_2_AL_TGCAAG20NAAC	/scratch/project_2013895/SELEX/data/Jolma2015/submitted_ftp/ELF2_htSELEX_2_AL_TGCAAG20NAAC.fastq.gz	signal	367841	7.3 Mbp	7300000	0	20	49	PASS	PASS	WARN	PASS	FAIL	PASS	PASS	PASS	PASS	PASS	PASS
ETS2_htSELEX_2_AR_TAAGTG40NGAA	/scratch/project_2013895/SELEX/data/Jolma2015/submitted_ftp/ETS2_htSELEX_2_AR_TAAGTG40NGAA.fastq.gz	signal	190751	7.6 Mbp	7600000	0	40	54	PASS	PASS	FAIL	PASS	FAIL	PASS	PASS	PASS	PASS	PASS	PASS
ETV7_htSELEX_4_AQ_TCTGAT40NCTA	/scratch/project_2013895/SELEX/data/Jolma2015/submitted_ftp/ETV7_htSELEX_4_AQ_TCTGAT40NCTA.fastq.gz	signal	351947	14 Mbp	14000000	0	40	56	PASS	PASS	FAIL	PASS	FAIL	PASS	WARN	PASS	FAIL	PASS	PASS
GATA1_htSELEX_2_AL_TGGGTA20NTGT	/scratch/project_2013895/SELEX/data/Jolma2015/submitted_ftp/GATA1_htSELEX_2_AL_TGGGTA20NTGT.fastq.gz	signal	493022	9.8 Mbp	9800000	0	20	42	PASS	PASS	WARN	PASS	FAIL	PASS	PASS	PASS	PASS	PASS	PASS
GLI3_htSELEX_3_AN_TACCCG20NCCC	/scratch/project_2013895/SELEX/data/Jolma2015/submitted_ftp/GLI3_htSELEX_3_AN_TACCCG20NCCC.fastq.gz	signal	285595	5.7 Mbp	5700000	0	20	45	PASS	PASS	WARN	PASS	FAIL	PASS	PASS	PASS	PASS	PASS	PASS
HES1_htSELEX_3_AL_TCTTTC20NTTG	/scratch/project_2013895/SELEX/data/Jolma2015/submitted_ftp/HES1_htSELEX_3_AL_TCTTTC20NTTG.fastq.gz	signal	258787	5.1 Mbp	5100000	0	20	58	PASS	PASS	FAIL	PASS	FAIL	PASS	PASS	PASS	PASS	PASS	PASS
HOXA3_htSELEX_3_AL_TGTCGT40NGCG	/scratch/project_2013895/SELEX/data/Jolma2015/submitted_ftp/HOXA3_htSELEX_3_AL_TGTCGT40NGCG.fastq.gz	signal	237492	9.4 Mbp	9400000	0	40	41	PASS	PASS	FAIL	PASS	FAIL	PASS	PASS	PASS	PASS	PASS	PASS
HOXA4_htSELEX_4_AR_TGACCT40NCCA	/scratch/project_2013895/SELEX/data/Jolma2015/submitted_ftp/HOXA4_htSELEX_4_AR_TGACCT40NCCA.fastq.gz	signal	225121	9 Mbp	9000000	0	40	48	PASS	PASS	FAIL	PASS	WARN	PASS	PASS	PASS	PASS	PASS	PASS
HOXA6_htSELEX_3_AN_TCGCCA20NGA	/scratch/project_2013895/SELEX/data/Jolma2015/submitted_ftp/HOXA6_htSELEX_3_AN_TCGCCA20NGA.fastq.gz	signal	209646	4.1 Mbp	4099999.9999999995	0	20	50	PASS	PASS	WARN	PASS	FAIL	PASS	PASS	PASS	PASS	PASS	PASS
HOXA7_htSELEX_3_AN_TCGCGC20NGA	/scratch/project_2013895/SELEX/data/Jolma2015/submitted_ftp/HOXA7_htSELEX_3_AN_TCGCGC20NGA.fastq.gz	signal	204037	4 Mbp	4000000	0	20	48	PASS	PASS	WARN	PASS	FAIL	PASS	PASS	PASS	PASS	PASS	PASS
HOXD4_htSELEX_4_AR_TGGCCC40NCCT	/scratch/project_2013895/SELEX/data/Jolma2015/submitted_ftp/HOXD4_htSELEX_4_AR_TGGCCC40NCCT.fastq.gz	signal	135140	5.4 Mbp	5400000	0	40	45	PASS	PASS	FAIL	PASS	WARN	PASS	PASS	PASS	PASS	PASS	PASS
JUN_htSELEX_3_AL_TTAGCC20NTA	/scratch/project_2013895/SELEX/data/Jolma2015/submitted_ftp/JUN_htSELEX_3_AL_TTAGCC20NTA.fastq.gz	signal	387499	7.7 Mbp	7700000	0	20	54	PASS	PASS	FAIL	PASS	FAIL	PASS	PASS	PASS	PASS	PASS	PASS
MYCL2_htSELEX_3_AR_TAGCCT40NCCT	/scratch/project_2013895/SELEX/data/Jolma2015/submitted_ftp/MYCL2_htSELEX_3_AR_TAGCCT40NCCT.fastq.gz	signal	226574	9 Mbp	9000000	0	40	50	PASS	PASS	FAIL	PASS	WARN	PASS	PASS	PASS	FAIL	PASS	PASS
POU5F1_htSELEX_3_AQ_TTTAAG40NAGC	/scratch/project_2013895/SELEX/data/Jolma2015/submitted_ftp/POU5F1_htSELEX_3_AQ_TTTAAG40NAGC.fastq.gz	signal	143531	5.7 Mbp	5700000	0	40	45	PASS	PASS	FAIL	PASS	FAIL	WARN	WARN	PASS	PASS	WARN	PASS
SOX6_htSELEX_3_AL_TTCCAA20NACC	/scratch/project_2013895/SELEX/data/Jolma2015/submitted_ftp/SOX6_htSELEX_3_AL_TTCCAA20NACC.fastq.gz	signal	629073	12.5 Mbp	12500000	0	20	45	PASS	PASS	WARN	PASS	FAIL	PASS	PASS	PASS	PASS	PASS	PASS
TBX3_htSELEX_4_AR_TAAGCC40NAGT	/scratch/project_2013895/SELEX/data/Jolma2015/submitted_ftp/TBX3_htSELEX_4_AR_TAAGCC40NAGT.fastq.gz	signal	206566	8.2 Mbp	8199999.999999999	0	40	54	PASS	PASS	FAIL	PASS	WARN	PASS	PASS	PASS	PASS	PASS	PASS
TCF15_htSELEX_4_AR_TCTTAG40NATG	/scratch/project_2013895/SELEX/data/Jolma2015/submitted_ftp/TCF15_htSELEX_4_AR_TCTTAG40NATG.fastq.gz	signal	206122	8.2 Mbp	8199999.999999999	0	40	50	PASS	PASS	FAIL	PASS	WARN	PASS	PASS	PASS	PASS	PASS	PASS
KR_TACTGG40NGGA_4	/scratch/project_2013895/SELEX/data/Nitta2015/submitted_ftp/KR_TACTGG40NGGA_4.fastq.gz	signal	309321	12.3 Mbp	12300000	0	40	56	PASS	PASS	PASS	PASS	WARN	PASS	PASS	PASS	PASS	PASS	PASS
AL_TTAGGG20NGGA_3	/scratch/project_2013895/SELEX/data/Nitta2015/submitted_ftp/AL_TTAGGG20NGGA_3.fastq.gz	signal	304226	6 Mbp	6000000	0	20	39	PASS	PASS	WARN	PASS	FAIL	PASS	PASS	PASS	PASS	PASS	PASS
KG_TCGGGG20NGA_3	/scratch/project_2013895/SELEX/data/Nitta2015/submitted_ftp/KG_TCGGGG20NGA_3.fastq.gz	signal	245431	4.9 Mbp	4900000	0	20	49	PASS	PASS	PASS	PASS	FAIL	PASS	PASS	PASS	PASS	PASS	PASS
AR_TCGCAA40NTGT_4	/scratch/project_2013895/SELEX/data/Nitta2015/submitted_ftp/AR_TCGCAA40NTGT_4.fastq.gz	signal	192774	7.7 Mbp	7700000	0	40	53	PASS	PASS	FAIL	PASS	FAIL	WARN	PASS	PASS	PASS	PASS	PASS
KL_TTTAGC40NGAC_3	/scratch/project_2013895/SELEX/data/Nitta2015/submitted_ftp/KL_TTTAGC40NGAC_3.fastq.gz	signal	177955	7.1 Mbp	7100000	0	40	51	PASS	PASS	FAIL	PASS	WARN	PASS	WARN	PASS	PASS	PASS	PASS
PROX1_eDBD_4_KR_TGCTCT40NTTA	/scratch/project_2013895/SELEX/data/Yin2017/submitted_ftp/PROX1_eDBD_4_KR_TGCTCT40NTTA.fastq.gz	signal	524236	20.9 Mbp	20900000	0	40	55	PASS	PASS	PASS	PASS	FAIL	PASS	PASS	PASS	PASS	WARN	PASS
MSX2_eDBD_2_KR_TAACTC40NGTC	/scratch/project_2013895/SELEX/data/Yin2017/submitted_ftp/MSX2_eDBD_2_KR_TAACTC40NGTC.fastq.gz	signal	472857	18.9 Mbp	18900000	0	40	44	PASS	PASS	PASS	PASS	WARN	PASS	PASS	PASS	PASS	PASS	PASS
MSX1_eDBD_3_KO_TACTGG40NGGA	/scratch/project_2013895/SELEX/data/Yin2017/submitted_ftp/MSX1_eDBD_3_KO_TACTGG40NGGA.fastq.gz	signal	275130	11 Mbp	11000000	0	40	48	PASS	PASS	PASS	PASS	WARN	PASS	PASS	PASS	PASS	PASS	PASS
MSX1_FL_3_KV_TCTTAT40NACA	/scratch/project_2013895/SELEX/data/Yin2017/submitted_ftp/MSX1_FL_3_KV_TCTTAT40NACA.fastq.gz	signal	376142	15 Mbp	15000000	0	40	47	PASS	PASS	PASS	PASS	FAIL	PASS	PASS	PASS	PASS	PASS	PASS
MNX1_eDBD_3_KO_TAAGGG40NACC	/scratch/project_2013895/SELEX/data/Yin2017/submitted_ftp/MNX1_eDBD_3_KO_TAAGGG40NACC.fastq.gz	signal	356667	14.2 Mbp	14200000	0	40	47	PASS	PASS	PASS	PASS	FAIL	PASS	PASS	PASS	PASS	PASS	PASS
GBX2_eDBD_2_KP_TCAGCA40NCTC	/scratch/project_2013895/SELEX/data/Yin2017/submitted_ftp/GBX2_eDBD_2_KP_TCAGCA40NCTC.fastq.gz	signal	354543	14.1 Mbp	14100000	0	40	51	PASS	PASS	FAIL	PASS	WARN	PASS	PASS	PASS	PASS	PASS	PASS
GBX2_FL_2_KV_TGGTGG40NTAA	/scratch/project_2013895/SELEX/data/Yin2017/submitted_ftp/GBX2_FL_2_KV_TGGTGG40NTAA.fastq.gz	signal	313147	12.5 Mbp	12500000	0	40	43	PASS	PASS	PASS	PASS	WARN	PASS	PASS	PASS	PASS	PASS	PASS
BARHL1_eDBD_3_KT_TTAGCG40NAGA	/scratch/project_2013895/SELEX/data/Yin2017/submitted_ftp/BARHL1_eDBD_3_KT_TTAGCG40NAGA.fastq.gz	signal	171282	6.8 Mbp	6800000	0	40	48	PASS	PASS	FAIL	PASS	FAIL	PASS	PASS	PASS	PASS	PASS	PASS
BARHL2_eDBD_2_KT_TCTCCA40NGGA	/scratch/project_2013895/SELEX/data/Yin2017/submitted_ftp/BARHL2_eDBD_2_KT_TCTCCA40NGGA.fastq.gz	signal	267555	10.7 Mbp	10700000	0	40	46	PASS	PASS	PASS	PASS	WARN	PASS	PASS	PASS	PASS	PASS	PASS
BARHL2_FL_3_KZ_TGGGAG40NAGG	/scratch/project_2013895/SELEX/data/Yin2017/submitted_ftp/BARHL2_FL_3_KZ_TGGGAG40NAGG.fastq.gz	signal	148289	5.9 Mbp	5900000	0	40	46	PASS	PASS	WARN	PASS	WARN	PASS	PASS	PASS	PASS	PASS	PASS
BARX2_FL_2_KZ_TAGTTA40NGTG	/scratch/project_2013895/SELEX/data/Yin2017/submitted_ftp/BARX2_FL_2_KZ_TAGTTA40NGTG.fastq.gz	signal	327125	13 Mbp	13000000	0	40	45	PASS	PASS	FAIL	PASS	FAIL	PASS	WARN	PASS	PASS	PASS	PASS
BSX_eDBD_2_KO_TGTATA40NGGT	/scratch/project_2013895/SELEX/data/Yin2017/submitted_ftp/BSX_eDBD_2_KO_TGTATA40NGGT.fastq.gz	signal	376129	15 Mbp	15000000	0	40	47	PASS	PASS	PASS	PASS	FAIL	PASS	PASS	PASS	PASS	PASS	PASS
DLX6_eDBD_2_KR_TGGTGG40NTAA	/scratch/project_2013895/SELEX/data/Yin2017/submitted_ftp/DLX6_eDBD_2_KR_TGGTGG40NTAA.fastq.gz	signal	390968	15.6 Mbp	15600000	0	40	47	PASS	PASS	PASS	PASS	WARN	PASS	PASS	PASS	PASS	PASS	PASS
DLX1_eDBD_2_KT_TGGTCA40NGTG	/scratch/project_2013895/SELEX/data/Yin2017/submitted_ftp/DLX1_eDBD_2_KT_TGGTCA40NGTG.fastq.gz	signal	356380	14.2 Mbp	14200000	0	40	48	PASS	PASS	PASS	PASS	FAIL	PASS	PASS	PASS	PASS	PASS	PASS
DLX1_FL_2_KAE_TCCATG40NCAC	/scratch/project_2013895/SELEX/data/Yin2017/submitted_ftp/DLX1_FL_2_KAE_TCCATG40NCAC.fastq.gz	signal	197042	7.8 Mbp	7800000	0	40	44	PASS	PASS	PASS	PASS	PASS	PASS	PASS	PASS	PASS	PASS	PASS
DLX4_eDBD_2_KT_TCGAGT40NACT	/scratch/project_2013895/SELEX/data/Yin2017/submitted_ftp/DLX4_eDBD_2_KT_TCGAGT40NACT.fastq.gz	signal	277648	11.1 Mbp	11100000	0	40	47	PASS	PASS	PASS	PASS	FAIL	PASS	PASS	PASS	PASS	PASS	PASS
DLX4_FL_2_KV_TCGTGG40NTCT	/scratch/project_2013895/SELEX/data/Yin2017/submitted_ftp/DLX4_FL_2_KV_TCGTGG40NTCT.fastq.gz	signal	281310	11.2 Mbp	11200000	0	40	43	PASS	PASS	PASS	PASS	WARN	PASS	PASS	PASS	PASS	PASS	PASS
DLX3_eDBD_2_KN_TCCACA40NGCC	/scratch/project_2013895/SELEX/data/Yin2017/submitted_ftp/DLX3_eDBD_2_KN_TCCACA40NGCC.fastq.gz	signal	200853	8 Mbp	8000000	0	40	49	PASS	PASS	FAIL	PASS	FAIL	PASS	PASS	PASS	PASS	PASS	PASS
DLX3_FL_2_KW_TGGAGA40NCCA	/scratch/project_2013895/SELEX/data/Yin2017/submitted_ftp/DLX3_FL_2_KW_TGGAGA40NCCA.fastq.gz	signal	156170	6.2 Mbp	6200000	0	40	45	PASS	PASS	FAIL	PASS	WARN	PASS	PASS	PASS	PASS	PASS	PASS
DLX5_eDBD_2_KT_TACGAA40NAGA	/scratch/project_2013895/SELEX/data/Yin2017/submitted_ftp/DLX5_eDBD_2_KT_TACGAA40NAGA.fastq.gz	signal	364560	14.5 Mbp	14500000	0	40	47	PASS	PASS	PASS	PASS	WARN	PASS	PASS	PASS	PASS	PASS	PASS
DLX5_FL_2_KX_TACGGT40NTAC	/scratch/project_2013895/SELEX/data/Yin2017/submitted_ftp/DLX5_FL_2_KX_TACGGT40NTAC.fastq.gz	signal	187980	7.5 Mbp	7500000	0	40	47	PASS	PASS	WARN	PASS	WARN	PASS	PASS	PASS	PASS	PASS	PASS
DLX2_eDBD_2_KP_TGTCTG40NAGG	/scratch/project_2013895/SELEX/data/Yin2017/submitted_ftp/DLX2_eDBD_2_KP_TGTCTG40NAGG.fastq.gz	signal	323923	12.9 Mbp	12900000	0	40	45	PASS	PASS	FAIL	PASS	WARN	PASS	PASS	PASS	PASS	PASS	PASS
DLX2_FL_2_KW_TGGGAG40NAGG	/scratch/project_2013895/SELEX/data/Yin2017/submitted_ftp/DLX2_FL_2_KW_TGGGAG40NAGG.fastq.gz	signal	95485	3.8 Mbp	3800000	0	40	47	PASS	PASS	FAIL	PASS	WARN	PASS	PASS	PASS	PASS	PASS	PASS
NKX3-2_eDBD_3_KP_TTTGAG40NATT	/scratch/project_2013895/SELEX/data/Yin2017/submitted_ftp/NKX3-2_eDBD_3_KP_TTTGAG40NATT.fastq.gz	signal	250882	10 Mbp	10000000	0	40	52	PASS	PASS	WARN	PASS	FAIL	PASS	PASS	PASS	PASS	PASS	PASS
NKX3-1_eDBD_3_KV_TTTGAG40NATT	/scratch/project_2013895/SELEX/data/Yin2017/submitted_ftp/NKX3-1_eDBD_3_KV_TTTGAG40NATT.fastq.gz	signal	293472	11.7 Mbp	11700000	0	40	49	PASS	PASS	PASS	PASS	FAIL	PASS	PASS	PASS	PASS	PASS	PASS
NKX2-8_FL_3_KW_TTGTTA40NGGT	/scratch/project_2013895/SELEX/data/Yin2017/submitted_ftp/NKX2-8_FL_3_KW_TTGTTA40NGGT.fastq.gz	signal	373782	14.9 Mbp	14900000	0	40	53	PASS	PASS	PASS	PASS	FAIL	PASS	PASS	PASS	PASS	PASS	PASS
NKX2-3_eDBD_3_KR_TCTGCC40NCAC	/scratch/project_2013895/SELEX/data/Yin2017/submitted_ftp/NKX2-3_eDBD_3_KR_TCTGCC40NCAC.fastq.gz	signal	129204	5.1 Mbp	5100000	0	40	53	PASS	PASS	PASS	PASS	WARN	PASS	PASS	PASS	PASS	PASS	PASS
NKX2-3_FL_3_KV_TAGGTT40NAAG	/scratch/project_2013895/SELEX/data/Yin2017/submitted_ftp/NKX2-3_FL_3_KV_TAGGTT40NAAG.fastq.gz	signal	207866	8.3 Mbp	8300000.000000001	0	40	50	PASS	PASS	PASS	PASS	FAIL	PASS	PASS	PASS	PASS	PASS	PASS
NKX2-5_FL_3_KW_TCCGAG40NTGG	/scratch/project_2013895/SELEX/data/Yin2017/submitted_ftp/NKX2-5_FL_3_KW_TCCGAG40NTGG.fastq.gz	signal	344188	13.7 Mbp	13700000	0	40	52	PASS	PASS	PASS	PASS	FAIL	PASS	PASS	PASS	PASS	PASS	PASS
HMX1_eDBD_4_KO_TCCTCA40NAAC	/scratch/project_2013895/SELEX/data/Yin2017/submitted_ftp/HMX1_eDBD_4_KO_TCCTCA40NAAC.fastq.gz	signal	188405	7.5 Mbp	7500000	0	40	47	PASS	PASS	PASS	PASS	WARN	PASS	PASS	PASS	PASS	PASS	PASS
HMX2_eDBD_4_KO_TTAGCT40NCCT	/scratch/project_2013895/SELEX/data/Yin2017/submitted_ftp/HMX2_eDBD_4_KO_TTAGCT40NCCT.fastq.gz	signal	207525	8.3 Mbp	8300000.000000001	0	40	51	PASS	PASS	PASS	PASS	WARN	PASS	PASS	PASS	PASS	PASS	PASS
HMX2_FL_3_KZ_TCGGGT40NAAG	/scratch/project_2013895/SELEX/data/Yin2017/submitted_ftp/HMX2_FL_3_KZ_TCGGGT40NAAG.fastq.gz	signal	360722	14.4 Mbp	14400000	0	40	45	PASS	PASS	FAIL	PASS	WARN	PASS	PASS	PASS	PASS	PASS	PASS
TLX3_eDBD_4_KV_TTAGCA40NGGT	/scratch/project_2013895/SELEX/data/Yin2017/submitted_ftp/TLX3_eDBD_4_KV_TTAGCA40NGGT.fastq.gz	signal	346622	13.8 Mbp	13800000	0	40	49	PASS	PASS	PASS	PASS	FAIL	PASS	PASS	PASS	PASS	WARN	PASS
TLX3_FL_4_KX_TGAACT40NAAG	/scratch/project_2013895/SELEX/data/Yin2017/submitted_ftp/TLX3_FL_4_KX_TGAACT40NAAG.fastq.gz	signal	347569	13.9 Mbp	13900000	0	40	52	PASS	PASS	WARN	PASS	WARN	PASS	PASS	PASS	PASS	PASS	PASS
TLX2_eDBD_2_KO_TCTGCA40NATA	/scratch/project_2013895/SELEX/data/Yin2017/submitted_ftp/TLX2_eDBD_2_KO_TCTGCA40NATA.fastq.gz	signal	257778	10.3 Mbp	10300000	0	40	42	PASS	PASS	PASS	PASS	WARN	PASS	PASS	PASS	PASS	PASS	PASS
NKX6-2_eDBD_3_KO_TCCAAG40NAAC	/scratch/project_2013895/SELEX/data/Yin2017/submitted_ftp/NKX6-2_eDBD_3_KO_TCCAAG40NAAC.fastq.gz	signal	436821	17.4 Mbp	17400000	0	40	41	PASS	PASS	PASS	PASS	WARN	PASS	PASS	PASS	PASS	PASS	PASS
NKX6-2_FL_3_KV_TCATGA40NAGT	/scratch/project_2013895/SELEX/data/Yin2017/submitted_ftp/NKX6-2_FL_3_KV_TCATGA40NAGT.fastq.gz	signal	410758	16.4 Mbp	16399999.999999998	0	40	40	PASS	PASS	PASS	PASS	WARN	PASS	PASS	PASS	PASS	PASS	PASS
NKX6-3_eDBD_2_KO_TGTAGA40NTGT	/scratch/project_2013895/SELEX/data/Yin2017/submitted_ftp/NKX6-3_eDBD_2_KO_TGTAGA40NTGT.fastq.gz	signal	285368	11.4 Mbp	11400000	0	40	39	PASS	PASS	PASS	PASS	WARN	WARN	PASS	PASS	PASS	PASS	PASS
LBX2_eDBD_4_KP_TGAAGC40NCTA	/scratch/project_2013895/SELEX/data/Yin2017/submitted_ftp/LBX2_eDBD_4_KP_TGAAGC40NCTA.fastq.gz	signal	242911	9.7 Mbp	9700000	0	40	46	PASS	PASS	FAIL	PASS	WARN	PASS	PASS	PASS	PASS	PASS	PASS
NOTO_eDBD_3_KO_TGAACC40NCCA	/scratch/project_2013895/SELEX/data/Yin2017/submitted_ftp/NOTO_eDBD_3_KO_TGAACC40NCCA.fastq.gz	signal	281435	11.2 Mbp	11200000	0	40	43	PASS	PASS	PASS	PASS	WARN	PASS	PASS	PASS	PASS	PASS	PASS
EMX1_eDBD_2_KO_TTAGCA40NGGT	/scratch/project_2013895/SELEX/data/Yin2017/submitted_ftp/EMX1_eDBD_2_KO_TTAGCA40NGGT.fastq.gz	signal	306083	12.2 Mbp	12200000	0	40	44	PASS	PASS	PASS	PASS	WARN	PASS	PASS	PASS	PASS	PASS	PASS
EMX1_FL_2_KW_TTTAGG40NTCT	/scratch/project_2013895/SELEX/data/Yin2017/submitted_ftp/EMX1_FL_2_KW_TTTAGG40NTCT.fastq.gz	signal	191588	7.6 Mbp	7600000	0	40	47	PASS	PASS	FAIL	PASS	FAIL	WARN	PASS	PASS	PASS	PASS	PASS
EMX2_eDBD_2_KP_TCAGGG40NGCA	/scratch/project_2013895/SELEX/data/Yin2017/submitted_ftp/EMX2_eDBD_2_KP_TCAGGG40NGCA.fastq.gz	signal	304257	12.1 Mbp	12100000	0	40	42	PASS	PASS	FAIL	PASS	FAIL	PASS	PASS	PASS	PASS	PASS	PASS
VAX1_eDBD_3_KO_TGGTCG40NTAA	/scratch/project_2013895/SELEX/data/Yin2017/submitted_ftp/VAX1_eDBD_3_KO_TGGTCG40NTAA.fastq.gz	signal	379211	15.1 Mbp	15100000	0	40	44	PASS	PASS	PASS	PASS	WARN	PASS	PASS	PASS	PASS	PASS	PASS
VAX2_FL_3_KX_TGTCGA40NGCA	/scratch/project_2013895/SELEX/data/Yin2017/submitted_ftp/VAX2_FL_3_KX_TGTCGA40NGCA.fastq.gz	signal	309428	12.3 Mbp	12300000	0	40	42	PASS	PASS	PASS	PASS	WARN	PASS	PASS	PASS	PASS	PASS	PASS
VENTX_FL_4_KW_TATTTG40NCCA	/scratch/project_2013895/SELEX/data/Yin2017/submitted_ftp/VENTX_FL_4_KW_TATTTG40NCCA.fastq.gz	signal	403240	16.1 Mbp	16100000.000000002	0	40	43	PASS	PASS	WARN	PASS	FAIL	PASS	PASS	PASS	PASS	PASS	PASS
HOXB7_eDBD_3_KT_TAAGGC40NTGA	/scratch/project_2013895/SELEX/data/Yin2017/submitted_ftp/HOXB7_eDBD_3_KT_TAAGGC40NTGA.fastq.gz	signal	201421	8 Mbp	8000000	0	40	44	PASS	PASS	FAIL	PASS	WARN	PASS	PASS	PASS	PASS	PASS	PASS
HOXB7_FL_4_KV_TTATTT40NCGT	/scratch/project_2013895/SELEX/data/Yin2017/submitted_ftp/HOXB7_FL_4_KV_TTATTT40NCGT.fastq.gz	both	302637	12.1 Mbp	12100000	0	40	49	PASS	PASS	PASS	PASS	WARN	WARN	PASS	PASS	WARN	FAIL	PASS
HOXA7_eDBD_4_KR_TGGCTA40NTCC	/scratch/project_2013895/SELEX/data/Yin2017/submitted_ftp/HOXA7_eDBD_4_KR_TGGCTA40NTCC.fastq.gz	signal	382149	15.2 Mbp	15200000	0	40	45	PASS	PASS	PASS	PASS	FAIL	WARN	PASS	PASS	PASS	PASS	PASS
HOXA6_eDBD_3_KP_TCGTCA40NCTA	/scratch/project_2013895/SELEX/data/Yin2017/submitted_ftp/HOXA6_eDBD_3_KP_TCGTCA40NCTA.fastq.gz	signal	245114	9.8 Mbp	9800000	0	40	42	PASS	PASS	FAIL	PASS	WARN	PASS	PASS	PASS	PASS	WARN	PASS
HOXB5_eDBD_3_KO_TCGGAC40NCCA	/scratch/project_2013895/SELEX/data/Yin2017/submitted_ftp/HOXB5_eDBD_3_KO_TCGGAC40NCCA.fastq.gz	signal	529617	21.1 Mbp	21100000	0	40	49	PASS	PASS	PASS	PASS	WARN	PASS	PASS	PASS	PASS	PASS	PASS
HOXB5_FL_4_KAE_TCTGAG40NCAG	/scratch/project_2013895/SELEX/data/Yin2017/submitted_ftp/HOXB5_FL_4_KAE_TCTGAG40NCAG.fastq.gz	signal	259575	10.3 Mbp	10300000	0	40	48	PASS	PASS	PASS	PASS	FAIL	WARN	PASS	PASS	PASS	WARN	PASS
HOXA5_eDBD_4_KV_TTAGTA40NCTC	/scratch/project_2013895/SELEX/data/Yin2017/submitted_ftp/HOXA5_eDBD_4_KV_TTAGTA40NCTC.fastq.gz	signal	304713	12.1 Mbp	12100000	0	40	48	PASS	PASS	PASS	PASS	FAIL	PASS	PASS	PASS	PASS	PASS	PASS
HOXA5_FL_4_KAE_TCAGTA40NACC	/scratch/project_2013895/SELEX/data/Yin2017/submitted_ftp/HOXA5_FL_4_KAE_TCAGTA40NACC.fastq.gz	signal	315345	12.6 Mbp	12600000	0	40	48	PASS	PASS	PASS	PASS	WARN	WARN	PASS	PASS	PASS	PASS	PASS
HOXD4_eDBD_2_KO_TGAGAC40NCAA	/scratch/project_2013895/SELEX/data/Yin2017/submitted_ftp/HOXD4_eDBD_2_KO_TGAGAC40NCAA.fastq.gz	signal	295864	11.8 Mbp	11800000	0	40	46	PASS	PASS	PASS	PASS	WARN	PASS	PASS	PASS	PASS	PASS	PASS
HOXD4_FL_2_KV_TTTACT40NACA	/scratch/project_2013895/SELEX/data/Yin2017/submitted_ftp/HOXD4_FL_2_KV_TTTACT40NACA.fastq.gz	signal	231119	9.2 Mbp	9200000	0	40	49	PASS	PASS	PASS	PASS	WARN	PASS	PASS	PASS	PASS	PASS	PASS
HOXA4_eDBD_3_KO_TCTAGG40NCTG	/scratch/project_2013895/SELEX/data/Yin2017/submitted_ftp/HOXA4_eDBD_3_KO_TCTAGG40NCTG.fastq.gz	signal	260648	10.4 Mbp	10400000	0	40	48	PASS	PASS	PASS	PASS	FAIL	PASS	PASS	PASS	PASS	PASS	PASS
HOXC4_FL_2_KV_TTCGGG40NGAG	/scratch/project_2013895/SELEX/data/Yin2017/submitted_ftp/HOXC4_FL_2_KV_TTCGGG40NGAG.fastq.gz	signal	261318	10.4 Mbp	10400000	0	40	45	PASS	PASS	PASS	PASS	WARN	WARN	PASS	PASS	PASS	PASS	PASS
HOXB4_FL_3_KV_TCTGCA40NATA	/scratch/project_2013895/SELEX/data/Yin2017/submitted_ftp/HOXB4_FL_3_KV_TCTGCA40NATA.fastq.gz	signal	358408	14.3 Mbp	14300000	0	40	46	PASS	PASS	PASS	PASS	WARN	PASS	PASS	PASS	PASS	PASS	PASS
HOXD8_eDBD_4_KP_TCGGGT40NAAG	/scratch/project_2013895/SELEX/data/Yin2017/submitted_ftp/HOXD8_eDBD_4_KP_TCGGGT40NAAG.fastq.gz	signal	228959	9.1 Mbp	9100000	0	40	48	PASS	PASS	FAIL	PASS	WARN	PASS	PASS	PASS	PASS	PASS	PASS
HOXB8_eDBD_3_KP_TAAAGT40NAGC	/scratch/project_2013895/SELEX/data/Yin2017/submitted_ftp/HOXB8_eDBD_3_KP_TAAAGT40NAGC.fastq.gz	signal	231285	9.2 Mbp	9200000	0	40	47	PASS	PASS	WARN	PASS	FAIL	PASS	PASS	PASS	PASS	PASS	PASS
HOXC8_FL_3_KV_TGCGCA40NCAA	/scratch/project_2013895/SELEX/data/Yin2017/submitted_ftp/HOXC8_FL_3_KV_TGCGCA40NCAA.fastq.gz	signal	445910	17.8 Mbp	17800000	0	40	39	PASS	PASS	PASS	PASS	FAIL	WARN	PASS	PASS	PASS	PASS	PASS
HOXA2_eDBD_2_KN_TAGTCT40NGCA	/scratch/project_2013895/SELEX/data/Yin2017/submitted_ftp/HOXA2_eDBD_2_KN_TAGTCT40NGCA.fastq.gz	signal	307797	12.3 Mbp	12300000	0	40	49	PASS	PASS	FAIL	PASS	FAIL	PASS	PASS	PASS	PASS	PASS	PASS
HOXA2_FL_2_KZ_TCGGCT40NTAA	/scratch/project_2013895/SELEX/data/Yin2017/submitted_ftp/HOXA2_FL_2_KZ_TCGGCT40NTAA.fastq.gz	signal	329127	13.1 Mbp	13100000	0	40	44	PASS	PASS	FAIL	PASS	FAIL	PASS	WARN	PASS	PASS	PASS	PASS
HOXB2_eDBD_2_KP_TCTGCT40NTGT	/scratch/project_2013895/SELEX/data/Yin2017/submitted_ftp/HOXB2_eDBD_2_KP_TCTGCT40NTGT.fastq.gz	signal	398895	15.9 Mbp	15900000	0	40	46	PASS	PASS	FAIL	PASS	FAIL	PASS	PASS	PASS	PASS	PASS	PASS
HOXD3_FL_3_KW_TACATA40NAGA	/scratch/project_2013895/SELEX/data/Yin2017/submitted_ftp/HOXD3_FL_3_KW_TACATA40NAGA.fastq.gz	signal	399758	15.9 Mbp	15900000	0	40	47	PASS	PASS	PASS	PASS	WARN	PASS	PASS	PASS	PASS	PASS	PASS
PDX1_eDBD_2_KO_TGCCCT40NTCG	/scratch/project_2013895/SELEX/data/Yin2017/submitted_ftp/PDX1_eDBD_2_KO_TGCCCT40NTCG.fastq.gz	signal	423692	16.9 Mbp	16900000	0	40	44	PASS	PASS	PASS	PASS	WARN	PASS	PASS	PASS	PASS	PASS	PASS
GSX2_eDBD_2_KO_TGTCAG40NGAC	/scratch/project_2013895/SELEX/data/Yin2017/submitted_ftp/GSX2_eDBD_2_KO_TGTCAG40NGAC.fastq.gz	signal	411158	16.4 Mbp	16399999.999999998	0	40	44	PASS	PASS	PASS	PASS	FAIL	PASS	PASS	PASS	PASS	PASS	PASS
GSX1_eDBD_4_KO_TACGAA40NAGA	/scratch/project_2013895/SELEX/data/Yin2017/submitted_ftp/GSX1_eDBD_4_KO_TACGAA40NAGA.fastq.gz	signal	245790	9.8 Mbp	9800000	0	40	49	PASS	PASS	PASS	PASS	FAIL	PASS	PASS	PASS	PASS	PASS	PASS
HOXA1_FL_4_KX_TGACAA40NACT	/scratch/project_2013895/SELEX/data/Yin2017/submitted_ftp/HOXA1_FL_4_KX_TGACAA40NACT.fastq.gz	signal	268335	10.7 Mbp	10700000	0	40	40	PASS	PASS	WARN	PASS	FAIL	WARN	PASS	PASS	PASS	WARN	PASS
HOXD1_eDBD_4_KR_TTCAGG40NTGC	/scratch/project_2013895/SELEX/data/Yin2017/submitted_ftp/HOXD1_eDBD_4_KR_TTCAGG40NTGC.fastq.gz	signal	313116	12.5 Mbp	12500000	0	40	47	PASS	PASS	PASS	PASS	WARN	WARN	PASS	PASS	PASS	PASS	PASS
HOXB1_eDBD_3_KO_TAAAGT40NAGC	/scratch/project_2013895/SELEX/data/Yin2017/submitted_ftp/HOXB1_eDBD_3_KO_TAAAGT40NAGC.fastq.gz	signal	271008	10.8 Mbp	10800000	0	40	47	PASS	PASS	PASS	PASS	WARN	WARN	PASS	PASS	PASS	PASS	PASS
MEOX1_FL_3_KX_TAAGCA40NGTC	/scratch/project_2013895/SELEX/data/Yin2017/submitted_ftp/MEOX1_FL_3_KX_TAAGCA40NGTC.fastq.gz	signal	232382	9.2 Mbp	9200000	0	40	46	PASS	PASS	PASS	PASS	FAIL	PASS	PASS	PASS	PASS	PASS	PASS
MEOX1_FL_2_KX_TAAGCA40NGTC	/scratch/project_2013895/SELEX/data/Yin2017/submitted_ftp/MEOX1_FL_2_KX_TAAGCA40NGTC.fastq.gz	both	133775	5.3 Mbp	5300000	0	40	46	PASS	PASS	WARN	PASS	FAIL	PASS	PASS	PASS	PASS	PASS	PASS
MEOX2_FL_2_KX_TACGGG40NCTT	/scratch/project_2013895/SELEX/data/Yin2017/submitted_ftp/MEOX2_FL_2_KX_TACGGG40NCTT.fastq.gz	signal	144411	5.7 Mbp	5700000	0	40	45	PASS	PASS	WARN	PASS	WARN	PASS	PASS	PASS	PASS	PASS	PASS
HOXB9_eDBD_4_KT_TTCGTT40NGCC	/scratch/project_2013895/SELEX/data/Yin2017/submitted_ftp/HOXB9_eDBD_4_KT_TTCGTT40NGCC.fastq.gz	signal	256725	10.2 Mbp	10200000	0	40	52	PASS	PASS	WARN	PASS	WARN	WARN	PASS	PASS	PASS	FAIL	PASS
HOXB9_eDBD_3_KT_TTCGTT40NGCC	/scratch/project_2013895/SELEX/data/Yin2017/submitted_ftp/HOXB9_eDBD_3_KT_TTCGTT40NGCC.fastq.gz	both	267812	10.7 Mbp	10700000	0	40	52	PASS	PASS	FAIL	PASS	WARN	PASS	PASS	PASS	PASS	PASS	PASS
HOXD9_eDBD_4_KQ_TGCGTC40NTTA	/scratch/project_2013895/SELEX/data/Yin2017/submitted_ftp/HOXD9_eDBD_4_KQ_TGCGTC40NTTA.fastq.gz	signal	382780	15.3 Mbp	15300000	0	40	43	PASS	PASS	PASS	PASS	FAIL	PASS	PASS	PASS	PASS	PASS	PASS
HOXD9_FL_4_KW_TCTCCT40NCCT	/scratch/project_2013895/SELEX/data/Yin2017/submitted_ftp/HOXD9_FL_4_KW_TCTCCT40NCCT.fastq.gz	signal	315371	12.6 Mbp	12600000	0	40	41	PASS	PASS	PASS	PASS	WARN	PASS	PASS	PASS	PASS	WARN	PASS
HOXC9_FL_4_KV_TATGTA40NTGT	/scratch/project_2013895/SELEX/data/Yin2017/submitted_ftp/HOXC9_FL_4_KV_TATGTA40NTGT.fastq.gz	signal	398898	15.9 Mbp	15900000	0	40	41	PASS	PASS	PASS	PASS	WARN	WARN	PASS	PASS	PASS	WARN	PASS
HOXA9_FL_4_KAE_TTCTAC40NCGA	/scratch/project_2013895/SELEX/data/Yin2017/submitted_ftp/HOXA9_FL_4_KAE_TTCTAC40NCGA.fastq.gz	signal	383108	15.3 Mbp	15300000	0	40	44	PASS	PASS	PASS	PASS	WARN	PASS	PASS	PASS	PASS	PASS	PASS
HOXD10_eDBD_4_KT_TAAGTC40NCGT	/scratch/project_2013895/SELEX/data/Yin2017/submitted_ftp/HOXD10_eDBD_4_KT_TAAGTC40NCGT.fastq.gz	signal	270334	10.8 Mbp	10800000	0	40	45	PASS	PASS	WARN	PASS	FAIL	PASS	PASS	PASS	PASS	PASS	PASS
HOXD10_FL_4_KAE_TCGATG40NTAC	/scratch/project_2013895/SELEX/data/Yin2017/submitted_ftp/HOXD10_FL_4_KAE_TCGATG40NTAC.fastq.gz	signal	379607	15.1 Mbp	15100000	0	40	48	PASS	PASS	PASS	PASS	WARN	WARN	PASS	PASS	PASS	WARN	PASS
HOXA10_eDBD_4_KR_TGTCGA40NGCA	/scratch/project_2013895/SELEX/data/Yin2017/submitted_ftp/HOXA10_eDBD_4_KR_TGTCGA40NGCA.fastq.gz	signal	386827	15.4 Mbp	15400000	0	40	44	PASS	PASS	PASS	PASS	WARN	WARN	PASS	PASS	PASS	WARN	PASS
HOXA10_FL_4_KZ_TGGCCT40NTAT	/scratch/project_2013895/SELEX/data/Yin2017/submitted_ftp/HOXA10_FL_4_KZ_TGGCCT40NTAT.fastq.gz	signal	370390	14.8 Mbp	14800000	0	40	48	PASS	PASS	WARN	PASS	WARN	PASS	PASS	PASS	PASS	PASS	PASS
HOXC10_eDBD_4_KR_TACTAA40NATT	/scratch/project_2013895/SELEX/data/Yin2017/submitted_ftp/HOXC10_eDBD_4_KR_TACTAA40NATT.fastq.gz	signal	407440	16.2 Mbp	16200000	0	40	48	PASS	PASS	PASS	PASS	FAIL	PASS	PASS	PASS	PASS	PASS	PASS
HOXC10_FL_4_KX_TTGGCC40NTCG	/scratch/project_2013895/SELEX/data/Yin2017/submitted_ftp/HOXC10_FL_4_KX_TTGGCC40NTCG.fastq.gz	signal	342883	13.7 Mbp	13700000	0	40	45	PASS	PASS	WARN	PASS	WARN	PASS	PASS	PASS	PASS	PASS	PASS
HOXC11_eDBD_2_KR_TCTGCA40NATA	/scratch/project_2013895/SELEX/data/Yin2017/submitted_ftp/HOXC11_eDBD_2_KR_TCTGCA40NATA.fastq.gz	signal	378641	15.1 Mbp	15100000	0	40	48	PASS	PASS	PASS	PASS	WARN	PASS	PASS	PASS	PASS	PASS	PASS
HOXC11_FL_3_KX_TCAGAA40NAGG	/scratch/project_2013895/SELEX/data/Yin2017/submitted_ftp/HOXC11_FL_3_KX_TCAGAA40NAGG.fastq.gz	signal	196367	7.8 Mbp	7800000	0	40	49	PASS	PASS	PASS	PASS	WARN	PASS	PASS	PASS	PASS	PASS	PASS
HOXA11_eDBD_3_KS_TGAACT40NAAG	/scratch/project_2013895/SELEX/data/Yin2017/submitted_ftp/HOXA11_eDBD_3_KS_TGAACT40NAAG.fastq.gz	signal	246739	9.8 Mbp	9800000	0	40	50	PASS	PASS	PASS	PASS	WARN	PASS	PASS	PASS	PASS	PASS	PASS
HOXD11_eDBD_4_KP_TTCGAG40NGCG	/scratch/project_2013895/SELEX/data/Yin2017/submitted_ftp/HOXD11_eDBD_4_KP_TTCGAG40NGCG.fastq.gz	signal	164218	6.5 Mbp	6500000	0	40	43	PASS	PASS	FAIL	PASS	WARN	WARN	PASS	PASS	PASS	PASS	PASS
HOXC12_eDBD_2_KP_TAGTGC40NATG	/scratch/project_2013895/SELEX/data/Yin2017/submitted_ftp/HOXC12_eDBD_2_KP_TAGTGC40NATG.fastq.gz	signal	336409	13.4 Mbp	13400000	0	40	48	PASS	PASS	FAIL	PASS	WARN	PASS	PASS	PASS	PASS	PASS	PASS
HOXD12_eDBD_4_KO_TAGTTA40NGTG	/scratch/project_2013895/SELEX/data/Yin2017/submitted_ftp/HOXD12_eDBD_4_KO_TAGTTA40NGTG.fastq.gz	signal	219937	8.7 Mbp	8700000	0	40	49	PASS	PASS	PASS	PASS	FAIL	PASS	PASS	PASS	PASS	PASS	PASS
HOXA13_eDBD_3_KP_TACTGA40NACC	/scratch/project_2013895/SELEX/data/Yin2017/submitted_ftp/HOXA13_eDBD_3_KP_TACTGA40NACC.fastq.gz	signal	295815	11.8 Mbp	11800000	0	40	46	PASS	PASS	WARN	PASS	WARN	WARN	PASS	PASS	PASS	PASS	PASS
HOXA13_FL_2_KW_TTGGGC40NGGC	/scratch/project_2013895/SELEX/data/Yin2017/submitted_ftp/HOXA13_FL_2_KW_TTGGGC40NGGC.fastq.gz	signal	152762	6.1 Mbp	6100000	0	40	43	PASS	PASS	FAIL	PASS	PASS	PASS	PASS	PASS	PASS	PASS	PASS
HOXC13_eDBD_4_KP_TACTAC40NGCC	/scratch/project_2013895/SELEX/data/Yin2017/submitted_ftp/HOXC13_eDBD_4_KP_TACTAC40NGCC.fastq.gz	signal	229121	9.1 Mbp	9100000	0	40	45	PASS	PASS	FAIL	PASS	WARN	WARN	PASS	PASS	PASS	PASS	PASS
HOXD13_eDBD_4_KP_TCGAAT40NAGG	/scratch/project_2013895/SELEX/data/Yin2017/submitted_ftp/HOXD13_eDBD_4_KP_TCGAAT40NAGG.fastq.gz	signal	250848	10 Mbp	10000000	0	40	49	PASS	PASS	FAIL	PASS	WARN	PASS	PASS	PASS	PASS	PASS	PASS
HOXB13_eDBD_4_KN_TCACTT40NTTG	/scratch/project_2013895/SELEX/data/Yin2017/submitted_ftp/HOXB13_eDBD_4_KN_TCACTT40NTTG.fastq.gz	signal	208431	8.3 Mbp	8300000.000000001	0	40	49	PASS	PASS	WARN	PASS	FAIL	PASS	PASS	PASS	PASS	PASS	PASS
CDX2_eDBD_4_KO_TGGCCT40NTAT	/scratch/project_2013895/SELEX/data/Yin2017/submitted_ftp/CDX2_eDBD_4_KO_TGGCCT40NTAT.fastq.gz	signal	225365	9 Mbp	9000000	0	40	52	PASS	PASS	PASS	PASS	FAIL	PASS	PASS	PASS	PASS	PASS	PASS
CDX1_eDBD_4_KP_TCTAAG40NTTA	/scratch/project_2013895/SELEX/data/Yin2017/submitted_ftp/CDX1_eDBD_4_KP_TCTAAG40NTTA.fastq.gz	signal	235464	9.4 Mbp	9400000	0	40	49	PASS	PASS	FAIL	PASS	FAIL	PASS	PASS	PASS	PASS	PASS	PASS
CDX4_FL_3_KAE_TACAGC40NCTT	/scratch/project_2013895/SELEX/data/Yin2017/submitted_ftp/CDX4_FL_3_KAE_TACAGC40NCTT.fastq.gz	signal	229698	9.1 Mbp	9100000	0	40	46	PASS	PASS	PASS	PASS	FAIL	PASS	PASS	PASS	PASS	PASS	PASS
EN2_eDBD_3_KS_TGGCCT40NTAT	/scratch/project_2013895/SELEX/data/Yin2017/submitted_ftp/EN2_eDBD_3_KS_TGGCCT40NTAT.fastq.gz	signal	281772	11.2 Mbp	11200000	0	40	47	PASS	PASS	PASS	PASS	WARN	PASS	PASS	PASS	PASS	PASS	PASS
EN1_eDBD_4_KR_TATATA40NGCT	/scratch/project_2013895/SELEX/data/Yin2017/submitted_ftp/EN1_eDBD_4_KR_TATATA40NGCT.fastq.gz	signal	408690	16.3 Mbp	16300000	0	40	46	PASS	PASS	PASS	PASS	WARN	PASS	PASS	PASS	PASS	PASS	PASS
EVX1_eDBD_2_KO_TGCTGG40NGCC	/scratch/project_2013895/SELEX/data/Yin2017/submitted_ftp/EVX1_eDBD_2_KO_TGCTGG40NGCC.fastq.gz	signal	462984	18.5 Mbp	18500000	0	40	47	PASS	PASS	PASS	PASS	FAIL	PASS	PASS	PASS	PASS	PASS	PASS
EVX2_eDBD_2_KP_TTGCAA40NGTG	/scratch/project_2013895/SELEX/data/Yin2017/submitted_ftp/EVX2_eDBD_2_KP_TTGCAA40NGTG.fastq.gz	signal	459202	18.3 Mbp	18300000	0	40	44	PASS	PASS	FAIL	PASS	FAIL	PASS	PASS	PASS	PASS	PASS	PASS
DRGX_eDBD_2_KO_TACTAC40NGCC	/scratch/project_2013895/SELEX/data/Yin2017/submitted_ftp/DRGX_eDBD_2_KO_TACTAC40NGCC.fastq.gz	signal	392317	15.6 Mbp	15600000	0	40	40	PASS	PASS	PASS	PASS	WARN	PASS	PASS	PASS	PASS	PASS	PASS
ARX_eDBD_2_KO_TAGCGC40NCGC	/scratch/project_2013895/SELEX/data/Yin2017/submitted_ftp/ARX_eDBD_2_KO_TAGCGC40NCGC.fastq.gz	signal	523866	20.9 Mbp	20900000	0	40	36	PASS	PASS	PASS	PASS	FAIL	PASS	PASS	PASS	PASS	PASS	PASS
ALX3_eDBD_3_KO_TGCTCC40NCCG	/scratch/project_2013895/SELEX/data/Yin2017/submitted_ftp/ALX3_eDBD_3_KO_TGCTCC40NCCG.fastq.gz	signal	488039	19.5 Mbp	19500000	0	40	38	PASS	PASS	PASS	PASS	FAIL	PASS	PASS	PASS	PASS	PASS	PASS
ALX3_FL_3_KV_TAGCTG40NCTA	/scratch/project_2013895/SELEX/data/Yin2017/submitted_ftp/ALX3_FL_3_KV_TAGCTG40NCTA.fastq.gz	signal	332817	13.3 Mbp	13300000	0	40	44	PASS	PASS	PASS	PASS	WARN	PASS	PASS	PASS	PASS	PASS	PASS
ALX4_eDBD_3_KW_TCTATT40NCAT	/scratch/project_2013895/SELEX/data/Yin2017/submitted_ftp/ALX4_eDBD_3_KW_TCTATT40NCAT.fastq.gz	signal	444283	17.7 Mbp	17700000	0	40	44	PASS	PASS	PASS	PASS	FAIL	PASS	PASS	PASS	PASS	PASS	PASS
ALX1_FL_3_KX_TACCAA40NTTA	/scratch/project_2013895/SELEX/data/Yin2017/submitted_ftp/ALX1_FL_3_KX_TACCAA40NTTA.fastq.gz	signal	206505	8.2 Mbp	8199999.999999999	0	40	43	PASS	PASS	PASS	PASS	FAIL	PASS	PASS	PASS	FAIL	PASS	PASS
PRRX2_eDBD_2_KR_TTGCTT40NCCA	/scratch/project_2013895/SELEX/data/Yin2017/submitted_ftp/PRRX2_eDBD_2_KR_TTGCTT40NCCA.fastq.gz	signal	338228	13.5 Mbp	13500000	0	40	47	PASS	PASS	PASS	PASS	WARN	PASS	PASS	PASS	PASS	PASS	PASS
PRRX2_FL_2_KV_TGCCAA40NTAG	/scratch/project_2013895/SELEX/data/Yin2017/submitted_ftp/PRRX2_FL_2_KV_TGCCAA40NTAG.fastq.gz	signal	351684	14 Mbp	14000000	0	40	46	PASS	PASS	PASS	PASS	FAIL	PASS	PASS	PASS	PASS	PASS	PASS
PHOX2A_eDBD_3_KR_TTCGGG40NGAG	/scratch/project_2013895/SELEX/data/Yin2017/submitted_ftp/PHOX2A_eDBD_3_KR_TTCGGG40NGAG.fastq.gz	signal	174801	6.9 Mbp	6900000	0	40	44	PASS	PASS	PASS	PASS	FAIL	PASS	PASS	PASS	PASS	PASS	PASS
PHOX2B_eDBD_4_KR_TTGATG40NATC	/scratch/project_2013895/SELEX/data/Yin2017/submitted_ftp/PHOX2B_eDBD_4_KR_TTGATG40NATC.fastq.gz	signal	289971	11.5 Mbp	11500000	0	40	45	PASS	PASS	PASS	PASS	FAIL	PASS	PASS	PASS	PASS	WARN	PASS
PHOX2B_FL_2_KV_TCACAT40NATG	/scratch/project_2013895/SELEX/data/Yin2017/submitted_ftp/PHOX2B_FL_2_KV_TCACAT40NATG.fastq.gz	signal	275172	11 Mbp	11000000	0	40	44	PASS	PASS	PASS	PASS	WARN	WARN	PASS	PASS	PASS	PASS	PASS
OTX2_FL_3_KX_TCTTAT40NACA	/scratch/project_2013895/SELEX/data/Yin2017/submitted_ftp/OTX2_FL_3_KX_TCTTAT40NACA.fastq.gz	signal	260278	10.4 Mbp	10400000	0	40	47	PASS	PASS	PASS	PASS	FAIL	PASS	PASS	PASS	PASS	PASS	PASS
OTX1_eDBD_4_KR_TAGATG40NTAT	/scratch/project_2013895/SELEX/data/Yin2017/submitted_ftp/OTX1_eDBD_4_KR_TAGATG40NTAT.fastq.gz	signal	374845	14.9 Mbp	14900000	0	40	48	PASS	PASS	PASS	PASS	FAIL	PASS	PASS	PASS	PASS	PASS	PASS
OTX1_FL_2_KX_TGGACT40NAAT	/scratch/project_2013895/SELEX/data/Yin2017/submitted_ftp/OTX1_FL_2_KX_TGGACT40NAAT.fastq.gz	signal	158049	6.3 Mbp	6300000	0	40	48	PASS	PASS	WARN	PASS	FAIL	PASS	PASS	PASS	PASS	PASS	PASS
CRX_FL_4_KX_TATATA40NGCT	/scratch/project_2013895/SELEX/data/Yin2017/submitted_ftp/CRX_FL_4_KX_TATATA40NGCT.fastq.gz	signal	279043	11.1 Mbp	11100000	0	40	49	PASS	PASS	WARN	PASS	FAIL	PASS	PASS	PASS	PASS	PASS	PASS
SHOX_eDBD_2_KT_TTTAGC40NGAC	/scratch/project_2013895/SELEX/data/Yin2017/submitted_ftp/SHOX_eDBD_2_KT_TTTAGC40NGAC.fastq.gz	signal	440456	17.6 Mbp	17600000	0	40	36	PASS	PASS	PASS	PASS	WARN	WARN	PASS	PASS	PASS	PASS	PASS
PITX3_eDBD_2_KR_TCACAT40NATG	/scratch/project_2013895/SELEX/data/Yin2017/submitted_ftp/PITX3_eDBD_2_KR_TCACAT40NATG.fastq.gz	signal	273844	10.9 Mbp	10900000	0	40	50	PASS	PASS	PASS	PASS	WARN	PASS	PASS	PASS	PASS	PASS	PASS
PITX2_eDBD_3_KT_TAGACC40NAGT	/scratch/project_2013895/SELEX/data/Yin2017/submitted_ftp/PITX2_eDBD_3_KT_TAGACC40NAGT.fastq.gz	signal	103049	4.1 Mbp	4099999.9999999995	0	40	50	PASS	PASS	FAIL	PASS	FAIL	PASS	PASS	PASS	PASS	PASS	PASS
PITX2_FL_3_KX_TAGCGC40NCGC	/scratch/project_2013895/SELEX/data/Yin2017/submitted_ftp/PITX2_FL_3_KX_TAGCGC40NCGC.fastq.gz	signal	262461	10.4 Mbp	10400000	0	40	46	PASS	PASS	PASS	PASS	WARN	PASS	PASS	PASS	PASS	PASS	PASS
PITX1_eDBD_4_KO_TAGTGC40NATG	/scratch/project_2013895/SELEX/data/Yin2017/submitted_ftp/PITX1_eDBD_4_KO_TAGTGC40NATG.fastq.gz	signal	213409	8.5 Mbp	8500000	0	40	50	PASS	PASS	PASS	PASS	WARN	PASS	PASS	PASS	PASS	PASS	PASS
PITX1_FL_4_KX_TTATTT40NCGT	/scratch/project_2013895/SELEX/data/Yin2017/submitted_ftp/PITX1_FL_4_KX_TTATTT40NCGT.fastq.gz	signal	276714	11 Mbp	11000000	0	40	49	PASS	PASS	WARN	PASS	WARN	PASS	PASS	PASS	PASS	WARN	PASS
DMBX1_eDBD_3_KT_TCCTCA40NAAC	/scratch/project_2013895/SELEX/data/Yin2017/submitted_ftp/DMBX1_eDBD_3_KT_TCCTCA40NAAC.fastq.gz	signal	243996	9.7 Mbp	9700000	0	40	51	PASS	PASS	FAIL	PASS	WARN	PASS	PASS	PASS	PASS	PASS	PASS
GSC_eDBD_2_KR_TCCGAG40NTGG	/scratch/project_2013895/SELEX/data/Yin2017/submitted_ftp/GSC_eDBD_2_KR_TCCGAG40NTGG.fastq.gz	signal	378910	15.1 Mbp	15100000	0	40	46	PASS	PASS	PASS	PASS	WARN	PASS	PASS	PASS	PASS	PASS	PASS
GSC_FL_3_KV_TGACAA40NACT	/scratch/project_2013895/SELEX/data/Yin2017/submitted_ftp/GSC_FL_3_KV_TGACAA40NACT.fastq.gz	signal	294974	11.7 Mbp	11700000	0	40	46	PASS	PASS	PASS	PASS	WARN	PASS	PASS	PASS	PASS	PASS	PASS
GSC2_eDBD_3_KO_TTGTGG40NCGG	/scratch/project_2013895/SELEX/data/Yin2017/submitted_ftp/GSC2_eDBD_3_KO_TTGTGG40NCGG.fastq.gz	signal	350990	14 Mbp	14000000	0	40	45	PASS	PASS	PASS	PASS	FAIL	PASS	PASS	PASS	PASS	PASS	PASS
PROP1_eDBD_2_KT_TTTGTA40NTCC	/scratch/project_2013895/SELEX/data/Yin2017/submitted_ftp/PROP1_eDBD_2_KT_TTTGTA40NTCC.fastq.gz	signal	403886	16.1 Mbp	16100000.000000002	0	40	38	PASS	PASS	PASS	PASS	FAIL	PASS	PASS	PASS	PASS	PASS	PASS
PROP1_FL_3_KV_TTGATG40NATC	/scratch/project_2013895/SELEX/data/Yin2017/submitted_ftp/PROP1_FL_3_KV_TTGATG40NATC.fastq.gz	signal	330428	13.2 Mbp	13200000	0	40	41	PASS	PASS	PASS	PASS	WARN	PASS	PASS	PASS	PASS	PASS	PASS
MIXL1_FL_3_KW_TTAAGT40NCCT	/scratch/project_2013895/SELEX/data/Yin2017/submitted_ftp/MIXL1_FL_3_KW_TTAAGT40NCCT.fastq.gz	signal	292270	11.6 Mbp	11600000	0	40	43	PASS	PASS	PASS	PASS	FAIL	PASS	PASS	PASS	PASS	PASS	PASS
VSX2_eDBD_3_KO_TTTGTT40NTAT	/scratch/project_2013895/SELEX/data/Yin2017/submitted_ftp/VSX2_eDBD_3_KO_TTTGTT40NTAT.fastq.gz	signal	496130	19.8 Mbp	19800000	0	40	44	PASS	PASS	PASS	PASS	FAIL	PASS	PASS	PASS	PASS	PASS	PASS
VSX2_FL_2_KAE_TTCGCT40NCTT	/scratch/project_2013895/SELEX/data/Yin2017/submitted_ftp/VSX2_FL_2_KAE_TTCGCT40NCTT.fastq.gz	signal	174954	6.9 Mbp	6900000	0	40	47	PASS	PASS	PASS	PASS	FAIL	PASS	PASS	PASS	PASS	PASS	PASS
VSX1_eDBD_2_KO_TATATG40NCTA	/scratch/project_2013895/SELEX/data/Yin2017/submitted_ftp/VSX1_eDBD_2_KO_TATATG40NCTA.fastq.gz	signal	425283	17 Mbp	17000000	0	40	44	PASS	PASS	PASS	PASS	WARN	PASS	PASS	PASS	PASS	PASS	PASS
VSX1_FL_2_KAE_TTAGGA40NTCT	/scratch/project_2013895/SELEX/data/Yin2017/submitted_ftp/VSX1_FL_2_KAE_TTAGGA40NTCT.fastq.gz	signal	220893	8.8 Mbp	8800000	0	40	42	PASS	PASS	PASS	PASS	WARN	PASS	PASS	PASS	PASS	PASS	PASS
RAX_eDBD_2_KO_TTGCTC40NGAA	/scratch/project_2013895/SELEX/data/Yin2017/submitted_ftp/RAX_eDBD_2_KO_TTGCTC40NGAA.fastq.gz	signal	266202	10.6 Mbp	10600000	0	40	39	PASS	PASS	PASS	PASS	WARN	PASS	PASS	PASS	PASS	PASS	PASS
ISX_eDBD_2_KO_TCGGCT40NTAA	/scratch/project_2013895/SELEX/data/Yin2017/submitted_ftp/ISX_eDBD_2_KO_TCGGCT40NTAA.fastq.gz	signal	308226	12.3 Mbp	12300000	0	40	40	PASS	PASS	PASS	PASS	FAIL	PASS	PASS	PASS	PASS	PASS	PASS
ISX_FL_4_KW_TTCAAG40NGCC	/scratch/project_2013895/SELEX/data/Yin2017/submitted_ftp/ISX_FL_4_KW_TTCAAG40NGCC.fastq.gz	signal	290475	11.6 Mbp	11600000	0	40	38	PASS	PASS	PASS	PASS	WARN	PASS	PASS	PASS	PASS	PASS	PASS
DUXA_eDBD_3_KP_TGTGAT40NGCA	/scratch/project_2013895/SELEX/data/Yin2017/submitted_ftp/DUXA_eDBD_3_KP_TGTGAT40NGCA.fastq.gz	signal	240713	9.6 Mbp	9600000	0	40	48	PASS	PASS	WARN	PASS	FAIL	PASS	PASS	PASS	PASS	PASS	PASS
RHOXF2_FL_3_KW_TCTACG40NCTC	/scratch/project_2013895/SELEX/data/Yin2017/submitted_ftp/RHOXF2_FL_3_KW_TCTACG40NCTC.fastq.gz	signal	322913	12.9 Mbp	12900000	0	40	48	PASS	PASS	PASS	PASS	WARN	PASS	PASS	PASS	PASS	PASS	PASS
RHOXF1_FL_2_KZ_TGAGAG40NCGC	/scratch/project_2013895/SELEX/data/Yin2017/submitted_ftp/RHOXF1_FL_2_KZ_TGAGAG40NCGC.fastq.gz	signal	208687	8.3 Mbp	8300000.000000001	0	40	53	PASS	PASS	FAIL	PASS	FAIL	PASS	WARN	PASS	PASS	PASS	PASS
ESX1_eDBD_3_KT_TGGTAT40NTGA	/scratch/project_2013895/SELEX/data/Yin2017/submitted_ftp/ESX1_eDBD_3_KT_TGGTAT40NTGA.fastq.gz	signal	372868	14.9 Mbp	14900000	0	40	44	PASS	PASS	FAIL	PASS	FAIL	PASS	PASS	PASS	PASS	PASS	PASS
ESX1_FL_2_KAE_TACCAG40NCTA	/scratch/project_2013895/SELEX/data/Yin2017/submitted_ftp/ESX1_FL_2_KAE_TACCAG40NCTA.fastq.gz	signal	213475	8.5 Mbp	8500000	0	40	44	PASS	PASS	PASS	PASS	WARN	PASS	PASS	PASS	PASS	PASS	PASS
HESX1_FL_2_KW_TCGCTA40NTCG	/scratch/project_2013895/SELEX/data/Yin2017/submitted_ftp/HESX1_FL_2_KW_TCGCTA40NTCG.fastq.gz	signal	140546	5.6 Mbp	5600000	0	40	53	PASS	PASS	FAIL	PASS	FAIL	PASS	PASS	PASS	PASS	PASS	PASS
ARGFX_eDBD_3_KO_TGGTTA40NTAC	/scratch/project_2013895/SELEX/data/Yin2017/submitted_ftp/ARGFX_eDBD_3_KO_TGGTTA40NTAC.fastq.gz	signal	131793	5.2 Mbp	5200000	0	40	46	PASS	PASS	PASS	PASS	FAIL	PASS	PASS	PASS	WARN	PASS	PASS
LHX9_eDBD_3_KP_TTAGCA40NGGT	/scratch/project_2013895/SELEX/data/Yin2017/submitted_ftp/LHX9_eDBD_3_KP_TTAGCA40NGGT.fastq.gz	signal	168570	6.7 Mbp	6700000	0	40	45	PASS	PASS	WARN	PASS	WARN	PASS	PASS	PASS	PASS	PASS	PASS
LHX9_FL_3_KW_TTTGGT40NCTT	/scratch/project_2013895/SELEX/data/Yin2017/submitted_ftp/LHX9_FL_3_KW_TTTGGT40NCTT.fastq.gz	signal	243968	9.7 Mbp	9700000	0	40	47	PASS	PASS	PASS	PASS	FAIL	PASS	PASS	PASS	PASS	PASS	PASS
LHX6_FL_4_KAE_TGTCAA40NCGA	/scratch/project_2013895/SELEX/data/Yin2017/submitted_ftp/LHX6_FL_4_KAE_TGTCAA40NCGA.fastq.gz	signal	277903	11.1 Mbp	11100000	0	40	39	PASS	PASS	PASS	PASS	FAIL	PASS	PASS	PASS	PASS	PASS	PASS
LHX8_FL_3_KW_TAGCTG40NCTA	/scratch/project_2013895/SELEX/data/Yin2017/submitted_ftp/LHX8_FL_3_KW_TAGCTG40NCTA.fastq.gz	signal	375676	15 Mbp	15000000	0	40	39	PASS	PASS	PASS	PASS	FAIL	PASS	PASS	PASS	PASS	PASS	PASS
LMX1B_eDBD_2_KO_TTGGCC40NTCG	/scratch/project_2013895/SELEX/data/Yin2017/submitted_ftp/LMX1B_eDBD_2_KO_TTGGCC40NTCG.fastq.gz	signal	227207	9 Mbp	9000000	0	40	40	PASS	PASS	PASS	PASS	PASS	PASS	PASS	PASS	PASS	PASS	PASS
LMX1B_FL_3_KW_TGCAGT40NAAG	/scratch/project_2013895/SELEX/data/Yin2017/submitted_ftp/LMX1B_FL_3_KW_TGCAGT40NAAG.fastq.gz	signal	272505	10.9 Mbp	10900000	0	40	42	PASS	PASS	PASS	PASS	WARN	WARN	PASS	PASS	PASS	WARN	PASS
LMX1A_eDBD_4_KO_TACTTA40NCTA	/scratch/project_2013895/SELEX/data/Yin2017/submitted_ftp/LMX1A_eDBD_4_KO_TACTTA40NCTA.fastq.gz	signal	217873	8.7 Mbp	8700000	0	40	46	PASS	PASS	PASS	PASS	FAIL	PASS	PASS	PASS	PASS	PASS	PASS
LHX1_eDBD_4_KO_TTTGAG40NATT	/scratch/project_2013895/SELEX/data/Yin2017/submitted_ftp/LHX1_eDBD_4_KO_TTTGAG40NATT.fastq.gz	signal	261400	10.4 Mbp	10400000	0	40	49	PASS	PASS	PASS	PASS	FAIL	PASS	PASS	PASS	PASS	PASS	PASS
LHX5_FL_3_KW_TTCTTG40NTGC	/scratch/project_2013895/SELEX/data/Yin2017/submitted_ftp/LHX5_FL_3_KW_TTCTTG40NTGC.fastq.gz	signal	319183	12.7 Mbp	12700000	0	40	44	PASS	PASS	PASS	PASS	FAIL	WARN	PASS	PASS	PASS	PASS	PASS
LHX4_eDBD_3_KT_TACGGG40NCTT	/scratch/project_2013895/SELEX/data/Yin2017/submitted_ftp/LHX4_eDBD_3_KT_TACGGG40NCTT.fastq.gz	signal	234167	9.3 Mbp	9300000	0	40	46	PASS	PASS	FAIL	PASS	WARN	PASS	PASS	PASS	PASS	PASS	PASS
LHX4_FL_3_KX_TGTAGC40NCCT	/scratch/project_2013895/SELEX/data/Yin2017/submitted_ftp/LHX4_FL_3_KX_TGTAGC40NCCT.fastq.gz	signal	280551	11.2 Mbp	11200000	0	40	48	PASS	PASS	PASS	PASS	WARN	WARN	PASS	PASS	PASS	PASS	PASS
ISL1_eDBD_4_KR_TGCACG40NTTG	/scratch/project_2013895/SELEX/data/Yin2017/submitted_ftp/ISL1_eDBD_4_KR_TGCACG40NTTG.fastq.gz	signal	429876	17.1 Mbp	17100000	0	40	46	PASS	PASS	PASS	PASS	FAIL	PASS	PASS	PASS	PASS	PASS	PASS
ISL1_FL_4_KX_TTCTGT40NAAC	/scratch/project_2013895/SELEX/data/Yin2017/submitted_ftp/ISL1_FL_4_KX_TTCTGT40NAAC.fastq.gz	signal	399475	15.9 Mbp	15900000	0	40	47	PASS	PASS	WARN	PASS	WARN	PASS	PASS	PASS	PASS	PASS	PASS
ISL2_eDBD_3_KO_TCCGGG40NCTC	/scratch/project_2013895/SELEX/data/Yin2017/submitted_ftp/ISL2_eDBD_3_KO_TCCGGG40NCTC.fastq.gz	signal	327738	13.1 Mbp	13100000	0	40	48	PASS	PASS	PASS	PASS	FAIL	PASS	PASS	PASS	PASS	PASS	PASS
DPRX_eDBD_2_KO_TTTCAT40NGCA	/scratch/project_2013895/SELEX/data/Yin2017/submitted_ftp/DPRX_eDBD_2_KO_TTTCAT40NGCA.fastq.gz	signal	285701	11.4 Mbp	11400000	0	40	49	PASS	PASS	PASS	PASS	WARN	PASS	PASS	PASS	PASS	PASS	PASS
IRX1_eDBD_4_KO_TGACAA40NACT	/scratch/project_2013895/SELEX/data/Yin2017/submitted_ftp/IRX1_eDBD_4_KO_TGACAA40NACT.fastq.gz	signal	169711	6.7 Mbp	6700000	0	40	51	PASS	PASS	PASS	PASS	FAIL	PASS	PASS	PASS	PASS	PASS	PASS
IRX3_eDBD_4_KP_TGGCCT40NTAT	/scratch/project_2013895/SELEX/data/Yin2017/submitted_ftp/IRX3_eDBD_4_KP_TGGCCT40NTAT.fastq.gz	signal	273398	10.9 Mbp	10900000	0	40	43	PASS	PASS	FAIL	PASS	WARN	WARN	PASS	PASS	FAIL	WARN	PASS
IRX5_eDBD_4_KW_TACGGG40NCTT	/scratch/project_2013895/SELEX/data/Yin2017/submitted_ftp/IRX5_eDBD_4_KW_TACGGG40NCTT.fastq.gz	signal	294617	11.7 Mbp	11700000	0	40	46	PASS	PASS	WARN	PASS	WARN	PASS	PASS	PASS	PASS	PASS	PASS
SIX4_eDBD_4_KR_TGTAGC40NCCT	/scratch/project_2013895/SELEX/data/Yin2017/submitted_ftp/SIX4_eDBD_4_KR_TGTAGC40NCCT.fastq.gz	signal	350755	14 Mbp	14000000	0	40	54	PASS	PASS	PASS	PASS	FAIL	PASS	PASS	PASS	PASS	PASS	PASS
SIX1_eDBD_4_KQ_TGGGCT40NGTT	/scratch/project_2013895/SELEX/data/Yin2017/submitted_ftp/SIX1_eDBD_4_KQ_TGGGCT40NGTT.fastq.gz	signal	429362	17.1 Mbp	17100000	0	40	48	PASS	PASS	PASS	PASS	FAIL	PASS	PASS	PASS	PASS	PASS	PASS
SIX1_FL_4_KX_TATTTC40NGCA	/scratch/project_2013895/SELEX/data/Yin2017/submitted_ftp/SIX1_FL_4_KX_TATTTC40NGCA.fastq.gz	signal	327445	13 Mbp	13000000	0	40	50	PASS	PASS	WARN	PASS	FAIL	PASS	PASS	PASS	PASS	PASS	PASS
SIX2_eDBD_4_KV_TTACTA40NAGG	/scratch/project_2013895/SELEX/data/Yin2017/submitted_ftp/SIX2_eDBD_4_KV_TTACTA40NAGG.fastq.gz	signal	422918	16.9 Mbp	16900000	0	40	53	PASS	PASS	PASS	PASS	WARN	PASS	PASS	PASS	PASS	PASS	PASS
SIX2_FL_4_KX_TAAATT40NCTG	/scratch/project_2013895/SELEX/data/Yin2017/submitted_ftp/SIX2_FL_4_KX_TAAATT40NCTG.fastq.gz	signal	230686	9.2 Mbp	9200000	0	40	53	PASS	PASS	WARN	PASS	FAIL	PASS	PASS	PASS	PASS	PASS	PASS
SIX3_eDBD_4_KO_TTTCTA40NCAT	/scratch/project_2013895/SELEX/data/Yin2017/submitted_ftp/SIX3_eDBD_4_KO_TTTCTA40NCAT.fastq.gz	signal	275022	11 Mbp	11000000	0	40	52	PASS	PASS	PASS	PASS	WARN	PASS	PASS	PASS	PASS	PASS	PASS
SIX6_eDBD_4_KO_TACATC40NATA	/scratch/project_2013895/SELEX/data/Yin2017/submitted_ftp/SIX6_eDBD_4_KO_TACATC40NATA.fastq.gz	signal	227072	9 Mbp	9000000	0	40	53	PASS	PASS	PASS	PASS	WARN	PASS	PASS	PASS	PASS	PASS	PASS
PBX1_eDBD_3_KR_TAAGTC40NCGT	/scratch/project_2013895/SELEX/data/Yin2017/submitted_ftp/PBX1_eDBD_3_KR_TAAGTC40NCGT.fastq.gz	signal	162429	6.4 Mbp	6400000	0	40	52	PASS	PASS	PASS	PASS	WARN	PASS	PASS	PASS	PASS	PASS	PASS
PBX1_FL_4_KW_TCGGTG40NCAA	/scratch/project_2013895/SELEX/data/Yin2017/submitted_ftp/PBX1_FL_4_KW_TCGGTG40NCAA.fastq.gz	signal	327134	13 Mbp	13000000	0	40	53	PASS	PASS	WARN	PASS	WARN	PASS	PASS	PASS	PASS	PASS	PASS
HMBOX1_eDBD_4_KT_TTAGCT40NCCT	/scratch/project_2013895/SELEX/data/Yin2017/submitted_ftp/HMBOX1_eDBD_4_KT_TTAGCT40NCCT.fastq.gz	signal	237634	9.5 Mbp	9500000	0	40	44	PASS	PASS	WARN	PASS	FAIL	PASS	PASS	PASS	PASS	PASS	PASS
NPAS2_eDBD_3_KS_TGCTTT40NAGA	/scratch/project_2013895/SELEX/data/Yin2017/submitted_ftp/NPAS2_eDBD_3_KS_TGCTTT40NAGA.fastq.gz	signal	376318	15 Mbp	15000000	0	40	56	PASS	PASS	PASS	PASS	WARN	PASS	PASS	PASS	WARN	PASS	PASS
CLOCK_eDBD_2_KN_TTGAAT40NTAC	/scratch/project_2013895/SELEX/data/Yin2017/submitted_ftp/CLOCK_eDBD_2_KN_TTGAAT40NTAC.fastq.gz	signal	185522	7.4 Mbp	7400000	0	40	57	PASS	PASS	FAIL	PASS	FAIL	PASS	PASS	PASS	PASS	PASS	PASS
ARNTL_eDBD_2_KV_TCTCCG40NCGC	/scratch/project_2013895/SELEX/data/Yin2017/submitted_ftp/ARNTL_eDBD_2_KV_TCTCCG40NCGC.fastq.gz	signal	538142	21.5 Mbp	21500000	0	40	56	PASS	PASS	PASS	PASS	FAIL	PASS	PASS	PASS	PASS	PASS	PASS
ARNT2_eDBD_2_KT_TCTGTC40NCAA	/scratch/project_2013895/SELEX/data/Yin2017/submitted_ftp/ARNT2_eDBD_2_KT_TCTGTC40NCAA.fastq.gz	signal	308109	12.3 Mbp	12300000	0	40	55	PASS	PASS	PASS	PASS	FAIL	PASS	PASS	PASS	WARN	PASS	PASS
HEY2_eDBD_4_KR_TCGAGG40NGTT	/scratch/project_2013895/SELEX/data/Yin2017/submitted_ftp/HEY2_eDBD_4_KR_TCGAGG40NGTT.fastq.gz	signal	378978	15.1 Mbp	15100000	0	40	56	PASS	PASS	PASS	PASS	FAIL	PASS	PASS	PASS	PASS	PASS	PASS
HEY2_FL_4_KX_TGCCAA40NTAG	/scratch/project_2013895/SELEX/data/Yin2017/submitted_ftp/HEY2_FL_4_KX_TGCCAA40NTAG.fastq.gz	signal	350106	14 Mbp	14000000	0	40	56	PASS	PASS	WARN	PASS	WARN	PASS	PASS	PASS	PASS	PASS	PASS
HEY1_eDBD_4_KQ_TTGACT40NAGT	/scratch/project_2013895/SELEX/data/Yin2017/submitted_ftp/HEY1_eDBD_4_KQ_TTGACT40NAGT.fastq.gz	signal	343230	13.7 Mbp	13700000	0	40	53	PASS	PASS	PASS	PASS	WARN	PASS	PASS	PASS	PASS	PASS	PASS
HEY1_FL_3_KX_TTGCTT40NCCA	/scratch/project_2013895/SELEX/data/Yin2017/submitted_ftp/HEY1_FL_3_KX_TTGCTT40NCCA.fastq.gz	signal	172297	6.8 Mbp	6800000	0	40	56	PASS	PASS	PASS	PASS	WARN	PASS	PASS	PASS	PASS	PASS	PASS
HES1_eDBD_2_KV_TGCTCT40NTTA	/scratch/project_2013895/SELEX/data/Yin2017/submitted_ftp/HES1_eDBD_2_KV_TGCTCT40NTTA.fastq.gz	signal	267185	10.6 Mbp	10600000	0	40	61	PASS	PASS	PASS	PASS	FAIL	PASS	PASS	PASS	PASS	PASS	PASS
HES2_eDBD_2_KO_TCTTGG40NTTA	/scratch/project_2013895/SELEX/data/Yin2017/submitted_ftp/HES2_eDBD_2_KO_TCTTGG40NTTA.fastq.gz	signal	307940	12.3 Mbp	12300000	0	40	59	PASS	PASS	PASS	PASS	FAIL	PASS	PASS	PASS	PASS	PASS	PASS
HES6_FL_3_KAE_TAAGGA40NCCG	/scratch/project_2013895/SELEX/data/Yin2017/submitted_ftp/HES6_FL_3_KAE_TAAGGA40NCCG.fastq.gz	signal	181738	7.2 Mbp	7200000	0	40	55	PASS	PASS	PASS	PASS	FAIL	PASS	PASS	PASS	PASS	PASS	PASS
HES7_eDBD_3_KO_TGAAGC40NCTA	/scratch/project_2013895/SELEX/data/Yin2017/submitted_ftp/HES7_eDBD_3_KO_TGAAGC40NCTA.fastq.gz	signal	205844	8.2 Mbp	8199999.999999999	0	40	62	PASS	PASS	PASS	PASS	FAIL	PASS	PASS	PASS	PASS	PASS	PASS
HES5_eDBD_2_KO_TGGCTA40NTCC	/scratch/project_2013895/SELEX/data/Yin2017/submitted_ftp/HES5_eDBD_2_KO_TGGCTA40NTCC.fastq.gz	signal	327157	13 Mbp	13000000	0	40	58	PASS	PASS	PASS	PASS	FAIL	PASS	PASS	PASS	PASS	PASS	PASS
BHLHE41_eDBD_2_KV_TGGCGT40NCCT	/scratch/project_2013895/SELEX/data/Yin2017/submitted_ftp/BHLHE41_eDBD_2_KV_TGGCGT40NCCT.fastq.gz	signal	507812	20.3 Mbp	20300000	0	40	54	PASS	PASS	PASS	PASS	FAIL	PASS	PASS	PASS	PASS	PASS	PASS
BHLHE40_eDBD_2_KR_TGCTGG40NGCC	/scratch/project_2013895/SELEX/data/Yin2017/submitted_ftp/BHLHE40_eDBD_2_KR_TGCTGG40NGCC.fastq.gz	signal	293807	11.7 Mbp	11700000	0	40	55	PASS	PASS	PASS	PASS	FAIL	PASS	PASS	PASS	PASS	PASS	PASS
SOHLH2_eDBD_3_KO_TCCACC40NTTA	/scratch/project_2013895/SELEX/data/Yin2017/submitted_ftp/SOHLH2_eDBD_3_KO_TCCACC40NTTA.fastq.gz	signal	334047	13.3 Mbp	13300000	0	40	55	PASS	PASS	PASS	PASS	WARN	PASS	PASS	PASS	PASS	PASS	PASS
SREBF1_eDBD_4_KT_TCTCCT40NCCT	/scratch/project_2013895/SELEX/data/Yin2017/submitted_ftp/SREBF1_eDBD_4_KT_TCTCCT40NCCT.fastq.gz	signal	325367	13 Mbp	13000000	0	40	56	PASS	PASS	WARN	PASS	FAIL	PASS	PASS	PASS	PASS	PASS	PASS
SREBF2_eDBD_3_KN_TTCATT40NTAT	/scratch/project_2013895/SELEX/data/Yin2017/submitted_ftp/SREBF2_eDBD_3_KN_TTCATT40NTAT.fastq.gz	signal	516567	20.6 Mbp	20600000	0	40	57	PASS	PASS	PASS	PASS	FAIL	PASS	PASS	PASS	PASS	PASS	PASS
TFEC_eDBD_3_KS_TCTAGG40NCTG	/scratch/project_2013895/SELEX/data/Yin2017/submitted_ftp/TFEC_eDBD_3_KS_TCTAGG40NCTG.fastq.gz	signal	245317	9.8 Mbp	9800000	0	40	55	PASS	PASS	PASS	PASS	FAIL	PASS	PASS	PASS	PASS	PASS	PASS
TFE3_eDBD_4_KS_TGGTTA40NTAC	/scratch/project_2013895/SELEX/data/Yin2017/submitted_ftp/TFE3_eDBD_4_KS_TGGTTA40NTAC.fastq.gz	signal	378540	15.1 Mbp	15100000	0	40	57	PASS	PASS	PASS	PASS	FAIL	PASS	PASS	PASS	PASS	PASS	PASS
TFEB_eDBD_3_KS_TGGCTA40NTCC	/scratch/project_2013895/SELEX/data/Yin2017/submitted_ftp/TFEB_eDBD_3_KS_TGGCTA40NTCC.fastq.gz	signal	268161	10.7 Mbp	10700000	0	40	56	PASS	PASS	PASS	PASS	WARN	PASS	PASS	PASS	PASS	PASS	PASS
USF1_FL_3_KV_TGCCGA40NGTA	/scratch/project_2013895/SELEX/data/Yin2017/submitted_ftp/USF1_FL_3_KV_TGCCGA40NGTA.fastq.gz	signal	373277	14.9 Mbp	14900000	0	40	56	PASS	PASS	PASS	PASS	FAIL	PASS	PASS	PASS	PASS	PASS	PASS
USF2_eDBD_2_KS_TACTAC40NGCC	/scratch/project_2013895/SELEX/data/Yin2017/submitted_ftp/USF2_eDBD_2_KS_TACTAC40NGCC.fastq.gz	signal	175755	7 Mbp	7000000	0	40	56	PASS	PASS	FAIL	PASS	FAIL	PASS	PASS	PASS	PASS	PASS	PASS
MAX_eDBD_4_KR_TCTAGG40NCTG	/scratch/project_2013895/SELEX/data/Yin2017/submitted_ftp/MAX_eDBD_4_KR_TCTAGG40NCTG.fastq.gz	signal	330576	13.2 Mbp	13200000	0	40	59	PASS	PASS	PASS	PASS	FAIL	PASS	PASS	PASS	PASS	PASS	PASS
MAX_FL_3_KAE_TTCTGG40NTGC	/scratch/project_2013895/SELEX/data/Yin2017/submitted_ftp/MAX_FL_3_KAE_TTCTGG40NTGC.fastq.gz	signal	180071	7.2 Mbp	7200000	0	40	56	PASS	PASS	PASS	PASS	FAIL	PASS	PASS	PASS	PASS	PASS	PASS
ATOH1_eDBD_2_KO_TCAGCA40NCTC	/scratch/project_2013895/SELEX/data/Yin2017/submitted_ftp/ATOH1_eDBD_2_KO_TCAGCA40NCTC.fastq.gz	signal	349953	13.9 Mbp	13900000	0	40	54	PASS	PASS	PASS	PASS	WARN	PASS	PASS	PASS	PASS	PASS	PASS
ATOH7_eDBD_3_KO_TCAAAC40NAAC	/scratch/project_2013895/SELEX/data/Yin2017/submitted_ftp/ATOH7_eDBD_3_KO_TCAAAC40NAAC.fastq.gz	signal	249604	9.9 Mbp	9900000	0	40	56	PASS	PASS	PASS	PASS	WARN	PASS	PASS	PASS	PASS	PASS	PASS
BHLHA15_eDBD_2_KP_TCCCGC40NACA	/scratch/project_2013895/SELEX/data/Yin2017/submitted_ftp/BHLHA15_eDBD_2_KP_TCCCGC40NACA.fastq.gz	signal	292220	11.6 Mbp	11600000	0	40	53	PASS	PASS	FAIL	PASS	WARN	PASS	PASS	PASS	PASS	PASS	PASS
BHLHE22_eDBD_4_KP_TCGGAC40NCCA	/scratch/project_2013895/SELEX/data/Yin2017/submitted_ftp/BHLHE22_eDBD_4_KP_TCGGAC40NCCA.fastq.gz	signal	282923	11.3 Mbp	11300000	0	40	53	PASS	PASS	FAIL	PASS	FAIL	PASS	PASS	PASS	PASS	PASS	PASS
BHLHE23_eDBD_3_KP_TTCACC40NGCT	/scratch/project_2013895/SELEX/data/Yin2017/submitted_ftp/BHLHE23_eDBD_3_KP_TTCACC40NGCT.fastq.gz	signal	183003	7.3 Mbp	7300000	0	40	55	PASS	PASS	FAIL	PASS	WARN	PASS	PASS	PASS	PASS	PASS	PASS
BHLHE23_FL_4_KV_TTGCTC40NGAA	/scratch/project_2013895/SELEX/data/Yin2017/submitted_ftp/BHLHE23_FL_4_KV_TTGCTC40NGAA.fastq.gz	signal	235747	9.4 Mbp	9400000	0	40	57	PASS	PASS	PASS	PASS	FAIL	PASS	PASS	PASS	PASS	PASS	PASS
OLIG2_eDBD_4_KR_TACTAG40NGGA	/scratch/project_2013895/SELEX/data/Yin2017/submitted_ftp/OLIG2_eDBD_4_KR_TACTAG40NGGA.fastq.gz	signal	283360	11.3 Mbp	11300000	0	40	52	PASS	PASS	PASS	PASS	FAIL	PASS	PASS	PASS	PASS	PASS	PASS
OLIG3_eDBD_2_KR_TGGAGT40NTGG	/scratch/project_2013895/SELEX/data/Yin2017/submitted_ftp/OLIG3_eDBD_2_KR_TGGAGT40NTGG.fastq.gz	signal	312083	12.4 Mbp	12400000	0	40	52	PASS	PASS	PASS	PASS	WARN	PASS	PASS	PASS	PASS	PASS	PASS
OLIG3_FL_3_KX_TTCGTC40NCGT	/scratch/project_2013895/SELEX/data/Yin2017/submitted_ftp/OLIG3_FL_3_KX_TTCGTC40NCGT.fastq.gz	signal	174202	6.9 Mbp	6900000	0	40	49	PASS	PASS	PASS	PASS	WARN	PASS	PASS	PASS	PASS	PASS	PASS
NEUROG1_eDBD_2_KR_TACATA40NAGA	/scratch/project_2013895/SELEX/data/Yin2017/submitted_ftp/NEUROG1_eDBD_2_KR_TACATA40NAGA.fastq.gz	signal	339544	13.5 Mbp	13500000	0	40	54	PASS	PASS	PASS	PASS	WARN	PASS	PASS	PASS	PASS	PASS	PASS
NEUROG1_FL_2_KAE_TTGCCA40NGTG	/scratch/project_2013895/SELEX/data/Yin2017/submitted_ftp/NEUROG1_FL_2_KAE_TTGCCA40NGTG.fastq.gz	signal	175591	7 Mbp	7000000	0	40	52	PASS	PASS	PASS	PASS	WARN	PASS	PASS	PASS	PASS	PASS	PASS
NEUROG2_eDBD_3_KO_TTTGTA40NTCC	/scratch/project_2013895/SELEX/data/Yin2017/submitted_ftp/NEUROG2_eDBD_3_KO_TTTGTA40NTCC.fastq.gz	signal	331639	13.2 Mbp	13200000	0	40	50	PASS	PASS	PASS	PASS	FAIL	PASS	PASS	PASS	PASS	PASS	PASS
NEUROG2_FL_3_KV_TATATG40NCTA	/scratch/project_2013895/SELEX/data/Yin2017/submitted_ftp/NEUROG2_FL_3_KV_TATATG40NCTA.fastq.gz	signal	219067	8.7 Mbp	8700000	0	40	54	PASS	PASS	PASS	PASS	WARN	PASS	PASS	PASS	PASS	PASS	PASS
NEUROD1_FL_3_KX_TTGTAC40NGTA	/scratch/project_2013895/SELEX/data/Yin2017/submitted_ftp/NEUROD1_FL_3_KX_TTGTAC40NGTA.fastq.gz	signal	225345	9 Mbp	9000000	0	40	56	PASS	PASS	PASS	PASS	FAIL	PASS	PASS	PASS	PASS	PASS	PASS
NEUROD2_FL_3_KV_TAGCGC40NCGC	/scratch/project_2013895/SELEX/data/Yin2017/submitted_ftp/NEUROD2_FL_3_KV_TAGCGC40NCGC.fastq.gz	signal	251815	10 Mbp	10000000	0	40	53	PASS	PASS	PASS	PASS	FAIL	PASS	PASS	PASS	PASS	PASS	PASS
TCF21_eDBD_4_KR_TAAGGG40NACC	/scratch/project_2013895/SELEX/data/Yin2017/submitted_ftp/TCF21_eDBD_4_KR_TAAGGG40NACC.fastq.gz	signal	357579	14.3 Mbp	14300000	0	40	54	PASS	PASS	PASS	PASS	FAIL	PASS	PASS	PASS	PASS	WARN	PASS
MSC_eDBD_2_KR_TACTTA40NCTA	/scratch/project_2013895/SELEX/data/Yin2017/submitted_ftp/MSC_eDBD_2_KR_TACTTA40NCTA.fastq.gz	signal	353685	14.1 Mbp	14100000	0	40	52	PASS	PASS	PASS	PASS	WARN	PASS	PASS	PASS	PASS	PASS	PASS
MSC_FL_4_KV_TACTTA40NCTA	/scratch/project_2013895/SELEX/data/Yin2017/submitted_ftp/MSC_FL_4_KV_TACTTA40NCTA.fastq.gz	signal	256128	10.2 Mbp	10200000	0	40	54	PASS	PASS	PASS	PASS	WARN	PASS	PASS	PASS	PASS	WARN	PASS
MSGN1_eDBD_2_KO_TTCTTG40NTGC	/scratch/project_2013895/SELEX/data/Yin2017/submitted_ftp/MSGN1_eDBD_2_KO_TTCTTG40NTGC.fastq.gz	signal	365208	14.6 Mbp	14600000	0	40	54	PASS	PASS	PASS	PASS	FAIL	PASS	PASS	PASS	PASS	PASS	PASS
MESP2_eDBD_3_KO_TGAGCT40NGCA	/scratch/project_2013895/SELEX/data/Yin2017/submitted_ftp/MESP2_eDBD_3_KO_TGAGCT40NGCA.fastq.gz	signal	202996	8.1 Mbp	8100000	0	40	52	PASS	PASS	PASS	PASS	WARN	PASS	PASS	PASS	PASS	PASS	PASS
TCF4_eDBD_3_KR_TGTATA40NGGT	/scratch/project_2013895/SELEX/data/Yin2017/submitted_ftp/TCF4_eDBD_3_KR_TGTATA40NGGT.fastq.gz	signal	172498	6.8 Mbp	6800000	0	40	57	PASS	PASS	PASS	PASS	FAIL	PASS	PASS	PASS	PASS	PASS	PASS
TCF12_eDBD_3_KS_TTTGAG40NATT	/scratch/project_2013895/SELEX/data/Yin2017/submitted_ftp/TCF12_eDBD_3_KS_TTTGAG40NATT.fastq.gz	signal	125730	5 Mbp	5000000	0	40	57	PASS	PASS	PASS	PASS	FAIL	PASS	PASS	PASS	PASS	PASS	PASS
PTF1A_eDBD_3_KO_TGCTTT40NAGA	/scratch/project_2013895/SELEX/data/Yin2017/submitted_ftp/PTF1A_eDBD_3_KO_TGCTTT40NAGA.fastq.gz	signal	116596	4.6 Mbp	4600000	0	40	51	PASS	PASS	PASS	PASS	WARN	PASS	PASS	PASS	PASS	WARN	PASS
FERD3L_FL_3_KW_TAAATT40NCTG	/scratch/project_2013895/SELEX/data/Yin2017/submitted_ftp/FERD3L_FL_3_KW_TAAATT40NCTG.fastq.gz	signal	225651	9 Mbp	9000000	0	40	55	PASS	PASS	PASS	PASS	WARN	PASS	PASS	PASS	PASS	PASS	PASS
HAND2_eDBD_3_KP_TGCTCT40NTTA	/scratch/project_2013895/SELEX/data/Yin2017/submitted_ftp/HAND2_eDBD_3_KP_TGCTCT40NTTA.fastq.gz	signal	261037	10.4 Mbp	10400000	0	40	54	PASS	PASS	WARN	PASS	WARN	PASS	PASS	PASS	PASS	WARN	PASS
NHLH1_eDBD_3_KR_TGCAGT40NAAG	/scratch/project_2013895/SELEX/data/Yin2017/submitted_ftp/NHLH1_eDBD_3_KR_TGCAGT40NAAG.fastq.gz	signal	297259	11.8 Mbp	11800000	0	40	56	PASS	PASS	PASS	PASS	WARN	PASS	PASS	PASS	PASS	PASS	PASS
NHLH1_FL_4_KV_TCTCCA40NGGA	/scratch/project_2013895/SELEX/data/Yin2017/submitted_ftp/NHLH1_FL_4_KV_TCTCCA40NGGA.fastq.gz	signal	295402	11.8 Mbp	11800000	0	40	57	PASS	PASS	PASS	PASS	FAIL	PASS	PASS	PASS	PASS	PASS	PASS
NHLH2_FL_4_KW_TTAGTA40NCTC	/scratch/project_2013895/SELEX/data/Yin2017/submitted_ftp/NHLH2_FL_4_KW_TTAGTA40NCTC.fastq.gz	signal	195969	7.8 Mbp	7800000	0	40	60	PASS	PASS	PASS	PASS	FAIL	PASS	PASS	PASS	PASS	PASS	PASS
ASCL1_eDBD_3_KR_TGCGCA40NCAA	/scratch/project_2013895/SELEX/data/Yin2017/submitted_ftp/ASCL1_eDBD_3_KR_TGCGCA40NCAA.fastq.gz	signal	183900	7.3 Mbp	7300000	0	40	54	PASS	PASS	PASS	PASS	WARN	PASS	PASS	PASS	PASS	PASS	PASS
ASCL2_eDBD_3_KO_TAACTC40NGTC	/scratch/project_2013895/SELEX/data/Yin2017/submitted_ftp/ASCL2_eDBD_3_KO_TAACTC40NGTC.fastq.gz	signal	362390	14.4 Mbp	14400000	0	40	55	PASS	PASS	PASS	PASS	FAIL	PASS	PASS	PASS	PASS	PASS	PASS
ASCL2_FL_4_KAE_TTCTCC40NAGA	/scratch/project_2013895/SELEX/data/Yin2017/submitted_ftp/ASCL2_FL_4_KAE_TTCTCC40NAGA.fastq.gz	signal	246945	9.8 Mbp	9800000	0	40	57	PASS	PASS	PASS	PASS	FAIL	PASS	PASS	PASS	PASS	PASS	PASS
MYOD1_eDBD_3_KO_TGTCTG40NAGG	/scratch/project_2013895/SELEX/data/Yin2017/submitted_ftp/MYOD1_eDBD_3_KO_TGTCTG40NAGG.fastq.gz	signal	288389	11.5 Mbp	11500000	0	40	54	PASS	PASS	PASS	PASS	WARN	PASS	PASS	PASS	PASS	PASS	PASS
MYOD1_FL_3_KW_TACTAA40NATT	/scratch/project_2013895/SELEX/data/Yin2017/submitted_ftp/MYOD1_FL_3_KW_TACTAA40NATT.fastq.gz	signal	226785	9 Mbp	9000000	0	40	55	PASS	PASS	PASS	PASS	FAIL	PASS	PASS	PASS	PASS	PASS	PASS
MYOG_eDBD_3_KR_TCGCCG40NTGC	/scratch/project_2013895/SELEX/data/Yin2017/submitted_ftp/MYOG_eDBD_3_KR_TCGCCG40NTGC.fastq.gz	signal	158672	6.3 Mbp	6300000	0	40	53	PASS	PASS	PASS	PASS	WARN	PASS	PASS	PASS	PASS	PASS	PASS
MYOG_FL_2_KV_TACTAA40NATT	/scratch/project_2013895/SELEX/data/Yin2017/submitted_ftp/MYOG_FL_2_KV_TACTAA40NATT.fastq.gz	signal	436083	17.4 Mbp	17400000	0	40	53	PASS	PASS	PASS	PASS	FAIL	PASS	PASS	PASS	PASS	PASS	PASS
MYF6_eDBD_4_KR_TCCCGC40NACA	/scratch/project_2013895/SELEX/data/Yin2017/submitted_ftp/MYF6_eDBD_4_KR_TCCCGC40NACA.fastq.gz	signal	326206	13 Mbp	13000000	0	40	55	PASS	PASS	PASS	PASS	WARN	PASS	PASS	PASS	PASS	PASS	PASS
FIGLA_eDBD_2_KN_TCGGGA40NGCA	/scratch/project_2013895/SELEX/data/Yin2017/submitted_ftp/FIGLA_eDBD_2_KN_TCGGGA40NGCA.fastq.gz	signal	222748	8.9 Mbp	8900000	0	40	58	PASS	PASS	FAIL	PASS	FAIL	PASS	PASS	PASS	PASS	PASS	PASS
MLX_eDBD_2_KS_TCCAAG40NAAC	/scratch/project_2013895/SELEX/data/Yin2017/submitted_ftp/MLX_eDBD_2_KS_TCCAAG40NAAC.fastq.gz	signal	209464	8.3 Mbp	8300000.000000001	0	40	57	PASS	PASS	WARN	PASS	FAIL	PASS	PASS	PASS	PASS	PASS	PASS
MLX_FL_3_KW_TGCCAA40NTAG	/scratch/project_2013895/SELEX/data/Yin2017/submitted_ftp/MLX_FL_3_KW_TGCCAA40NTAG.fastq.gz	signal	352858	14.1 Mbp	14100000	0	40	57	PASS	PASS	PASS	PASS	WARN	PASS	PASS	PASS	PASS	PASS	PASS
TFAP4_eDBD_2_KN_TGATCG40NATC	/scratch/project_2013895/SELEX/data/Yin2017/submitted_ftp/TFAP4_eDBD_2_KN_TGATCG40NATC.fastq.gz	signal	180475	7.2 Mbp	7200000	0	40	56	PASS	PASS	FAIL	PASS	FAIL	PASS	PASS	PASS	PASS	PASS	PASS
TFAP4_FL_3_KX_TTTGAC40NGGT	/scratch/project_2013895/SELEX/data/Yin2017/submitted_ftp/TFAP4_FL_3_KX_TTTGAC40NGGT.fastq.gz	signal	312324	12.4 Mbp	12400000	0	40	54	PASS	PASS	PASS	PASS	FAIL	PASS	PASS	PASS	PASS	PASS	PASS
CREB1_eDBD_4_KR_TTTGAC40NGGT	/scratch/project_2013895/SELEX/data/Yin2017/submitted_ftp/CREB1_eDBD_4_KR_TTTGAC40NGGT.fastq.gz	signal	361364	14.4 Mbp	14400000	0	40	55	PASS	PASS	PASS	PASS	FAIL	PASS	PASS	PASS	PASS	PASS	PASS
CREB1_FL_3_KX_TCCCGC40NACA	/scratch/project_2013895/SELEX/data/Yin2017/submitted_ftp/CREB1_FL_3_KX_TCCCGC40NACA.fastq.gz	signal	248814	9.9 Mbp	9900000	0	40	55	PASS	PASS	PASS	PASS	FAIL	PASS	PASS	PASS	PASS	PASS	PASS
CREM_eDBD_4_KO_TAAGTC40NCGT	/scratch/project_2013895/SELEX/data/Yin2017/submitted_ftp/CREM_eDBD_4_KO_TAAGTC40NCGT.fastq.gz	signal	198251	7.9 Mbp	7900000	0	40	53	PASS	PASS	PASS	PASS	FAIL	PASS	PASS	PASS	PASS	PASS	PASS
ATF6_eDBD_3_KS_TTGGCC40NTCG	/scratch/project_2013895/SELEX/data/Yin2017/submitted_ftp/ATF6_eDBD_3_KS_TTGGCC40NTCG.fastq.gz	signal	240327	9.6 Mbp	9600000	0	40	53	PASS	PASS	PASS	PASS	FAIL	PASS	PASS	PASS	PASS	PASS	PASS
ATF6B_eDBD_3_KP_TTCTGT40NAAC	/scratch/project_2013895/SELEX/data/Yin2017/submitted_ftp/ATF6B_eDBD_3_KP_TTCTGT40NAAC.fastq.gz	signal	249663	9.9 Mbp	9900000	0	40	55	PASS	PASS	FAIL	PASS	FAIL	PASS	PASS	PASS	PASS	PASS	PASS
CREB3L1_eDBD_3_KP_TTGTCC40NTAG	/scratch/project_2013895/SELEX/data/Yin2017/submitted_ftp/CREB3L1_eDBD_3_KP_TTGTCC40NTAG.fastq.gz	signal	233999	9.3 Mbp	9300000	0	40	55	PASS	PASS	FAIL	PASS	FAIL	PASS	PASS	PASS	PASS	PASS	PASS
CREB3L1_FL_4_KX_TCTTTA40NGGA	/scratch/project_2013895/SELEX/data/Yin2017/submitted_ftp/CREB3L1_FL_4_KX_TCTTTA40NGGA.fastq.gz	signal	299582	11.9 Mbp	11900000	0	40	57	PASS	PASS	WARN	PASS	FAIL	PASS	PASS	PASS	PASS	WARN	PASS
CREB3_FL_3_KW_TCACAT40NATG	/scratch/project_2013895/SELEX/data/Yin2017/submitted_ftp/CREB3_FL_3_KW_TCACAT40NATG.fastq.gz	signal	302110	12 Mbp	12000000	0	40	55	PASS	PASS	PASS	PASS	FAIL	PASS	PASS	PASS	PASS	PASS	PASS
CREB3L4_eDBD_3_KO_TATTTC40NGCA	/scratch/project_2013895/SELEX/data/Yin2017/submitted_ftp/CREB3L4_eDBD_3_KO_TATTTC40NGCA.fastq.gz	signal	498653	19.9 Mbp	19900000	0	40	55	PASS	PASS	PASS	PASS	WARN	PASS	PASS	PASS	PASS	PASS	PASS
NFE2_eDBD_2_KR_TTAAAT40NAAT	/scratch/project_2013895/SELEX/data/Yin2017/submitted_ftp/NFE2_eDBD_2_KR_TTAAAT40NAAT.fastq.gz	signal	321455	12.8 Mbp	12800000	0	40	52	PASS	PASS	PASS	PASS	FAIL	PASS	PASS	PASS	PASS	PASS	PASS
BACH2_eDBD_2_KR_TTCGAG40NGCG	/scratch/project_2013895/SELEX/data/Yin2017/submitted_ftp/BACH2_eDBD_2_KR_TTCGAG40NGCG.fastq.gz	signal	386479	15.4 Mbp	15400000	0	40	47	PASS	PASS	PASS	PASS	FAIL	PASS	PASS	PASS	FAIL	PASS	PASS
JUN_FL_3_KAE_TCAGTG40NGAT	/scratch/project_2013895/SELEX/data/Yin2017/submitted_ftp/JUN_FL_3_KAE_TCAGTG40NGAT.fastq.gz	signal	184383	7.3 Mbp	7300000	0	40	51	PASS	PASS	PASS	PASS	FAIL	PASS	PASS	PASS	PASS	PASS	PASS
JUND_eDBD_4_KS_TACCCA40NTGT	/scratch/project_2013895/SELEX/data/Yin2017/submitted_ftp/JUND_eDBD_4_KS_TACCCA40NTGT.fastq.gz	signal	395402	15.8 Mbp	15800000	0	40	55	PASS	PASS	PASS	PASS	FAIL	PASS	PASS	PASS	PASS	PASS	PASS
JUNB_eDBD_4_KS_TTTGTT40NTAT	/scratch/project_2013895/SELEX/data/Yin2017/submitted_ftp/JUNB_eDBD_4_KS_TTTGTT40NTAT.fastq.gz	signal	9236	369.4 kbp	369400	0	40	54	PASS	PASS	PASS	PASS	WARN	PASS	PASS	PASS	PASS	FAIL	PASS
XBP1_FL_4_KV_TACATA40NAGA	/scratch/project_2013895/SELEX/data/Yin2017/submitted_ftp/XBP1_FL_4_KV_TACATA40NAGA.fastq.gz	signal	260060	10.4 Mbp	10400000	0	40	54	PASS	PASS	PASS	PASS	FAIL	PASS	PASS	PASS	PASS	PASS	PASS
FOS_eDBD_3_KR_TGAACT40NAAG	/scratch/project_2013895/SELEX/data/Yin2017/submitted_ftp/FOS_eDBD_3_KR_TGAACT40NAAG.fastq.gz	signal	247726	9.9 Mbp	9900000	0	40	56	PASS	PASS	PASS	PASS	FAIL	PASS	PASS	PASS	PASS	PASS	PASS
FOSB_eDBD_2_KP_TAGAGC40NTAG	/scratch/project_2013895/SELEX/data/Yin2017/submitted_ftp/FOSB_eDBD_2_KP_TAGAGC40NTAG.fastq.gz	signal	319504	12.7 Mbp	12700000	0	40	53	PASS	PASS	FAIL	PASS	PASS	PASS	PASS	PASS	PASS	PASS	PASS
FOSL1_FL_4_KAE_TGACGG40NCTC	/scratch/project_2013895/SELEX/data/Yin2017/submitted_ftp/FOSL1_FL_4_KAE_TGACGG40NCTC.fastq.gz	signal	197286	7.8 Mbp	7800000	0	40	58	PASS	PASS	PASS	PASS	WARN	PASS	PASS	PASS	PASS	PASS	PASS
ATF3_eDBD_3_KS_TGCAGT40NAAG	/scratch/project_2013895/SELEX/data/Yin2017/submitted_ftp/ATF3_eDBD_3_KS_TGCAGT40NAAG.fastq.gz	signal	273578	10.9 Mbp	10900000	0	40	52	PASS	PASS	PASS	PASS	WARN	PASS	PASS	PASS	PASS	PASS	PASS
ATF3_FL_3_KAE_TTCATA40NTCA	/scratch/project_2013895/SELEX/data/Yin2017/submitted_ftp/ATF3_FL_3_KAE_TTCATA40NTCA.fastq.gz	signal	235400	9.4 Mbp	9400000	0	40	50	PASS	PASS	PASS	PASS	FAIL	PASS	PASS	PASS	PASS	PASS	PASS
JDP2_eDBD_3_KT_TATTTC40NGCA	/scratch/project_2013895/SELEX/data/Yin2017/submitted_ftp/JDP2_eDBD_3_KT_TATTTC40NGCA.fastq.gz	signal	310976	12.4 Mbp	12400000	0	40	53	PASS	PASS	FAIL	PASS	FAIL	PASS	PASS	PASS	PASS	PASS	PASS
JDP2_FL_4_KV_TAGATG40NTAT	/scratch/project_2013895/SELEX/data/Yin2017/submitted_ftp/JDP2_FL_4_KV_TAGATG40NTAT.fastq.gz	signal	386759	15.4 Mbp	15400000	0	40	51	PASS	PASS	PASS	PASS	FAIL	PASS	PASS	PASS	PASS	PASS	PASS
BATF_FL_3_KAE_TTACAG40NGTG	/scratch/project_2013895/SELEX/data/Yin2017/submitted_ftp/BATF_FL_3_KAE_TTACAG40NGTG.fastq.gz	signal	196974	7.8 Mbp	7800000	0	40	56	PASS	PASS	PASS	PASS	FAIL	PASS	PASS	PASS	PASS	PASS	PASS
BATF3_eDBD_3_KN_TGCAAA40NGAA	/scratch/project_2013895/SELEX/data/Yin2017/submitted_ftp/BATF3_eDBD_3_KN_TGCAAA40NGAA.fastq.gz	signal	196360	7.8 Mbp	7800000	0	40	59	PASS	PASS	PASS	PASS	FAIL	PASS	PASS	PASS	PASS	PASS	PASS
BATF3_FL_3_KZ_TTAAAT40NAAT	/scratch/project_2013895/SELEX/data/Yin2017/submitted_ftp/BATF3_FL_3_KZ_TTAAAT40NAAT.fastq.gz	signal	346294	13.8 Mbp	13800000	0	40	55	PASS	PASS	FAIL	PASS	FAIL	PASS	PASS	PASS	PASS	PASS	PASS
ATF2_eDBD_4_KP_TGAACC40NCCA	/scratch/project_2013895/SELEX/data/Yin2017/submitted_ftp/ATF2_eDBD_4_KP_TGAACC40NCCA.fastq.gz	signal	257246	10.2 Mbp	10200000	0	40	54	PASS	PASS	FAIL	PASS	WARN	PASS	PASS	PASS	PASS	PASS	PASS
ATF2_FL_4_KZ_TGAGGA40NTTG	/scratch/project_2013895/SELEX/data/Yin2017/submitted_ftp/ATF2_FL_4_KZ_TGAGGA40NTTG.fastq.gz	signal	314508	12.5 Mbp	12500000	0	40	54	PASS	PASS	PASS	PASS	FAIL	PASS	PASS	PASS	PASS	PASS	PASS
ATF7_eDBD_4_KP_TCCAAG40NAAC	/scratch/project_2013895/SELEX/data/Yin2017/submitted_ftp/ATF7_eDBD_4_KP_TCCAAG40NAAC.fastq.gz	signal	260647	10.4 Mbp	10400000	0	40	48	PASS	PASS	FAIL	PASS	WARN	PASS	PASS	PASS	WARN	WARN	PASS
CREB5_eDBD_4_KP_TCCGAG40NTGG	/scratch/project_2013895/SELEX/data/Yin2017/submitted_ftp/CREB5_eDBD_4_KP_TCCGAG40NTGG.fastq.gz	signal	232782	9.3 Mbp	9300000	0	40	54	PASS	PASS	FAIL	PASS	WARN	PASS	PASS	PASS	PASS	PASS	PASS
CREB5_FL_3_KAE_TTACAA40NTAC	/scratch/project_2013895/SELEX/data/Yin2017/submitted_ftp/CREB5_FL_3_KAE_TTACAA40NTAC.fastq.gz	signal	247247	9.8 Mbp	9800000	0	40	49	PASS	PASS	PASS	PASS	FAIL	PASS	PASS	PASS	PASS	PASS	PASS
CEBPB_eDBD_3_KN_TCATTC40NATT	/scratch/project_2013895/SELEX/data/Yin2017/submitted_ftp/CEBPB_eDBD_3_KN_TCATTC40NATT.fastq.gz	signal	448586	17.9 Mbp	17900000	0	40	53	PASS	PASS	PASS	PASS	FAIL	PASS	PASS	PASS	PASS	PASS	PASS
CEBPE_eDBD_4_KR_TGTAGA40NTGT	/scratch/project_2013895/SELEX/data/Yin2017/submitted_ftp/CEBPE_eDBD_4_KR_TGTAGA40NTGT.fastq.gz	signal	369411	14.7 Mbp	14700000	0	40	51	PASS	PASS	PASS	PASS	FAIL	PASS	PASS	PASS	PASS	PASS	PASS
CEBPD_eDBD_4_KN_TGACCA40NTCC	/scratch/project_2013895/SELEX/data/Yin2017/submitted_ftp/CEBPD_eDBD_4_KN_TGACCA40NTCC.fastq.gz	signal	254829	10.1 Mbp	10100000	0	40	52	PASS	PASS	WARN	PASS	FAIL	PASS	PASS	PASS	PASS	PASS	PASS
CEBPG_eDBD_3_KN_TACTTT40NTCT	/scratch/project_2013895/SELEX/data/Yin2017/submitted_ftp/CEBPG_eDBD_3_KN_TACTTT40NTCT.fastq.gz	signal	258952	10.3 Mbp	10300000	0	40	54	PASS	PASS	PASS	PASS	FAIL	PASS	PASS	PASS	PASS	PASS	PASS
CEBPG_FL_4_KV_TCCACC40NTTA	/scratch/project_2013895/SELEX/data/Yin2017/submitted_ftp/CEBPG_FL_4_KV_TCCACC40NTTA.fastq.gz	signal	344731	13.7 Mbp	13700000	0	40	53	PASS	PASS	PASS	PASS	WARN	PASS	PASS	PASS	PASS	PASS	PASS
DBP_eDBD_2_KV_TGGACC40NAAC	/scratch/project_2013895/SELEX/data/Yin2017/submitted_ftp/DBP_eDBD_2_KV_TGGACC40NAAC.fastq.gz	signal	393015	15.7 Mbp	15700000	0	40	50	PASS	PASS	PASS	PASS	FAIL	PASS	PASS	PASS	PASS	PASS	PASS
DBP_FL_4_KW_TGGCGT40NCCT	/scratch/project_2013895/SELEX/data/Yin2017/submitted_ftp/DBP_FL_4_KW_TGGCGT40NCCT.fastq.gz	signal	389278	15.5 Mbp	15500000	0	40	49	PASS	PASS	PASS	PASS	FAIL	PASS	PASS	PASS	PASS	PASS	PASS
HLF_FL_4_KX_TGGAGT40NTGG	/scratch/project_2013895/SELEX/data/Yin2017/submitted_ftp/HLF_FL_4_KX_TGGAGT40NTGG.fastq.gz	signal	354181	14.1 Mbp	14100000	0	40	49	PASS	PASS	WARN	PASS	WARN	PASS	PASS	PASS	PASS	PASS	PASS
TEF_eDBD_4_KN_TAAGCT40NTGC	/scratch/project_2013895/SELEX/data/Yin2017/submitted_ftp/TEF_eDBD_4_KN_TAAGCT40NTGC.fastq.gz	signal	251547	10 Mbp	10000000	0	40	51	PASS	PASS	WARN	PASS	FAIL	PASS	PASS	PASS	PASS	PASS	PASS
ATF4_eDBD_3_KN_TGGGTG40NGGA	/scratch/project_2013895/SELEX/data/Yin2017/submitted_ftp/ATF4_eDBD_3_KN_TGGGTG40NGGA.fastq.gz	signal	229435	9.1 Mbp	9100000	0	40	55	PASS	PASS	PASS	PASS	FAIL	PASS	PASS	PASS	PASS	PASS	PASS
ATF4_FL_3_KW_TCTAGG40NCTG	/scratch/project_2013895/SELEX/data/Yin2017/submitted_ftp/ATF4_FL_3_KW_TCTAGG40NCTG.fastq.gz	signal	210457	8.4 Mbp	8400000	0	40	51	PASS	PASS	PASS	PASS	FAIL	PASS	PASS	PASS	FAIL	FAIL	PASS
MAFF_eDBD_4_KO_TTATTT40NCGT	/scratch/project_2013895/SELEX/data/Yin2017/submitted_ftp/MAFF_eDBD_4_KO_TTATTT40NCGT.fastq.gz	signal	270688	10.8 Mbp	10800000	0	40	49	PASS	PASS	PASS	PASS	WARN	PASS	PASS	PASS	PASS	PASS	PASS
MAFF_FL_4_KW_TCGCCG40NTGC	/scratch/project_2013895/SELEX/data/Yin2017/submitted_ftp/MAFF_FL_4_KW_TCGCCG40NTGC.fastq.gz	signal	199109	7.9 Mbp	7900000	0	40	49	PASS	PASS	PASS	PASS	FAIL	PASS	PASS	PASS	PASS	PASS	PASS
MAFG_eDBD_4_KN_TTGTTC40NAAG	/scratch/project_2013895/SELEX/data/Yin2017/submitted_ftp/MAFG_eDBD_4_KN_TTGTTC40NAAG.fastq.gz	signal	332880	13.3 Mbp	13300000	0	40	53	PASS	PASS	WARN	PASS	FAIL	PASS	PASS	PASS	PASS	PASS	PASS
MAFG_FL_4_KAE_TGTTAA40NACT	/scratch/project_2013895/SELEX/data/Yin2017/submitted_ftp/MAFG_FL_4_KAE_TGTTAA40NACT.fastq.gz	signal	176003	7 Mbp	7000000	0	40	49	PASS	PASS	PASS	PASS	FAIL	PASS	PASS	PASS	PASS	PASS	PASS
MAF_eDBD_4_KO_TTTACT40NACA	/scratch/project_2013895/SELEX/data/Yin2017/submitted_ftp/MAF_eDBD_4_KO_TTTACT40NACA.fastq.gz	signal	191081	7.6 Mbp	7600000	0	40	53	PASS	PASS	PASS	PASS	FAIL	PASS	PASS	PASS	PASS	PASS	PASS
MAF_FL_4_KV_TGAATT40NTAA	/scratch/project_2013895/SELEX/data/Yin2017/submitted_ftp/MAF_FL_4_KV_TGAATT40NTAA.fastq.gz	signal	309786	12.3 Mbp	12300000	0	40	47	PASS	PASS	PASS	PASS	FAIL	PASS	PASS	PASS	PASS	WARN	PASS
MAFA_eDBD_4_KO_TACGGG40NCTT	/scratch/project_2013895/SELEX/data/Yin2017/submitted_ftp/MAFA_eDBD_4_KO_TACGGG40NCTT.fastq.gz	signal	202244	8 Mbp	8000000	0	40	49	PASS	PASS	PASS	PASS	WARN	PASS	PASS	PASS	PASS	PASS	PASS
NRL_eDBD_3_KR_TGGAGA40NCCA	/scratch/project_2013895/SELEX/data/Yin2017/submitted_ftp/NRL_eDBD_3_KR_TGGAGA40NCCA.fastq.gz	signal	207157	8.2 Mbp	8199999.999999999	0	40	50	PASS	PASS	PASS	PASS	WARN	PASS	PASS	PASS	PASS	PASS	PASS
NRL_FL_3_KV_TAAGGG40NACC	/scratch/project_2013895/SELEX/data/Yin2017/submitted_ftp/NRL_FL_3_KV_TAAGGG40NACC.fastq.gz	signal	423696	16.9 Mbp	16900000	0	40	49	PASS	PASS	PASS	PASS	WARN	PASS	PASS	PASS	PASS	PASS	PASS
SPIB_eDBD_4_KR_TACGAT40NCCG	/scratch/project_2013895/SELEX/data/Yin2017/submitted_ftp/SPIB_eDBD_4_KR_TACGAT40NCCG.fastq.gz	signal	372916	14.9 Mbp	14900000	0	40	52	PASS	PASS	PASS	PASS	FAIL	PASS	PASS	PASS	PASS	WARN	PASS
SPIB_FL_2_KV_TTTAGC40NGAC	/scratch/project_2013895/SELEX/data/Yin2017/submitted_ftp/SPIB_FL_2_KV_TTTAGC40NGAC.fastq.gz	signal	425312	17 Mbp	17000000	0	40	50	PASS	PASS	PASS	PASS	WARN	PASS	PASS	PASS	PASS	PASS	PASS
ELF3_eDBD_3_KP_TACATC40NATA	/scratch/project_2013895/SELEX/data/Yin2017/submitted_ftp/ELF3_eDBD_3_KP_TACATC40NATA.fastq.gz	signal	206041	8.2 Mbp	8199999.999999999	0	40	54	PASS	PASS	FAIL	PASS	FAIL	PASS	PASS	PASS	PASS	PASS	PASS
ELF3_FL_3_KW_TATGTA40NTGT	/scratch/project_2013895/SELEX/data/Yin2017/submitted_ftp/ELF3_FL_3_KW_TATGTA40NTGT.fastq.gz	signal	190163	7.6 Mbp	7600000	0	40	55	PASS	PASS	PASS	PASS	FAIL	PASS	PASS	PASS	PASS	PASS	PASS
ELF5_eDBD_4_KT_TCGTCA40NCTA	/scratch/project_2013895/SELEX/data/Yin2017/submitted_ftp/ELF5_eDBD_4_KT_TCGTCA40NCTA.fastq.gz	signal	272701	10.9 Mbp	10900000	0	40	55	PASS	PASS	WARN	PASS	FAIL	PASS	PASS	PASS	PASS	PASS	PASS
ELF5_FL_3_KW_TCTGCA40NATA	/scratch/project_2013895/SELEX/data/Yin2017/submitted_ftp/ELF5_FL_3_KW_TCTGCA40NATA.fastq.gz	signal	315789	12.6 Mbp	12600000	0	40	53	PASS	PASS	PASS	PASS	WARN	PASS	PASS	PASS	PASS	PASS	PASS
ERG_eDBD_2_KT_TAGAGC40NTAG	/scratch/project_2013895/SELEX/data/Yin2017/submitted_ftp/ERG_eDBD_2_KT_TAGAGC40NTAG.fastq.gz	signal	310818	12.4 Mbp	12400000	0	40	53	PASS	PASS	PASS	PASS	FAIL	PASS	PASS	PASS	WARN	PASS	PASS
ERG_FL_3_KAF_TCCCGG40NTAC	/scratch/project_2013895/SELEX/data/Yin2017/submitted_ftp/ERG_FL_3_KAF_TCCCGG40NTAC.fastq.gz	signal	208474	8.3 Mbp	8300000.000000001	0	40	54	PASS	PASS	FAIL	PASS	FAIL	PASS	PASS	PASS	FAIL	WARN	PASS
FLI1_eDBD_2_KT_TTTGGT40NCTT	/scratch/project_2013895/SELEX/data/Yin2017/submitted_ftp/FLI1_eDBD_2_KT_TTTGGT40NCTT.fastq.gz	signal	324528	12.9 Mbp	12900000	0	40	55	PASS	PASS	PASS	PASS	FAIL	PASS	PASS	PASS	FAIL	PASS	PASS
FLI1_FL_3_KV_TCCTCA40NAAC	/scratch/project_2013895/SELEX/data/Yin2017/submitted_ftp/FLI1_FL_3_KV_TCCTCA40NAAC.fastq.gz	signal	404806	16.1 Mbp	16100000.000000002	0	40	55	PASS	PASS	PASS	PASS	FAIL	PASS	PASS	PASS	FAIL	WARN	PASS
FEV_eDBD_3_KO_TGCGCA40NCAA	/scratch/project_2013895/SELEX/data/Yin2017/submitted_ftp/FEV_eDBD_3_KO_TGCGCA40NCAA.fastq.gz	signal	422891	16.9 Mbp	16900000	0	40	54	PASS	PASS	PASS	PASS	WARN	PASS	PASS	PASS	PASS	PASS	PASS
ETV3_eDBD_3_KV_TTATTC40NGAA	/scratch/project_2013895/SELEX/data/Yin2017/submitted_ftp/ETV3_eDBD_3_KV_TTATTC40NGAA.fastq.gz	signal	237304	9.4 Mbp	9400000	0	40	54	PASS	PASS	PASS	PASS	FAIL	PASS	PASS	PASS	PASS	PASS	PASS
ETV2_eDBD_3_KO_TTCGGG40NGAG	/scratch/project_2013895/SELEX/data/Yin2017/submitted_ftp/ETV2_eDBD_3_KO_TTCGGG40NGAG.fastq.gz	signal	256626	10.2 Mbp	10200000	0	40	55	PASS	PASS	PASS	PASS	FAIL	PASS	PASS	PASS	PASS	PASS	PASS
GABPA_eDBD_2_KV_TCTGCT40NTGT	/scratch/project_2013895/SELEX/data/Yin2017/submitted_ftp/GABPA_eDBD_2_KV_TCTGCT40NTGT.fastq.gz	signal	373436	14.9 Mbp	14900000	0	40	56	PASS	PASS	PASS	PASS	FAIL	PASS	PASS	PASS	PASS	PASS	PASS
ETS2_FL_4_KX_TGTGAT40NGCA	/scratch/project_2013895/SELEX/data/Yin2017/submitted_ftp/ETS2_FL_4_KX_TGTGAT40NGCA.fastq.gz	signal	279489	11.1 Mbp	11100000	0	40	54	PASS	PASS	WARN	PASS	FAIL	PASS	PASS	PASS	FAIL	WARN	PASS
ETV1_eDBD_2_KR_TTGTGG40NCGG	/scratch/project_2013895/SELEX/data/Yin2017/submitted_ftp/ETV1_eDBD_2_KR_TTGTGG40NCGG.fastq.gz	signal	442600	17.7 Mbp	17700000	0	40	54	PASS	PASS	PASS	PASS	FAIL	PASS	PASS	PASS	PASS	PASS	PASS
ETV1_FL_3_KAF_TCGACA40NCGT	/scratch/project_2013895/SELEX/data/Yin2017/submitted_ftp/ETV1_FL_3_KAF_TCGACA40NCGT.fastq.gz	signal	276864	11 Mbp	11000000	0	40	51	PASS	PASS	FAIL	PASS	WARN	PASS	PASS	PASS	PASS	PASS	PASS
ETV5_eDBD_2_KP_TACATA40NAGA	/scratch/project_2013895/SELEX/data/Yin2017/submitted_ftp/ETV5_eDBD_2_KP_TACATA40NAGA.fastq.gz	signal	424730	16.9 Mbp	16900000	0	40	56	PASS	PASS	FAIL	PASS	FAIL	PASS	PASS	PASS	PASS	PASS	PASS
ETV4_eDBD_2_KS_TTCTCA40NCCT	/scratch/project_2013895/SELEX/data/Yin2017/submitted_ftp/ETV4_eDBD_2_KS_TTCTCA40NCCT.fastq.gz	signal	142805	5.7 Mbp	5700000	0	40	55	PASS	PASS	FAIL	PASS	WARN	PASS	PASS	PASS	PASS	PASS	PASS
ETV4_FL_2_KAE_TCTCGA40NCAT	/scratch/project_2013895/SELEX/data/Yin2017/submitted_ftp/ETV4_FL_2_KAE_TCTCGA40NCAT.fastq.gz	signal	179421	7.1 Mbp	7100000	0	40	53	PASS	PASS	PASS	PASS	WARN	PASS	PASS	PASS	PASS	PASS	PASS
ELK1_eDBD_3_KS_TGCCGA40NGTA	/scratch/project_2013895/SELEX/data/Yin2017/submitted_ftp/ELK1_eDBD_3_KS_TGCCGA40NGTA.fastq.gz	signal	293058	11.7 Mbp	11700000	0	40	55	PASS	PASS	PASS	PASS	FAIL	PASS	PASS	PASS	PASS	PASS	PASS
ELK1_FL_2_KAE_TCAGTT40NTTG	/scratch/project_2013895/SELEX/data/Yin2017/submitted_ftp/ELK1_FL_2_KAE_TCAGTT40NTTG.fastq.gz	signal	226303	9 Mbp	9000000	0	40	53	PASS	PASS	PASS	PASS	FAIL	PASS	PASS	PASS	PASS	PASS	PASS
ELK4_FL_2_KAE_TCCGCC40NTCA	/scratch/project_2013895/SELEX/data/Yin2017/submitted_ftp/ELK4_FL_2_KAE_TCCGCC40NTCA.fastq.gz	signal	185644	7.4 Mbp	7400000	0	40	55	PASS	PASS	PASS	PASS	WARN	PASS	PASS	PASS	PASS	PASS	PASS
ELK3_eDBD_2_KS_TCCCTG40NGTA	/scratch/project_2013895/SELEX/data/Yin2017/submitted_ftp/ELK3_eDBD_2_KS_TCCCTG40NGTA.fastq.gz	signal	120385	4.8 Mbp	4800000	0	40	54	PASS	PASS	WARN	PASS	FAIL	PASS	PASS	PASS	PASS	PASS	PASS
ELK3_FL_2_KX_TGTCAG40NGAC	/scratch/project_2013895/SELEX/data/Yin2017/submitted_ftp/ELK3_FL_2_KX_TGTCAG40NGAC.fastq.gz	signal	202732	8.1 Mbp	8100000	0	40	54	PASS	PASS	WARN	PASS	WARN	PASS	PASS	PASS	PASS	PASS	PASS
ELF1_eDBD_2_KR_TGAACC40NCCA	/scratch/project_2013895/SELEX/data/Yin2017/submitted_ftp/ELF1_eDBD_2_KR_TGAACC40NCCA.fastq.gz	signal	278991	11.1 Mbp	11100000	0	40	54	PASS	PASS	PASS	PASS	FAIL	PASS	PASS	PASS	PASS	PASS	PASS
ELF1_FL_2_KW_TAAGCA40NGTC	/scratch/project_2013895/SELEX/data/Yin2017/submitted_ftp/ELF1_FL_2_KW_TAAGCA40NGTC.fastq.gz	signal	167009	6.6 Mbp	6600000	0	40	53	PASS	PASS	FAIL	PASS	FAIL	PASS	PASS	PASS	PASS	PASS	PASS
ELF4_eDBD_3_KS_TCAGCA40NCTC	/scratch/project_2013895/SELEX/data/Yin2017/submitted_ftp/ELF4_eDBD_3_KS_TCAGCA40NCTC.fastq.gz	signal	261135	10.4 Mbp	10400000	0	40	55	PASS	PASS	PASS	PASS	FAIL	PASS	PASS	PASS	PASS	PASS	PASS
ELF2_eDBD_3_KR_TTAGCT40NCCT	/scratch/project_2013895/SELEX/data/Yin2017/submitted_ftp/ELF2_eDBD_3_KR_TTAGCT40NCCT.fastq.gz	signal	222210	8.8 Mbp	8800000	0	40	55	PASS	PASS	PASS	PASS	FAIL	PASS	PASS	PASS	PASS	PASS	PASS
ELF2_FL_2_KX_TTCGCC40NGAC	/scratch/project_2013895/SELEX/data/Yin2017/submitted_ftp/ELF2_FL_2_KX_TTCGCC40NGAC.fastq.gz	signal	158617	6.3 Mbp	6300000	0	40	54	PASS	PASS	WARN	PASS	WARN	PASS	PASS	PASS	PASS	PASS	PASS
ETV7_FL_3_KAE_TCTCTG40NGAA	/scratch/project_2013895/SELEX/data/Yin2017/submitted_ftp/ETV7_FL_3_KAE_TCTCTG40NGAA.fastq.gz	signal	231251	9.2 Mbp	9200000	0	40	52	PASS	PASS	PASS	PASS	FAIL	PASS	PASS	PASS	PASS	PASS	PASS
SPDEF_eDBD_3_KW_TAGAGA40NCGC	/scratch/project_2013895/SELEX/data/Yin2017/submitted_ftp/SPDEF_eDBD_3_KW_TAGAGA40NCGC.fastq.gz	signal	413936	16.5 Mbp	16500000	0	40	54	PASS	PASS	PASS	PASS	FAIL	PASS	PASS	PASS	PASS	PASS	PASS
SPDEF_FL_3_KX_TCACAT40NATG	/scratch/project_2013895/SELEX/data/Yin2017/submitted_ftp/SPDEF_FL_3_KX_TCACAT40NATG.fastq.gz	signal	212277	8.4 Mbp	8400000	0	40	55	PASS	PASS	PASS	PASS	FAIL	PASS	PASS	PASS	FAIL	PASS	PASS
TFAP2E_FL_2_KW_TCAAAC40NAAC	/scratch/project_2013895/SELEX/data/Yin2017/submitted_ftp/TFAP2E_FL_2_KW_TCAAAC40NAAC.fastq.gz	signal	221941	8.8 Mbp	8800000	0	40	59	PASS	PASS	FAIL	PASS	FAIL	PASS	PASS	PASS	PASS	PASS	PASS
TFAP2B_eDBD_2_KP_TGAGTT40NCGG	/scratch/project_2013895/SELEX/data/Yin2017/submitted_ftp/TFAP2B_eDBD_2_KP_TGAGTT40NCGG.fastq.gz	signal	354835	14.1 Mbp	14100000	0	40	57	PASS	PASS	FAIL	PASS	WARN	PASS	PASS	PASS	PASS	PASS	PASS
TFAP2A_FL_2_KX_TCGTCA40NCTA	/scratch/project_2013895/SELEX/data/Yin2017/submitted_ftp/TFAP2A_FL_2_KX_TCGTCA40NCTA.fastq.gz	signal	168053	6.7 Mbp	6700000	0	40	59	PASS	PASS	WARN	PASS	FAIL	PASS	PASS	PASS	PASS	PASS	PASS
TFAP2C_eDBD_4_KP_TGAGCT40NGCA	/scratch/project_2013895/SELEX/data/Yin2017/submitted_ftp/TFAP2C_eDBD_4_KP_TGAGCT40NGCA.fastq.gz	signal	305215	12.2 Mbp	12200000	0	40	58	PASS	PASS	FAIL	PASS	FAIL	PASS	PASS	PASS	PASS	PASS	PASS
GRHL1_eDBD_3_KS_TGCTCC40NCCG	/scratch/project_2013895/SELEX/data/Yin2017/submitted_ftp/GRHL1_eDBD_3_KS_TGCTCC40NCCG.fastq.gz	signal	284775	11.3 Mbp	11300000	0	40	49	PASS	PASS	PASS	PASS	FAIL	PASS	PASS	PASS	PASS	PASS	PASS
TFCP2_eDBD_4_KT_TTAGTA40NCTC	/scratch/project_2013895/SELEX/data/Yin2017/submitted_ftp/TFCP2_eDBD_4_KT_TTAGTA40NCTC.fastq.gz	signal	215860	8.6 Mbp	8600000	0	40	54	PASS	PASS	WARN	PASS	FAIL	PASS	PASS	PASS	FAIL	WARN	PASS
TFCP2_FL_4_KX_TGCTCT40NTTA	/scratch/project_2013895/SELEX/data/Yin2017/submitted_ftp/TFCP2_FL_4_KX_TGCTCT40NTTA.fastq.gz	signal	299309	11.9 Mbp	11900000	0	40	56	PASS	PASS	WARN	PASS	WARN	PASS	PASS	PASS	PASS	PASS	PASS
UBP1_eDBD_4_KT_TGGCCT40NTAT	/scratch/project_2013895/SELEX/data/Yin2017/submitted_ftp/UBP1_eDBD_4_KT_TGGCCT40NTAT.fastq.gz	signal	277537	11.1 Mbp	11100000	0	40	57	PASS	PASS	WARN	PASS	FAIL	PASS	PASS	PASS	PASS	PASS	PASS
TFCP2L1_eDBD_4_KT_TGCAGC40NATT	/scratch/project_2013895/SELEX/data/Yin2017/submitted_ftp/TFCP2L1_eDBD_4_KT_TGCAGC40NATT.fastq.gz	signal	255370	10.2 Mbp	10200000	0	40	56	PASS	PASS	WARN	PASS	FAIL	PASS	PASS	PASS	PASS	WARN	PASS
YBX1_eDBD_4_KR_TTGCTC40NGAA	/scratch/project_2013895/SELEX/data/Yin2017/submitted_ftp/YBX1_eDBD_4_KR_TTGCTC40NGAA.fastq.gz	signal	396878	15.8 Mbp	15800000	0	40	54	PASS	PASS	PASS	PASS	FAIL	PASS	PASS	PASS	PASS	PASS	PASS
ONECUT3_eDBD_2_KP_TCCGGG40NCTC	/scratch/project_2013895/SELEX/data/Yin2017/submitted_ftp/ONECUT3_eDBD_2_KP_TCCGGG40NCTC.fastq.gz	signal	313892	12.5 Mbp	12500000	0	40	49	PASS	PASS	FAIL	PASS	WARN	PASS	PASS	PASS	PASS	PASS	PASS
ONECUT2_eDBD_2_KP_TGCAGC40NATT	/scratch/project_2013895/SELEX/data/Yin2017/submitted_ftp/ONECUT2_eDBD_2_KP_TGCAGC40NATT.fastq.gz	signal	450931	18 Mbp	18000000	0	40	49	PASS	PASS	FAIL	PASS	FAIL	PASS	PASS	PASS	PASS	PASS	PASS
ONECUT2_FL_2_KZ_TAACTC40NGTC	/scratch/project_2013895/SELEX/data/Yin2017/submitted_ftp/ONECUT2_FL_2_KZ_TAACTC40NGTC.fastq.gz	both	101263	4 Mbp	4000000	0	40	49	PASS	PASS	FAIL	PASS	FAIL	PASS	WARN	PASS	PASS	PASS	PASS
ONECUT2_FL_3_KZ_TAACTC40NGTC	/scratch/project_2013895/SELEX/data/Yin2017/submitted_ftp/ONECUT2_FL_3_KZ_TAACTC40NGTC.fastq.gz	signal	488824	19.5 Mbp	19500000	0	40	49	PASS	PASS	FAIL	PASS	FAIL	PASS	PASS	PASS	PASS	PASS	PASS
ONECUT1_eDBD_2_KP_TTAGTA40NCTC	/scratch/project_2013895/SELEX/data/Yin2017/submitted_ftp/ONECUT1_eDBD_2_KP_TTAGTA40NCTC.fastq.gz	signal	253207	10.1 Mbp	10100000	0	40	50	PASS	PASS	FAIL	PASS	WARN	PASS	PASS	PASS	PASS	PASS	PASS
ONECUT1_FL_4_KW_TCAGGG40NGCA	/scratch/project_2013895/SELEX/data/Yin2017/submitted_ftp/ONECUT1_FL_4_KW_TCAGGG40NGCA.fastq.gz	signal	200820	8 Mbp	8000000	0	40	51	PASS	PASS	WARN	PASS	FAIL	PASS	PASS	PASS	PASS	PASS	PASS
CUX1_eDBD_3_KP_TTAGCG40NAGA	/scratch/project_2013895/SELEX/data/Yin2017/submitted_ftp/CUX1_eDBD_3_KP_TTAGCG40NAGA.fastq.gz	signal	295199	11.8 Mbp	11800000	0	40	45	PASS	PASS	FAIL	PASS	FAIL	PASS	PASS	PASS	PASS	PASS	PASS
CUX2_eDBD_3_KP_TCCACC40NTTA	/scratch/project_2013895/SELEX/data/Yin2017/submitted_ftp/CUX2_eDBD_3_KP_TCCACC40NTTA.fastq.gz	signal	250801	10 Mbp	10000000	0	40	48	PASS	PASS	WARN	PASS	FAIL	PASS	PASS	PASS	PASS	PASS	PASS
DMRTA1_FL_3_KZ_TCAGGG40NGCA	/scratch/project_2013895/SELEX/data/Yin2017/submitted_ftp/DMRTA1_FL_3_KZ_TCAGGG40NGCA.fastq.gz	signal	282614	11.3 Mbp	11300000	0	40	47	PASS	PASS	FAIL	PASS	FAIL	PASS	PASS	PASS	PASS	PASS	PASS
DMRTA2_eDBD_4_KP_TGGTGG40NTAA	/scratch/project_2013895/SELEX/data/Yin2017/submitted_ftp/DMRTA2_eDBD_4_KP_TGGTGG40NTAA.fastq.gz	signal	231301	9.2 Mbp	9200000	0	40	46	PASS	PASS	FAIL	PASS	WARN	PASS	PASS	PASS	PASS	PASS	PASS
DMRT1_FL_3_KV_TCTCCT40NCCT	/scratch/project_2013895/SELEX/data/Yin2017/submitted_ftp/DMRT1_FL_3_KV_TCTCCT40NCCT.fastq.gz	signal	26954	1 Mbp	1000000	0	40	47	PASS	PASS	PASS	PASS	WARN	PASS	PASS	PASS	PASS	PASS	PASS
DMRT3_eDBD_2_KP_TCTAGG40NCTG	/scratch/project_2013895/SELEX/data/Yin2017/submitted_ftp/DMRT3_eDBD_2_KP_TCTAGG40NCTG.fastq.gz	signal	400807	16 Mbp	16000000	0	40	49	PASS	PASS	FAIL	PASS	FAIL	WARN	PASS	PASS	PASS	PASS	PASS
DMRTC2_eDBD_3_KS_TCACAT40NATG	/scratch/project_2013895/SELEX/data/Yin2017/submitted_ftp/DMRTC2_eDBD_3_KS_TCACAT40NATG.fastq.gz	both	286719	11.4 Mbp	11400000	0	40	50	PASS	PASS	PASS	PASS	FAIL	PASS	PASS	PASS	PASS	PASS	PASS
DMRTC2_eDBD_4_KS_TCACAT40NATG	/scratch/project_2013895/SELEX/data/Yin2017/submitted_ftp/DMRTC2_eDBD_4_KS_TCACAT40NATG.fastq.gz	signal	326189	13 Mbp	13000000	0	40	50	PASS	PASS	PASS	PASS	FAIL	PASS	PASS	PASS	PASS	PASS	PASS
DMRTC2_FL_2_KAE_TCGTTC40NATA	/scratch/project_2013895/SELEX/data/Yin2017/submitted_ftp/DMRTC2_FL_2_KAE_TCGTTC40NATA.fastq.gz	signal	180410	7.2 Mbp	7200000	0	40	51	PASS	PASS	PASS	PASS	FAIL	PASS	PASS	PASS	PASS	PASS	PASS
DMRTC2_FL_4_KAE_TCGTTC40NATA	/scratch/project_2013895/SELEX/data/Yin2017/submitted_ftp/DMRTC2_FL_4_KAE_TCGTTC40NATA.fastq.gz	signal	205619	8.2 Mbp	8199999.999999999	0	40	51	PASS	PASS	PASS	PASS	FAIL	PASS	PASS	PASS	PASS	PASS	PASS
E2F3_eDBD_3_KN_TTGTCT40NGCT	/scratch/project_2013895/SELEX/data/Yin2017/submitted_ftp/E2F3_eDBD_3_KN_TTGTCT40NGCT.fastq.gz	signal	382698	15.3 Mbp	15300000	0	40	52	PASS	PASS	PASS	PASS	FAIL	PASS	PASS	PASS	WARN	PASS	PASS
E2F2_eDBD_4_KV_TTCAAG40NGCC	/scratch/project_2013895/SELEX/data/Yin2017/submitted_ftp/E2F2_eDBD_4_KV_TTCAAG40NGCC.fastq.gz	signal	144505	5.7 Mbp	5700000	0	40	57	PASS	PASS	PASS	PASS	FAIL	PASS	PASS	PASS	FAIL	WARN	PASS
E2F2_eDBD_3_KV_TTCAAG40NGCC	/scratch/project_2013895/SELEX/data/Yin2017/submitted_ftp/E2F2_eDBD_3_KV_TTCAAG40NGCC.fastq.gz	both	152594	6.1 Mbp	6100000	0	40	58	PASS	PASS	PASS	PASS	FAIL	PASS	PASS	PASS	WARN	PASS	PASS
E2F1_FL_4_KW_TTCGCC40NGAC	/scratch/project_2013895/SELEX/data/Yin2017/submitted_ftp/E2F1_FL_4_KW_TTCGCC40NGAC.fastq.gz	signal	277409	11 Mbp	11000000	0	40	56	PASS	PASS	WARN	PASS	FAIL	PASS	PASS	PASS	PASS	PASS	PASS
E2F4_eDBD_3_KO_TCAGGG40NGCA	/scratch/project_2013895/SELEX/data/Yin2017/submitted_ftp/E2F4_eDBD_3_KO_TCAGGG40NGCA.fastq.gz	signal	185827	7.4 Mbp	7400000	0	40	58	PASS	PASS	PASS	PASS	FAIL	PASS	PASS	PASS	WARN	PASS	PASS
E2F8_eDBD_2_KP_TCCATC40NTGA	/scratch/project_2013895/SELEX/data/Yin2017/submitted_ftp/E2F8_eDBD_2_KP_TCCATC40NTGA.fastq.gz	signal	219723	8.7 Mbp	8700000	0	40	59	PASS	PASS	FAIL	PASS	FAIL	PASS	PASS	PASS	PASS	PASS	PASS
E2F7_eDBD_3_KP_TACGAA40NAGA	/scratch/project_2013895/SELEX/data/Yin2017/submitted_ftp/E2F7_eDBD_3_KP_TACGAA40NAGA.fastq.gz	signal	215234	8.6 Mbp	8600000	0	40	52	PASS	PASS	WARN	PASS	FAIL	PASS	PASS	PASS	WARN	PASS	PASS
FOXN2_eDBD_4_KV_TGTCAG40NGAC	/scratch/project_2013895/SELEX/data/Yin2017/submitted_ftp/FOXN2_eDBD_4_KV_TGTCAG40NGAC.fastq.gz	signal	312147	12.4 Mbp	12400000	0	40	54	PASS	PASS	PASS	PASS	FAIL	PASS	PASS	PASS	PASS	PASS	PASS
FOXR2_FL_4_KX_TTAGAG40NCGG	/scratch/project_2013895/SELEX/data/Yin2017/submitted_ftp/FOXR2_FL_4_KX_TTAGAG40NCGG.fastq.gz	signal	214437	8.5 Mbp	8500000	0	40	51	PASS	PASS	WARN	PASS	WARN	PASS	PASS	PASS	PASS	WARN	PASS
FOXO3_eDBD_4_KR_TCCGGG40NCTC	/scratch/project_2013895/SELEX/data/Yin2017/submitted_ftp/FOXO3_eDBD_4_KR_TCCGGG40NCTC.fastq.gz	signal	192258	7.6 Mbp	7600000	0	40	56	PASS	PASS	PASS	PASS	FAIL	PASS	PASS	PASS	PASS	PASS	PASS
FOXO4_eDBD_2_KT_TTCGAG40NGCG	/scratch/project_2013895/SELEX/data/Yin2017/submitted_ftp/FOXO4_eDBD_2_KT_TTCGAG40NGCG.fastq.gz	signal	280674	11.2 Mbp	11200000	0	40	53	PASS	PASS	PASS	PASS	FAIL	PASS	PASS	PASS	PASS	PASS	PASS
FOXQ1_eDBD_3_KO_TGCACG40NTTG	/scratch/project_2013895/SELEX/data/Yin2017/submitted_ftp/FOXQ1_eDBD_3_KO_TGCACG40NTTG.fastq.gz	signal	291423	11.6 Mbp	11600000	0	40	54	PASS	PASS	PASS	PASS	FAIL	PASS	PASS	PASS	PASS	PASS	PASS
FOXD2_eDBD_4_KO_TCGCCG40NTGC	/scratch/project_2013895/SELEX/data/Yin2017/submitted_ftp/FOXD2_eDBD_4_KO_TCGCCG40NTGC.fastq.gz	signal	225734	9 Mbp	9000000	0	40	35	PASS	PASS	PASS	PASS	FAIL	WARN	PASS	PASS	PASS	PASS	PASS
FOXD3_eDBD_4_KO_TTGCTT40NCCA	/scratch/project_2013895/SELEX/data/Yin2017/submitted_ftp/FOXD3_eDBD_4_KO_TTGCTT40NCCA.fastq.gz	signal	186236	7.4 Mbp	7400000	0	40	55	PASS	PASS	PASS	PASS	WARN	PASS	PASS	PASS	PASS	PASS	PASS
FOXE1_eDBD_4_KO_TATATA40NGCT	/scratch/project_2013895/SELEX/data/Yin2017/submitted_ftp/FOXE1_eDBD_4_KO_TATATA40NGCT.fastq.gz	signal	197887	7.9 Mbp	7900000	0	40	49	PASS	PASS	PASS	PASS	FAIL	PASS	PASS	PASS	PASS	PASS	PASS
FOXC2_eDBD_4_KO_TCAGAA40NAGG	/scratch/project_2013895/SELEX/data/Yin2017/submitted_ftp/FOXC2_eDBD_4_KO_TCAGAA40NAGG.fastq.gz	signal	179734	7.1 Mbp	7100000	0	40	45	PASS	PASS	PASS	PASS	FAIL	PASS	PASS	PASS	PASS	PASS	PASS
FOXB1_eDBD_3_KO_TGCCAA40NTAG	/scratch/project_2013895/SELEX/data/Yin2017/submitted_ftp/FOXB1_eDBD_3_KO_TGCCAA40NTAG.fastq.gz	signal	194020	7.7 Mbp	7700000	0	40	44	PASS	PASS	PASS	PASS	WARN	WARN	PASS	PASS	PASS	PASS	PASS
FOXA2_eDBD_4_KT_TAGCTG40NCTA	/scratch/project_2013895/SELEX/data/Yin2017/submitted_ftp/FOXA2_eDBD_4_KT_TAGCTG40NCTA.fastq.gz	signal	313103	12.5 Mbp	12500000	0	40	45	PASS	PASS	WARN	PASS	WARN	WARN	PASS	PASS	PASS	PASS	PASS
FOXA1_eDBD_4_KN_TTCTAA40NAAT	/scratch/project_2013895/SELEX/data/Yin2017/submitted_ftp/FOXA1_eDBD_4_KN_TTCTAA40NAAT.fastq.gz	signal	258811	10.3 Mbp	10300000	0	40	53	PASS	PASS	WARN	PASS	FAIL	WARN	PASS	PASS	PASS	PASS	PASS
FOXA1_FL_3_KX_TAGCGT40NTCA	/scratch/project_2013895/SELEX/data/Yin2017/submitted_ftp/FOXA1_FL_3_KX_TAGCGT40NTCA.fastq.gz	signal	253102	10.1 Mbp	10100000	0	40	48	PASS	PASS	PASS	PASS	WARN	WARN	PASS	PASS	WARN	WARN	PASS
FOXA3_FL_3_KX_TGTGGT40NGGC	/scratch/project_2013895/SELEX/data/Yin2017/submitted_ftp/FOXA3_FL_3_KX_TGTGGT40NGGC.fastq.gz	signal	173078	6.9 Mbp	6900000	0	40	43	PASS	PASS	PASS	PASS	WARN	WARN	PASS	PASS	WARN	WARN	PASS
FOXG1_eDBD_4_KS_TGGTCA40NGTG	/scratch/project_2013895/SELEX/data/Yin2017/submitted_ftp/FOXG1_eDBD_4_KS_TGGTCA40NGTG.fastq.gz	signal	289981	11.5 Mbp	11500000	0	40	54	PASS	PASS	PASS	PASS	FAIL	PASS	PASS	PASS	PASS	PASS	PASS
FOXL2_FL_4_KW_TTCAGG40NTGC	/scratch/project_2013895/SELEX/data/Yin2017/submitted_ftp/FOXL2_FL_4_KW_TTCAGG40NTGC.fastq.gz	signal	254216	10.1 Mbp	10100000	0	40	52	PASS	PASS	PASS	PASS	FAIL	PASS	PASS	PASS	PASS	PASS	PASS
FOXI1_eDBD_2_KP_TAGCAA40NCGA	/scratch/project_2013895/SELEX/data/Yin2017/submitted_ftp/FOXI1_eDBD_2_KP_TAGCAA40NCGA.fastq.gz	signal	330999	13.2 Mbp	13200000	0	40	46	PASS	PASS	FAIL	PASS	FAIL	PASS	PASS	PASS	PASS	PASS	PASS
FOXI1_FL_3_KW_TGCGAG40NTTC	/scratch/project_2013895/SELEX/data/Yin2017/submitted_ftp/FOXI1_FL_3_KW_TGCGAG40NTTC.fastq.gz	signal	291567	11.6 Mbp	11600000	0	40	55	PASS	PASS	PASS	PASS	WARN	PASS	PASS	PASS	PASS	PASS	PASS
FOXJ2_eDBD_2_KR_TATGCT40NACT	/scratch/project_2013895/SELEX/data/Yin2017/submitted_ftp/FOXJ2_eDBD_2_KR_TATGCT40NACT.fastq.gz	signal	396019	15.8 Mbp	15800000	0	40	47	PASS	PASS	PASS	PASS	WARN	WARN	PASS	PASS	PASS	PASS	PASS
FOXJ3_eDBD_4_KW_TACATC40NATA	/scratch/project_2013895/SELEX/data/Yin2017/submitted_ftp/FOXJ3_eDBD_4_KW_TACATC40NATA.fastq.gz	signal	211200	8.4 Mbp	8400000	0	40	38	PASS	PASS	PASS	PASS	FAIL	WARN	PASS	PASS	FAIL	FAIL	PASS
FOXK1_eDBD_2_KO_TACCGA40NATA	/scratch/project_2013895/SELEX/data/Yin2017/submitted_ftp/FOXK1_eDBD_2_KO_TACCGA40NATA.fastq.gz	signal	90779	3.6 Mbp	3600000	0	40	45	PASS	PASS	PASS	PASS	FAIL	PASS	PASS	PASS	PASS	PASS	PASS
FOXP1_eDBD_4_KT_TACCCT40NTTA	/scratch/project_2013895/SELEX/data/Yin2017/submitted_ftp/FOXP1_eDBD_4_KT_TACCCT40NTTA.fastq.gz	signal	187143	7.4 Mbp	7400000	0	40	51	PASS	PASS	WARN	PASS	FAIL	WARN	PASS	PASS	PASS	PASS	PASS
FOXP3_FL_4_KAE_TTACGA40NTCC	/scratch/project_2013895/SELEX/data/Yin2017/submitted_ftp/FOXP3_FL_4_KAE_TTACGA40NTCC.fastq.gz	signal	231713	9.2 Mbp	9200000	0	40	53	PASS	PASS	PASS	PASS	WARN	PASS	PASS	PASS	PASS	WARN	PASS
GCM1_eDBD_3_KP_TTCGTC40NCGT	/scratch/project_2013895/SELEX/data/Yin2017/submitted_ftp/GCM1_eDBD_3_KP_TTCGTC40NCGT.fastq.gz	signal	128225	5.1 Mbp	5100000	0	40	59	PASS	PASS	FAIL	PASS	FAIL	PASS	PASS	PASS	PASS	PASS	PASS
GCM2_FL_3_KAF_TGTTTC40NTTA	/scratch/project_2013895/SELEX/data/Yin2017/submitted_ftp/GCM2_FL_3_KAF_TGTTTC40NTTA.fastq.gz	signal	284308	11.3 Mbp	11300000	0	40	59	PASS	PASS	FAIL	PASS	FAIL	PASS	PASS	PASS	PASS	PASS	PASS
BBX_eDBD_4_KS_TGGACT40NAAT	/scratch/project_2013895/SELEX/data/Yin2017/submitted_ftp/BBX_eDBD_4_KS_TGGACT40NAAT.fastq.gz	signal	326056	13 Mbp	13000000	0	40	53	PASS	PASS	PASS	PASS	WARN	PASS	PASS	PASS	FAIL	WARN	PASS
TCF7_eDBD_4_KS_TCGGAC40NCCA	/scratch/project_2013895/SELEX/data/Yin2017/submitted_ftp/TCF7_eDBD_4_KS_TCGGAC40NCCA.fastq.gz	signal	305997	12.2 Mbp	12200000	0	40	53	PASS	PASS	PASS	PASS	WARN	PASS	PASS	PASS	PASS	PASS	PASS
LEF1_eDBD_3_KT_TGCACG40NTTG	/scratch/project_2013895/SELEX/data/Yin2017/submitted_ftp/LEF1_eDBD_3_KT_TGCACG40NTTG.fastq.gz	both	223530	8.9 Mbp	8900000	0	40	50	PASS	PASS	FAIL	PASS	FAIL	PASS	PASS	PASS	PASS	PASS	PASS
LEF1_eDBD_4_KT_TGCACG40NTTG	/scratch/project_2013895/SELEX/data/Yin2017/submitted_ftp/LEF1_eDBD_4_KT_TGCACG40NTTG.fastq.gz	signal	265294	10.6 Mbp	10600000	0	40	51	PASS	PASS	WARN	PASS	FAIL	PASS	PASS	PASS	PASS	PASS	PASS
LEF1_FL_3_KZ_TTGTTA40NGGT	/scratch/project_2013895/SELEX/data/Yin2017/submitted_ftp/LEF1_FL_3_KZ_TTGTTA40NGGT.fastq.gz	signal	439970	17.5 Mbp	17500000	0	40	55	PASS	PASS	WARN	PASS	FAIL	PASS	PASS	PASS	PASS	PASS	PASS
TCF7L1_eDBD_3_KW_TAAGGG40NACC	/scratch/project_2013895/SELEX/data/Yin2017/submitted_ftp/TCF7L1_eDBD_3_KW_TAAGGG40NACC.fastq.gz	signal	319776	12.7 Mbp	12700000	0	40	54	PASS	PASS	PASS	PASS	WARN	PASS	PASS	PASS	PASS	PASS	PASS
TCF7L1_eDBD_2_KW_TAAGGG40NACC	/scratch/project_2013895/SELEX/data/Yin2017/submitted_ftp/TCF7L1_eDBD_2_KW_TAAGGG40NACC.fastq.gz	both	177691	7.1 Mbp	7100000	0	40	52	PASS	PASS	FAIL	PASS	WARN	PASS	PASS	PASS	PASS	PASS	PASS
SOX3_FL_4_KW_TGAGGA40NTTG	/scratch/project_2013895/SELEX/data/Yin2017/submitted_ftp/SOX3_FL_4_KW_TGAGGA40NTTG.fastq.gz	signal	12829	513.1 kbp	513100	0	40	50	PASS	PASS	PASS	PASS	FAIL	PASS	PASS	PASS	PASS	WARN	PASS
SOX14_eDBD_3_KO_TGTGAT40NGCA	/scratch/project_2013895/SELEX/data/Yin2017/submitted_ftp/SOX14_eDBD_3_KO_TGTGAT40NGCA.fastq.gz	signal	297031	11.8 Mbp	11800000	0	40	49	PASS	PASS	PASS	PASS	FAIL	WARN	PASS	PASS	PASS	PASS	PASS
SOX14_FL_2_KAE_TTGAGA40NATG	/scratch/project_2013895/SELEX/data/Yin2017/submitted_ftp/SOX14_FL_2_KAE_TTGAGA40NATG.fastq.gz	signal	89173	3.5 Mbp	3500000	0	40	51	PASS	PASS	PASS	PASS	FAIL	PASS	PASS	PASS	PASS	PASS	PASS
SOX18_eDBD_4_KP_TCACGC40NACT	/scratch/project_2013895/SELEX/data/Yin2017/submitted_ftp/SOX18_eDBD_4_KP_TCACGC40NACT.fastq.gz	signal	163794	6.5 Mbp	6500000	0	40	52	PASS	PASS	FAIL	PASS	FAIL	PASS	PASS	PASS	PASS	PASS	PASS
SOX7_eDBD_2_KR_TCTGGG40NCTG	/scratch/project_2013895/SELEX/data/Yin2017/submitted_ftp/SOX7_eDBD_2_KR_TCTGGG40NCTG.fastq.gz	signal	230139	9.2 Mbp	9200000	0	40	48	PASS	PASS	PASS	PASS	WARN	PASS	PASS	PASS	PASS	PASS	PASS
SOX9_eDBD_3_KR_TGCTCC40NCCG	/scratch/project_2013895/SELEX/data/Yin2017/submitted_ftp/SOX9_eDBD_3_KR_TGCTCC40NCCG.fastq.gz	signal	134945	5.3 Mbp	5300000	0	40	47	PASS	PASS	PASS	PASS	WARN	PASS	PASS	PASS	PASS	WARN	PASS
SOX8_eDBD_2_KO_TCGTCA40NCTA	/scratch/project_2013895/SELEX/data/Yin2017/submitted_ftp/SOX8_eDBD_2_KO_TCGTCA40NCTA.fastq.gz	signal	285119	11.4 Mbp	11400000	0	40	50	PASS	PASS	PASS	PASS	WARN	PASS	PASS	PASS	PASS	PASS	PASS
SOX8_FL_3_KW_TCGGCT40NTAA	/scratch/project_2013895/SELEX/data/Yin2017/submitted_ftp/SOX8_FL_3_KW_TCGGCT40NTAA.fastq.gz	signal	237898	9.5 Mbp	9500000	0	40	46	PASS	PASS	PASS	PASS	WARN	PASS	PASS	PASS	FAIL	PASS	PASS
SOX10_eDBD_4_KS_TCCTCA40NAAC	/scratch/project_2013895/SELEX/data/Yin2017/submitted_ftp/SOX10_eDBD_4_KS_TCCTCA40NAAC.fastq.gz	signal	9259	370.3 kbp	370300	0	40	48	PASS	PASS	PASS	PASS	FAIL	WARN	PASS	PASS	FAIL	FAIL	PASS
SOX10_FL_3_KAF_TTGCCA40NGTG	/scratch/project_2013895/SELEX/data/Yin2017/submitted_ftp/SOX10_FL_3_KAF_TTGCCA40NGTG.fastq.gz	signal	102787	4.1 Mbp	4099999.9999999995	0	40	48	PASS	PASS	FAIL	PASS	FAIL	PASS	PASS	PASS	PASS	PASS	PASS
SOX12_eDBD_2_KO_TTACTA40NAGG	/scratch/project_2013895/SELEX/data/Yin2017/submitted_ftp/SOX12_eDBD_2_KO_TTACTA40NAGG.fastq.gz	signal	265891	10.6 Mbp	10600000	0	40	52	PASS	PASS	PASS	PASS	FAIL	PASS	PASS	PASS	PASS	PASS	PASS
SOX4_eDBD_2_KO_TTGTTA40NGGT	/scratch/project_2013895/SELEX/data/Yin2017/submitted_ftp/SOX4_eDBD_2_KO_TTGTTA40NGGT.fastq.gz	signal	305526	12.2 Mbp	12200000	0	40	49	PASS	PASS	PASS	PASS	WARN	PASS	PASS	PASS	PASS	PASS	PASS
SOX30_eDBD_3_KS_TAAGTC40NCGT	/scratch/project_2013895/SELEX/data/Yin2017/submitted_ftp/SOX30_eDBD_3_KS_TAAGTC40NCGT.fastq.gz	signal	155277	6.2 Mbp	6200000	0	40	48	PASS	PASS	PASS	PASS	WARN	PASS	PASS	PASS	PASS	WARN	PASS
HSF5_eDBD_4_KT_TATGCT40NACT	/scratch/project_2013895/SELEX/data/Yin2017/submitted_ftp/HSF5_eDBD_4_KT_TATGCT40NACT.fastq.gz	signal	354896	14.1 Mbp	14100000	0	40	53	PASS	PASS	WARN	PASS	FAIL	PASS	PASS	PASS	PASS	PASS	PASS
HSFY1_eDBD_3_KS_TACGGT40NTAC	/scratch/project_2013895/SELEX/data/Yin2017/submitted_ftp/HSFY1_eDBD_3_KS_TACGGT40NTAC.fastq.gz	signal	329063	13.1 Mbp	13100000	0	40	49	PASS	PASS	PASS	PASS	FAIL	PASS	PASS	PASS	FAIL	PASS	PASS
HSFY2_eDBD_3_KP_TTGGGC40NGGC	/scratch/project_2013895/SELEX/data/Yin2017/submitted_ftp/HSFY2_eDBD_3_KP_TTGGGC40NGGC.fastq.gz	signal	246784	9.8 Mbp	9800000	0	40	50	PASS	PASS	FAIL	PASS	WARN	PASS	PASS	PASS	PASS	PASS	PASS
HSF1_eDBD_3_KN_TCTAAA40NCGC	/scratch/project_2013895/SELEX/data/Yin2017/submitted_ftp/HSF1_eDBD_3_KN_TCTAAA40NCGC.fastq.gz	signal	279093	11.1 Mbp	11100000	0	40	55	PASS	PASS	PASS	PASS	FAIL	PASS	PASS	PASS	PASS	PASS	PASS
HSF1_FL_3_KX_TTTATT40NATC	/scratch/project_2013895/SELEX/data/Yin2017/submitted_ftp/HSF1_FL_3_KX_TTTATT40NATC.fastq.gz	signal	249703	9.9 Mbp	9900000	0	40	53	PASS	PASS	PASS	PASS	FAIL	PASS	PASS	PASS	PASS	PASS	PASS
HSF4_eDBD_3_KP_TCAAGA40NCGC	/scratch/project_2013895/SELEX/data/Yin2017/submitted_ftp/HSF4_eDBD_3_KP_TCAAGA40NCGC.fastq.gz	signal	258780	10.3 Mbp	10300000	0	40	51	PASS	PASS	WARN	PASS	FAIL	PASS	PASS	PASS	PASS	PASS	PASS
HSF2_eDBD_3_KT_TAGTTA40NGTG	/scratch/project_2013895/SELEX/data/Yin2017/submitted_ftp/HSF2_eDBD_3_KT_TAGTTA40NGTG.fastq.gz	signal	337344	13.4 Mbp	13400000	0	40	52	PASS	PASS	FAIL	PASS	FAIL	PASS	PASS	PASS	PASS	PASS	PASS
HSF2_FL_2_KZ_TCAAAC40NAAC	/scratch/project_2013895/SELEX/data/Yin2017/submitted_ftp/HSF2_FL_2_KZ_TCAAAC40NAAC.fastq.gz	signal	400416	16 Mbp	16000000	0	40	49	PASS	PASS	FAIL	PASS	FAIL	PASS	WARN	PASS	PASS	PASS	PASS
IRF2_FL_3_KX_TACTAG40NGGA	/scratch/project_2013895/SELEX/data/Yin2017/submitted_ftp/IRF2_FL_3_KX_TACTAG40NGGA.fastq.gz	signal	197649	7.9 Mbp	7900000	0	40	46	PASS	PASS	PASS	PASS	FAIL	PASS	PASS	PASS	PASS	PASS	PASS
IRF6_eDBD_3_KS_TAGTTA40NGTG	/scratch/project_2013895/SELEX/data/Yin2017/submitted_ftp/IRF6_eDBD_3_KS_TAGTTA40NGTG.fastq.gz	signal	234140	9.3 Mbp	9300000	0	40	52	PASS	PASS	PASS	PASS	FAIL	PASS	PASS	PASS	PASS	PASS	PASS
IRF6_FL_4_KX_TCGCCC40NCAT	/scratch/project_2013895/SELEX/data/Yin2017/submitted_ftp/IRF6_FL_4_KX_TCGCCC40NCAT.fastq.gz	signal	245738	9.8 Mbp	9800000	0	40	56	PASS	PASS	WARN	PASS	FAIL	PASS	PASS	PASS	PASS	WARN	PASS
IRF5_eDBD_2_KV_TCTATT40NCAT	/scratch/project_2013895/SELEX/data/Yin2017/submitted_ftp/IRF5_eDBD_2_KV_TCTATT40NCAT.fastq.gz	signal	482434	19.2 Mbp	19200000	0	40	52	PASS	PASS	PASS	PASS	WARN	PASS	PASS	PASS	PASS	PASS	PASS
IRF5_FL_3_KX_TAGACA40NGTC	/scratch/project_2013895/SELEX/data/Yin2017/submitted_ftp/IRF5_FL_3_KX_TAGACA40NGTC.fastq.gz	signal	270974	10.8 Mbp	10800000	0	40	50	PASS	PASS	PASS	PASS	WARN	PASS	PASS	PASS	PASS	PASS	PASS
IRF3_eDBD_3_KS_TACTGA40NACC	/scratch/project_2013895/SELEX/data/Yin2017/submitted_ftp/IRF3_eDBD_3_KS_TACTGA40NACC.fastq.gz	signal	315161	12.6 Mbp	12600000	0	40	53	PASS	PASS	PASS	PASS	FAIL	WARN	PASS	PASS	FAIL	FAIL	PASS
IRF3_FL_4_KV_TAAGTC40NCGT	/scratch/project_2013895/SELEX/data/Yin2017/submitted_ftp/IRF3_FL_4_KV_TAAGTC40NCGT.fastq.gz	signal	286580	11.4 Mbp	11400000	0	40	46	PASS	PASS	PASS	PASS	FAIL	WARN	PASS	PASS	FAIL	FAIL	PASS
IRF7_eDBD_2_KT_TACTGG40NGGA	/scratch/project_2013895/SELEX/data/Yin2017/submitted_ftp/IRF7_eDBD_2_KT_TACTGG40NGGA.fastq.gz	signal	207087	8.2 Mbp	8199999.999999999	0	40	54	PASS	PASS	PASS	PASS	FAIL	WARN	PASS	PASS	PASS	PASS	PASS
IRF9_FL_3_KV_TTCAGG40NTGC	/scratch/project_2013895/SELEX/data/Yin2017/submitted_ftp/IRF9_FL_3_KV_TTCAGG40NTGC.fastq.gz	signal	388038	15.5 Mbp	15500000	0	40	44	PASS	PASS	PASS	PASS	WARN	PASS	PASS	PASS	PASS	PASS	PASS
IRF8_eDBD_4_KO_TTCAGG40NTGC	/scratch/project_2013895/SELEX/data/Yin2017/submitted_ftp/IRF8_eDBD_4_KO_TTCAGG40NTGC.fastq.gz	signal	236436	9.4 Mbp	9400000	0	40	50	PASS	PASS	PASS	PASS	WARN	PASS	PASS	PASS	PASS	PASS	PASS
IRF8_FL_3_KW_TAAAGT40NAGC	/scratch/project_2013895/SELEX/data/Yin2017/submitted_ftp/IRF8_FL_3_KW_TAAAGT40NAGC.fastq.gz	signal	357577	14.3 Mbp	14300000	0	40	48	PASS	PASS	PASS	PASS	FAIL	PASS	PASS	PASS	PASS	PASS	PASS
IRF4_FL_3_KX_TGTAGA40NTGT	/scratch/project_2013895/SELEX/data/Yin2017/submitted_ftp/IRF4_FL_3_KX_TGTAGA40NTGT.fastq.gz	signal	299610	11.9 Mbp	11900000	0	40	46	PASS	PASS	PASS	PASS	FAIL	PASS	PASS	PASS	PASS	PASS	PASS
SMAD5_eDBD_3_KR_TGTCTG40NAGG	/scratch/project_2013895/SELEX/data/Yin2017/submitted_ftp/SMAD5_eDBD_3_KR_TGTCTG40NAGG.fastq.gz	signal	218887	8.7 Mbp	8700000	0	40	58	PASS	PASS	PASS	PASS	FAIL	PASS	PASS	PASS	PASS	PASS	PASS
SRF_eDBD_4_KR_TTCTGT40NAAC	/scratch/project_2013895/SELEX/data/Yin2017/submitted_ftp/SRF_eDBD_4_KR_TTCTGT40NAAC.fastq.gz	signal	61981	2.4 Mbp	2400000	0	40	53	PASS	PASS	PASS	PASS	FAIL	PASS	PASS	PASS	PASS	PASS	PASS
MEF2C_FL_3_KX_TTAACA40NTGT	/scratch/project_2013895/SELEX/data/Yin2017/submitted_ftp/MEF2C_FL_3_KX_TTAACA40NTGT.fastq.gz	signal	237003	9.4 Mbp	9400000	0	40	51	PASS	PASS	PASS	PASS	FAIL	PASS	PASS	PASS	PASS	PASS	PASS
MEF2D_eDBD_3_KW_TCCAAG40NAAC	/scratch/project_2013895/SELEX/data/Yin2017/submitted_ftp/MEF2D_eDBD_3_KW_TCCAAG40NAAC.fastq.gz	signal	400823	16 Mbp	16000000	0	40	55	PASS	PASS	PASS	PASS	FAIL	PASS	PASS	PASS	PASS	PASS	PASS
MEF2B_eDBD_3_KV_TGTGAT40NGCA	/scratch/project_2013895/SELEX/data/Yin2017/submitted_ftp/MEF2B_eDBD_3_KV_TGTGAT40NGCA.fastq.gz	signal	268448	10.7 Mbp	10700000	0	40	54	PASS	PASS	PASS	PASS	FAIL	PASS	PASS	PASS	PASS	PASS	PASS
MEF2B_FL_4_KW_TTAGCA40NGGT	/scratch/project_2013895/SELEX/data/Yin2017/submitted_ftp/MEF2B_FL_4_KW_TTAGCA40NGGT.fastq.gz	signal	280350	11.2 Mbp	11200000	0	40	48	PASS	PASS	PASS	PASS	FAIL	PASS	PASS	PASS	PASS	FAIL	PASS
MEIS2_eDBD_3_KT_TTGGCC40NTCG	/scratch/project_2013895/SELEX/data/Yin2017/submitted_ftp/MEIS2_eDBD_3_KT_TTGGCC40NTCG.fastq.gz	signal	264092	10.5 Mbp	10500000	0	40	48	PASS	PASS	FAIL	PASS	WARN	PASS	PASS	PASS	WARN	PASS	PASS
MEIS2_FL_3_KAE_TCTACT40NACA	/scratch/project_2013895/SELEX/data/Yin2017/submitted_ftp/MEIS2_FL_3_KAE_TCTACT40NACA.fastq.gz	signal	238317	9.5 Mbp	9500000	0	40	50	PASS	PASS	PASS	PASS	FAIL	PASS	PASS	PASS	PASS	PASS	PASS
MEIS3_eDBD_4_KQ_TCTAGT40NAAC	/scratch/project_2013895/SELEX/data/Yin2017/submitted_ftp/MEIS3_eDBD_4_KQ_TCTAGT40NAAC.fastq.gz	signal	379713	15.1 Mbp	15100000	0	40	48	PASS	PASS	PASS	PASS	FAIL	PASS	PASS	PASS	PASS	PASS	PASS
PKNOX1_eDBD_2_KR_TAGACC40NAGT	/scratch/project_2013895/SELEX/data/Yin2017/submitted_ftp/PKNOX1_eDBD_2_KR_TAGACC40NAGT.fastq.gz	signal	357568	14.3 Mbp	14300000	0	40	51	PASS	PASS	PASS	PASS	FAIL	PASS	PASS	PASS	PASS	PASS	PASS
PKNOX1_FL_3_KW_TGAGTT40NCGG	/scratch/project_2013895/SELEX/data/Yin2017/submitted_ftp/PKNOX1_FL_3_KW_TGAGTT40NCGG.fastq.gz	signal	314849	12.5 Mbp	12500000	0	40	51	PASS	PASS	PASS	PASS	WARN	PASS	PASS	PASS	PASS	PASS	PASS
PKNOX2_eDBD_3_KR_TCTTAT40NACA	/scratch/project_2013895/SELEX/data/Yin2017/submitted_ftp/PKNOX2_eDBD_3_KR_TCTTAT40NACA.fastq.gz	signal	198308	7.9 Mbp	7900000	0	40	49	PASS	PASS	PASS	PASS	FAIL	PASS	PASS	PASS	PASS	WARN	PASS
TGIF1_eDBD_3_KP_TAACTC40NGTC	/scratch/project_2013895/SELEX/data/Yin2017/submitted_ftp/TGIF1_eDBD_3_KP_TAACTC40NGTC.fastq.gz	signal	279335	11.1 Mbp	11100000	0	40	52	PASS	PASS	WARN	PASS	FAIL	PASS	PASS	PASS	PASS	PASS	PASS
TGIF2_eDBD_4_KO_TTGCAA40NGTG	/scratch/project_2013895/SELEX/data/Yin2017/submitted_ftp/TGIF2_eDBD_4_KO_TTGCAA40NGTG.fastq.gz	signal	187908	7.5 Mbp	7500000	0	40	50	PASS	PASS	PASS	PASS	FAIL	PASS	PASS	PASS	PASS	PASS	PASS
TGIF2_FL_2_KZ_TCCTCG40NCAG	/scratch/project_2013895/SELEX/data/Yin2017/submitted_ftp/TGIF2_FL_2_KZ_TCCTCG40NCAG.fastq.gz	signal	302882	12.1 Mbp	12100000	0	40	52	PASS	PASS	FAIL	PASS	FAIL	PASS	WARN	PASS	PASS	PASS	PASS
TGIF2LY_eDBD_2_KT_TAAGGG40NACC	/scratch/project_2013895/SELEX/data/Yin2017/submitted_ftp/TGIF2LY_eDBD_2_KT_TAAGGG40NACC.fastq.gz	signal	291223	11.6 Mbp	11600000	0	40	51	PASS	PASS	PASS	PASS	WARN	PASS	PASS	PASS	PASS	PASS	PASS
TGIF2LX_eDBD_4_KO_TACTGA40NACC	/scratch/project_2013895/SELEX/data/Yin2017/submitted_ftp/TGIF2LX_eDBD_4_KO_TACTGA40NACC.fastq.gz	signal	210786	8.4 Mbp	8400000	0	40	55	PASS	PASS	PASS	PASS	FAIL	WARN	PASS	PASS	PASS	PASS	PASS
TGIF2LX_FL_3_KW_TCGCCC40NCAT	/scratch/project_2013895/SELEX/data/Yin2017/submitted_ftp/TGIF2LX_FL_3_KW_TCGCCC40NCAT.fastq.gz	signal	356189	14.2 Mbp	14200000	0	40	53	PASS	PASS	PASS	PASS	WARN	PASS	PASS	PASS	PASS	PASS	PASS
MYBL2_eDBD_4_KR_TTAGAG40NCGG	/scratch/project_2013895/SELEX/data/Yin2017/submitted_ftp/MYBL2_eDBD_4_KR_TTAGAG40NCGG.fastq.gz	signal	378498	15.1 Mbp	15100000	0	40	48	PASS	PASS	PASS	PASS	FAIL	PASS	PASS	PASS	PASS	PASS	PASS
NFIB_FL_3_KX_TCTCCG40NCGC	/scratch/project_2013895/SELEX/data/Yin2017/submitted_ftp/NFIB_FL_3_KX_TCTCCG40NCGC.fastq.gz	signal	281381	11.2 Mbp	11200000	0	40	56	PASS	PASS	PASS	PASS	FAIL	PASS	PASS	PASS	PASS	PASS	PASS
NFIC_FL_3_KX_TATTTG40NCCA	/scratch/project_2013895/SELEX/data/Yin2017/submitted_ftp/NFIC_FL_3_KX_TATTTG40NCCA.fastq.gz	signal	286689	11.4 Mbp	11400000	0	40	56	PASS	PASS	PASS	PASS	FAIL	PASS	PASS	PASS	PASS	PASS	PASS
NFIX_FL_4_KAE_TTGAGC40NGTC	/scratch/project_2013895/SELEX/data/Yin2017/submitted_ftp/NFIX_FL_4_KAE_TTGAGC40NGTC.fastq.gz	signal	336483	13.4 Mbp	13400000	0	40	56	PASS	PASS	PASS	PASS	FAIL	PASS	PASS	PASS	PASS	PASS	PASS
NR1I2_eDBD_4_KR_TACTGG40NGGA	/scratch/project_2013895/SELEX/data/Yin2017/submitted_ftp/NR1I2_eDBD_4_KR_TACTGG40NGGA.fastq.gz	signal	309321	12.3 Mbp	12300000	0	40	56	PASS	PASS	PASS	PASS	WARN	PASS	PASS	PASS	PASS	PASS	PASS
NR1I3_FL_3_KAF_TGGCCA40NTTC	/scratch/project_2013895/SELEX/data/Yin2017/submitted_ftp/NR1I3_FL_3_KAF_TGGCCA40NTTC.fastq.gz	signal	268642	10.7 Mbp	10700000	0	40	46	PASS	PASS	FAIL	PASS	FAIL	PASS	PASS	PASS	PASS	PASS	PASS
NR2E1_FL_3_KV_TTCTGT40NAAC	/scratch/project_2013895/SELEX/data/Yin2017/submitted_ftp/NR2E1_FL_3_KV_TTCTGT40NAAC.fastq.gz	signal	512357	20.4 Mbp	20400000	0	40	51	PASS	PASS	PASS	PASS	FAIL	PASS	PASS	PASS	PASS	PASS	PASS
NR2F1_eDBD_2_KO_TCTAAG40NTTA	/scratch/project_2013895/SELEX/data/Yin2017/submitted_ftp/NR2F1_eDBD_2_KO_TCTAAG40NTTA.fastq.gz	signal	262692	10.5 Mbp	10500000	0	40	56	PASS	PASS	PASS	PASS	FAIL	PASS	PASS	PASS	PASS	PASS	PASS
NR2F1_FL_4_KW_TAGAGC40NTAG	/scratch/project_2013895/SELEX/data/Yin2017/submitted_ftp/NR2F1_FL_4_KW_TAGAGC40NTAG.fastq.gz	signal	255870	10.2 Mbp	10200000	0	40	55	PASS	PASS	PASS	PASS	WARN	PASS	PASS	PASS	PASS	PASS	PASS
NR2F6_eDBD_4_KQ_TAGCAT40NAGG	/scratch/project_2013895/SELEX/data/Yin2017/submitted_ftp/NR2F6_eDBD_4_KQ_TAGCAT40NAGG.fastq.gz	signal	411908	16.4 Mbp	16399999.999999998	0	40	52	PASS	PASS	PASS	PASS	WARN	PASS	PASS	PASS	PASS	PASS	PASS
NR2F6_FL_4_KV_TGCCTC40NCAA	/scratch/project_2013895/SELEX/data/Yin2017/submitted_ftp/NR2F6_FL_4_KV_TGCCTC40NCAA.fastq.gz	signal	397889	15.9 Mbp	15900000	0	40	57	PASS	PASS	PASS	PASS	FAIL	PASS	PASS	PASS	PASS	PASS	PASS
HNF4A_eDBD_3_KO_TACCTT40NCGA	/scratch/project_2013895/SELEX/data/Yin2017/submitted_ftp/HNF4A_eDBD_3_KO_TACCTT40NCGA.fastq.gz	signal	373075	14.9 Mbp	14900000	0	40	56	PASS	PASS	PASS	PASS	WARN	PASS	PASS	PASS	PASS	PASS	PASS
NR2C1_eDBD_4_KT_TATTCA40NAGT	/scratch/project_2013895/SELEX/data/Yin2017/submitted_ftp/NR2C1_eDBD_4_KT_TATTCA40NAGT.fastq.gz	signal	279325	11.1 Mbp	11100000	0	40	58	PASS	PASS	WARN	PASS	FAIL	PASS	PASS	PASS	PASS	PASS	PASS
NR4A1_eDBD_4_KQ_TAGGCC40NTAT	/scratch/project_2013895/SELEX/data/Yin2017/submitted_ftp/NR4A1_eDBD_4_KQ_TAGGCC40NTAT.fastq.gz	signal	251261	10 Mbp	10000000	0	40	47	PASS	PASS	PASS	PASS	WARN	PASS	PASS	PASS	PASS	PASS	PASS
NR4A1_eDBD_3_KR_TATATG40NCTA	/scratch/project_2013895/SELEX/data/Yin2017/submitted_ftp/NR4A1_eDBD_3_KR_TATATG40NCTA.fastq.gz	signal	156117	6.2 Mbp	6200000	0	40	51	PASS	PASS	PASS	PASS	FAIL	PASS	PASS	PASS	PASS	PASS	PASS
NR4A2_eDBD_4_KT_TGCTCC40NCCG	/scratch/project_2013895/SELEX/data/Yin2017/submitted_ftp/NR4A2_eDBD_4_KT_TGCTCC40NCCG.fastq.gz	signal	125246	5 Mbp	5000000	0	40	49	PASS	PASS	PASS	PASS	FAIL	PASS	PASS	PASS	PASS	PASS	PASS
RXRA_eDBD_3_KO_TACCCA40NTGT	/scratch/project_2013895/SELEX/data/Yin2017/submitted_ftp/RXRA_eDBD_3_KO_TACCCA40NTGT.fastq.gz	signal	216171	8.6 Mbp	8600000	0	40	56	PASS	PASS	PASS	PASS	FAIL	PASS	PASS	PASS	PASS	PASS	PASS
RXRG_FL_4_KV_TCTACG40NCTC	/scratch/project_2013895/SELEX/data/Yin2017/submitted_ftp/RXRG_FL_4_KV_TCTACG40NCTC.fastq.gz	signal	488227	19.5 Mbp	19500000	0	40	53	PASS	PASS	PASS	PASS	FAIL	PASS	PASS	PASS	PASS	PASS	PASS
RXRB_eDBD_2_KR_TTCGTC40NCGT	/scratch/project_2013895/SELEX/data/Yin2017/submitted_ftp/RXRB_eDBD_2_KR_TTCGTC40NCGT.fastq.gz	signal	318760	12.7 Mbp	12700000	0	40	52	PASS	PASS	PASS	PASS	WARN	PASS	PASS	PASS	PASS	PASS	PASS
RORB_eDBD_4_KS_TTCGGG40NGAG	/scratch/project_2013895/SELEX/data/Yin2017/submitted_ftp/RORB_eDBD_4_KS_TTCGGG40NGAG.fastq.gz	signal	308566	12.3 Mbp	12300000	0	40	53	PASS	PASS	PASS	PASS	FAIL	PASS	PASS	PASS	PASS	PASS	PASS
NR1D1_eDBD_3_KR_TCTCCA40NGGA	/scratch/project_2013895/SELEX/data/Yin2017/submitted_ftp/NR1D1_eDBD_3_KR_TCTCCA40NGGA.fastq.gz	signal	144069	5.7 Mbp	5700000	0	40	55	PASS	PASS	PASS	PASS	FAIL	PASS	PASS	PASS	PASS	PASS	PASS
NR1D2_eDBD_2_KR_TGAATT40NTAA	/scratch/project_2013895/SELEX/data/Yin2017/submitted_ftp/NR1D2_eDBD_2_KR_TGAATT40NTAA.fastq.gz	signal	382780	15.3 Mbp	15300000	0	40	46	PASS	PASS	PASS	PASS	FAIL	PASS	PASS	PASS	PASS	PASS	PASS
RARA_eDBD_4_KS_TGAACC40NCCA	/scratch/project_2013895/SELEX/data/Yin2017/submitted_ftp/RARA_eDBD_4_KS_TGAACC40NCCA.fastq.gz	signal	299821	11.9 Mbp	11900000	0	40	56	PASS	PASS	PASS	PASS	FAIL	PASS	PASS	PASS	PASS	PASS	PASS
RARB_FL_3_KAF_TACATG40NTAG	/scratch/project_2013895/SELEX/data/Yin2017/submitted_ftp/RARB_FL_3_KAF_TACATG40NTAG.fastq.gz	signal	243632	9.7 Mbp	9700000	0	40	54	PASS	PASS	FAIL	PASS	WARN	PASS	PASS	PASS	PASS	PASS	PASS
RARG_eDBD_4_KQ_TGAGAA40NGCG	/scratch/project_2013895/SELEX/data/Yin2017/submitted_ftp/RARG_eDBD_4_KQ_TGAGAA40NGCG.fastq.gz	signal	364961	14.5 Mbp	14500000	0	40	49	PASS	PASS	PASS	PASS	WARN	PASS	PASS	PASS	WARN	PASS	PASS
RARG_FL_3_KW_TGTACA40NGTA	/scratch/project_2013895/SELEX/data/Yin2017/submitted_ftp/RARG_FL_3_KW_TGTACA40NGTA.fastq.gz	signal	347784	13.9 Mbp	13900000	0	40	56	PASS	PASS	PASS	PASS	FAIL	PASS	PASS	PASS	PASS	PASS	PASS
PPARD_eDBD_2_KR_TGGTCG40NTAA	/scratch/project_2013895/SELEX/data/Yin2017/submitted_ftp/PPARD_eDBD_2_KR_TGGTCG40NTAA.fastq.gz	signal	195648	7.8 Mbp	7800000	0	40	53	PASS	PASS	PASS	PASS	WARN	PASS	PASS	PASS	PASS	PASS	PASS
THRB_eDBD_3_KO_TCGAGG40NGTT	/scratch/project_2013895/SELEX/data/Yin2017/submitted_ftp/THRB_eDBD_3_KO_TCGAGG40NGTT.fastq.gz	signal	326506	13 Mbp	13000000	0	40	54	PASS	PASS	PASS	PASS	FAIL	PASS	PASS	PASS	PASS	PASS	PASS
THRB_FL_4_KZ_TTCGTT40NGCC	/scratch/project_2013895/SELEX/data/Yin2017/submitted_ftp/THRB_FL_4_KZ_TTCGTT40NGCC.fastq.gz	signal	255148	10.2 Mbp	10200000	0	40	54	PASS	PASS	WARN	PASS	FAIL	PASS	PASS	PASS	PASS	PASS	PASS
NR6A1_eDBD_3_KT_TTGATG40NATC	/scratch/project_2013895/SELEX/data/Yin2017/submitted_ftp/NR6A1_eDBD_3_KT_TTGATG40NATC.fastq.gz	signal	225028	9 Mbp	9000000	0	40	53	PASS	PASS	FAIL	PASS	WARN	PASS	PASS	PASS	PASS	PASS	PASS
NR5A1_FL_3_KW_TACCAA40NTTA	/scratch/project_2013895/SELEX/data/Yin2017/submitted_ftp/NR5A1_FL_3_KW_TACCAA40NTTA.fastq.gz	signal	385821	15.4 Mbp	15400000	0	40	54	PASS	PASS	PASS	PASS	FAIL	PASS	PASS	PASS	PASS	PASS	PASS
NR5A2_eDBD_3_KR_TGCTCA40NCTG	/scratch/project_2013895/SELEX/data/Yin2017/submitted_ftp/NR5A2_eDBD_3_KR_TGCTCA40NCTG.fastq.gz	signal	138880	5.5 Mbp	5500000	0	40	55	PASS	PASS	PASS	PASS	FAIL	PASS	PASS	PASS	PASS	PASS	PASS
ESRRA_eDBD_3_KO_TAGACC40NAGT	/scratch/project_2013895/SELEX/data/Yin2017/submitted_ftp/ESRRA_eDBD_3_KO_TAGACC40NAGT.fastq.gz	signal	308540	12.3 Mbp	12300000	0	40	54	PASS	PASS	PASS	PASS	WARN	PASS	PASS	PASS	PASS	PASS	PASS
ESRRA_FL_3_KAE_TCCGCG40NTCT	/scratch/project_2013895/SELEX/data/Yin2017/submitted_ftp/ESRRA_FL_3_KAE_TCCGCG40NTCT.fastq.gz	signal	208903	8.3 Mbp	8300000.000000001	0	40	54	PASS	PASS	PASS	PASS	FAIL	PASS	PASS	PASS	PASS	PASS	PASS
ESRRB_eDBD_3_KO_TGGGAG40NAGG	/scratch/project_2013895/SELEX/data/Yin2017/submitted_ftp/ESRRB_eDBD_3_KO_TGGGAG40NAGG.fastq.gz	signal	134749	5.3 Mbp	5300000	0	40	55	PASS	PASS	PASS	PASS	WARN	PASS	PASS	PASS	PASS	PASS	PASS
ESRRG_eDBD_3_KS_TACCTT40NCGA	/scratch/project_2013895/SELEX/data/Yin2017/submitted_ftp/ESRRG_eDBD_3_KS_TACCTT40NCGA.fastq.gz	signal	323927	12.9 Mbp	12900000	0	40	54	PASS	PASS	PASS	PASS	FAIL	PASS	PASS	PASS	PASS	WARN	PASS
ESRRG_FL_3_KW_TGAGCT40NGCA	/scratch/project_2013895/SELEX/data/Yin2017/submitted_ftp/ESRRG_FL_3_KW_TGAGCT40NGCA.fastq.gz	signal	361043	14.4 Mbp	14400000	0	40	52	PASS	PASS	PASS	PASS	WARN	PASS	PASS	PASS	PASS	PASS	PASS
ESR1_eDBD_3_KV_TCAAAC40NAAC	/scratch/project_2013895/SELEX/data/Yin2017/submitted_ftp/ESR1_eDBD_3_KV_TCAAAC40NAAC.fastq.gz	signal	260479	10.4 Mbp	10400000	0	40	55	PASS	PASS	PASS	PASS	WARN	PASS	PASS	PASS	PASS	PASS	PASS
ESR1_FL_4_KZ_TGCATT40NCCT	/scratch/project_2013895/SELEX/data/Yin2017/submitted_ftp/ESR1_FL_4_KZ_TGCATT40NCCT.fastq.gz	signal	314647	12.5 Mbp	12500000	0	40	58	PASS	PASS	WARN	PASS	FAIL	PASS	PASS	PASS	PASS	WARN	PASS
NR3C1_eDBD_4_KR_TCTGTC40NCAA	/scratch/project_2013895/SELEX/data/Yin2017/submitted_ftp/NR3C1_eDBD_4_KR_TCTGTC40NCAA.fastq.gz	signal	221456	8.8 Mbp	8800000	0	40	56	PASS	PASS	PASS	PASS	FAIL	WARN	PASS	PASS	PASS	WARN	PASS
NR3C2_eDBD_4_KT_TGCTGG40NGCC	/scratch/project_2013895/SELEX/data/Yin2017/submitted_ftp/NR3C2_eDBD_4_KT_TGCTGG40NGCC.fastq.gz	signal	113552	4.5 Mbp	4500000	0	40	53	PASS	PASS	WARN	PASS	FAIL	PASS	PASS	PASS	PASS	PASS	PASS
RORC_eDBD_4_KT_TATATG40NCTA	/scratch/project_2013895/SELEX/data/Yin2017/submitted_ftp/RORC_eDBD_4_KT_TATATG40NCTA.fastq.gz	signal	288889	11.5 Mbp	11500000	0	40	51	PASS	PASS	WARN	PASS	FAIL	PASS	PASS	PASS	PASS	PASS	PASS
PAX7_eDBD_2_KP_TGTCAG40NGAC	/scratch/project_2013895/SELEX/data/Yin2017/submitted_ftp/PAX7_eDBD_2_KP_TGTCAG40NGAC.fastq.gz	signal	397731	15.9 Mbp	15900000	0	40	43	PASS	PASS	FAIL	PASS	WARN	PASS	PASS	PASS	PASS	PASS	PASS
PAX7_FL_4_KAF_TCGTTT40NGTC	/scratch/project_2013895/SELEX/data/Yin2017/submitted_ftp/PAX7_FL_4_KAF_TCGTTT40NGTC.fastq.gz	signal	314331	12.5 Mbp	12500000	0	40	46	PASS	PASS	FAIL	PASS	FAIL	PASS	PASS	PASS	PASS	PASS	PASS
PAX3_eDBD_2_KN_TCAAAT40NCTG	/scratch/project_2013895/SELEX/data/Yin2017/submitted_ftp/PAX3_eDBD_2_KN_TCAAAT40NCTG.fastq.gz	both	236137	9.4 Mbp	9400000	0	40	52	PASS	PASS	FAIL	PASS	FAIL	PASS	PASS	PASS	PASS	PASS	PASS
PAX3_eDBD_3_KN_TCAAAT40NCTG	/scratch/project_2013895/SELEX/data/Yin2017/submitted_ftp/PAX3_eDBD_3_KN_TCAAAT40NCTG.fastq.gz	signal	278459	11.1 Mbp	11100000	0	40	52	PASS	PASS	PASS	PASS	FAIL	PASS	PASS	PASS	PASS	PASS	PASS
PAX1_eDBD_4_KN_TCCGTC40NGTT	/scratch/project_2013895/SELEX/data/Yin2017/submitted_ftp/PAX1_eDBD_4_KN_TCCGTC40NGTT.fastq.gz	signal	229815	9.1 Mbp	9100000	0	40	57	PASS	PASS	FAIL	PASS	FAIL	PASS	PASS	PASS	PASS	PASS	PASS
PAX9_eDBD_2_KP_TGACCC40NGAA	/scratch/project_2013895/SELEX/data/Yin2017/submitted_ftp/PAX9_eDBD_2_KP_TGACCC40NGAA.fastq.gz	signal	370779	14.8 Mbp	14800000	0	40	55	PASS	PASS	FAIL	PASS	FAIL	PASS	PASS	PASS	PASS	PASS	PASS
PAX2_eDBD_4_KP_TGGCTA40NTCC	/scratch/project_2013895/SELEX/data/Yin2017/submitted_ftp/PAX2_eDBD_4_KP_TGGCTA40NTCC.fastq.gz	signal	274089	10.9 Mbp	10900000	0	40	58	PASS	PASS	FAIL	PASS	FAIL	PASS	PASS	PASS	PASS	PASS	PASS
PAX8_FL_2_KX_TCTTGT40NCAG	/scratch/project_2013895/SELEX/data/Yin2017/submitted_ftp/PAX8_FL_2_KX_TCTTGT40NCAG.fastq.gz	signal	170234	6.8 Mbp	6800000	0	40	56	PASS	PASS	WARN	PASS	FAIL	PASS	PASS	PASS	PASS	PASS	PASS
PAX6_eDBD_4_KP_TGCGAG40NTTC	/scratch/project_2013895/SELEX/data/Yin2017/submitted_ftp/PAX6_eDBD_4_KP_TGCGAG40NTTC.fastq.gz	signal	234629	9.3 Mbp	9300000	0	40	51	PASS	PASS	FAIL	PASS	WARN	PASS	PASS	PASS	PASS	PASS	PASS
PAX6_FL_4_KV_TGCTTT40NAGA	/scratch/project_2013895/SELEX/data/Yin2017/submitted_ftp/PAX6_FL_4_KV_TGCTTT40NAGA.fastq.gz	signal	387793	15.5 Mbp	15500000	0	40	53	PASS	PASS	PASS	PASS	FAIL	PASS	PASS	PASS	PASS	PASS	PASS
PAX4_eDBD_4_KP_TCGGCT40NTAA	/scratch/project_2013895/SELEX/data/Yin2017/submitted_ftp/PAX4_eDBD_4_KP_TCGGCT40NTAA.fastq.gz	signal	216973	8.6 Mbp	8600000	0	40	50	PASS	PASS	FAIL	PASS	WARN	PASS	PASS	PASS	PASS	PASS	PASS
POU2F2_eDBD_4_KT_TCAGCA40NCTC	/scratch/project_2013895/SELEX/data/Yin2017/submitted_ftp/POU2F2_eDBD_4_KT_TCAGCA40NCTC.fastq.gz	signal	239854	9.5 Mbp	9500000	0	40	44	PASS	PASS	WARN	PASS	FAIL	PASS	PASS	PASS	PASS	PASS	PASS
POU2F2_eDBD_3_KT_TCAGCA40NCTC	/scratch/project_2013895/SELEX/data/Yin2017/submitted_ftp/POU2F2_eDBD_3_KT_TCAGCA40NCTC.fastq.gz	both	321900	12.8 Mbp	12800000	0	40	44	PASS	PASS	FAIL	PASS	WARN	PASS	PASS	PASS	PASS	PASS	PASS
POU2F3_eDBD_4_KP_TGCATT40NCCT	/scratch/project_2013895/SELEX/data/Yin2017/submitted_ftp/POU2F3_eDBD_4_KP_TGCATT40NCCT.fastq.gz	signal	274146	10.9 Mbp	10900000	0	40	50	PASS	PASS	FAIL	PASS	WARN	PASS	PASS	PASS	PASS	PASS	PASS
POU3F2_eDBD_4_KP_TGGAGA40NCCA	/scratch/project_2013895/SELEX/data/Yin2017/submitted_ftp/POU3F2_eDBD_4_KP_TGGAGA40NCCA.fastq.gz	signal	307142	12.2 Mbp	12200000	0	40	41	PASS	PASS	FAIL	PASS	WARN	PASS	PASS	PASS	PASS	PASS	PASS
POU3F2_eDBD_3_KP_TGGAGA40NCCA	/scratch/project_2013895/SELEX/data/Yin2017/submitted_ftp/POU3F2_eDBD_3_KP_TGGAGA40NCCA.fastq.gz	both	230371	9.2 Mbp	9200000	0	40	41	PASS	PASS	WARN	PASS	WARN	PASS	PASS	PASS	PASS	PASS	PASS
POU3F4_eDBD_4_KP_TCGGGC40NAAT	/scratch/project_2013895/SELEX/data/Yin2017/submitted_ftp/POU3F4_eDBD_4_KP_TCGGGC40NAAT.fastq.gz	signal	282339	11.2 Mbp	11200000	0	40	46	PASS	PASS	FAIL	PASS	WARN	PASS	PASS	PASS	PASS	PASS	PASS
POU3F4_eDBD_3_KP_TCGGGC40NAAT	/scratch/project_2013895/SELEX/data/Yin2017/submitted_ftp/POU3F4_eDBD_3_KP_TCGGGC40NAAT.fastq.gz	both	220714	8.8 Mbp	8800000	0	40	46	PASS	PASS	WARN	PASS	WARN	PASS	PASS	PASS	PASS	PASS	PASS
POU3F1_eDBD_4_KP_TATGCT40NACT	/scratch/project_2013895/SELEX/data/Yin2017/submitted_ftp/POU3F1_eDBD_4_KP_TATGCT40NACT.fastq.gz	signal	385650	15.4 Mbp	15400000	0	40	48	PASS	PASS	FAIL	PASS	FAIL	FAIL	PASS	PASS	PASS	FAIL	PASS
POU5F1_FL_2_KAE_TGCAGG40NTCG	/scratch/project_2013895/SELEX/data/Yin2017/submitted_ftp/POU5F1_FL_2_KAE_TGCAGG40NTCG.fastq.gz	signal	157615	6.3 Mbp	6300000	0	40	43	PASS	PASS	PASS	PASS	WARN	PASS	PASS	PASS	PASS	PASS	PASS
POU4F1_eDBD_4_KP_TTTCAA40NTGA	/scratch/project_2013895/SELEX/data/Yin2017/submitted_ftp/POU4F1_eDBD_4_KP_TTTCAA40NTGA.fastq.gz	signal	254426	10.1 Mbp	10100000	0	40	46	PASS	PASS	FAIL	PASS	FAIL	PASS	PASS	PASS	PASS	PASS	PASS
POU4F3_eDBD_4_KP_TTTCAT40NGCA	/scratch/project_2013895/SELEX/data/Yin2017/submitted_ftp/POU4F3_eDBD_4_KP_TTTCAT40NGCA.fastq.gz	signal	274483	10.9 Mbp	10900000	0	40	46	PASS	PASS	FAIL	PASS	FAIL	PASS	PASS	PASS	PASS	PASS	PASS
POU4F3_FL_4_KZ_TACCCA40NTGT	/scratch/project_2013895/SELEX/data/Yin2017/submitted_ftp/POU4F3_FL_4_KZ_TACCCA40NTGT.fastq.gz	signal	507308	20.2 Mbp	20200000	0	40	45	PASS	PASS	WARN	PASS	FAIL	PASS	PASS	PASS	PASS	PASS	PASS
POU1F1_eDBD_3_KP_TTCAAG40NGCC	/scratch/project_2013895/SELEX/data/Yin2017/submitted_ftp/POU1F1_eDBD_3_KP_TTCAAG40NGCC.fastq.gz	signal	217208	8.6 Mbp	8600000	0	40	42	PASS	PASS	WARN	PASS	WARN	PASS	PASS	PASS	PASS	PASS	PASS
POU6F1_FL_4_KAE_TCGATT40NTTG	/scratch/project_2013895/SELEX/data/Yin2017/submitted_ftp/POU6F1_FL_4_KAE_TCGATT40NTTG.fastq.gz	signal	310518	12.4 Mbp	12400000	0	40	44	PASS	PASS	PASS	PASS	FAIL	PASS	PASS	PASS	PASS	PASS	PASS
RFX1_eDBD_3_KS_TTTAGG40NTCT	/scratch/project_2013895/SELEX/data/Yin2017/submitted_ftp/RFX1_eDBD_3_KS_TTTAGG40NTCT.fastq.gz	signal	292081	11.6 Mbp	11600000	0	40	54	PASS	PASS	PASS	PASS	FAIL	PASS	PASS	PASS	WARN	PASS	PASS
RFX2_eDBD_2_KP_TTCGCC40NGAC	/scratch/project_2013895/SELEX/data/Yin2017/submitted_ftp/RFX2_eDBD_2_KP_TTCGCC40NGAC.fastq.gz	signal	380956	15.2 Mbp	15200000	0	40	54	PASS	PASS	FAIL	PASS	FAIL	PASS	PASS	PASS	PASS	PASS	PASS
RFX3_eDBD_2_KS_TCCACC40NTTA	/scratch/project_2013895/SELEX/data/Yin2017/submitted_ftp/RFX3_eDBD_2_KS_TCCACC40NTTA.fastq.gz	signal	125440	5 Mbp	5000000	0	40	54	PASS	PASS	WARN	PASS	FAIL	PASS	PASS	PASS	PASS	PASS	PASS
RFX4_eDBD_3_KR_TCTATT40NCAT	/scratch/project_2013895/SELEX/data/Yin2017/submitted_ftp/RFX4_eDBD_3_KR_TCTATT40NCAT.fastq.gz	signal	316292	12.6 Mbp	12600000	0	40	54	PASS	PASS	PASS	PASS	WARN	PASS	PASS	PASS	FAIL	PASS	PASS
RFX5_eDBD_3_KO_TTGATG40NATC	/scratch/project_2013895/SELEX/data/Yin2017/submitted_ftp/RFX5_eDBD_3_KO_TTGATG40NATC.fastq.gz	signal	437989	17.5 Mbp	17500000	0	40	53	PASS	PASS	PASS	PASS	WARN	PASS	PASS	PASS	PASS	PASS	PASS
RFX7_eDBD_3_KT_TGAGTT40NCGG	/scratch/project_2013895/SELEX/data/Yin2017/submitted_ftp/RFX7_eDBD_3_KT_TGAGTT40NCGG.fastq.gz	signal	5630	225.2 kbp	225200	0	40	54	PASS	PASS	FAIL	PASS	FAIL	PASS	PASS	PASS	PASS	WARN	PASS
NFAT5_eDBD_4_KS_TGAGCG40NTTG	/scratch/project_2013895/SELEX/data/Yin2017/submitted_ftp/NFAT5_eDBD_4_KS_TGAGCG40NTTG.fastq.gz	signal	292117	11.6 Mbp	11600000	0	40	54	PASS	PASS	PASS	PASS	FAIL	PASS	PASS	PASS	PASS	PASS	PASS
NFATC1_eDBD_2_KS_TTCAAG40NGCC	/scratch/project_2013895/SELEX/data/Yin2017/submitted_ftp/NFATC1_eDBD_2_KS_TTCAAG40NGCC.fastq.gz	signal	39704	1.5 Mbp	1500000	0	40	49	PASS	PASS	WARN	PASS	WARN	PASS	PASS	PASS	PASS	PASS	PASS
NFATC2_eDBD_2_KS_TGAATG40NTAG	/scratch/project_2013895/SELEX/data/Yin2017/submitted_ftp/NFATC2_eDBD_2_KS_TGAATG40NTAG.fastq.gz	signal	94507	3.7 Mbp	3700000	0	40	46	PASS	PASS	FAIL	PASS	FAIL	PASS	PASS	PASS	PASS	PASS	PASS
NFATC3_eDBD_3_KT_TAGATG40NTAT	/scratch/project_2013895/SELEX/data/Yin2017/submitted_ftp/NFATC3_eDBD_3_KT_TAGATG40NTAT.fastq.gz	signal	275555	11 Mbp	11000000	0	40	47	PASS	PASS	FAIL	PASS	FAIL	PASS	PASS	PASS	PASS	PASS	PASS
NFATC4_eDBD_3_KS_TCTTGT40NCAG	/scratch/project_2013895/SELEX/data/Yin2017/submitted_ftp/NFATC4_eDBD_3_KS_TCTTGT40NCAG.fastq.gz	both	221741	8.8 Mbp	8800000	0	40	50	PASS	PASS	PASS	PASS	FAIL	PASS	PASS	PASS	PASS	PASS	PASS
NFATC4_eDBD_4_KS_TCTTGT40NCAG	/scratch/project_2013895/SELEX/data/Yin2017/submitted_ftp/NFATC4_eDBD_4_KS_TCTTGT40NCAG.fastq.gz	signal	274870	10.9 Mbp	10900000	0	40	49	PASS	PASS	PASS	PASS	FAIL	PASS	PASS	PASS	PASS	PASS	PASS
NFKB2_eDBD_4_KS_TCCGGG40NCTC	/scratch/project_2013895/SELEX/data/Yin2017/submitted_ftp/NFKB2_eDBD_4_KS_TCCGGG40NCTC.fastq.gz	signal	253501	10.1 Mbp	10100000	0	40	57	PASS	PASS	PASS	PASS	FAIL	PASS	PASS	PASS	PASS	PASS	PASS
RUNX2_eDBD_3_KP_TCTTGG40NTTA	/scratch/project_2013895/SELEX/data/Yin2017/submitted_ftp/RUNX2_eDBD_3_KP_TCTTGG40NTTA.fastq.gz	signal	254332	10.1 Mbp	10100000	0	40	55	PASS	PASS	WARN	PASS	FAIL	PASS	PASS	PASS	PASS	PASS	PASS
RUNX3_FL_3_KW_TCTGCT40NTGT	/scratch/project_2013895/SELEX/data/Yin2017/submitted_ftp/RUNX3_FL_3_KW_TCTGCT40NTGT.fastq.gz	signal	325892	13 Mbp	13000000	0	40	55	PASS	PASS	PASS	PASS	FAIL	FAIL	PASS	PASS	FAIL	FAIL	PASS
GMEB2_eDBD_4_KQ_TAAATA40NTAT	/scratch/project_2013895/SELEX/data/Yin2017/submitted_ftp/GMEB2_eDBD_4_KQ_TAAATA40NTAT.fastq.gz	signal	427500	17.1 Mbp	17100000	0	40	54	PASS	PASS	PASS	PASS	FAIL	PASS	PASS	PASS	FAIL	FAIL	PASS
GMEB1_FL_4_KX_TCTGCT40NTGT	/scratch/project_2013895/SELEX/data/Yin2017/submitted_ftp/GMEB1_FL_4_KX_TCTGCT40NTGT.fastq.gz	signal	258197	10.3 Mbp	10300000	0	40	51	PASS	PASS	WARN	PASS	WARN	PASS	PASS	PASS	FAIL	FAIL	PASS
SKOR2_eDBD_4_KP_TGGCGT40NCCT	/scratch/project_2013895/SELEX/data/Yin2017/submitted_ftp/SKOR2_eDBD_4_KP_TGGCGT40NCCT.fastq.gz	signal	211264	8.4 Mbp	8400000	0	40	47	PASS	PASS	FAIL	PASS	WARN	WARN	PASS	PASS	PASS	PASS	PASS
SKOR1_eDBD_3_KP_TTTAGG40NTCT	/scratch/project_2013895/SELEX/data/Yin2017/submitted_ftp/SKOR1_eDBD_3_KP_TTTAGG40NTCT.fastq.gz	signal	221554	8.8 Mbp	8800000	0	40	54	PASS	PASS	WARN	PASS	FAIL	PASS	PASS	PASS	PASS	PASS	PASS
T_eDBD_4_KS_TGCCTC40NCAA	/scratch/project_2013895/SELEX/data/Yin2017/submitted_ftp/T_eDBD_4_KS_TGCCTC40NCAA.fastq.gz	signal	472465	18.8 Mbp	18800000	0	40	48	PASS	PASS	PASS	PASS	FAIL	PASS	PASS	PASS	WARN	PASS	PASS
TBX19_eDBD_4_KP_TCTTGT40NCAG	/scratch/project_2013895/SELEX/data/Yin2017/submitted_ftp/TBX19_eDBD_4_KP_TCTTGT40NCAG.fastq.gz	signal	270716	10.8 Mbp	10800000	0	40	48	PASS	PASS	FAIL	PASS	FAIL	PASS	PASS	PASS	PASS	PASS	PASS
EOMES_eDBD_4_KP_TTAGCT40NCCT	/scratch/project_2013895/SELEX/data/Yin2017/submitted_ftp/EOMES_eDBD_4_KP_TTAGCT40NCCT.fastq.gz	signal	288931	11.5 Mbp	11500000	0	40	53	PASS	PASS	FAIL	PASS	FAIL	PASS	PASS	PASS	PASS	PASS	PASS
TBX21_eDBD_4_KP_TTCGTT40NGCC	/scratch/project_2013895/SELEX/data/Yin2017/submitted_ftp/TBX21_eDBD_4_KP_TTCGTT40NGCC.fastq.gz	signal	206836	8.2 Mbp	8199999.999999999	0	40	54	PASS	PASS	FAIL	PASS	FAIL	PASS	PASS	PASS	PASS	PASS	PASS
TBX6_eDBD_3_KV_TGTAGA40NTGT	/scratch/project_2013895/SELEX/data/Yin2017/submitted_ftp/TBX6_eDBD_3_KV_TGTAGA40NTGT.fastq.gz	signal	354748	14.1 Mbp	14100000	0	40	53	PASS	PASS	PASS	PASS	FAIL	PASS	PASS	PASS	PASS	PASS	PASS
TBX3_eDBD_4_KT_TGCCAA40NTAG	/scratch/project_2013895/SELEX/data/Yin2017/submitted_ftp/TBX3_eDBD_4_KT_TGCCAA40NTAG.fastq.gz	signal	236682	9.4 Mbp	9400000	0	40	56	PASS	PASS	WARN	PASS	FAIL	PASS	PASS	PASS	PASS	PASS	PASS
TBX2_eDBD_3_KT_TACCCA40NTGT	/scratch/project_2013895/SELEX/data/Yin2017/submitted_ftp/TBX2_eDBD_3_KT_TACCCA40NTGT.fastq.gz	signal	353334	14.1 Mbp	14100000	0	40	56	PASS	PASS	FAIL	PASS	FAIL	PASS	PASS	PASS	PASS	PASS	PASS
TBX20_eDBD_3_KP_TTGTTA40NGGT	/scratch/project_2013895/SELEX/data/Yin2017/submitted_ftp/TBX20_eDBD_3_KP_TTGTTA40NGGT.fastq.gz	signal	264841	10.5 Mbp	10500000	0	40	49	PASS	PASS	WARN	PASS	FAIL	PASS	PASS	PASS	FAIL	FAIL	PASS
TBX20_FL_4_KAE_TAAGAA40NATA	/scratch/project_2013895/SELEX/data/Yin2017/submitted_ftp/TBX20_FL_4_KAE_TAAGAA40NATA.fastq.gz	signal	245431	9.8 Mbp	9800000	0	40	51	PASS	PASS	PASS	PASS	FAIL	PASS	PASS	PASS	FAIL	WARN	PASS
TBX1_eDBD_4_KP_TTACTA40NAGG	/scratch/project_2013895/SELEX/data/Yin2017/submitted_ftp/TBX1_eDBD_4_KP_TTACTA40NAGG.fastq.gz	signal	186666	7.4 Mbp	7400000	0	40	49	PASS	PASS	FAIL	PASS	FAIL	PASS	PASS	PASS	WARN	FAIL	PASS
TBX18_eDBD_4_KP_TATTTG40NCCA	/scratch/project_2013895/SELEX/data/Yin2017/submitted_ftp/TBX18_eDBD_4_KP_TATTTG40NCCA.fastq.gz	both	254215	10.1 Mbp	10100000	0	40	54	PASS	PASS	FAIL	PASS	FAIL	PASS	PASS	PASS	PASS	FAIL	PASS
TBX15_eDBD_4_KP_TGGGAG40NAGG	/scratch/project_2013895/SELEX/data/Yin2017/submitted_ftp/TBX15_eDBD_4_KP_TGGGAG40NAGG.fastq.gz	signal	107271	4.2 Mbp	4200000	0	40	53	PASS	PASS	FAIL	PASS	WARN	PASS	PASS	PASS	PASS	WARN	PASS
TEAD1_FL_3_KW_TCACGC40NACT	/scratch/project_2013895/SELEX/data/Yin2017/submitted_ftp/TEAD1_FL_3_KW_TCACGC40NACT.fastq.gz	signal	248062	9.9 Mbp	9900000	0	40	53	PASS	PASS	PASS	PASS	FAIL	PASS	PASS	PASS	PASS	PASS	PASS
TEAD2_FL_2_KX_TGAGCG40NTTG	/scratch/project_2013895/SELEX/data/Yin2017/submitted_ftp/TEAD2_FL_2_KX_TGAGCG40NTTG.fastq.gz	signal	161098	6.4 Mbp	6400000	0	40	51	PASS	PASS	WARN	PASS	FAIL	PASS	PASS	PASS	PASS	PASS	PASS
ZNF580_eDBD_4_KP_TTCAGG40NTGC	/scratch/project_2013895/SELEX/data/Yin2017/submitted_ftp/ZNF580_eDBD_4_KP_TTCAGG40NTGC.fastq.gz	signal	241183	9.6 Mbp	9600000	0	40	55	PASS	PASS	FAIL	PASS	WARN	PASS	PASS	PASS	PASS	FAIL	PASS
ZNF580_FL_4_KAE_TGGCCA40NTTC	/scratch/project_2013895/SELEX/data/Yin2017/submitted_ftp/ZNF580_FL_4_KAE_TGGCCA40NTTC.fastq.gz	signal	231604	9.2 Mbp	9200000	0	40	54	PASS	PASS	PASS	PASS	FAIL	PASS	PASS	PASS	PASS	PASS	PASS
OSR2_eDBD_2_KP_TGCACG40NTTG	/scratch/project_2013895/SELEX/data/Yin2017/submitted_ftp/OSR2_eDBD_2_KP_TGCACG40NTTG.fastq.gz	signal	405397	16.2 Mbp	16200000	0	40	54	PASS	PASS	FAIL	PASS	WARN	PASS	PASS	PASS	PASS	PASS	PASS
OSR1_eDBD_3_KS_TGGAGA40NCCA	/scratch/project_2013895/SELEX/data/Yin2017/submitted_ftp/OSR1_eDBD_3_KS_TGGAGA40NCCA.fastq.gz	signal	261279	10.4 Mbp	10400000	0	40	53	PASS	PASS	PASS	PASS	WARN	PASS	PASS	PASS	PASS	PASS	PASS
ZNF410_eDBD_2_KR_TTTATT40NATC	/scratch/project_2013895/SELEX/data/Yin2017/submitted_ftp/ZNF410_eDBD_2_KR_TTTATT40NATC.fastq.gz	signal	353262	14.1 Mbp	14100000	0	40	52	PASS	PASS	PASS	PASS	FAIL	PASS	PASS	PASS	PASS	PASS	PASS
ZNF281_eDBD_4_KR_TAAAGT40NAGC	/scratch/project_2013895/SELEX/data/Yin2017/submitted_ftp/ZNF281_eDBD_4_KR_TAAAGT40NAGC.fastq.gz	signal	221775	8.8 Mbp	8800000	0	40	57	PASS	PASS	PASS	PASS	FAIL	WARN	PASS	PASS	PASS	WARN	PASS
GFI1_eDBD_4_KR_TCTGCT40NTGT	/scratch/project_2013895/SELEX/data/Yin2017/submitted_ftp/GFI1_eDBD_4_KR_TCTGCT40NTGT.fastq.gz	signal	363697	14.5 Mbp	14500000	0	40	52	PASS	PASS	PASS	PASS	FAIL	PASS	PASS	PASS	WARN	PASS	PASS
GFI1B_eDBD_2_KR_TTCTCA40NCCT	/scratch/project_2013895/SELEX/data/Yin2017/submitted_ftp/GFI1B_eDBD_2_KR_TTCTCA40NCCT.fastq.gz	signal	292015	11.6 Mbp	11600000	0	40	50	PASS	PASS	PASS	PASS	WARN	PASS	PASS	PASS	PASS	PASS	PASS
ZFP42_eDBD_4_KS_TAGTGC40NATG	/scratch/project_2013895/SELEX/data/Yin2017/submitted_ftp/ZFP42_eDBD_4_KS_TAGTGC40NATG.fastq.gz	signal	272361	10.8 Mbp	10800000	0	40	55	PASS	PASS	PASS	PASS	FAIL	PASS	PASS	PASS	PASS	PASS	PASS
ZFP41_FL_2_KV_TCAGAA40NAGG	/scratch/project_2013895/SELEX/data/Yin2017/submitted_ftp/ZFP41_FL_2_KV_TCAGAA40NAGG.fastq.gz	signal	309541	12.3 Mbp	12300000	0	40	55	PASS	PASS	PASS	PASS	WARN	PASS	PASS	PASS	PASS	PASS	PASS
ZNF32_FL_4_KAE_TAGGTC40NACG	/scratch/project_2013895/SELEX/data/Yin2017/submitted_ftp/ZNF32_FL_4_KAE_TAGGTC40NACG.fastq.gz	signal	270843	10.8 Mbp	10800000	0	40	51	PASS	PASS	PASS	PASS	FAIL	PASS	PASS	PASS	PASS	PASS	PASS
ZNF384_eDBD_4_KT_TAAATT40NCTG	/scratch/project_2013895/SELEX/data/Yin2017/submitted_ftp/ZNF384_eDBD_4_KT_TAAATT40NCTG.fastq.gz	signal	163861	6.5 Mbp	6500000	0	40	48	PASS	PASS	WARN	PASS	WARN	WARN	PASS	PASS	PASS	PASS	PASS
BCL11B_eDBD_4_KT_TTCACC40NGCT	/scratch/project_2013895/SELEX/data/Yin2017/submitted_ftp/BCL11B_eDBD_4_KT_TTCACC40NGCT.fastq.gz	signal	255329	10.2 Mbp	10200000	0	40	56	PASS	PASS	WARN	PASS	FAIL	PASS	PASS	PASS	PASS	PASS	PASS
ZNF345_eDBD_3_KT_TGTGGT40NGGC	/scratch/project_2013895/SELEX/data/Yin2017/submitted_ftp/ZNF345_eDBD_3_KT_TGTGGT40NGGC.fastq.gz	signal	243676	9.7 Mbp	9700000	0	40	54	PASS	PASS	FAIL	PASS	WARN	PASS	PASS	PASS	PASS	PASS	PASS
ZNF296_eDBD_4_KS_TTAAGT40NCCT	/scratch/project_2013895/SELEX/data/Yin2017/submitted_ftp/ZNF296_eDBD_4_KS_TTAAGT40NCCT.fastq.gz	signal	187384	7.4 Mbp	7400000	0	40	57	PASS	PASS	PASS	PASS	FAIL	PASS	PASS	PASS	PASS	PASS	PASS
ZNF771_eDBD_3_KT_TCTGCA40NATA	/scratch/project_2013895/SELEX/data/Yin2017/submitted_ftp/ZNF771_eDBD_3_KT_TCTGCA40NATA.fastq.gz	signal	264287	10.5 Mbp	10500000	0	40	54	PASS	PASS	FAIL	PASS	FAIL	PASS	PASS	PASS	PASS	PASS	PASS
ZNF771_FL_2_KV_TGCTCA40NCTG	/scratch/project_2013895/SELEX/data/Yin2017/submitted_ftp/ZNF771_FL_2_KV_TGCTCA40NCTG.fastq.gz	signal	300428	12 Mbp	12000000	0	40	53	PASS	PASS	PASS	PASS	WARN	PASS	PASS	PASS	PASS	PASS	PASS
ZNF76_eDBD_3_KT_TGACAA40NACT	/scratch/project_2013895/SELEX/data/Yin2017/submitted_ftp/ZNF76_eDBD_3_KT_TGACAA40NACT.fastq.gz	signal	251367	10 Mbp	10000000	0	40	54	PASS	PASS	FAIL	PASS	FAIL	PASS	PASS	PASS	PASS	PASS	PASS
ZNF276_eDBD_4_KT_TGCTCA40NCTG	/scratch/project_2013895/SELEX/data/Yin2017/submitted_ftp/ZNF276_eDBD_4_KT_TGCTCA40NCTG.fastq.gz	signal	318437	12.7 Mbp	12700000	0	40	50	PASS	PASS	WARN	PASS	WARN	WARN	PASS	PASS	WARN	WARN	PASS
ZNF501_FL_4_KAE_TGTTTA40NACG	/scratch/project_2013895/SELEX/data/Yin2017/submitted_ftp/ZNF501_FL_4_KAE_TGTTTA40NACG.fastq.gz	signal	278961	11.1 Mbp	11100000	0	40	56	PASS	PASS	PASS	PASS	WARN	PASS	PASS	PASS	PASS	PASS	PASS
ZNF784_FL_2_KV_TACCAA40NTTA	/scratch/project_2013895/SELEX/data/Yin2017/submitted_ftp/ZNF784_FL_2_KV_TACCAA40NTTA.fastq.gz	signal	301464	12 Mbp	12000000	0	40	53	PASS	PASS	PASS	PASS	FAIL	PASS	PASS	PASS	PASS	PASS	PASS
ZNF787_FL_4_KV_TCTGCC40NCAC	/scratch/project_2013895/SELEX/data/Yin2017/submitted_ftp/ZNF787_FL_4_KV_TCTGCC40NCAC.fastq.gz	signal	318435	12.7 Mbp	12700000	0	40	55	PASS	PASS	PASS	PASS	FAIL	PASS	PASS	PASS	PASS	PASS	PASS
ZNF660_FL_2_KV_TGCACG40NTTG	/scratch/project_2013895/SELEX/data/Yin2017/submitted_ftp/ZNF660_FL_2_KV_TGCACG40NTTG.fastq.gz	signal	351089	14 Mbp	14000000	0	40	52	PASS	PASS	PASS	PASS	WARN	PASS	PASS	PASS	PASS	PASS	PASS
ZNF704_FL_2_KV_TATTTC40NGCA	/scratch/project_2013895/SELEX/data/Yin2017/submitted_ftp/ZNF704_FL_2_KV_TATTTC40NGCA.fastq.gz	signal	384221	15.3 Mbp	15300000	0	40	57	PASS	PASS	PASS	PASS	FAIL	PASS	PASS	PASS	PASS	PASS	PASS
ZNF821_FL_4_KX_TGAGTT40NCGG	/scratch/project_2013895/SELEX/data/Yin2017/submitted_ftp/ZNF821_FL_4_KX_TGAGTT40NCGG.fastq.gz	signal	269133	10.7 Mbp	10700000	0	40	54	PASS	PASS	WARN	PASS	FAIL	PASS	PASS	PASS	WARN	PASS	PASS
ZNF524_FL_3_KX_TTGATG40NATC	/scratch/project_2013895/SELEX/data/Yin2017/submitted_ftp/ZNF524_FL_3_KX_TTGATG40NATC.fastq.gz	signal	191372	7.6 Mbp	7600000	0	40	53	PASS	PASS	PASS	PASS	WARN	PASS	PASS	PASS	PASS	PASS	PASS
ZBTB26_FL_3_KAE_TGAAGG40NGAT	/scratch/project_2013895/SELEX/data/Yin2017/submitted_ftp/ZBTB26_FL_3_KAE_TGAAGG40NGAT.fastq.gz	signal	149645	5.9 Mbp	5900000	0	40	50	PASS	PASS	PASS	PASS	FAIL	PASS	PASS	PASS	PASS	PASS	PASS
ZSCAN1_eDBD_2_KP_TGCTCC40NCCG	/scratch/project_2013895/SELEX/data/Yin2017/submitted_ftp/ZSCAN1_eDBD_2_KP_TGCTCC40NCCG.fastq.gz	signal	359090	14.3 Mbp	14300000	0	40	48	PASS	PASS	FAIL	PASS	WARN	PASS	PASS	PASS	PASS	PASS	PASS
ZSCAN4_eDBD_2_KP_TAGAGA40NCGC	/scratch/project_2013895/SELEX/data/Yin2017/submitted_ftp/ZSCAN4_eDBD_2_KP_TAGAGA40NCGC.fastq.gz	signal	400606	16 Mbp	16000000	0	40	53	PASS	PASS	FAIL	PASS	WARN	PASS	PASS	PASS	PASS	PASS	PASS
ZSCAN9_eDBD_3_KR_TAAATT40NCTG	/scratch/project_2013895/SELEX/data/Yin2017/submitted_ftp/ZSCAN9_eDBD_3_KR_TAAATT40NCTG.fastq.gz	signal	172538	6.9 Mbp	6900000	0	40	54	PASS	PASS	PASS	PASS	WARN	PASS	PASS	PASS	PASS	WARN	PASS
ZSCAN23_eDBD_3_KR_TACTAC40NGCC	/scratch/project_2013895/SELEX/data/Yin2017/submitted_ftp/ZSCAN23_eDBD_3_KR_TACTAC40NGCC.fastq.gz	signal	171289	6.8 Mbp	6800000	0	40	58	PASS	PASS	PASS	PASS	FAIL	WARN	PASS	PASS	PASS	PASS	PASS
ZSCAN16_eDBD_4_KR_TCCACC40NTTA	/scratch/project_2013895/SELEX/data/Yin2017/submitted_ftp/ZSCAN16_eDBD_4_KR_TCCACC40NTTA.fastq.gz	signal	351483	14 Mbp	14000000	0	40	49	PASS	PASS	PASS	PASS	FAIL	FAIL	PASS	PASS	FAIL	FAIL	PASS
ZSCAN16_FL_3_KW_TGGCTA40NTCC	/scratch/project_2013895/SELEX/data/Yin2017/submitted_ftp/ZSCAN16_FL_3_KW_TGGCTA40NTCC.fastq.gz	signal	308333	12.3 Mbp	12300000	0	40	54	PASS	PASS	PASS	PASS	WARN	PASS	PASS	PASS	PASS	PASS	PASS
ZNF174_eDBD_3_KS_TACCGA40NATA	/scratch/project_2013895/SELEX/data/Yin2017/submitted_ftp/ZNF174_eDBD_3_KS_TACCGA40NATA.fastq.gz	signal	235880	9.4 Mbp	9400000	0	40	57	PASS	PASS	PASS	PASS	FAIL	PASS	PASS	PASS	PASS	PASS	PASS
ZNF263_eDBD_4_KS_TTAGTA40NCTC	/scratch/project_2013895/SELEX/data/Yin2017/submitted_ftp/ZNF263_eDBD_4_KS_TTAGTA40NCTC.fastq.gz	signal	207324	8.2 Mbp	8199999.999999999	0	40	55	PASS	PASS	PASS	PASS	FAIL	PASS	PASS	PASS	PASS	PASS	PASS
ZNF449_eDBD_4_KT_TGCGAG40NTTC	/scratch/project_2013895/SELEX/data/Yin2017/submitted_ftp/ZNF449_eDBD_4_KT_TGCGAG40NTTC.fastq.gz	signal	215159	8.6 Mbp	8600000	0	40	58	PASS	PASS	WARN	PASS	FAIL	PASS	PASS	PASS	PASS	PASS	PASS
ZNF396_FL_4_KW_TTAAAT40NAAT	/scratch/project_2013895/SELEX/data/Yin2017/submitted_ftp/ZNF396_FL_4_KW_TTAAAT40NAAT.fastq.gz	signal	213451	8.5 Mbp	8500000	0	40	55	PASS	PASS	WARN	PASS	FAIL	WARN	PASS	PASS	WARN	WARN	PASS
ZNF444_FL_3_KAE_TCCTGC40NTCG	/scratch/project_2013895/SELEX/data/Yin2017/submitted_ftp/ZNF444_FL_3_KAE_TCCTGC40NTCG.fastq.gz	signal	226518	9 Mbp	9000000	0	40	55	PASS	PASS	PASS	PASS	WARN	PASS	PASS	PASS	PASS	PASS	PASS
ZNF274_eDBD_3_KV_TGCAGT40NAAG	/scratch/project_2013895/SELEX/data/Yin2017/submitted_ftp/ZNF274_eDBD_3_KV_TGCAGT40NAAG.fastq.gz	signal	301640	12 Mbp	12000000	0	40	51	PASS	PASS	PASS	PASS	WARN	PASS	PASS	PASS	PASS	WARN	PASS
MBNL2_FL_4_KZ_TCTAAG40NTTA	/scratch/project_2013895/SELEX/data/Yin2017/submitted_ftp/MBNL2_FL_4_KZ_TCTAAG40NTTA.fastq.gz	signal	307560	12.3 Mbp	12300000	0	40	57	PASS	PASS	WARN	PASS	FAIL	PASS	PASS	PASS	PASS	WARN	PASS
CPSF4_FL_4_KZ_TTGTCC40NTAG	/scratch/project_2013895/SELEX/data/Yin2017/submitted_ftp/CPSF4_FL_4_KZ_TTGTCC40NTAG.fastq.gz	signal	231163	9.2 Mbp	9200000	0	40	52	PASS	PASS	PASS	PASS	FAIL	PASS	PASS	PASS	PASS	WARN	PASS
EGR1_eDBD_2_KR_TTGTAC40NGTA	/scratch/project_2013895/SELEX/data/Yin2017/submitted_ftp/EGR1_eDBD_2_KR_TTGTAC40NGTA.fastq.gz	signal	376481	15 Mbp	15000000	0	40	63	PASS	PASS	PASS	PASS	FAIL	PASS	PASS	PASS	PASS	PASS	PASS
EGR2_FL_4_KX_TACCCT40NTTA	/scratch/project_2013895/SELEX/data/Yin2017/submitted_ftp/EGR2_FL_4_KX_TACCCT40NTTA.fastq.gz	signal	222895	8.9 Mbp	8900000	0	40	57	PASS	PASS	WARN	PASS	WARN	PASS	PASS	PASS	PASS	WARN	PASS
EGR3_FL_2_KW_TCCATC40NTGA	/scratch/project_2013895/SELEX/data/Yin2017/submitted_ftp/EGR3_FL_2_KW_TCCATC40NTGA.fastq.gz	signal	252416	10 Mbp	10000000	0	40	59	PASS	PASS	FAIL	PASS	FAIL	PASS	PASS	PASS	PASS	PASS	PASS
EGR4_eDBD_2_KP_TTTCTA40NCAT	/scratch/project_2013895/SELEX/data/Yin2017/submitted_ftp/EGR4_eDBD_2_KP_TTTCTA40NCAT.fastq.gz	signal	314332	12.5 Mbp	12500000	0	40	59	PASS	PASS	FAIL	PASS	FAIL	PASS	PASS	PASS	PASS	PASS	PASS
SP8_eDBD_4_KP_TCGCCG40NTGC	/scratch/project_2013895/SELEX/data/Yin2017/submitted_ftp/SP8_eDBD_4_KP_TCGCCG40NTGC.fastq.gz	signal	147904	5.9 Mbp	5900000	0	40	64	PASS	PASS	FAIL	PASS	FAIL	WARN	PASS	PASS	PASS	PASS	PASS
SP9_eDBD_4_KP_TACCGA40NATA	/scratch/project_2013895/SELEX/data/Yin2017/submitted_ftp/SP9_eDBD_4_KP_TACCGA40NATA.fastq.gz	signal	258320	10.3 Mbp	10300000	0	40	60	PASS	PASS	FAIL	PASS	FAIL	WARN	PASS	PASS	PASS	PASS	PASS
SP1_eDBD_2_KV_TACCCA40NTGT	/scratch/project_2013895/SELEX/data/Yin2017/submitted_ftp/SP1_eDBD_2_KV_TACCCA40NTGT.fastq.gz	signal	413275	16.5 Mbp	16500000	0	40	56	PASS	PASS	PASS	PASS	FAIL	PASS	PASS	PASS	PASS	PASS	PASS
SP3_eDBD_4_KR_TTCACC40NGCT	/scratch/project_2013895/SELEX/data/Yin2017/submitted_ftp/SP3_eDBD_4_KR_TTCACC40NGCT.fastq.gz	signal	322524	12.9 Mbp	12900000	0	40	58	PASS	PASS	PASS	PASS	FAIL	PASS	PASS	PASS	PASS	PASS	PASS
SP2_eDBD_3_KV_TACGAA40NAGA	/scratch/project_2013895/SELEX/data/Yin2017/submitted_ftp/SP2_eDBD_3_KV_TACGAA40NAGA.fastq.gz	signal	312734	12.5 Mbp	12500000	0	40	55	PASS	PASS	PASS	PASS	WARN	PASS	PASS	PASS	PASS	PASS	PASS
KLF15_eDBD_4_KT_TCATGA40NAGT	/scratch/project_2013895/SELEX/data/Yin2017/submitted_ftp/KLF15_eDBD_4_KT_TCATGA40NAGT.fastq.gz	signal	287690	11.5 Mbp	11500000	0	40	59	PASS	PASS	WARN	PASS	FAIL	PASS	PASS	PASS	PASS	PASS	PASS
KLF15_FL_4_KW_TGGTCG40NTAA	/scratch/project_2013895/SELEX/data/Yin2017/submitted_ftp/KLF15_FL_4_KW_TGGTCG40NTAA.fastq.gz	signal	191125	7.6 Mbp	7600000	0	40	58	PASS	PASS	WARN	PASS	FAIL	PASS	PASS	PASS	PASS	PASS	PASS
KLF3_FL_3_KAF_TTACAA40NTAC	/scratch/project_2013895/SELEX/data/Yin2017/submitted_ftp/KLF3_FL_3_KAF_TTACAA40NTAC.fastq.gz	signal	290217	11.6 Mbp	11600000	0	40	55	PASS	PASS	FAIL	PASS	FAIL	PASS	PASS	PASS	PASS	PASS	PASS
KLF5_eDBD_4_KS_TGTGAT40NGCA	/scratch/project_2013895/SELEX/data/Yin2017/submitted_ftp/KLF5_eDBD_4_KS_TGTGAT40NGCA.fastq.gz	signal	246832	9.8 Mbp	9800000	0	40	58	PASS	PASS	PASS	PASS	FAIL	PASS	PASS	PASS	PASS	WARN	PASS
KLF6_eDBD_4_KW_TGCTCC40NCCG	/scratch/project_2013895/SELEX/data/Yin2017/submitted_ftp/KLF6_eDBD_4_KW_TGCTCC40NCCG.fastq.gz	signal	287101	11.4 Mbp	11400000	0	40	54	PASS	PASS	WARN	PASS	FAIL	PASS	PASS	PASS	PASS	PASS	PASS
KLF12_FL_3_KX_TTTGAG40NATT	/scratch/project_2013895/SELEX/data/Yin2017/submitted_ftp/KLF12_FL_3_KX_TTTGAG40NATT.fastq.gz	signal	260620	10.4 Mbp	10400000	0	40	58	PASS	PASS	PASS	PASS	FAIL	PASS	PASS	PASS	PASS	PASS	PASS
KLF2_eDBD_2_KP_TCGGTG40NCAA	/scratch/project_2013895/SELEX/data/Yin2017/submitted_ftp/KLF2_eDBD_2_KP_TCGGTG40NCAA.fastq.gz	signal	368458	14.7 Mbp	14700000	0	40	57	PASS	PASS	FAIL	PASS	FAIL	PASS	PASS	PASS	PASS	PASS	PASS
KLF4_eDBD_4_KT_TAGAGA40NCGC	/scratch/project_2013895/SELEX/data/Yin2017/submitted_ftp/KLF4_eDBD_4_KT_TAGAGA40NCGC.fastq.gz	signal	217760	8.7 Mbp	8700000	0	40	60	PASS	PASS	WARN	PASS	FAIL	PASS	PASS	PASS	PASS	PASS	PASS
KLF10_eDBD_4_KR_TATGTA40NTGT	/scratch/project_2013895/SELEX/data/Yin2017/submitted_ftp/KLF10_eDBD_4_KR_TATGTA40NTGT.fastq.gz	signal	312957	12.5 Mbp	12500000	0	40	65	PASS	PASS	PASS	PASS	FAIL	PASS	PASS	PASS	FAIL	WARN	PASS
KLF11_eDBD_4_KR_TCTCTC40NTTG	/scratch/project_2013895/SELEX/data/Yin2017/submitted_ftp/KLF11_eDBD_4_KR_TCTCTC40NTTG.fastq.gz	signal	290770	11.6 Mbp	11600000	0	40	67	PASS	PASS	PASS	PASS	FAIL	PASS	PASS	PASS	PASS	PASS	PASS
KLF13_eDBD_2_KP_TACTTA40NCTA	/scratch/project_2013895/SELEX/data/Yin2017/submitted_ftp/KLF13_eDBD_2_KP_TACTTA40NCTA.fastq.gz	signal	299674	11.9 Mbp	11900000	0	40	60	PASS	PASS	FAIL	PASS	FAIL	PASS	PASS	PASS	PASS	PASS	PASS
KLF13_FL_2_KV_TATATA40NGCT	/scratch/project_2013895/SELEX/data/Yin2017/submitted_ftp/KLF13_FL_2_KV_TATATA40NGCT.fastq.gz	signal	341555	13.6 Mbp	13600000	0	40	60	PASS	PASS	PASS	PASS	FAIL	PASS	PASS	PASS	PASS	PASS	PASS
KLF14_eDBD_2_KP_TAAGGC40NTGA	/scratch/project_2013895/SELEX/data/Yin2017/submitted_ftp/KLF14_eDBD_2_KP_TAAGGC40NTGA.fastq.gz	signal	218404	8.7 Mbp	8700000	0	40	60	PASS	PASS	FAIL	PASS	FAIL	PASS	PASS	PASS	PASS	PASS	PASS
KLF16_eDBD_4_KP_TGCTTT40NAGA	/scratch/project_2013895/SELEX/data/Yin2017/submitted_ftp/KLF16_eDBD_4_KP_TGCTTT40NAGA.fastq.gz	signal	265542	10.6 Mbp	10600000	0	40	63	PASS	PASS	FAIL	PASS	FAIL	PASS	PASS	PASS	PASS	PASS	PASS
GATA2_eDBD_2_KR_TGAGGT40NTCC	/scratch/project_2013895/SELEX/data/Yin2017/submitted_ftp/GATA2_eDBD_2_KR_TGAGGT40NTCC.fastq.gz	signal	358515	14.3 Mbp	14300000	0	40	48	PASS	PASS	PASS	PASS	PASS	PASS	PASS	PASS	PASS	PASS	PASS
GATA3_FL_3_KX_TTCGTT40NGCC	/scratch/project_2013895/SELEX/data/Yin2017/submitted_ftp/GATA3_FL_3_KX_TTCGTT40NGCC.fastq.gz	signal	279011	11.1 Mbp	11100000	0	40	48	PASS	PASS	PASS	PASS	FAIL	PASS	PASS	PASS	PASS	PASS	PASS
GATA1_eDBD_4_KN_TTATAT40NACC	/scratch/project_2013895/SELEX/data/Yin2017/submitted_ftp/GATA1_eDBD_4_KN_TTATAT40NACC.fastq.gz	signal	153024	6.1 Mbp	6100000	0	40	49	PASS	PASS	WARN	PASS	FAIL	WARN	PASS	PASS	PASS	PASS	PASS
GATA5_eDBD_2_KP_TCCTCG40NCAG	/scratch/project_2013895/SELEX/data/Yin2017/submitted_ftp/GATA5_eDBD_2_KP_TCCTCG40NCAG.fastq.gz	signal	358896	14.3 Mbp	14300000	0	40	49	PASS	PASS	FAIL	PASS	FAIL	PASS	PASS	PASS	PASS	PASS	PASS
GATA5_FL_2_KW_TTAGAG40NCGG	/scratch/project_2013895/SELEX/data/Yin2017/submitted_ftp/GATA5_FL_2_KW_TTAGAG40NCGG.fastq.gz	signal	182509	7.3 Mbp	7300000	0	40	45	PASS	PASS	FAIL	PASS	FAIL	PASS	PASS	PASS	PASS	PASS	PASS
GATA4_eDBD_2_KP_TTAGAG40NCGG	/scratch/project_2013895/SELEX/data/Yin2017/submitted_ftp/GATA4_eDBD_2_KP_TTAGAG40NCGG.fastq.gz	signal	359019	14.3 Mbp	14300000	0	40	46	PASS	PASS	FAIL	PASS	FAIL	PASS	PASS	PASS	PASS	PASS	PASS
GATA6_eDBD_3_KS_TCCATC40NTGA	/scratch/project_2013895/SELEX/data/Yin2017/submitted_ftp/GATA6_eDBD_3_KS_TCCATC40NTGA.fastq.gz	signal	360651	14.4 Mbp	14400000	0	40	50	PASS	PASS	PASS	PASS	WARN	PASS	PASS	PASS	PASS	PASS	PASS
GLI2_eDBD_3_KS_TGGAGT40NTGG	/scratch/project_2013895/SELEX/data/Yin2017/submitted_ftp/GLI2_eDBD_3_KS_TGGAGT40NTGG.fastq.gz	signal	213018	8.5 Mbp	8500000	0	40	60	PASS	PASS	PASS	PASS	FAIL	PASS	PASS	PASS	PASS	PASS	PASS
GLI3_eDBD_2_KP_TCAAAC40NAAC	/scratch/project_2013895/SELEX/data/Yin2017/submitted_ftp/GLI3_eDBD_2_KP_TCAAAC40NAAC.fastq.gz	signal	281948	11.2 Mbp	11200000	0	40	59	PASS	PASS	FAIL	PASS	FAIL	PASS	PASS	PASS	PASS	PASS	PASS
GLIS1_eDBD_3_KS_TTTGTA40NTCC	/scratch/project_2013895/SELEX/data/Yin2017/submitted_ftp/GLIS1_eDBD_3_KS_TTTGTA40NTCC.fastq.gz	signal	315061	12.6 Mbp	12600000	0	40	51	PASS	PASS	PASS	PASS	FAIL	PASS	PASS	PASS	PASS	PASS	PASS
GLIS2_eDBD_4_KP_TCGCCC40NCAT	/scratch/project_2013895/SELEX/data/Yin2017/submitted_ftp/GLIS2_eDBD_4_KP_TCGCCC40NCAT.fastq.gz	signal	137125	5.4 Mbp	5400000	0	40	58	PASS	PASS	FAIL	PASS	FAIL	PASS	PASS	PASS	PASS	WARN	PASS
ZIC1_eDBD_4_KR_TCACGC40NACT	/scratch/project_2013895/SELEX/data/Yin2017/submitted_ftp/ZIC1_eDBD_4_KR_TCACGC40NACT.fastq.gz	signal	339967	13.5 Mbp	13500000	0	40	63	PASS	PASS	PASS	PASS	FAIL	PASS	PASS	PASS	PASS	PASS	PASS
ZIC1_FL_4_KW_TTTATT40NATC	/scratch/project_2013895/SELEX/data/Yin2017/submitted_ftp/ZIC1_FL_4_KW_TTTATT40NATC.fastq.gz	signal	226645	9 Mbp	9000000	0	40	64	PASS	PASS	PASS	PASS	FAIL	PASS	PASS	PASS	PASS	FAIL	PASS
ZIC3_eDBD_2_KR_TAGCGC40NCGC	/scratch/project_2013895/SELEX/data/Yin2017/submitted_ftp/ZIC3_eDBD_2_KR_TAGCGC40NCGC.fastq.gz	signal	342435	13.6 Mbp	13600000	0	40	50	PASS	PASS	PASS	PASS	FAIL	PASS	PASS	PASS	PASS	PASS	PASS
ZIC3_FL_4_KZ_TGTAGA40NTGT	/scratch/project_2013895/SELEX/data/Yin2017/submitted_ftp/ZIC3_FL_4_KZ_TGTAGA40NTGT.fastq.gz	signal	240712	9.6 Mbp	9600000	0	40	63	PASS	PASS	PASS	PASS	FAIL	PASS	PASS	PASS	PASS	PASS	PASS
ZIC4_eDBD_4_KT_TCTATT40NCAT	/scratch/project_2013895/SELEX/data/Yin2017/submitted_ftp/ZIC4_eDBD_4_KT_TCTATT40NCAT.fastq.gz	signal	234739	9.3 Mbp	9300000	0	40	61	PASS	PASS	WARN	PASS	FAIL	PASS	PASS	PASS	PASS	PASS	PASS
ZIC5_eDBD_3_KV_TCGGGT40NAAG	/scratch/project_2013895/SELEX/data/Yin2017/submitted_ftp/ZIC5_eDBD_3_KV_TCGGGT40NAAG.fastq.gz	signal	231117	9.2 Mbp	9200000	0	40	57	PASS	PASS	PASS	PASS	FAIL	PASS	PASS	PASS	PASS	PASS	PASS
ZBTB7A_eDBD_4_KR_TGAGGA40NTTG	/scratch/project_2013895/SELEX/data/Yin2017/submitted_ftp/ZBTB7A_eDBD_4_KR_TGAGGA40NTTG.fastq.gz	signal	319646	12.7 Mbp	12700000	0	40	60	PASS	PASS	PASS	PASS	FAIL	PASS	PASS	PASS	PASS	WARN	PASS
ZBTB7B_eDBD_3_KS_TCTAAG40NTTA	/scratch/project_2013895/SELEX/data/Yin2017/submitted_ftp/ZBTB7B_eDBD_3_KS_TCTAAG40NTTA.fastq.gz	signal	209766	8.3 Mbp	8300000.000000001	0	40	59	PASS	PASS	PASS	PASS	FAIL	PASS	PASS	PASS	PASS	PASS	PASS
ZNF740_eDBD_4_KP_TTGATG40NATC	/scratch/project_2013895/SELEX/data/Yin2017/submitted_ftp/ZNF740_eDBD_4_KP_TTGATG40NATC.fastq.gz	signal	208289	8.3 Mbp	8300000.000000001	0	40	46	PASS	PASS	FAIL	PASS	FAIL	FAIL	PASS	PASS	FAIL	FAIL	PASS
ZNF740_FL_3_KW_TTATTT40NCGT	/scratch/project_2013895/SELEX/data/Yin2017/submitted_ftp/ZNF740_FL_3_KW_TTATTT40NCGT.fastq.gz	signal	219585	8.7 Mbp	8700000	0	40	58	PASS	PASS	PASS	PASS	FAIL	PASS	PASS	PASS	PASS	PASS	PASS
ZBED1_eDBD_3_KV_TACCCT40NTTA	/scratch/project_2013895/SELEX/data/Yin2017/submitted_ftp/ZBED1_eDBD_3_KV_TACCCT40NTTA.fastq.gz	signal	242972	9.7 Mbp	9700000	0	40	53	PASS	PASS	PASS	PASS	WARN	PASS	PASS	PASS	PASS	PASS	PASS
DPF1_eDBD_3_KP_TTGCTT40NCCA	/scratch/project_2013895/SELEX/data/Yin2017/submitted_ftp/DPF1_eDBD_3_KP_TTGCTT40NCCA.fastq.gz	signal	157416	6.2 Mbp	6200000	0	40	53	PASS	PASS	WARN	PASS	WARN	WARN	PASS	PASS	PASS	PASS	PASS
PRDM1_eDBD_4_KS_TATATA40NGCT	/scratch/project_2013895/SELEX/data/Yin2017/submitted_ftp/PRDM1_eDBD_4_KS_TATATA40NGCT.fastq.gz	signal	379844	15.1 Mbp	15100000	0	40	52	PASS	PASS	PASS	PASS	FAIL	PASS	PASS	PASS	PASS	PASS	PASS
PRDM4_eDBD_4_KT_TGTACA40NGTA	/scratch/project_2013895/SELEX/data/Yin2017/submitted_ftp/PRDM4_eDBD_4_KT_TGTACA40NGTA.fastq.gz	signal	191743	7.6 Mbp	7600000	0	40	55	PASS	PASS	WARN	PASS	FAIL	PASS	PASS	PASS	WARN	WARN	PASS
XPA_FL_4_KX_TCACGC40NACT	/scratch/project_2013895/SELEX/data/Yin2017/submitted_ftp/XPA_FL_4_KX_TCACGC40NACT.fastq.gz	signal	628644	25.1 Mbp	25100000	0	40	56	PASS	PASS	WARN	PASS	FAIL	PASS	PASS	PASS	PASS	PASS	PASS
LIN28B_FL_4_KV_TTTGAC40NGGT	/scratch/project_2013895/SELEX/data/Yin2017/submitted_ftp/LIN28B_FL_4_KV_TTTGAC40NGGT.fastq.gz	signal	324926	12.9 Mbp	12900000	0	40	53	PASS	PASS	PASS	PASS	WARN	PASS	PASS	PASS	PASS	PASS	PASS
SCRT1_eDBD_2_KP_TTCGGC40NAGC	/scratch/project_2013895/SELEX/data/Yin2017/submitted_ftp/SCRT1_eDBD_2_KP_TTCGGC40NAGC.fastq.gz	signal	325581	13 Mbp	13000000	0	40	52	PASS	PASS	FAIL	PASS	WARN	PASS	PASS	PASS	PASS	PASS	PASS
SCRT2_eDBD_2_KP_TCAGAA40NAGG	/scratch/project_2013895/SELEX/data/Yin2017/submitted_ftp/SCRT2_eDBD_2_KP_TCAGAA40NAGG.fastq.gz	signal	345421	13.8 Mbp	13800000	0	40	54	PASS	PASS	FAIL	PASS	WARN	PASS	PASS	PASS	PASS	PASS	PASS
SNAI1_eDBD_3_KT_TAGCGC40NCGC	/scratch/project_2013895/SELEX/data/Yin2017/submitted_ftp/SNAI1_eDBD_3_KT_TAGCGC40NCGC.fastq.gz	signal	320700	12.8 Mbp	12800000	0	40	53	PASS	PASS	FAIL	PASS	FAIL	PASS	PASS	PASS	PASS	PASS	PASS
SNAI1_FL_3_KV_TTGTGG40NCGG	/scratch/project_2013895/SELEX/data/Yin2017/submitted_ftp/SNAI1_FL_3_KV_TTGTGG40NCGG.fastq.gz	signal	319166	12.7 Mbp	12700000	0	40	54	PASS	PASS	PASS	PASS	FAIL	PASS	PASS	PASS	PASS	PASS	PASS
SNAI2_eDBD_3_KR_TTAACA40NTGT	/scratch/project_2013895/SELEX/data/Yin2017/submitted_ftp/SNAI2_eDBD_3_KR_TTAACA40NTGT.fastq.gz	signal	253568	10.1 Mbp	10100000	0	40	56	PASS	PASS	PASS	PASS	FAIL	PASS	PASS	PASS	PASS	PASS	PASS
SNAI2_FL_3_KV_TACCTT40NCGA	/scratch/project_2013895/SELEX/data/Yin2017/submitted_ftp/SNAI2_FL_3_KV_TACCTT40NCGA.fastq.gz	signal	478986	19.1 Mbp	19100000	0	40	56	PASS	PASS	PASS	PASS	FAIL	PASS	PASS	PASS	PASS	PASS	PASS
SNAI3_FL_3_KAE_TAGTAC40NTAG	/scratch/project_2013895/SELEX/data/Yin2017/submitted_ftp/SNAI3_FL_3_KAE_TAGTAC40NTAG.fastq.gz	signal	202420	8 Mbp	8000000	0	40	54	PASS	PASS	PASS	PASS	WARN	PASS	PASS	PASS	PASS	PASS	PASS
ZNF385D_eDBD_3_KT_TAAAGT40NAGC	/scratch/project_2013895/SELEX/data/Yin2017/submitted_ftp/ZNF385D_eDBD_3_KT_TAAAGT40NAGC.fastq.gz	signal	240201	9.6 Mbp	9600000	0	40	55	PASS	PASS	FAIL	PASS	FAIL	PASS	PASS	PASS	PASS	WARN	PASS
OVOL1_FL_3_KX_TGCTGG40NGCC	/scratch/project_2013895/SELEX/data/Yin2017/submitted_ftp/OVOL1_FL_3_KX_TGCTGG40NGCC.fastq.gz	signal	204339	8.1 Mbp	8100000	0	40	50	PASS	PASS	PASS	PASS	WARN	PASS	PASS	PASS	PASS	PASS	PASS
OVOL2_eDBD_2_KR_TGTGAT40NGCA	/scratch/project_2013895/SELEX/data/Yin2017/submitted_ftp/OVOL2_eDBD_2_KR_TGTGAT40NGCA.fastq.gz	signal	367407	14.6 Mbp	14600000	0	40	52	PASS	PASS	PASS	PASS	FAIL	PASS	PASS	PASS	PASS	PASS	PASS
OVOL2_FL_2_KAE_TCTCAG40NAGA	/scratch/project_2013895/SELEX/data/Yin2017/submitted_ftp/OVOL2_FL_2_KAE_TCTCAG40NAGA.fastq.gz	signal	145222	5.8 Mbp	5800000	0	40	52	PASS	PASS	PASS	PASS	WARN	PASS	PASS	PASS	PASS	PASS	PASS
YY1_FL_4_KX_TTGGGC40NGGC	/scratch/project_2013895/SELEX/data/Yin2017/submitted_ftp/YY1_FL_4_KX_TTGGGC40NGGC.fastq.gz	signal	267452	10.6 Mbp	10600000	0	40	54	PASS	PASS	WARN	PASS	WARN	PASS	PASS	PASS	PASS	PASS	PASS
YY2_FL_2_KV_TAGAGA40NCGC	/scratch/project_2013895/SELEX/data/Yin2017/submitted_ftp/YY2_FL_2_KV_TAGAGA40NCGC.fastq.gz	signal	343751	13.7 Mbp	13700000	0	40	52	PASS	PASS	PASS	PASS	WARN	PASS	PASS	PASS	PASS	PASS	PASS
MTF1_eDBD_3_KP_TGCGCA40NCAA	/scratch/project_2013895/SELEX/data/Yin2017/submitted_ftp/MTF1_eDBD_3_KP_TGCGCA40NCAA.fastq.gz	signal	141839	5.6 Mbp	5600000	0	40	53	PASS	PASS	FAIL	PASS	FAIL	PASS	PASS	PASS	PASS	PASS	PASS
ZNF454_eDBD_3_KN_TAGTTC40NATC	/scratch/project_2013895/SELEX/data/Yin2017/submitted_ftp/ZNF454_eDBD_3_KN_TAGTTC40NATC.fastq.gz	signal	284727	11.3 Mbp	11300000	0	40	64	PASS	PASS	PASS	PASS	FAIL	PASS	PASS	PASS	PASS	PASS	PASS
ZNF250_eDBD_3_KN_TGGGTT40NCGT	/scratch/project_2013895/SELEX/data/Yin2017/submitted_ftp/ZNF250_eDBD_3_KN_TGGGTT40NCGT.fastq.gz	signal	204314	8.1 Mbp	8100000	0	40	59	PASS	PASS	PASS	PASS	FAIL	PASS	PASS	PASS	PASS	PASS	PASS
ZNF75A_eDBD_2_KP_TCTTAT40NACA	/scratch/project_2013895/SELEX/data/Yin2017/submitted_ftp/ZNF75A_eDBD_2_KP_TCTTAT40NACA.fastq.gz	signal	349425	13.9 Mbp	13900000	0	40	52	PASS	PASS	FAIL	PASS	FAIL	PASS	PASS	PASS	PASS	PASS	PASS
ZNF75A_FL_4_KW_TAACTC40NGTC	/scratch/project_2013895/SELEX/data/Yin2017/submitted_ftp/ZNF75A_FL_4_KW_TAACTC40NGTC.fastq.gz	signal	333375	13.3 Mbp	13300000	0	40	55	PASS	PASS	WARN	PASS	FAIL	PASS	PASS	PASS	PASS	PASS	PASS
ZNF713_eDBD_3_KP_TACGGT40NTAC	/scratch/project_2013895/SELEX/data/Yin2017/submitted_ftp/ZNF713_eDBD_3_KP_TACGGT40NTAC.fastq.gz	signal	205625	8.2 Mbp	8199999.999999999	0	40	54	PASS	PASS	FAIL	PASS	FAIL	PASS	PASS	PASS	PASS	PASS	PASS
ZNF282_eDBD_3_KR_TACCCT40NTTA	/scratch/project_2013895/SELEX/data/Yin2017/submitted_ftp/ZNF282_eDBD_3_KR_TACCCT40NTTA.fastq.gz	signal	208508	8.3 Mbp	8300000.000000001	0	40	56	PASS	PASS	PASS	PASS	WARN	PASS	PASS	PASS	PASS	PASS	PASS
ZNF140_eDBD_3_KS_TGAGGT40NTCC	/scratch/project_2013895/SELEX/data/Yin2017/submitted_ftp/ZNF140_eDBD_3_KS_TGAGGT40NTCC.fastq.gz	signal	206033	8.2 Mbp	8199999.999999999	0	40	54	PASS	PASS	PASS	PASS	WARN	PASS	PASS	PASS	PASS	PASS	PASS
ZFP1_eDBD_3_KT_TGAACT40NAAG	/scratch/project_2013895/SELEX/data/Yin2017/submitted_ftp/ZFP1_eDBD_3_KT_TGAACT40NAAG.fastq.gz	signal	266786	10.6 Mbp	10600000	0	40	51	PASS	PASS	FAIL	PASS	WARN	PASS	PASS	PASS	PASS	PASS	PASS
ZNF343_eDBD_4_KT_TGGCGT40NCCT	/scratch/project_2013895/SELEX/data/Yin2017/submitted_ftp/ZNF343_eDBD_4_KT_TGGCGT40NCCT.fastq.gz	signal	272167	10.8 Mbp	10800000	0	40	57	PASS	PASS	WARN	PASS	FAIL	PASS	PASS	PASS	WARN	PASS	PASS
ZNF23_eDBD_3_KT_TGCTTT40NAGA	/scratch/project_2013895/SELEX/data/Yin2017/submitted_ftp/ZNF23_eDBD_3_KT_TGCTTT40NAGA.fastq.gz	signal	230032	9.2 Mbp	9200000	0	40	53	PASS	PASS	FAIL	PASS	WARN	PASS	PASS	PASS	PASS	WARN	PASS
ZNF12_eDBD_3_KT_TTCGGC40NAGC	/scratch/project_2013895/SELEX/data/Yin2017/submitted_ftp/ZNF12_eDBD_3_KT_TTCGGC40NAGC.fastq.gz	signal	221109	8.8 Mbp	8800000	0	40	51	PASS	PASS	FAIL	PASS	FAIL	PASS	PASS	PASS	WARN	WARN	PASS
ZNF177_eDBD_3_KT_TCACAT40NATG	/scratch/project_2013895/SELEX/data/Yin2017/submitted_ftp/ZNF177_eDBD_3_KT_TCACAT40NATG.fastq.gz	signal	254847	10.1 Mbp	10100000	0	40	53	PASS	PASS	FAIL	PASS	FAIL	PASS	PASS	PASS	WARN	PASS	PASS
ZNF597_FL_4_KW_TATTCA40NAGT	/scratch/project_2013895/SELEX/data/Yin2017/submitted_ftp/ZNF597_FL_4_KW_TATTCA40NAGT.fastq.gz	signal	280372	11.2 Mbp	11200000	0	40	55	PASS	PASS	PASS	PASS	FAIL	PASS	PASS	PASS	PASS	PASS	PASS
ZNF684_FL_3_KAF_TACCGG40NAGT	/scratch/project_2013895/SELEX/data/Yin2017/submitted_ftp/ZNF684_FL_3_KAF_TACCGG40NAGT.fastq.gz	signal	262089	10.4 Mbp	10400000	0	40	53	PASS	PASS	FAIL	PASS	PASS	PASS	PASS	PASS	PASS	PASS	PASS
ZBTB14_eDBD_3_KP_TGCCAA40NTAG	/scratch/project_2013895/SELEX/data/Yin2017/submitted_ftp/ZBTB14_eDBD_3_KP_TGCCAA40NTAG.fastq.gz	signal	314863	12.5 Mbp	12500000	0	40	50	PASS	PASS	WARN	PASS	WARN	PASS	PASS	PASS	PASS	PASS	PASS
ZBTB14_FL_4_KAE_TGACTG40NATG	/scratch/project_2013895/SELEX/data/Yin2017/submitted_ftp/ZBTB14_FL_4_KAE_TGACTG40NATG.fastq.gz	signal	235674	9.4 Mbp	9400000	0	40	54	PASS	PASS	PASS	PASS	WARN	WARN	PASS	PASS	FAIL	WARN	PASS
ZBTB32_eDBD_4_KT_TACTAA40NATT	/scratch/project_2013895/SELEX/data/Yin2017/submitted_ftp/ZBTB32_eDBD_4_KT_TACTAA40NATT.fastq.gz	signal	283041	11.3 Mbp	11300000	0	40	53	PASS	PASS	WARN	PASS	FAIL	WARN	PASS	PASS	WARN	FAIL	PASS
ZBTB12_eDBD_4_KV_TACTGG40NGGA	/scratch/project_2013895/SELEX/data/Yin2017/submitted_ftp/ZBTB12_eDBD_4_KV_TACTGG40NGGA.fastq.gz	signal	185042	7.4 Mbp	7400000	0	40	56	PASS	PASS	PASS	PASS	FAIL	PASS	PASS	PASS	PASS	WARN	PASS
ZBTB43_eDBD_3_KR_TACGGT40NTAC	/scratch/project_2013895/SELEX/data/Yin2017/submitted_ftp/ZBTB43_eDBD_3_KR_TACGGT40NTAC.fastq.gz	signal	225283	9 Mbp	9000000	0	40	55	PASS	PASS	PASS	PASS	WARN	PASS	PASS	PASS	PASS	PASS	PASS
ZBTB45_eDBD_2_KP_TACGGG40NCTT	/scratch/project_2013895/SELEX/data/Yin2017/submitted_ftp/ZBTB45_eDBD_2_KP_TACGGG40NCTT.fastq.gz	signal	272203	10.8 Mbp	10800000	0	40	51	PASS	PASS	FAIL	PASS	WARN	PASS	PASS	PASS	PASS	PASS	PASS
ZBTB22_eDBD_3_KP_TGCCTC40NCAA	/scratch/project_2013895/SELEX/data/Yin2017/submitted_ftp/ZBTB22_eDBD_3_KP_TGCCTC40NCAA.fastq.gz	signal	215703	8.6 Mbp	8600000	0	40	53	PASS	PASS	FAIL	PASS	FAIL	PASS	PASS	PASS	PASS	PASS	PASS
ZBTB20_eDBD_2_KR_TTCGCC40NGAC	/scratch/project_2013895/SELEX/data/Yin2017/submitted_ftp/ZBTB20_eDBD_2_KR_TTCGCC40NGAC.fastq.gz	signal	391138	15.6 Mbp	15600000	0	40	49	PASS	PASS	PASS	PASS	WARN	PASS	PASS	PASS	PASS	PASS	PASS
BCL6B_eDBD_2_KR_TGAAGC40NCTA	/scratch/project_2013895/SELEX/data/Yin2017/submitted_ftp/BCL6B_eDBD_2_KR_TGAAGC40NCTA.fastq.gz	signal	257846	10.3 Mbp	10300000	0	40	53	PASS	PASS	PASS	PASS	WARN	PASS	PASS	PASS	PASS	PASS	PASS
BCL6_eDBD_2_KT_TTTAGG40NTCT	/scratch/project_2013895/SELEX/data/Yin2017/submitted_ftp/BCL6_eDBD_2_KT_TTTAGG40NTCT.fastq.gz	signal	310004	12.4 Mbp	12400000	0	40	53	PASS	PASS	PASS	PASS	FAIL	PASS	PASS	PASS	PASS	PASS	PASS
ZBTB18_eDBD_2_KR_TGCAGC40NATT	/scratch/project_2013895/SELEX/data/Yin2017/submitted_ftp/ZBTB18_eDBD_2_KR_TGCAGC40NATT.fastq.gz	signal	355756	14.2 Mbp	14200000	0	40	51	PASS	PASS	PASS	PASS	WARN	PASS	PASS	PASS	PASS	PASS	PASS
ZBTB37_eDBD_3_KR_TCGCGT40NCGG	/scratch/project_2013895/SELEX/data/Yin2017/submitted_ftp/ZBTB37_eDBD_3_KR_TCGCGT40NCGG.fastq.gz	signal	145318	5.8 Mbp	5800000	0	40	53	PASS	PASS	PASS	PASS	WARN	PASS	PASS	PASS	PASS	WARN	PASS
HIC1_eDBD_3_KS_TAGAGA40NCGC	/scratch/project_2013895/SELEX/data/Yin2017/submitted_ftp/HIC1_eDBD_3_KS_TAGAGA40NCGC.fastq.gz	signal	307452	12.2 Mbp	12200000	0	40	59	PASS	PASS	PASS	PASS	FAIL	PASS	PASS	PASS	PASS	PASS	PASS
ZBTB2_eDBD_4_KT_TTAAAT40NAAT	/scratch/project_2013895/SELEX/data/Yin2017/submitted_ftp/ZBTB2_eDBD_4_KT_TTAAAT40NAAT.fastq.gz	signal	190709	7.6 Mbp	7600000	0	40	58	PASS	PASS	WARN	PASS	FAIL	WARN	PASS	PASS	WARN	WARN	PASS
ALX3_TBX20_3_YWIIII_TCCAAA40NTCA	/scratch/project_2013895/SELEX/data/Xie2025/submitted_ftp/ALX3_TBX20_3_YWIIII_TCCAAA40NTCA.fastq.gz	signal	289244	11.5 Mbp	11500000	0	40	41	PASS	PASS	PASS	PASS	FAIL	PASS	PASS	PASS	PASS	PASS	PASS
ARX_TBX21_3_YYI_TCAGTG40NGAT	/scratch/project_2013895/SELEX/data/Xie2025/submitted_ftp/ARX_TBX21_3_YYI_TCAGTG40NGAT.fastq.gz	signal	206510	8.2 Mbp	8199999.999999999	0	40	44	PASS	PASS	FAIL	PASS	FAIL	PASS	PASS	PASS	FAIL	PASS	PASS
ARX_TBX4_3_YWII_TCAGTG40NGAT	/scratch/project_2013895/SELEX/data/Xie2025/submitted_ftp/ARX_TBX4_3_YWII_TCAGTG40NGAT.fastq.gz	signal	200558	8 Mbp	8000000	0	40	48	PASS	PASS	WARN	PASS	WARN	PASS	PASS	PASS	PASS	PASS	PASS
ATF2_FLI1_3_YYIII_TACAGA40NAGAT	/scratch/project_2013895/SELEX/data/Xie2025/submitted_ftp/ATF2_FLI1_3_YYIII_TACAGA40NAGAT.fastq.gz	signal	276058	11 Mbp	11000000	0	40	50	PASS	PASS	PASS	PASS	WARN	PASS	PASS	PASS	PASS	PASS	PASS
ATF2_TBX4_3_YWII_TTAGAG40NCGG	/scratch/project_2013895/SELEX/data/Xie2025/submitted_ftp/ATF2_TBX4_3_YWII_TTAGAG40NCGG.fastq.gz	signal	195146	7.8 Mbp	7800000	0	40	51	PASS	PASS	WARN	PASS	WARN	PASS	PASS	PASS	PASS	PASS	PASS
ATF3_ELK1_3_YRII_TGAGAG40NTGTG	/scratch/project_2013895/SELEX/data/Xie2025/submitted_ftp/ATF3_ELK1_3_YRII_TGAGAG40NTGTG.fastq.gz	signal	266584	10.6 Mbp	10600000	0	40	53	PASS	PASS	FAIL	PASS	WARN	PASS	PASS	PASS	PASS	PASS	PASS
ATF3_FLI1_3_YYIII_TGAGAG40NTGTG	/scratch/project_2013895/SELEX/data/Xie2025/submitted_ftp/ATF3_FLI1_3_YYIII_TGAGAG40NTGTG.fastq.gz	signal	274145	10.9 Mbp	10900000	0	40	51	PASS	PASS	PASS	PASS	WARN	PASS	PASS	PASS	PASS	PASS	PASS
ATF3_FOXA1_3_YWII_TGAGAG40NTGTG	/scratch/project_2013895/SELEX/data/Xie2025/submitted_ftp/ATF3_FOXA1_3_YWII_TGAGAG40NTGTG.fastq.gz	signal	259270	10.3 Mbp	10300000	0	40	47	PASS	PASS	WARN	PASS	WARN	PASS	PASS	PASS	PASS	PASS	PASS
ATF3_GABPA_3_YYIIII_TCATTC40NATT	/scratch/project_2013895/SELEX/data/Xie2025/submitted_ftp/ATF3_GABPA_3_YYIIII_TCATTC40NATT.fastq.gz	signal	225069	9 Mbp	9000000	0	40	55	PASS	PASS	FAIL	PASS	FAIL	PASS	PASS	PASS	PASS	PASS	PASS
ATF3_ONECUT1_3_YJII_TCATTC40NATT	/scratch/project_2013895/SELEX/data/Xie2025/submitted_ftp/ATF3_ONECUT1_3_YJII_TCATTC40NATT.fastq.gz	signal	183527	7.3 Mbp	7300000	0	40	52	PASS	PASS	FAIL	PASS	FAIL	PASS	PASS	PASS	FAIL	WARN	PASS
ATF3_SOX11_3_YUIII_TGAGAG40NTGTG	/scratch/project_2013895/SELEX/data/Xie2025/submitted_ftp/ATF3_SOX11_3_YUIII_TGAGAG40NTGTG.fastq.gz	signal	195679	7.8 Mbp	7800000	0	40	45	PASS	PASS	PASS	PASS	FAIL	PASS	PASS	PASS	WARN	PASS	PASS
ATF3_TBX4_3_YWII_TCATTC40NATT	/scratch/project_2013895/SELEX/data/Xie2025/submitted_ftp/ATF3_TBX4_3_YWII_TCATTC40NATT.fastq.gz	signal	220737	8.8 Mbp	8800000	0	40	55	PASS	PASS	WARN	PASS	FAIL	PASS	PASS	PASS	WARN	PASS	PASS
ATF4_CEBPD_3_YKIII_TAGCAT40NAGG	/scratch/project_2013895/SELEX/data/Xie2025/submitted_ftp/ATF4_CEBPD_3_YKIII_TAGCAT40NAGG.fastq.gz	signal	178630	7.1 Mbp	7100000	0	40	48	PASS	PASS	PASS	PASS	WARN	PASS	PASS	PASS	PASS	PASS	PASS
ATF4_ELF1_3_YADIIII_TCACAA40NCGC	/scratch/project_2013895/SELEX/data/Xie2025/submitted_ftp/ATF4_ELF1_3_YADIIII_TCACAA40NCGC.fastq.gz	signal	264492	10.5 Mbp	10500000	0	40	53	PASS	PASS	PASS	PASS	WARN	PASS	PASS	PASS	PASS	PASS	PASS
ATF4_FLI1_3_YYIII_TCACAA40NCGC	/scratch/project_2013895/SELEX/data/Xie2025/submitted_ftp/ATF4_FLI1_3_YYIII_TCACAA40NCGC.fastq.gz	signal	242764	9.7 Mbp	9700000	0	40	54	PASS	PASS	PASS	PASS	FAIL	PASS	PASS	PASS	PASS	PASS	PASS
ATF4_GABPA_3_YYIIII_TAGCAT40NAGG	/scratch/project_2013895/SELEX/data/Xie2025/submitted_ftp/ATF4_GABPA_3_YYIIII_TAGCAT40NAGG.fastq.gz	signal	244622	9.7 Mbp	9700000	0	40	50	PASS	PASS	FAIL	PASS	WARN	PASS	PASS	PASS	PASS	PASS	PASS
ATF4_ISX_3_YUIIII_TAGCAT40NAGG	/scratch/project_2013895/SELEX/data/Xie2025/submitted_ftp/ATF4_ISX_3_YUIIII_TAGCAT40NAGG.fastq.gz	signal	242567	9.7 Mbp	9700000	0	40	43	PASS	PASS	FAIL	PASS	FAIL	PASS	PASS	PASS	PASS	WARN	PASS
ATF4_TBX21_3_YYI_TAGCAT40NAGG	/scratch/project_2013895/SELEX/data/Xie2025/submitted_ftp/ATF4_TBX21_3_YYI_TAGCAT40NAGG.fastq.gz	signal	249242	9.9 Mbp	9900000	0	40	49	PASS	PASS	FAIL	PASS	FAIL	PASS	PASS	PASS	PASS	PASS	PASS
ATF4_TBX4_3_YWII_TAGCAT40NAGG	/scratch/project_2013895/SELEX/data/Xie2025/submitted_ftp/ATF4_TBX4_3_YWII_TAGCAT40NAGG.fastq.gz	signal	275026	11 Mbp	11000000	0	40	49	PASS	PASS	WARN	PASS	FAIL	PASS	PASS	PASS	PASS	PASS	PASS
ATF6B_ETV4_3_YSIII_TAACTA40NCTGT	/scratch/project_2013895/SELEX/data/Xie2025/submitted_ftp/ATF6B_ETV4_3_YSIII_TAACTA40NCTGT.fastq.gz	signal	245230	9.8 Mbp	9800000	0	40	52	PASS	PASS	PASS	PASS	FAIL	PASS	PASS	PASS	PASS	PASS	PASS
ATF6B_FLI1_3_YYIII_TAACTA40NCTGT	/scratch/project_2013895/SELEX/data/Xie2025/submitted_ftp/ATF6B_FLI1_3_YYIII_TAACTA40NCTGT.fastq.gz	signal	264474	10.5 Mbp	10500000	0	40	52	PASS	PASS	PASS	PASS	FAIL	PASS	PASS	PASS	FAIL	WARN	PASS
ATF6B_GABPA_3_YYIIII_TTTCAA40NTGA	/scratch/project_2013895/SELEX/data/Xie2025/submitted_ftp/ATF6B_GABPA_3_YYIIII_TTTCAA40NTGA.fastq.gz	signal	118908	4.7 Mbp	4700000	0	40	55	PASS	PASS	FAIL	PASS	FAIL	PASS	PASS	PASS	PASS	WARN	PASS
ATF6B_TBX21_3_YYI_TTTCAA40NTGA	/scratch/project_2013895/SELEX/data/Xie2025/submitted_ftp/ATF6B_TBX21_3_YYI_TTTCAA40NTGA.fastq.gz	signal	215058	8.6 Mbp	8600000	0	40	53	PASS	PASS	FAIL	PASS	FAIL	PASS	PASS	PASS	FAIL	WARN	PASS
ATF6B_TBX4_3_YWII_TTTCAA40NTGA	/scratch/project_2013895/SELEX/data/Xie2025/submitted_ftp/ATF6B_TBX4_3_YWII_TTTCAA40NTGA.fastq.gz	signal	248785	9.9 Mbp	9900000	0	40	56	PASS	PASS	WARN	PASS	FAIL	PASS	PASS	PASS	WARN	PASS	PASS
ATOH1_FLI1_3_YYIII_TTCGGG40NGAG	/scratch/project_2013895/SELEX/data/Xie2025/submitted_ftp/ATOH1_FLI1_3_YYIII_TTCGGG40NGAG.fastq.gz	signal	256577	10.2 Mbp	10200000	0	40	56	PASS	PASS	PASS	PASS	FAIL	PASS	PASS	PASS	PASS	WARN	PASS
ATOH1_FOXD2_3_YWI_TCCATG40NCAC	/scratch/project_2013895/SELEX/data/Xie2025/submitted_ftp/ATOH1_FOXD2_3_YWI_TCCATG40NCAC.fastq.gz	signal	232104	9.2 Mbp	9200000	0	40	42	PASS	PASS	FAIL	PASS	WARN	WARN	PASS	PASS	WARN	PASS	PASS
ATOH1_POU2F2_3_YAAIIII_TTCGGG40NGAG	/scratch/project_2013895/SELEX/data/Xie2025/submitted_ftp/ATOH1_POU2F2_3_YAAIIII_TTCGGG40NGAG.fastq.gz	signal	190019	7.6 Mbp	7600000	0	40	45	PASS	PASS	WARN	PASS	FAIL	PASS	PASS	PASS	WARN	PASS	PASS
ATOH1_TBX21_3_YYI_TCCATG40NCAC	/scratch/project_2013895/SELEX/data/Xie2025/submitted_ftp/ATOH1_TBX21_3_YYI_TCCATG40NCAC.fastq.gz	signal	197031	7.8 Mbp	7800000	0	40	49	PASS	PASS	FAIL	PASS	FAIL	PASS	PASS	PASS	WARN	WARN	PASS
BACH2_FOXD2_3_YWI_TCACTT40NTTG	/scratch/project_2013895/SELEX/data/Xie2025/submitted_ftp/BACH2_FOXD2_3_YWI_TCACTT40NTTG.fastq.gz	signal	214476	8.5 Mbp	8500000	0	40	44	PASS	PASS	FAIL	PASS	FAIL	FAIL	PASS	PASS	WARN	WARN	PASS
BARHL1_ELK3_3_YAFI_TCTATT40NCAT	/scratch/project_2013895/SELEX/data/Xie2025/submitted_ftp/BARHL1_ELK3_3_YAFI_TCTATT40NCAT.fastq.gz	signal	272897	10.9 Mbp	10900000	0	40	47	PASS	PASS	FAIL	PASS	FAIL	PASS	PASS	PASS	WARN	PASS	PASS
BARHL1_ETV5_3_YKII_TTGCGA40NTACG	/scratch/project_2013895/SELEX/data/Xie2025/submitted_ftp/BARHL1_ETV5_3_YKII_TTGCGA40NTACG.fastq.gz	signal	260274	10.4 Mbp	10400000	0	40	46	PASS	PASS	PASS	PASS	WARN	PASS	PASS	PASS	PASS	PASS	PASS
BARHL1_FOXD2_3_YWI_TCTATT40NCAT	/scratch/project_2013895/SELEX/data/Xie2025/submitted_ftp/BARHL1_FOXD2_3_YWI_TCTATT40NCAT.fastq.gz	signal	257247	10.2 Mbp	10200000	0	40	43	PASS	PASS	FAIL	PASS	FAIL	PASS	PASS	PASS	PASS	PASS	PASS
BARHL1_MEF2C_3_YAFIII_TTGCGA40NTACG	/scratch/project_2013895/SELEX/data/Xie2025/submitted_ftp/BARHL1_MEF2C_3_YAFIII_TTGCGA40NTACG.fastq.gz	signal	216510	8.6 Mbp	8600000	0	40	44	PASS	PASS	FAIL	PASS	WARN	PASS	PASS	PASS	PASS	PASS	PASS
BARHL1_MEF2D_3_YAEII_TTGCGA40NTACG	/scratch/project_2013895/SELEX/data/Xie2025/submitted_ftp/BARHL1_MEF2D_3_YAEII_TTGCGA40NTACG.fastq.gz	signal	356126	14.2 Mbp	14200000	0	40	42	PASS	PASS	WARN	PASS	WARN	WARN	PASS	PASS	PASS	PASS	PASS
BARHL1_TBX20_3_YWIIII_TTGCGA40NTACG	/scratch/project_2013895/SELEX/data/Xie2025/submitted_ftp/BARHL1_TBX20_3_YWIIII_TTGCGA40NTACG.fastq.gz	signal	294947	11.7 Mbp	11700000	0	40	43	PASS	PASS	PASS	PASS	WARN	PASS	PASS	PASS	PASS	PASS	PASS
BARHL1_TBX21_3_YYI_TCTATT40NCAT	/scratch/project_2013895/SELEX/data/Xie2025/submitted_ftp/BARHL1_TBX21_3_YYI_TCTATT40NCAT.fastq.gz	signal	233755	9.3 Mbp	9300000	0	40	46	PASS	PASS	FAIL	PASS	FAIL	PASS	PASS	PASS	PASS	PASS	PASS
BARHL1_TBX4_3_YWII_TCTATT40NCAT	/scratch/project_2013895/SELEX/data/Xie2025/submitted_ftp/BARHL1_TBX4_3_YWII_TCTATT40NCAT.fastq.gz	signal	270074	10.8 Mbp	10800000	0	40	48	PASS	PASS	WARN	PASS	FAIL	PASS	PASS	PASS	PASS	PASS	PASS
BARHL1_TBX6_3_YAAII_TCTATT40NCAT	/scratch/project_2013895/SELEX/data/Xie2025/submitted_ftp/BARHL1_TBX6_3_YAAII_TCTATT40NCAT.fastq.gz	signal	292238	11.6 Mbp	11600000	0	40	48	PASS	PASS	WARN	PASS	FAIL	PASS	PASS	PASS	PASS	PASS	PASS
BARHL1_TEAD4_3_YJII_TTGCGA40NTACG	/scratch/project_2013895/SELEX/data/Xie2025/submitted_ftp/BARHL1_TEAD4_3_YJII_TTGCGA40NTACG.fastq.gz	signal	240255	9.6 Mbp	9600000	0	40	39	PASS	PASS	FAIL	PASS	WARN	PASS	PASS	PASS	PASS	PASS	PASS
BARHL2_ELF1_3_YADIIII_TTGGGT40NGGC	/scratch/project_2013895/SELEX/data/Xie2025/submitted_ftp/BARHL2_ELF1_3_YADIIII_TTGGGT40NGGC.fastq.gz	signal	220152	8.8 Mbp	8800000	0	40	50	PASS	PASS	PASS	PASS	WARN	PASS	PASS	PASS	PASS	PASS	PASS
BARHL2_ELK3_3_YAFI_TTGGAC40NGTG	/scratch/project_2013895/SELEX/data/Xie2025/submitted_ftp/BARHL2_ELK3_3_YAFI_TTGGAC40NGTG.fastq.gz	signal	258106	10.3 Mbp	10300000	0	40	45	PASS	PASS	FAIL	PASS	WARN	PASS	PASS	PASS	WARN	PASS	PASS
BARHL2_ETV4_3_YSIII_TTGGGT40NGGC	/scratch/project_2013895/SELEX/data/Xie2025/submitted_ftp/BARHL2_ETV4_3_YSIII_TTGGGT40NGGC.fastq.gz	signal	198092	7.9 Mbp	7900000	0	40	51	PASS	PASS	PASS	PASS	FAIL	PASS	PASS	PASS	PASS	PASS	PASS
BARHL2_ETV5_3_YKII_TTGGGT40NGGC	/scratch/project_2013895/SELEX/data/Xie2025/submitted_ftp/BARHL2_ETV5_3_YKII_TTGGGT40NGGC.fastq.gz	signal	138477	5.5 Mbp	5500000	0	40	48	PASS	PASS	PASS	PASS	WARN	PASS	PASS	PASS	PASS	PASS	PASS
BARHL2_GABPA_3_YYIIII_TTGGAC40NGTG	/scratch/project_2013895/SELEX/data/Xie2025/submitted_ftp/BARHL2_GABPA_3_YYIIII_TTGGAC40NGTG.fastq.gz	signal	195377	7.8 Mbp	7800000	0	40	44	PASS	PASS	FAIL	PASS	WARN	PASS	PASS	PASS	PASS	PASS	PASS
BARHL2_TBX20_3_YWIIII_TTGGGT40NGGC	/scratch/project_2013895/SELEX/data/Xie2025/submitted_ftp/BARHL2_TBX20_3_YWIIII_TTGGGT40NGGC.fastq.gz	signal	208036	8.3 Mbp	8300000.000000001	0	40	46	PASS	PASS	PASS	PASS	WARN	PASS	PASS	PASS	PASS	PASS	PASS
BARHL2_TBX21_3_YYI_TTGGAC40NGTG	/scratch/project_2013895/SELEX/data/Xie2025/submitted_ftp/BARHL2_TBX21_3_YYI_TTGGAC40NGTG.fastq.gz	signal	246243	9.8 Mbp	9800000	0	40	43	PASS	PASS	FAIL	PASS	FAIL	PASS	PASS	PASS	PASS	PASS	PASS
BARHL2_TBX4_3_YWII_TTGGAC40NGTG	/scratch/project_2013895/SELEX/data/Xie2025/submitted_ftp/BARHL2_TBX4_3_YWII_TTGGAC40NGTG.fastq.gz	signal	227767	9.1 Mbp	9100000	0	40	44	PASS	PASS	WARN	PASS	WARN	PASS	PASS	PASS	PASS	PASS	PASS
BARHL2_TEAD4_3_YJII_TTGGGT40NGGC	/scratch/project_2013895/SELEX/data/Xie2025/submitted_ftp/BARHL2_TEAD4_3_YJII_TTGGGT40NGGC.fastq.gz	signal	193469	7.7 Mbp	7700000	0	40	42	PASS	PASS	FAIL	PASS	WARN	PASS	PASS	PASS	PASS	PASS	PASS
BARHL2_TGIF2LX_3_YVII_TTGGAC40NGTG	/scratch/project_2013895/SELEX/data/Xie2025/submitted_ftp/BARHL2_TGIF2LX_3_YVII_TTGGAC40NGTG.fastq.gz	signal	244488	9.7 Mbp	9700000	0	40	47	PASS	PASS	FAIL	PASS	FAIL	PASS	PASS	PASS	PASS	PASS	PASS
BHLHA15_TBX21_3_YYI_TTTATG40NTAA	/scratch/project_2013895/SELEX/data/Xie2025/submitted_ftp/BHLHA15_TBX21_3_YYI_TTTATG40NTAA.fastq.gz	signal	236557	9.4 Mbp	9400000	0	40	51	PASS	PASS	FAIL	PASS	WARN	PASS	PASS	PASS	PASS	PASS	PASS
BHLHB2_ERG_3_YYII_TGCAGG40NTCTA	/scratch/project_2013895/SELEX/data/Xie2025/submitted_ftp/BHLHB2_ERG_3_YYII_TGCAGG40NTCTA.fastq.gz	signal	245659	9.8 Mbp	9800000	0	40	51	PASS	PASS	WARN	PASS	WARN	PASS	PASS	PASS	PASS	PASS	PASS
BHLHB2_ETV4_3_YSIII_TGCAGG40NTCTA	/scratch/project_2013895/SELEX/data/Xie2025/submitted_ftp/BHLHB2_ETV4_3_YSIII_TGCAGG40NTCTA.fastq.gz	signal	231590	9.2 Mbp	9200000	0	40	50	PASS	PASS	PASS	PASS	FAIL	PASS	PASS	PASS	PASS	PASS	PASS
BHLHB2_FLI1_3_YYIII_TGCAGG40NTCTA	/scratch/project_2013895/SELEX/data/Xie2025/submitted_ftp/BHLHB2_FLI1_3_YYIII_TGCAGG40NTCTA.fastq.gz	signal	250246	10 Mbp	10000000	0	40	52	PASS	PASS	PASS	PASS	WARN	PASS	PASS	PASS	WARN	WARN	PASS
BHLHB2_TBX21_3_YYI_TGGGTT40NCGT	/scratch/project_2013895/SELEX/data/Xie2025/submitted_ftp/BHLHB2_TBX21_3_YYI_TGGGTT40NCGT.fastq.gz	signal	218736	8.7 Mbp	8700000	0	40	55	PASS	PASS	FAIL	PASS	FAIL	PASS	PASS	PASS	FAIL	WARN	PASS
BHLHB2_TEAD4_3_YJII_TGCAGG40NTCTA	/scratch/project_2013895/SELEX/data/Xie2025/submitted_ftp/BHLHB2_TEAD4_3_YJII_TGCAGG40NTCTA.fastq.gz	signal	164608	6.5 Mbp	6500000	0	40	47	PASS	PASS	FAIL	PASS	WARN	PASS	PASS	PASS	FAIL	WARN	PASS
BHLHB8_FLI1_3_YYIII_TCCTGC40NTGCC	/scratch/project_2013895/SELEX/data/Xie2025/submitted_ftp/BHLHB8_FLI1_3_YYIII_TCCTGC40NTGCC.fastq.gz	signal	238285	9.5 Mbp	9500000	0	40	52	PASS	PASS	PASS	PASS	WARN	PASS	PASS	PASS	PASS	PASS	PASS
BHLHB8_TBX21_3_YYI_TAGCGT40NTCA	/scratch/project_2013895/SELEX/data/Xie2025/submitted_ftp/BHLHB8_TBX21_3_YYI_TAGCGT40NTCA.fastq.gz	signal	215278	8.6 Mbp	8600000	0	40	53	PASS	PASS	FAIL	PASS	FAIL	PASS	PASS	PASS	PASS	PASS	PASS
BHLHE22_GMEB2_3_YRI_TACGAT40NCCG	/scratch/project_2013895/SELEX/data/Xie2025/submitted_ftp/BHLHE22_GMEB2_3_YRI_TACGAT40NCCG.fastq.gz	signal	204580	8.1 Mbp	8100000	0	40	55	PASS	PASS	FAIL	PASS	WARN	PASS	PASS	PASS	PASS	PASS	PASS
BHLHE22_TBX21_3_YYI_TAACAG40NGGC	/scratch/project_2013895/SELEX/data/Xie2025/submitted_ftp/BHLHE22_TBX21_3_YYI_TAACAG40NGGC.fastq.gz	signal	198621	7.9 Mbp	7900000	0	40	47	PASS	PASS	FAIL	PASS	FAIL	PASS	PASS	PASS	FAIL	WARN	PASS
BHLHE22_TGIF2LX_3_YVII_TAACAG40NGGC	/scratch/project_2013895/SELEX/data/Xie2025/submitted_ftp/BHLHE22_TGIF2LX_3_YVII_TAACAG40NGGC.fastq.gz	signal	208154	8.3 Mbp	8300000.000000001	0	40	50	PASS	PASS	FAIL	PASS	PASS	PASS	PASS	PASS	PASS	WARN	PASS
BSX_FLI1_3_YYIII_TCGGTG40NCAA	/scratch/project_2013895/SELEX/data/Xie2025/submitted_ftp/BSX_FLI1_3_YYIII_TCGGTG40NCAA.fastq.gz	signal	273076	10.9 Mbp	10900000	0	40	51	PASS	PASS	PASS	PASS	WARN	PASS	PASS	PASS	PASS	PASS	PASS
CDX1_ETV1_3_YRIIII_TCACTC40NCAG	/scratch/project_2013895/SELEX/data/Xie2025/submitted_ftp/CDX1_ETV1_3_YRIIII_TCACTC40NCAG.fastq.gz	signal	302890	12.1 Mbp	12100000	0	40	52	PASS	PASS	PASS	PASS	WARN	PASS	PASS	PASS	PASS	PASS	PASS
CDX1_FLI1_3_YYIII_TCACTC40NCAG	/scratch/project_2013895/SELEX/data/Xie2025/submitted_ftp/CDX1_FLI1_3_YYIII_TCACTC40NCAG.fastq.gz	signal	195238	7.8 Mbp	7800000	0	40	51	PASS	PASS	PASS	PASS	WARN	PASS	PASS	PASS	PASS	PASS	PASS
CDX1_HES7_3_YKIII_TCACTC40NCAG	/scratch/project_2013895/SELEX/data/Xie2025/submitted_ftp/CDX1_HES7_3_YKIII_TCACTC40NCAG.fastq.gz	signal	140388	5.6 Mbp	5600000	0	40	50	PASS	PASS	PASS	PASS	WARN	PASS	PASS	PASS	PASS	WARN	PASS
CDX1_SOX11_3_YUIII_TCACTC40NCAG	/scratch/project_2013895/SELEX/data/Xie2025/submitted_ftp/CDX1_SOX11_3_YUIII_TCACTC40NCAG.fastq.gz	signal	137346	5.4 Mbp	5400000	0	40	49	PASS	PASS	PASS	PASS	WARN	PASS	PASS	PASS	PASS	PASS	PASS
CDX1_TEAD4_3_YJII_TCACTC40NCAG	/scratch/project_2013895/SELEX/data/Xie2025/submitted_ftp/CDX1_TEAD4_3_YJII_TCACTC40NCAG.fastq.gz	signal	221840	8.8 Mbp	8800000	0	40	46	PASS	PASS	FAIL	PASS	WARN	PASS	PASS	PASS	PASS	WARN	PASS
CDX1_TGIF2LX_3_YVII_TCGACG40NTAA	/scratch/project_2013895/SELEX/data/Xie2025/submitted_ftp/CDX1_TGIF2LX_3_YVII_TCGACG40NTAA.fastq.gz	signal	267288	10.6 Mbp	10600000	0	40	48	PASS	PASS	FAIL	PASS	FAIL	PASS	PASS	PASS	PASS	PASS	PASS
CDX1_T_3_YAFIIII_TCACTC40NCAG	/scratch/project_2013895/SELEX/data/Xie2025/submitted_ftp/CDX1_T_3_YAFIIII_TCACTC40NCAG.fastq.gz	signal	274417	10.9 Mbp	10900000	0	40	46	PASS	PASS	FAIL	PASS	WARN	PASS	PASS	PASS	WARN	FAIL	PASS
CEBPB_ETV1_3_YRIIII_TAGTCA40NTCT	/scratch/project_2013895/SELEX/data/Xie2025/submitted_ftp/CEBPB_ETV1_3_YRIIII_TAGTCA40NTCT.fastq.gz	signal	211129	8.4 Mbp	8400000	0	40	51	PASS	PASS	PASS	PASS	WARN	PASS	PASS	PASS	PASS	PASS	PASS
CEBPB_FLI1_3_YYIII_TAGTCA40NTCT	/scratch/project_2013895/SELEX/data/Xie2025/submitted_ftp/CEBPB_FLI1_3_YYIII_TAGTCA40NTCT.fastq.gz	signal	253177	10.1 Mbp	10100000	0	40	51	PASS	PASS	PASS	PASS	WARN	PASS	PASS	PASS	PASS	PASS	PASS
CEBPB_FOSB_3_YWIII_TCCTCT40NGTC	/scratch/project_2013895/SELEX/data/Xie2025/submitted_ftp/CEBPB_FOSB_3_YWIII_TCCTCT40NGTC.fastq.gz	signal	318719	12.7 Mbp	12700000	0	40	48	PASS	PASS	PASS	PASS	FAIL	PASS	PASS	PASS	PASS	PASS	PASS
CEBPB_FOXD2_3_YWI_TCCTCT40NGTC	/scratch/project_2013895/SELEX/data/Xie2025/submitted_ftp/CEBPB_FOXD2_3_YWI_TCCTCT40NGTC.fastq.gz	signal	241095	9.6 Mbp	9600000	0	40	45	PASS	PASS	FAIL	PASS	FAIL	PASS	PASS	PASS	PASS	PASS	PASS
CEBPD_ETV5_3_YJI_TTTGTA40NTCC	/scratch/project_2013895/SELEX/data/Xie2025/submitted_ftp/CEBPD_ETV5_3_YJI_TTTGTA40NTCC.fastq.gz	signal	228040	9.1 Mbp	9100000	0	40	44	PASS	PASS	FAIL	PASS	FAIL	PASS	PASS	PASS	PASS	PASS	PASS
CEBPE_FOSB_3_YWIII_TGGGCT40NGTT	/scratch/project_2013895/SELEX/data/Xie2025/submitted_ftp/CEBPE_FOSB_3_YWIII_TGGGCT40NGTT.fastq.gz	signal	443418	17.7 Mbp	17700000	0	40	47	PASS	PASS	PASS	PASS	WARN	PASS	PASS	PASS	PASS	PASS	PASS
CEBPE_FOXD2_3_YWI_TGGGCT40NGTT	/scratch/project_2013895/SELEX/data/Xie2025/submitted_ftp/CEBPE_FOXD2_3_YWI_TGGGCT40NGTT.fastq.gz	signal	259002	10.3 Mbp	10300000	0	40	43	PASS	PASS	FAIL	PASS	FAIL	PASS	PASS	PASS	PASS	PASS	PASS
CEBPE_FOXD3_3_YWIIII_TGGGCT40NGTT	/scratch/project_2013895/SELEX/data/Xie2025/submitted_ftp/CEBPE_FOXD3_3_YWIIII_TGGGCT40NGTT.fastq.gz	signal	280392	11.2 Mbp	11200000	0	40	43	PASS	PASS	PASS	PASS	FAIL	PASS	PASS	PASS	PASS	WARN	PASS
CEBPE_GABPA_3_YYIIII_TGGGCT40NGTT	/scratch/project_2013895/SELEX/data/Xie2025/submitted_ftp/CEBPE_GABPA_3_YYIIII_TGGGCT40NGTT.fastq.gz	signal	325915	13 Mbp	13000000	0	40	47	PASS	PASS	FAIL	PASS	WARN	PASS	PASS	PASS	PASS	PASS	PASS
CEBPE_TBX21_3_YYI_TGGGCT40NGTT	/scratch/project_2013895/SELEX/data/Xie2025/submitted_ftp/CEBPE_TBX21_3_YYI_TGGGCT40NGTT.fastq.gz	signal	229597	9.1 Mbp	9100000	0	40	46	PASS	PASS	FAIL	PASS	FAIL	PASS	PASS	PASS	PASS	PASS	PASS
CEBPE_TBX4_3_YWII_TGGGCT40NGTT	/scratch/project_2013895/SELEX/data/Xie2025/submitted_ftp/CEBPE_TBX4_3_YWII_TGGGCT40NGTT.fastq.gz	signal	290302	11.6 Mbp	11600000	0	40	47	PASS	PASS	WARN	PASS	FAIL	PASS	PASS	PASS	PASS	PASS	PASS
CEBPE_TGIF2LX_3_YVII_TGGGCT40NGTT	/scratch/project_2013895/SELEX/data/Xie2025/submitted_ftp/CEBPE_TGIF2LX_3_YVII_TGGGCT40NGTT.fastq.gz	signal	282774	11.3 Mbp	11300000	0	40	47	PASS	PASS	FAIL	PASS	WARN	PASS	PASS	PASS	PASS	PASS	PASS
CLOCK_FOXA1_3_YWII_TTGCTT40NCCA	/scratch/project_2013895/SELEX/data/Xie2025/submitted_ftp/CLOCK_FOXA1_3_YWII_TTGCTT40NCCA.fastq.gz	signal	208336	8.3 Mbp	8300000.000000001	0	40	53	PASS	PASS	WARN	PASS	FAIL	PASS	PASS	PASS	PASS	PASS	PASS
CLOCK_FOXD2_3_YWI_TCTGAA40NCAT	/scratch/project_2013895/SELEX/data/Xie2025/submitted_ftp/CLOCK_FOXD2_3_YWI_TCTGAA40NCAT.fastq.gz	signal	231534	9.2 Mbp	9200000	0	40	39	PASS	PASS	FAIL	PASS	WARN	FAIL	PASS	PASS	FAIL	PASS	PASS
CLOCK_RUNX2_3_YII_TTGCTT40NCCA	/scratch/project_2013895/SELEX/data/Xie2025/submitted_ftp/CLOCK_RUNX2_3_YII_TTGCTT40NCCA.fastq.gz	signal	280636	11.2 Mbp	11200000	0	40	55	PASS	PASS	PASS	PASS	FAIL	PASS	PASS	PASS	WARN	WARN	PASS
CREB1_ELF1_3_YADIIII_TAACTG40NCGCG	/scratch/project_2013895/SELEX/data/Xie2025/submitted_ftp/CREB1_ELF1_3_YADIIII_TAACTG40NCGCG.fastq.gz	signal	261437	10.4 Mbp	10400000	0	40	47	PASS	PASS	PASS	PASS	WARN	PASS	PASS	PASS	WARN	PASS	PASS
CREB1_ELK1_3_YRII_TAACTG40NCGCG	/scratch/project_2013895/SELEX/data/Xie2025/submitted_ftp/CREB1_ELK1_3_YRII_TAACTG40NCGCG.fastq.gz	signal	225588	9 Mbp	9000000	0	40	51	PASS	PASS	FAIL	PASS	WARN	PASS	PASS	PASS	PASS	PASS	PASS
CREB1_ERG_3_YYII_TAACTG40NCGCG	/scratch/project_2013895/SELEX/data/Xie2025/submitted_ftp/CREB1_ERG_3_YYII_TAACTG40NCGCG.fastq.gz	signal	255583	10.2 Mbp	10200000	0	40	50	PASS	PASS	WARN	PASS	WARN	PASS	PASS	PASS	PASS	PASS	PASS
CREB1_ETV1_3_YRIIII_TAACTG40NCGCG	/scratch/project_2013895/SELEX/data/Xie2025/submitted_ftp/CREB1_ETV1_3_YRIIII_TAACTG40NCGCG.fastq.gz	signal	281511	11.2 Mbp	11200000	0	40	49	PASS	PASS	PASS	PASS	WARN	PASS	PASS	PASS	PASS	PASS	PASS
CREB1_ETV4_3_YSIII_TAACTG40NCGCG	/scratch/project_2013895/SELEX/data/Xie2025/submitted_ftp/CREB1_ETV4_3_YSIII_TAACTG40NCGCG.fastq.gz	signal	252223	10 Mbp	10000000	0	40	49	PASS	PASS	PASS	PASS	WARN	PASS	PASS	PASS	PASS	PASS	PASS
CREB1_FLI1_3_YYIII_TAACTG40NCGCG	/scratch/project_2013895/SELEX/data/Xie2025/submitted_ftp/CREB1_FLI1_3_YYIII_TAACTG40NCGCG.fastq.gz	signal	205495	8.2 Mbp	8199999.999999999	0	40	49	PASS	PASS	PASS	PASS	WARN	PASS	PASS	PASS	PASS	PASS	PASS
CREB1_IRF7_3_YAEIIII_TAACTG40NCGCG	/scratch/project_2013895/SELEX/data/Xie2025/submitted_ftp/CREB1_IRF7_3_YAEIIII_TAACTG40NCGCG.fastq.gz	signal	279435	11.1 Mbp	11100000	0	40	46	PASS	PASS	FAIL	PASS	WARN	PASS	PASS	PASS	WARN	PASS	PASS
CREB1_SOX11_3_YUIII_TAACTG40NCGCG	/scratch/project_2013895/SELEX/data/Xie2025/submitted_ftp/CREB1_SOX11_3_YUIII_TAACTG40NCGCG.fastq.gz	signal	167204	6.6 Mbp	6600000	0	40	44	PASS	PASS	PASS	PASS	WARN	PASS	PASS	PASS	WARN	WARN	PASS
CREB3L1_ELF1_3_YADIIII_TAGGGT40NGTT	/scratch/project_2013895/SELEX/data/Xie2025/submitted_ftp/CREB3L1_ELF1_3_YADIIII_TAGGGT40NGTT.fastq.gz	signal	228990	9.1 Mbp	9100000	0	40	54	PASS	PASS	PASS	PASS	FAIL	PASS	PASS	PASS	PASS	PASS	PASS
CREB3L1_FLI1_3_YYIII_TAGGGT40NGTT	/scratch/project_2013895/SELEX/data/Xie2025/submitted_ftp/CREB3L1_FLI1_3_YYIII_TAGGGT40NGTT.fastq.gz	signal	213818	8.5 Mbp	8500000	0	40	55	PASS	PASS	PASS	PASS	FAIL	PASS	PASS	PASS	PASS	PASS	PASS
CREB3L1_TBX4_3_YWII_TCCGCT40NGCG	/scratch/project_2013895/SELEX/data/Xie2025/submitted_ftp/CREB3L1_TBX4_3_YWII_TCCGCT40NGCG.fastq.gz	signal	245432	9.8 Mbp	9800000	0	40	53	PASS	PASS	WARN	PASS	FAIL	PASS	PASS	PASS	PASS	PASS	PASS
CREB3L4_ELK3_3_YAFI_TTCACG40NAGT	/scratch/project_2013895/SELEX/data/Xie2025/submitted_ftp/CREB3L4_ELK3_3_YAFI_TTCACG40NAGT.fastq.gz	signal	288303	11.5 Mbp	11500000	0	40	52	PASS	PASS	FAIL	PASS	WARN	PASS	PASS	PASS	WARN	PASS	PASS
CREB3L4_ETV1_3_YRIIII_TCTCAC40NCTG	/scratch/project_2013895/SELEX/data/Xie2025/submitted_ftp/CREB3L4_ETV1_3_YRIIII_TCTCAC40NCTG.fastq.gz	signal	234189	9.3 Mbp	9300000	0	40	56	PASS	PASS	PASS	PASS	FAIL	PASS	PASS	PASS	PASS	PASS	PASS
CREB3L4_FLI1_3_YYIII_TCTCAC40NCTG	/scratch/project_2013895/SELEX/data/Xie2025/submitted_ftp/CREB3L4_FLI1_3_YYIII_TCTCAC40NCTG.fastq.gz	signal	270249	10.8 Mbp	10800000	0	40	56	PASS	PASS	PASS	PASS	FAIL	PASS	PASS	PASS	PASS	PASS	PASS
CREB3L4_TBX4_3_YWII_TTCACG40NAGT	/scratch/project_2013895/SELEX/data/Xie2025/submitted_ftp/CREB3L4_TBX4_3_YWII_TTCACG40NAGT.fastq.gz	signal	301865	12 Mbp	12000000	0	40	54	PASS	PASS	WARN	PASS	FAIL	PASS	PASS	PASS	PASS	PASS	PASS
CREB3L4_TGIF2LX_3_YVII_TTCACG40NAGT	/scratch/project_2013895/SELEX/data/Xie2025/submitted_ftp/CREB3L4_TGIF2LX_3_YVII_TTCACG40NAGT.fastq.gz	signal	321767	12.8 Mbp	12800000	0	40	51	PASS	PASS	FAIL	PASS	FAIL	PASS	PASS	PASS	PASS	PASS	PASS
CREB5_ELK1_3_YRII_TCCAGA40NCTCC	/scratch/project_2013895/SELEX/data/Xie2025/submitted_ftp/CREB5_ELK1_3_YRII_TCCAGA40NCTCC.fastq.gz	signal	260654	10.4 Mbp	10400000	0	40	51	PASS	PASS	FAIL	PASS	WARN	PASS	PASS	PASS	PASS	PASS	PASS
CREB5_ERG_3_YYII_TCCAGA40NCTCC	/scratch/project_2013895/SELEX/data/Xie2025/submitted_ftp/CREB5_ERG_3_YYII_TCCAGA40NCTCC.fastq.gz	signal	220001	8.8 Mbp	8800000	0	40	52	PASS	PASS	WARN	PASS	WARN	PASS	PASS	PASS	PASS	PASS	PASS
CREB5_FLI1_3_YYIII_TCCAGA40NCTCC	/scratch/project_2013895/SELEX/data/Xie2025/submitted_ftp/CREB5_FLI1_3_YYIII_TCCAGA40NCTCC.fastq.gz	signal	231301	9.2 Mbp	9200000	0	40	51	PASS	PASS	PASS	PASS	WARN	PASS	PASS	PASS	PASS	PASS	PASS
CREB5_SOX11_3_YUIII_TCCAGA40NCTCC	/scratch/project_2013895/SELEX/data/Xie2025/submitted_ftp/CREB5_SOX11_3_YUIII_TCCAGA40NCTCC.fastq.gz	signal	183389	7.3 Mbp	7300000	0	40	47	PASS	PASS	PASS	PASS	FAIL	PASS	PASS	PASS	PASS	PASS	PASS
CREB5_TBX21_3_YYI_TAGAGC40NTAG	/scratch/project_2013895/SELEX/data/Xie2025/submitted_ftp/CREB5_TBX21_3_YYI_TAGAGC40NTAG.fastq.gz	signal	221610	8.8 Mbp	8800000	0	40	51	PASS	PASS	FAIL	PASS	PASS	PASS	PASS	PASS	PASS	PASS	PASS
CREM_ELF2_3_YSIII_TCATAG40NGGT	/scratch/project_2013895/SELEX/data/Xie2025/submitted_ftp/CREM_ELF2_3_YSIII_TCATAG40NGGT.fastq.gz	signal	258011	10.3 Mbp	10300000	0	40	51	PASS	PASS	PASS	PASS	FAIL	PASS	PASS	PASS	PASS	PASS	PASS
CREM_ETV1_3_YRIIII_TACCAA40NTTA	/scratch/project_2013895/SELEX/data/Xie2025/submitted_ftp/CREM_ETV1_3_YRIIII_TACCAA40NTTA.fastq.gz	signal	323653	12.9 Mbp	12900000	0	40	55	PASS	PASS	PASS	PASS	WARN	PASS	PASS	PASS	PASS	PASS	PASS
CREM_FLI1_3_YYIII_TACCAA40NTTA	/scratch/project_2013895/SELEX/data/Xie2025/submitted_ftp/CREM_FLI1_3_YYIII_TACCAA40NTTA.fastq.gz	signal	196904	7.8 Mbp	7800000	0	40	55	PASS	PASS	PASS	PASS	WARN	PASS	PASS	PASS	PASS	PASS	PASS
CREM_GABPA_3_YYIIII_TCATAG40NGGT	/scratch/project_2013895/SELEX/data/Xie2025/submitted_ftp/CREM_GABPA_3_YYIIII_TCATAG40NGGT.fastq.gz	signal	184100	7.3 Mbp	7300000	0	40	52	PASS	PASS	FAIL	PASS	FAIL	PASS	PASS	PASS	PASS	PASS	PASS
CREM_HOXA2_3_YJI_TCATAG40NGGT	/scratch/project_2013895/SELEX/data/Xie2025/submitted_ftp/CREM_HOXA2_3_YJI_TCATAG40NGGT.fastq.gz	signal	195132	7.8 Mbp	7800000	0	40	49	PASS	PASS	FAIL	PASS	WARN	PASS	PASS	PASS	WARN	PASS	PASS
CREM_RFX3_3_YSII_TCATAG40NGGT	/scratch/project_2013895/SELEX/data/Xie2025/submitted_ftp/CREM_RFX3_3_YSII_TCATAG40NGGT.fastq.gz	signal	280588	11.2 Mbp	11200000	0	40	51	PASS	PASS	FAIL	PASS	FAIL	PASS	PASS	PASS	FAIL	WARN	PASS
CREM_TBX4_3_YWII_TCATAG40NGGT	/scratch/project_2013895/SELEX/data/Xie2025/submitted_ftp/CREM_TBX4_3_YWII_TCATAG40NGGT.fastq.gz	signal	265232	10.6 Mbp	10600000	0	40	51	PASS	PASS	WARN	PASS	WARN	PASS	PASS	PASS	WARN	PASS	PASS
CUX1_POU2F2_3_YAAIIII_TATTCA40NTCAG	/scratch/project_2013895/SELEX/data/Xie2025/submitted_ftp/CUX1_POU2F2_3_YAAIIII_TATTCA40NTCAG.fastq.gz	signal	205087	8.2 Mbp	8199999.999999999	0	40	38	PASS	PASS	WARN	PASS	FAIL	WARN	PASS	PASS	WARN	WARN	PASS
DBX2_ELF1_3_YADIIII_TGCACG40NTTG	/scratch/project_2013895/SELEX/data/Xie2025/submitted_ftp/DBX2_ELF1_3_YADIIII_TGCACG40NTTG.fastq.gz	signal	280870	11.2 Mbp	11200000	0	40	49	PASS	PASS	PASS	PASS	WARN	PASS	PASS	PASS	PASS	PASS	PASS
DBX2_TGIF2LX_3_YVII_TCGTTT40NGTC	/scratch/project_2013895/SELEX/data/Xie2025/submitted_ftp/DBX2_TGIF2LX_3_YVII_TCGTTT40NGTC.fastq.gz	signal	315584	12.6 Mbp	12600000	0	40	47	PASS	PASS	FAIL	PASS	FAIL	PASS	PASS	PASS	PASS	WARN	PASS
DLX1_ELF1_3_YADIIII_TTACTA40NCTGA	/scratch/project_2013895/SELEX/data/Xie2025/submitted_ftp/DLX1_ELF1_3_YADIIII_TTACTA40NCTGA.fastq.gz	signal	275085	11 Mbp	11000000	0	40	50	PASS	PASS	PASS	PASS	WARN	PASS	PASS	PASS	PASS	PASS	PASS
DLX1_ELK1_3_YRII_TTACTA40NCTGA	/scratch/project_2013895/SELEX/data/Xie2025/submitted_ftp/DLX1_ELK1_3_YRII_TTACTA40NCTGA.fastq.gz	signal	318516	12.7 Mbp	12700000	0	40	54	PASS	PASS	FAIL	PASS	FAIL	PASS	PASS	PASS	PASS	PASS	PASS
DLX1_ELK3_3_YAFI_TGTATA40NGGT	/scratch/project_2013895/SELEX/data/Xie2025/submitted_ftp/DLX1_ELK3_3_YAFI_TGTATA40NGGT.fastq.gz	signal	304110	12.1 Mbp	12100000	0	40	45	PASS	PASS	FAIL	PASS	FAIL	PASS	PASS	PASS	FAIL	PASS	PASS
DLX1_FLI1_3_YYIII_TTACTA40NCTGA	/scratch/project_2013895/SELEX/data/Xie2025/submitted_ftp/DLX1_FLI1_3_YYIII_TTACTA40NCTGA.fastq.gz	signal	209563	8.3 Mbp	8300000.000000001	0	40	50	PASS	PASS	PASS	PASS	FAIL	PASS	PASS	PASS	PASS	PASS	PASS
DLX1_TBX21_3_YYI_TGTATA40NGGT	/scratch/project_2013895/SELEX/data/Xie2025/submitted_ftp/DLX1_TBX21_3_YYI_TGTATA40NGGT.fastq.gz	signal	208627	8.3 Mbp	8300000.000000001	0	40	46	PASS	PASS	FAIL	PASS	FAIL	PASS	PASS	PASS	FAIL	WARN	PASS
DLX1_TBX4_3_YWII_TGTATA40NGGT	/scratch/project_2013895/SELEX/data/Xie2025/submitted_ftp/DLX1_TBX4_3_YWII_TGTATA40NGGT.fastq.gz	signal	282196	11.2 Mbp	11200000	0	40	48	PASS	PASS	WARN	PASS	FAIL	PASS	PASS	PASS	WARN	WARN	PASS
DLX1_TGIF2LX_3_YVII_TGTATA40NGGT	/scratch/project_2013895/SELEX/data/Xie2025/submitted_ftp/DLX1_TGIF2LX_3_YVII_TGTATA40NGGT.fastq.gz	signal	312841	12.5 Mbp	12500000	0	40	51	PASS	PASS	FAIL	PASS	WARN	PASS	PASS	PASS	PASS	PASS	PASS
DLX2_ELK3_3_YAFI_TTGACT40NAGT	/scratch/project_2013895/SELEX/data/Xie2025/submitted_ftp/DLX2_ELK3_3_YAFI_TTGACT40NAGT.fastq.gz	signal	283196	11.3 Mbp	11300000	0	40	43	PASS	PASS	FAIL	PASS	WARN	PASS	PASS	PASS	PASS	PASS	PASS
DLX2_TBX21_3_YYI_TTGACT40NAGT	/scratch/project_2013895/SELEX/data/Xie2025/submitted_ftp/DLX2_TBX21_3_YYI_TTGACT40NAGT.fastq.gz	signal	205951	8.2 Mbp	8199999.999999999	0	40	43	PASS	PASS	FAIL	PASS	WARN	PASS	PASS	PASS	PASS	PASS	PASS
DLX2_TBX4_3_YWII_TTGACT40NAGT	/scratch/project_2013895/SELEX/data/Xie2025/submitted_ftp/DLX2_TBX4_3_YWII_TTGACT40NAGT.fastq.gz	signal	224289	8.9 Mbp	8900000	0	40	44	PASS	PASS	WARN	PASS	WARN	PASS	PASS	PASS	PASS	PASS	PASS
DLX2_TGIF2LX_3_YVII_TTGACT40NAGT	/scratch/project_2013895/SELEX/data/Xie2025/submitted_ftp/DLX2_TGIF2LX_3_YVII_TTGACT40NAGT.fastq.gz	signal	267138	10.6 Mbp	10600000	0	40	46	PASS	PASS	FAIL	PASS	WARN	PASS	PASS	PASS	PASS	PASS	PASS
DLX4_ELK1_3_YRII_TCTATA40NCCTA	/scratch/project_2013895/SELEX/data/Xie2025/submitted_ftp/DLX4_ELK1_3_YRII_TCTATA40NCCTA.fastq.gz	signal	189296	7.5 Mbp	7500000	0	40	51	PASS	PASS	WARN	PASS	WARN	PASS	PASS	PASS	PASS	PASS	PASS
DLX4_ELK3_3_YAFI_TCGTCA40NCTA	/scratch/project_2013895/SELEX/data/Xie2025/submitted_ftp/DLX4_ELK3_3_YAFI_TCGTCA40NCTA.fastq.gz	signal	268261	10.7 Mbp	10700000	0	40	47	PASS	PASS	FAIL	PASS	WARN	PASS	PASS	PASS	FAIL	WARN	PASS
DLX4_TBX21_3_YYI_TCGTCA40NCTA	/scratch/project_2013895/SELEX/data/Xie2025/submitted_ftp/DLX4_TBX21_3_YYI_TCGTCA40NCTA.fastq.gz	signal	198243	7.9 Mbp	7900000	0	40	49	PASS	PASS	FAIL	PASS	FAIL	PASS	PASS	PASS	PASS	PASS	PASS
DLX4_TBX4_3_YWII_TCGTCA40NCTA	/scratch/project_2013895/SELEX/data/Xie2025/submitted_ftp/DLX4_TBX4_3_YWII_TCGTCA40NCTA.fastq.gz	signal	325605	13 Mbp	13000000	0	40	50	PASS	PASS	WARN	PASS	FAIL	PASS	PASS	PASS	PASS	PASS	PASS
DLX4_TEAD4_3_YJII_TCTATA40NCCTA	/scratch/project_2013895/SELEX/data/Xie2025/submitted_ftp/DLX4_TEAD4_3_YJII_TCTATA40NCCTA.fastq.gz	signal	213408	8.5 Mbp	8500000	0	40	41	PASS	PASS	FAIL	PASS	FAIL	PASS	PASS	PASS	PASS	PASS	PASS
DLX5_ELF1_3_YADIIII_TGGGTC40NGACT	/scratch/project_2013895/SELEX/data/Xie2025/submitted_ftp/DLX5_ELF1_3_YADIIII_TGGGTC40NGACT.fastq.gz	signal	267807	10.7 Mbp	10700000	0	40	49	PASS	PASS	PASS	PASS	WARN	PASS	PASS	PASS	PASS	PASS	PASS
DLX5_ELK3_3_YAFI_TCAAGA40NCGC	/scratch/project_2013895/SELEX/data/Xie2025/submitted_ftp/DLX5_ELK3_3_YAFI_TCAAGA40NCGC.fastq.gz	signal	247973	9.9 Mbp	9900000	0	40	45	PASS	PASS	FAIL	PASS	WARN	PASS	PASS	PASS	FAIL	WARN	PASS
DLX5_FLI1_3_YYIII_TGGGTC40NGACT	/scratch/project_2013895/SELEX/data/Xie2025/submitted_ftp/DLX5_FLI1_3_YYIII_TGGGTC40NGACT.fastq.gz	signal	200662	8 Mbp	8000000	0	40	51	PASS	PASS	PASS	PASS	WARN	PASS	PASS	PASS	PASS	PASS	PASS
DLX5_RUNX2_3_YII_TGGGTC40NGACT	/scratch/project_2013895/SELEX/data/Xie2025/submitted_ftp/DLX5_RUNX2_3_YII_TGGGTC40NGACT.fastq.gz	signal	254825	10.1 Mbp	10100000	0	40	38	PASS	PASS	PASS	PASS	WARN	PASS	PASS	PASS	PASS	PASS	PASS
DLX5_TBX21_3_YYI_TCAAGA40NCGC	/scratch/project_2013895/SELEX/data/Xie2025/submitted_ftp/DLX5_TBX21_3_YYI_TCAAGA40NCGC.fastq.gz	signal	174508	6.9 Mbp	6900000	0	40	48	PASS	PASS	FAIL	PASS	FAIL	PASS	PASS	PASS	FAIL	WARN	PASS
DLX5_TBX4_3_YWII_TCAAGA40NCGC	/scratch/project_2013895/SELEX/data/Xie2025/submitted_ftp/DLX5_TBX4_3_YWII_TCAAGA40NCGC.fastq.gz	signal	317284	12.6 Mbp	12600000	0	40	50	PASS	PASS	WARN	PASS	WARN	PASS	PASS	PASS	WARN	PASS	PASS
DLX6_TBX21_3_YYI_TCTCAT40NTGT	/scratch/project_2013895/SELEX/data/Xie2025/submitted_ftp/DLX6_TBX21_3_YYI_TCTCAT40NTGT.fastq.gz	signal	241654	9.6 Mbp	9600000	0	40	49	PASS	PASS	FAIL	PASS	FAIL	PASS	PASS	PASS	PASS	PASS	PASS
DLX6_TBX4_3_YWII_TCTCAT40NTGT	/scratch/project_2013895/SELEX/data/Xie2025/submitted_ftp/DLX6_TBX4_3_YWII_TCTCAT40NTGT.fastq.gz	signal	288496	11.5 Mbp	11500000	0	40	49	PASS	PASS	WARN	PASS	FAIL	PASS	PASS	PASS	PASS	PASS	PASS
DLX6_TGIF2LX_3_YVII_TCTCAT40NTGT	/scratch/project_2013895/SELEX/data/Xie2025/submitted_ftp/DLX6_TGIF2LX_3_YVII_TCTCAT40NTGT.fastq.gz	signal	286018	11.4 Mbp	11400000	0	40	49	PASS	PASS	FAIL	PASS	FAIL	PASS	PASS	PASS	PASS	PASS	PASS
DMBX1_FLI1_3_YYIII_TGTCTC40NAACT	/scratch/project_2013895/SELEX/data/Xie2025/submitted_ftp/DMBX1_FLI1_3_YYIII_TGTCTC40NAACT.fastq.gz	signal	273271	10.9 Mbp	10900000	0	40	53	PASS	PASS	PASS	PASS	FAIL	PASS	PASS	PASS	PASS	PASS	PASS
DMBX1_GABPA_3_YYIIII_TACATC40NATA	/scratch/project_2013895/SELEX/data/Xie2025/submitted_ftp/DMBX1_GABPA_3_YYIIII_TACATC40NATA.fastq.gz	signal	239406	9.5 Mbp	9500000	0	40	55	PASS	PASS	FAIL	PASS	FAIL	PASS	PASS	PASS	PASS	PASS	PASS
DRGX_MEIS3_3_YRIIII_TGTAGT40NGAT	/scratch/project_2013895/SELEX/data/Xie2025/submitted_ftp/DRGX_MEIS3_3_YRIIII_TGTAGT40NGAT.fastq.gz	signal	96708	3.8 Mbp	3800000	0	40	44	PASS	PASS	PASS	PASS	WARN	PASS	PASS	PASS	PASS	PASS	PASS
DRGX_TBX21_3_YYI_TGTAGT40NGAT	/scratch/project_2013895/SELEX/data/Xie2025/submitted_ftp/DRGX_TBX21_3_YYI_TGTAGT40NGAT.fastq.gz	signal	200481	8 Mbp	8000000	0	40	40	PASS	PASS	FAIL	PASS	FAIL	WARN	PASS	PASS	WARN	PASS	PASS
DRGX_TBX4_3_YWII_TGTAGT40NGAT	/scratch/project_2013895/SELEX/data/Xie2025/submitted_ftp/DRGX_TBX4_3_YWII_TGTAGT40NGAT.fastq.gz	signal	248144	9.9 Mbp	9900000	0	40	40	PASS	PASS	WARN	PASS	FAIL	WARN	PASS	PASS	PASS	PASS	PASS
DRGX_TBX6_3_YAAII_TGTAGT40NGAT	/scratch/project_2013895/SELEX/data/Xie2025/submitted_ftp/DRGX_TBX6_3_YAAII_TGTAGT40NGAT.fastq.gz	signal	235755	9.4 Mbp	9400000	0	40	41	PASS	PASS	WARN	PASS	WARN	WARN	PASS	PASS	PASS	PASS	PASS
DRGX_TGIF2LX_3_YVII_TGTAGT40NGAT	/scratch/project_2013895/SELEX/data/Xie2025/submitted_ftp/DRGX_TGIF2LX_3_YVII_TGTAGT40NGAT.fastq.gz	signal	235118	9.4 Mbp	9400000	0	40	47	PASS	PASS	FAIL	PASS	PASS	PASS	PASS	PASS	PASS	PASS	PASS
DUXA_RUNX2_3_YII_TAGCGG40NCTG	/scratch/project_2013895/SELEX/data/Xie2025/submitted_ftp/DUXA_RUNX2_3_YII_TAGCGG40NCTG.fastq.gz	signal	239486	9.5 Mbp	9500000	0	40	47	PASS	PASS	PASS	PASS	WARN	PASS	PASS	PASS	WARN	PASS	PASS
EGR1_ELK3_3_YAFI_TCAAAT40NCTG	/scratch/project_2013895/SELEX/data/Xie2025/submitted_ftp/EGR1_ELK3_3_YAFI_TCAAAT40NCTG.fastq.gz	signal	271809	10.8 Mbp	10800000	0	40	58	PASS	PASS	FAIL	PASS	FAIL	PASS	PASS	PASS	FAIL	WARN	PASS
EGR1_ERG_3_YYII_TGCTAA40NAACA	/scratch/project_2013895/SELEX/data/Xie2025/submitted_ftp/EGR1_ERG_3_YYII_TGCTAA40NAACA.fastq.gz	signal	280352	11.2 Mbp	11200000	0	40	53	PASS	PASS	WARN	PASS	WARN	PASS	PASS	PASS	PASS	PASS	PASS
EGR1_FLI1_3_YYIII_TGCTAA40NAACA	/scratch/project_2013895/SELEX/data/Xie2025/submitted_ftp/EGR1_FLI1_3_YYIII_TGCTAA40NAACA.fastq.gz	signal	276530	11 Mbp	11000000	0	40	56	PASS	PASS	PASS	PASS	FAIL	PASS	PASS	PASS	WARN	WARN	PASS
EGR1_GABPA_3_YYIIII_TCAAAT40NCTG	/scratch/project_2013895/SELEX/data/Xie2025/submitted_ftp/EGR1_GABPA_3_YYIIII_TCAAAT40NCTG.fastq.gz	signal	198720	7.9 Mbp	7900000	0	40	58	PASS	PASS	FAIL	PASS	FAIL	PASS	PASS	PASS	PASS	PASS	PASS
EGR1_HOXA2_3_YJI_TCAAAT40NCTG	/scratch/project_2013895/SELEX/data/Xie2025/submitted_ftp/EGR1_HOXA2_3_YJI_TCAAAT40NCTG.fastq.gz	signal	202879	8.1 Mbp	8100000	0	40	55	PASS	PASS	FAIL	PASS	FAIL	PASS	PASS	PASS	WARN	WARN	PASS
EGR1_RFX3_3_YSII_TCAAAT40NCTG	/scratch/project_2013895/SELEX/data/Xie2025/submitted_ftp/EGR1_RFX3_3_YSII_TCAAAT40NCTG.fastq.gz	signal	232456	9.2 Mbp	9200000	0	40	57	PASS	PASS	FAIL	PASS	FAIL	PASS	PASS	PASS	FAIL	PASS	PASS
EGR1_RUNX2_3_YII_TGCTAA40NAACA	/scratch/project_2013895/SELEX/data/Xie2025/submitted_ftp/EGR1_RUNX2_3_YII_TGCTAA40NAACA.fastq.gz	signal	246465	9.8 Mbp	9800000	0	40	53	PASS	PASS	PASS	PASS	FAIL	PASS	PASS	PASS	WARN	WARN	PASS
EGR1_TBX21_3_YYI_TCAAAT40NCTG	/scratch/project_2013895/SELEX/data/Xie2025/submitted_ftp/EGR1_TBX21_3_YYI_TCAAAT40NCTG.fastq.gz	signal	229575	9.1 Mbp	9100000	0	40	56	PASS	PASS	FAIL	PASS	FAIL	PASS	PASS	PASS	FAIL	WARN	PASS
EGR1_TBX4_3_YWII_TCAAAT40NCTG	/scratch/project_2013895/SELEX/data/Xie2025/submitted_ftp/EGR1_TBX4_3_YWII_TCAAAT40NCTG.fastq.gz	signal	261348	10.4 Mbp	10400000	0	40	58	PASS	PASS	WARN	PASS	FAIL	PASS	PASS	PASS	FAIL	WARN	PASS
EGR1_TEAD4_3_YJII_TGCTAA40NAACA	/scratch/project_2013895/SELEX/data/Xie2025/submitted_ftp/EGR1_TEAD4_3_YJII_TGCTAA40NAACA.fastq.gz	signal	180574	7.2 Mbp	7200000	0	40	44	PASS	PASS	FAIL	PASS	WARN	PASS	PASS	PASS	WARN	WARN	PASS
EGR4_FLI1_3_YYIII_TAGGTC40NATTT	/scratch/project_2013895/SELEX/data/Xie2025/submitted_ftp/EGR4_FLI1_3_YYIII_TAGGTC40NATTT.fastq.gz	signal	210610	8.4 Mbp	8400000	0	40	55	PASS	PASS	PASS	PASS	WARN	PASS	PASS	PASS	WARN	WARN	PASS
ELF1_CREM_3_YLIII_TTCATT40NTAT	/scratch/project_2013895/SELEX/data/Xie2025/submitted_ftp/ELF1_CREM_3_YLIII_TTCATT40NTAT.fastq.gz	signal	NA	NA	NA	NA	NA	NA	NA	NA	NA	NA	NA	NA	NA	NA	NA	NA	NA
ELF1_FOXD2_3_YWI_TTCATT40NTAT	/scratch/project_2013895/SELEX/data/Xie2025/submitted_ftp/ELF1_FOXD2_3_YWI_TTCATT40NTAT.fastq.gz	signal	218524	8.7 Mbp	8700000	0	40	49	PASS	PASS	FAIL	PASS	FAIL	PASS	PASS	PASS	PASS	PASS	PASS
ELF1_FOXK1_3_YXI_TTCATT40NTAT	/scratch/project_2013895/SELEX/data/Xie2025/submitted_ftp/ELF1_FOXK1_3_YXI_TTCATT40NTAT.fastq.gz	signal	266280	10.6 Mbp	10600000	0	40	51	PASS	PASS	WARN	PASS	WARN	PASS	PASS	PASS	PASS	WARN	PASS
ELF1_FOXO1_3_YIII_TTACAA40NGGAG	/scratch/project_2013895/SELEX/data/Xie2025/submitted_ftp/ELF1_FOXO1_3_YIII_TTACAA40NGGAG.fastq.gz	signal	209282	8.3 Mbp	8300000.000000001	0	40	44	PASS	PASS	PASS	PASS	WARN	PASS	PASS	PASS	PASS	PASS	PASS
ELF1_HOXA2_3_YJI_TTCATT40NTAT	/scratch/project_2013895/SELEX/data/Xie2025/submitted_ftp/ELF1_HOXA2_3_YJI_TTCATT40NTAT.fastq.gz	signal	158363	6.3 Mbp	6300000	0	40	53	PASS	PASS	FAIL	PASS	FAIL	PASS	PASS	PASS	PASS	PASS	PASS
ELF1_HOXC10_3_YAEIII_TTACAA40NGGAG	/scratch/project_2013895/SELEX/data/Xie2025/submitted_ftp/ELF1_HOXC10_3_YAEIII_TTACAA40NGGAG.fastq.gz	signal	265450	10.6 Mbp	10600000	0	40	46	PASS	PASS	PASS	PASS	WARN	PASS	PASS	PASS	PASS	PASS	PASS
ELF1_IRF8_3_YQIIII_TTACAA40NGGAG	/scratch/project_2013895/SELEX/data/Xie2025/submitted_ftp/ELF1_IRF8_3_YQIIII_TTACAA40NGGAG.fastq.gz	signal	229534	9.1 Mbp	9100000	0	40	47	PASS	PASS	FAIL	PASS	WARN	PASS	PASS	PASS	WARN	WARN	PASS
ELF1_RUNX2_3_YII_TTACAA40NGGAG	/scratch/project_2013895/SELEX/data/Xie2025/submitted_ftp/ELF1_RUNX2_3_YII_TTACAA40NGGAG.fastq.gz	signal	251052	10 Mbp	10000000	0	40	48	PASS	PASS	PASS	PASS	FAIL	PASS	PASS	PASS	PASS	PASS	PASS
ELF1_TBX21_3_YYI_TTCATT40NTAT	/scratch/project_2013895/SELEX/data/Xie2025/submitted_ftp/ELF1_TBX21_3_YYI_TTCATT40NTAT.fastq.gz	signal	234537	9.3 Mbp	9300000	0	40	55	PASS	PASS	FAIL	PASS	FAIL	PASS	PASS	PASS	WARN	PASS	PASS
ELF1_TEAD4_3_YJII_TTACAA40NGGAG	/scratch/project_2013895/SELEX/data/Xie2025/submitted_ftp/ELF1_TEAD4_3_YJII_TTACAA40NGGAG.fastq.gz	signal	212865	8.5 Mbp	8500000	0	40	44	PASS	PASS	FAIL	PASS	WARN	PASS	PASS	PASS	PASS	PASS	PASS
ELF1_TGIF2LX_3_YVII_TTCATT40NTAT	/scratch/project_2013895/SELEX/data/Xie2025/submitted_ftp/ELF1_TGIF2LX_3_YVII_TTCATT40NTAT.fastq.gz	signal	181497	7.2 Mbp	7200000	0	40	56	PASS	PASS	FAIL	PASS	FAIL	PASS	PASS	PASS	PASS	WARN	PASS
ELF2_FOXD2_3_YWI_TTATGG40NCCA	/scratch/project_2013895/SELEX/data/Xie2025/submitted_ftp/ELF2_FOXD2_3_YWI_TTATGG40NCCA.fastq.gz	signal	270383	10.8 Mbp	10800000	0	40	43	PASS	PASS	FAIL	PASS	FAIL	WARN	PASS	PASS	PASS	PASS	PASS
ELF2_FOXK1_3_YXI_TTATGG40NCCA	/scratch/project_2013895/SELEX/data/Xie2025/submitted_ftp/ELF2_FOXK1_3_YXI_TTATGG40NCCA.fastq.gz	signal	307464	12.2 Mbp	12200000	0	40	45	PASS	PASS	WARN	PASS	FAIL	PASS	PASS	PASS	PASS	PASS	PASS
ELF2_HOXA2_3_YJI_TTATGG40NCCA	/scratch/project_2013895/SELEX/data/Xie2025/submitted_ftp/ELF2_HOXA2_3_YJI_TTATGG40NCCA.fastq.gz	signal	246218	9.8 Mbp	9800000	0	40	46	PASS	PASS	FAIL	PASS	WARN	PASS	PASS	PASS	WARN	PASS	PASS
ELF2_HOXB2_3_YUI_TTATGG40NCCA	/scratch/project_2013895/SELEX/data/Xie2025/submitted_ftp/ELF2_HOXB2_3_YUI_TTATGG40NCCA.fastq.gz	signal	223185	8.9 Mbp	8900000	0	40	45	PASS	PASS	FAIL	PASS	WARN	PASS	PASS	PASS	FAIL	WARN	PASS
ELF2_IRF7_3_YAEIIII_TTCTCC40NAGA	/scratch/project_2013895/SELEX/data/Xie2025/submitted_ftp/ELF2_IRF7_3_YAEIIII_TTCTCC40NAGA.fastq.gz	signal	263077	10.5 Mbp	10500000	0	40	50	PASS	PASS	FAIL	PASS	WARN	WARN	PASS	PASS	FAIL	WARN	PASS
ELF2_IRF8_3_YQIIII_TTCTCC40NAGA	/scratch/project_2013895/SELEX/data/Xie2025/submitted_ftp/ELF2_IRF8_3_YQIIII_TTCTCC40NAGA.fastq.gz	signal	223067	8.9 Mbp	8900000	0	40	52	PASS	PASS	FAIL	PASS	WARN	PASS	PASS	PASS	PASS	PASS	PASS
ELF2_ONECUT1_3_YJII_TTATGG40NCCA	/scratch/project_2013895/SELEX/data/Xie2025/submitted_ftp/ELF2_ONECUT1_3_YJII_TTATGG40NCCA.fastq.gz	signal	204941	8.1 Mbp	8100000	0	40	45	PASS	PASS	FAIL	PASS	WARN	PASS	PASS	PASS	FAIL	WARN	PASS
ELF2_TBX21_3_YYI_TTATGG40NCCA	/scratch/project_2013895/SELEX/data/Xie2025/submitted_ftp/ELF2_TBX21_3_YYI_TTATGG40NCCA.fastq.gz	signal	253946	10.1 Mbp	10100000	0	40	49	PASS	PASS	FAIL	PASS	FAIL	PASS	PASS	PASS	FAIL	WARN	PASS
ELF2_TBX4_3_YWII_TTATGG40NCCA	/scratch/project_2013895/SELEX/data/Xie2025/submitted_ftp/ELF2_TBX4_3_YWII_TTATGG40NCCA.fastq.gz	signal	290459	11.6 Mbp	11600000	0	40	53	PASS	PASS	WARN	PASS	FAIL	PASS	PASS	PASS	PASS	PASS	PASS
ELF2_TEAD4_3_YJII_TTCTCC40NAGA	/scratch/project_2013895/SELEX/data/Xie2025/submitted_ftp/ELF2_TEAD4_3_YJII_TTCTCC40NAGA.fastq.gz	signal	187006	7.4 Mbp	7400000	0	40	50	PASS	PASS	FAIL	PASS	FAIL	PASS	PASS	PASS	PASS	PASS	PASS
ELF4_CREM_3_YLIII_TCTAGA40NCGA	/scratch/project_2013895/SELEX/data/Xie2025/submitted_ftp/ELF4_CREM_3_YLIII_TCTAGA40NCGA.fastq.gz	signal	NA	NA	NA	NA	NA	NA	NA	NA	NA	NA	NA	NA	NA	NA	NA	NA	NA
ELF4_FOXA1_3_YWII_TAGCCC40NCATA	/scratch/project_2013895/SELEX/data/Xie2025/submitted_ftp/ELF4_FOXA1_3_YWII_TAGCCC40NCATA.fastq.gz	signal	244486	9.7 Mbp	9700000	0	40	50	PASS	PASS	WARN	PASS	WARN	PASS	PASS	PASS	PASS	PASS	PASS
ELF4_FOXK1_3_YXI_TCTAGA40NCGA	/scratch/project_2013895/SELEX/data/Xie2025/submitted_ftp/ELF4_FOXK1_3_YXI_TCTAGA40NCGA.fastq.gz	signal	233658	9.3 Mbp	9300000	0	40	52	PASS	PASS	WARN	PASS	FAIL	PASS	PASS	PASS	PASS	WARN	PASS
ELF4_HOXA2_3_YJI_TCTAGA40NCGA	/scratch/project_2013895/SELEX/data/Xie2025/submitted_ftp/ELF4_HOXA2_3_YJI_TCTAGA40NCGA.fastq.gz	signal	173307	6.9 Mbp	6900000	0	40	52	PASS	PASS	FAIL	PASS	FAIL	PASS	PASS	PASS	PASS	PASS	PASS
ELF4_HOXB2_3_YUI_TCTAGA40NCGA	/scratch/project_2013895/SELEX/data/Xie2025/submitted_ftp/ELF4_HOXB2_3_YUI_TCTAGA40NCGA.fastq.gz	signal	196780	7.8 Mbp	7800000	0	40	52	PASS	PASS	FAIL	PASS	FAIL	PASS	PASS	PASS	FAIL	PASS	PASS
ELF4_HOXB5_3_YVIII_TCTAGA40NCGA	/scratch/project_2013895/SELEX/data/Xie2025/submitted_ftp/ELF4_HOXB5_3_YVIII_TCTAGA40NCGA.fastq.gz	signal	265783	10.6 Mbp	10600000	0	40	54	PASS	PASS	WARN	PASS	FAIL	PASS	PASS	PASS	PASS	PASS	PASS
ELF4_ISL2_3_YUIII_TCTAGA40NCGA	/scratch/project_2013895/SELEX/data/Xie2025/submitted_ftp/ELF4_ISL2_3_YUIII_TCTAGA40NCGA.fastq.gz	signal	219365	8.7 Mbp	8700000	0	40	53	PASS	PASS	PASS	PASS	FAIL	PASS	PASS	PASS	PASS	PASS	PASS
ELF4_NKX6-1_3_YVIII_TAGCCC40NCATA	/scratch/project_2013895/SELEX/data/Xie2025/submitted_ftp/ELF4_NKX6-1_3_YVIII_TAGCCC40NCATA.fastq.gz	signal	275373	11 Mbp	11000000	0	40	47	PASS	PASS	FAIL	PASS	WARN	PASS	PASS	PASS	PASS	PASS	PASS
ELF4_POU2F2_3_YAAIIII_TAGCCC40NCATA	/scratch/project_2013895/SELEX/data/Xie2025/submitted_ftp/ELF4_POU2F2_3_YAAIIII_TAGCCC40NCATA.fastq.gz	signal	274977	10.9 Mbp	10900000	0	40	47	PASS	PASS	WARN	PASS	FAIL	PASS	PASS	PASS	PASS	PASS	PASS
ELF4_TBX21_3_YYI_TCTAGA40NCGA	/scratch/project_2013895/SELEX/data/Xie2025/submitted_ftp/ELF4_TBX21_3_YYI_TCTAGA40NCGA.fastq.gz	signal	241709	9.6 Mbp	9600000	0	40	55	PASS	PASS	FAIL	PASS	FAIL	PASS	PASS	PASS	PASS	PASS	PASS
ELF4_TBX4_3_YWII_TCTAGA40NCGA	/scratch/project_2013895/SELEX/data/Xie2025/submitted_ftp/ELF4_TBX4_3_YWII_TCTAGA40NCGA.fastq.gz	signal	243426	9.7 Mbp	9700000	0	40	57	PASS	PASS	WARN	PASS	FAIL	PASS	PASS	PASS	PASS	PASS	PASS
ELF4_TEAD3_3_YZI_TAGCCC40NCATA	/scratch/project_2013895/SELEX/data/Xie2025/submitted_ftp/ELF4_TEAD3_3_YZI_TAGCCC40NCATA.fastq.gz	signal	252631	10.1 Mbp	10100000	0	40	48	PASS	PASS	PASS	PASS	FAIL	PASS	PASS	PASS	PASS	PASS	PASS
ELF4_TEAD4_3_YJII_TAGCCC40NCATA	/scratch/project_2013895/SELEX/data/Xie2025/submitted_ftp/ELF4_TEAD4_3_YJII_TAGCCC40NCATA.fastq.gz	signal	209636	8.3 Mbp	8300000.000000001	0	40	49	PASS	PASS	FAIL	PASS	WARN	PASS	PASS	PASS	PASS	WARN	PASS
ELF4_TGIF2LX_3_YVII_TCTAGA40NCGA	/scratch/project_2013895/SELEX/data/Xie2025/submitted_ftp/ELF4_TGIF2LX_3_YVII_TCTAGA40NCGA.fastq.gz	signal	225297	9 Mbp	9000000	0	40	55	PASS	PASS	FAIL	PASS	FAIL	PASS	PASS	PASS	PASS	PASS	PASS
ELF5_TEAD4_3_YJII_TGACCG40NTGCT	/scratch/project_2013895/SELEX/data/Xie2025/submitted_ftp/ELF5_TEAD4_3_YJII_TGACCG40NTGCT.fastq.gz	signal	191836	7.6 Mbp	7600000	0	40	46	PASS	PASS	FAIL	PASS	FAIL	PASS	PASS	PASS	PASS	WARN	PASS
ELK1_FOXD2_3_YWI_TACTCT40NAAC	/scratch/project_2013895/SELEX/data/Xie2025/submitted_ftp/ELK1_FOXD2_3_YWI_TACTCT40NAAC.fastq.gz	signal	222653	8.9 Mbp	8900000	0	40	43	PASS	PASS	FAIL	PASS	FAIL	WARN	PASS	PASS	WARN	WARN	PASS
ELK1_FOXO1_3_YIII_TCCTTG40NTGGC	/scratch/project_2013895/SELEX/data/Xie2025/submitted_ftp/ELK1_FOXO1_3_YIII_TCCTTG40NTGGC.fastq.gz	signal	184575	7.3 Mbp	7300000	0	40	49	PASS	PASS	PASS	PASS	WARN	PASS	PASS	PASS	PASS	PASS	PASS
ELK1_HOXA2_3_YJI_TACTCT40NAAC	/scratch/project_2013895/SELEX/data/Xie2025/submitted_ftp/ELK1_HOXA2_3_YJI_TACTCT40NAAC.fastq.gz	signal	157443	6.2 Mbp	6200000	0	40	49	PASS	PASS	FAIL	PASS	FAIL	PASS	PASS	PASS	PASS	PASS	PASS
ELK1_IRF8_3_YQIIII_TCCTTG40NTGGC	/scratch/project_2013895/SELEX/data/Xie2025/submitted_ftp/ELK1_IRF8_3_YQIIII_TCCTTG40NTGGC.fastq.gz	signal	211596	8.4 Mbp	8400000	0	40	49	PASS	PASS	FAIL	PASS	WARN	PASS	PASS	PASS	WARN	WARN	PASS
ELK1_ONECUT1_3_YJII_TACTCT40NAAC	/scratch/project_2013895/SELEX/data/Xie2025/submitted_ftp/ELK1_ONECUT1_3_YJII_TACTCT40NAAC.fastq.gz	signal	174741	6.9 Mbp	6900000	0	40	51	PASS	PASS	FAIL	PASS	FAIL	PASS	PASS	PASS	WARN	WARN	PASS
ELK1_RUNX2_3_YII_TCCTTG40NTGGC	/scratch/project_2013895/SELEX/data/Xie2025/submitted_ftp/ELK1_RUNX2_3_YII_TCCTTG40NTGGC.fastq.gz	signal	226909	9 Mbp	9000000	0	40	52	PASS	PASS	PASS	PASS	WARN	PASS	PASS	PASS	WARN	PASS	PASS
ELK1_SOX11_3_YUIII_TCCTTG40NTGGC	/scratch/project_2013895/SELEX/data/Xie2025/submitted_ftp/ELK1_SOX11_3_YUIII_TCCTTG40NTGGC.fastq.gz	signal	219386	8.7 Mbp	8700000	0	40	48	PASS	PASS	PASS	PASS	WARN	PASS	PASS	PASS	WARN	WARN	PASS
ELK1_TBX21_3_YYI_TACTCT40NAAC	/scratch/project_2013895/SELEX/data/Xie2025/submitted_ftp/ELK1_TBX21_3_YYI_TACTCT40NAAC.fastq.gz	signal	221260	8.8 Mbp	8800000	0	40	53	PASS	PASS	FAIL	PASS	FAIL	PASS	PASS	PASS	FAIL	WARN	PASS
ELK1_TCF7L1_3_YAFII_TCCTTG40NTGGC	/scratch/project_2013895/SELEX/data/Xie2025/submitted_ftp/ELK1_TCF7L1_3_YAFII_TCCTTG40NTGGC.fastq.gz	signal	256042	10.2 Mbp	10200000	0	40	49	PASS	PASS	WARN	PASS	WARN	PASS	PASS	PASS	WARN	PASS	PASS
ELK1_TEAD4_3_YJII_TCCTTG40NTGGC	/scratch/project_2013895/SELEX/data/Xie2025/submitted_ftp/ELK1_TEAD4_3_YJII_TCCTTG40NTGGC.fastq.gz	signal	182345	7.2 Mbp	7200000	0	40	47	PASS	PASS	FAIL	PASS	FAIL	PASS	PASS	PASS	PASS	PASS	PASS
ELK3_FOXD2_3_YWI_TGGTAT40NTGA	/scratch/project_2013895/SELEX/data/Xie2025/submitted_ftp/ELK3_FOXD2_3_YWI_TGGTAT40NTGA.fastq.gz	signal	241637	9.6 Mbp	9600000	0	40	44	PASS	PASS	FAIL	PASS	WARN	WARN	PASS	PASS	WARN	PASS	PASS
ELK3_GCM1_3_YACII_TGGTAT40NTGA	/scratch/project_2013895/SELEX/data/Xie2025/submitted_ftp/ELK3_GCM1_3_YACII_TGGTAT40NTGA.fastq.gz	signal	298478	11.9 Mbp	11900000	0	40	61	PASS	PASS	PASS	PASS	FAIL	PASS	PASS	PASS	PASS	WARN	PASS
ELK3_HOXA2_3_YJI_TGGTAT40NTGA	/scratch/project_2013895/SELEX/data/Xie2025/submitted_ftp/ELK3_HOXA2_3_YJI_TGGTAT40NTGA.fastq.gz	signal	178325	7.1 Mbp	7100000	0	40	51	PASS	PASS	FAIL	PASS	FAIL	PASS	PASS	PASS	FAIL	WARN	PASS
ELK3_HOXB2_3_YUI_TGGTAT40NTGA	/scratch/project_2013895/SELEX/data/Xie2025/submitted_ftp/ELK3_HOXB2_3_YUI_TGGTAT40NTGA.fastq.gz	signal	180475	7.2 Mbp	7200000	0	40	53	PASS	PASS	FAIL	PASS	FAIL	PASS	PASS	PASS	FAIL	WARN	PASS
ELK3_IRF8_3_YQIIII_TATTTC40NTGTG	/scratch/project_2013895/SELEX/data/Xie2025/submitted_ftp/ELK3_IRF8_3_YQIIII_TATTTC40NTGTG.fastq.gz	signal	178277	7.1 Mbp	7100000	0	40	53	PASS	PASS	FAIL	PASS	FAIL	PASS	PASS	PASS	WARN	WARN	PASS
ELK3_TBX21_3_YYI_TGGTAT40NTGA	/scratch/project_2013895/SELEX/data/Xie2025/submitted_ftp/ELK3_TBX21_3_YYI_TGGTAT40NTGA.fastq.gz	signal	257218	10.2 Mbp	10200000	0	40	53	PASS	PASS	FAIL	PASS	FAIL	PASS	PASS	PASS	FAIL	WARN	PASS
EN2_SIX6_3_YVI_TTACTT40NGTAT	/scratch/project_2013895/SELEX/data/Xie2025/submitted_ftp/EN2_SIX6_3_YVI_TTACTT40NGTAT.fastq.gz	signal	312635	12.5 Mbp	12500000	0	40	47	PASS	PASS	PASS	PASS	WARN	PASS	PASS	PASS	FAIL	PASS	PASS
EN2_TBX20_3_YWIIII_TTACTT40NGTAT	/scratch/project_2013895/SELEX/data/Xie2025/submitted_ftp/EN2_TBX20_3_YWIIII_TTACTT40NGTAT.fastq.gz	signal	259517	10.3 Mbp	10300000	0	40	43	PASS	PASS	PASS	PASS	WARN	PASS	PASS	PASS	FAIL	WARN	PASS
EN2_TBX21_3_YYI_TTGAAT40NTAC	/scratch/project_2013895/SELEX/data/Xie2025/submitted_ftp/EN2_TBX21_3_YYI_TTGAAT40NTAC.fastq.gz	signal	265805	10.6 Mbp	10600000	0	40	50	PASS	PASS	FAIL	PASS	FAIL	PASS	PASS	PASS	FAIL	WARN	PASS
EN2_TBX4_3_YWII_TTGAAT40NTAC	/scratch/project_2013895/SELEX/data/Xie2025/submitted_ftp/EN2_TBX4_3_YWII_TTGAAT40NTAC.fastq.gz	signal	259718	10.3 Mbp	10300000	0	40	55	PASS	PASS	WARN	PASS	FAIL	PASS	PASS	PASS	FAIL	WARN	PASS
EOMES_HOXA2_3_YJI_TTTAGA40NGGC	/scratch/project_2013895/SELEX/data/Xie2025/submitted_ftp/EOMES_HOXA2_3_YJI_TTTAGA40NGGC.fastq.gz	signal	156824	6.2 Mbp	6200000	0	40	46	PASS	PASS	FAIL	PASS	WARN	PASS	PASS	PASS	PASS	PASS	PASS
EOMES_IRF8_3_YQIIII_TAGAAA40NCAG	/scratch/project_2013895/SELEX/data/Xie2025/submitted_ftp/EOMES_IRF8_3_YQIIII_TAGAAA40NCAG.fastq.gz	signal	218642	8.7 Mbp	8700000	0	40	51	PASS	PASS	FAIL	PASS	FAIL	PASS	PASS	PASS	PASS	PASS	PASS
EOMES_OTP_3_YPIII_TAGAAA40NCAG	/scratch/project_2013895/SELEX/data/Xie2025/submitted_ftp/EOMES_OTP_3_YPIII_TAGAAA40NCAG.fastq.gz	signal	235567	9.4 Mbp	9400000	0	40	48	PASS	PASS	WARN	PASS	WARN	PASS	PASS	PASS	WARN	PASS	PASS
EOMES_RUNX2_3_YII_TAGAAA40NCAG	/scratch/project_2013895/SELEX/data/Xie2025/submitted_ftp/EOMES_RUNX2_3_YII_TAGAAA40NCAG.fastq.gz	signal	250589	10 Mbp	10000000	0	40	51	PASS	PASS	PASS	PASS	WARN	PASS	PASS	PASS	PASS	PASS	PASS
EOMES_TEAD4_3_YJII_TAGAAA40NCAG	/scratch/project_2013895/SELEX/data/Xie2025/submitted_ftp/EOMES_TEAD4_3_YJII_TAGAAA40NCAG.fastq.gz	signal	197395	7.8 Mbp	7800000	0	40	49	PASS	PASS	FAIL	PASS	WARN	PASS	PASS	PASS	PASS	PASS	PASS
ERG_FOXO1_3_YIII_TAGGAC40NCGGT	/scratch/project_2013895/SELEX/data/Xie2025/submitted_ftp/ERG_FOXO1_3_YIII_TAGGAC40NCGGT.fastq.gz	signal	203240	8.1 Mbp	8100000	0	40	49	PASS	PASS	PASS	PASS	WARN	PASS	PASS	PASS	PASS	PASS	PASS
ERG_TBX21_3_YYI_TGAATG40NTAG	/scratch/project_2013895/SELEX/data/Xie2025/submitted_ftp/ERG_TBX21_3_YYI_TGAATG40NTAG.fastq.gz	signal	250875	10 Mbp	10000000	0	40	50	PASS	PASS	FAIL	PASS	FAIL	PASS	PASS	PASS	FAIL	WARN	PASS
ERG_TEAD4_3_YJII_TAGGAC40NCGGT	/scratch/project_2013895/SELEX/data/Xie2025/submitted_ftp/ERG_TEAD4_3_YJII_TAGGAC40NCGGT.fastq.gz	signal	199592	7.9 Mbp	7900000	0	40	43	PASS	PASS	FAIL	PASS	WARN	PASS	PASS	PASS	PASS	PASS	PASS
ESR2_TBX21_3_YYI_TCCCGG40NTAC	/scratch/project_2013895/SELEX/data/Xie2025/submitted_ftp/ESR2_TBX21_3_YYI_TCCCGG40NTAC.fastq.gz	signal	196020	7.8 Mbp	7800000	0	40	50	PASS	PASS	FAIL	PASS	WARN	PASS	PASS	PASS	FAIL	WARN	PASS
ESRRG_TBX21_3_YYI_TTGAAC40NGCT	/scratch/project_2013895/SELEX/data/Xie2025/submitted_ftp/ESRRG_TBX21_3_YYI_TTGAAC40NGCT.fastq.gz	signal	208732	8.3 Mbp	8300000.000000001	0	40	50	PASS	PASS	FAIL	PASS	FAIL	PASS	PASS	PASS	FAIL	WARN	PASS
ESX1_FOXA1_3_YWII_TTCGTC40NTGCG	/scratch/project_2013895/SELEX/data/Xie2025/submitted_ftp/ESX1_FOXA1_3_YWII_TTCGTC40NTGCG.fastq.gz	signal	290806	11.6 Mbp	11600000	0	40	44	PASS	PASS	WARN	PASS	WARN	WARN	PASS	PASS	PASS	PASS	PASS
ESX1_FOXD2_3_YWI_TAGCAA40NCGA	/scratch/project_2013895/SELEX/data/Xie2025/submitted_ftp/ESX1_FOXD2_3_YWI_TAGCAA40NCGA.fastq.gz	signal	199516	7.9 Mbp	7900000	0	40	37	PASS	PASS	FAIL	PASS	WARN	FAIL	PASS	PASS	PASS	PASS	PASS
ESX1_IRF8_3_YQIIII_TTCGTC40NTGCG	/scratch/project_2013895/SELEX/data/Xie2025/submitted_ftp/ESX1_IRF8_3_YQIIII_TTCGTC40NTGCG.fastq.gz	signal	182811	7.3 Mbp	7300000	0	40	40	PASS	PASS	WARN	PASS	WARN	WARN	PASS	PASS	PASS	PASS	PASS
ESX1_TBX21_3_YYI_TAGCAA40NCGA	/scratch/project_2013895/SELEX/data/Xie2025/submitted_ftp/ESX1_TBX21_3_YYI_TAGCAA40NCGA.fastq.gz	signal	217062	8.6 Mbp	8600000	0	40	44	PASS	PASS	FAIL	PASS	WARN	PASS	PASS	PASS	FAIL	WARN	PASS
ESX1_TBX4_3_YWII_TAGCAA40NCGA	/scratch/project_2013895/SELEX/data/Xie2025/submitted_ftp/ESX1_TBX4_3_YWII_TAGCAA40NCGA.fastq.gz	signal	285107	11.4 Mbp	11400000	0	40	45	PASS	PASS	WARN	PASS	FAIL	WARN	PASS	PASS	WARN	PASS	PASS
ETV1_FOXO1_3_YIII_TGGACT40NAACT	/scratch/project_2013895/SELEX/data/Xie2025/submitted_ftp/ETV1_FOXO1_3_YIII_TGGACT40NAACT.fastq.gz	signal	197259	7.8 Mbp	7800000	0	40	49	PASS	PASS	PASS	PASS	FAIL	PASS	PASS	PASS	PASS	PASS	PASS
ETV1_IRF8_3_YQIIII_TGGACT40NAACT	/scratch/project_2013895/SELEX/data/Xie2025/submitted_ftp/ETV1_IRF8_3_YQIIII_TGGACT40NAACT.fastq.gz	signal	215991	8.6 Mbp	8600000	0	40	51	PASS	PASS	FAIL	PASS	FAIL	PASS	PASS	PASS	PASS	PASS	PASS
ETV1_TBX21_3_YYI_TTATAT40NACC	/scratch/project_2013895/SELEX/data/Xie2025/submitted_ftp/ETV1_TBX21_3_YYI_TTATAT40NACC.fastq.gz	signal	204655	8.1 Mbp	8100000	0	40	53	PASS	PASS	FAIL	PASS	FAIL	PASS	PASS	PASS	FAIL	WARN	PASS
ETV1_TEAD4_3_YJII_TGGACT40NAACT	/scratch/project_2013895/SELEX/data/Xie2025/submitted_ftp/ETV1_TEAD4_3_YJII_TGGACT40NAACT.fastq.gz	signal	114425	4.5 Mbp	4500000	0	40	49	PASS	PASS	FAIL	PASS	FAIL	PASS	PASS	PASS	PASS	PASS	PASS
ETV2_FOXD2_3_YWI_TCCGAC40NAAC	/scratch/project_2013895/SELEX/data/Xie2025/submitted_ftp/ETV2_FOXD2_3_YWI_TCCGAC40NAAC.fastq.gz	signal	199560	7.9 Mbp	7900000	0	40	39	PASS	PASS	FAIL	PASS	FAIL	WARN	PASS	PASS	PASS	PASS	PASS
ETV2_TBX21_3_YYI_TCCGAC40NAAC	/scratch/project_2013895/SELEX/data/Xie2025/submitted_ftp/ETV2_TBX21_3_YYI_TCCGAC40NAAC.fastq.gz	signal	179426	7.1 Mbp	7100000	0	40	49	PASS	PASS	FAIL	PASS	FAIL	PASS	PASS	PASS	WARN	WARN	PASS
ETV4_FOXA1_3_YWII_TCCGCG40NGTTC	/scratch/project_2013895/SELEX/data/Xie2025/submitted_ftp/ETV4_FOXA1_3_YWII_TCCGCG40NGTTC.fastq.gz	signal	282100	11.2 Mbp	11200000	0	40	48	PASS	PASS	WARN	PASS	WARN	PASS	PASS	PASS	PASS	PASS	PASS
ETV4_FOXD2_3_YWI_TCAGCC40NTTC	/scratch/project_2013895/SELEX/data/Xie2025/submitted_ftp/ETV4_FOXD2_3_YWI_TCAGCC40NTTC.fastq.gz	signal	220444	8.8 Mbp	8800000	0	40	50	PASS	PASS	FAIL	PASS	FAIL	PASS	PASS	PASS	PASS	PASS	PASS
ETV4_FOXO1_3_YIII_TCCGCG40NGTTC	/scratch/project_2013895/SELEX/data/Xie2025/submitted_ftp/ETV4_FOXO1_3_YIII_TCCGCG40NGTTC.fastq.gz	signal	229399	9.1 Mbp	9100000	0	40	45	PASS	PASS	PASS	PASS	WARN	PASS	PASS	PASS	PASS	WARN	PASS
ETV4_GCM1_3_YACII_TCAGCC40NTTC	/scratch/project_2013895/SELEX/data/Xie2025/submitted_ftp/ETV4_GCM1_3_YACII_TCAGCC40NTTC.fastq.gz	signal	277813	11.1 Mbp	11100000	0	40	62	PASS	PASS	PASS	PASS	FAIL	PASS	PASS	PASS	PASS	PASS	PASS
ETV4_HOXA2_3_YJI_TCAGCC40NTTC	/scratch/project_2013895/SELEX/data/Xie2025/submitted_ftp/ETV4_HOXA2_3_YJI_TCAGCC40NTTC.fastq.gz	signal	208112	8.3 Mbp	8300000.000000001	0	40	55	PASS	PASS	FAIL	PASS	FAIL	PASS	PASS	PASS	PASS	PASS	PASS
ETV4_HOXC10_3_YAEIII_TCCGCG40NGTTC	/scratch/project_2013895/SELEX/data/Xie2025/submitted_ftp/ETV4_HOXC10_3_YAEIII_TCCGCG40NGTTC.fastq.gz	signal	375257	15 Mbp	15000000	0	40	49	PASS	PASS	PASS	PASS	WARN	PASS	PASS	PASS	WARN	PASS	PASS
ETV4_IRF8_3_YQIIII_TCCGCG40NGTTC	/scratch/project_2013895/SELEX/data/Xie2025/submitted_ftp/ETV4_IRF8_3_YQIIII_TCCGCG40NGTTC.fastq.gz	signal	241927	9.6 Mbp	9600000	0	40	51	PASS	PASS	FAIL	PASS	WARN	PASS	PASS	PASS	PASS	PASS	PASS
ETV4_RFX3_3_YSII_TCAGCC40NTTC	/scratch/project_2013895/SELEX/data/Xie2025/submitted_ftp/ETV4_RFX3_3_YSII_TCAGCC40NTTC.fastq.gz	signal	219395	8.7 Mbp	8700000	0	40	57	PASS	PASS	FAIL	PASS	FAIL	PASS	PASS	PASS	PASS	PASS	PASS
ETV4_TBX21_3_YYI_TCAGCC40NTTC	/scratch/project_2013895/SELEX/data/Xie2025/submitted_ftp/ETV4_TBX21_3_YYI_TCAGCC40NTTC.fastq.gz	signal	294680	11.7 Mbp	11700000	0	40	57	PASS	PASS	FAIL	PASS	FAIL	PASS	PASS	PASS	PASS	WARN	PASS
ETV4_TBX4_3_YWII_TCAGCC40NTTC	/scratch/project_2013895/SELEX/data/Xie2025/submitted_ftp/ETV4_TBX4_3_YWII_TCAGCC40NTTC.fastq.gz	signal	241825	9.6 Mbp	9600000	0	40	58	PASS	PASS	WARN	PASS	FAIL	PASS	PASS	PASS	PASS	PASS	PASS
ETV4_TEAD4_3_YJII_TCCGCG40NGTTC	/scratch/project_2013895/SELEX/data/Xie2025/submitted_ftp/ETV4_TEAD4_3_YJII_TCCGCG40NGTTC.fastq.gz	signal	223014	8.9 Mbp	8900000	0	40	45	PASS	PASS	FAIL	PASS	WARN	PASS	PASS	PASS	PASS	PASS	PASS
ETV4_TGIF2LX_3_YVII_TCAGCC40NTTC	/scratch/project_2013895/SELEX/data/Xie2025/submitted_ftp/ETV4_TGIF2LX_3_YVII_TCAGCC40NTTC.fastq.gz	signal	246559	9.8 Mbp	9800000	0	40	56	PASS	PASS	FAIL	PASS	FAIL	PASS	PASS	PASS	PASS	PASS	PASS
ETV5_FOXO1_3_YIII_TCATGA40NCCTG	/scratch/project_2013895/SELEX/data/Xie2025/submitted_ftp/ETV5_FOXO1_3_YIII_TCATGA40NCCTG.fastq.gz	signal	207595	8.3 Mbp	8300000.000000001	0	40	50	PASS	PASS	PASS	PASS	WARN	PASS	PASS	PASS	PASS	PASS	PASS
ETV5_RUNX2_3_YII_TCATGA40NCCTG	/scratch/project_2013895/SELEX/data/Xie2025/submitted_ftp/ETV5_RUNX2_3_YII_TCATGA40NCCTG.fastq.gz	signal	277347	11 Mbp	11000000	0	40	52	PASS	PASS	PASS	PASS	FAIL	PASS	PASS	PASS	WARN	WARN	PASS
ETV5_TBX21_3_YYI_TTCGCC40NGAC	/scratch/project_2013895/SELEX/data/Xie2025/submitted_ftp/ETV5_TBX21_3_YYI_TTCGCC40NGAC.fastq.gz	signal	183830	7.3 Mbp	7300000	0	40	52	PASS	PASS	FAIL	PASS	FAIL	PASS	PASS	PASS	FAIL	WARN	PASS
ETV5_TBX4_3_YWII_TTCGCC40NGAC	/scratch/project_2013895/SELEX/data/Xie2025/submitted_ftp/ETV5_TBX4_3_YWII_TTCGCC40NGAC.fastq.gz	signal	200453	8 Mbp	8000000	0	40	55	PASS	PASS	WARN	PASS	FAIL	PASS	PASS	PASS	FAIL	WARN	PASS
ETV5_TEAD4_3_YJII_TCATGA40NCCTG	/scratch/project_2013895/SELEX/data/Xie2025/submitted_ftp/ETV5_TEAD4_3_YJII_TCATGA40NCCTG.fastq.gz	signal	205531	8.2 Mbp	8199999.999999999	0	40	48	PASS	PASS	FAIL	PASS	WARN	PASS	PASS	PASS	PASS	WARN	PASS
EVX1_ELF1_3_YADIIII_TGAATT40NTAA	/scratch/project_2013895/SELEX/data/Xie2025/submitted_ftp/EVX1_ELF1_3_YADIIII_TGAATT40NTAA.fastq.gz	signal	248660	9.9 Mbp	9900000	0	40	45	PASS	PASS	PASS	PASS	FAIL	PASS	PASS	PASS	PASS	PASS	PASS
EVX1_PAX2_3_YZII_TGAATT40NTAA	/scratch/project_2013895/SELEX/data/Xie2025/submitted_ftp/EVX1_PAX2_3_YZII_TGAATT40NTAA.fastq.gz	signal	210693	8.4 Mbp	8400000	0	40	47	PASS	PASS	WARN	PASS	FAIL	PASS	PASS	PASS	WARN	PASS	PASS
EVX1_TBX20_3_YWIIII_TGAATT40NTAA	/scratch/project_2013895/SELEX/data/Xie2025/submitted_ftp/EVX1_TBX20_3_YWIIII_TGAATT40NTAA.fastq.gz	signal	196836	7.8 Mbp	7800000	0	40	38	PASS	PASS	PASS	PASS	FAIL	PASS	PASS	PASS	WARN	PASS	PASS
EVX1_TBX21_3_YYI_TTCATC40NCTT	/scratch/project_2013895/SELEX/data/Xie2025/submitted_ftp/EVX1_TBX21_3_YYI_TTCATC40NCTT.fastq.gz	signal	224993	8.9 Mbp	8900000	0	40	45	PASS	PASS	FAIL	PASS	FAIL	PASS	PASS	PASS	FAIL	PASS	PASS
EVX1_TBX4_3_YWII_TTCATC40NCTT	/scratch/project_2013895/SELEX/data/Xie2025/submitted_ftp/EVX1_TBX4_3_YWII_TTCATC40NCTT.fastq.gz	signal	267962	10.7 Mbp	10700000	0	40	48	PASS	PASS	WARN	PASS	FAIL	PASS	PASS	PASS	FAIL	PASS	PASS
EVX2_ELF1_3_YADIIII_TCGCTT40NTCT	/scratch/project_2013895/SELEX/data/Xie2025/submitted_ftp/EVX2_ELF1_3_YADIIII_TCGCTT40NTCT.fastq.gz	signal	250475	10 Mbp	10000000	0	40	53	PASS	PASS	PASS	PASS	FAIL	PASS	PASS	PASS	PASS	PASS	PASS
EVX2_ELK3_3_YAFI_TCCTGT40NGGC	/scratch/project_2013895/SELEX/data/Xie2025/submitted_ftp/EVX2_ELK3_3_YAFI_TCCTGT40NGGC.fastq.gz	signal	268491	10.7 Mbp	10700000	0	40	42	PASS	PASS	FAIL	PASS	WARN	PASS	PASS	PASS	FAIL	PASS	PASS
EVX2_GMEB2_3_YRI_TCGCTT40NTCT	/scratch/project_2013895/SELEX/data/Xie2025/submitted_ftp/EVX2_GMEB2_3_YRI_TCGCTT40NTCT.fastq.gz	signal	231123	9.2 Mbp	9200000	0	40	50	PASS	PASS	FAIL	PASS	WARN	PASS	PASS	PASS	PASS	PASS	PASS
EVX2_PAX2_3_YZII_TCGCTT40NTCT	/scratch/project_2013895/SELEX/data/Xie2025/submitted_ftp/EVX2_PAX2_3_YZII_TCGCTT40NTCT.fastq.gz	signal	218495	8.7 Mbp	8700000	0	40	52	PASS	PASS	WARN	PASS	FAIL	PASS	PASS	PASS	WARN	PASS	PASS
EVX2_TBX20_3_YWIIII_TCGCTT40NTCT	/scratch/project_2013895/SELEX/data/Xie2025/submitted_ftp/EVX2_TBX20_3_YWIIII_TCGCTT40NTCT.fastq.gz	signal	173293	6.9 Mbp	6900000	0	40	43	PASS	PASS	PASS	PASS	FAIL	PASS	PASS	PASS	WARN	PASS	PASS
EVX2_TBX21_3_YYI_TCCTGT40NGGC	/scratch/project_2013895/SELEX/data/Xie2025/submitted_ftp/EVX2_TBX21_3_YYI_TCCTGT40NGGC.fastq.gz	signal	183310	7.3 Mbp	7300000	0	40	42	PASS	PASS	FAIL	PASS	FAIL	PASS	PASS	PASS	WARN	PASS	PASS
FEV_HOXA2_3_YJI_TCGTAT40NTTA	/scratch/project_2013895/SELEX/data/Xie2025/submitted_ftp/FEV_HOXA2_3_YJI_TCGTAT40NTTA.fastq.gz	signal	154236	6.1 Mbp	6100000	0	40	47	PASS	PASS	FAIL	PASS	FAIL	PASS	PASS	PASS	WARN	WARN	PASS
FEV_TBX21_3_YYI_TCGTAT40NTTA	/scratch/project_2013895/SELEX/data/Xie2025/submitted_ftp/FEV_TBX21_3_YYI_TCGTAT40NTTA.fastq.gz	signal	203388	8.1 Mbp	8100000	0	40	49	PASS	PASS	FAIL	PASS	FAIL	PASS	PASS	PASS	FAIL	WARN	PASS
FEV_TBX4_3_YWII_TCGTAT40NTTA	/scratch/project_2013895/SELEX/data/Xie2025/submitted_ftp/FEV_TBX4_3_YWII_TCGTAT40NTTA.fastq.gz	signal	220467	8.8 Mbp	8800000	0	40	51	PASS	PASS	WARN	PASS	WARN	PASS	PASS	PASS	FAIL	WARN	PASS
FEV_TEAD4_3_YJII_TTGCTC40NGAA	/scratch/project_2013895/SELEX/data/Xie2025/submitted_ftp/FEV_TEAD4_3_YJII_TTGCTC40NGAA.fastq.gz	signal	202975	8.1 Mbp	8100000	0	40	47	PASS	PASS	FAIL	PASS	FAIL	PASS	PASS	PASS	WARN	WARN	PASS
FIGLA_BACH2_3_YACIIII_TTAGCG40NAGA	/scratch/project_2013895/SELEX/data/Xie2025/submitted_ftp/FIGLA_BACH2_3_YACIIII_TTAGCG40NAGA.fastq.gz	signal	312284	12.4 Mbp	12400000	0	40	52	PASS	PASS	WARN	PASS	FAIL	PASS	PASS	PASS	PASS	PASS	PASS
FIGLA_ERG_3_YYII_TTAGCG40NAGA	/scratch/project_2013895/SELEX/data/Xie2025/submitted_ftp/FIGLA_ERG_3_YYII_TTAGCG40NAGA.fastq.gz	signal	246849	9.8 Mbp	9800000	0	40	55	PASS	PASS	WARN	PASS	FAIL	PASS	PASS	PASS	PASS	PASS	PASS
FIGLA_ETV1_3_YRIIII_TTAGCG40NAGA	/scratch/project_2013895/SELEX/data/Xie2025/submitted_ftp/FIGLA_ETV1_3_YRIIII_TTAGCG40NAGA.fastq.gz	signal	250255	10 Mbp	10000000	0	40	56	PASS	PASS	PASS	PASS	FAIL	PASS	PASS	PASS	PASS	PASS	PASS
FIGLA_ETV4_3_YSIII_TTAGCG40NAGA	/scratch/project_2013895/SELEX/data/Xie2025/submitted_ftp/FIGLA_ETV4_3_YSIII_TTAGCG40NAGA.fastq.gz	signal	282849	11.3 Mbp	11300000	0	40	55	PASS	PASS	PASS	PASS	FAIL	PASS	PASS	PASS	PASS	PASS	PASS
FIGLA_EVX2_3_YZIIII_TTAGCG40NAGA	/scratch/project_2013895/SELEX/data/Xie2025/submitted_ftp/FIGLA_EVX2_3_YZIIII_TTAGCG40NAGA.fastq.gz	signal	272338	10.8 Mbp	10800000	0	40	52	PASS	PASS	FAIL	PASS	FAIL	PASS	PASS	PASS	PASS	PASS	PASS
FIGLA_FLI1_3_YYIII_TTAGCG40NAGA	/scratch/project_2013895/SELEX/data/Xie2025/submitted_ftp/FIGLA_FLI1_3_YYIII_TTAGCG40NAGA.fastq.gz	signal	275018	11 Mbp	11000000	0	40	56	PASS	PASS	PASS	PASS	FAIL	PASS	PASS	PASS	PASS	PASS	PASS
FIGLA_FOXD2_3_YWI_TGACGG40NCTC	/scratch/project_2013895/SELEX/data/Xie2025/submitted_ftp/FIGLA_FOXD2_3_YWI_TGACGG40NCTC.fastq.gz	signal	276997	11 Mbp	11000000	0	40	54	PASS	PASS	FAIL	PASS	WARN	PASS	PASS	PASS	PASS	PASS	PASS
FIGLA_FOXD3_3_YWIIII_TGACGG40NCTC	/scratch/project_2013895/SELEX/data/Xie2025/submitted_ftp/FIGLA_FOXD3_3_YWIIII_TGACGG40NCTC.fastq.gz	signal	262890	10.5 Mbp	10500000	0	40	54	PASS	PASS	PASS	PASS	PASS	PASS	PASS	PASS	PASS	PASS	PASS
FIGLA_GABPA_3_YYIIII_TGACGG40NCTC	/scratch/project_2013895/SELEX/data/Xie2025/submitted_ftp/FIGLA_GABPA_3_YYIIII_TGACGG40NCTC.fastq.gz	signal	230175	9.2 Mbp	9200000	0	40	56	PASS	PASS	FAIL	PASS	PASS	PASS	PASS	PASS	PASS	PASS	PASS
FIGLA_TEAD4_3_YJII_TTAGCG40NAGA	/scratch/project_2013895/SELEX/data/Xie2025/submitted_ftp/FIGLA_TEAD4_3_YJII_TTAGCG40NAGA.fastq.gz	signal	287325	11.4 Mbp	11400000	0	40	53	PASS	PASS	FAIL	PASS	FAIL	PASS	PASS	PASS	PASS	PASS	PASS
FLI1_FOXO1_3_YIII_TCCTTC40NCGAT	/scratch/project_2013895/SELEX/data/Xie2025/submitted_ftp/FLI1_FOXO1_3_YIII_TCCTTC40NCGAT.fastq.gz	signal	221033	8.8 Mbp	8800000	0	40	51	PASS	PASS	PASS	PASS	WARN	PASS	PASS	PASS	PASS	PASS	PASS
FLI1_HOXA2_3_YJI_TTAAAT40NAAT	/scratch/project_2013895/SELEX/data/Xie2025/submitted_ftp/FLI1_HOXA2_3_YJI_TTAAAT40NAAT.fastq.gz	signal	201366	8 Mbp	8000000	0	40	45	PASS	PASS	FAIL	PASS	FAIL	WARN	PASS	PASS	WARN	PASS	PASS
FLI1_TBX21_3_YYI_TTAAAT40NAAT	/scratch/project_2013895/SELEX/data/Xie2025/submitted_ftp/FLI1_TBX21_3_YYI_TTAAAT40NAAT.fastq.gz	signal	233797	9.3 Mbp	9300000	0	40	51	PASS	PASS	FAIL	PASS	FAIL	PASS	PASS	PASS	FAIL	WARN	PASS
FLI1_TEAD4_3_YJII_TCCTTC40NCGAT	/scratch/project_2013895/SELEX/data/Xie2025/submitted_ftp/FLI1_TEAD4_3_YJII_TCCTTC40NCGAT.fastq.gz	signal	236505	9.4 Mbp	9400000	0	40	45	PASS	PASS	FAIL	PASS	WARN	PASS	PASS	PASS	PASS	PASS	PASS
FOSB_CEBPD_3_YKIII_TCCGAA40NGGC	/scratch/project_2013895/SELEX/data/Xie2025/submitted_ftp/FOSB_CEBPD_3_YKIII_TCCGAA40NGGC.fastq.gz	signal	119273	4.7 Mbp	4700000	0	40	50	PASS	PASS	PASS	PASS	PASS	PASS	PASS	PASS	PASS	PASS	PASS
FOS_CEBPD_3_YKIII_TAAATC40NGTT	/scratch/project_2013895/SELEX/data/Xie2025/submitted_ftp/FOS_CEBPD_3_YKIII_TAAATC40NGTT.fastq.gz	signal	143091	5.7 Mbp	5700000	0	40	48	PASS	PASS	PASS	PASS	FAIL	PASS	PASS	PASS	PASS	PASS	PASS
FOS_FLI1_3_YYIII_TGACTG40NATG	/scratch/project_2013895/SELEX/data/Xie2025/submitted_ftp/FOS_FLI1_3_YYIII_TGACTG40NATG.fastq.gz	signal	241413	9.6 Mbp	9600000	0	40	56	PASS	PASS	PASS	PASS	FAIL	PASS	PASS	PASS	PASS	PASS	PASS
FOSL1_FLI1_3_YYIII_TTGTGA40NGGC	/scratch/project_2013895/SELEX/data/Xie2025/submitted_ftp/FOSL1_FLI1_3_YYIII_TTGTGA40NGGC.fastq.gz	signal	206503	8.2 Mbp	8199999.999999999	0	40	55	PASS	PASS	PASS	PASS	FAIL	PASS	PASS	PASS	PASS	PASS	PASS
FOXA2_FLI1_3_YYIII_TAGGTC40NACG	/scratch/project_2013895/SELEX/data/Xie2025/submitted_ftp/FOXA2_FLI1_3_YYIII_TAGGTC40NACG.fastq.gz	signal	231918	9.2 Mbp	9200000	0	40	53	PASS	PASS	PASS	PASS	WARN	PASS	PASS	PASS	PASS	PASS	PASS
FOXA2_GABPA_3_YYIIII_TCACCA40NATG	/scratch/project_2013895/SELEX/data/Xie2025/submitted_ftp/FOXA2_GABPA_3_YYIIII_TCACCA40NATG.fastq.gz	signal	206758	8.2 Mbp	8199999.999999999	0	40	50	PASS	PASS	FAIL	PASS	WARN	PASS	PASS	PASS	PASS	PASS	PASS
FOXA2_ONECUT1_3_YJII_TCACCA40NATG	/scratch/project_2013895/SELEX/data/Xie2025/submitted_ftp/FOXA2_ONECUT1_3_YJII_TCACCA40NATG.fastq.gz	signal	172614	6.9 Mbp	6900000	0	40	44	PASS	PASS	FAIL	PASS	WARN	WARN	PASS	PASS	PASS	WARN	PASS
FOXA2_POU3F1_3_YXIIII_TCACCA40NATG	/scratch/project_2013895/SELEX/data/Xie2025/submitted_ftp/FOXA2_POU3F1_3_YXIIII_TCACCA40NATG.fastq.gz	signal	211188	8.4 Mbp	8400000	0	40	39	PASS	PASS	PASS	PASS	WARN	WARN	PASS	PASS	PASS	PASS	PASS
FOXB1_ELF2_3_YSIII_TGCCGG40NCAG	/scratch/project_2013895/SELEX/data/Xie2025/submitted_ftp/FOXB1_ELF2_3_YSIII_TGCCGG40NCAG.fastq.gz	signal	217207	8.6 Mbp	8600000	0	40	48	PASS	PASS	PASS	PASS	WARN	PASS	PASS	PASS	PASS	PASS	PASS
FOXB1_ELF5_3_YYI_TAAGGG40NACC	/scratch/project_2013895/SELEX/data/Xie2025/submitted_ftp/FOXB1_ELF5_3_YYI_TAAGGG40NACC.fastq.gz	signal	187869	7.5 Mbp	7500000	0	40	42	PASS	PASS	FAIL	PASS	WARN	PASS	PASS	PASS	FAIL	PASS	PASS
FOXB1_ETV4_3_YSIII_TAAGGG40NACC	/scratch/project_2013895/SELEX/data/Xie2025/submitted_ftp/FOXB1_ETV4_3_YSIII_TAAGGG40NACC.fastq.gz	signal	198462	7.9 Mbp	7900000	0	40	52	PASS	PASS	PASS	PASS	WARN	PASS	PASS	PASS	PASS	PASS	PASS
FOXB1_FLI1_3_YYIII_TAAGGG40NACC	/scratch/project_2013895/SELEX/data/Xie2025/submitted_ftp/FOXB1_FLI1_3_YYIII_TAAGGG40NACC.fastq.gz	signal	224578	8.9 Mbp	8900000	0	40	48	PASS	PASS	PASS	PASS	FAIL	PASS	PASS	PASS	WARN	PASS	PASS
FOXB1_GABPA_3_YYIIII_TGCCGG40NCAG	/scratch/project_2013895/SELEX/data/Xie2025/submitted_ftp/FOXB1_GABPA_3_YYIIII_TGCCGG40NCAG.fastq.gz	signal	242876	9.7 Mbp	9700000	0	40	44	PASS	PASS	FAIL	PASS	FAIL	WARN	PASS	PASS	PASS	PASS	PASS
FOXB1_GCM1_3_YACII_TGCCGG40NCAG	/scratch/project_2013895/SELEX/data/Xie2025/submitted_ftp/FOXB1_GCM1_3_YACII_TGCCGG40NCAG.fastq.gz	signal	232535	9.3 Mbp	9300000	0	40	55	PASS	PASS	PASS	PASS	FAIL	PASS	PASS	PASS	PASS	PASS	PASS
FOXB1_ISX_3_YUIIII_TGCCGG40NCAG	/scratch/project_2013895/SELEX/data/Xie2025/submitted_ftp/FOXB1_ISX_3_YUIIII_TGCCGG40NCAG.fastq.gz	signal	222355	8.8 Mbp	8800000	0	40	41	PASS	PASS	FAIL	PASS	WARN	WARN	PASS	PASS	PASS	PASS	PASS
FOXB1_ONECUT1_3_YJII_TGCCGG40NCAG	/scratch/project_2013895/SELEX/data/Xie2025/submitted_ftp/FOXB1_ONECUT1_3_YJII_TGCCGG40NCAG.fastq.gz	signal	177370	7 Mbp	7000000	0	40	36	PASS	PASS	FAIL	PASS	FAIL	PASS	PASS	PASS	FAIL	WARN	PASS
FOXB1_ONECUT2_3_YXIII_TAAGGG40NACC	/scratch/project_2013895/SELEX/data/Xie2025/submitted_ftp/FOXB1_ONECUT2_3_YXIII_TAAGGG40NACC.fastq.gz	signal	208525	8.3 Mbp	8300000.000000001	0	40	43	PASS	PASS	FAIL	PASS	WARN	PASS	WARN	PASS	WARN	PASS	PASS
FOXB1_SOX11_3_YUIII_TAAGGG40NACC	/scratch/project_2013895/SELEX/data/Xie2025/submitted_ftp/FOXB1_SOX11_3_YUIII_TAAGGG40NACC.fastq.gz	signal	202916	8.1 Mbp	8100000	0	40	38	PASS	PASS	PASS	PASS	FAIL	WARN	PASS	PASS	FAIL	WARN	PASS
FOXB1_TBX21_3_YYI_TGCCGG40NCAG	/scratch/project_2013895/SELEX/data/Xie2025/submitted_ftp/FOXB1_TBX21_3_YYI_TGCCGG40NCAG.fastq.gz	signal	202235	8 Mbp	8000000	0	40	41	PASS	PASS	FAIL	PASS	FAIL	WARN	PASS	PASS	WARN	PASS	PASS
FOXB1_TBX4_3_YWII_TGCCGG40NCAG	/scratch/project_2013895/SELEX/data/Xie2025/submitted_ftp/FOXB1_TBX4_3_YWII_TGCCGG40NCAG.fastq.gz	signal	237871	9.5 Mbp	9500000	0	40	41	PASS	PASS	WARN	PASS	FAIL	PASS	PASS	PASS	PASS	WARN	PASS
FOXB1_TCF12_3_YADIII_TAAGGG40NACC	/scratch/project_2013895/SELEX/data/Xie2025/submitted_ftp/FOXB1_TCF12_3_YADIII_TAAGGG40NACC.fastq.gz	signal	164699	6.5 Mbp	6500000	0	40	53	PASS	PASS	FAIL	PASS	FAIL	PASS	PASS	PASS	WARN	PASS	PASS
FOXB1_TCF3_3_YIII_TGCCGG40NCAG	/scratch/project_2013895/SELEX/data/Xie2025/submitted_ftp/FOXB1_TCF3_3_YIII_TGCCGG40NCAG.fastq.gz	signal	192555	7.7 Mbp	7700000	0	40	42	PASS	PASS	PASS	PASS	FAIL	PASS	PASS	PASS	WARN	PASS	PASS
FOXB1_TCF4_3_YACII_TAAGGG40NACC	/scratch/project_2013895/SELEX/data/Xie2025/submitted_ftp/FOXB1_TCF4_3_YACII_TAAGGG40NACC.fastq.gz	signal	217086	8.6 Mbp	8600000	0	40	51	PASS	PASS	PASS	PASS	FAIL	PASS	PASS	PASS	WARN	WARN	PASS
FOXB1_TFAP2C_3_YXIIII_TAAGGG40NACC	/scratch/project_2013895/SELEX/data/Xie2025/submitted_ftp/FOXB1_TFAP2C_3_YXIIII_TAAGGG40NACC.fastq.gz	signal	142555	5.7 Mbp	5700000	0	40	57	PASS	PASS	PASS	PASS	FAIL	PASS	PASS	PASS	PASS	PASS	PASS
FOXB1_TGIF2LX_3_YVII_TGCCGG40NCAG	/scratch/project_2013895/SELEX/data/Xie2025/submitted_ftp/FOXB1_TGIF2LX_3_YVII_TGCCGG40NCAG.fastq.gz	signal	247597	9.9 Mbp	9900000	0	40	48	PASS	PASS	FAIL	PASS	FAIL	PASS	PASS	PASS	PASS	WARN	PASS
FOXC2_ELF2_3_YSIII_TGACGT40NAGC	/scratch/project_2013895/SELEX/data/Xie2025/submitted_ftp/FOXC2_ELF2_3_YSIII_TGACGT40NAGC.fastq.gz	signal	222426	8.8 Mbp	8800000	0	40	51	PASS	PASS	PASS	PASS	WARN	PASS	PASS	PASS	PASS	PASS	PASS
FOXC2_ELK3_3_YAFI_TGACGT40NAGC	/scratch/project_2013895/SELEX/data/Xie2025/submitted_ftp/FOXC2_ELK3_3_YAFI_TGACGT40NAGC.fastq.gz	signal	257510	10.3 Mbp	10300000	0	40	47	PASS	PASS	FAIL	PASS	WARN	PASS	PASS	PASS	WARN	WARN	PASS
FOXC2_TBX21_3_YYI_TGACGT40NAGC	/scratch/project_2013895/SELEX/data/Xie2025/submitted_ftp/FOXC2_TBX21_3_YYI_TGACGT40NAGC.fastq.gz	signal	226113	9 Mbp	9000000	0	40	43	PASS	PASS	FAIL	PASS	FAIL	WARN	PASS	PASS	WARN	PASS	PASS
FOXC2_TCF12_3_YADIII_TGCCTC40NCAA	/scratch/project_2013895/SELEX/data/Xie2025/submitted_ftp/FOXC2_TCF12_3_YADIII_TGCCTC40NCAA.fastq.gz	signal	170222	6.8 Mbp	6800000	0	40	56	PASS	PASS	FAIL	PASS	WARN	PASS	PASS	PASS	WARN	PASS	PASS
FOXC2_TCF3_3_YIII_TGACGT40NAGC	/scratch/project_2013895/SELEX/data/Xie2025/submitted_ftp/FOXC2_TCF3_3_YIII_TGACGT40NAGC.fastq.gz	signal	194827	7.7 Mbp	7700000	0	40	46	PASS	PASS	PASS	PASS	WARN	PASS	PASS	PASS	FAIL	WARN	PASS
FOXC2_TGIF2LX_3_YVII_TGACGT40NAGC	/scratch/project_2013895/SELEX/data/Xie2025/submitted_ftp/FOXC2_TGIF2LX_3_YVII_TGACGT40NAGC.fastq.gz	signal	253547	10.1 Mbp	10100000	0	40	49	PASS	PASS	FAIL	PASS	WARN	PASS	PASS	PASS	PASS	PASS	PASS
FOXD2_TCF3_3_YIII_TGTTTC40NTTA	/scratch/project_2013895/SELEX/data/Xie2025/submitted_ftp/FOXD2_TCF3_3_YIII_TGTTTC40NTTA.fastq.gz	signal	201487	8 Mbp	8000000	0	40	50	PASS	PASS	PASS	PASS	WARN	PASS	PASS	PASS	WARN	WARN	PASS
FOXI1_ELF1_3_YADIIII_TGATCA40NAGG	/scratch/project_2013895/SELEX/data/Xie2025/submitted_ftp/FOXI1_ELF1_3_YADIIII_TGATCA40NAGG.fastq.gz	signal	261664	10.4 Mbp	10400000	0	40	53	PASS	PASS	PASS	PASS	WARN	PASS	PASS	PASS	PASS	PASS	PASS
FOXI1_ELF2_3_YSIII_TTATAA40NGTG	/scratch/project_2013895/SELEX/data/Xie2025/submitted_ftp/FOXI1_ELF2_3_YSIII_TTATAA40NGTG.fastq.gz	signal	232104	9.2 Mbp	9200000	0	40	46	PASS	PASS	PASS	PASS	WARN	PASS	PASS	PASS	PASS	PASS	PASS
FOXI1_ELK3_3_YAFI_TTATAA40NGTG	/scratch/project_2013895/SELEX/data/Xie2025/submitted_ftp/FOXI1_ELK3_3_YAFI_TTATAA40NGTG.fastq.gz	signal	273563	10.9 Mbp	10900000	0	40	43	PASS	PASS	FAIL	PASS	WARN	PASS	PASS	PASS	FAIL	WARN	PASS
FOXI1_ETV1_3_YRIIII_TGATCA40NAGG	/scratch/project_2013895/SELEX/data/Xie2025/submitted_ftp/FOXI1_ETV1_3_YRIIII_TGATCA40NAGG.fastq.gz	signal	263434	10.5 Mbp	10500000	0	40	55	PASS	PASS	PASS	PASS	FAIL	PASS	PASS	PASS	PASS	PASS	PASS
FOXI1_ETV4_3_YSIII_TGATCA40NAGG	/scratch/project_2013895/SELEX/data/Xie2025/submitted_ftp/FOXI1_ETV4_3_YSIII_TGATCA40NAGG.fastq.gz	signal	224060	8.9 Mbp	8900000	0	40	54	PASS	PASS	PASS	PASS	FAIL	PASS	PASS	PASS	PASS	PASS	PASS
FOXI1_ETV5_3_YKII_TGATCA40NAGG	/scratch/project_2013895/SELEX/data/Xie2025/submitted_ftp/FOXI1_ETV5_3_YKII_TGATCA40NAGG.fastq.gz	signal	171685	6.8 Mbp	6800000	0	40	46	PASS	PASS	PASS	PASS	FAIL	PASS	PASS	PASS	WARN	WARN	PASS
FOXI1_FLI1_3_YYIII_TGATCA40NAGG	/scratch/project_2013895/SELEX/data/Xie2025/submitted_ftp/FOXI1_FLI1_3_YYIII_TGATCA40NAGG.fastq.gz	signal	250683	10 Mbp	10000000	0	40	53	PASS	PASS	PASS	PASS	FAIL	PASS	PASS	PASS	PASS	PASS	PASS
FOXI1_GABPA_3_YYIIII_TTATAA40NGTG	/scratch/project_2013895/SELEX/data/Xie2025/submitted_ftp/FOXI1_GABPA_3_YYIIII_TTATAA40NGTG.fastq.gz	signal	203491	8.1 Mbp	8100000	0	40	48	PASS	PASS	FAIL	PASS	WARN	PASS	PASS	PASS	PASS	PASS	PASS
FOXI1_GCM1_3_YACII_TTATAA40NGTG	/scratch/project_2013895/SELEX/data/Xie2025/submitted_ftp/FOXI1_GCM1_3_YACII_TTATAA40NGTG.fastq.gz	signal	242979	9.7 Mbp	9700000	0	40	56	PASS	PASS	PASS	PASS	WARN	PASS	PASS	PASS	PASS	PASS	PASS
FOXI1_TCF3_3_YIII_TTATAA40NGTG	/scratch/project_2013895/SELEX/data/Xie2025/submitted_ftp/FOXI1_TCF3_3_YIII_TTATAA40NGTG.fastq.gz	signal	194950	7.7 Mbp	7700000	0	40	45	PASS	PASS	PASS	PASS	FAIL	PASS	PASS	PASS	FAIL	WARN	PASS
FOXI1_TGIF2LX_3_YVII_TTATAA40NGTG	/scratch/project_2013895/SELEX/data/Xie2025/submitted_ftp/FOXI1_TGIF2LX_3_YVII_TTATAA40NGTG.fastq.gz	signal	226310	9 Mbp	9000000	0	40	47	PASS	PASS	FAIL	PASS	WARN	PASS	PASS	PASS	PASS	PASS	PASS
FOXK1_ELF2_3_YSIII_TCGTAG40NACT	/scratch/project_2013895/SELEX/data/Xie2025/submitted_ftp/FOXK1_ELF2_3_YSIII_TCGTAG40NACT.fastq.gz	signal	247002	9.8 Mbp	9800000	0	40	52	PASS	PASS	PASS	PASS	FAIL	PASS	PASS	PASS	PASS	PASS	PASS
FOXK2_ELF1_3_YADIIII_TTGAAC40NTAGC	/scratch/project_2013895/SELEX/data/Xie2025/submitted_ftp/FOXK2_ELF1_3_YADIIII_TTGAAC40NTAGC.fastq.gz	signal	335371	13.4 Mbp	13400000	0	40	47	PASS	PASS	PASS	PASS	PASS	PASS	PASS	PASS	PASS	PASS	PASS
FOXO1_ELF2_3_YSIII_TTTGCG40NGCT	/scratch/project_2013895/SELEX/data/Xie2025/submitted_ftp/FOXO1_ELF2_3_YSIII_TTTGCG40NGCT.fastq.gz	signal	234090	9.3 Mbp	9300000	0	40	50	PASS	PASS	PASS	PASS	WARN	PASS	PASS	PASS	PASS	PASS	PASS
FOXO1_TBX21_3_YYI_TTTGCG40NGCT	/scratch/project_2013895/SELEX/data/Xie2025/submitted_ftp/FOXO1_TBX21_3_YYI_TTTGCG40NGCT.fastq.gz	signal	212633	8.5 Mbp	8500000	0	40	46	PASS	PASS	FAIL	PASS	WARN	PASS	PASS	PASS	WARN	WARN	PASS
FOXO3A_ELF2_3_YSIII_TGTCTC40NTCA	/scratch/project_2013895/SELEX/data/Xie2025/submitted_ftp/FOXO3A_ELF2_3_YSIII_TGTCTC40NTCA.fastq.gz	signal	201783	8 Mbp	8000000	0	40	51	PASS	PASS	PASS	PASS	PASS	PASS	PASS	PASS	PASS	PASS	PASS
FOXO6_ELF2_3_YSIII_TCCCAT40NTGT	/scratch/project_2013895/SELEX/data/Xie2025/submitted_ftp/FOXO6_ELF2_3_YSIII_TCCCAT40NTGT.fastq.gz	signal	239229	9.5 Mbp	9500000	0	40	51	PASS	PASS	PASS	PASS	WARN	PASS	PASS	PASS	PASS	PASS	PASS
FOXO6_TBX21_3_YYI_TCCCAT40NTGT	/scratch/project_2013895/SELEX/data/Xie2025/submitted_ftp/FOXO6_TBX21_3_YYI_TCCCAT40NTGT.fastq.gz	signal	223296	8.9 Mbp	8900000	0	40	48	PASS	PASS	FAIL	PASS	WARN	PASS	PASS	PASS	PASS	WARN	PASS
GATA2_ELF5_3_YYI_TGAGTC40NAAC	/scratch/project_2013895/SELEX/data/Xie2025/submitted_ftp/GATA2_ELF5_3_YYI_TGAGTC40NAAC.fastq.gz	signal	203229	8.1 Mbp	8100000	0	40	53	PASS	PASS	FAIL	PASS	WARN	PASS	PASS	PASS	PASS	PASS	PASS
GATA2_ONECUT1_3_YJII_TCTTCG40NGAT	/scratch/project_2013895/SELEX/data/Xie2025/submitted_ftp/GATA2_ONECUT1_3_YJII_TCTTCG40NGAT.fastq.gz	signal	199577	7.9 Mbp	7900000	0	40	43	PASS	PASS	FAIL	PASS	FAIL	PASS	PASS	PASS	WARN	PASS	PASS
GATA2_TEAD4_3_YJII_TGAGTC40NAAC	/scratch/project_2013895/SELEX/data/Xie2025/submitted_ftp/GATA2_TEAD4_3_YJII_TGAGTC40NAAC.fastq.gz	signal	187578	7.5 Mbp	7500000	0	40	48	PASS	PASS	FAIL	PASS	FAIL	PASS	PASS	PASS	PASS	PASS	PASS
GATA3_ELF5_3_YYI_TGCGGA40NCGA	/scratch/project_2013895/SELEX/data/Xie2025/submitted_ftp/GATA3_ELF5_3_YYI_TGCGGA40NCGA.fastq.gz	signal	213648	8.5 Mbp	8500000	0	40	48	PASS	PASS	FAIL	PASS	WARN	PASS	PASS	PASS	WARN	WARN	PASS
GATA3_FLI1_3_YYIII_TGCGGA40NCGA	/scratch/project_2013895/SELEX/data/Xie2025/submitted_ftp/GATA3_FLI1_3_YYIII_TGCGGA40NCGA.fastq.gz	signal	261255	10.4 Mbp	10400000	0	40	52	PASS	PASS	PASS	PASS	FAIL	PASS	PASS	PASS	PASS	PASS	PASS
GATA3_TEAD4_3_YJII_TGCGGA40NCGA	/scratch/project_2013895/SELEX/data/Xie2025/submitted_ftp/GATA3_TEAD4_3_YJII_TGCGGA40NCGA.fastq.gz	signal	184485	7.3 Mbp	7300000	0	40	45	PASS	PASS	FAIL	PASS	FAIL	PASS	PASS	PASS	PASS	PASS	PASS
GATA4_TBX20_3_YWIIII_TATAAC40NCGG	/scratch/project_2013895/SELEX/data/Xie2025/submitted_ftp/GATA4_TBX20_3_YWIIII_TATAAC40NCGG.fastq.gz	signal	206407	8.2 Mbp	8199999.999999999	0	40	50	PASS	PASS	PASS	PASS	FAIL	PASS	PASS	PASS	PASS	PASS	PASS
GATA4_TBX21_3_YYI_TTATGA40NCAG	/scratch/project_2013895/SELEX/data/Xie2025/submitted_ftp/GATA4_TBX21_3_YYI_TTATGA40NCAG.fastq.gz	signal	240843	9.6 Mbp	9600000	0	40	46	PASS	PASS	FAIL	PASS	FAIL	PASS	PASS	PASS	FAIL	WARN	PASS
GATA5_TBX20_3_YWIIII_TTAGAC40NCAG	/scratch/project_2013895/SELEX/data/Xie2025/submitted_ftp/GATA5_TBX20_3_YWIIII_TTAGAC40NCAG.fastq.gz	signal	136464	5.4 Mbp	5400000	0	40	49	PASS	PASS	PASS	PASS	WARN	PASS	PASS	PASS	WARN	WARN	PASS
GATA5_TEAD4_3_YJII_TTAGAC40NCAG	/scratch/project_2013895/SELEX/data/Xie2025/submitted_ftp/GATA5_TEAD4_3_YJII_TTAGAC40NCAG.fastq.gz	signal	205823	8.2 Mbp	8199999.999999999	0	40	46	PASS	PASS	FAIL	PASS	WARN	PASS	PASS	PASS	FAIL	WARN	PASS
GATA6_ELF5_3_YYI_TCGCGA40NCATT	/scratch/project_2013895/SELEX/data/Xie2025/submitted_ftp/GATA6_ELF5_3_YYI_TCGCGA40NCATT.fastq.gz	signal	229387	9.1 Mbp	9100000	0	40	45	PASS	PASS	FAIL	PASS	FAIL	PASS	PASS	PASS	PASS	PASS	PASS
GATA6_FOXA1_3_YWII_TCGCGA40NCATT	/scratch/project_2013895/SELEX/data/Xie2025/submitted_ftp/GATA6_FOXA1_3_YWII_TCGCGA40NCATT.fastq.gz	signal	252212	10 Mbp	10000000	0	40	44	PASS	PASS	WARN	PASS	FAIL	PASS	PASS	PASS	PASS	PASS	PASS
GATA6_FOXD2_3_YWI_TGACCA40NTCC	/scratch/project_2013895/SELEX/data/Xie2025/submitted_ftp/GATA6_FOXD2_3_YWI_TGACCA40NTCC.fastq.gz	signal	217928	8.7 Mbp	8700000	0	40	44	PASS	PASS	FAIL	PASS	FAIL	WARN	PASS	PASS	WARN	PASS	PASS
GATA6_SOX11_3_YUIII_TCGCGA40NCATT	/scratch/project_2013895/SELEX/data/Xie2025/submitted_ftp/GATA6_SOX11_3_YUIII_TCGCGA40NCATT.fastq.gz	signal	209555	8.3 Mbp	8300000.000000001	0	40	43	PASS	PASS	PASS	PASS	FAIL	PASS	PASS	PASS	PASS	PASS	PASS
GATA6_TBX21_3_YYI_TGACCA40NTCC	/scratch/project_2013895/SELEX/data/Xie2025/submitted_ftp/GATA6_TBX21_3_YYI_TGACCA40NTCC.fastq.gz	signal	223826	8.9 Mbp	8900000	0	40	49	PASS	PASS	FAIL	PASS	FAIL	PASS	PASS	PASS	PASS	PASS	PASS
GATA6_TBX6_3_YAAII_TGACCA40NTCC	/scratch/project_2013895/SELEX/data/Xie2025/submitted_ftp/GATA6_TBX6_3_YAAII_TGACCA40NTCC.fastq.gz	signal	212065	8.4 Mbp	8400000	0	40	51	PASS	PASS	WARN	PASS	FAIL	PASS	PASS	PASS	PASS	PASS	PASS
GATA6_TGIF2LX_3_YVII_TGACCA40NTCC	/scratch/project_2013895/SELEX/data/Xie2025/submitted_ftp/GATA6_TGIF2LX_3_YVII_TGACCA40NTCC.fastq.gz	signal	241635	9.6 Mbp	9600000	0	40	52	PASS	PASS	FAIL	PASS	FAIL	PASS	PASS	PASS	PASS	PASS	PASS
GCM1_ERG_3_YYII_TTGTGA40NTCCC	/scratch/project_2013895/SELEX/data/Xie2025/submitted_ftp/GCM1_ERG_3_YYII_TTGTGA40NTCCC.fastq.gz	signal	235975	9.4 Mbp	9400000	0	40	54	PASS	PASS	WARN	PASS	FAIL	PASS	PASS	PASS	PASS	PASS	PASS
GCM1_ETV1_3_YRIIII_TTGTGA40NTCCC	/scratch/project_2013895/SELEX/data/Xie2025/submitted_ftp/GCM1_ETV1_3_YRIIII_TTGTGA40NTCCC.fastq.gz	signal	222330	8.8 Mbp	8800000	0	40	54	PASS	PASS	PASS	PASS	FAIL	PASS	PASS	PASS	PASS	PASS	PASS
GCM1_ETV4_3_YSIII_TTGTGA40NTCCC	/scratch/project_2013895/SELEX/data/Xie2025/submitted_ftp/GCM1_ETV4_3_YSIII_TTGTGA40NTCCC.fastq.gz	signal	237505	9.5 Mbp	9500000	0	40	54	PASS	PASS	PASS	PASS	FAIL	PASS	PASS	PASS	PASS	PASS	PASS
GCM1_ETV5_3_YKII_TTGTGA40NTCCC	/scratch/project_2013895/SELEX/data/Xie2025/submitted_ftp/GCM1_ETV5_3_YKII_TTGTGA40NTCCC.fastq.gz	signal	190572	7.6 Mbp	7600000	0	40	52	PASS	PASS	PASS	PASS	WARN	PASS	PASS	PASS	PASS	PASS	PASS
GCM1_FLI1_3_YYIII_TTGTGA40NTCCC	/scratch/project_2013895/SELEX/data/Xie2025/submitted_ftp/GCM1_FLI1_3_YYIII_TTGTGA40NTCCC.fastq.gz	signal	228267	9.1 Mbp	9100000	0	40	56	PASS	PASS	PASS	PASS	FAIL	PASS	PASS	PASS	WARN	PASS	PASS
GCM1_FOXO1_3_YIII_TTGTGA40NTCCC	/scratch/project_2013895/SELEX/data/Xie2025/submitted_ftp/GCM1_FOXO1_3_YIII_TTGTGA40NTCCC.fastq.gz	signal	164775	6.5 Mbp	6500000	0	40	53	PASS	PASS	PASS	PASS	WARN	PASS	PASS	PASS	PASS	PASS	PASS
GCM1_GABPA_3_YYIIII_TGAGAG40NCGC	/scratch/project_2013895/SELEX/data/Xie2025/submitted_ftp/GCM1_GABPA_3_YYIIII_TGAGAG40NCGC.fastq.gz	signal	223547	8.9 Mbp	8900000	0	40	55	PASS	PASS	FAIL	PASS	FAIL	PASS	PASS	PASS	PASS	PASS	PASS
GLI2_FLI1_3_YYIII_TCGTCT40NGGTG	/scratch/project_2013895/SELEX/data/Xie2025/submitted_ftp/GLI2_FLI1_3_YYIII_TCGTCT40NGGTG.fastq.gz	signal	274102	10.9 Mbp	10900000	0	40	55	PASS	PASS	PASS	PASS	FAIL	PASS	PASS	PASS	PASS	PASS	PASS
GLI2_SOX11_3_YUIII_TCGTCT40NGGTG	/scratch/project_2013895/SELEX/data/Xie2025/submitted_ftp/GLI2_SOX11_3_YUIII_TCGTCT40NGGTG.fastq.gz	signal	154030	6.1 Mbp	6100000	0	40	49	PASS	PASS	PASS	PASS	WARN	PASS	PASS	PASS	PASS	PASS	PASS
GLI3_FLI1_3_YYIII_TTAGGA40NTCT	/scratch/project_2013895/SELEX/data/Xie2025/submitted_ftp/GLI3_FLI1_3_YYIII_TTAGGA40NTCT.fastq.gz	signal	253700	10.1 Mbp	10100000	0	40	56	PASS	PASS	PASS	PASS	FAIL	PASS	PASS	PASS	PASS	PASS	PASS
GLI3_GABPA_3_YYIIII_TTTGCT40NCGT	/scratch/project_2013895/SELEX/data/Xie2025/submitted_ftp/GLI3_GABPA_3_YYIIII_TTTGCT40NCGT.fastq.gz	signal	252995	10.1 Mbp	10100000	0	40	52	PASS	PASS	FAIL	PASS	FAIL	PASS	PASS	PASS	PASS	PASS	PASS
GLI3_RFX3_3_YSII_TTTGCT40NCGT	/scratch/project_2013895/SELEX/data/Xie2025/submitted_ftp/GLI3_RFX3_3_YSII_TTTGCT40NCGT.fastq.gz	signal	255456	10.2 Mbp	10200000	0	40	52	PASS	PASS	FAIL	PASS	WARN	PASS	PASS	PASS	WARN	PASS	PASS
GLI3_SOX11_3_YUIII_TTAGGA40NTCT	/scratch/project_2013895/SELEX/data/Xie2025/submitted_ftp/GLI3_SOX11_3_YUIII_TTAGGA40NTCT.fastq.gz	signal	196397	7.8 Mbp	7800000	0	40	52	PASS	PASS	PASS	PASS	FAIL	PASS	PASS	PASS	PASS	WARN	PASS
gntR_TEAD4_3_YJII_TACAGA40NCGGA	/scratch/project_2013895/SELEX/data/Xie2025/submitted_ftp/gntR_TEAD4_3_YJII_TACAGA40NCGGA.fastq.gz	signal	206484	8.2 Mbp	8199999.999999999	0	40	41	PASS	PASS	FAIL	PASS	WARN	PASS	PASS	PASS	WARN	PASS	PASS
GSC2_FLI1_3_YYIII_TTTCTA40NCAT	/scratch/project_2013895/SELEX/data/Xie2025/submitted_ftp/GSC2_FLI1_3_YYIII_TTTCTA40NCAT.fastq.gz	signal	210363	8.4 Mbp	8400000	0	40	54	PASS	PASS	PASS	PASS	FAIL	PASS	PASS	PASS	PASS	PASS	PASS
GSC_FLI1_3_YYIII_TATAGT40NATAA	/scratch/project_2013895/SELEX/data/Xie2025/submitted_ftp/GSC_FLI1_3_YYIII_TATAGT40NATAA.fastq.gz	signal	250131	10 Mbp	10000000	0	40	51	PASS	PASS	PASS	PASS	WARN	PASS	PASS	PASS	PASS	PASS	PASS
GSC_MEIS3_3_YRIIII_TGCCAC40NGCC	/scratch/project_2013895/SELEX/data/Xie2025/submitted_ftp/GSC_MEIS3_3_YRIIII_TGCCAC40NGCC.fastq.gz	signal	211727	8.4 Mbp	8400000	0	40	55	PASS	PASS	PASS	PASS	FAIL	PASS	PASS	PASS	PASS	PASS	PASS
GSC_TBX20_3_YWIIII_TATAGT40NATAA	/scratch/project_2013895/SELEX/data/Xie2025/submitted_ftp/GSC_TBX20_3_YWIIII_TATAGT40NATAA.fastq.gz	signal	247208	9.8 Mbp	9800000	0	40	45	PASS	PASS	PASS	PASS	WARN	PASS	PASS	PASS	WARN	PASS	PASS
GSC_TBX21_3_YYI_TGCCAC40NGCC	/scratch/project_2013895/SELEX/data/Xie2025/submitted_ftp/GSC_TBX21_3_YYI_TGCCAC40NGCC.fastq.gz	signal	307234	12.2 Mbp	12200000	0	40	52	PASS	PASS	FAIL	PASS	FAIL	PASS	PASS	PASS	FAIL	WARN	PASS
GSC_TBX4_3_YWII_TGCCAC40NGCC	/scratch/project_2013895/SELEX/data/Xie2025/submitted_ftp/GSC_TBX4_3_YWII_TGCCAC40NGCC.fastq.gz	signal	262454	10.4 Mbp	10400000	0	40	55	PASS	PASS	WARN	PASS	FAIL	PASS	PASS	PASS	WARN	PASS	PASS
GSX1_FLI1_3_YYIII_TCTCTC40NTTG	/scratch/project_2013895/SELEX/data/Xie2025/submitted_ftp/GSX1_FLI1_3_YYIII_TCTCTC40NTTG.fastq.gz	signal	222078	8.8 Mbp	8800000	0	40	54	PASS	PASS	PASS	PASS	WARN	PASS	PASS	PASS	WARN	PASS	PASS
GSX1_PAX2_3_YZII_TCTCTC40NTTG	/scratch/project_2013895/SELEX/data/Xie2025/submitted_ftp/GSX1_PAX2_3_YZII_TCTCTC40NTTG.fastq.gz	signal	179769	7.1 Mbp	7100000	0	40	55	PASS	PASS	WARN	PASS	FAIL	PASS	PASS	PASS	WARN	PASS	PASS
GSX1_TBX20_3_YWIIII_TCTCTC40NTTG	/scratch/project_2013895/SELEX/data/Xie2025/submitted_ftp/GSX1_TBX20_3_YWIIII_TCTCTC40NTTG.fastq.gz	signal	202892	8.1 Mbp	8100000	0	40	45	PASS	PASS	PASS	PASS	FAIL	PASS	PASS	PASS	WARN	PASS	PASS
GSX1_TBX21_3_YYI_TCAAAG40NGAG	/scratch/project_2013895/SELEX/data/Xie2025/submitted_ftp/GSX1_TBX21_3_YYI_TCAAAG40NGAG.fastq.gz	signal	214281	8.5 Mbp	8500000	0	40	44	PASS	PASS	FAIL	PASS	FAIL	PASS	PASS	PASS	WARN	PASS	PASS
GSX1_TBX4_3_YWII_TCAAAG40NGAG	/scratch/project_2013895/SELEX/data/Xie2025/submitted_ftp/GSX1_TBX4_3_YWII_TCAAAG40NGAG.fastq.gz	signal	205341	8.2 Mbp	8199999.999999999	0	40	46	PASS	PASS	WARN	PASS	WARN	PASS	PASS	PASS	WARN	WARN	PASS
GSX2_ELF1_3_YADIIII_TCGCGT40NCGG	/scratch/project_2013895/SELEX/data/Xie2025/submitted_ftp/GSX2_ELF1_3_YADIIII_TCGCGT40NCGG.fastq.gz	signal	257846	10.3 Mbp	10300000	0	40	49	PASS	PASS	PASS	PASS	WARN	PASS	PASS	PASS	PASS	PASS	PASS
GSX2_FLI1_3_YYIII_TCGCGT40NCGG	/scratch/project_2013895/SELEX/data/Xie2025/submitted_ftp/GSX2_FLI1_3_YYIII_TCGCGT40NCGG.fastq.gz	signal	263956	10.5 Mbp	10500000	0	40	45	PASS	PASS	PASS	PASS	FAIL	PASS	PASS	PASS	PASS	PASS	PASS
GSX2_ONECUT1_3_YJII_TTGTAG40NTCT	/scratch/project_2013895/SELEX/data/Xie2025/submitted_ftp/GSX2_ONECUT1_3_YJII_TTGTAG40NTCT.fastq.gz	signal	189637	7.5 Mbp	7500000	0	40	37	PASS	PASS	FAIL	PASS	WARN	PASS	PASS	PASS	WARN	WARN	PASS
GSX2_TBX20_3_YWIIII_TCGCGT40NCGG	/scratch/project_2013895/SELEX/data/Xie2025/submitted_ftp/GSX2_TBX20_3_YWIIII_TCGCGT40NCGG.fastq.gz	signal	258153	10.3 Mbp	10300000	0	40	39	PASS	PASS	PASS	PASS	FAIL	PASS	PASS	PASS	WARN	PASS	PASS
GSX2_TBX21_3_YYI_TTGTAG40NTCT	/scratch/project_2013895/SELEX/data/Xie2025/submitted_ftp/GSX2_TBX21_3_YYI_TTGTAG40NTCT.fastq.gz	signal	213563	8.5 Mbp	8500000	0	40	44	PASS	PASS	FAIL	PASS	WARN	PASS	PASS	PASS	WARN	PASS	PASS
GSX2_TBX4_3_YWII_TTGTAG40NTCT	/scratch/project_2013895/SELEX/data/Xie2025/submitted_ftp/GSX2_TBX4_3_YWII_TTGTAG40NTCT.fastq.gz	signal	246409	9.8 Mbp	9800000	0	40	45	PASS	PASS	WARN	PASS	WARN	PASS	PASS	PASS	PASS	WARN	PASS
GSX2_TEAD4_3_YJII_TCGCGT40NCGG	/scratch/project_2013895/SELEX/data/Xie2025/submitted_ftp/GSX2_TEAD4_3_YJII_TCGCGT40NCGG.fastq.gz	signal	240197	9.6 Mbp	9600000	0	40	38	PASS	PASS	FAIL	PASS	WARN	PASS	PASS	PASS	PASS	PASS	PASS
GSX2_TGIF2LX_3_YVII_TTGTAG40NTCT	/scratch/project_2013895/SELEX/data/Xie2025/submitted_ftp/GSX2_TGIF2LX_3_YVII_TTGTAG40NTCT.fastq.gz	signal	281561	11.2 Mbp	11200000	0	40	51	PASS	PASS	FAIL	PASS	WARN	PASS	PASS	PASS	PASS	PASS	PASS
HES7_ETV5_3_YJII_TCTCTA40NCGAT	/scratch/project_2013895/SELEX/data/Xie2025/submitted_ftp/HES7_ETV5_3_YJII_TCTCTA40NCGAT.fastq.gz	signal	250388	10 Mbp	10000000	0	40	57	PASS	PASS	FAIL	PASS	FAIL	PASS	PASS	PASS	FAIL	WARN	PASS
HMX1_ELF1_3_YADIIII_TTTACT40NACA	/scratch/project_2013895/SELEX/data/Xie2025/submitted_ftp/HMX1_ELF1_3_YADIIII_TTTACT40NACA.fastq.gz	signal	238472	9.5 Mbp	9500000	0	40	52	PASS	PASS	PASS	PASS	FAIL	PASS	PASS	PASS	PASS	PASS	PASS
HMX3_RUNX2_3_YII_TACTGG40NGGA	/scratch/project_2013895/SELEX/data/Xie2025/submitted_ftp/HMX3_RUNX2_3_YII_TACTGG40NGGA.fastq.gz	signal	264230	10.5 Mbp	10500000	0	40	52	PASS	PASS	PASS	PASS	WARN	PASS	PASS	PASS	PASS	PASS	PASS
HOXA10_ETV1_3_YRIIII_TTTCTA40NCCAG	/scratch/project_2013895/SELEX/data/Xie2025/submitted_ftp/HOXA10_ETV1_3_YRIIII_TTTCTA40NCCAG.fastq.gz	signal	217560	8.7 Mbp	8700000	0	40	52	PASS	PASS	PASS	PASS	FAIL	PASS	PASS	PASS	PASS	PASS	PASS
HOXA10_FLI1_3_YYIII_TTTCTA40NCCAG	/scratch/project_2013895/SELEX/data/Xie2025/submitted_ftp/HOXA10_FLI1_3_YYIII_TTTCTA40NCCAG.fastq.gz	signal	242167	9.6 Mbp	9600000	0	40	48	PASS	PASS	PASS	PASS	WARN	PASS	PASS	PASS	PASS	PASS	PASS
HOXA10_GABPA_3_YYIIII_TGCGGT40NTCA	/scratch/project_2013895/SELEX/data/Xie2025/submitted_ftp/HOXA10_GABPA_3_YYIIII_TGCGGT40NTCA.fastq.gz	signal	222057	8.8 Mbp	8800000	0	40	54	PASS	PASS	FAIL	PASS	FAIL	PASS	PASS	PASS	PASS	PASS	PASS
HOXA10_ONECUT1_3_YJII_TGCGGT40NTCA	/scratch/project_2013895/SELEX/data/Xie2025/submitted_ftp/HOXA10_ONECUT1_3_YJII_TGCGGT40NTCA.fastq.gz	signal	140303	5.6 Mbp	5600000	0	40	49	PASS	PASS	FAIL	PASS	FAIL	WARN	PASS	PASS	PASS	PASS	PASS
HOXA10_PAX2_3_YZII_TTTCTA40NCCAG	/scratch/project_2013895/SELEX/data/Xie2025/submitted_ftp/HOXA10_PAX2_3_YZII_TTTCTA40NCCAG.fastq.gz	signal	234993	9.3 Mbp	9300000	0	40	50	PASS	PASS	WARN	PASS	FAIL	PASS	PASS	PASS	WARN	PASS	PASS
HOXA10_PAX5_3_YXII_TTTCTA40NCCAG	/scratch/project_2013895/SELEX/data/Xie2025/submitted_ftp/HOXA10_PAX5_3_YXII_TTTCTA40NCCAG.fastq.gz	signal	206964	8.2 Mbp	8199999.999999999	0	40	50	PASS	PASS	PASS	PASS	FAIL	PASS	PASS	PASS	PASS	PASS	PASS
HOXA10_SOX11_3_YUIII_TTTCTA40NCCAG	/scratch/project_2013895/SELEX/data/Xie2025/submitted_ftp/HOXA10_SOX11_3_YUIII_TTTCTA40NCCAG.fastq.gz	signal	178442	7.1 Mbp	7100000	0	40	47	PASS	PASS	PASS	PASS	WARN	PASS	PASS	PASS	PASS	PASS	PASS
HOXA10_TBX20_3_YWIIII_TTTCTA40NCCAG	/scratch/project_2013895/SELEX/data/Xie2025/submitted_ftp/HOXA10_TBX20_3_YWIIII_TTTCTA40NCCAG.fastq.gz	signal	258309	10.3 Mbp	10300000	0	40	43	PASS	PASS	PASS	PASS	WARN	PASS	PASS	PASS	PASS	PASS	PASS
HOXA10_TBX21_3_YYI_TGCGGT40NTCA	/scratch/project_2013895/SELEX/data/Xie2025/submitted_ftp/HOXA10_TBX21_3_YYI_TGCGGT40NTCA.fastq.gz	signal	218317	8.7 Mbp	8700000	0	40	49	PASS	PASS	FAIL	PASS	FAIL	WARN	PASS	PASS	WARN	WARN	PASS
HOXA10_TBX4_3_YWII_TGCGGT40NTCA	/scratch/project_2013895/SELEX/data/Xie2025/submitted_ftp/HOXA10_TBX4_3_YWII_TGCGGT40NTCA.fastq.gz	signal	284988	11.3 Mbp	11300000	0	40	50	PASS	PASS	WARN	PASS	FAIL	PASS	PASS	PASS	PASS	WARN	PASS
HOXA10_TBX6_3_YAAII_TGCGGT40NTCA	/scratch/project_2013895/SELEX/data/Xie2025/submitted_ftp/HOXA10_TBX6_3_YAAII_TGCGGT40NTCA.fastq.gz	signal	284761	11.3 Mbp	11300000	0	40	52	PASS	PASS	FAIL	PASS	FAIL	PASS	PASS	PASS	PASS	PASS	PASS
HOXA2_TBX20_3_YWIIII_TCACCC40NTGC	/scratch/project_2013895/SELEX/data/Xie2025/submitted_ftp/HOXA2_TBX20_3_YWIIII_TCACCC40NTGC.fastq.gz	signal	214709	8.5 Mbp	8500000	0	40	47	PASS	PASS	PASS	PASS	WARN	PASS	PASS	PASS	WARN	WARN	PASS
HOXA2_TBX21_3_YYI_TCGTGC40NACC	/scratch/project_2013895/SELEX/data/Xie2025/submitted_ftp/HOXA2_TBX21_3_YYI_TCGTGC40NACC.fastq.gz	signal	235342	9.4 Mbp	9400000	0	40	45	PASS	PASS	FAIL	PASS	FAIL	PASS	PASS	PASS	FAIL	WARN	PASS
HOXA2_TBX4_3_YWII_TCGTGC40NACC	/scratch/project_2013895/SELEX/data/Xie2025/submitted_ftp/HOXA2_TBX4_3_YWII_TCGTGC40NACC.fastq.gz	signal	208197	8.3 Mbp	8300000.000000001	0	40	49	PASS	PASS	WARN	PASS	FAIL	WARN	PASS	PASS	FAIL	WARN	PASS
HOXA4_CREM_3_YLIII_TAGACT40NGTG	/scratch/project_2013895/SELEX/data/Xie2025/submitted_ftp/HOXA4_CREM_3_YLIII_TAGACT40NGTG.fastq.gz	signal	NA	NA	NA	NA	NA	NA	NA	NA	NA	NA	NA	NA	NA	NA	NA	NA	NA
HOXA4_TBX20_3_YWIIII_TGCCCT40NTCG	/scratch/project_2013895/SELEX/data/Xie2025/submitted_ftp/HOXA4_TBX20_3_YWIIII_TGCCCT40NTCG.fastq.gz	signal	279761	11.1 Mbp	11100000	0	40	46	PASS	PASS	PASS	PASS	WARN	PASS	PASS	PASS	PASS	PASS	PASS
HOXA4_TBX21_3_YYI_TAGACT40NGTG	/scratch/project_2013895/SELEX/data/Xie2025/submitted_ftp/HOXA4_TBX21_3_YYI_TAGACT40NGTG.fastq.gz	signal	264025	10.5 Mbp	10500000	0	40	46	PASS	PASS	FAIL	PASS	FAIL	PASS	PASS	PASS	PASS	PASS	PASS
HOXA4_TBX4_3_YWII_TAGACT40NGTG	/scratch/project_2013895/SELEX/data/Xie2025/submitted_ftp/HOXA4_TBX4_3_YWII_TAGACT40NGTG.fastq.gz	signal	276706	11 Mbp	11000000	0	40	47	PASS	PASS	WARN	PASS	FAIL	PASS	PASS	PASS	PASS	PASS	PASS
HOXA6_ATF7_3_YJI_TCTGAT40NCTA	/scratch/project_2013895/SELEX/data/Xie2025/submitted_ftp/HOXA6_ATF7_3_YJI_TCTGAT40NCTA.fastq.gz	signal	187661	7.5 Mbp	7500000	0	40	42	PASS	PASS	FAIL	PASS	WARN	WARN	PASS	PASS	PASS	PASS	PASS
HOXA6_FLI1_3_YYIII_TCTGAT40NCTA	/scratch/project_2013895/SELEX/data/Xie2025/submitted_ftp/HOXA6_FLI1_3_YYIII_TCTGAT40NCTA.fastq.gz	signal	266880	10.6 Mbp	10600000	0	40	51	PASS	PASS	PASS	PASS	FAIL	PASS	PASS	PASS	PASS	PASS	PASS
HOXA6_TBX20_3_YWIIII_TCTGAT40NCTA	/scratch/project_2013895/SELEX/data/Xie2025/submitted_ftp/HOXA6_TBX20_3_YWIIII_TCTGAT40NCTA.fastq.gz	signal	248986	9.9 Mbp	9900000	0	40	42	PASS	PASS	PASS	PASS	FAIL	PASS	PASS	PASS	WARN	PASS	PASS
HOXA6_TBX21_3_YYI_TGAAAT40NCAA	/scratch/project_2013895/SELEX/data/Xie2025/submitted_ftp/HOXA6_TBX21_3_YYI_TGAAAT40NCAA.fastq.gz	signal	253001	10.1 Mbp	10100000	0	40	46	PASS	PASS	FAIL	PASS	WARN	PASS	PASS	PASS	WARN	PASS	PASS
HOXA6_TBX4_3_YWII_TGAAAT40NCAA	/scratch/project_2013895/SELEX/data/Xie2025/submitted_ftp/HOXA6_TBX4_3_YWII_TGAAAT40NCAA.fastq.gz	signal	272029	10.8 Mbp	10800000	0	40	46	PASS	PASS	WARN	PASS	WARN	PASS	PASS	PASS	PASS	PASS	PASS
HOXA9_FLI1_3_YYIII_TACGAC40NGCTA	/scratch/project_2013895/SELEX/data/Xie2025/submitted_ftp/HOXA9_FLI1_3_YYIII_TACGAC40NGCTA.fastq.gz	signal	248071	9.9 Mbp	9900000	0	40	48	PASS	PASS	PASS	PASS	WARN	PASS	PASS	PASS	PASS	PASS	PASS
HOXA9_TEAD4_3_YJII_TACGAC40NGCTA	/scratch/project_2013895/SELEX/data/Xie2025/submitted_ftp/HOXA9_TEAD4_3_YJII_TACGAC40NGCTA.fastq.gz	signal	197082	7.8 Mbp	7800000	0	40	42	PASS	PASS	FAIL	PASS	WARN	PASS	PASS	PASS	PASS	PASS	PASS
HOXB13_ETV1_3_YRIIII_TCCCGC40NCGTA	/scratch/project_2013895/SELEX/data/Xie2025/submitted_ftp/HOXB13_ETV1_3_YRIIII_TCCCGC40NCGTA.fastq.gz	signal	238562	9.5 Mbp	9500000	0	40	49	PASS	PASS	PASS	PASS	WARN	PASS	PASS	PASS	PASS	PASS	PASS
HOXB13_ETV5_3_YKII_TCCCGC40NCGTA	/scratch/project_2013895/SELEX/data/Xie2025/submitted_ftp/HOXB13_ETV5_3_YKII_TCCCGC40NCGTA.fastq.gz	signal	170254	6.8 Mbp	6800000	0	40	45	PASS	PASS	PASS	PASS	FAIL	PASS	PASS	PASS	PASS	PASS	PASS
HOXB13_FLI1_3_YYIII_TCCCGC40NCGTA	/scratch/project_2013895/SELEX/data/Xie2025/submitted_ftp/HOXB13_FLI1_3_YYIII_TCCCGC40NCGTA.fastq.gz	signal	256160	10.2 Mbp	10200000	0	40	48	PASS	PASS	PASS	PASS	FAIL	PASS	PASS	PASS	PASS	PASS	PASS
HOXB13_MEF2C_3_YAFIII_TCCCGC40NCGTA	/scratch/project_2013895/SELEX/data/Xie2025/submitted_ftp/HOXB13_MEF2C_3_YAFIII_TCCCGC40NCGTA.fastq.gz	signal	217410	8.6 Mbp	8600000	0	40	43	PASS	PASS	FAIL	PASS	FAIL	PASS	PASS	PASS	PASS	PASS	PASS
HOXB13_ONECUT1_3_YJII_TGCGAT40NGAT	/scratch/project_2013895/SELEX/data/Xie2025/submitted_ftp/HOXB13_ONECUT1_3_YJII_TGCGAT40NGAT.fastq.gz	signal	119133	4.7 Mbp	4700000	0	40	44	PASS	PASS	FAIL	PASS	FAIL	PASS	PASS	PASS	PASS	WARN	PASS
HOXB13_SOX11_3_YUIII_TCCCGC40NCGTA	/scratch/project_2013895/SELEX/data/Xie2025/submitted_ftp/HOXB13_SOX11_3_YUIII_TCCCGC40NCGTA.fastq.gz	signal	199337	7.9 Mbp	7900000	0	40	43	PASS	PASS	PASS	PASS	WARN	WARN	PASS	PASS	PASS	PASS	PASS
HOXB13_TBX21_3_YYI_TGCGAT40NGAT	/scratch/project_2013895/SELEX/data/Xie2025/submitted_ftp/HOXB13_TBX21_3_YYI_TGCGAT40NGAT.fastq.gz	signal	221209	8.8 Mbp	8800000	0	40	48	PASS	PASS	FAIL	PASS	FAIL	PASS	PASS	PASS	PASS	PASS	PASS
HOXB13_TBX4_3_YWII_TGCGAT40NGAT	/scratch/project_2013895/SELEX/data/Xie2025/submitted_ftp/HOXB13_TBX4_3_YWII_TGCGAT40NGAT.fastq.gz	signal	273499	10.9 Mbp	10900000	0	40	49	PASS	PASS	WARN	PASS	FAIL	PASS	PASS	PASS	PASS	PASS	PASS
HOXB13_TEAD4_3_YJII_TCCCGC40NCGTA	/scratch/project_2013895/SELEX/data/Xie2025/submitted_ftp/HOXB13_TEAD4_3_YJII_TCCCGC40NCGTA.fastq.gz	signal	189559	7.5 Mbp	7500000	0	40	41	PASS	PASS	FAIL	PASS	FAIL	PASS	PASS	PASS	PASS	PASS	PASS
HOXB13_TGIF2LX_3_YVII_TGCGAT40NGAT	/scratch/project_2013895/SELEX/data/Xie2025/submitted_ftp/HOXB13_TGIF2LX_3_YVII_TGCGAT40NGAT.fastq.gz	signal	230485	9.2 Mbp	9200000	0	40	51	PASS	PASS	FAIL	PASS	FAIL	PASS	PASS	PASS	PASS	PASS	PASS
HOXB5_TBX20_3_YWIIII_TAAGGC40NTGA	/scratch/project_2013895/SELEX/data/Xie2025/submitted_ftp/HOXB5_TBX20_3_YWIIII_TAAGGC40NTGA.fastq.gz	signal	203511	8.1 Mbp	8100000	0	40	45	PASS	PASS	PASS	PASS	WARN	PASS	PASS	PASS	PASS	PASS	PASS
HOXB5_TBX21_3_YYI_TAGCAC40NTTG	/scratch/project_2013895/SELEX/data/Xie2025/submitted_ftp/HOXB5_TBX21_3_YYI_TAGCAC40NTTG.fastq.gz	signal	238319	9.5 Mbp	9500000	0	40	47	PASS	PASS	FAIL	PASS	FAIL	PASS	PASS	PASS	WARN	PASS	PASS
HOXB5_TBX4_3_YWII_TAGCAC40NTTG	/scratch/project_2013895/SELEX/data/Xie2025/submitted_ftp/HOXB5_TBX4_3_YWII_TAGCAC40NTTG.fastq.gz	signal	267356	10.6 Mbp	10600000	0	40	50	PASS	PASS	WARN	PASS	FAIL	PASS	PASS	PASS	PASS	PASS	PASS
HOXB7_FLI1_3_YYIII_TCTTAA40NGCA	/scratch/project_2013895/SELEX/data/Xie2025/submitted_ftp/HOXB7_FLI1_3_YYIII_TCTTAA40NGCA.fastq.gz	signal	216172	8.6 Mbp	8600000	0	40	50	PASS	PASS	PASS	PASS	FAIL	PASS	PASS	PASS	PASS	PASS	PASS
HOXB7_TBX20_3_YWIIII_TCTTAA40NGCA	/scratch/project_2013895/SELEX/data/Xie2025/submitted_ftp/HOXB7_TBX20_3_YWIIII_TCTTAA40NGCA.fastq.gz	signal	217761	8.7 Mbp	8700000	0	40	46	PASS	PASS	PASS	PASS	FAIL	PASS	PASS	PASS	PASS	PASS	PASS
HOXB7_TBX21_3_YYI_TATTCT40NCTC	/scratch/project_2013895/SELEX/data/Xie2025/submitted_ftp/HOXB7_TBX21_3_YYI_TATTCT40NCTC.fastq.gz	signal	214304	8.5 Mbp	8500000	0	40	43	PASS	PASS	FAIL	PASS	FAIL	PASS	PASS	PASS	PASS	PASS	PASS
HOXB7_TBX4_3_YWII_TATTCT40NCTC	/scratch/project_2013895/SELEX/data/Xie2025/submitted_ftp/HOXB7_TBX4_3_YWII_TATTCT40NCTC.fastq.gz	signal	206443	8.2 Mbp	8199999.999999999	0	40	45	PASS	PASS	WARN	PASS	WARN	PASS	PASS	PASS	PASS	PASS	PASS
HOXB7_TEAD4_3_YJII_TCTTAA40NGCA	/scratch/project_2013895/SELEX/data/Xie2025/submitted_ftp/HOXB7_TEAD4_3_YJII_TCTTAA40NGCA.fastq.gz	signal	196859	7.8 Mbp	7800000	0	40	44	PASS	PASS	FAIL	PASS	FAIL	PASS	PASS	PASS	PASS	PASS	PASS
HOXC10_ELF2_3_YSIII_TGTATG40NCGG	/scratch/project_2013895/SELEX/data/Xie2025/submitted_ftp/HOXC10_ELF2_3_YSIII_TGTATG40NCGG.fastq.gz	signal	220131	8.8 Mbp	8800000	0	40	53	PASS	PASS	PASS	PASS	FAIL	PASS	PASS	PASS	PASS	PASS	PASS
HOXC10_FLI1_3_YYIII_TTGTTC40NTCTA	/scratch/project_2013895/SELEX/data/Xie2025/submitted_ftp/HOXC10_FLI1_3_YYIII_TTGTTC40NTCTA.fastq.gz	signal	237020	9.4 Mbp	9400000	0	40	46	PASS	PASS	PASS	PASS	FAIL	PASS	PASS	PASS	PASS	PASS	PASS
HOXC10_GABPA_3_YYIIII_TGTATG40NCGG	/scratch/project_2013895/SELEX/data/Xie2025/submitted_ftp/HOXC10_GABPA_3_YYIIII_TGTATG40NCGG.fastq.gz	signal	212396	8.4 Mbp	8400000	0	40	52	PASS	PASS	FAIL	PASS	FAIL	PASS	PASS	PASS	PASS	PASS	PASS
HOXC10_IRF7_3_YAEIIII_TTGTTC40NTCTA	/scratch/project_2013895/SELEX/data/Xie2025/submitted_ftp/HOXC10_IRF7_3_YAEIIII_TTGTTC40NTCTA.fastq.gz	signal	273147	10.9 Mbp	10900000	0	40	41	PASS	PASS	FAIL	PASS	WARN	PASS	PASS	PASS	PASS	PASS	PASS
HOXC10_ONECUT1_3_YJII_TGTATG40NCGG	/scratch/project_2013895/SELEX/data/Xie2025/submitted_ftp/HOXC10_ONECUT1_3_YJII_TGTATG40NCGG.fastq.gz	signal	159197	6.3 Mbp	6300000	0	40	43	PASS	PASS	FAIL	PASS	WARN	WARN	PASS	PASS	PASS	WARN	PASS
HOXC10_PAX5_3_YXII_TTGTTC40NTCTA	/scratch/project_2013895/SELEX/data/Xie2025/submitted_ftp/HOXC10_PAX5_3_YXII_TTGTTC40NTCTA.fastq.gz	signal	210300	8.4 Mbp	8400000	0	40	48	PASS	PASS	PASS	PASS	FAIL	PASS	PASS	PASS	PASS	PASS	PASS
HOXC10_SOX11_3_YUIII_TTGTTC40NTCTA	/scratch/project_2013895/SELEX/data/Xie2025/submitted_ftp/HOXC10_SOX11_3_YUIII_TTGTTC40NTCTA.fastq.gz	signal	171648	6.8 Mbp	6800000	0	40	42	PASS	PASS	PASS	PASS	WARN	PASS	PASS	PASS	PASS	PASS	PASS
HOXC10_TBX20_3_YWIIII_TTGTTC40NTCTA	/scratch/project_2013895/SELEX/data/Xie2025/submitted_ftp/HOXC10_TBX20_3_YWIIII_TTGTTC40NTCTA.fastq.gz	signal	247246	9.8 Mbp	9800000	0	40	43	PASS	PASS	PASS	PASS	WARN	PASS	PASS	PASS	PASS	PASS	PASS
HOXC10_TBX21_3_YYI_TGTATG40NCGG	/scratch/project_2013895/SELEX/data/Xie2025/submitted_ftp/HOXC10_TBX21_3_YYI_TGTATG40NCGG.fastq.gz	signal	224466	8.9 Mbp	8900000	0	40	48	PASS	PASS	FAIL	PASS	FAIL	PASS	PASS	PASS	PASS	PASS	PASS
HOXC10_TBX4_3_YWII_TGTATG40NCGG	/scratch/project_2013895/SELEX/data/Xie2025/submitted_ftp/HOXC10_TBX4_3_YWII_TGTATG40NCGG.fastq.gz	signal	241373	9.6 Mbp	9600000	0	40	51	PASS	PASS	WARN	PASS	FAIL	PASS	PASS	PASS	PASS	PASS	PASS
HOXC10_TGIF2LX_3_YVII_TGTATG40NCGG	/scratch/project_2013895/SELEX/data/Xie2025/submitted_ftp/HOXC10_TGIF2LX_3_YVII_TGTATG40NCGG.fastq.gz	signal	174570	6.9 Mbp	6900000	0	40	53	PASS	PASS	FAIL	PASS	FAIL	PASS	PASS	PASS	PASS	PASS	PASS
HOXC11_ETV1_3_YRIIII_TCTTGT40NGATC	/scratch/project_2013895/SELEX/data/Xie2025/submitted_ftp/HOXC11_ETV1_3_YRIIII_TCTTGT40NGATC.fastq.gz	signal	244648	9.7 Mbp	9700000	0	40	50	PASS	PASS	PASS	PASS	WARN	PASS	PASS	PASS	PASS	PASS	PASS
HOXC11_ETV4_3_YSIII_TCTTGT40NGATC	/scratch/project_2013895/SELEX/data/Xie2025/submitted_ftp/HOXC11_ETV4_3_YSIII_TCTTGT40NGATC.fastq.gz	signal	244619	9.7 Mbp	9700000	0	40	49	PASS	PASS	PASS	PASS	WARN	PASS	PASS	PASS	PASS	PASS	PASS
HOXC11_FLI1_3_YYIII_TCTTGT40NGATC	/scratch/project_2013895/SELEX/data/Xie2025/submitted_ftp/HOXC11_FLI1_3_YYIII_TCTTGT40NGATC.fastq.gz	signal	219855	8.7 Mbp	8700000	0	40	46	PASS	PASS	PASS	PASS	FAIL	PASS	PASS	PASS	PASS	PASS	PASS
HOXC11_GABPA_3_YYIIII_TTTACA40NGCT	/scratch/project_2013895/SELEX/data/Xie2025/submitted_ftp/HOXC11_GABPA_3_YYIIII_TTTACA40NGCT.fastq.gz	signal	177317	7 Mbp	7000000	0	40	53	PASS	PASS	FAIL	PASS	FAIL	PASS	PASS	PASS	PASS	PASS	PASS
HOXC11_IRF8_3_YQIIII_TCTTGT40NGATC	/scratch/project_2013895/SELEX/data/Xie2025/submitted_ftp/HOXC11_IRF8_3_YQIIII_TCTTGT40NGATC.fastq.gz	signal	208705	8.3 Mbp	8300000.000000001	0	40	45	PASS	PASS	WARN	PASS	WARN	PASS	PASS	PASS	PASS	PASS	PASS
HOXC11_LMX1B_3_YVIIII_TTTACA40NGCT	/scratch/project_2013895/SELEX/data/Xie2025/submitted_ftp/HOXC11_LMX1B_3_YVIIII_TTTACA40NGCT.fastq.gz	signal	187541	7.5 Mbp	7500000	0	40	48	PASS	PASS	WARN	PASS	FAIL	PASS	PASS	PASS	FAIL	PASS	PASS
HOXC11_MEF2C_3_YAFIII_TTGGGC40NTTTC	/scratch/project_2013895/SELEX/data/Xie2025/submitted_ftp/HOXC11_MEF2C_3_YAFIII_TTGGGC40NTTTC.fastq.gz	signal	194245	7.7 Mbp	7700000	0	40	43	PASS	PASS	FAIL	PASS	WARN	PASS	PASS	PASS	PASS	PASS	PASS
HOXC11_ONECUT1_3_YJII_TTTACA40NGCT	/scratch/project_2013895/SELEX/data/Xie2025/submitted_ftp/HOXC11_ONECUT1_3_YJII_TTTACA40NGCT.fastq.gz	signal	235188	9.4 Mbp	9400000	0	40	45	PASS	PASS	FAIL	PASS	FAIL	PASS	PASS	PASS	FAIL	PASS	PASS
HOXC11_PAX2_3_YZII_TTGGGC40NTTTC	/scratch/project_2013895/SELEX/data/Xie2025/submitted_ftp/HOXC11_PAX2_3_YZII_TTGGGC40NTTTC.fastq.gz	signal	174843	6.9 Mbp	6900000	0	40	46	PASS	PASS	WARN	PASS	WARN	PASS	PASS	PASS	PASS	PASS	PASS
HOXC11_PAX5_3_YXII_TTGGGC40NTTTC	/scratch/project_2013895/SELEX/data/Xie2025/submitted_ftp/HOXC11_PAX5_3_YXII_TTGGGC40NTTTC.fastq.gz	signal	181904	7.2 Mbp	7200000	0	40	48	PASS	PASS	PASS	PASS	WARN	PASS	PASS	PASS	PASS	PASS	PASS
HOXC11_RUNX2_3_YII_TCTTGT40NGATC	/scratch/project_2013895/SELEX/data/Xie2025/submitted_ftp/HOXC11_RUNX2_3_YII_TCTTGT40NGATC.fastq.gz	signal	271685	10.8 Mbp	10800000	0	40	41	PASS	PASS	PASS	PASS	FAIL	PASS	PASS	PASS	PASS	PASS	PASS
HOXC11_SOX11_3_YUIII_TCTTGT40NGATC	/scratch/project_2013895/SELEX/data/Xie2025/submitted_ftp/HOXC11_SOX11_3_YUIII_TCTTGT40NGATC.fastq.gz	signal	167763	6.7 Mbp	6700000	0	40	40	PASS	PASS	PASS	PASS	FAIL	WARN	PASS	PASS	WARN	WARN	PASS
HOXC11_TBX20_3_YWIIII_TCTTGT40NGATC	/scratch/project_2013895/SELEX/data/Xie2025/submitted_ftp/HOXC11_TBX20_3_YWIIII_TCTTGT40NGATC.fastq.gz	signal	217079	8.6 Mbp	8600000	0	40	41	PASS	PASS	PASS	PASS	FAIL	PASS	PASS	PASS	WARN	WARN	PASS
HOXC11_TBX21_3_YYI_TTTACA40NGCT	/scratch/project_2013895/SELEX/data/Xie2025/submitted_ftp/HOXC11_TBX21_3_YYI_TTTACA40NGCT.fastq.gz	signal	209767	8.3 Mbp	8300000.000000001	0	40	50	PASS	PASS	FAIL	PASS	FAIL	PASS	PASS	PASS	WARN	PASS	PASS
HOXC11_TBX4_3_YWII_TTTACA40NGCT	/scratch/project_2013895/SELEX/data/Xie2025/submitted_ftp/HOXC11_TBX4_3_YWII_TTTACA40NGCT.fastq.gz	signal	288112	11.5 Mbp	11500000	0	40	53	PASS	PASS	WARN	PASS	FAIL	PASS	PASS	PASS	PASS	PASS	PASS
HOXD10_ETV1_3_YRIIII_TAGCTG40NCTA	/scratch/project_2013895/SELEX/data/Xie2025/submitted_ftp/HOXD10_ETV1_3_YRIIII_TAGCTG40NCTA.fastq.gz	signal	289607	11.5 Mbp	11500000	0	40	53	PASS	PASS	PASS	PASS	WARN	PASS	PASS	PASS	PASS	PASS	PASS
HOXD10_ETV4_3_YSIII_TAGCTG40NCTA	/scratch/project_2013895/SELEX/data/Xie2025/submitted_ftp/HOXD10_ETV4_3_YSIII_TAGCTG40NCTA.fastq.gz	signal	264165	10.5 Mbp	10500000	0	40	53	PASS	PASS	PASS	PASS	WARN	PASS	PASS	PASS	PASS	PASS	PASS
HOXD10_FLI1_3_YYIII_TAGCTG40NCTA	/scratch/project_2013895/SELEX/data/Xie2025/submitted_ftp/HOXD10_FLI1_3_YYIII_TAGCTG40NCTA.fastq.gz	signal	209046	8.3 Mbp	8300000.000000001	0	40	49	PASS	PASS	PASS	PASS	WARN	PASS	PASS	PASS	WARN	PASS	PASS
HOXD10_GABPA_3_YYIIII_TCTACT40NACA	/scratch/project_2013895/SELEX/data/Xie2025/submitted_ftp/HOXD10_GABPA_3_YYIIII_TCTACT40NACA.fastq.gz	signal	185254	7.4 Mbp	7400000	0	40	48	PASS	PASS	FAIL	PASS	FAIL	PASS	PASS	PASS	PASS	PASS	PASS
HOXD10_LMX1B_3_YVIIII_TCTACT40NACA	/scratch/project_2013895/SELEX/data/Xie2025/submitted_ftp/HOXD10_LMX1B_3_YVIIII_TCTACT40NACA.fastq.gz	signal	203545	8.1 Mbp	8100000	0	40	43	PASS	PASS	WARN	PASS	WARN	WARN	PASS	PASS	FAIL	PASS	PASS
HOXD10_ONECUT1_3_YJII_TCTACT40NACA	/scratch/project_2013895/SELEX/data/Xie2025/submitted_ftp/HOXD10_ONECUT1_3_YJII_TCTACT40NACA.fastq.gz	signal	210117	8.4 Mbp	8400000	0	40	38	PASS	PASS	FAIL	PASS	WARN	PASS	PASS	PASS	FAIL	WARN	PASS
HOXD10_PAX2_3_YZII_TAGCTG40NCTA	/scratch/project_2013895/SELEX/data/Xie2025/submitted_ftp/HOXD10_PAX2_3_YZII_TAGCTG40NCTA.fastq.gz	signal	240004	9.6 Mbp	9600000	0	40	52	PASS	PASS	WARN	PASS	FAIL	PASS	PASS	PASS	WARN	PASS	PASS
HOXD10_RUNX2_3_YII_TAGCTG40NCTA	/scratch/project_2013895/SELEX/data/Xie2025/submitted_ftp/HOXD10_RUNX2_3_YII_TAGCTG40NCTA.fastq.gz	signal	260446	10.4 Mbp	10400000	0	40	45	PASS	PASS	PASS	PASS	WARN	PASS	PASS	PASS	PASS	WARN	PASS
HOXD10_TBX20_3_YWIIII_TAGCTG40NCTA	/scratch/project_2013895/SELEX/data/Xie2025/submitted_ftp/HOXD10_TBX20_3_YWIIII_TAGCTG40NCTA.fastq.gz	signal	207430	8.2 Mbp	8199999.999999999	0	40	44	PASS	PASS	PASS	PASS	WARN	PASS	PASS	PASS	WARN	PASS	PASS
HOXD10_TBX21_3_YYI_TCTACT40NACA	/scratch/project_2013895/SELEX/data/Xie2025/submitted_ftp/HOXD10_TBX21_3_YYI_TCTACT40NACA.fastq.gz	signal	177689	7.1 Mbp	7100000	0	40	45	PASS	PASS	FAIL	PASS	WARN	PASS	PASS	PASS	WARN	WARN	PASS
HOXD10_TBX4_3_YWII_TCTACT40NACA	/scratch/project_2013895/SELEX/data/Xie2025/submitted_ftp/HOXD10_TBX4_3_YWII_TCTACT40NACA.fastq.gz	signal	265055	10.6 Mbp	10600000	0	40	47	PASS	PASS	WARN	PASS	WARN	PASS	PASS	PASS	WARN	PASS	PASS
HOXD10_TBX6_3_YAAII_TCTACT40NACA	/scratch/project_2013895/SELEX/data/Xie2025/submitted_ftp/HOXD10_TBX6_3_YAAII_TCTACT40NACA.fastq.gz	signal	282475	11.2 Mbp	11200000	0	40	48	PASS	PASS	WARN	PASS	PASS	PASS	PASS	PASS	PASS	PASS	PASS
HOXD10_TGIF2LX_3_YVII_TCTACT40NACA	/scratch/project_2013895/SELEX/data/Xie2025/submitted_ftp/HOXD10_TGIF2LX_3_YVII_TCTACT40NACA.fastq.gz	signal	301598	12 Mbp	12000000	0	40	51	PASS	PASS	FAIL	PASS	WARN	PASS	PASS	PASS	PASS	PASS	PASS
HOXD12_ELK3_3_YAFI_TCACTG40NACC	/scratch/project_2013895/SELEX/data/Xie2025/submitted_ftp/HOXD12_ELK3_3_YAFI_TCACTG40NACC.fastq.gz	signal	265504	10.6 Mbp	10600000	0	40	47	PASS	PASS	FAIL	PASS	WARN	PASS	PASS	PASS	PASS	PASS	PASS
HOXD12_ETV1_3_YRIIII_TCGGAC40NCCA	/scratch/project_2013895/SELEX/data/Xie2025/submitted_ftp/HOXD12_ETV1_3_YRIIII_TCGGAC40NCCA.fastq.gz	signal	248975	9.9 Mbp	9900000	0	40	52	PASS	PASS	PASS	PASS	WARN	PASS	PASS	PASS	PASS	PASS	PASS
HOXD12_ETV5_3_YKII_TCGGAC40NCCA	/scratch/project_2013895/SELEX/data/Xie2025/submitted_ftp/HOXD12_ETV5_3_YKII_TCGGAC40NCCA.fastq.gz	signal	220240	8.8 Mbp	8800000	0	40	49	PASS	PASS	PASS	PASS	WARN	PASS	PASS	PASS	PASS	PASS	PASS
HOXD12_GABPA_3_YYIIII_TCACTG40NACC	/scratch/project_2013895/SELEX/data/Xie2025/submitted_ftp/HOXD12_GABPA_3_YYIIII_TCACTG40NACC.fastq.gz	signal	241405	9.6 Mbp	9600000	0	40	49	PASS	PASS	FAIL	PASS	WARN	PASS	PASS	PASS	PASS	PASS	PASS
HOXD12_IRF7_3_YAEIIII_TCGGAC40NCCA	/scratch/project_2013895/SELEX/data/Xie2025/submitted_ftp/HOXD12_IRF7_3_YAEIIII_TCGGAC40NCCA.fastq.gz	signal	288158	11.5 Mbp	11500000	0	40	46	PASS	PASS	FAIL	PASS	WARN	PASS	PASS	PASS	PASS	PASS	PASS
HOXD12_LMX1B_3_YVIIII_TCACTG40NACC	/scratch/project_2013895/SELEX/data/Xie2025/submitted_ftp/HOXD12_LMX1B_3_YVIIII_TCACTG40NACC.fastq.gz	signal	225282	9 Mbp	9000000	0	40	45	PASS	PASS	WARN	PASS	WARN	PASS	PASS	PASS	WARN	PASS	PASS
HOXD12_SOX11_3_YUIII_TCGGAC40NCCA	/scratch/project_2013895/SELEX/data/Xie2025/submitted_ftp/HOXD12_SOX11_3_YUIII_TCGGAC40NCCA.fastq.gz	signal	220847	8.8 Mbp	8800000	0	40	45	PASS	PASS	PASS	PASS	FAIL	WARN	PASS	PASS	PASS	PASS	PASS
HOXD12_TEAD3_3_YZI_TCGGAC40NCCA	/scratch/project_2013895/SELEX/data/Xie2025/submitted_ftp/HOXD12_TEAD3_3_YZI_TCGGAC40NCCA.fastq.gz	signal	288439	11.5 Mbp	11500000	0	40	45	PASS	PASS	PASS	PASS	FAIL	PASS	PASS	PASS	WARN	PASS	PASS
HOXD12_TEAD4_3_YJII_TCGGAC40NCCA	/scratch/project_2013895/SELEX/data/Xie2025/submitted_ftp/HOXD12_TEAD4_3_YJII_TCGGAC40NCCA.fastq.gz	signal	222598	8.9 Mbp	8900000	0	40	44	PASS	PASS	FAIL	PASS	FAIL	PASS	PASS	PASS	PASS	PASS	PASS
HOXD12_TGIF2LX_3_YVII_TCACTG40NACC	/scratch/project_2013895/SELEX/data/Xie2025/submitted_ftp/HOXD12_TGIF2LX_3_YVII_TCACTG40NACC.fastq.gz	signal	248698	9.9 Mbp	9900000	0	40	49	PASS	PASS	FAIL	PASS	WARN	PASS	PASS	PASS	PASS	PASS	PASS
HOXD13_MEIS3_3_YRIIII_TTTAAA40NTAT	/scratch/project_2013895/SELEX/data/Xie2025/submitted_ftp/HOXD13_MEIS3_3_YRIIII_TTTAAA40NTAT.fastq.gz	signal	99107	3.9 Mbp	3900000	0	40	48	PASS	PASS	PASS	PASS	WARN	PASS	PASS	PASS	PASS	PASS	PASS
HOXD13_ONECUT1_3_YJII_TTTAAA40NTAT	/scratch/project_2013895/SELEX/data/Xie2025/submitted_ftp/HOXD13_ONECUT1_3_YJII_TTTAAA40NTAT.fastq.gz	signal	228258	9.1 Mbp	9100000	0	40	42	PASS	PASS	FAIL	PASS	WARN	PASS	PASS	PASS	WARN	PASS	PASS
HOXD13_TBX21_3_YYI_TTTAAA40NTAT	/scratch/project_2013895/SELEX/data/Xie2025/submitted_ftp/HOXD13_TBX21_3_YYI_TTTAAA40NTAT.fastq.gz	signal	199533	7.9 Mbp	7900000	0	40	48	PASS	PASS	FAIL	PASS	WARN	PASS	PASS	PASS	WARN	WARN	PASS
HOXD13_TBX4_3_YWII_TTTAAA40NTAT	/scratch/project_2013895/SELEX/data/Xie2025/submitted_ftp/HOXD13_TBX4_3_YWII_TTTAAA40NTAT.fastq.gz	signal	256205	10.2 Mbp	10200000	0	40	51	PASS	PASS	WARN	PASS	WARN	PASS	PASS	PASS	WARN	WARN	PASS
HOXD13_TBX6_3_YAAII_TTTAAA40NTAT	/scratch/project_2013895/SELEX/data/Xie2025/submitted_ftp/HOXD13_TBX6_3_YAAII_TTTAAA40NTAT.fastq.gz	signal	247819	9.9 Mbp	9900000	0	40	49	PASS	PASS	WARN	PASS	WARN	PASS	PASS	PASS	PASS	PASS	PASS
HOXD13_TEAD4_3_YJII_TACAGC40NCTT	/scratch/project_2013895/SELEX/data/Xie2025/submitted_ftp/HOXD13_TEAD4_3_YJII_TACAGC40NCTT.fastq.gz	signal	254076	10.1 Mbp	10100000	0	40	45	PASS	PASS	FAIL	PASS	WARN	PASS	PASS	PASS	WARN	WARN	PASS
HOXD1_FLI1_3_YYIII_TGCAAA40NGTCA	/scratch/project_2013895/SELEX/data/Xie2025/submitted_ftp/HOXD1_FLI1_3_YYIII_TGCAAA40NGTCA.fastq.gz	signal	291927	11.6 Mbp	11600000	0	40	47	PASS	PASS	PASS	PASS	WARN	PASS	PASS	PASS	PASS	PASS	PASS
HOXD1_TBX21_3_YYI_TCCCTA40NGAA	/scratch/project_2013895/SELEX/data/Xie2025/submitted_ftp/HOXD1_TBX21_3_YYI_TCCCTA40NGAA.fastq.gz	signal	231229	9.2 Mbp	9200000	0	40	50	PASS	PASS	FAIL	PASS	FAIL	PASS	PASS	PASS	PASS	PASS	PASS
HOXD1_TBX4_3_YWII_TCCCTA40NGAA	/scratch/project_2013895/SELEX/data/Xie2025/submitted_ftp/HOXD1_TBX4_3_YWII_TCCCTA40NGAA.fastq.gz	signal	219965	8.7 Mbp	8700000	0	40	51	PASS	PASS	WARN	PASS	FAIL	PASS	PASS	PASS	PASS	PASS	PASS
HOXD3_CREM_3_YLIII_TGTAAG40NACT	/scratch/project_2013895/SELEX/data/Xie2025/submitted_ftp/HOXD3_CREM_3_YLIII_TGTAAG40NACT.fastq.gz	signal	NA	NA	NA	NA	NA	NA	NA	NA	NA	NA	NA	NA	NA	NA	NA	NA	NA
HOXD3_GABPA_3_YYIIII_TGTAAG40NACT	/scratch/project_2013895/SELEX/data/Xie2025/submitted_ftp/HOXD3_GABPA_3_YYIIII_TGTAAG40NACT.fastq.gz	signal	203176	8.1 Mbp	8100000	0	40	55	PASS	PASS	FAIL	PASS	FAIL	PASS	PASS	PASS	PASS	PASS	PASS
HOXD3_SOX11_3_YUIII_TAAAGT40NTTCG	/scratch/project_2013895/SELEX/data/Xie2025/submitted_ftp/HOXD3_SOX11_3_YUIII_TAAAGT40NTTCG.fastq.gz	signal	222181	8.8 Mbp	8800000	0	40	42	PASS	PASS	PASS	PASS	WARN	WARN	PASS	PASS	PASS	PASS	PASS
HOXD3_TBX20_3_YWIIII_TAAAGT40NTTCG	/scratch/project_2013895/SELEX/data/Xie2025/submitted_ftp/HOXD3_TBX20_3_YWIIII_TAAAGT40NTTCG.fastq.gz	signal	262347	10.4 Mbp	10400000	0	40	42	PASS	PASS	PASS	PASS	FAIL	WARN	PASS	PASS	WARN	PASS	PASS
HOXD3_TBX21_3_YYI_TGTAAG40NACT	/scratch/project_2013895/SELEX/data/Xie2025/submitted_ftp/HOXD3_TBX21_3_YYI_TGTAAG40NACT.fastq.gz	signal	229116	9.1 Mbp	9100000	0	40	49	PASS	PASS	FAIL	PASS	FAIL	PASS	PASS	PASS	FAIL	PASS	PASS
HOXD3_TBX4_3_YWII_TGTAAG40NACT	/scratch/project_2013895/SELEX/data/Xie2025/submitted_ftp/HOXD3_TBX4_3_YWII_TGTAAG40NACT.fastq.gz	signal	256510	10.2 Mbp	10200000	0	40	53	PASS	PASS	WARN	PASS	FAIL	PASS	PASS	PASS	WARN	PASS	PASS
HOXD4_CREM_3_YLIII_TTCTGG40NTGC	/scratch/project_2013895/SELEX/data/Xie2025/submitted_ftp/HOXD4_CREM_3_YLIII_TTCTGG40NTGC.fastq.gz	signal	NA	NA	NA	NA	NA	NA	NA	NA	NA	NA	NA	NA	NA	NA	NA	NA	NA
HOXD4_GABPA_3_YYIIII_TTCTGG40NTGC	/scratch/project_2013895/SELEX/data/Xie2025/submitted_ftp/HOXD4_GABPA_3_YYIIII_TTCTGG40NTGC.fastq.gz	signal	246371	9.8 Mbp	9800000	0	40	48	PASS	PASS	FAIL	PASS	WARN	PASS	PASS	PASS	PASS	PASS	PASS
HOXD4_TBX20_3_YWIIII_TAGGTT40NAAG	/scratch/project_2013895/SELEX/data/Xie2025/submitted_ftp/HOXD4_TBX20_3_YWIIII_TAGGTT40NAAG.fastq.gz	signal	250799	10 Mbp	10000000	0	40	45	PASS	PASS	PASS	PASS	WARN	WARN	PASS	PASS	FAIL	PASS	PASS
HOXD4_TBX21_3_YYI_TTCTGG40NTGC	/scratch/project_2013895/SELEX/data/Xie2025/submitted_ftp/HOXD4_TBX21_3_YYI_TTCTGG40NTGC.fastq.gz	signal	222521	8.9 Mbp	8900000	0	40	44	PASS	PASS	FAIL	PASS	WARN	PASS	PASS	PASS	WARN	PASS	PASS
HOXD4_TBX4_3_YWII_TTCTGG40NTGC	/scratch/project_2013895/SELEX/data/Xie2025/submitted_ftp/HOXD4_TBX4_3_YWII_TTCTGG40NTGC.fastq.gz	signal	258952	10.3 Mbp	10300000	0	40	46	PASS	PASS	WARN	PASS	WARN	PASS	PASS	PASS	PASS	PASS	PASS
HOXD9_FLI1_3_YYIII_TACTAA40NTGTT	/scratch/project_2013895/SELEX/data/Xie2025/submitted_ftp/HOXD9_FLI1_3_YYIII_TACTAA40NTGTT.fastq.gz	signal	280069	11.2 Mbp	11200000	0	40	50	PASS	PASS	PASS	PASS	FAIL	PASS	PASS	PASS	PASS	PASS	PASS
HOXD9_ONECUT1_3_YJII_TAGGCT40NACC	/scratch/project_2013895/SELEX/data/Xie2025/submitted_ftp/HOXD9_ONECUT1_3_YJII_TAGGCT40NACC.fastq.gz	signal	261541	10.4 Mbp	10400000	0	40	40	PASS	PASS	FAIL	PASS	WARN	WARN	PASS	PASS	FAIL	WARN	PASS
HOXD9_SOX11_3_YUIII_TACTAA40NTGTT	/scratch/project_2013895/SELEX/data/Xie2025/submitted_ftp/HOXD9_SOX11_3_YUIII_TACTAA40NTGTT.fastq.gz	signal	218932	8.7 Mbp	8700000	0	40	43	PASS	PASS	PASS	PASS	FAIL	WARN	PASS	PASS	PASS	PASS	PASS
HOXD9_TBX20_3_YWIIII_TACTAA40NTGTT	/scratch/project_2013895/SELEX/data/Xie2025/submitted_ftp/HOXD9_TBX20_3_YWIIII_TACTAA40NTGTT.fastq.gz	signal	293980	11.7 Mbp	11700000	0	40	42	PASS	PASS	PASS	PASS	FAIL	PASS	PASS	PASS	PASS	WARN	PASS
HOXD9_TBX21_3_YYI_TAGGCT40NACC	/scratch/project_2013895/SELEX/data/Xie2025/submitted_ftp/HOXD9_TBX21_3_YYI_TAGGCT40NACC.fastq.gz	signal	215606	8.6 Mbp	8600000	0	40	50	PASS	PASS	FAIL	PASS	FAIL	PASS	PASS	PASS	WARN	PASS	PASS
HOXD9_TBX4_3_YWII_TAGGCT40NACC	/scratch/project_2013895/SELEX/data/Xie2025/submitted_ftp/HOXD9_TBX4_3_YWII_TAGGCT40NACC.fastq.gz	signal	247503	9.9 Mbp	9900000	0	40	53	PASS	PASS	WARN	PASS	FAIL	PASS	PASS	PASS	PASS	PASS	PASS
HSF5_FOXA1_3_YWII_TTCGCT40NCTT	/scratch/project_2013895/SELEX/data/Xie2025/submitted_ftp/HSF5_FOXA1_3_YWII_TTCGCT40NCTT.fastq.gz	signal	197724	7.9 Mbp	7900000	0	40	51	PASS	PASS	WARN	PASS	WARN	PASS	PASS	PASS	PASS	PASS	PASS
IRF8_FLI1_3_YYIII_TACGGT40NTAC	/scratch/project_2013895/SELEX/data/Xie2025/submitted_ftp/IRF8_FLI1_3_YYIII_TACGGT40NTAC.fastq.gz	signal	239899	9.5 Mbp	9500000	0	40	54	PASS	PASS	PASS	PASS	FAIL	PASS	PASS	PASS	PASS	PASS	PASS
IRF8_FOXD3_3_YWIIII_TCGTAA40NCGG	/scratch/project_2013895/SELEX/data/Xie2025/submitted_ftp/IRF8_FOXD3_3_YWIIII_TCGTAA40NCGG.fastq.gz	signal	214579	8.5 Mbp	8500000	0	40	44	PASS	PASS	PASS	PASS	WARN	PASS	PASS	PASS	PASS	PASS	PASS
IRF8_GABPA_3_YYIIII_TCGTAA40NCGG	/scratch/project_2013895/SELEX/data/Xie2025/submitted_ftp/IRF8_GABPA_3_YYIIII_TCGTAA40NCGG.fastq.gz	signal	221079	8.8 Mbp	8800000	0	40	47	PASS	PASS	FAIL	PASS	WARN	PASS	PASS	PASS	PASS	PASS	PASS
IRF8_HOXB5_3_YVIII_TCGTAA40NCGG	/scratch/project_2013895/SELEX/data/Xie2025/submitted_ftp/IRF8_HOXB5_3_YVIII_TCGTAA40NCGG.fastq.gz	signal	304643	12.1 Mbp	12100000	0	40	44	PASS	PASS	WARN	PASS	WARN	PASS	PASS	PASS	WARN	PASS	PASS
IRF8_TBX21_3_YYI_TCGTAA40NCGG	/scratch/project_2013895/SELEX/data/Xie2025/submitted_ftp/IRF8_TBX21_3_YYI_TCGTAA40NCGG.fastq.gz	signal	243946	9.7 Mbp	9700000	0	40	45	PASS	PASS	FAIL	PASS	WARN	PASS	PASS	PASS	WARN	WARN	PASS
IRF8_TBX4_3_YWII_TCGTAA40NCGG	/scratch/project_2013895/SELEX/data/Xie2025/submitted_ftp/IRF8_TBX4_3_YWII_TCGTAA40NCGG.fastq.gz	signal	273916	10.9 Mbp	10900000	0	40	46	PASS	PASS	WARN	PASS	WARN	PASS	PASS	PASS	PASS	PASS	PASS
IRX1_TBX20_3_YWIIII_TATATG40NCTA	/scratch/project_2013895/SELEX/data/Xie2025/submitted_ftp/IRX1_TBX20_3_YWIIII_TATATG40NCTA.fastq.gz	signal	228107	9.1 Mbp	9100000	0	40	45	PASS	PASS	PASS	PASS	FAIL	PASS	PASS	PASS	WARN	PASS	PASS
IRX5_HOXA2_3_YJI_TACGAA40NAGA	/scratch/project_2013895/SELEX/data/Xie2025/submitted_ftp/IRX5_HOXA2_3_YJI_TACGAA40NAGA.fastq.gz	signal	173626	6.9 Mbp	6900000	0	40	40	PASS	PASS	FAIL	PASS	FAIL	PASS	PASS	PASS	WARN	PASS	PASS
IRX5_TBX20_3_YWIIII_TTGGCG40NGGGA	/scratch/project_2013895/SELEX/data/Xie2025/submitted_ftp/IRX5_TBX20_3_YWIIII_TTGGCG40NGGGA.fastq.gz	signal	180359	7.2 Mbp	7200000	0	40	45	PASS	PASS	PASS	PASS	WARN	PASS	PASS	PASS	WARN	WARN	PASS
ISL1_FLI1_3_YYIII_TTCTAA40NCACA	/scratch/project_2013895/SELEX/data/Xie2025/submitted_ftp/ISL1_FLI1_3_YYIII_TTCTAA40NCACA.fastq.gz	signal	246522	9.8 Mbp	9800000	0	40	49	PASS	PASS	PASS	PASS	WARN	PASS	PASS	PASS	WARN	PASS	PASS
JDP2_SOX11_3_YUIII_TGCTTT40NAGA	/scratch/project_2013895/SELEX/data/Xie2025/submitted_ftp/JDP2_SOX11_3_YUIII_TGCTTT40NAGA.fastq.gz	signal	207541	8.3 Mbp	8300000.000000001	0	40	46	PASS	PASS	PASS	PASS	FAIL	PASS	PASS	PASS	FAIL	PASS	PASS
JDP2_TBX4_3_YWII_TAGATT40NACA	/scratch/project_2013895/SELEX/data/Xie2025/submitted_ftp/JDP2_TBX4_3_YWII_TAGATT40NACA.fastq.gz	signal	270220	10.8 Mbp	10800000	0	40	54	PASS	PASS	WARN	PASS	WARN	PASS	PASS	PASS	PASS	PASS	PASS
KLF13_FLI1_3_YYIII_TGATGA40NCATT	/scratch/project_2013895/SELEX/data/Xie2025/submitted_ftp/KLF13_FLI1_3_YYIII_TGATGA40NCATT.fastq.gz	signal	248892	9.9 Mbp	9900000	0	40	55	PASS	PASS	PASS	PASS	FAIL	PASS	PASS	PASS	WARN	PASS	PASS
KLF14_FLI1_3_YYIII_TGTCCT40NATTT	/scratch/project_2013895/SELEX/data/Xie2025/submitted_ftp/KLF14_FLI1_3_YYIII_TGTCCT40NATTT.fastq.gz	signal	238680	9.5 Mbp	9500000	0	40	56	PASS	PASS	PASS	PASS	FAIL	PASS	PASS	PASS	WARN	PASS	PASS
LBX2_ELK3_3_YAFI_TCATAC40NTTA	/scratch/project_2013895/SELEX/data/Xie2025/submitted_ftp/LBX2_ELK3_3_YAFI_TCATAC40NTTA.fastq.gz	signal	279763	11.1 Mbp	11100000	0	40	46	PASS	PASS	FAIL	PASS	FAIL	PASS	PASS	PASS	WARN	WARN	PASS
LBX2_SOX11_3_YUIII_TTCAGT40NAAC	/scratch/project_2013895/SELEX/data/Xie2025/submitted_ftp/LBX2_SOX11_3_YUIII_TTCAGT40NAAC.fastq.gz	signal	198676	7.9 Mbp	7900000	0	40	43	PASS	PASS	PASS	PASS	WARN	WARN	PASS	PASS	WARN	PASS	PASS
LBX2_TBX21_3_YYI_TCATAC40NTTA	/scratch/project_2013895/SELEX/data/Xie2025/submitted_ftp/LBX2_TBX21_3_YYI_TCATAC40NTTA.fastq.gz	signal	230247	9.2 Mbp	9200000	0	40	47	PASS	PASS	FAIL	PASS	FAIL	PASS	PASS	PASS	WARN	WARN	PASS
LBX2_TBX4_3_YWII_TCATAC40NTTA	/scratch/project_2013895/SELEX/data/Xie2025/submitted_ftp/LBX2_TBX4_3_YWII_TCATAC40NTTA.fastq.gz	signal	273903	10.9 Mbp	10900000	0	40	47	PASS	PASS	WARN	PASS	FAIL	PASS	PASS	PASS	WARN	PASS	PASS
LBX2_TEAD4_3_YJII_TTCAGT40NAAC	/scratch/project_2013895/SELEX/data/Xie2025/submitted_ftp/LBX2_TEAD4_3_YJII_TTCAGT40NAAC.fastq.gz	signal	275594	11 Mbp	11000000	0	40	42	PASS	PASS	FAIL	PASS	FAIL	PASS	PASS	PASS	WARN	PASS	PASS
LEF1_TEAD4_3_YJII_TGTCGA40NCCGA	/scratch/project_2013895/SELEX/data/Xie2025/submitted_ftp/LEF1_TEAD4_3_YJII_TGTCGA40NCCGA.fastq.gz	signal	245536	9.8 Mbp	9800000	0	40	45	PASS	PASS	FAIL	PASS	WARN	PASS	PASS	PASS	WARN	WARN	PASS
LHX5_ELF1_3_YADIIII_TTTGAC40NGGT	/scratch/project_2013895/SELEX/data/Xie2025/submitted_ftp/LHX5_ELF1_3_YADIIII_TTTGAC40NGGT.fastq.gz	signal	286411	11.4 Mbp	11400000	0	40	48	PASS	PASS	PASS	PASS	WARN	PASS	PASS	PASS	PASS	PASS	PASS
LHX5_ELK3_3_YAFI_TTACGG40NCGC	/scratch/project_2013895/SELEX/data/Xie2025/submitted_ftp/LHX5_ELK3_3_YAFI_TTACGG40NCGC.fastq.gz	signal	267162	10.6 Mbp	10600000	0	40	43	PASS	PASS	FAIL	PASS	PASS	PASS	PASS	PASS	PASS	PASS	PASS
LHX5_TGIF2LX_3_YVII_TTACGG40NCGC	/scratch/project_2013895/SELEX/data/Xie2025/submitted_ftp/LHX5_TGIF2LX_3_YVII_TTACGG40NCGC.fastq.gz	signal	263646	10.5 Mbp	10500000	0	40	49	PASS	PASS	FAIL	PASS	PASS	PASS	PASS	PASS	PASS	PASS	PASS
LMX1A_ELK3_3_YAFI_TCTTAC40NGCG	/scratch/project_2013895/SELEX/data/Xie2025/submitted_ftp/LMX1A_ELK3_3_YAFI_TCTTAC40NGCG.fastq.gz	signal	284349	11.3 Mbp	11300000	0	40	41	PASS	PASS	FAIL	PASS	PASS	PASS	PASS	PASS	PASS	PASS	PASS
LMX1A_GABPA_3_YYIIII_TCTTAC40NGCG	/scratch/project_2013895/SELEX/data/Xie2025/submitted_ftp/LMX1A_GABPA_3_YYIIII_TCTTAC40NGCG.fastq.gz	signal	198760	7.9 Mbp	7900000	0	40	46	PASS	PASS	FAIL	PASS	PASS	PASS	PASS	PASS	PASS	PASS	PASS
LMX1A_TBX21_3_YYI_TCTTAC40NGCG	/scratch/project_2013895/SELEX/data/Xie2025/submitted_ftp/LMX1A_TBX21_3_YYI_TCTTAC40NGCG.fastq.gz	signal	224987	8.9 Mbp	8900000	0	40	41	PASS	PASS	FAIL	PASS	WARN	PASS	PASS	PASS	PASS	PASS	PASS
LMX1A_TBX4_3_YWII_TCTTAC40NGCG	/scratch/project_2013895/SELEX/data/Xie2025/submitted_ftp/LMX1A_TBX4_3_YWII_TCTTAC40NGCG.fastq.gz	signal	263162	10.5 Mbp	10500000	0	40	41	PASS	PASS	WARN	PASS	WARN	PASS	PASS	PASS	PASS	PASS	PASS
LMX1A_TEAD4_3_YJII_TTATTT40NCGT	/scratch/project_2013895/SELEX/data/Xie2025/submitted_ftp/LMX1A_TEAD4_3_YJII_TTATTT40NCGT.fastq.gz	signal	169120	6.7 Mbp	6700000	0	40	43	PASS	PASS	FAIL	PASS	FAIL	PASS	PASS	PASS	PASS	PASS	PASS
LMX1A_TGIF2LX_3_YVII_TCTTAC40NGCG	/scratch/project_2013895/SELEX/data/Xie2025/submitted_ftp/LMX1A_TGIF2LX_3_YVII_TCTTAC40NGCG.fastq.gz	signal	226782	9 Mbp	9000000	0	40	45	PASS	PASS	FAIL	PASS	PASS	PASS	PASS	PASS	PASS	PASS	PASS
LMX1B_ETV4_3_YSIII_TACGGG40NCTT	/scratch/project_2013895/SELEX/data/Xie2025/submitted_ftp/LMX1B_ETV4_3_YSIII_TACGGG40NCTT.fastq.gz	signal	190202	7.6 Mbp	7600000	0	40	50	PASS	PASS	PASS	PASS	WARN	PASS	PASS	PASS	PASS	PASS	PASS
LMX1B_FLI1_3_YYIII_TACGGG40NCTT	/scratch/project_2013895/SELEX/data/Xie2025/submitted_ftp/LMX1B_FLI1_3_YYIII_TACGGG40NCTT.fastq.gz	signal	225949	9 Mbp	9000000	0	40	46	PASS	PASS	PASS	PASS	WARN	PASS	PASS	PASS	PASS	PASS	PASS
LMX1B_GCM1_3_YACII_TAGGTA40NGAT	/scratch/project_2013895/SELEX/data/Xie2025/submitted_ftp/LMX1B_GCM1_3_YACII_TAGGTA40NGAT.fastq.gz	signal	216855	8.6 Mbp	8600000	0	40	51	PASS	PASS	PASS	PASS	FAIL	PASS	PASS	PASS	PASS	PASS	PASS
LMX1B_IRF7_3_YAEIIII_TACGGG40NCTT	/scratch/project_2013895/SELEX/data/Xie2025/submitted_ftp/LMX1B_IRF7_3_YAEIIII_TACGGG40NCTT.fastq.gz	signal	239368	9.5 Mbp	9500000	0	40	40	PASS	PASS	FAIL	PASS	WARN	WARN	PASS	PASS	PASS	PASS	PASS
LMX1B_SOX11_3_YUIII_TACGGG40NCTT	/scratch/project_2013895/SELEX/data/Xie2025/submitted_ftp/LMX1B_SOX11_3_YUIII_TACGGG40NCTT.fastq.gz	signal	185760	7.4 Mbp	7400000	0	40	39	PASS	PASS	PASS	PASS	FAIL	WARN	PASS	PASS	WARN	PASS	PASS
LMX1B_TBX20_3_YWIIII_TACGGG40NCTT	/scratch/project_2013895/SELEX/data/Xie2025/submitted_ftp/LMX1B_TBX20_3_YWIIII_TACGGG40NCTT.fastq.gz	signal	235234	9.4 Mbp	9400000	0	40	43	PASS	PASS	PASS	PASS	WARN	PASS	PASS	PASS	PASS	PASS	PASS
LMX1B_TBX4_3_YWII_TAGGTA40NGAT	/scratch/project_2013895/SELEX/data/Xie2025/submitted_ftp/LMX1B_TBX4_3_YWII_TAGGTA40NGAT.fastq.gz	signal	245524	9.8 Mbp	9800000	0	40	42	PASS	PASS	WARN	PASS	FAIL	PASS	PASS	PASS	PASS	PASS	PASS
LMX1B_TEAD3_3_YZI_TACGGG40NCTT	/scratch/project_2013895/SELEX/data/Xie2025/submitted_ftp/LMX1B_TEAD3_3_YZI_TACGGG40NCTT.fastq.gz	signal	236307	9.4 Mbp	9400000	0	40	43	PASS	PASS	PASS	PASS	WARN	WARN	PASS	PASS	WARN	PASS	PASS
LMX1B_TEAD4_3_YJII_TACGGG40NCTT	/scratch/project_2013895/SELEX/data/Xie2025/submitted_ftp/LMX1B_TEAD4_3_YJII_TACGGG40NCTT.fastq.gz	signal	203442	8.1 Mbp	8100000	0	40	37	PASS	PASS	FAIL	PASS	WARN	PASS	PASS	PASS	PASS	PASS	PASS
LMX1B_TEF_3_YSII_TACGGG40NCTT	/scratch/project_2013895/SELEX/data/Xie2025/submitted_ftp/LMX1B_TEF_3_YSII_TACGGG40NCTT.fastq.gz	signal	196273	7.8 Mbp	7800000	0	40	46	PASS	PASS	FAIL	PASS	WARN	PASS	PASS	PASS	PASS	PASS	PASS
LMX1B_TGIF2LX_3_YVII_TAGGTA40NGAT	/scratch/project_2013895/SELEX/data/Xie2025/submitted_ftp/LMX1B_TGIF2LX_3_YVII_TAGGTA40NGAT.fastq.gz	signal	187491	7.4 Mbp	7400000	0	40	46	PASS	PASS	FAIL	PASS	WARN	PASS	PASS	PASS	PASS	PASS	PASS
MAFA_FLI1_3_YYIII_TTACAG40NGTG	/scratch/project_2013895/SELEX/data/Xie2025/submitted_ftp/MAFA_FLI1_3_YYIII_TTACAG40NGTG.fastq.gz	signal	222545	8.9 Mbp	8900000	0	40	51	PASS	PASS	PASS	PASS	WARN	PASS	PASS	PASS	PASS	PASS	PASS
MAFA_FOSB_3_YWIII_TTACTT40NTAT	/scratch/project_2013895/SELEX/data/Xie2025/submitted_ftp/MAFA_FOSB_3_YWIII_TTACTT40NTAT.fastq.gz	signal	272001	10.8 Mbp	10800000	0	40	49	PASS	PASS	PASS	PASS	PASS	PASS	PASS	PASS	PASS	WARN	PASS
MAFA_IRF7_3_YAEIIII_TTACAG40NGTG	/scratch/project_2013895/SELEX/data/Xie2025/submitted_ftp/MAFA_IRF7_3_YAEIIII_TTACAG40NGTG.fastq.gz	signal	229107	9.1 Mbp	9100000	0	40	50	PASS	PASS	FAIL	PASS	FAIL	PASS	PASS	PASS	PASS	PASS	PASS
MAFA_NFATC1_3_YADI_TTACTT40NTAT	/scratch/project_2013895/SELEX/data/Xie2025/submitted_ftp/MAFA_NFATC1_3_YADI_TTACTT40NTAT.fastq.gz	signal	258959	10.3 Mbp	10300000	0	40	49	PASS	PASS	WARN	PASS	WARN	PASS	PASS	PASS	PASS	PASS	PASS
MAF_ATF7_3_YJI_TGCTCC40NCCG	/scratch/project_2013895/SELEX/data/Xie2025/submitted_ftp/MAF_ATF7_3_YJI_TGCTCC40NCCG.fastq.gz	signal	211663	8.4 Mbp	8400000	0	40	44	PASS	PASS	FAIL	PASS	FAIL	PASS	PASS	PASS	PASS	PASS	PASS
MAF_ELK3_3_YAFI_TGATCT40NATG	/scratch/project_2013895/SELEX/data/Xie2025/submitted_ftp/MAF_ELK3_3_YAFI_TGATCT40NATG.fastq.gz	signal	261791	10.4 Mbp	10400000	0	40	48	PASS	PASS	FAIL	PASS	WARN	PASS	PASS	PASS	FAIL	WARN	PASS
MAFF_FOSB_3_YWIII_TATACC40NGCC	/scratch/project_2013895/SELEX/data/Xie2025/submitted_ftp/MAFF_FOSB_3_YWIII_TATACC40NGCC.fastq.gz	signal	248588	9.9 Mbp	9900000	0	40	45	PASS	PASS	PASS	PASS	PASS	PASS	PASS	PASS	FAIL	WARN	PASS
MAFF_FOXD2_3_YWI_TATACC40NGCC	/scratch/project_2013895/SELEX/data/Xie2025/submitted_ftp/MAFF_FOXD2_3_YWI_TATACC40NGCC.fastq.gz	signal	134997	5.3 Mbp	5300000	0	40	39	PASS	PASS	FAIL	PASS	WARN	WARN	PASS	PASS	PASS	PASS	PASS
MAF_FLI1_3_YYIII_TGCTCC40NCCG	/scratch/project_2013895/SELEX/data/Xie2025/submitted_ftp/MAF_FLI1_3_YYIII_TGCTCC40NCCG.fastq.gz	signal	261566	10.4 Mbp	10400000	0	40	47	PASS	PASS	PASS	PASS	FAIL	PASS	PASS	PASS	PASS	PASS	PASS
MAFF_NFATC1_3_YADI_TATACC40NGCC	/scratch/project_2013895/SELEX/data/Xie2025/submitted_ftp/MAFF_NFATC1_3_YADI_TATACC40NGCC.fastq.gz	signal	248552	9.9 Mbp	9900000	0	40	49	PASS	PASS	PASS	PASS	PASS	PASS	PASS	PASS	PASS	PASS	PASS
MAF_FOSB_3_YWIII_TGATCT40NATG	/scratch/project_2013895/SELEX/data/Xie2025/submitted_ftp/MAF_FOSB_3_YWIII_TGATCT40NATG.fastq.gz	signal	350032	14 Mbp	14000000	0	40	47	PASS	PASS	PASS	PASS	WARN	PASS	PASS	PASS	WARN	PASS	PASS
MAF_FOXA1_3_YWII_TGCTCC40NCCG	/scratch/project_2013895/SELEX/data/Xie2025/submitted_ftp/MAF_FOXA1_3_YWII_TGCTCC40NCCG.fastq.gz	signal	253132	10.1 Mbp	10100000	0	40	45	PASS	PASS	WARN	PASS	WARN	PASS	PASS	PASS	PASS	PASS	PASS
MAF_FOXD2_3_YWI_TGATCT40NATG	/scratch/project_2013895/SELEX/data/Xie2025/submitted_ftp/MAF_FOXD2_3_YWI_TGATCT40NATG.fastq.gz	signal	252216	10 Mbp	10000000	0	40	42	PASS	PASS	FAIL	PASS	WARN	WARN	PASS	PASS	PASS	PASS	PASS
MAF_FOXD3_3_YWIIII_TGATCT40NATG	/scratch/project_2013895/SELEX/data/Xie2025/submitted_ftp/MAF_FOXD3_3_YWIIII_TGATCT40NATG.fastq.gz	signal	247695	9.9 Mbp	9900000	0	40	46	PASS	PASS	PASS	PASS	WARN	PASS	PASS	PASS	PASS	PASS	PASS
MAFF_TBX21_3_YYI_TATACC40NGCC	/scratch/project_2013895/SELEX/data/Xie2025/submitted_ftp/MAFF_TBX21_3_YYI_TATACC40NGCC.fastq.gz	signal	224232	8.9 Mbp	8900000	0	40	46	PASS	PASS	FAIL	PASS	WARN	PASS	PASS	PASS	WARN	PASS	PASS
MAFF_TBX4_3_YWII_TATACC40NGCC	/scratch/project_2013895/SELEX/data/Xie2025/submitted_ftp/MAFF_TBX4_3_YWII_TATACC40NGCC.fastq.gz	signal	240429	9.6 Mbp	9600000	0	40	49	PASS	PASS	WARN	PASS	WARN	PASS	PASS	PASS	WARN	WARN	PASS
MAFF_TEAD4_3_YJII_TAAGCA40NGTC	/scratch/project_2013895/SELEX/data/Xie2025/submitted_ftp/MAFF_TEAD4_3_YJII_TAAGCA40NGTC.fastq.gz	signal	180675	7.2 Mbp	7200000	0	40	46	PASS	PASS	FAIL	PASS	FAIL	PASS	PASS	PASS	WARN	PASS	PASS
MAFG_ATF7_3_YJI_TGTCGA40NGCA	/scratch/project_2013895/SELEX/data/Xie2025/submitted_ftp/MAFG_ATF7_3_YJI_TGTCGA40NGCA.fastq.gz	signal	207354	8.2 Mbp	8199999.999999999	0	40	47	PASS	PASS	FAIL	PASS	FAIL	PASS	PASS	PASS	WARN	PASS	PASS
MAFG_ELF1_3_YADIIII_TGTCGA40NGCA	/scratch/project_2013895/SELEX/data/Xie2025/submitted_ftp/MAFG_ELF1_3_YADIIII_TGTCGA40NGCA.fastq.gz	signal	284621	11.3 Mbp	11300000	0	40	48	PASS	PASS	PASS	PASS	WARN	PASS	PASS	PASS	WARN	PASS	PASS
MAFG_FOSB_3_YWIII_TGTTAA40NACT	/scratch/project_2013895/SELEX/data/Xie2025/submitted_ftp/MAFG_FOSB_3_YWIII_TGTTAA40NACT.fastq.gz	signal	299211	11.9 Mbp	11900000	0	40	47	PASS	PASS	PASS	PASS	FAIL	PASS	PASS	PASS	FAIL	WARN	PASS
MAFG_FOXA1_3_YWII_TGTCGA40NGCA	/scratch/project_2013895/SELEX/data/Xie2025/submitted_ftp/MAFG_FOXA1_3_YWII_TGTCGA40NGCA.fastq.gz	signal	212753	8.5 Mbp	8500000	0	40	46	PASS	PASS	WARN	PASS	WARN	PASS	PASS	PASS	PASS	PASS	PASS
MAFG_FOXD2_3_YWI_TGTTAA40NACT	/scratch/project_2013895/SELEX/data/Xie2025/submitted_ftp/MAFG_FOXD2_3_YWI_TGTTAA40NACT.fastq.gz	signal	192523	7.7 Mbp	7700000	0	40	40	PASS	PASS	FAIL	PASS	FAIL	PASS	PASS	PASS	WARN	PASS	PASS
MAFG_NFATC1_3_YADI_TGTTAA40NACT	/scratch/project_2013895/SELEX/data/Xie2025/submitted_ftp/MAFG_NFATC1_3_YADI_TGTTAA40NACT.fastq.gz	signal	263912	10.5 Mbp	10500000	0	40	48	PASS	PASS	PASS	PASS	WARN	PASS	PASS	PASS	WARN	PASS	PASS
MAFG_TBX21_3_YYI_TGTTAA40NACT	/scratch/project_2013895/SELEX/data/Xie2025/submitted_ftp/MAFG_TBX21_3_YYI_TGTTAA40NACT.fastq.gz	signal	238991	9.5 Mbp	9500000	0	40	46	PASS	PASS	FAIL	PASS	FAIL	PASS	PASS	PASS	WARN	WARN	PASS
MAFG_TBX4_3_YWII_TGTTAA40NACT	/scratch/project_2013895/SELEX/data/Xie2025/submitted_ftp/MAFG_TBX4_3_YWII_TGTTAA40NACT.fastq.gz	signal	260873	10.4 Mbp	10400000	0	40	48	PASS	PASS	WARN	PASS	FAIL	PASS	PASS	PASS	PASS	WARN	PASS
MAFG_TEAD4_3_YJII_TGTCGA40NGCA	/scratch/project_2013895/SELEX/data/Xie2025/submitted_ftp/MAFG_TEAD4_3_YJII_TGTCGA40NGCA.fastq.gz	signal	202938	8.1 Mbp	8100000	0	40	45	PASS	PASS	FAIL	PASS	FAIL	PASS	PASS	PASS	WARN	PASS	PASS
MAF_IRF8_3_YQIIII_TGCTCC40NCCG	/scratch/project_2013895/SELEX/data/Xie2025/submitted_ftp/MAF_IRF8_3_YQIIII_TGCTCC40NCCG.fastq.gz	signal	217899	8.7 Mbp	8700000	0	40	47	PASS	PASS	WARN	PASS	FAIL	PASS	PASS	PASS	PASS	PASS	PASS
MAF_NFATC1_3_YADI_TGATCT40NATG	/scratch/project_2013895/SELEX/data/Xie2025/submitted_ftp/MAF_NFATC1_3_YADI_TGATCT40NATG.fastq.gz	signal	279933	11.1 Mbp	11100000	0	40	49	PASS	PASS	PASS	PASS	WARN	PASS	PASS	PASS	PASS	PASS	PASS
MAF_TBX21_3_YYI_TGATCT40NATG	/scratch/project_2013895/SELEX/data/Xie2025/submitted_ftp/MAF_TBX21_3_YYI_TGATCT40NATG.fastq.gz	signal	260498	10.4 Mbp	10400000	0	40	47	PASS	PASS	FAIL	PASS	WARN	PASS	PASS	PASS	PASS	PASS	PASS
MAF_TBX4_3_YWII_TGATCT40NATG	/scratch/project_2013895/SELEX/data/Xie2025/submitted_ftp/MAF_TBX4_3_YWII_TGATCT40NATG.fastq.gz	signal	288801	11.5 Mbp	11500000	0	40	48	PASS	PASS	WARN	PASS	WARN	PASS	PASS	PASS	PASS	PASS	PASS
MAF_TEAD4_3_YJII_TGCTCC40NCCG	/scratch/project_2013895/SELEX/data/Xie2025/submitted_ftp/MAF_TEAD4_3_YJII_TGCTCC40NCCG.fastq.gz	signal	212347	8.4 Mbp	8400000	0	40	43	PASS	PASS	FAIL	PASS	FAIL	PASS	PASS	PASS	PASS	PASS	PASS
MAX_FLI1_3_YYIII_TCTGCA40NAGAC	/scratch/project_2013895/SELEX/data/Xie2025/submitted_ftp/MAX_FLI1_3_YYIII_TCTGCA40NAGAC.fastq.gz	signal	197446	7.8 Mbp	7800000	0	40	52	PASS	PASS	PASS	PASS	WARN	PASS	PASS	PASS	PASS	PASS	PASS
MEIS2_MSX2_3_YSIIII_TGATTC40NTAT	/scratch/project_2013895/SELEX/data/Xie2025/submitted_ftp/MEIS2_MSX2_3_YSIIII_TGATTC40NTAT.fastq.gz	signal	207623	8.3 Mbp	8300000.000000001	0	40	52	PASS	PASS	PASS	PASS	WARN	PASS	PASS	PASS	PASS	PASS	PASS
MEIS2_ONECUT1_3_YJII_TAAATA40NTAT	/scratch/project_2013895/SELEX/data/Xie2025/submitted_ftp/MEIS2_ONECUT1_3_YJII_TAAATA40NTAT.fastq.gz	signal	232859	9.3 Mbp	9300000	0	40	43	PASS	PASS	FAIL	PASS	WARN	WARN	PASS	PASS	FAIL	FAIL	PASS
MEIS2_TBX20_3_YWIIII_TGATTC40NTAT	/scratch/project_2013895/SELEX/data/Xie2025/submitted_ftp/MEIS2_TBX20_3_YWIIII_TGATTC40NTAT.fastq.gz	signal	299949	11.9 Mbp	11900000	0	40	52	PASS	PASS	PASS	PASS	FAIL	PASS	PASS	PASS	FAIL	PASS	PASS
MEIS3_TBX20_3_YWIIII_TGACGC40NTGTT	/scratch/project_2013895/SELEX/data/Xie2025/submitted_ftp/MEIS3_TBX20_3_YWIIII_TGACGC40NTGTT.fastq.gz	signal	289909	11.5 Mbp	11500000	0	40	48	PASS	PASS	PASS	PASS	WARN	PASS	PASS	PASS	FAIL	WARN	PASS
MIXL1_PAX5_3_YXII_TTGGCC40NTCG	/scratch/project_2013895/SELEX/data/Xie2025/submitted_ftp/MIXL1_PAX5_3_YXII_TTGGCC40NTCG.fastq.gz	signal	210197	8.4 Mbp	8400000	0	40	52	PASS	PASS	PASS	PASS	WARN	PASS	PASS	PASS	PASS	PASS	PASS
MIXL1_TBX20_3_YWIIII_TTGGCC40NTCG	/scratch/project_2013895/SELEX/data/Xie2025/submitted_ftp/MIXL1_TBX20_3_YWIIII_TTGGCC40NTCG.fastq.gz	signal	257351	10.2 Mbp	10200000	0	40	43	PASS	PASS	PASS	PASS	WARN	PASS	PASS	PASS	PASS	PASS	PASS
MIXL1_TBX21_3_YYI_TTGAGT40NCGC	/scratch/project_2013895/SELEX/data/Xie2025/submitted_ftp/MIXL1_TBX21_3_YYI_TTGAGT40NCGC.fastq.gz	signal	202745	8.1 Mbp	8100000	0	40	42	PASS	PASS	FAIL	PASS	WARN	WARN	PASS	PASS	PASS	PASS	PASS
MLX_ELF1_3_YADIIII_TCCAGC40NGTCC	/scratch/project_2013895/SELEX/data/Xie2025/submitted_ftp/MLX_ELF1_3_YADIIII_TCCAGC40NGTCC.fastq.gz	signal	261395	10.4 Mbp	10400000	0	40	50	PASS	PASS	PASS	PASS	WARN	PASS	PASS	PASS	PASS	PASS	PASS
MLX_ELF2_3_YSIII_TTGTCT40NGCT	/scratch/project_2013895/SELEX/data/Xie2025/submitted_ftp/MLX_ELF2_3_YSIII_TTGTCT40NGCT.fastq.gz	signal	242476	9.6 Mbp	9600000	0	40	57	PASS	PASS	PASS	PASS	FAIL	PASS	PASS	PASS	PASS	PASS	PASS
MLX_ERG_3_YYII_TCCAGC40NGTCC	/scratch/project_2013895/SELEX/data/Xie2025/submitted_ftp/MLX_ERG_3_YYII_TCCAGC40NGTCC.fastq.gz	signal	254465	10.1 Mbp	10100000	0	40	53	PASS	PASS	WARN	PASS	FAIL	PASS	PASS	PASS	PASS	PASS	PASS
MLX_ETV4_3_YSIII_TCCAGC40NGTCC	/scratch/project_2013895/SELEX/data/Xie2025/submitted_ftp/MLX_ETV4_3_YSIII_TCCAGC40NGTCC.fastq.gz	signal	249552	9.9 Mbp	9900000	0	40	53	PASS	PASS	PASS	PASS	FAIL	PASS	PASS	PASS	PASS	PASS	PASS
MLX_FLI1_3_YYIII_TCCAGC40NGTCC	/scratch/project_2013895/SELEX/data/Xie2025/submitted_ftp/MLX_FLI1_3_YYIII_TCCAGC40NGTCC.fastq.gz	signal	265304	10.6 Mbp	10600000	0	40	54	PASS	PASS	PASS	PASS	FAIL	PASS	PASS	PASS	PASS	PASS	PASS
MLX_GABPA_3_YYIIII_TTGTCT40NGCT	/scratch/project_2013895/SELEX/data/Xie2025/submitted_ftp/MLX_GABPA_3_YYIIII_TTGTCT40NGCT.fastq.gz	signal	241897	9.6 Mbp	9600000	0	40	57	PASS	PASS	FAIL	PASS	FAIL	PASS	PASS	PASS	PASS	PASS	PASS
MNX1_FOXO1_3_YIII_TCCTAC40NGAA	/scratch/project_2013895/SELEX/data/Xie2025/submitted_ftp/MNX1_FOXO1_3_YIII_TCCTAC40NGAA.fastq.gz	signal	188164	7.5 Mbp	7500000	0	40	48	PASS	PASS	PASS	PASS	FAIL	PASS	PASS	PASS	PASS	PASS	PASS
MNX1_GABPA_3_YYIIII_TTGCAG40NGAC	/scratch/project_2013895/SELEX/data/Xie2025/submitted_ftp/MNX1_GABPA_3_YYIIII_TTGCAG40NGAC.fastq.gz	signal	236816	9.4 Mbp	9400000	0	40	49	PASS	PASS	FAIL	PASS	FAIL	PASS	PASS	PASS	PASS	PASS	PASS
MNX1_PAX2_3_YZII_TCCTAC40NGAA	/scratch/project_2013895/SELEX/data/Xie2025/submitted_ftp/MNX1_PAX2_3_YZII_TCCTAC40NGAA.fastq.gz	signal	174425	6.9 Mbp	6900000	0	40	52	PASS	PASS	WARN	PASS	FAIL	PASS	PASS	PASS	WARN	PASS	PASS
MNX1_TBX21_3_YYI_TTGCAG40NGAC	/scratch/project_2013895/SELEX/data/Xie2025/submitted_ftp/MNX1_TBX21_3_YYI_TTGCAG40NGAC.fastq.gz	signal	237905	9.5 Mbp	9500000	0	40	47	PASS	PASS	FAIL	PASS	FAIL	PASS	PASS	PASS	PASS	PASS	PASS
MNX1_TBX4_3_YWII_TTGCAG40NGAC	/scratch/project_2013895/SELEX/data/Xie2025/submitted_ftp/MNX1_TBX4_3_YWII_TTGCAG40NGAC.fastq.gz	signal	307390	12.2 Mbp	12200000	0	40	46	PASS	PASS	WARN	PASS	FAIL	WARN	PASS	PASS	PASS	PASS	PASS
MNX1_TEAD4_3_YJII_TCCTAC40NGAA	/scratch/project_2013895/SELEX/data/Xie2025/submitted_ftp/MNX1_TEAD4_3_YJII_TCCTAC40NGAA.fastq.gz	signal	240591	9.6 Mbp	9600000	0	40	46	PASS	PASS	FAIL	PASS	WARN	PASS	PASS	PASS	PASS	PASS	PASS
MSX1_ELF5_3_YYI_TCTTAT40NACA	/scratch/project_2013895/SELEX/data/Xie2025/submitted_ftp/MSX1_ELF5_3_YYI_TCTTAT40NACA.fastq.gz	signal	247030	9.8 Mbp	9800000	0	40	45	PASS	PASS	FAIL	PASS	FAIL	PASS	PASS	PASS	WARN	PASS	PASS
MSX1_ELK3_3_YAFI_TTACAA40NTAC	/scratch/project_2013895/SELEX/data/Xie2025/submitted_ftp/MSX1_ELK3_3_YAFI_TTACAA40NTAC.fastq.gz	signal	303772	12.1 Mbp	12100000	0	40	48	PASS	PASS	FAIL	PASS	FAIL	PASS	PASS	PASS	WARN	WARN	PASS
MSX1_FLI1_3_YYIII_TCTTAT40NACA	/scratch/project_2013895/SELEX/data/Xie2025/submitted_ftp/MSX1_FLI1_3_YYIII_TCTTAT40NACA.fastq.gz	signal	272177	10.8 Mbp	10800000	0	40	49	PASS	PASS	PASS	PASS	FAIL	PASS	PASS	PASS	PASS	PASS	PASS
MSX1_GABPA_3_YYIIII_TTACAA40NTAC	/scratch/project_2013895/SELEX/data/Xie2025/submitted_ftp/MSX1_GABPA_3_YYIIII_TTACAA40NTAC.fastq.gz	signal	264759	10.5 Mbp	10500000	0	40	49	PASS	PASS	FAIL	PASS	FAIL	PASS	PASS	PASS	PASS	PASS	PASS
MSX1_IRF8_3_YQIIII_TCTTAT40NACA	/scratch/project_2013895/SELEX/data/Xie2025/submitted_ftp/MSX1_IRF8_3_YQIIII_TCTTAT40NACA.fastq.gz	signal	184836	7.3 Mbp	7300000	0	40	46	PASS	PASS	FAIL	PASS	FAIL	PASS	PASS	PASS	PASS	PASS	PASS
MSX1_MEIS3_3_YRIIII_TTACAA40NTAC	/scratch/project_2013895/SELEX/data/Xie2025/submitted_ftp/MSX1_MEIS3_3_YRIIII_TTACAA40NTAC.fastq.gz	signal	102414	4 Mbp	4000000	0	40	48	PASS	PASS	PASS	PASS	FAIL	PASS	PASS	PASS	PASS	PASS	PASS
MSX1_ONECUT1_3_YJII_TTACAA40NTAC	/scratch/project_2013895/SELEX/data/Xie2025/submitted_ftp/MSX1_ONECUT1_3_YJII_TTACAA40NTAC.fastq.gz	signal	194089	7.7 Mbp	7700000	0	40	41	PASS	PASS	FAIL	PASS	FAIL	FAIL	PASS	PASS	WARN	PASS	PASS
MSX1_PAX2_3_YZII_TCTTAT40NACA	/scratch/project_2013895/SELEX/data/Xie2025/submitted_ftp/MSX1_PAX2_3_YZII_TCTTAT40NACA.fastq.gz	signal	237093	9.4 Mbp	9400000	0	40	50	PASS	PASS	WARN	PASS	FAIL	PASS	PASS	PASS	WARN	PASS	PASS
MSX1_TBX21_3_YYI_TTACAA40NTAC	/scratch/project_2013895/SELEX/data/Xie2025/submitted_ftp/MSX1_TBX21_3_YYI_TTACAA40NTAC.fastq.gz	signal	239453	9.5 Mbp	9500000	0	40	45	PASS	PASS	FAIL	PASS	FAIL	PASS	PASS	PASS	WARN	PASS	PASS
MSX1_TBX4_3_YWII_TTACAA40NTAC	/scratch/project_2013895/SELEX/data/Xie2025/submitted_ftp/MSX1_TBX4_3_YWII_TTACAA40NTAC.fastq.gz	signal	280130	11.2 Mbp	11200000	0	40	46	PASS	PASS	WARN	PASS	FAIL	PASS	PASS	PASS	PASS	PASS	PASS
MSX1_TEAD4_3_YJII_TCTTAT40NACA	/scratch/project_2013895/SELEX/data/Xie2025/submitted_ftp/MSX1_TEAD4_3_YJII_TCTTAT40NACA.fastq.gz	signal	171543	6.8 Mbp	6800000	0	40	40	PASS	PASS	FAIL	PASS	FAIL	PASS	PASS	PASS	PASS	PASS	PASS
MSX2_ELF5_3_YYI_TCGAAA40NAAT	/scratch/project_2013895/SELEX/data/Xie2025/submitted_ftp/MSX2_ELF5_3_YYI_TCGAAA40NAAT.fastq.gz	signal	193010	7.7 Mbp	7700000	0	40	47	PASS	PASS	FAIL	PASS	FAIL	PASS	PASS	PASS	WARN	PASS	PASS
MSX2_ELK3_3_YAFI_TGTGAC40NGTC	/scratch/project_2013895/SELEX/data/Xie2025/submitted_ftp/MSX2_ELK3_3_YAFI_TGTGAC40NGTC.fastq.gz	signal	269264	10.7 Mbp	10700000	0	40	42	PASS	PASS	FAIL	PASS	WARN	PASS	PASS	PASS	WARN	PASS	PASS
MSX2_FLI1_3_YYIII_TCGAAA40NAAT	/scratch/project_2013895/SELEX/data/Xie2025/submitted_ftp/MSX2_FLI1_3_YYIII_TCGAAA40NAAT.fastq.gz	signal	260119	10.4 Mbp	10400000	0	40	53	PASS	PASS	PASS	PASS	FAIL	PASS	PASS	PASS	PASS	FAIL	PASS
MSX2_IRF8_3_YQIIII_TCGAAA40NAAT	/scratch/project_2013895/SELEX/data/Xie2025/submitted_ftp/MSX2_IRF8_3_YQIIII_TCGAAA40NAAT.fastq.gz	signal	222747	8.9 Mbp	8900000	0	40	49	PASS	PASS	FAIL	PASS	FAIL	PASS	PASS	PASS	PASS	PASS	PASS
MSX2_MEIS3_3_YRIIII_TGTGAC40NGTC	/scratch/project_2013895/SELEX/data/Xie2025/submitted_ftp/MSX2_MEIS3_3_YRIIII_TGTGAC40NGTC.fastq.gz	signal	194421	7.7 Mbp	7700000	0	40	47	PASS	PASS	PASS	PASS	FAIL	PASS	PASS	PASS	PASS	WARN	PASS
MSX2_PAX2_3_YZII_TCGAAA40NAAT	/scratch/project_2013895/SELEX/data/Xie2025/submitted_ftp/MSX2_PAX2_3_YZII_TCGAAA40NAAT.fastq.gz	signal	219350	8.7 Mbp	8700000	0	40	55	PASS	PASS	WARN	PASS	FAIL	PASS	PASS	PASS	FAIL	PASS	PASS
MSX2_PAX5_3_YXII_TCGAAA40NAAT	/scratch/project_2013895/SELEX/data/Xie2025/submitted_ftp/MSX2_PAX5_3_YXII_TCGAAA40NAAT.fastq.gz	signal	201908	8 Mbp	8000000	0	40	56	PASS	PASS	PASS	PASS	FAIL	PASS	PASS	PASS	PASS	PASS	PASS
MSX2_TBX21_3_YYI_TGTGAC40NGTC	/scratch/project_2013895/SELEX/data/Xie2025/submitted_ftp/MSX2_TBX21_3_YYI_TGTGAC40NGTC.fastq.gz	signal	218162	8.7 Mbp	8700000	0	40	44	PASS	PASS	FAIL	PASS	FAIL	PASS	PASS	PASS	WARN	WARN	PASS
MSX2_TBX4_3_YWII_TGTGAC40NGTC	/scratch/project_2013895/SELEX/data/Xie2025/submitted_ftp/MSX2_TBX4_3_YWII_TGTGAC40NGTC.fastq.gz	signal	272707	10.9 Mbp	10900000	0	40	46	PASS	PASS	WARN	PASS	FAIL	PASS	PASS	PASS	WARN	WARN	PASS
MYOG_FLI1_3_YYIII_TGCTTC40NGTCA	/scratch/project_2013895/SELEX/data/Xie2025/submitted_ftp/MYOG_FLI1_3_YYIII_TGCTTC40NGTCA.fastq.gz	signal	286070	11.4 Mbp	11400000	0	40	53	PASS	PASS	PASS	PASS	FAIL	PASS	PASS	PASS	PASS	PASS	PASS
MYOG_TBX21_3_YYI_TAGTAG40NGTT	/scratch/project_2013895/SELEX/data/Xie2025/submitted_ftp/MYOG_TBX21_3_YYI_TAGTAG40NGTT.fastq.gz	signal	206882	8.2 Mbp	8199999.999999999	0	40	53	PASS	PASS	FAIL	PASS	FAIL	PASS	PASS	PASS	WARN	PASS	PASS
NEUROG1_FOXD2_3_YWI_TCGCAC40NCCT	/scratch/project_2013895/SELEX/data/Xie2025/submitted_ftp/NEUROG1_FOXD2_3_YWI_TCGCAC40NCCT.fastq.gz	signal	220307	8.8 Mbp	8800000	0	40	46	PASS	PASS	FAIL	PASS	WARN	FAIL	PASS	PASS	WARN	PASS	PASS
NEUROG1_TCF3_3_YIII_TCGCAC40NCCT	/scratch/project_2013895/SELEX/data/Xie2025/submitted_ftp/NEUROG1_TCF3_3_YIII_TCGCAC40NCCT.fastq.gz	signal	163915	6.5 Mbp	6500000	0	40	57	PASS	PASS	PASS	PASS	FAIL	PASS	PASS	PASS	PASS	PASS	PASS
NEUROG1_TCF4_3_YACII_TCGAAT40NTCGT	/scratch/project_2013895/SELEX/data/Xie2025/submitted_ftp/NEUROG1_TCF4_3_YACII_TCGAAT40NTCGT.fastq.gz	signal	224056	8.9 Mbp	8900000	0	40	51	PASS	PASS	PASS	PASS	WARN	PASS	PASS	PASS	PASS	PASS	PASS
NEUROG2_FOXD2_3_YWI_TAGGAG40NAGT	/scratch/project_2013895/SELEX/data/Xie2025/submitted_ftp/NEUROG2_FOXD2_3_YWI_TAGGAG40NAGT.fastq.gz	signal	166926	6.6 Mbp	6600000	0	40	39	PASS	PASS	FAIL	PASS	WARN	FAIL	PASS	PASS	WARN	PASS	PASS
NEUROG2_TCF3_3_YIII_TAGGAG40NAGT	/scratch/project_2013895/SELEX/data/Xie2025/submitted_ftp/NEUROG2_TCF3_3_YIII_TAGGAG40NAGT.fastq.gz	signal	166826	6.6 Mbp	6600000	0	40	51	PASS	PASS	PASS	PASS	PASS	PASS	PASS	PASS	PASS	WARN	PASS
NFAT5_HOXC10_3_YAEIII_TCATTC40NAGGC	/scratch/project_2013895/SELEX/data/Xie2025/submitted_ftp/NFAT5_HOXC10_3_YAEIII_TCATTC40NAGGC.fastq.gz	signal	231812	9.2 Mbp	9200000	0	40	44	PASS	PASS	PASS	PASS	PASS	PASS	PASS	PASS	PASS	PASS	PASS
NFATC1_HOXB5_3_YVIII_TGACGC40NCAC	/scratch/project_2013895/SELEX/data/Xie2025/submitted_ftp/NFATC1_HOXB5_3_YVIII_TGACGC40NCAC.fastq.gz	signal	267833	10.7 Mbp	10700000	0	40	55	PASS	PASS	WARN	PASS	FAIL	PASS	PASS	PASS	WARN	PASS	PASS
NFATC1_POU2F2_3_YAAIIII_TAGGTC40NACCA	/scratch/project_2013895/SELEX/data/Xie2025/submitted_ftp/NFATC1_POU2F2_3_YAAIIII_TAGGTC40NACCA.fastq.gz	signal	176318	7 Mbp	7000000	0	40	40	PASS	PASS	WARN	PASS	WARN	WARN	PASS	PASS	WARN	WARN	PASS
NFATC4_HOXB5_3_YVIII_TCCGTC40NGTT	/scratch/project_2013895/SELEX/data/Xie2025/submitted_ftp/NFATC4_HOXB5_3_YVIII_TCCGTC40NGTT.fastq.gz	signal	261558	10.4 Mbp	10400000	0	40	54	PASS	PASS	WARN	PASS	FAIL	PASS	PASS	PASS	PASS	PASS	PASS
NFATC4_ONECUT1_3_YJII_TCCGTC40NGTT	/scratch/project_2013895/SELEX/data/Xie2025/submitted_ftp/NFATC4_ONECUT1_3_YJII_TCCGTC40NGTT.fastq.gz	signal	233198	9.3 Mbp	9300000	0	40	48	PASS	PASS	FAIL	PASS	FAIL	PASS	PASS	PASS	WARN	PASS	PASS
NKX2-3_TEAD4_3_YJII_TTCTCC40NTCTC	/scratch/project_2013895/SELEX/data/Xie2025/submitted_ftp/NKX2-3_TEAD4_3_YJII_TTCTCC40NTCTC.fastq.gz	signal	170522	6.8 Mbp	6800000	0	40	45	PASS	PASS	FAIL	PASS	WARN	PASS	PASS	PASS	PASS	PASS	PASS
NKX2-3_TGIF2LX_3_YVII_TACGTA40NATC	/scratch/project_2013895/SELEX/data/Xie2025/submitted_ftp/NKX2-3_TGIF2LX_3_YVII_TACGTA40NATC.fastq.gz	signal	303643	12.1 Mbp	12100000	0	40	54	PASS	PASS	FAIL	PASS	FAIL	PASS	PASS	PASS	PASS	PASS	PASS
NKX2-4_TBX4_3_YWII_TCCAGC40NGGC	/scratch/project_2013895/SELEX/data/Xie2025/submitted_ftp/NKX2-4_TBX4_3_YWII_TCCAGC40NGGC.fastq.gz	signal	240024	9.6 Mbp	9600000	0	40	50	PASS	PASS	WARN	PASS	PASS	PASS	PASS	PASS	PASS	PASS	PASS
NKX6-2_ATF7_3_YJI_TCTGCA40NATA	/scratch/project_2013895/SELEX/data/Xie2025/submitted_ftp/NKX6-2_ATF7_3_YJI_TCTGCA40NATA.fastq.gz	signal	250246	10 Mbp	10000000	0	40	39	PASS	PASS	FAIL	PASS	WARN	PASS	PASS	PASS	PASS	PASS	PASS
NKX6-2_TBX21_3_YYI_TAAAGG40NGAC	/scratch/project_2013895/SELEX/data/Xie2025/submitted_ftp/NKX6-2_TBX21_3_YYI_TAAAGG40NGAC.fastq.gz	signal	244759	9.7 Mbp	9700000	0	40	42	PASS	PASS	FAIL	PASS	FAIL	PASS	PASS	PASS	PASS	WARN	PASS
NR2C1_FOXD2_3_YWI_TTACCG40NATC	/scratch/project_2013895/SELEX/data/Xie2025/submitted_ftp/NR2C1_FOXD2_3_YWI_TTACCG40NATC.fastq.gz	signal	206784	8.2 Mbp	8199999.999999999	0	40	41	PASS	PASS	FAIL	PASS	WARN	WARN	PASS	PASS	WARN	PASS	PASS
NR2F1_TBX21_3_YYI_TCGGCA40NAGC	/scratch/project_2013895/SELEX/data/Xie2025/submitted_ftp/NR2F1_TBX21_3_YYI_TCGGCA40NAGC.fastq.gz	signal	190867	7.6 Mbp	7600000	0	40	52	PASS	PASS	FAIL	PASS	FAIL	PASS	PASS	PASS	WARN	PASS	PASS
NR2F1_TBX4_3_YWII_TCGGCA40NAGC	/scratch/project_2013895/SELEX/data/Xie2025/submitted_ftp/NR2F1_TBX4_3_YWII_TCGGCA40NAGC.fastq.gz	signal	225196	9 Mbp	9000000	0	40	54	PASS	PASS	WARN	PASS	FAIL	PASS	PASS	PASS	WARN	WARN	PASS
NR4A1_HOXA2_3_YJI_TGAACA40NAAT	/scratch/project_2013895/SELEX/data/Xie2025/submitted_ftp/NR4A1_HOXA2_3_YJI_TGAACA40NAAT.fastq.gz	signal	157864	6.3 Mbp	6300000	0	40	50	PASS	PASS	FAIL	PASS	FAIL	FAIL	PASS	PASS	PASS	WARN	PASS
NRL_FLI1_3_YYIII_TTTCTT40NTTTA	/scratch/project_2013895/SELEX/data/Xie2025/submitted_ftp/NRL_FLI1_3_YYIII_TTTCTT40NTTTA.fastq.gz	signal	249393	9.9 Mbp	9900000	0	40	53	PASS	PASS	PASS	PASS	FAIL	PASS	PASS	PASS	WARN	PASS	PASS
NRL_FOSB_3_YWIII_TTCTAA40NAAT	/scratch/project_2013895/SELEX/data/Xie2025/submitted_ftp/NRL_FOSB_3_YWIII_TTCTAA40NAAT.fastq.gz	signal	264998	10.5 Mbp	10500000	0	40	52	PASS	PASS	PASS	PASS	FAIL	PASS	PASS	PASS	FAIL	WARN	PASS
NRL_NFATC1_3_YADI_TTCTAA40NAAT	/scratch/project_2013895/SELEX/data/Xie2025/submitted_ftp/NRL_NFATC1_3_YADI_TTCTAA40NAAT.fastq.gz	signal	168944	6.7 Mbp	6700000	0	40	55	PASS	PASS	PASS	PASS	FAIL	PASS	PASS	PASS	PASS	PASS	PASS
NRL_TEAD4_3_YJII_TTTCTT40NTTTA	/scratch/project_2013895/SELEX/data/Xie2025/submitted_ftp/NRL_TEAD4_3_YJII_TTTCTT40NTTTA.fastq.gz	signal	219169	8.7 Mbp	8700000	0	40	42	PASS	PASS	FAIL	PASS	WARN	PASS	PASS	PASS	WARN	WARN	PASS
OLIG2_NKX6-1_3_YVIII_TGGCCG40NCTTT	/scratch/project_2013895/SELEX/data/Xie2025/submitted_ftp/OLIG2_NKX6-1_3_YVIII_TGGCCG40NCTTT.fastq.gz	signal	220571	8.8 Mbp	8800000	0	40	41	PASS	PASS	WARN	PASS	WARN	WARN	PASS	PASS	FAIL	WARN	PASS
OLIG2_RUNX2_3_YII_TGGCCG40NCTTT	/scratch/project_2013895/SELEX/data/Xie2025/submitted_ftp/OLIG2_RUNX2_3_YII_TGGCCG40NCTTT.fastq.gz	signal	250730	10 Mbp	10000000	0	40	49	PASS	PASS	PASS	PASS	WARN	PASS	PASS	PASS	PASS	PASS	PASS
OLIG2_TGIF2LX_3_YVII_TCTAAA40NCGC	/scratch/project_2013895/SELEX/data/Xie2025/submitted_ftp/OLIG2_TGIF2LX_3_YVII_TCTAAA40NCGC.fastq.gz	signal	261831	10.4 Mbp	10400000	0	40	56	PASS	PASS	FAIL	PASS	FAIL	PASS	PASS	PASS	PASS	PASS	PASS
OLIG3_ONECUT1_3_YJII_TCTACC40NTAG	/scratch/project_2013895/SELEX/data/Xie2025/submitted_ftp/OLIG3_ONECUT1_3_YJII_TCTACC40NTAG.fastq.gz	signal	177829	7.1 Mbp	7100000	0	40	51	PASS	PASS	FAIL	PASS	FAIL	PASS	PASS	PASS	WARN	WARN	PASS
ONECUT2_FOXD2_3_YWI_TGGCCG40NGCT	/scratch/project_2013895/SELEX/data/Xie2025/submitted_ftp/ONECUT2_FOXD2_3_YWI_TGGCCG40NGCT.fastq.gz	signal	219438	8.7 Mbp	8700000	0	40	44	PASS	PASS	FAIL	PASS	PASS	PASS	PASS	PASS	PASS	PASS	PASS
ONECUT2_IRF7_3_YAEIIII_TCGTTC40NATA	/scratch/project_2013895/SELEX/data/Xie2025/submitted_ftp/ONECUT2_IRF7_3_YAEIIII_TCGTTC40NATA.fastq.gz	signal	240558	9.6 Mbp	9600000	0	40	50	PASS	PASS	FAIL	PASS	FAIL	PASS	PASS	PASS	PASS	PASS	PASS
ONECUT2_ISX_3_YUIIII_TGGCCG40NGCT	/scratch/project_2013895/SELEX/data/Xie2025/submitted_ftp/ONECUT2_ISX_3_YUIIII_TGGCCG40NGCT.fastq.gz	signal	278945	11.1 Mbp	11100000	0	40	40	PASS	PASS	FAIL	PASS	PASS	WARN	PASS	PASS	PASS	PASS	PASS
ONECUT2_POU3F1_3_YXIIII_TGGCCG40NGCT	/scratch/project_2013895/SELEX/data/Xie2025/submitted_ftp/ONECUT2_POU3F1_3_YXIIII_TGGCCG40NGCT.fastq.gz	signal	190884	7.6 Mbp	7600000	0	40	41	PASS	PASS	PASS	PASS	PASS	PASS	PASS	PASS	PASS	WARN	PASS
ONECUT2_TGIF2LX_3_YVII_TGGCCG40NGCT	/scratch/project_2013895/SELEX/data/Xie2025/submitted_ftp/ONECUT2_TGIF2LX_3_YVII_TGGCCG40NGCT.fastq.gz	signal	450633	18 Mbp	18000000	0	40	48	PASS	PASS	FAIL	PASS	PASS	PASS	PASS	PASS	PASS	PASS	PASS
OTX1_ELF1_3_YADIIII_TTTATT40NGCTG	/scratch/project_2013895/SELEX/data/Xie2025/submitted_ftp/OTX1_ELF1_3_YADIIII_TTTATT40NGCTG.fastq.gz	signal	302440	12 Mbp	12000000	0	40	47	PASS	PASS	PASS	PASS	WARN	PASS	PASS	PASS	PASS	PASS	PASS
OTX1_FOXD2_3_YWI_TTGCGA40NGTA	/scratch/project_2013895/SELEX/data/Xie2025/submitted_ftp/OTX1_FOXD2_3_YWI_TTGCGA40NGTA.fastq.gz	signal	352626	14.1 Mbp	14100000	0	40	50	PASS	PASS	FAIL	PASS	FAIL	FAIL	PASS	PASS	PASS	PASS	PASS
OTX1_SOX11_3_YUIII_TTTATT40NGCTG	/scratch/project_2013895/SELEX/data/Xie2025/submitted_ftp/OTX1_SOX11_3_YUIII_TTTATT40NGCTG.fastq.gz	signal	181248	7.2 Mbp	7200000	0	40	43	PASS	PASS	PASS	PASS	WARN	PASS	PASS	PASS	PASS	PASS	PASS
OTX1_TBX4_3_YWII_TTGCGA40NGTA	/scratch/project_2013895/SELEX/data/Xie2025/submitted_ftp/OTX1_TBX4_3_YWII_TTGCGA40NGTA.fastq.gz	signal	291058	11.6 Mbp	11600000	0	40	53	PASS	PASS	WARN	PASS	FAIL	PASS	PASS	PASS	WARN	PASS	PASS
OTX1_TEAD4_3_YJII_TTTATT40NGCTG	/scratch/project_2013895/SELEX/data/Xie2025/submitted_ftp/OTX1_TEAD4_3_YJII_TTTATT40NGCTG.fastq.gz	signal	172430	6.8 Mbp	6800000	0	40	41	PASS	PASS	FAIL	PASS	WARN	PASS	PASS	PASS	PASS	PASS	PASS
OTX2_FLI1_3_YYIII_TATGAT40NACA	/scratch/project_2013895/SELEX/data/Xie2025/submitted_ftp/OTX2_FLI1_3_YYIII_TATGAT40NACA.fastq.gz	signal	248889	9.9 Mbp	9900000	0	40	52	PASS	PASS	PASS	PASS	FAIL	PASS	PASS	PASS	PASS	PASS	PASS
OTX2_FOXD2_3_YWI_TGCTAA40NCTG	/scratch/project_2013895/SELEX/data/Xie2025/submitted_ftp/OTX2_FOXD2_3_YWI_TGCTAA40NCTG.fastq.gz	signal	215245	8.6 Mbp	8600000	0	40	41	PASS	PASS	FAIL	PASS	FAIL	WARN	PASS	PASS	PASS	PASS	PASS
OTX2_ISX_3_YUIIII_TGCTAA40NCTG	/scratch/project_2013895/SELEX/data/Xie2025/submitted_ftp/OTX2_ISX_3_YUIIII_TGCTAA40NCTG.fastq.gz	signal	229106	9.1 Mbp	9100000	0	40	43	PASS	PASS	FAIL	PASS	FAIL	PASS	PASS	PASS	PASS	PASS	PASS
OTX2_SOX11_3_YUIII_TATGAT40NACA	/scratch/project_2013895/SELEX/data/Xie2025/submitted_ftp/OTX2_SOX11_3_YUIII_TATGAT40NACA.fastq.gz	signal	224327	8.9 Mbp	8900000	0	40	49	PASS	PASS	PASS	PASS	FAIL	PASS	PASS	PASS	PASS	PASS	PASS
OTX2_TBX4_3_YWII_TGCTAA40NCTG	/scratch/project_2013895/SELEX/data/Xie2025/submitted_ftp/OTX2_TBX4_3_YWII_TGCTAA40NCTG.fastq.gz	signal	201362	8 Mbp	8000000	0	40	49	PASS	PASS	WARN	PASS	FAIL	PASS	PASS	PASS	PASS	PASS	PASS
PAX1_ELK3_3_YAFI_TATAGC40NGAC	/scratch/project_2013895/SELEX/data/Xie2025/submitted_ftp/PAX1_ELK3_3_YAFI_TATAGC40NGAC.fastq.gz	signal	276122	11 Mbp	11000000	0	40	51	PASS	PASS	FAIL	PASS	FAIL	PASS	PASS	PASS	FAIL	WARN	PASS
PAX1_EVX1_3_YPIIII_TCCTGC40NTCG	/scratch/project_2013895/SELEX/data/Xie2025/submitted_ftp/PAX1_EVX1_3_YPIIII_TCCTGC40NTCG.fastq.gz	signal	254946	10.1 Mbp	10100000	0	40	53	PASS	PASS	FAIL	PASS	WARN	PASS	PASS	PASS	WARN	PASS	PASS
PAX1_EVX2_3_YZIIII_TCCTGC40NTCG	/scratch/project_2013895/SELEX/data/Xie2025/submitted_ftp/PAX1_EVX2_3_YZIIII_TCCTGC40NTCG.fastq.gz	signal	234660	9.3 Mbp	9300000	0	40	44	PASS	PASS	FAIL	PASS	FAIL	PASS	PASS	PASS	WARN	PASS	PASS
PAX1_FOXD2_3_YWI_TATAGC40NGAC	/scratch/project_2013895/SELEX/data/Xie2025/submitted_ftp/PAX1_FOXD2_3_YWI_TATAGC40NGAC.fastq.gz	signal	252161	10 Mbp	10000000	0	40	40	PASS	PASS	FAIL	PASS	WARN	PASS	PASS	PASS	WARN	WARN	PASS
PAX1_HOXA2_3_YJI_TATAGC40NGAC	/scratch/project_2013895/SELEX/data/Xie2025/submitted_ftp/PAX1_HOXA2_3_YJI_TATAGC40NGAC.fastq.gz	signal	193681	7.7 Mbp	7700000	0	40	44	PASS	PASS	FAIL	PASS	FAIL	PASS	PASS	PASS	PASS	PASS	PASS
PAX1_HOXB2_3_YUI_TATAGC40NGAC	/scratch/project_2013895/SELEX/data/Xie2025/submitted_ftp/PAX1_HOXB2_3_YUI_TATAGC40NGAC.fastq.gz	signal	212102	8.4 Mbp	8400000	0	40	47	PASS	PASS	FAIL	PASS	FAIL	PASS	PASS	PASS	FAIL	WARN	PASS
PAX1_HOXB5_3_YVIII_TATAGC40NGAC	/scratch/project_2013895/SELEX/data/Xie2025/submitted_ftp/PAX1_HOXB5_3_YVIII_TATAGC40NGAC.fastq.gz	signal	303339	12.1 Mbp	12100000	0	40	47	PASS	PASS	WARN	PASS	WARN	WARN	PASS	PASS	WARN	WARN	PASS
PAX1_HOXC10_3_YAEIII_TCCTGC40NTCG	/scratch/project_2013895/SELEX/data/Xie2025/submitted_ftp/PAX1_HOXC10_3_YAEIII_TCCTGC40NTCG.fastq.gz	signal	159377	6.3 Mbp	6300000	0	40	48	PASS	PASS	PASS	PASS	WARN	PASS	PASS	PASS	WARN	WARN	PASS
PAX1_HOXD8_3_YZIII_TATAGC40NGAC	/scratch/project_2013895/SELEX/data/Xie2025/submitted_ftp/PAX1_HOXD8_3_YZIII_TATAGC40NGAC.fastq.gz	signal	325492	13 Mbp	13000000	0	40	46	PASS	PASS	WARN	PASS	WARN	PASS	PASS	PASS	PASS	PASS	PASS
PAX1_ISX_3_YUIIII_TATAGC40NGAC	/scratch/project_2013895/SELEX/data/Xie2025/submitted_ftp/PAX1_ISX_3_YUIIII_TATAGC40NGAC.fastq.gz	signal	228383	9.1 Mbp	9100000	0	40	45	PASS	PASS	FAIL	PASS	WARN	PASS	PASS	PASS	PASS	PASS	PASS
PAX1_MSX2_3_YSIIII_TCCTGC40NTCG	/scratch/project_2013895/SELEX/data/Xie2025/submitted_ftp/PAX1_MSX2_3_YSIIII_TCCTGC40NTCG.fastq.gz	signal	216281	8.6 Mbp	8600000	0	40	50	PASS	PASS	PASS	PASS	WARN	PASS	PASS	PASS	PASS	PASS	PASS
PAX1_NKX6-1_3_YVIII_TCCTGC40NTCG	/scratch/project_2013895/SELEX/data/Xie2025/submitted_ftp/PAX1_NKX6-1_3_YVIII_TCCTGC40NTCG.fastq.gz	signal	257562	10.3 Mbp	10300000	0	40	46	PASS	PASS	WARN	PASS	WARN	PASS	PASS	PASS	FAIL	WARN	PASS
PAX1_OTP_3_YPIII_TCCTGC40NTCG	/scratch/project_2013895/SELEX/data/Xie2025/submitted_ftp/PAX1_OTP_3_YPIII_TCCTGC40NTCG.fastq.gz	signal	260895	10.4 Mbp	10400000	0	40	48	PASS	PASS	WARN	PASS	WARN	PASS	PASS	PASS	WARN	WARN	PASS
PAX1_TBX21_3_YYI_TATAGC40NGAC	/scratch/project_2013895/SELEX/data/Xie2025/submitted_ftp/PAX1_TBX21_3_YYI_TATAGC40NGAC.fastq.gz	signal	226380	9 Mbp	9000000	0	40	48	PASS	PASS	FAIL	PASS	FAIL	PASS	PASS	PASS	FAIL	WARN	PASS
PAX1_TBX4_3_YWII_TATAGC40NGAC	/scratch/project_2013895/SELEX/data/Xie2025/submitted_ftp/PAX1_TBX4_3_YWII_TATAGC40NGAC.fastq.gz	signal	254472	10.1 Mbp	10100000	0	40	52	PASS	PASS	WARN	PASS	FAIL	PASS	PASS	PASS	FAIL	WARN	PASS
PAX1_TBX6_3_YAAII_TATAGC40NGAC	/scratch/project_2013895/SELEX/data/Xie2025/submitted_ftp/PAX1_TBX6_3_YAAII_TATAGC40NGAC.fastq.gz	signal	227611	9.1 Mbp	9100000	0	40	50	PASS	PASS	WARN	PASS	WARN	PASS	PASS	PASS	PASS	PASS	PASS
PAX1_VSX2_3_YLIIII_TATAGC40NGAC	/scratch/project_2013895/SELEX/data/Xie2025/submitted_ftp/PAX1_VSX2_3_YLIIII_TATAGC40NGAC.fastq.gz	signal	NA	NA	NA	NA	NA	NA	NA	NA	NA	NA	NA	NA	NA	NA	NA	NA	NA
PAX2_ELK3_3_YAFI_TTGCTG40NCTA	/scratch/project_2013895/SELEX/data/Xie2025/submitted_ftp/PAX2_ELK3_3_YAFI_TTGCTG40NCTA.fastq.gz	signal	334460	13.3 Mbp	13300000	0	40	51	PASS	PASS	FAIL	PASS	WARN	PASS	PASS	PASS	FAIL	WARN	PASS
PAX2_EVX1_3_YPIIII_TAAACT40NTGA	/scratch/project_2013895/SELEX/data/Xie2025/submitted_ftp/PAX2_EVX1_3_YPIIII_TAAACT40NTGA.fastq.gz	signal	241192	9.6 Mbp	9600000	0	40	54	PASS	PASS	FAIL	PASS	WARN	PASS	PASS	PASS	PASS	PASS	PASS
PAX2_EVX2_3_YZIIII_TAAACT40NTGA	/scratch/project_2013895/SELEX/data/Xie2025/submitted_ftp/PAX2_EVX2_3_YZIIII_TAAACT40NTGA.fastq.gz	signal	204675	8.1 Mbp	8100000	0	40	45	PASS	PASS	WARN	PASS	WARN	PASS	PASS	PASS	FAIL	WARN	PASS
PAX2_FLI1_3_YYIII_TAAACT40NTGA	/scratch/project_2013895/SELEX/data/Xie2025/submitted_ftp/PAX2_FLI1_3_YYIII_TAAACT40NTGA.fastq.gz	signal	213116	8.5 Mbp	8500000	0	40	57	PASS	PASS	PASS	PASS	FAIL	PASS	PASS	PASS	PASS	PASS	PASS
PAX2_FOXD2_3_YWI_TTGCTG40NCTA	/scratch/project_2013895/SELEX/data/Xie2025/submitted_ftp/PAX2_FOXD2_3_YWI_TTGCTG40NCTA.fastq.gz	signal	253181	10.1 Mbp	10100000	0	40	42	PASS	PASS	FAIL	PASS	WARN	WARN	PASS	PASS	WARN	PASS	PASS
PAX2_GATA4_3_YII_TTGCTG40NCTA	/scratch/project_2013895/SELEX/data/Xie2025/submitted_ftp/PAX2_GATA4_3_YII_TTGCTG40NCTA.fastq.gz	signal	358840	14.3 Mbp	14300000	0	40	47	PASS	PASS	PASS	PASS	WARN	PASS	PASS	PASS	PASS	PASS	PASS
PAX2_HOXA2_3_YJI_TTGCTG40NCTA	/scratch/project_2013895/SELEX/data/Xie2025/submitted_ftp/PAX2_HOXA2_3_YJI_TTGCTG40NCTA.fastq.gz	signal	304612	12.1 Mbp	12100000	0	40	46	PASS	PASS	FAIL	PASS	FAIL	PASS	PASS	PASS	PASS	PASS	PASS
PAX2_HOXB2_3_YUI_TTGCTG40NCTA	/scratch/project_2013895/SELEX/data/Xie2025/submitted_ftp/PAX2_HOXB2_3_YUI_TTGCTG40NCTA.fastq.gz	signal	190805	7.6 Mbp	7600000	0	40	49	PASS	PASS	FAIL	PASS	FAIL	PASS	PASS	PASS	FAIL	WARN	PASS
PAX2_HOXB5_3_YVIII_TTGCTG40NCTA	/scratch/project_2013895/SELEX/data/Xie2025/submitted_ftp/PAX2_HOXB5_3_YVIII_TTGCTG40NCTA.fastq.gz	signal	305325	12.2 Mbp	12200000	0	40	47	PASS	PASS	WARN	PASS	WARN	PASS	PASS	PASS	WARN	PASS	PASS
PAX2_HOXC10_3_YAEIII_TAAACT40NTGA	/scratch/project_2013895/SELEX/data/Xie2025/submitted_ftp/PAX2_HOXC10_3_YAEIII_TAAACT40NTGA.fastq.gz	signal	271895	10.8 Mbp	10800000	0	40	49	PASS	PASS	PASS	PASS	WARN	PASS	PASS	PASS	WARN	WARN	PASS
PAX2_ISX_3_YUIIII_TTGCTG40NCTA	/scratch/project_2013895/SELEX/data/Xie2025/submitted_ftp/PAX2_ISX_3_YUIIII_TTGCTG40NCTA.fastq.gz	signal	184232	7.3 Mbp	7300000	0	40	47	PASS	PASS	FAIL	PASS	WARN	PASS	PASS	PASS	PASS	PASS	PASS
PAX2_MSX2_3_YSIIII_TAAACT40NTGA	/scratch/project_2013895/SELEX/data/Xie2025/submitted_ftp/PAX2_MSX2_3_YSIIII_TAAACT40NTGA.fastq.gz	signal	208453	8.3 Mbp	8300000.000000001	0	40	51	PASS	PASS	PASS	PASS	WARN	PASS	PASS	PASS	PASS	PASS	PASS
PAX2_NKX6-1_3_YVIII_TAAACT40NTGA	/scratch/project_2013895/SELEX/data/Xie2025/submitted_ftp/PAX2_NKX6-1_3_YVIII_TAAACT40NTGA.fastq.gz	signal	220380	8.8 Mbp	8800000	0	40	46	PASS	PASS	WARN	PASS	WARN	WARN	PASS	PASS	FAIL	WARN	PASS
PAX2_OTP_3_YPIII_TAAACT40NTGA	/scratch/project_2013895/SELEX/data/Xie2025/submitted_ftp/PAX2_OTP_3_YPIII_TAAACT40NTGA.fastq.gz	signal	243961	9.7 Mbp	9700000	0	40	51	PASS	PASS	WARN	PASS	WARN	PASS	PASS	PASS	PASS	PASS	PASS
PAX2_RUNX2_3_YII_TAAACT40NTGA	/scratch/project_2013895/SELEX/data/Xie2025/submitted_ftp/PAX2_RUNX2_3_YII_TAAACT40NTGA.fastq.gz	signal	285706	11.4 Mbp	11400000	0	40	55	PASS	PASS	PASS	PASS	FAIL	PASS	PASS	PASS	WARN	PASS	PASS
PAX2_TBX21_3_YYI_TTGCTG40NCTA	/scratch/project_2013895/SELEX/data/Xie2025/submitted_ftp/PAX2_TBX21_3_YYI_TTGCTG40NCTA.fastq.gz	signal	208904	8.3 Mbp	8300000.000000001	0	40	48	PASS	PASS	FAIL	PASS	FAIL	PASS	PASS	PASS	FAIL	WARN	PASS
PAX2_TBX4_3_YWII_TTGCTG40NCTA	/scratch/project_2013895/SELEX/data/Xie2025/submitted_ftp/PAX2_TBX4_3_YWII_TTGCTG40NCTA.fastq.gz	signal	275840	11 Mbp	11000000	0	40	52	PASS	PASS	WARN	PASS	WARN	PASS	PASS	PASS	WARN	PASS	PASS
PAX2_TBX6_3_YAAII_TTGCTG40NCTA	/scratch/project_2013895/SELEX/data/Xie2025/submitted_ftp/PAX2_TBX6_3_YAAII_TTGCTG40NCTA.fastq.gz	signal	252943	10.1 Mbp	10100000	0	40	50	PASS	PASS	WARN	PASS	WARN	PASS	PASS	PASS	PASS	PASS	PASS
PAX2_TEAD4_3_YJII_TAAACT40NTGA	/scratch/project_2013895/SELEX/data/Xie2025/submitted_ftp/PAX2_TEAD4_3_YJII_TAAACT40NTGA.fastq.gz	signal	252276	10 Mbp	10000000	0	40	49	PASS	PASS	FAIL	PASS	WARN	PASS	PASS	PASS	PASS	PASS	PASS
PAX2_VSX2_3_YLIIII_TTGCTG40NCTA	/scratch/project_2013895/SELEX/data/Xie2025/submitted_ftp/PAX2_VSX2_3_YLIIII_TTGCTG40NCTA.fastq.gz	signal	NA	NA	NA	NA	NA	NA	NA	NA	NA	NA	NA	NA	NA	NA	NA	NA	NA
PAX5_EVX2_3_YZIIII_TATATT40NTGC	/scratch/project_2013895/SELEX/data/Xie2025/submitted_ftp/PAX5_EVX2_3_YZIIII_TATATT40NTGC.fastq.gz	signal	194941	7.7 Mbp	7700000	0	40	47	PASS	PASS	WARN	PASS	FAIL	PASS	PASS	PASS	WARN	PASS	PASS
PAX5_FLI1_3_YYIII_TATATT40NTGC	/scratch/project_2013895/SELEX/data/Xie2025/submitted_ftp/PAX5_FLI1_3_YYIII_TATATT40NTGC.fastq.gz	signal	232789	9.3 Mbp	9300000	0	40	56	PASS	PASS	PASS	PASS	FAIL	PASS	PASS	PASS	FAIL	WARN	PASS
PAX5_FOXD2_3_YWI_TAGCTT40NGAC	/scratch/project_2013895/SELEX/data/Xie2025/submitted_ftp/PAX5_FOXD2_3_YWI_TAGCTT40NGAC.fastq.gz	signal	215405	8.6 Mbp	8600000	0	40	43	PASS	PASS	FAIL	PASS	FAIL	PASS	PASS	PASS	WARN	PASS	PASS
PAX5_GATA4_3_YII_TAGCTT40NGAC	/scratch/project_2013895/SELEX/data/Xie2025/submitted_ftp/PAX5_GATA4_3_YII_TAGCTT40NGAC.fastq.gz	signal	230017	9.2 Mbp	9200000	0	40	51	PASS	PASS	PASS	PASS	WARN	PASS	PASS	PASS	PASS	PASS	PASS
PAX5_HOXB5_3_YVIII_TAGCTT40NGAC	/scratch/project_2013895/SELEX/data/Xie2025/submitted_ftp/PAX5_HOXB5_3_YVIII_TAGCTT40NGAC.fastq.gz	signal	261499	10.4 Mbp	10400000	0	40	49	PASS	PASS	WARN	PASS	WARN	PASS	PASS	PASS	PASS	WARN	PASS
PAX5_HOXC10_3_YAEIII_TATATT40NTGC	/scratch/project_2013895/SELEX/data/Xie2025/submitted_ftp/PAX5_HOXC10_3_YAEIII_TATATT40NTGC.fastq.gz	signal	248515	9.9 Mbp	9900000	0	40	51	PASS	PASS	PASS	PASS	FAIL	PASS	PASS	PASS	FAIL	WARN	PASS
PAX5_TBX21_3_YYI_TAGCTT40NGAC	/scratch/project_2013895/SELEX/data/Xie2025/submitted_ftp/PAX5_TBX21_3_YYI_TAGCTT40NGAC.fastq.gz	signal	198317	7.9 Mbp	7900000	0	40	53	PASS	PASS	FAIL	PASS	FAIL	PASS	PASS	PASS	FAIL	WARN	PASS
PAX5_TBX4_3_YWII_TAGCTT40NGAC	/scratch/project_2013895/SELEX/data/Xie2025/submitted_ftp/PAX5_TBX4_3_YWII_TAGCTT40NGAC.fastq.gz	signal	193674	7.7 Mbp	7700000	0	40	54	PASS	PASS	WARN	PASS	WARN	PASS	PASS	PASS	WARN	PASS	PASS
PAX5_TBX6_3_YAAII_TAGCTT40NGAC	/scratch/project_2013895/SELEX/data/Xie2025/submitted_ftp/PAX5_TBX6_3_YAAII_TAGCTT40NGAC.fastq.gz	signal	297355	11.8 Mbp	11800000	0	40	53	PASS	PASS	WARN	PASS	WARN	PASS	PASS	PASS	PASS	WARN	PASS
PAX7_FLI1_3_YYIII_TAGTAC40NTAG	/scratch/project_2013895/SELEX/data/Xie2025/submitted_ftp/PAX7_FLI1_3_YYIII_TAGTAC40NTAG.fastq.gz	signal	215895	8.6 Mbp	8600000	0	40	50	PASS	PASS	PASS	PASS	WARN	PASS	PASS	PASS	PASS	PASS	PASS
PAX7_MYBL2_3_YABI_TATGGA40NAGA	/scratch/project_2013895/SELEX/data/Xie2025/submitted_ftp/PAX7_MYBL2_3_YABI_TATGGA40NAGA.fastq.gz	signal	288499	11.5 Mbp	11500000	0	40	48	PASS	PASS	WARN	PASS	PASS	PASS	PASS	PASS	PASS	PASS	PASS
PAX7_TBX4_3_YWII_TATGGA40NAGA	/scratch/project_2013895/SELEX/data/Xie2025/submitted_ftp/PAX7_TBX4_3_YWII_TATGGA40NAGA.fastq.gz	signal	280694	11.2 Mbp	11200000	0	40	43	PASS	PASS	WARN	PASS	PASS	PASS	PASS	PASS	PASS	PASS	PASS
PAX7_TEAD4_3_YJII_TAGTAC40NTAG	/scratch/project_2013895/SELEX/data/Xie2025/submitted_ftp/PAX7_TEAD4_3_YJII_TAGTAC40NTAG.fastq.gz	signal	227174	9 Mbp	9000000	0	40	42	PASS	PASS	FAIL	PASS	WARN	PASS	PASS	PASS	PASS	WARN	PASS
PBX1_EN2_3_YRIII_TGGTAC40NTCT	/scratch/project_2013895/SELEX/data/Xie2025/submitted_ftp/PBX1_EN2_3_YRIII_TGGTAC40NTCT.fastq.gz	signal	73560	2.9 Mbp	2900000	0	40	53	PASS	PASS	FAIL	PASS	FAIL	WARN	WARN	PASS	PASS	PASS	PASS
PBX1_HOXC10_3_YAEIII_TCCAGA40NGCTC	/scratch/project_2013895/SELEX/data/Xie2025/submitted_ftp/PBX1_HOXC10_3_YAEIII_TCCAGA40NGCTC.fastq.gz	signal	242035	9.6 Mbp	9600000	0	40	38	PASS	PASS	PASS	PASS	WARN	WARN	PASS	PASS	FAIL	WARN	PASS
PBX1_MEIS3_3_YRIIII_TGGTAC40NTCT	/scratch/project_2013895/SELEX/data/Xie2025/submitted_ftp/PBX1_MEIS3_3_YRIIII_TGGTAC40NTCT.fastq.gz	signal	105211	4.2 Mbp	4200000	0	40	54	PASS	PASS	PASS	PASS	FAIL	PASS	PASS	PASS	PASS	PASS	PASS
PBX1_TEAD4_3_YJII_TCCAGA40NGCTC	/scratch/project_2013895/SELEX/data/Xie2025/submitted_ftp/PBX1_TEAD4_3_YJII_TCCAGA40NGCTC.fastq.gz	signal	189954	7.5 Mbp	7500000	0	40	42	PASS	PASS	FAIL	PASS	WARN	PASS	PASS	PASS	PASS	PASS	PASS
PBX2_EN2_3_YRIII_TAAATT40NCTG	/scratch/project_2013895/SELEX/data/Xie2025/submitted_ftp/PBX2_EN2_3_YRIII_TAAATT40NCTG.fastq.gz	signal	119902	4.7 Mbp	4700000	0	40	52	PASS	PASS	FAIL	PASS	FAIL	PASS	WARN	PASS	PASS	PASS	PASS
PBX2_HOXC10_3_YAEIII_TGATCA40NGGTT	/scratch/project_2013895/SELEX/data/Xie2025/submitted_ftp/PBX2_HOXC10_3_YAEIII_TGATCA40NGGTT.fastq.gz	signal	266243	10.6 Mbp	10600000	0	40	43	PASS	PASS	PASS	PASS	FAIL	PASS	PASS	PASS	FAIL	FAIL	PASS
PDX1_ELK3_3_YAFI_TGCCGT40NCTT	/scratch/project_2013895/SELEX/data/Xie2025/submitted_ftp/PDX1_ELK3_3_YAFI_TGCCGT40NCTT.fastq.gz	signal	297455	11.8 Mbp	11800000	0	40	41	PASS	PASS	FAIL	PASS	FAIL	PASS	PASS	PASS	WARN	PASS	PASS
PDX1_FLI1_3_YYIII_TAGAGA40NCGC	/scratch/project_2013895/SELEX/data/Xie2025/submitted_ftp/PDX1_FLI1_3_YYIII_TAGAGA40NCGC.fastq.gz	signal	233055	9.3 Mbp	9300000	0	40	52	PASS	PASS	PASS	PASS	FAIL	PASS	PASS	PASS	PASS	PASS	PASS
PDX1_GABPA_3_YYIIII_TGCCGT40NCTT	/scratch/project_2013895/SELEX/data/Xie2025/submitted_ftp/PDX1_GABPA_3_YYIIII_TGCCGT40NCTT.fastq.gz	signal	215828	8.6 Mbp	8600000	0	40	48	PASS	PASS	FAIL	PASS	WARN	PASS	PASS	PASS	PASS	PASS	PASS
PDX1_TBX20_3_YWIIII_TAGAGA40NCGC	/scratch/project_2013895/SELEX/data/Xie2025/submitted_ftp/PDX1_TBX20_3_YWIIII_TAGAGA40NCGC.fastq.gz	signal	240945	9.6 Mbp	9600000	0	40	40	PASS	PASS	PASS	PASS	FAIL	WARN	PASS	PASS	FAIL	WARN	PASS
PDX1_TBX21_3_YYI_TGCCGT40NCTT	/scratch/project_2013895/SELEX/data/Xie2025/submitted_ftp/PDX1_TBX21_3_YYI_TGCCGT40NCTT.fastq.gz	signal	223955	8.9 Mbp	8900000	0	40	43	PASS	PASS	FAIL	PASS	FAIL	PASS	PASS	PASS	FAIL	WARN	PASS
PDX1_TBX4_3_YWII_TGCCGT40NCTT	/scratch/project_2013895/SELEX/data/Xie2025/submitted_ftp/PDX1_TBX4_3_YWII_TGCCGT40NCTT.fastq.gz	signal	261459	10.4 Mbp	10400000	0	40	46	PASS	PASS	WARN	PASS	FAIL	PASS	PASS	PASS	WARN	PASS	PASS
PDX1_TBX6_3_YAAII_TGCCGT40NCTT	/scratch/project_2013895/SELEX/data/Xie2025/submitted_ftp/PDX1_TBX6_3_YAAII_TGCCGT40NCTT.fastq.gz	signal	268338	10.7 Mbp	10700000	0	40	45	PASS	PASS	WARN	PASS	FAIL	PASS	PASS	PASS	PASS	PASS	PASS
PHOX2B_TBX21_3_YYI_TGCATG40NATG	/scratch/project_2013895/SELEX/data/Xie2025/submitted_ftp/PHOX2B_TBX21_3_YYI_TGCATG40NATG.fastq.gz	signal	282392	11.2 Mbp	11200000	0	40	45	PASS	PASS	FAIL	PASS	FAIL	PASS	PASS	PASS	WARN	PASS	PASS
PHOX2B_TBX4_3_YWII_TGCATG40NATG	/scratch/project_2013895/SELEX/data/Xie2025/submitted_ftp/PHOX2B_TBX4_3_YWII_TGCATG40NATG.fastq.gz	signal	324358	12.9 Mbp	12900000	0	40	45	PASS	PASS	WARN	PASS	FAIL	PASS	PASS	PASS	PASS	PASS	PASS
PHOX2B_TEAD4_3_YJII_TCAGAC40NCCAA	/scratch/project_2013895/SELEX/data/Xie2025/submitted_ftp/PHOX2B_TEAD4_3_YJII_TCAGAC40NCCAA.fastq.gz	signal	177385	7 Mbp	7000000	0	40	40	PASS	PASS	FAIL	PASS	WARN	PASS	PASS	PASS	PASS	PASS	PASS
PITX1_FOXD2_3_YWI_TCGCGA40NGTT	/scratch/project_2013895/SELEX/data/Xie2025/submitted_ftp/PITX1_FOXD2_3_YWI_TCGCGA40NGTT.fastq.gz	signal	246729	9.8 Mbp	9800000	0	40	42	PASS	PASS	FAIL	PASS	FAIL	WARN	PASS	PASS	PASS	PASS	PASS
PITX1_TBX21_3_YYI_TCGCGA40NGTT	/scratch/project_2013895/SELEX/data/Xie2025/submitted_ftp/PITX1_TBX21_3_YYI_TCGCGA40NGTT.fastq.gz	signal	195433	7.8 Mbp	7800000	0	40	47	PASS	PASS	FAIL	PASS	WARN	PASS	PASS	PASS	WARN	PASS	PASS
PITX1_TBX4_3_YWII_TCGCGA40NGTT	/scratch/project_2013895/SELEX/data/Xie2025/submitted_ftp/PITX1_TBX4_3_YWII_TCGCGA40NGTT.fastq.gz	signal	157557	6.3 Mbp	6300000	0	40	50	PASS	PASS	WARN	PASS	WARN	PASS	PASS	PASS	WARN	PASS	PASS
PITX2_FOXD2_3_YWI_TTCGAG40NGCG	/scratch/project_2013895/SELEX/data/Xie2025/submitted_ftp/PITX2_FOXD2_3_YWI_TTCGAG40NGCG.fastq.gz	signal	234443	9.3 Mbp	9300000	0	40	46	PASS	PASS	FAIL	PASS	WARN	FAIL	PASS	PASS	PASS	PASS	PASS
PITX3_FOXA1_3_YWII_TCCTCT40NGGTC	/scratch/project_2013895/SELEX/data/Xie2025/submitted_ftp/PITX3_FOXA1_3_YWII_TCCTCT40NGGTC.fastq.gz	signal	249261	9.9 Mbp	9900000	0	40	47	PASS	PASS	WARN	PASS	WARN	PASS	PASS	PASS	PASS	PASS	PASS
POU1F1_FLI1_3_YYIII_TCGAGC40NAAT	/scratch/project_2013895/SELEX/data/Xie2025/submitted_ftp/POU1F1_FLI1_3_YYIII_TCGAGC40NAAT.fastq.gz	signal	242915	9.7 Mbp	9700000	0	40	51	PASS	PASS	PASS	PASS	FAIL	PASS	PASS	PASS	PASS	PASS	PASS
POU1F1_TBX21_3_YYI_TGGCAG40NCCT	/scratch/project_2013895/SELEX/data/Xie2025/submitted_ftp/POU1F1_TBX21_3_YYI_TGGCAG40NCCT.fastq.gz	signal	247769	9.9 Mbp	9900000	0	40	40	PASS	PASS	FAIL	PASS	FAIL	PASS	PASS	PASS	WARN	PASS	PASS
POU2F2_FOXA1_3_YWII_TCCCAA40NGCGC	/scratch/project_2013895/SELEX/data/Xie2025/submitted_ftp/POU2F2_FOXA1_3_YWII_TCCCAA40NGCGC.fastq.gz	signal	308631	12.3 Mbp	12300000	0	40	40	PASS	PASS	WARN	PASS	WARN	FAIL	PASS	PASS	PASS	PASS	PASS
POU2F2_FOXD2_3_YWI_TAACTC40NGTC	/scratch/project_2013895/SELEX/data/Xie2025/submitted_ftp/POU2F2_FOXD2_3_YWI_TAACTC40NGTC.fastq.gz	signal	201058	8 Mbp	8000000	0	40	41	PASS	PASS	FAIL	PASS	WARN	FAIL	PASS	PASS	PASS	PASS	PASS
POU2F2_FOXD3_3_YWIIII_TAACTC40NGTC	/scratch/project_2013895/SELEX/data/Xie2025/submitted_ftp/POU2F2_FOXD3_3_YWIIII_TAACTC40NGTC.fastq.gz	signal	200100	8 Mbp	8000000	0	40	48	PASS	PASS	PASS	PASS	WARN	WARN	PASS	PASS	PASS	PASS	PASS
POU2F2_FOXO1_3_YIII_TCCCAA40NGCGC	/scratch/project_2013895/SELEX/data/Xie2025/submitted_ftp/POU2F2_FOXO1_3_YIII_TCCCAA40NGCGC.fastq.gz	signal	220321	8.8 Mbp	8800000	0	40	37	PASS	PASS	PASS	PASS	WARN	PASS	PASS	PASS	PASS	PASS	PASS
POU2F2_RUNX2_3_YII_TCCCAA40NGCGC	/scratch/project_2013895/SELEX/data/Xie2025/submitted_ftp/POU2F2_RUNX2_3_YII_TCCCAA40NGCGC.fastq.gz	signal	287795	11.5 Mbp	11500000	0	40	36	PASS	PASS	PASS	PASS	WARN	PASS	PASS	PASS	PASS	PASS	PASS
POU2F2_SOX11_3_YUIII_TCCCAA40NGCGC	/scratch/project_2013895/SELEX/data/Xie2025/submitted_ftp/POU2F2_SOX11_3_YUIII_TCCCAA40NGCGC.fastq.gz	signal	184736	7.3 Mbp	7300000	0	40	37	PASS	PASS	PASS	PASS	FAIL	FAIL	PASS	PASS	FAIL	WARN	PASS
POU2F2_TEAD4_3_YJII_TCCCAA40NGCGC	/scratch/project_2013895/SELEX/data/Xie2025/submitted_ftp/POU2F2_TEAD4_3_YJII_TCCCAA40NGCGC.fastq.gz	signal	262965	10.5 Mbp	10500000	0	40	42	PASS	PASS	FAIL	PASS	WARN	PASS	PASS	PASS	PASS	WARN	PASS
POU2F3_SOX11_3_YUIII_TCGCCT40NAGT	/scratch/project_2013895/SELEX/data/Xie2025/submitted_ftp/POU2F3_SOX11_3_YUIII_TCGCCT40NAGT.fastq.gz	signal	213311	8.5 Mbp	8500000	0	40	42	PASS	PASS	PASS	PASS	WARN	WARN	PASS	PASS	PASS	PASS	PASS
POU2F3_TGIF2LX_3_YVII_TGTGGG40NAAC	/scratch/project_2013895/SELEX/data/Xie2025/submitted_ftp/POU2F3_TGIF2LX_3_YVII_TGTGGG40NAAC.fastq.gz	signal	290410	11.6 Mbp	11600000	0	40	43	PASS	PASS	FAIL	PASS	FAIL	WARN	PASS	PASS	PASS	PASS	PASS
POU3F2_FOXA1_3_YWII_TGGTTT40NTCTG	/scratch/project_2013895/SELEX/data/Xie2025/submitted_ftp/POU3F2_FOXA1_3_YWII_TGGTTT40NTCTG.fastq.gz	signal	266087	10.6 Mbp	10600000	0	40	43	PASS	PASS	WARN	PASS	FAIL	FAIL	PASS	PASS	PASS	WARN	PASS
POU3F2_MEF2C_3_YAFIII_TGGTTT40NTCTG	/scratch/project_2013895/SELEX/data/Xie2025/submitted_ftp/POU3F2_MEF2C_3_YAFIII_TGGTTT40NTCTG.fastq.gz	signal	172484	6.8 Mbp	6800000	0	40	43	PASS	PASS	FAIL	PASS	WARN	WARN	PASS	PASS	PASS	PASS	PASS
POU3F2_TGIF2LX_3_YVII_TTGTCC40NTAG	/scratch/project_2013895/SELEX/data/Xie2025/submitted_ftp/POU3F2_TGIF2LX_3_YVII_TTGTCC40NTAG.fastq.gz	signal	189421	7.5 Mbp	7500000	0	40	51	PASS	PASS	FAIL	PASS	WARN	PASS	PASS	PASS	PASS	PASS	PASS
POU3F4_FLI1_3_YYIII_TCCGTA40NGCC	/scratch/project_2013895/SELEX/data/Xie2025/submitted_ftp/POU3F4_FLI1_3_YYIII_TCCGTA40NGCC.fastq.gz	signal	233838	9.3 Mbp	9300000	0	40	50	PASS	PASS	PASS	PASS	WARN	PASS	PASS	PASS	PASS	PASS	PASS
POU3F4_FOXA1_3_YWII_TCCGTA40NGCC	/scratch/project_2013895/SELEX/data/Xie2025/submitted_ftp/POU3F4_FOXA1_3_YWII_TCCGTA40NGCC.fastq.gz	signal	254680	10.1 Mbp	10100000	0	40	44	PASS	PASS	WARN	PASS	WARN	FAIL	PASS	PASS	PASS	PASS	PASS
POU3F4_TBX21_3_YYI_TCCCAA40NGAA	/scratch/project_2013895/SELEX/data/Xie2025/submitted_ftp/POU3F4_TBX21_3_YYI_TCCCAA40NGAA.fastq.gz	signal	256187	10.2 Mbp	10200000	0	40	43	PASS	PASS	FAIL	PASS	FAIL	PASS	PASS	PASS	WARN	PASS	PASS
POU4F1_FOXD2_3_YWI_TAACGC40NGTG	/scratch/project_2013895/SELEX/data/Xie2025/submitted_ftp/POU4F1_FOXD2_3_YWI_TAACGC40NGTG.fastq.gz	signal	293234	11.7 Mbp	11700000	0	40	38	PASS	PASS	FAIL	PASS	FAIL	PASS	PASS	PASS	PASS	PASS	PASS
POU4F1_ONECUT2_3_YXIII_TCGAAC40NGAT	/scratch/project_2013895/SELEX/data/Xie2025/submitted_ftp/POU4F1_ONECUT2_3_YXIII_TCGAAC40NGAT.fastq.gz	signal	290224	11.6 Mbp	11600000	0	40	46	PASS	PASS	FAIL	PASS	FAIL	PASS	WARN	PASS	PASS	PASS	PASS
POU4F1_SOX11_3_YUIII_TCGAAC40NGAT	/scratch/project_2013895/SELEX/data/Xie2025/submitted_ftp/POU4F1_SOX11_3_YUIII_TCGAAC40NGAT.fastq.gz	signal	212991	8.5 Mbp	8500000	0	40	43	PASS	PASS	PASS	PASS	FAIL	WARN	PASS	PASS	PASS	PASS	PASS
POU4F1_TBX21_3_YYI_TAACGC40NGTG	/scratch/project_2013895/SELEX/data/Xie2025/submitted_ftp/POU4F1_TBX21_3_YYI_TAACGC40NGTG.fastq.gz	signal	248228	9.9 Mbp	9900000	0	40	42	PASS	PASS	FAIL	PASS	FAIL	PASS	PASS	PASS	PASS	WARN	PASS
POU4F1_TEAD4_3_YJII_TCGAAC40NGAT	/scratch/project_2013895/SELEX/data/Xie2025/submitted_ftp/POU4F1_TEAD4_3_YJII_TCGAAC40NGAT.fastq.gz	signal	260200	10.4 Mbp	10400000	0	40	45	PASS	PASS	FAIL	PASS	WARN	PASS	PASS	PASS	PASS	WARN	PASS
POU4F1_TGIF2LX_3_YVII_TAACGC40NGTG	/scratch/project_2013895/SELEX/data/Xie2025/submitted_ftp/POU4F1_TGIF2LX_3_YVII_TAACGC40NGTG.fastq.gz	signal	285552	11.4 Mbp	11400000	0	40	44	PASS	PASS	FAIL	PASS	WARN	WARN	PASS	PASS	PASS	WARN	PASS
POU4F2_FOXD2_3_YWI_TCTTGC40NTTC	/scratch/project_2013895/SELEX/data/Xie2025/submitted_ftp/POU4F2_FOXD2_3_YWI_TCTTGC40NTTC.fastq.gz	signal	241125	9.6 Mbp	9600000	0	40	38	PASS	PASS	FAIL	PASS	FAIL	PASS	PASS	PASS	PASS	PASS	PASS
POU4F2_ONECUT2_3_YXIII_TATGGT40NATA	/scratch/project_2013895/SELEX/data/Xie2025/submitted_ftp/POU4F2_ONECUT2_3_YXIII_TATGGT40NATA.fastq.gz	signal	229443	9.1 Mbp	9100000	0	40	46	PASS	PASS	FAIL	PASS	FAIL	PASS	WARN	PASS	PASS	PASS	PASS
POU4F2_PAX2_3_YZII_TATGGT40NATA	/scratch/project_2013895/SELEX/data/Xie2025/submitted_ftp/POU4F2_PAX2_3_YZII_TATGGT40NATA.fastq.gz	signal	205413	8.2 Mbp	8199999.999999999	0	40	49	PASS	PASS	WARN	PASS	FAIL	PASS	PASS	PASS	WARN	PASS	PASS
POU4F2_SOX11_3_YUIII_TATGGT40NATA	/scratch/project_2013895/SELEX/data/Xie2025/submitted_ftp/POU4F2_SOX11_3_YUIII_TATGGT40NATA.fastq.gz	signal	181869	7.2 Mbp	7200000	0	40	43	PASS	PASS	PASS	PASS	FAIL	WARN	PASS	PASS	PASS	PASS	PASS
POU4F2_TGIF2LX_3_YVII_TCTTGC40NTTC	/scratch/project_2013895/SELEX/data/Xie2025/submitted_ftp/POU4F2_TGIF2LX_3_YVII_TCTTGC40NTTC.fastq.gz	signal	232336	9.2 Mbp	9200000	0	40	46	PASS	PASS	FAIL	PASS	FAIL	PASS	PASS	PASS	PASS	PASS	PASS
POU4F3_CREM_3_YLIII_TAAGTT40NGAT	/scratch/project_2013895/SELEX/data/Xie2025/submitted_ftp/POU4F3_CREM_3_YLIII_TAAGTT40NGAT.fastq.gz	signal	NA	NA	NA	NA	NA	NA	NA	NA	NA	NA	NA	NA	NA	NA	NA	NA	NA
POU4F3_FOXD2_3_YWI_TAAGTT40NGAT	/scratch/project_2013895/SELEX/data/Xie2025/submitted_ftp/POU4F3_FOXD2_3_YWI_TAAGTT40NGAT.fastq.gz	signal	233423	9.3 Mbp	9300000	0	40	38	PASS	PASS	FAIL	PASS	WARN	WARN	PASS	PASS	PASS	PASS	PASS
POU4F3_SOX11_3_YUIII_TACCAT40NGCG	/scratch/project_2013895/SELEX/data/Xie2025/submitted_ftp/POU4F3_SOX11_3_YUIII_TACCAT40NGCG.fastq.gz	signal	189980	7.5 Mbp	7500000	0	40	42	PASS	PASS	PASS	PASS	WARN	WARN	PASS	PASS	PASS	PASS	PASS
POU4F3_TBX21_3_YYI_TAAGTT40NGAT	/scratch/project_2013895/SELEX/data/Xie2025/submitted_ftp/POU4F3_TBX21_3_YYI_TAAGTT40NGAT.fastq.gz	signal	226705	9 Mbp	9000000	0	40	42	PASS	PASS	FAIL	PASS	FAIL	PASS	PASS	PASS	PASS	PASS	PASS
POU4F3_TGIF2LX_3_YVII_TAAGTT40NGAT	/scratch/project_2013895/SELEX/data/Xie2025/submitted_ftp/POU4F3_TGIF2LX_3_YVII_TAAGTT40NGAT.fastq.gz	signal	259992	10.3 Mbp	10300000	0	40	47	PASS	PASS	FAIL	PASS	WARN	WARN	PASS	PASS	PASS	FAIL	PASS
PRDM1_FOXD2_3_YWI_TGCGAG40NTTC	/scratch/project_2013895/SELEX/data/Xie2025/submitted_ftp/PRDM1_FOXD2_3_YWI_TGCGAG40NTTC.fastq.gz	signal	252834	10.1 Mbp	10100000	0	40	44	PASS	PASS	FAIL	PASS	WARN	FAIL	PASS	PASS	PASS	PASS	PASS
PROP1_FLI1_3_YYIII_TCCCTT40NCTCC	/scratch/project_2013895/SELEX/data/Xie2025/submitted_ftp/PROP1_FLI1_3_YYIII_TCCCTT40NCTCC.fastq.gz	signal	274130	10.9 Mbp	10900000	0	40	46	PASS	PASS	PASS	PASS	FAIL	PASS	PASS	PASS	PASS	WARN	PASS
PROP1_PAX2_3_YZII_TCCCTT40NCTCC	/scratch/project_2013895/SELEX/data/Xie2025/submitted_ftp/PROP1_PAX2_3_YZII_TCCCTT40NCTCC.fastq.gz	signal	219068	8.7 Mbp	8700000	0	40	48	PASS	PASS	WARN	PASS	FAIL	PASS	PASS	PASS	PASS	PASS	PASS
PROP1_TBX21_3_YYI_TGTAGC40NCCT	/scratch/project_2013895/SELEX/data/Xie2025/submitted_ftp/PROP1_TBX21_3_YYI_TGTAGC40NCCT.fastq.gz	signal	227602	9.1 Mbp	9100000	0	40	43	PASS	PASS	FAIL	PASS	FAIL	PASS	PASS	PASS	WARN	PASS	PASS
PROX1_HOXA2_3_YJI_TCATAA40NAGC	/scratch/project_2013895/SELEX/data/Xie2025/submitted_ftp/PROX1_HOXA2_3_YJI_TCATAA40NAGC.fastq.gz	signal	173419	6.9 Mbp	6900000	0	40	41	PASS	PASS	FAIL	PASS	FAIL	PASS	PASS	PASS	PASS	PASS	PASS
PROX1_HOXB2_3_YUI_TCATAA40NAGC	/scratch/project_2013895/SELEX/data/Xie2025/submitted_ftp/PROX1_HOXB2_3_YUI_TCATAA40NAGC.fastq.gz	signal	165380	6.6 Mbp	6600000	0	40	46	PASS	PASS	FAIL	PASS	WARN	PASS	PASS	PASS	WARN	WARN	PASS
PROX2_HOXA2_3_YJI_TAACCT40NCGG	/scratch/project_2013895/SELEX/data/Xie2025/submitted_ftp/PROX2_HOXA2_3_YJI_TAACCT40NCGG.fastq.gz	signal	163394	6.5 Mbp	6500000	0	40	39	PASS	PASS	FAIL	PASS	WARN	PASS	PASS	PASS	WARN	PASS	PASS
PROX2_HOXB2_3_YUI_TAACCT40NCGG	/scratch/project_2013895/SELEX/data/Xie2025/submitted_ftp/PROX2_HOXB2_3_YUI_TAACCT40NCGG.fastq.gz	signal	180767	7.2 Mbp	7200000	0	40	41	PASS	PASS	FAIL	PASS	WARN	WARN	PASS	PASS	WARN	PASS	PASS
PROX2_MAFK_3_YPIIII_TAACCT40NCGG	/scratch/project_2013895/SELEX/data/Xie2025/submitted_ftp/PROX2_MAFK_3_YPIIII_TAACCT40NCGG.fastq.gz	signal	208271	8.3 Mbp	8300000.000000001	0	40	52	PASS	PASS	FAIL	PASS	PASS	PASS	PASS	PASS	PASS	PASS	PASS
PRRX1_ELF1_3_YADIIII_TACATC40NCAAG	/scratch/project_2013895/SELEX/data/Xie2025/submitted_ftp/PRRX1_ELF1_3_YADIIII_TACATC40NCAAG.fastq.gz	signal	316592	12.6 Mbp	12600000	0	40	46	PASS	PASS	PASS	PASS	WARN	PASS	PASS	PASS	PASS	PASS	PASS
PRRX1_FLI1_3_YYIII_TACATC40NCAAG	/scratch/project_2013895/SELEX/data/Xie2025/submitted_ftp/PRRX1_FLI1_3_YYIII_TACATC40NCAAG.fastq.gz	signal	299301	11.9 Mbp	11900000	0	40	48	PASS	PASS	PASS	PASS	FAIL	PASS	PASS	PASS	PASS	WARN	PASS
PRRX1_NFKB2_3_YADI_TACATC40NCAAG	/scratch/project_2013895/SELEX/data/Xie2025/submitted_ftp/PRRX1_NFKB2_3_YADI_TACATC40NCAAG.fastq.gz	signal	268778	10.7 Mbp	10700000	0	40	50	PASS	PASS	PASS	PASS	WARN	PASS	PASS	PASS	WARN	PASS	PASS
PRRX1_TBX21_3_YYI_TACTGA40NACC	/scratch/project_2013895/SELEX/data/Xie2025/submitted_ftp/PRRX1_TBX21_3_YYI_TACTGA40NACC.fastq.gz	signal	240231	9.6 Mbp	9600000	0	40	43	PASS	PASS	FAIL	PASS	FAIL	PASS	PASS	PASS	PASS	PASS	PASS
PRRX1_TEAD4_3_YJII_TACATC40NCAAG	/scratch/project_2013895/SELEX/data/Xie2025/submitted_ftp/PRRX1_TEAD4_3_YJII_TACATC40NCAAG.fastq.gz	signal	238236	9.5 Mbp	9500000	0	40	40	PASS	PASS	FAIL	PASS	WARN	PASS	PASS	PASS	PASS	PASS	PASS
PTF1A_NKX6-1_3_YVIII_TCTGCC40NCAC	/scratch/project_2013895/SELEX/data/Xie2025/submitted_ftp/PTF1A_NKX6-1_3_YVIII_TCTGCC40NCAC.fastq.gz	signal	282597	11.3 Mbp	11300000	0	40	48	PASS	PASS	FAIL	PASS	WARN	PASS	PASS	PASS	WARN	PASS	PASS
RAX_TGIF2LX_3_YVII_TGCATA40NTCA	/scratch/project_2013895/SELEX/data/Xie2025/submitted_ftp/RAX_TGIF2LX_3_YVII_TGCATA40NTCA.fastq.gz	signal	276854	11 Mbp	11000000	0	40	51	PASS	PASS	FAIL	PASS	FAIL	PASS	PASS	PASS	PASS	PASS	PASS
RFX5_CREM_3_YLIII_TCCCTT40NCAT	/scratch/project_2013895/SELEX/data/Xie2025/submitted_ftp/RFX5_CREM_3_YLIII_TCCCTT40NCAT.fastq.gz	signal	NA	NA	NA	NA	NA	NA	NA	NA	NA	NA	NA	NA	NA	NA	NA	NA	NA
RFX5_HOXA2_3_YJI_TCCCTT40NCAT	/scratch/project_2013895/SELEX/data/Xie2025/submitted_ftp/RFX5_HOXA2_3_YJI_TCCCTT40NCAT.fastq.gz	signal	202309	8 Mbp	8000000	0	40	43	PASS	PASS	FAIL	PASS	FAIL	PASS	PASS	PASS	PASS	PASS	PASS
RFX5_OTP_3_YPIII_TTGCAT40NTGG	/scratch/project_2013895/SELEX/data/Xie2025/submitted_ftp/RFX5_OTP_3_YPIII_TTGCAT40NTGG.fastq.gz	signal	239714	9.5 Mbp	9500000	0	40	46	PASS	PASS	WARN	PASS	WARN	WARN	PASS	PASS	PASS	PASS	PASS
RFX5_TBX6_3_YAAII_TCCCTT40NCAT	/scratch/project_2013895/SELEX/data/Xie2025/submitted_ftp/RFX5_TBX6_3_YAAII_TCCCTT40NCAT.fastq.gz	signal	251982	10 Mbp	10000000	0	40	51	PASS	PASS	WARN	PASS	WARN	PASS	PASS	PASS	PASS	WARN	PASS
RFX5_TCF3_3_YIII_TCCCTT40NCAT	/scratch/project_2013895/SELEX/data/Xie2025/submitted_ftp/RFX5_TCF3_3_YIII_TCCCTT40NCAT.fastq.gz	signal	180849	7.2 Mbp	7200000	0	40	52	PASS	PASS	PASS	PASS	WARN	PASS	PASS	PASS	PASS	WARN	PASS
RUNX3_FOXD2_3_YWI_TCATGT40NCTG	/scratch/project_2013895/SELEX/data/Xie2025/submitted_ftp/RUNX3_FOXD2_3_YWI_TCATGT40NCTG.fastq.gz	signal	240527	9.6 Mbp	9600000	0	40	39	PASS	PASS	FAIL	PASS	FAIL	FAIL	PASS	PASS	WARN	FAIL	PASS
RUNX3_TBX6_3_YAAII_TCATGT40NCTG	/scratch/project_2013895/SELEX/data/Xie2025/submitted_ftp/RUNX3_TBX6_3_YAAII_TCATGT40NCTG.fastq.gz	signal	280075	11.2 Mbp	11200000	0	40	49	PASS	PASS	WARN	PASS	WARN	PASS	PASS	PASS	WARN	PASS	PASS
SCRT2_FLI1_3_YYIII_TCTTTA40NTAGC	/scratch/project_2013895/SELEX/data/Xie2025/submitted_ftp/SCRT2_FLI1_3_YYIII_TCTTTA40NTAGC.fastq.gz	signal	247244	9.8 Mbp	9800000	0	40	53	PASS	PASS	PASS	PASS	WARN	PASS	PASS	PASS	PASS	FAIL	PASS
SCRT2_TEAD4_3_YJII_TCTTTA40NTAGC	/scratch/project_2013895/SELEX/data/Xie2025/submitted_ftp/SCRT2_TEAD4_3_YJII_TCTTTA40NTAGC.fastq.gz	signal	220774	8.8 Mbp	8800000	0	40	45	PASS	PASS	FAIL	PASS	FAIL	PASS	PASS	PASS	PASS	PASS	PASS
SHOX_FLI1_3_YYIII_TGGTCG40NTCGG	/scratch/project_2013895/SELEX/data/Xie2025/submitted_ftp/SHOX_FLI1_3_YYIII_TGGTCG40NTCGG.fastq.gz	signal	287944	11.5 Mbp	11500000	0	40	45	PASS	PASS	PASS	PASS	WARN	PASS	PASS	PASS	PASS	PASS	PASS
SHOX_MEF2D_3_YAEII_TGGTCG40NTCGG	/scratch/project_2013895/SELEX/data/Xie2025/submitted_ftp/SHOX_MEF2D_3_YAEII_TGGTCG40NTCGG.fastq.gz	signal	319217	12.7 Mbp	12700000	0	40	36	PASS	PASS	WARN	PASS	WARN	FAIL	PASS	PASS	WARN	PASS	PASS
SHOX_TBX4_3_YWII_TCCAAG40NAAC	/scratch/project_2013895/SELEX/data/Xie2025/submitted_ftp/SHOX_TBX4_3_YWII_TCCAAG40NAAC.fastq.gz	signal	269486	10.7 Mbp	10700000	0	40	46	PASS	PASS	WARN	PASS	WARN	WARN	PASS	PASS	WARN	WARN	PASS
SHOX_TEAD4_3_YJII_TGGTCG40NTCGG	/scratch/project_2013895/SELEX/data/Xie2025/submitted_ftp/SHOX_TEAD4_3_YJII_TGGTCG40NTCGG.fastq.gz	signal	224521	8.9 Mbp	8900000	0	40	41	PASS	PASS	FAIL	PASS	WARN	PASS	PASS	PASS	PASS	PASS	PASS
SHOX_TGIF2LX_3_YVII_TCCAAG40NAAC	/scratch/project_2013895/SELEX/data/Xie2025/submitted_ftp/SHOX_TGIF2LX_3_YVII_TCCAAG40NAAC.fastq.gz	signal	264045	10.5 Mbp	10500000	0	40	49	PASS	PASS	FAIL	PASS	WARN	WARN	PASS	PASS	WARN	WARN	PASS
SIX4_FLI1_3_YYIII_TCCGAG40NAGCG	/scratch/project_2013895/SELEX/data/Xie2025/submitted_ftp/SIX4_FLI1_3_YYIII_TCCGAG40NAGCG.fastq.gz	signal	293945	11.7 Mbp	11700000	0	40	51	PASS	PASS	PASS	PASS	WARN	PASS	PASS	PASS	PASS	PASS	PASS
SOHLH2_FLI1_3_YYIII_TGGTCG40NTAA	/scratch/project_2013895/SELEX/data/Xie2025/submitted_ftp/SOHLH2_FLI1_3_YYIII_TGGTCG40NTAA.fastq.gz	signal	184386	7.3 Mbp	7300000	0	40	55	PASS	PASS	PASS	PASS	WARN	PASS	PASS	PASS	PASS	PASS	PASS
SOX11_TBX4_3_YWII_TGCCAG40NATA	/scratch/project_2013895/SELEX/data/Xie2025/submitted_ftp/SOX11_TBX4_3_YWII_TGCCAG40NATA.fastq.gz	signal	183409	7.3 Mbp	7300000	0	40	53	PASS	PASS	WARN	PASS	FAIL	PASS	PASS	PASS	PASS	PASS	PASS
SOX14_TBX4_3_YWII_TGGTGC40NTAG	/scratch/project_2013895/SELEX/data/Xie2025/submitted_ftp/SOX14_TBX4_3_YWII_TGGTGC40NTAG.fastq.gz	signal	283161	11.3 Mbp	11300000	0	40	51	PASS	PASS	WARN	PASS	PASS	PASS	PASS	PASS	WARN	WARN	PASS
SOX30_TBX4_3_YWII_TACCCA40NTGT	/scratch/project_2013895/SELEX/data/Xie2025/submitted_ftp/SOX30_TBX4_3_YWII_TACCCA40NTGT.fastq.gz	signal	215895	8.6 Mbp	8600000	0	40	54	PASS	PASS	WARN	PASS	FAIL	PASS	PASS	PASS	FAIL	WARN	PASS
SOX3_TBX4_3_YWII_TCAGTA40NACC	/scratch/project_2013895/SELEX/data/Xie2025/submitted_ftp/SOX3_TBX4_3_YWII_TCAGTA40NACC.fastq.gz	signal	211193	8.4 Mbp	8400000	0	40	51	PASS	PASS	WARN	PASS	WARN	PASS	PASS	PASS	PASS	PASS	PASS
SOX9_TBX21_3_YYI_TGCCCG40NCTG	/scratch/project_2013895/SELEX/data/Xie2025/submitted_ftp/SOX9_TBX21_3_YYI_TGCCCG40NCTG.fastq.gz	signal	221917	8.8 Mbp	8800000	0	40	51	PASS	PASS	FAIL	PASS	FAIL	WARN	PASS	PASS	FAIL	FAIL	PASS
SOX9_TBX6_3_YAAII_TGCCCG40NCTG	/scratch/project_2013895/SELEX/data/Xie2025/submitted_ftp/SOX9_TBX6_3_YAAII_TGCCCG40NCTG.fastq.gz	signal	260638	10.4 Mbp	10400000	0	40	54	PASS	PASS	WARN	PASS	FAIL	PASS	PASS	PASS	WARN	WARN	PASS
SPIB_FOXD2_3_YWI_TTAGTG40NACC	/scratch/project_2013895/SELEX/data/Xie2025/submitted_ftp/SPIB_FOXD2_3_YWI_TTAGTG40NACC.fastq.gz	signal	236941	9.4 Mbp	9400000	0	40	48	PASS	PASS	FAIL	PASS	FAIL	WARN	PASS	PASS	PASS	PASS	PASS
SPIB_HOXC10_3_YAEIII_TGGCTA40NTGCG	/scratch/project_2013895/SELEX/data/Xie2025/submitted_ftp/SPIB_HOXC10_3_YAEIII_TGGCTA40NTGCG.fastq.gz	signal	254156	10.1 Mbp	10100000	0	40	45	PASS	PASS	PASS	PASS	WARN	PASS	PASS	PASS	PASS	PASS	PASS
SPIB_TBX21_3_YYI_TTAGTG40NACC	/scratch/project_2013895/SELEX/data/Xie2025/submitted_ftp/SPIB_TBX21_3_YYI_TTAGTG40NACC.fastq.gz	signal	233338	9.3 Mbp	9300000	0	40	55	PASS	PASS	FAIL	PASS	FAIL	PASS	PASS	PASS	PASS	PASS	PASS
SPIB_TBX4_3_YWII_TTAGTG40NACC	/scratch/project_2013895/SELEX/data/Xie2025/submitted_ftp/SPIB_TBX4_3_YWII_TTAGTG40NACC.fastq.gz	signal	235645	9.4 Mbp	9400000	0	40	57	PASS	PASS	WARN	PASS	FAIL	PASS	PASS	PASS	PASS	PASS	PASS
SPIB_TEAD4_3_YJII_TGGCTA40NTGCG	/scratch/project_2013895/SELEX/data/Xie2025/submitted_ftp/SPIB_TEAD4_3_YJII_TGGCTA40NTGCG.fastq.gz	signal	159760	6.3 Mbp	6300000	0	40	44	PASS	PASS	FAIL	PASS	WARN	PASS	PASS	PASS	WARN	PASS	PASS
SREBF2_FLI1_3_YYIII_TTCAGT40NTTTC	/scratch/project_2013895/SELEX/data/Xie2025/submitted_ftp/SREBF2_FLI1_3_YYIII_TTCAGT40NTTTC.fastq.gz	signal	196438	7.8 Mbp	7800000	0	40	52	PASS	PASS	PASS	PASS	WARN	PASS	PASS	PASS	PASS	PASS	PASS
SRF_FOXA1_3_YWII_TTCGAG40NCATT	/scratch/project_2013895/SELEX/data/Xie2025/submitted_ftp/SRF_FOXA1_3_YWII_TTCGAG40NCATT.fastq.gz	signal	296693	11.8 Mbp	11800000	0	40	49	PASS	PASS	WARN	PASS	WARN	PASS	PASS	PASS	PASS	PASS	PASS
SRF_TBX21_3_YYI_TAGGAC40NACA	/scratch/project_2013895/SELEX/data/Xie2025/submitted_ftp/SRF_TBX21_3_YYI_TAGGAC40NACA.fastq.gz	signal	184870	7.3 Mbp	7300000	0	40	53	PASS	PASS	FAIL	PASS	FAIL	PASS	PASS	PASS	PASS	PASS	PASS
TBX20_HOXA2_3_YJI_TAACCA40NGGT	/scratch/project_2013895/SELEX/data/Xie2025/submitted_ftp/TBX20_HOXA2_3_YJI_TAACCA40NGGT.fastq.gz	signal	183532	7.3 Mbp	7300000	0	40	36	PASS	PASS	FAIL	PASS	WARN	WARN	PASS	PASS	FAIL	WARN	PASS
TBX20_NKX6-1_3_YVIII_TGTTCG40NGAC	/scratch/project_2013895/SELEX/data/Xie2025/submitted_ftp/TBX20_NKX6-1_3_YVIII_TGTTCG40NGAC.fastq.gz	signal	213815	8.5 Mbp	8500000	0	40	43	PASS	PASS	WARN	PASS	WARN	WARN	PASS	PASS	FAIL	WARN	PASS
TBX21_HOXA2_3_YJI_TACCTG40NACG	/scratch/project_2013895/SELEX/data/Xie2025/submitted_ftp/TBX21_HOXA2_3_YJI_TACCTG40NACG.fastq.gz	signal	185841	7.4 Mbp	7400000	0	40	46	PASS	PASS	FAIL	PASS	FAIL	PASS	PASS	PASS	WARN	PASS	PASS
TBX21_HOXB2_3_YUI_TACCTG40NACG	/scratch/project_2013895/SELEX/data/Xie2025/submitted_ftp/TBX21_HOXB2_3_YUI_TACCTG40NACG.fastq.gz	signal	168982	6.7 Mbp	6700000	0	40	42	PASS	PASS	FAIL	PASS	FAIL	WARN	PASS	PASS	WARN	WARN	PASS
TBX21_OTP_3_YPIII_TTTAAG40NAGC	/scratch/project_2013895/SELEX/data/Xie2025/submitted_ftp/TBX21_OTP_3_YPIII_TTTAAG40NAGC.fastq.gz	signal	208471	8.3 Mbp	8300000.000000001	0	40	45	PASS	PASS	WARN	PASS	WARN	PASS	PASS	PASS	PASS	PASS	PASS
TBX21_RUNX2_3_YII_TTTAAG40NAGC	/scratch/project_2013895/SELEX/data/Xie2025/submitted_ftp/TBX21_RUNX2_3_YII_TTTAAG40NAGC.fastq.gz	signal	224904	8.9 Mbp	8900000	0	40	50	PASS	PASS	PASS	PASS	FAIL	PASS	PASS	PASS	WARN	WARN	PASS
TBX21_TEAD4_3_YJII_TTTAAG40NAGC	/scratch/project_2013895/SELEX/data/Xie2025/submitted_ftp/TBX21_TEAD4_3_YJII_TTTAAG40NAGC.fastq.gz	signal	211988	8.4 Mbp	8400000	0	40	47	PASS	PASS	FAIL	PASS	FAIL	PASS	PASS	PASS	PASS	PASS	PASS
TBX2_HOXB2_3_YUI_TTACTA40NAGG	/scratch/project_2013895/SELEX/data/Xie2025/submitted_ftp/TBX2_HOXB2_3_YUI_TTACTA40NAGG.fastq.gz	signal	163710	6.5 Mbp	6500000	0	40	45	PASS	PASS	FAIL	PASS	FAIL	WARN	PASS	PASS	FAIL	WARN	PASS
TBX3_FLI1_3_YYIII_TAACAT40NATG	/scratch/project_2013895/SELEX/data/Xie2025/submitted_ftp/TBX3_FLI1_3_YYIII_TAACAT40NATG.fastq.gz	signal	294544	11.7 Mbp	11700000	0	40	57	PASS	PASS	PASS	PASS	FAIL	PASS	PASS	PASS	PASS	PASS	PASS
TBX3_GABPA_3_YYIIII_TCACGA40NTTA	/scratch/project_2013895/SELEX/data/Xie2025/submitted_ftp/TBX3_GABPA_3_YYIIII_TCACGA40NTTA.fastq.gz	signal	230701	9.2 Mbp	9200000	0	40	51	PASS	PASS	FAIL	PASS	WARN	PASS	PASS	PASS	PASS	PASS	PASS
TBX3_HOXA2_3_YJI_TCACGA40NTTA	/scratch/project_2013895/SELEX/data/Xie2025/submitted_ftp/TBX3_HOXA2_3_YJI_TCACGA40NTTA.fastq.gz	signal	202153	8 Mbp	8000000	0	40	48	PASS	PASS	FAIL	PASS	WARN	PASS	PASS	PASS	PASS	WARN	PASS
TBX3_IRF7_3_YAEIIII_TAACAT40NATG	/scratch/project_2013895/SELEX/data/Xie2025/submitted_ftp/TBX3_IRF7_3_YAEIIII_TAACAT40NATG.fastq.gz	signal	299176	11.9 Mbp	11900000	0	40	52	PASS	PASS	FAIL	PASS	WARN	PASS	PASS	PASS	WARN	PASS	PASS
TBX3_TEAD4_3_YJII_TAACAT40NATG	/scratch/project_2013895/SELEX/data/Xie2025/submitted_ftp/TBX3_TEAD4_3_YJII_TAACAT40NATG.fastq.gz	signal	233224	9.3 Mbp	9300000	0	40	48	PASS	PASS	FAIL	PASS	FAIL	PASS	PASS	PASS	WARN	WARN	PASS
TBX4_EVX2_3_YZIIII_TGCAGG40NTCG	/scratch/project_2013895/SELEX/data/Xie2025/submitted_ftp/TBX4_EVX2_3_YZIIII_TGCAGG40NTCG.fastq.gz	signal	220380	8.8 Mbp	8800000	0	40	44	PASS	PASS	FAIL	PASS	FAIL	PASS	PASS	PASS	FAIL	PASS	PASS
TBX4_HOXA2_3_YJI_TTAGAT40NGTG	/scratch/project_2013895/SELEX/data/Xie2025/submitted_ftp/TBX4_HOXA2_3_YJI_TTAGAT40NGTG.fastq.gz	signal	145296	5.8 Mbp	5800000	0	40	45	PASS	PASS	FAIL	PASS	WARN	PASS	PASS	PASS	PASS	PASS	PASS
TBX4_IRF8_3_YQIIII_TGCAGG40NTCG	/scratch/project_2013895/SELEX/data/Xie2025/submitted_ftp/TBX4_IRF8_3_YQIIII_TGCAGG40NTCG.fastq.gz	signal	174539	6.9 Mbp	6900000	0	40	51	PASS	PASS	FAIL	PASS	FAIL	PASS	PASS	PASS	WARN	WARN	PASS
TBX4_OTP_3_YPIII_TGCAGG40NTCG	/scratch/project_2013895/SELEX/data/Xie2025/submitted_ftp/TBX4_OTP_3_YPIII_TGCAGG40NTCG.fastq.gz	signal	199327	7.9 Mbp	7900000	0	40	48	PASS	PASS	WARN	PASS	FAIL	PASS	PASS	PASS	FAIL	WARN	PASS
TCF12_FLI1_3_YYIII_TGAACA40NTACT	/scratch/project_2013895/SELEX/data/Xie2025/submitted_ftp/TCF12_FLI1_3_YYIII_TGAACA40NTACT.fastq.gz	signal	275190	11 Mbp	11000000	0	40	53	PASS	PASS	PASS	PASS	FAIL	PASS	PASS	PASS	PASS	PASS	PASS
TCF12_FOXA1_3_YWII_TGAACA40NTACT	/scratch/project_2013895/SELEX/data/Xie2025/submitted_ftp/TCF12_FOXA1_3_YWII_TGAACA40NTACT.fastq.gz	signal	262263	10.4 Mbp	10400000	0	40	49	PASS	PASS	WARN	PASS	FAIL	PASS	PASS	PASS	PASS	WARN	PASS
TCF12_FOXD2_3_YWI_TGGTCC40NTTC	/scratch/project_2013895/SELEX/data/Xie2025/submitted_ftp/TCF12_FOXD2_3_YWI_TGGTCC40NTTC.fastq.gz	signal	216616	8.6 Mbp	8600000	0	40	49	PASS	PASS	FAIL	PASS	FAIL	WARN	PASS	PASS	PASS	PASS	PASS
TCF12_FOXD3_3_YWIIII_TGGTCC40NTTC	/scratch/project_2013895/SELEX/data/Xie2025/submitted_ftp/TCF12_FOXD3_3_YWIIII_TGGTCC40NTTC.fastq.gz	signal	213595	8.5 Mbp	8500000	0	40	56	PASS	PASS	PASS	PASS	FAIL	PASS	PASS	PASS	PASS	PASS	PASS
TCF12_NEUROG2_3_YVII_TGAACA40NTACT	/scratch/project_2013895/SELEX/data/Xie2025/submitted_ftp/TCF12_NEUROG2_3_YVII_TGAACA40NTACT.fastq.gz	signal	259331	10.3 Mbp	10300000	0	40	51	PASS	PASS	FAIL	PASS	FAIL	PASS	PASS	PASS	FAIL	WARN	PASS
TCF15_TBX21_3_YYI_TCTCTG40NGAA	/scratch/project_2013895/SELEX/data/Xie2025/submitted_ftp/TCF15_TBX21_3_YYI_TCTCTG40NGAA.fastq.gz	signal	208614	8.3 Mbp	8300000.000000001	0	40	48	PASS	PASS	FAIL	PASS	FAIL	PASS	PASS	PASS	FAIL	WARN	PASS
TCF4_FLI1_3_YYIII_TTTCAC40NGTG	/scratch/project_2013895/SELEX/data/Xie2025/submitted_ftp/TCF4_FLI1_3_YYIII_TTTCAC40NGTG.fastq.gz	signal	242733	9.7 Mbp	9700000	0	40	57	PASS	PASS	PASS	PASS	FAIL	PASS	PASS	PASS	PASS	PASS	PASS
TCF4_FOXA1_3_YWII_TTTCAC40NGTG	/scratch/project_2013895/SELEX/data/Xie2025/submitted_ftp/TCF4_FOXA1_3_YWII_TTTCAC40NGTG.fastq.gz	signal	250875	10 Mbp	10000000	0	40	55	PASS	PASS	WARN	PASS	FAIL	PASS	PASS	PASS	PASS	PASS	PASS
TCF4_FOXD2_3_YWI_TAAGAT40NATG	/scratch/project_2013895/SELEX/data/Xie2025/submitted_ftp/TCF4_FOXD2_3_YWI_TAAGAT40NATG.fastq.gz	signal	216434	8.6 Mbp	8600000	0	40	46	PASS	PASS	FAIL	PASS	FAIL	PASS	PASS	PASS	PASS	PASS	PASS
TCF4_FOXD3_3_YWIIII_TAAGAT40NATG	/scratch/project_2013895/SELEX/data/Xie2025/submitted_ftp/TCF4_FOXD3_3_YWIIII_TAAGAT40NATG.fastq.gz	signal	204552	8.1 Mbp	8100000	0	40	48	PASS	PASS	PASS	PASS	FAIL	PASS	PASS	PASS	PASS	PASS	PASS
TCF4_NEUROG1_3_YAEII_TAAGAT40NATG	/scratch/project_2013895/SELEX/data/Xie2025/submitted_ftp/TCF4_NEUROG1_3_YAEII_TAAGAT40NATG.fastq.gz	signal	288045	11.5 Mbp	11500000	0	40	51	PASS	PASS	WARN	PASS	WARN	PASS	PASS	PASS	PASS	PASS	PASS
TCF4_NEUROG2_3_YVII_TTTCAC40NGTG	/scratch/project_2013895/SELEX/data/Xie2025/submitted_ftp/TCF4_NEUROG2_3_YVII_TTTCAC40NGTG.fastq.gz	signal	256378	10.2 Mbp	10200000	0	40	55	PASS	PASS	FAIL	PASS	FAIL	PASS	PASS	PASS	WARN	PASS	PASS
TCF7_FOXD2_3_YWI_TCGGGT40NAAG	/scratch/project_2013895/SELEX/data/Xie2025/submitted_ftp/TCF7_FOXD2_3_YWI_TCGGGT40NAAG.fastq.gz	signal	177391	7 Mbp	7000000	0	40	43	PASS	PASS	FAIL	PASS	FAIL	WARN	PASS	PASS	WARN	PASS	PASS
TCF7_PAX2_3_YZII_TGAAGA40NACAG	/scratch/project_2013895/SELEX/data/Xie2025/submitted_ftp/TCF7_PAX2_3_YZII_TGAAGA40NACAG.fastq.gz	signal	258885	10.3 Mbp	10300000	0	40	53	PASS	PASS	WARN	PASS	WARN	PASS	PASS	PASS	WARN	PASS	PASS
TFAP2C_TBX21_3_YYI_TCTTTA40NGGA	/scratch/project_2013895/SELEX/data/Xie2025/submitted_ftp/TFAP2C_TBX21_3_YYI_TCTTTA40NGGA.fastq.gz	signal	239144	9.5 Mbp	9500000	0	40	53	PASS	PASS	FAIL	PASS	FAIL	PASS	PASS	PASS	FAIL	WARN	PASS
TFAP4_ETV4_3_YSIII_TCTGAA40NAACT	/scratch/project_2013895/SELEX/data/Xie2025/submitted_ftp/TFAP4_ETV4_3_YSIII_TCTGAA40NAACT.fastq.gz	signal	217814	8.7 Mbp	8700000	0	40	52	PASS	PASS	PASS	PASS	FAIL	PASS	PASS	PASS	PASS	PASS	PASS
TFAP4_FLI1_3_YYIII_TCTGAA40NAACT	/scratch/project_2013895/SELEX/data/Xie2025/submitted_ftp/TFAP4_FLI1_3_YYIII_TCTGAA40NAACT.fastq.gz	signal	242933	9.7 Mbp	9700000	0	40	53	PASS	PASS	PASS	PASS	FAIL	PASS	PASS	PASS	PASS	PASS	PASS
TFAP4_FOXA1_3_YWII_TCTGAA40NAACT	/scratch/project_2013895/SELEX/data/Xie2025/submitted_ftp/TFAP4_FOXA1_3_YWII_TCTGAA40NAACT.fastq.gz	signal	252335	10 Mbp	10000000	0	40	47	PASS	PASS	WARN	PASS	FAIL	PASS	PASS	PASS	PASS	PASS	PASS
TFAP4_FOXD2_3_YWI_TACTGT40NCGC	/scratch/project_2013895/SELEX/data/Xie2025/submitted_ftp/TFAP4_FOXD2_3_YWI_TACTGT40NCGC.fastq.gz	signal	187961	7.5 Mbp	7500000	0	40	46	PASS	PASS	FAIL	PASS	FAIL	WARN	PASS	PASS	WARN	PASS	PASS
TFAP4_FOXD3_3_YWIIII_TACTGT40NCGC	/scratch/project_2013895/SELEX/data/Xie2025/submitted_ftp/TFAP4_FOXD3_3_YWIIII_TACTGT40NCGC.fastq.gz	signal	195924	7.8 Mbp	7800000	0	40	55	PASS	PASS	PASS	PASS	FAIL	PASS	PASS	PASS	PASS	PASS	PASS
TFAP4_GABPA_3_YYIIII_TACTGT40NCGC	/scratch/project_2013895/SELEX/data/Xie2025/submitted_ftp/TFAP4_GABPA_3_YYIIII_TACTGT40NCGC.fastq.gz	signal	262967	10.5 Mbp	10500000	0	40	57	PASS	PASS	FAIL	PASS	FAIL	PASS	PASS	PASS	PASS	PASS	PASS
TFAP4_IRF7_3_YAEIIII_TCTGAA40NAACT	/scratch/project_2013895/SELEX/data/Xie2025/submitted_ftp/TFAP4_IRF7_3_YAEIIII_TCTGAA40NAACT.fastq.gz	signal	260395	10.4 Mbp	10400000	0	40	45	PASS	PASS	FAIL	PASS	FAIL	PASS	PASS	PASS	FAIL	FAIL	PASS
TFAP4_TBX21_3_YYI_TACTGT40NCGC	/scratch/project_2013895/SELEX/data/Xie2025/submitted_ftp/TFAP4_TBX21_3_YYI_TACTGT40NCGC.fastq.gz	signal	234319	9.3 Mbp	9300000	0	40	53	PASS	PASS	FAIL	PASS	FAIL	PASS	PASS	PASS	WARN	WARN	PASS
TFAP4_TGIF2LX_3_YVII_TACTGT40NCGC	/scratch/project_2013895/SELEX/data/Xie2025/submitted_ftp/TFAP4_TGIF2LX_3_YVII_TACTGT40NCGC.fastq.gz	signal	239197	9.5 Mbp	9500000	0	40	55	PASS	PASS	FAIL	PASS	FAIL	PASS	PASS	PASS	PASS	PASS	PASS
TFE3_CUX2_3_YKI_TACAGA40NTATT	/scratch/project_2013895/SELEX/data/Xie2025/submitted_ftp/TFE3_CUX2_3_YKI_TACAGA40NTATT.fastq.gz	signal	204808	8.1 Mbp	8100000	0	40	52	PASS	PASS	FAIL	PASS	WARN	PASS	PASS	PASS	PASS	PASS	PASS
TFE3_ETV4_3_YSIII_TACAGA40NTATT	/scratch/project_2013895/SELEX/data/Xie2025/submitted_ftp/TFE3_ETV4_3_YSIII_TACAGA40NTATT.fastq.gz	signal	203938	8.1 Mbp	8100000	0	40	54	PASS	PASS	PASS	PASS	WARN	PASS	PASS	PASS	PASS	PASS	PASS
TFE3_FLI1_3_YYIII_TACAGA40NTATT	/scratch/project_2013895/SELEX/data/Xie2025/submitted_ftp/TFE3_FLI1_3_YYIII_TACAGA40NTATT.fastq.gz	signal	208583	8.3 Mbp	8300000.000000001	0	40	54	PASS	PASS	PASS	PASS	FAIL	PASS	PASS	PASS	PASS	PASS	PASS
TFE3_GABPA_3_YYIIII_TGCAGT40NAAG	/scratch/project_2013895/SELEX/data/Xie2025/submitted_ftp/TFE3_GABPA_3_YYIIII_TGCAGT40NAAG.fastq.gz	signal	234332	9.3 Mbp	9300000	0	40	54	PASS	PASS	FAIL	PASS	WARN	PASS	PASS	PASS	PASS	PASS	PASS
TFEC_ETV5_3_YKII_TTATGG40NCGTT	/scratch/project_2013895/SELEX/data/Xie2025/submitted_ftp/TFEC_ETV5_3_YKII_TTATGG40NCGTT.fastq.gz	signal	180809	7.2 Mbp	7200000	0	40	51	PASS	PASS	PASS	PASS	WARN	PASS	PASS	PASS	WARN	WARN	PASS
TGIF2_ATF7_3_YJI_TGGACT40NAAT	/scratch/project_2013895/SELEX/data/Xie2025/submitted_ftp/TGIF2_ATF7_3_YJI_TGGACT40NAAT.fastq.gz	signal	224521	8.9 Mbp	8900000	0	40	49	PASS	PASS	FAIL	PASS	FAIL	PASS	PASS	PASS	PASS	PASS	PASS
TGIF2_ELK3_3_YAFI_TGGGTC40NAAG	/scratch/project_2013895/SELEX/data/Xie2025/submitted_ftp/TGIF2_ELK3_3_YAFI_TGGGTC40NAAG.fastq.gz	signal	250994	10 Mbp	10000000	0	40	51	PASS	PASS	FAIL	PASS	FAIL	PASS	PASS	PASS	WARN	WARN	PASS
TGIF2_EVX2_3_YZIIII_TGGACT40NAAT	/scratch/project_2013895/SELEX/data/Xie2025/submitted_ftp/TGIF2_EVX2_3_YZIIII_TGGACT40NAAT.fastq.gz	signal	257907	10.3 Mbp	10300000	0	40	46	PASS	PASS	FAIL	PASS	WARN	PASS	PASS	PASS	PASS	PASS	PASS
TGIF2_GCM1_3_YACII_TGGGTC40NAAG	/scratch/project_2013895/SELEX/data/Xie2025/submitted_ftp/TGIF2_GCM1_3_YACII_TGGGTC40NAAG.fastq.gz	signal	263725	10.5 Mbp	10500000	0	40	55	PASS	PASS	PASS	PASS	FAIL	PASS	PASS	PASS	PASS	PASS	PASS
TGIF2_HOXB2_3_YUI_TGGGTC40NAAG	/scratch/project_2013895/SELEX/data/Xie2025/submitted_ftp/TGIF2_HOXB2_3_YUI_TGGGTC40NAAG.fastq.gz	signal	177816	7.1 Mbp	7100000	0	40	44	PASS	PASS	FAIL	PASS	WARN	WARN	PASS	PASS	WARN	PASS	PASS
TGIF2_HOXB5_3_YVIII_TGGGTC40NAAG	/scratch/project_2013895/SELEX/data/Xie2025/submitted_ftp/TGIF2_HOXB5_3_YVIII_TGGGTC40NAAG.fastq.gz	signal	352428	14 Mbp	14000000	0	40	48	PASS	PASS	WARN	PASS	WARN	PASS	PASS	PASS	PASS	PASS	PASS
TGIF2_HOXC10_3_YAEIII_TGGACT40NAAT	/scratch/project_2013895/SELEX/data/Xie2025/submitted_ftp/TGIF2_HOXC10_3_YAEIII_TGGACT40NAAT.fastq.gz	signal	293797	11.7 Mbp	11700000	0	40	48	PASS	PASS	PASS	PASS	FAIL	PASS	PASS	PASS	PASS	PASS	PASS
TGIF2_ISL2_3_YUIII_TGGGTC40NAAG	/scratch/project_2013895/SELEX/data/Xie2025/submitted_ftp/TGIF2_ISL2_3_YUIII_TGGGTC40NAAG.fastq.gz	signal	193812	7.7 Mbp	7700000	0	40	49	PASS	PASS	PASS	PASS	WARN	PASS	PASS	PASS	PASS	PASS	PASS
TGIF2_LMX1B_3_YVIIII_TGGGTC40NAAG	/scratch/project_2013895/SELEX/data/Xie2025/submitted_ftp/TGIF2_LMX1B_3_YVIIII_TGGGTC40NAAG.fastq.gz	signal	230775	9.2 Mbp	9200000	0	40	47	PASS	PASS	FAIL	PASS	FAIL	PASS	PASS	PASS	FAIL	PASS	PASS
TGIF2_MYBL2_3_YABI_TGGGTC40NAAG	/scratch/project_2013895/SELEX/data/Xie2025/submitted_ftp/TGIF2_MYBL2_3_YABI_TGGGTC40NAAG.fastq.gz	signal	273313	10.9 Mbp	10900000	0	40	52	PASS	PASS	WARN	PASS	WARN	PASS	PASS	PASS	PASS	PASS	PASS
TGIF2_SOX11_3_YUIII_TGGACT40NAAT	/scratch/project_2013895/SELEX/data/Xie2025/submitted_ftp/TGIF2_SOX11_3_YUIII_TGGACT40NAAT.fastq.gz	signal	214965	8.5 Mbp	8500000	0	40	48	PASS	PASS	PASS	PASS	FAIL	PASS	PASS	PASS	PASS	PASS	PASS
TGIF2_TBX21_3_YYI_TGGGTC40NAAG	/scratch/project_2013895/SELEX/data/Xie2025/submitted_ftp/TGIF2_TBX21_3_YYI_TGGGTC40NAAG.fastq.gz	signal	238518	9.5 Mbp	9500000	0	40	50	PASS	PASS	FAIL	PASS	FAIL	PASS	PASS	PASS	PASS	PASS	PASS
TGIF2_TBX4_3_YWII_TGGGTC40NAAG	/scratch/project_2013895/SELEX/data/Xie2025/submitted_ftp/TGIF2_TBX4_3_YWII_TGGGTC40NAAG.fastq.gz	signal	242435	9.6 Mbp	9600000	0	40	52	PASS	PASS	WARN	PASS	FAIL	PASS	PASS	PASS	PASS	PASS	PASS
TLX2_FOXA1_3_YWII_TTGATG40NATC	/scratch/project_2013895/SELEX/data/Xie2025/submitted_ftp/TLX2_FOXA1_3_YWII_TTGATG40NATC.fastq.gz	signal	230864	9.2 Mbp	9200000	0	40	42	PASS	PASS	WARN	PASS	WARN	FAIL	PASS	PASS	PASS	WARN	PASS
TLX2_TBX21_3_YYI_TTCTTT40NCAG	/scratch/project_2013895/SELEX/data/Xie2025/submitted_ftp/TLX2_TBX21_3_YYI_TTCTTT40NCAG.fastq.gz	signal	258545	10.3 Mbp	10300000	0	40	41	PASS	PASS	FAIL	PASS	WARN	PASS	PASS	PASS	WARN	PASS	PASS
TLX2_TBX4_3_YWII_TTCTTT40NCAG	/scratch/project_2013895/SELEX/data/Xie2025/submitted_ftp/TLX2_TBX4_3_YWII_TTCTTT40NCAG.fastq.gz	signal	253312	10.1 Mbp	10100000	0	40	41	PASS	PASS	WARN	PASS	WARN	WARN	PASS	PASS	PASS	PASS	PASS
USF2_ELK1_3_YRII_TATGAC40NGACC	/scratch/project_2013895/SELEX/data/Xie2025/submitted_ftp/USF2_ELK1_3_YRII_TATGAC40NGACC.fastq.gz	signal	216222	8.6 Mbp	8600000	0	40	53	PASS	PASS	FAIL	PASS	FAIL	PASS	PASS	PASS	PASS	PASS	PASS
USF2_ELK3_3_YAFI_TCGGCG40NACG	/scratch/project_2013895/SELEX/data/Xie2025/submitted_ftp/USF2_ELK3_3_YAFI_TCGGCG40NACG.fastq.gz	signal	237265	9.4 Mbp	9400000	0	40	55	PASS	PASS	FAIL	PASS	WARN	PASS	PASS	PASS	WARN	PASS	PASS
USF2_ETV4_3_YSIII_TATGAC40NGACC	/scratch/project_2013895/SELEX/data/Xie2025/submitted_ftp/USF2_ETV4_3_YSIII_TATGAC40NGACC.fastq.gz	signal	253765	10.1 Mbp	10100000	0	40	53	PASS	PASS	PASS	PASS	FAIL	PASS	PASS	PASS	PASS	PASS	PASS
USF2_FLI1_3_YYIII_TATGAC40NGACC	/scratch/project_2013895/SELEX/data/Xie2025/submitted_ftp/USF2_FLI1_3_YYIII_TATGAC40NGACC.fastq.gz	signal	288181	11.5 Mbp	11500000	0	40	53	PASS	PASS	PASS	PASS	FAIL	PASS	PASS	PASS	PASS	WARN	PASS
USF2_GABPA_3_YYIIII_TCGGCG40NACG	/scratch/project_2013895/SELEX/data/Xie2025/submitted_ftp/USF2_GABPA_3_YYIIII_TCGGCG40NACG.fastq.gz	signal	229163	9.1 Mbp	9100000	0	40	57	PASS	PASS	FAIL	PASS	FAIL	PASS	PASS	PASS	PASS	PASS	PASS
VAX1_ELF1_3_YADIIII_TCATGA40NAGT	/scratch/project_2013895/SELEX/data/Xie2025/submitted_ftp/VAX1_ELF1_3_YADIIII_TCATGA40NAGT.fastq.gz	signal	266669	10.6 Mbp	10600000	0	40	50	PASS	PASS	PASS	PASS	WARN	PASS	PASS	PASS	PASS	PASS	PASS
VAX1_GCM1_3_YACII_TGGCCA40NTTC	/scratch/project_2013895/SELEX/data/Xie2025/submitted_ftp/VAX1_GCM1_3_YACII_TGGCCA40NTTC.fastq.gz	signal	234464	9.3 Mbp	9300000	0	40	54	PASS	PASS	PASS	PASS	FAIL	PASS	PASS	PASS	PASS	PASS	PASS
VAX1_IRF8_3_YQIIII_TCATGA40NAGT	/scratch/project_2013895/SELEX/data/Xie2025/submitted_ftp/VAX1_IRF8_3_YQIIII_TCATGA40NAGT.fastq.gz	signal	180460	7.2 Mbp	7200000	0	40	44	PASS	PASS	WARN	PASS	WARN	PASS	PASS	PASS	PASS	PASS	PASS
VAX1_TBX20_3_YWIIII_TCATGA40NAGT	/scratch/project_2013895/SELEX/data/Xie2025/submitted_ftp/VAX1_TBX20_3_YWIIII_TCATGA40NAGT.fastq.gz	signal	272966	10.9 Mbp	10900000	0	40	43	PASS	PASS	PASS	PASS	WARN	PASS	PASS	PASS	PASS	PASS	PASS
VAX1_TBX21_3_YYI_TGGCCA40NTTC	/scratch/project_2013895/SELEX/data/Xie2025/submitted_ftp/VAX1_TBX21_3_YYI_TGGCCA40NTTC.fastq.gz	signal	227097	9 Mbp	9000000	0	40	42	PASS	PASS	FAIL	PASS	FAIL	PASS	PASS	PASS	WARN	PASS	PASS
VAX1_TBX4_3_YWII_TGGCCA40NTTC	/scratch/project_2013895/SELEX/data/Xie2025/submitted_ftp/VAX1_TBX4_3_YWII_TGGCCA40NTTC.fastq.gz	signal	264706	10.5 Mbp	10500000	0	40	42	PASS	PASS	WARN	PASS	WARN	PASS	PASS	PASS	WARN	PASS	PASS
VAX2_ELK3_3_YAFI_TAACCG40NCAA	/scratch/project_2013895/SELEX/data/Xie2025/submitted_ftp/VAX2_ELK3_3_YAFI_TAACCG40NCAA.fastq.gz	signal	275561	11 Mbp	11000000	0	40	48	PASS	PASS	FAIL	PASS	FAIL	PASS	PASS	PASS	FAIL	PASS	PASS
VAX2_ETV4_3_YSIII_TTCTAA40NACTG	/scratch/project_2013895/SELEX/data/Xie2025/submitted_ftp/VAX2_ETV4_3_YSIII_TTCTAA40NACTG.fastq.gz	signal	250065	10 Mbp	10000000	0	40	50	PASS	PASS	PASS	PASS	FAIL	PASS	PASS	PASS	PASS	PASS	PASS
VAX2_FLI1_3_YYIII_TTCTAA40NACTG	/scratch/project_2013895/SELEX/data/Xie2025/submitted_ftp/VAX2_FLI1_3_YYIII_TTCTAA40NACTG.fastq.gz	signal	275033	11 Mbp	11000000	0	40	48	PASS	PASS	PASS	PASS	FAIL	PASS	PASS	PASS	PASS	PASS	PASS
VAX2_GABPA_3_YYIIII_TAACCG40NCAA	/scratch/project_2013895/SELEX/data/Xie2025/submitted_ftp/VAX2_GABPA_3_YYIIII_TAACCG40NCAA.fastq.gz	signal	239612	9.5 Mbp	9500000	0	40	50	PASS	PASS	FAIL	PASS	FAIL	PASS	PASS	PASS	PASS	PASS	PASS
VAX2_IRF8_3_YQIIII_TTCTAA40NACTG	/scratch/project_2013895/SELEX/data/Xie2025/submitted_ftp/VAX2_IRF8_3_YQIIII_TTCTAA40NACTG.fastq.gz	signal	143756	5.7 Mbp	5700000	0	40	45	PASS	PASS	WARN	PASS	FAIL	PASS	PASS	PASS	PASS	WARN	PASS
VAX2_RUNX2_3_YII_TTCTAA40NACTG	/scratch/project_2013895/SELEX/data/Xie2025/submitted_ftp/VAX2_RUNX2_3_YII_TTCTAA40NACTG.fastq.gz	signal	425585	17 Mbp	17000000	0	40	44	PASS	PASS	PASS	PASS	FAIL	WARN	PASS	PASS	PASS	WARN	PASS
VAX2_TBX20_3_YWIIII_TTCTAA40NACTG	/scratch/project_2013895/SELEX/data/Xie2025/submitted_ftp/VAX2_TBX20_3_YWIIII_TTCTAA40NACTG.fastq.gz	signal	277956	11.1 Mbp	11100000	0	40	44	PASS	PASS	PASS	PASS	FAIL	PASS	PASS	PASS	PASS	PASS	PASS
VAX2_TBX21_3_YYI_TAACCG40NCAA	/scratch/project_2013895/SELEX/data/Xie2025/submitted_ftp/VAX2_TBX21_3_YYI_TAACCG40NCAA.fastq.gz	signal	222991	8.9 Mbp	8900000	0	40	49	PASS	PASS	FAIL	PASS	FAIL	PASS	PASS	PASS	PASS	PASS	PASS
VAX2_TBX4_3_YWII_TAACCG40NCAA	/scratch/project_2013895/SELEX/data/Xie2025/submitted_ftp/VAX2_TBX4_3_YWII_TAACCG40NCAA.fastq.gz	signal	240984	9.6 Mbp	9600000	0	40	49	PASS	PASS	WARN	PASS	FAIL	PASS	PASS	PASS	PASS	PASS	PASS
VAX2_TEAD4_3_YJII_TTCTAA40NACTG	/scratch/project_2013895/SELEX/data/Xie2025/submitted_ftp/VAX2_TEAD4_3_YJII_TTCTAA40NACTG.fastq.gz	signal	231352	9.2 Mbp	9200000	0	40	40	PASS	PASS	FAIL	PASS	FAIL	PASS	PASS	PASS	PASS	PASS	PASS
VAX2_TGIF2LX_3_YVII_TAACCG40NCAA	/scratch/project_2013895/SELEX/data/Xie2025/submitted_ftp/VAX2_TGIF2LX_3_YVII_TAACCG40NCAA.fastq.gz	signal	262925	10.5 Mbp	10500000	0	40	51	PASS	PASS	FAIL	PASS	FAIL	PASS	PASS	PASS	PASS	PASS	PASS
VENTX_FLI1_3_YYIII_TTCGGC40NAGC	/scratch/project_2013895/SELEX/data/Xie2025/submitted_ftp/VENTX_FLI1_3_YYIII_TTCGGC40NAGC.fastq.gz	signal	253247	10.1 Mbp	10100000	0	40	55	PASS	PASS	PASS	PASS	WARN	PASS	PASS	PASS	WARN	PASS	PASS
VENTX_PAX2_3_YZII_TTCGGC40NAGC	/scratch/project_2013895/SELEX/data/Xie2025/submitted_ftp/VENTX_PAX2_3_YZII_TTCGGC40NAGC.fastq.gz	signal	245778	9.8 Mbp	9800000	0	40	54	PASS	PASS	WARN	PASS	WARN	PASS	PASS	PASS	WARN	PASS	PASS
VENTX_TBX4_3_YWII_TGATGA40NCCA	/scratch/project_2013895/SELEX/data/Xie2025/submitted_ftp/VENTX_TBX4_3_YWII_TGATGA40NCCA.fastq.gz	signal	211986	8.4 Mbp	8400000	0	40	52	PASS	PASS	WARN	PASS	WARN	PASS	PASS	PASS	WARN	PASS	PASS
VSX1_ELK3_3_YAFI_TGGGCC40NGGA	/scratch/project_2013895/SELEX/data/Xie2025/submitted_ftp/VSX1_ELK3_3_YAFI_TGGGCC40NGGA.fastq.gz	signal	289176	11.5 Mbp	11500000	0	40	43	PASS	PASS	FAIL	PASS	WARN	PASS	PASS	PASS	WARN	PASS	PASS
VSX1_SIX6_3_YVI_TTGAGC40NGTC	/scratch/project_2013895/SELEX/data/Xie2025/submitted_ftp/VSX1_SIX6_3_YVI_TTGAGC40NGTC.fastq.gz	signal	376812	15 Mbp	15000000	0	40	47	PASS	PASS	PASS	PASS	WARN	WARN	PASS	PASS	WARN	FAIL	PASS
VSX1_TBX21_3_YYI_TGGGCC40NGGA	/scratch/project_2013895/SELEX/data/Xie2025/submitted_ftp/VSX1_TBX21_3_YYI_TGGGCC40NGGA.fastq.gz	signal	231628	9.2 Mbp	9200000	0	40	44	PASS	PASS	FAIL	PASS	WARN	PASS	PASS	PASS	PASS	PASS	PASS
VSX1_TBX4_3_YWII_TGGGCC40NGGA	/scratch/project_2013895/SELEX/data/Xie2025/submitted_ftp/VSX1_TBX4_3_YWII_TGGGCC40NGGA.fastq.gz	signal	275992	11 Mbp	11000000	0	40	44	PASS	PASS	WARN	PASS	WARN	PASS	PASS	PASS	PASS	PASS	PASS
VSX1_TGIF2LX_3_YVII_TGGGCC40NGGA	/scratch/project_2013895/SELEX/data/Xie2025/submitted_ftp/VSX1_TGIF2LX_3_YVII_TGGGCC40NGGA.fastq.gz	signal	323989	12.9 Mbp	12900000	0	40	47	PASS	PASS	FAIL	PASS	PASS	PASS	PASS	PASS	PASS	WARN	PASS
VSX2_FLI1_3_YYIII_TCGCCG40NTGC	/scratch/project_2013895/SELEX/data/Xie2025/submitted_ftp/VSX2_FLI1_3_YYIII_TCGCCG40NTGC.fastq.gz	signal	215087	8.6 Mbp	8600000	0	40	47	PASS	PASS	PASS	PASS	WARN	PASS	PASS	PASS	PASS	PASS	PASS
VSX2_SIX6_3_YVI_TCGCCG40NTGC	/scratch/project_2013895/SELEX/data/Xie2025/submitted_ftp/VSX2_SIX6_3_YVI_TCGCCG40NTGC.fastq.gz	signal	318826	12.7 Mbp	12700000	0	40	47	PASS	PASS	PASS	PASS	WARN	PASS	PASS	PASS	FAIL	WARN	PASS
VSX2_TBX21_3_YYI_TTTCGG40NAGA	/scratch/project_2013895/SELEX/data/Xie2025/submitted_ftp/VSX2_TBX21_3_YYI_TTTCGG40NAGA.fastq.gz	signal	195454	7.8 Mbp	7800000	0	40	42	PASS	PASS	FAIL	PASS	PASS	PASS	PASS	PASS	PASS	PASS	PASS
VSX2_TBX4_3_YWII_TTTCGG40NAGA	/scratch/project_2013895/SELEX/data/Xie2025/submitted_ftp/VSX2_TBX4_3_YWII_TTTCGG40NAGA.fastq.gz	signal	217279	8.6 Mbp	8600000	0	40	45	PASS	PASS	WARN	PASS	WARN	PASS	PASS	PASS	PASS	PASS	PASS
XBP1_ETV5_3_YKII_TCCAGG40NTAG	/scratch/project_2013895/SELEX/data/Xie2025/submitted_ftp/XBP1_ETV5_3_YKII_TCCAGG40NTAG.fastq.gz	signal	189952	7.5 Mbp	7500000	0	40	54	PASS	PASS	PASS	PASS	WARN	PASS	PASS	PASS	PASS	PASS	PASS
XBP1_FLI1_3_YYIII_TCCAGG40NTAG	/scratch/project_2013895/SELEX/data/Xie2025/submitted_ftp/XBP1_FLI1_3_YYIII_TCCAGG40NTAG.fastq.gz	signal	219957	8.7 Mbp	8700000	0	40	55	PASS	PASS	PASS	PASS	FAIL	PASS	PASS	PASS	PASS	PASS	PASS
XBP1_HOXB5_3_YVIII_TTGAAG40NCTC	/scratch/project_2013895/SELEX/data/Xie2025/submitted_ftp/XBP1_HOXB5_3_YVIII_TTGAAG40NCTC.fastq.gz	signal	306545	12.2 Mbp	12200000	0	40	47	PASS	PASS	WARN	PASS	FAIL	PASS	PASS	PASS	PASS	PASS	PASS
XBP1_TBX4_3_YWII_TTGAAG40NCTC	/scratch/project_2013895/SELEX/data/Xie2025/submitted_ftp/XBP1_TBX4_3_YWII_TTGAAG40NCTC.fastq.gz	signal	248784	9.9 Mbp	9900000	0	40	50	PASS	PASS	WARN	PASS	FAIL	PASS	PASS	PASS	PASS	PASS	PASS
ZBTB20_FLI1_3_YYIII_TTCTAC40NCGA	/scratch/project_2013895/SELEX/data/Xie2025/submitted_ftp/ZBTB20_FLI1_3_YYIII_TTCTAC40NCGA.fastq.gz	signal	215223	8.6 Mbp	8600000	0	40	53	PASS	PASS	PASS	PASS	WARN	PASS	PASS	PASS	WARN	PASS	PASS
ZBTB33_TEAD4_3_YJII_TCCGCT40NGGAC	/scratch/project_2013895/SELEX/data/Xie2025/submitted_ftp/ZBTB33_TEAD4_3_YJII_TCCGCT40NGGAC.fastq.gz	signal	152710	6.1 Mbp	6100000	0	40	43	PASS	PASS	FAIL	PASS	WARN	PASS	PASS	PASS	WARN	WARN	PASS
ZBTB7A_FLI1_3_YYIII_TCTGGC40NTAG	/scratch/project_2013895/SELEX/data/Xie2025/submitted_ftp/ZBTB7A_FLI1_3_YYIII_TCTGGC40NTAG.fastq.gz	signal	221595	8.8 Mbp	8800000	0	40	57	PASS	PASS	PASS	PASS	WARN	PASS	PASS	PASS	PASS	PASS	PASS
ZNF238_FLI1_3_YYIII_TGTGAA40NTAC	/scratch/project_2013895/SELEX/data/Xie2025/submitted_ftp/ZNF238_FLI1_3_YYIII_TGTGAA40NTAC.fastq.gz	signal	239711	9.5 Mbp	9500000	0	40	56	PASS	PASS	PASS	PASS	FAIL	PASS	PASS	PASS	PASS	PASS	PASS
ATF3_TEAD4_3_YJII_TGAGAG40NTGTG	/scratch/project_2013895/SELEX/data/Xie2025/submitted_ftp/ATF3_TEAD4_3_YJII_TGAGAG40NTGTG.fastq.gz	signal	196945	7.8 Mbp	7800000	0	40	46	PASS	PASS	FAIL	PASS	WARN	PASS	PASS	PASS	PASS	PASS	PASS
ATOH1_BACH2_3_YACIIII_TTCGGG40NGAG	/scratch/project_2013895/SELEX/data/Xie2025/submitted_ftp/ATOH1_BACH2_3_YACIIII_TTCGGG40NGAG.fastq.gz	signal	201539	8 Mbp	8000000	0	40	50	PASS	PASS	WARN	PASS	WARN	PASS	PASS	PASS	WARN	PASS	PASS
ATOH1_ELF5_3_YYI_TTCGGG40NGAG	/scratch/project_2013895/SELEX/data/Xie2025/submitted_ftp/ATOH1_ELF5_3_YYI_TTCGGG40NGAG.fastq.gz	signal	179442	7.1 Mbp	7100000	0	40	53	PASS	PASS	FAIL	PASS	WARN	PASS	PASS	PASS	WARN	PASS	PASS
ATOH1_ETV1_3_YRIIII_TTCGGG40NGAG	/scratch/project_2013895/SELEX/data/Xie2025/submitted_ftp/ATOH1_ETV1_3_YRIIII_TTCGGG40NGAG.fastq.gz	signal	238436	9.5 Mbp	9500000	0	40	56	PASS	PASS	PASS	PASS	FAIL	PASS	PASS	PASS	PASS	PASS	PASS
ATOH1_EVX2_3_YZIIII_TTCGGG40NGAG	/scratch/project_2013895/SELEX/data/Xie2025/submitted_ftp/ATOH1_EVX2_3_YZIIII_TTCGGG40NGAG.fastq.gz	signal	217242	8.6 Mbp	8600000	0	40	46	PASS	PASS	FAIL	PASS	WARN	PASS	PASS	PASS	WARN	PASS	PASS
ATOH1_FOXA1_3_YWII_TTCGGG40NGAG	/scratch/project_2013895/SELEX/data/Xie2025/submitted_ftp/ATOH1_FOXA1_3_YWII_TTCGGG40NGAG.fastq.gz	signal	201879	8 Mbp	8000000	0	40	53	PASS	PASS	WARN	PASS	WARN	PASS	PASS	PASS	PASS	WARN	PASS
ATOH1_HOXB5_3_YVIII_TCCATG40NCAC	/scratch/project_2013895/SELEX/data/Xie2025/submitted_ftp/ATOH1_HOXB5_3_YVIII_TCCATG40NCAC.fastq.gz	signal	276584	11 Mbp	11000000	0	40	47	PASS	PASS	WARN	PASS	WARN	PASS	PASS	PASS	PASS	PASS	PASS
ATOH1_HOXC10_3_YAEIII_TTCGGG40NGAG	/scratch/project_2013895/SELEX/data/Xie2025/submitted_ftp/ATOH1_HOXC10_3_YAEIII_TTCGGG40NGAG.fastq.gz	signal	188724	7.5 Mbp	7500000	0	40	51	PASS	PASS	PASS	PASS	WARN	PASS	PASS	PASS	WARN	PASS	PASS
ATOH1_ONECUT1_3_YJII_TCCATG40NCAC	/scratch/project_2013895/SELEX/data/Xie2025/submitted_ftp/ATOH1_ONECUT1_3_YJII_TCCATG40NCAC.fastq.gz	signal	205779	8.2 Mbp	8199999.999999999	0	40	45	PASS	PASS	FAIL	PASS	WARN	PASS	PASS	PASS	FAIL	WARN	PASS
ATOH1_RUNX2_3_YII_TTCGGG40NGAG	/scratch/project_2013895/SELEX/data/Xie2025/submitted_ftp/ATOH1_RUNX2_3_YII_TTCGGG40NGAG.fastq.gz	signal	238430	9.5 Mbp	9500000	0	40	54	PASS	PASS	PASS	PASS	WARN	PASS	PASS	PASS	PASS	PASS	PASS
ATOH1_TEAD4_3_YJII_TTCGGG40NGAG	/scratch/project_2013895/SELEX/data/Xie2025/submitted_ftp/ATOH1_TEAD4_3_YJII_TTCGGG40NGAG.fastq.gz	signal	159574	6.3 Mbp	6300000	0	40	50	PASS	PASS	FAIL	PASS	FAIL	PASS	PASS	PASS	PASS	PASS	PASS
BARHL1_TCF12_3_YADIII_TTGCGA40NTACG	/scratch/project_2013895/SELEX/data/Xie2025/submitted_ftp/BARHL1_TCF12_3_YADIII_TTGCGA40NTACG.fastq.gz	signal	195592	7.8 Mbp	7800000	0	40	50	PASS	PASS	FAIL	PASS	WARN	PASS	PASS	PASS	PASS	PASS	PASS
BARHL2_FLI1_3_YYIII_TTGGGT40NGGC	/scratch/project_2013895/SELEX/data/Xie2025/submitted_ftp/BARHL2_FLI1_3_YYIII_TTGGGT40NGGC.fastq.gz	signal	180101	7.2 Mbp	7200000	0	40	49	PASS	PASS	PASS	PASS	FAIL	PASS	PASS	PASS	PASS	PASS	PASS
BARHL2_TCF4_3_YACII_TTGGGT40NGGC	/scratch/project_2013895/SELEX/data/Xie2025/submitted_ftp/BARHL2_TCF4_3_YACII_TTGGGT40NGGC.fastq.gz	signal	221918	8.8 Mbp	8800000	0	40	51	PASS	PASS	PASS	PASS	FAIL	PASS	PASS	PASS	PASS	PASS	PASS
BHLHA15_EN2_3_YRIII_TTTATG40NTAA	/scratch/project_2013895/SELEX/data/Xie2025/submitted_ftp/BHLHA15_EN2_3_YRIII_TTTATG40NTAA.fastq.gz	signal	97638	3.9 Mbp	3900000	0	40	49	PASS	PASS	FAIL	PASS	WARN	PASS	WARN	PASS	PASS	PASS	PASS
BHLHA15_ISX_3_YUIIII_TTTATG40NTAA	/scratch/project_2013895/SELEX/data/Xie2025/submitted_ftp/BHLHA15_ISX_3_YUIIII_TTTATG40NTAA.fastq.gz	signal	206239	8.2 Mbp	8199999.999999999	0	40	47	PASS	PASS	FAIL	PASS	WARN	PASS	PASS	PASS	PASS	PASS	PASS
BHLHA15_ONECUT1_3_YJII_TTTATG40NTAA	/scratch/project_2013895/SELEX/data/Xie2025/submitted_ftp/BHLHA15_ONECUT1_3_YJII_TTTATG40NTAA.fastq.gz	signal	221640	8.8 Mbp	8800000	0	40	50	PASS	PASS	FAIL	PASS	PASS	PASS	PASS	PASS	PASS	PASS	PASS
BHLHA15_TEAD4_3_YJII_TGCGCA40NCAA	/scratch/project_2013895/SELEX/data/Xie2025/submitted_ftp/BHLHA15_TEAD4_3_YJII_TGCGCA40NCAA.fastq.gz	signal	268544	10.7 Mbp	10700000	0	40	48	PASS	PASS	FAIL	PASS	WARN	PASS	PASS	PASS	PASS	PASS	PASS
BHLHB5_FLI1_3_YYIII_TCTGCA40NTGGG	/scratch/project_2013895/SELEX/data/Xie2025/submitted_ftp/BHLHB5_FLI1_3_YYIII_TCTGCA40NTGGG.fastq.gz	signal	201469	8 Mbp	8000000	0	40	53	PASS	PASS	PASS	PASS	WARN	PASS	PASS	PASS	WARN	WARN	PASS
BHLHB5_MEIS3_3_YRIIII_TCGCTA40NTCG	/scratch/project_2013895/SELEX/data/Xie2025/submitted_ftp/BHLHB5_MEIS3_3_YRIIII_TCGCTA40NTCG.fastq.gz	signal	206479	8.2 Mbp	8199999.999999999	0	40	52	PASS	PASS	PASS	PASS	FAIL	PASS	PASS	PASS	PASS	PASS	PASS
BHLHB5_OTP_3_YPIII_TCTGCA40NTGGG	/scratch/project_2013895/SELEX/data/Xie2025/submitted_ftp/BHLHB5_OTP_3_YPIII_TCTGCA40NTGGG.fastq.gz	signal	243031	9.7 Mbp	9700000	0	40	46	PASS	PASS	WARN	PASS	WARN	PASS	PASS	PASS	PASS	PASS	PASS
BHLHB5_TBX6_3_YAAII_TCGCTA40NTCG	/scratch/project_2013895/SELEX/data/Xie2025/submitted_ftp/BHLHB5_TBX6_3_YAAII_TCGCTA40NTCG.fastq.gz	signal	217436	8.6 Mbp	8600000	0	40	53	PASS	PASS	WARN	PASS	FAIL	PASS	PASS	PASS	PASS	WARN	PASS
BHLHB5_TEAD4_3_YJII_TCTGCA40NTGGG	/scratch/project_2013895/SELEX/data/Xie2025/submitted_ftp/BHLHB5_TEAD4_3_YJII_TCTGCA40NTGGG.fastq.gz	signal	186557	7.4 Mbp	7400000	0	40	44	PASS	PASS	FAIL	PASS	WARN	PASS	PASS	PASS	WARN	WARN	PASS
BHLHB8_ISX_3_YUIIII_TAGCGT40NTCA	/scratch/project_2013895/SELEX/data/Xie2025/submitted_ftp/BHLHB8_ISX_3_YUIIII_TAGCGT40NTCA.fastq.gz	signal	218959	8.7 Mbp	8700000	0	40	49	PASS	PASS	FAIL	PASS	FAIL	PASS	PASS	PASS	PASS	PASS	PASS
BHLHB8_OTP_3_YPIII_TCCTGC40NTGCC	/scratch/project_2013895/SELEX/data/Xie2025/submitted_ftp/BHLHB8_OTP_3_YPIII_TCCTGC40NTGCC.fastq.gz	signal	233295	9.3 Mbp	9300000	0	40	49	PASS	PASS	WARN	PASS	WARN	PASS	PASS	PASS	PASS	PASS	PASS
BHLHB8_TEAD4_3_YJII_TCCTGC40NTGCC	/scratch/project_2013895/SELEX/data/Xie2025/submitted_ftp/BHLHB8_TEAD4_3_YJII_TCCTGC40NTGCC.fastq.gz	signal	230765	9.2 Mbp	9200000	0	40	47	PASS	PASS	FAIL	PASS	FAIL	PASS	PASS	PASS	PASS	PASS	PASS
BHLHE22_EVX2_3_YZIIII_TACGAT40NCCG	/scratch/project_2013895/SELEX/data/Xie2025/submitted_ftp/BHLHE22_EVX2_3_YZIIII_TACGAT40NCCG.fastq.gz	signal	241348	9.6 Mbp	9600000	0	40	43	PASS	PASS	FAIL	PASS	FAIL	WARN	PASS	PASS	WARN	PASS	PASS
BHLHE22_FLI1_3_YYIII_TACGAT40NCCG	/scratch/project_2013895/SELEX/data/Xie2025/submitted_ftp/BHLHE22_FLI1_3_YYIII_TACGAT40NCCG.fastq.gz	signal	239345	9.5 Mbp	9500000	0	40	55	PASS	PASS	PASS	PASS	FAIL	PASS	PASS	PASS	PASS	WARN	PASS
BHLHE22_ISX_3_YUIIII_TAACAG40NGGC	/scratch/project_2013895/SELEX/data/Xie2025/submitted_ftp/BHLHE22_ISX_3_YUIIII_TAACAG40NGGC.fastq.gz	signal	201918	8 Mbp	8000000	0	40	44	PASS	PASS	FAIL	PASS	WARN	PASS	PASS	PASS	PASS	PASS	PASS
BHLHE22_ONECUT1_3_YJII_TAACAG40NGGC	/scratch/project_2013895/SELEX/data/Xie2025/submitted_ftp/BHLHE22_ONECUT1_3_YJII_TAACAG40NGGC.fastq.gz	signal	170978	6.8 Mbp	6800000	0	40	45	PASS	PASS	FAIL	PASS	WARN	PASS	PASS	PASS	FAIL	WARN	PASS
CLOCK_ISL2_3_YUIII_TCTGAA40NCAT	/scratch/project_2013895/SELEX/data/Xie2025/submitted_ftp/CLOCK_ISL2_3_YUIII_TCTGAA40NCAT.fastq.gz	signal	175263	7 Mbp	7000000	0	40	49	PASS	PASS	PASS	PASS	WARN	PASS	PASS	PASS	PASS	PASS	PASS
CLOCK_TEAD4_3_YJII_TTGCTT40NCCA	/scratch/project_2013895/SELEX/data/Xie2025/submitted_ftp/CLOCK_TEAD4_3_YJII_TTGCTT40NCCA.fastq.gz	signal	224580	8.9 Mbp	8900000	0	40	49	PASS	PASS	FAIL	PASS	FAIL	PASS	PASS	PASS	PASS	PASS	PASS
CREM_TEAD4_3_YJII_TACCAA40NTTA	/scratch/project_2013895/SELEX/data/Xie2025/submitted_ftp/CREM_TEAD4_3_YJII_TACCAA40NTTA.fastq.gz	signal	186466	7.4 Mbp	7400000	0	40	50	PASS	PASS	FAIL	PASS	WARN	PASS	PASS	PASS	PASS	PASS	PASS
CUX1_FLI1_3_YYIII_TATTCA40NTCAG	/scratch/project_2013895/SELEX/data/Xie2025/submitted_ftp/CUX1_FLI1_3_YYIII_TATTCA40NTCAG.fastq.gz	signal	285718	11.4 Mbp	11400000	0	40	50	PASS	PASS	PASS	PASS	FAIL	PASS	PASS	PASS	WARN	PASS	PASS
DLX1_FOXA1_3_YWII_TTACTA40NCTGA	/scratch/project_2013895/SELEX/data/Xie2025/submitted_ftp/DLX1_FOXA1_3_YWII_TTACTA40NCTGA.fastq.gz	signal	279070	11.1 Mbp	11100000	0	40	46	PASS	PASS	WARN	PASS	WARN	PASS	PASS	PASS	PASS	PASS	PASS
DLX1_MEIS3_3_YRIIII_TGTATA40NGGT	/scratch/project_2013895/SELEX/data/Xie2025/submitted_ftp/DLX1_MEIS3_3_YRIIII_TGTATA40NGGT.fastq.gz	signal	221842	8.8 Mbp	8800000	0	40	50	PASS	PASS	PASS	PASS	WARN	PASS	PASS	PASS	PASS	PASS	PASS
DLX2_TEAD4_3_YJII_TCCAGA40NGTA	/scratch/project_2013895/SELEX/data/Xie2025/submitted_ftp/DLX2_TEAD4_3_YJII_TCCAGA40NGTA.fastq.gz	signal	176308	7 Mbp	7000000	0	40	46	PASS	PASS	FAIL	PASS	WARN	PASS	PASS	PASS	PASS	PASS	PASS
DLX4_FLI1_3_YYIII_TCTATA40NCCTA	/scratch/project_2013895/SELEX/data/Xie2025/submitted_ftp/DLX4_FLI1_3_YYIII_TCTATA40NCCTA.fastq.gz	signal	204319	8.1 Mbp	8100000	0	40	48	PASS	PASS	PASS	PASS	WARN	PASS	PASS	PASS	PASS	PASS	PASS
DLX4_TGIF2LX_3_YVII_TCGTCA40NCTA	/scratch/project_2013895/SELEX/data/Xie2025/submitted_ftp/DLX4_TGIF2LX_3_YVII_TCGTCA40NCTA.fastq.gz	signal	427962	17.1 Mbp	17100000	0	40	52	PASS	PASS	FAIL	PASS	WARN	PASS	PASS	PASS	PASS	PASS	PASS
DLX5_TEAD4_3_YJII_TGGGTC40NGACT	/scratch/project_2013895/SELEX/data/Xie2025/submitted_ftp/DLX5_TEAD4_3_YJII_TGGGTC40NGACT.fastq.gz	signal	182160	7.2 Mbp	7200000	0	40	38	PASS	PASS	FAIL	PASS	WARN	PASS	PASS	PASS	PASS	PASS	PASS
DLX5_TGIF2LX_3_YVII_TCAAGA40NCGC	/scratch/project_2013895/SELEX/data/Xie2025/submitted_ftp/DLX5_TGIF2LX_3_YVII_TCAAGA40NCGC.fastq.gz	signal	242113	9.6 Mbp	9600000	0	40	53	PASS	PASS	FAIL	PASS	FAIL	PASS	PASS	PASS	PASS	PASS	PASS
DMBX1_FOXD2_3_YWI_TACATC40NATA	/scratch/project_2013895/SELEX/data/Xie2025/submitted_ftp/DMBX1_FOXD2_3_YWI_TACATC40NATA.fastq.gz	signal	231884	9.2 Mbp	9200000	0	40	46	PASS	PASS	FAIL	PASS	WARN	WARN	PASS	PASS	PASS	PASS	PASS
DMBX1_TEAD3_3_YZI_TGTCTC40NAACT	/scratch/project_2013895/SELEX/data/Xie2025/submitted_ftp/DMBX1_TEAD3_3_YZI_TGTCTC40NAACT.fastq.gz	signal	315021	12.6 Mbp	12600000	0	40	47	PASS	PASS	PASS	PASS	FAIL	PASS	PASS	PASS	WARN	WARN	PASS
DMBX1_TEAD4_3_YJII_TGTCTC40NAACT	/scratch/project_2013895/SELEX/data/Xie2025/submitted_ftp/DMBX1_TEAD4_3_YJII_TGTCTC40NAACT.fastq.gz	signal	217007	8.6 Mbp	8600000	0	40	45	PASS	PASS	FAIL	PASS	WARN	PASS	PASS	PASS	PASS	WARN	PASS
DRGX_FOXD2_3_YWI_TGTAGT40NGAT	/scratch/project_2013895/SELEX/data/Xie2025/submitted_ftp/DRGX_FOXD2_3_YWI_TGTAGT40NGAT.fastq.gz	signal	189318	7.5 Mbp	7500000	0	40	35	PASS	PASS	FAIL	PASS	FAIL	WARN	PASS	PASS	PASS	PASS	PASS
DRGX_ONECUT1_3_YJII_TGTAGT40NGAT	/scratch/project_2013895/SELEX/data/Xie2025/submitted_ftp/DRGX_ONECUT1_3_YJII_TGTAGT40NGAT.fastq.gz	signal	210960	8.4 Mbp	8400000	0	40	37	PASS	PASS	FAIL	PASS	FAIL	PASS	PASS	PASS	PASS	PASS	PASS
DRGX_TEAD4_3_YJII_TGCCGA40NGTA	/scratch/project_2013895/SELEX/data/Xie2025/submitted_ftp/DRGX_TEAD4_3_YJII_TGCCGA40NGTA.fastq.gz	signal	230793	9.2 Mbp	9200000	0	40	41	PASS	PASS	FAIL	PASS	WARN	PASS	PASS	PASS	PASS	PASS	PASS
DUXA_TBX21_3_YYI_TATAGT40NAGG	/scratch/project_2013895/SELEX/data/Xie2025/submitted_ftp/DUXA_TBX21_3_YYI_TATAGT40NAGG.fastq.gz	signal	224750	8.9 Mbp	8900000	0	40	46	PASS	PASS	FAIL	PASS	FAIL	PASS	PASS	PASS	WARN	WARN	PASS
DUXA_TBX4_3_YWII_TATAGT40NAGG	/scratch/project_2013895/SELEX/data/Xie2025/submitted_ftp/DUXA_TBX4_3_YWII_TATAGT40NAGG.fastq.gz	signal	213233	8.5 Mbp	8500000	0	40	50	PASS	PASS	WARN	PASS	FAIL	PASS	PASS	PASS	WARN	WARN	PASS
EGR1_TBX6_3_YAAII_TCAAAT40NCTG	/scratch/project_2013895/SELEX/data/Xie2025/submitted_ftp/EGR1_TBX6_3_YAAII_TCAAAT40NCTG.fastq.gz	signal	102479	4 Mbp	4000000	0	40	57	PASS	PASS	WARN	PASS	FAIL	PASS	PASS	PASS	WARN	PASS	PASS
ELF1_TBX6_3_YAAII_TTCATT40NTAT	/scratch/project_2013895/SELEX/data/Xie2025/submitted_ftp/ELF1_TBX6_3_YAAII_TTCATT40NTAT.fastq.gz	signal	219289	8.7 Mbp	8700000	0	40	57	PASS	PASS	WARN	PASS	FAIL	PASS	PASS	PASS	PASS	PASS	PASS
ELF2_TBX6_3_YAAII_TTATGG40NCCA	/scratch/project_2013895/SELEX/data/Xie2025/submitted_ftp/ELF2_TBX6_3_YAAII_TTATGG40NCCA.fastq.gz	signal	295245	11.8 Mbp	11800000	0	40	52	PASS	PASS	WARN	PASS	FAIL	PASS	PASS	PASS	PASS	PASS	PASS
ELF5_OTP_3_YPIII_TGACCG40NTGCT	/scratch/project_2013895/SELEX/data/Xie2025/submitted_ftp/ELF5_OTP_3_YPIII_TGACCG40NTGCT.fastq.gz	signal	235247	9.4 Mbp	9400000	0	40	42	PASS	PASS	WARN	PASS	WARN	WARN	PASS	PASS	PASS	PASS	PASS
ELK1_ISX_3_YUIIII_TACTCT40NAAC	/scratch/project_2013895/SELEX/data/Xie2025/submitted_ftp/ELK1_ISX_3_YUIIII_TACTCT40NAAC.fastq.gz	signal	215738	8.6 Mbp	8600000	0	40	53	PASS	PASS	FAIL	PASS	FAIL	PASS	PASS	PASS	PASS	PASS	PASS
ELK3_ISX_3_YUIIII_TGGTAT40NTGA	/scratch/project_2013895/SELEX/data/Xie2025/submitted_ftp/ELK3_ISX_3_YUIIII_TGGTAT40NTGA.fastq.gz	signal	203566	8.1 Mbp	8100000	0	40	50	PASS	PASS	FAIL	PASS	WARN	PASS	PASS	PASS	PASS	PASS	PASS
ELK3_ONECUT1_3_YJII_TGGTAT40NTGA	/scratch/project_2013895/SELEX/data/Xie2025/submitted_ftp/ELK3_ONECUT1_3_YJII_TGGTAT40NTGA.fastq.gz	signal	178928	7.1 Mbp	7100000	0	40	52	PASS	PASS	FAIL	PASS	FAIL	PASS	PASS	PASS	FAIL	WARN	PASS
ELK3_TBX4_3_YWII_TGGTAT40NTGA	/scratch/project_2013895/SELEX/data/Xie2025/submitted_ftp/ELK3_TBX4_3_YWII_TGGTAT40NTGA.fastq.gz	signal	275205	11 Mbp	11000000	0	40	56	PASS	PASS	WARN	PASS	FAIL	PASS	PASS	PASS	FAIL	WARN	PASS
ELK3_TBX6_3_YAAII_TGGTAT40NTGA	/scratch/project_2013895/SELEX/data/Xie2025/submitted_ftp/ELK3_TBX6_3_YAAII_TGGTAT40NTGA.fastq.gz	signal	272051	10.8 Mbp	10800000	0	40	56	PASS	PASS	WARN	PASS	FAIL	PASS	PASS	PASS	PASS	PASS	PASS
ERG_TBX6_3_YAAII_TGAATG40NTAG	/scratch/project_2013895/SELEX/data/Xie2025/submitted_ftp/ERG_TBX6_3_YAAII_TGAATG40NTAG.fastq.gz	signal	226846	9 Mbp	9000000	0	40	55	PASS	PASS	WARN	PASS	FAIL	PASS	PASS	PASS	PASS	PASS	PASS
ESX1_TEAD4_3_YJII_TTCGTC40NTGCG	/scratch/project_2013895/SELEX/data/Xie2025/submitted_ftp/ESX1_TEAD4_3_YJII_TTCGTC40NTGCG.fastq.gz	signal	209554	8.3 Mbp	8300000.000000001	0	40	37	PASS	PASS	FAIL	PASS	WARN	PASS	PASS	PASS	PASS	PASS	PASS
ETV1_OTP_3_YPIII_TGGACT40NAACT	/scratch/project_2013895/SELEX/data/Xie2025/submitted_ftp/ETV1_OTP_3_YPIII_TGGACT40NAACT.fastq.gz	signal	220824	8.8 Mbp	8800000	0	40	47	PASS	PASS	WARN	PASS	FAIL	PASS	PASS	PASS	PASS	PASS	PASS
ETV5_ISX_3_YUIIII_TTCGCC40NGAC	/scratch/project_2013895/SELEX/data/Xie2025/submitted_ftp/ETV5_ISX_3_YUIIII_TTCGCC40NGAC.fastq.gz	signal	221024	8.8 Mbp	8800000	0	40	50	PASS	PASS	FAIL	PASS	WARN	PASS	PASS	PASS	PASS	PASS	PASS
ETV5_ONECUT1_3_YJII_TTCGCC40NGAC	/scratch/project_2013895/SELEX/data/Xie2025/submitted_ftp/ETV5_ONECUT1_3_YJII_TTCGCC40NGAC.fastq.gz	signal	183945	7.3 Mbp	7300000	0	40	54	PASS	PASS	FAIL	PASS	FAIL	PASS	PASS	PASS	WARN	WARN	PASS
EVX1_FLI1_3_YYIII_TGAATT40NTAA	/scratch/project_2013895/SELEX/data/Xie2025/submitted_ftp/EVX1_FLI1_3_YYIII_TGAATT40NTAA.fastq.gz	signal	233393	9.3 Mbp	9300000	0	40	47	PASS	PASS	PASS	PASS	FAIL	PASS	PASS	PASS	PASS	PASS	PASS
EVX1_TEAD4_3_YJII_TGAATT40NTAA	/scratch/project_2013895/SELEX/data/Xie2025/submitted_ftp/EVX1_TEAD4_3_YJII_TGAATT40NTAA.fastq.gz	signal	199524	7.9 Mbp	7900000	0	40	39	PASS	PASS	FAIL	PASS	FAIL	PASS	PASS	PASS	PASS	PASS	PASS
EVX2_FOXA1_3_YWII_TCGCTT40NTCT	/scratch/project_2013895/SELEX/data/Xie2025/submitted_ftp/EVX2_FOXA1_3_YWII_TCGCTT40NTCT.fastq.gz	signal	211420	8.4 Mbp	8400000	0	40	48	PASS	PASS	WARN	PASS	WARN	PASS	PASS	PASS	PASS	PASS	PASS
FIGLA_ONECUT1_3_YJII_TGACGG40NCTC	/scratch/project_2013895/SELEX/data/Xie2025/submitted_ftp/FIGLA_ONECUT1_3_YJII_TGACGG40NCTC.fastq.gz	signal	225910	9 Mbp	9000000	0	40	55	PASS	PASS	FAIL	PASS	PASS	PASS	PASS	PASS	PASS	WARN	PASS
FOXA2_ISX_3_YUIIII_TCACCA40NATG	/scratch/project_2013895/SELEX/data/Xie2025/submitted_ftp/FOXA2_ISX_3_YUIIII_TCACCA40NATG.fastq.gz	signal	221250	8.8 Mbp	8800000	0	40	44	PASS	PASS	FAIL	PASS	FAIL	PASS	PASS	PASS	PASS	PASS	PASS
FOXA2_TEAD4_3_YJII_TAGGTC40NACG	/scratch/project_2013895/SELEX/data/Xie2025/submitted_ftp/FOXA2_TEAD4_3_YJII_TAGGTC40NACG.fastq.gz	signal	164886	6.5 Mbp	6500000	0	40	48	PASS	PASS	FAIL	PASS	WARN	PASS	PASS	PASS	PASS	PASS	PASS
FOXB1_OTP_3_YPIII_TAAGGG40NACC	/scratch/project_2013895/SELEX/data/Xie2025/submitted_ftp/FOXB1_OTP_3_YPIII_TAAGGG40NACC.fastq.gz	signal	182124	7.2 Mbp	7200000	0	40	45	PASS	PASS	WARN	PASS	WARN	WARN	PASS	PASS	PASS	PASS	PASS
FOXB1_RUNX2_3_YII_TAAGGG40NACC	/scratch/project_2013895/SELEX/data/Xie2025/submitted_ftp/FOXB1_RUNX2_3_YII_TAAGGG40NACC.fastq.gz	signal	259618	10.3 Mbp	10300000	0	40	43	PASS	PASS	PASS	PASS	WARN	PASS	PASS	PASS	WARN	WARN	PASS
FOXB1_TEAD4_3_YJII_TAAGGG40NACC	/scratch/project_2013895/SELEX/data/Xie2025/submitted_ftp/FOXB1_TEAD4_3_YJII_TAAGGG40NACC.fastq.gz	signal	190072	7.6 Mbp	7600000	0	40	37	PASS	PASS	FAIL	PASS	FAIL	PASS	PASS	PASS	FAIL	WARN	PASS
FOXD2_TBX6_3_YAAII_TGTTTC40NTTA	/scratch/project_2013895/SELEX/data/Xie2025/submitted_ftp/FOXD2_TBX6_3_YAAII_TGTTTC40NTTA.fastq.gz	signal	267248	10.6 Mbp	10600000	0	40	50	PASS	PASS	WARN	PASS	FAIL	PASS	PASS	PASS	PASS	PASS	PASS
GATA3_ONECUT1_3_YJII_TAACTG40NGTA	/scratch/project_2013895/SELEX/data/Xie2025/submitted_ftp/GATA3_ONECUT1_3_YJII_TAACTG40NGTA.fastq.gz	signal	193742	7.7 Mbp	7700000	0	40	40	PASS	PASS	FAIL	PASS	FAIL	PASS	PASS	PASS	WARN	WARN	PASS
GATA4_ONECUT1_3_YJII_TTATGA40NCAG	/scratch/project_2013895/SELEX/data/Xie2025/submitted_ftp/GATA4_ONECUT1_3_YJII_TTATGA40NCAG.fastq.gz	signal	204625	8.1 Mbp	8100000	0	40	40	PASS	PASS	FAIL	PASS	FAIL	PASS	PASS	PASS	WARN	PASS	PASS
GATA4_TBX6_3_YAAII_TTATGA40NCAG	/scratch/project_2013895/SELEX/data/Xie2025/submitted_ftp/GATA4_TBX6_3_YAAII_TTATGA40NCAG.fastq.gz	signal	303139	12.1 Mbp	12100000	0	40	51	PASS	PASS	WARN	PASS	FAIL	PASS	PASS	PASS	PASS	PASS	PASS
GATA4_TEAD4_3_YJII_TATAAC40NCGG	/scratch/project_2013895/SELEX/data/Xie2025/submitted_ftp/GATA4_TEAD4_3_YJII_TATAAC40NCGG.fastq.gz	signal	182781	7.3 Mbp	7300000	0	40	47	PASS	PASS	FAIL	PASS	WARN	PASS	PASS	PASS	PASS	WARN	PASS
GATA5_FLI1_3_YYIII_TTAGAC40NCAG	/scratch/project_2013895/SELEX/data/Xie2025/submitted_ftp/GATA5_FLI1_3_YYIII_TTAGAC40NCAG.fastq.gz	signal	178053	7.1 Mbp	7100000	0	40	55	PASS	PASS	PASS	PASS	WARN	PASS	PASS	PASS	PASS	PASS	PASS
GATA5_IRF8_3_YQIIII_TTAGAC40NCAG	/scratch/project_2013895/SELEX/data/Xie2025/submitted_ftp/GATA5_IRF8_3_YQIIII_TTAGAC40NCAG.fastq.gz	signal	185979	7.4 Mbp	7400000	0	40	49	PASS	PASS	FAIL	PASS	WARN	PASS	PASS	PASS	FAIL	WARN	PASS
GATA5_ONECUT1_3_YJII_TCAGCG40NATG	/scratch/project_2013895/SELEX/data/Xie2025/submitted_ftp/GATA5_ONECUT1_3_YJII_TCAGCG40NATG.fastq.gz	signal	204539	8.1 Mbp	8100000	0	40	40	PASS	PASS	FAIL	PASS	FAIL	PASS	PASS	PASS	FAIL	WARN	PASS
GCM1_HOXA2_3_YJI_TGAGAG40NCGC	/scratch/project_2013895/SELEX/data/Xie2025/submitted_ftp/GCM1_HOXA2_3_YJI_TGAGAG40NCGC.fastq.gz	signal	185105	7.4 Mbp	7400000	0	40	53	PASS	PASS	FAIL	PASS	FAIL	PASS	PASS	PASS	WARN	PASS	PASS
gntR_ATF7_3_YJI_TACAGA40NCGGA	/scratch/project_2013895/SELEX/data/Xie2025/submitted_ftp/gntR_ATF7_3_YJI_TACAGA40NCGGA.fastq.gz	signal	184022	7.3 Mbp	7300000	0	40	44	PASS	PASS	FAIL	PASS	PASS	PASS	PASS	PASS	WARN	PASS	PASS
GSC2_TEAD4_3_YJII_TTTCTA40NCAT	/scratch/project_2013895/SELEX/data/Xie2025/submitted_ftp/GSC2_TEAD4_3_YJII_TTTCTA40NCAT.fastq.gz	signal	228889	9.1 Mbp	9100000	0	40	48	PASS	PASS	FAIL	PASS	FAIL	PASS	PASS	PASS	PASS	PASS	PASS
GSC_ONECUT1_3_YJII_TGCCAC40NGCC	/scratch/project_2013895/SELEX/data/Xie2025/submitted_ftp/GSC_ONECUT1_3_YJII_TGCCAC40NGCC.fastq.gz	signal	195436	7.8 Mbp	7800000	0	40	45	PASS	PASS	FAIL	PASS	FAIL	PASS	PASS	PASS	FAIL	WARN	PASS
GSC_TEAD4_3_YJII_TATAGT40NATAA	/scratch/project_2013895/SELEX/data/Xie2025/submitted_ftp/GSC_TEAD4_3_YJII_TATAGT40NATAA.fastq.gz	signal	208492	8.3 Mbp	8300000.000000001	0	40	42	PASS	PASS	FAIL	PASS	WARN	PASS	PASS	PASS	PASS	PASS	PASS
GSX2_TCF7L1_3_YAFII_TCGCGT40NCGG	/scratch/project_2013895/SELEX/data/Xie2025/submitted_ftp/GSX2_TCF7L1_3_YAFII_TCGCGT40NCGG.fastq.gz	signal	237450	9.4 Mbp	9400000	0	40	42	PASS	PASS	WARN	PASS	PASS	WARN	PASS	PASS	WARN	PASS	PASS
HES5_TEAD4_3_YJII_TCTACG40NCTC	/scratch/project_2013895/SELEX/data/Xie2025/submitted_ftp/HES5_TEAD4_3_YJII_TCTACG40NCTC.fastq.gz	signal	229288	9.1 Mbp	9100000	0	40	45	PASS	PASS	FAIL	PASS	WARN	PASS	PASS	PASS	WARN	WARN	PASS
HOXA10_TEAD4_3_YJII_TTTCTA40NCCAG	/scratch/project_2013895/SELEX/data/Xie2025/submitted_ftp/HOXA10_TEAD4_3_YJII_TTTCTA40NCCAG.fastq.gz	signal	190950	7.6 Mbp	7600000	0	40	40	PASS	PASS	FAIL	PASS	FAIL	PASS	PASS	PASS	PASS	PASS	PASS
HOXA10_TGIF2LX_3_YVII_TGCGGT40NTCA	/scratch/project_2013895/SELEX/data/Xie2025/submitted_ftp/HOXA10_TGIF2LX_3_YVII_TGCGGT40NTCA.fastq.gz	signal	232206	9.2 Mbp	9200000	0	40	54	PASS	PASS	FAIL	PASS	FAIL	FAIL	PASS	PASS	PASS	FAIL	PASS
HOXA2_ONECUT1_3_YJII_TCGTGC40NACC	/scratch/project_2013895/SELEX/data/Xie2025/submitted_ftp/HOXA2_ONECUT1_3_YJII_TCGTGC40NACC.fastq.gz	signal	197178	7.8 Mbp	7800000	0	40	36	PASS	PASS	FAIL	PASS	WARN	WARN	PASS	PASS	WARN	PASS	PASS
HOXB13_MEIS3_3_YRIIII_TGCGAT40NGAT	/scratch/project_2013895/SELEX/data/Xie2025/submitted_ftp/HOXB13_MEIS3_3_YRIIII_TGCGAT40NGAT.fastq.gz	signal	166688	6.6 Mbp	6600000	0	40	51	PASS	PASS	PASS	PASS	FAIL	PASS	PASS	PASS	PASS	PASS	PASS
HOXB7_ONECUT1_3_YJII_TATTCT40NCTC	/scratch/project_2013895/SELEX/data/Xie2025/submitted_ftp/HOXB7_ONECUT1_3_YJII_TATTCT40NCTC.fastq.gz	signal	184167	7.3 Mbp	7300000	0	40	39	PASS	PASS	FAIL	PASS	WARN	WARN	PASS	PASS	PASS	PASS	PASS
HOXC10_TEAD4_3_YJII_TTGTTC40NTCTA	/scratch/project_2013895/SELEX/data/Xie2025/submitted_ftp/HOXC10_TEAD4_3_YJII_TTGTTC40NTCTA.fastq.gz	signal	163642	6.5 Mbp	6500000	0	40	37	PASS	PASS	FAIL	PASS	WARN	PASS	PASS	PASS	PASS	PASS	PASS
HOXC11_MEIS3_3_YRIIII_TCTAAC40NACC	/scratch/project_2013895/SELEX/data/Xie2025/submitted_ftp/HOXC11_MEIS3_3_YRIIII_TCTAAC40NACC.fastq.gz	signal	124412	4.9 Mbp	4900000	0	40	51	PASS	PASS	PASS	PASS	FAIL	PASS	PASS	PASS	PASS	PASS	PASS
HOXC11_MEIS3_3_YRIIII_TTTACA40NGCT	/scratch/project_2013895/SELEX/data/Xie2025/submitted_ftp/HOXC11_MEIS3_3_YRIIII_TTTACA40NGCT.fastq.gz	signal	157966	6.3 Mbp	6300000	0	40	51	PASS	PASS	PASS	PASS	FAIL	PASS	PASS	PASS	PASS	PASS	PASS
HOXC11_TEAD4_3_YJII_TCTTGT40NGATC	/scratch/project_2013895/SELEX/data/Xie2025/submitted_ftp/HOXC11_TEAD4_3_YJII_TCTTGT40NGATC.fastq.gz	signal	207236	8.2 Mbp	8199999.999999999	0	40	38	PASS	PASS	FAIL	PASS	FAIL	PASS	PASS	PASS	PASS	PASS	PASS
HOXC11_TGIF2LX_3_YVII_TTTACA40NGCT	/scratch/project_2013895/SELEX/data/Xie2025/submitted_ftp/HOXC11_TGIF2LX_3_YVII_TTTACA40NGCT.fastq.gz	signal	276218	11 Mbp	11000000	0	40	53	PASS	PASS	FAIL	PASS	FAIL	PASS	PASS	PASS	PASS	WARN	PASS
HOXD10_FOXO1_3_YIII_TAGCTG40NCTA	/scratch/project_2013895/SELEX/data/Xie2025/submitted_ftp/HOXD10_FOXO1_3_YIII_TAGCTG40NCTA.fastq.gz	signal	213771	8.5 Mbp	8500000	0	40	44	PASS	PASS	PASS	PASS	WARN	PASS	PASS	PASS	PASS	PASS	PASS
HOXD10_MEIS3_3_YRIIII_TCTACT40NACA	/scratch/project_2013895/SELEX/data/Xie2025/submitted_ftp/HOXD10_MEIS3_3_YRIIII_TCTACT40NACA.fastq.gz	signal	170245	6.8 Mbp	6800000	0	40	49	PASS	PASS	PASS	PASS	FAIL	PASS	PASS	PASS	PASS	PASS	PASS
HOXD10_TEAD4_3_YJII_TAGCTG40NCTA	/scratch/project_2013895/SELEX/data/Xie2025/submitted_ftp/HOXD10_TEAD4_3_YJII_TAGCTG40NCTA.fastq.gz	signal	257589	10.3 Mbp	10300000	0	40	41	PASS	PASS	FAIL	PASS	WARN	PASS	PASS	PASS	WARN	PASS	PASS
HOXD10_TFEC_3_YAGIIII_TAGCTG40NCTA	/scratch/project_2013895/SELEX/data/Xie2025/submitted_ftp/HOXD10_TFEC_3_YAGIIII_TAGCTG40NCTA.fastq.gz	signal	232487	9.2 Mbp	9200000	0	40	50	PASS	PASS	WARN	PASS	WARN	PASS	PASS	PASS	PASS	PASS	PASS
HOXD9_TGIF2LX_3_YVII_TAGGCT40NACC	/scratch/project_2013895/SELEX/data/Xie2025/submitted_ftp/HOXD9_TGIF2LX_3_YVII_TAGGCT40NACC.fastq.gz	signal	246990	9.8 Mbp	9800000	0	40	54	PASS	PASS	FAIL	PASS	FAIL	PASS	PASS	PASS	PASS	PASS	PASS
IRF8_TEAD4_3_YJII_TACGGT40NTAC	/scratch/project_2013895/SELEX/data/Xie2025/submitted_ftp/IRF8_TEAD4_3_YJII_TACGGT40NTAC.fastq.gz	signal	228449	9.1 Mbp	9100000	0	40	48	PASS	PASS	FAIL	PASS	WARN	PASS	PASS	PASS	PASS	PASS	PASS
JDP2_EVX1_3_YPIIII_TGCTTT40NAGA	/scratch/project_2013895/SELEX/data/Xie2025/submitted_ftp/JDP2_EVX1_3_YPIIII_TGCTTT40NAGA.fastq.gz	signal	279920	11.1 Mbp	11100000	0	40	51	PASS	PASS	FAIL	PASS	WARN	PASS	PASS	PASS	PASS	PASS	PASS
JDP2_TEAD4_3_YJII_TGCTTT40NAGA	/scratch/project_2013895/SELEX/data/Xie2025/submitted_ftp/JDP2_TEAD4_3_YJII_TGCTTT40NAGA.fastq.gz	signal	242162	9.6 Mbp	9600000	0	40	49	PASS	PASS	FAIL	PASS	WARN	PASS	PASS	PASS	FAIL	PASS	PASS
LMX1A_BACH2_3_YACIIII_TTATTT40NCGT	/scratch/project_2013895/SELEX/data/Xie2025/submitted_ftp/LMX1A_BACH2_3_YACIIII_TTATTT40NCGT.fastq.gz	signal	308899	12.3 Mbp	12300000	0	40	46	PASS	PASS	PASS	PASS	FAIL	PASS	PASS	PASS	WARN	PASS	PASS
MAFF_HOXB5_3_YVIII_TATACC40NGCC	/scratch/project_2013895/SELEX/data/Xie2025/submitted_ftp/MAFF_HOXB5_3_YVIII_TATACC40NGCC.fastq.gz	signal	257205	10.2 Mbp	10200000	0	40	46	PASS	PASS	WARN	PASS	PASS	PASS	PASS	PASS	PASS	PASS	PASS
MAFG_HOXB5_3_YVIII_TGTTAA40NACT	/scratch/project_2013895/SELEX/data/Xie2025/submitted_ftp/MAFG_HOXB5_3_YVIII_TGTTAA40NACT.fastq.gz	signal	281208	11.2 Mbp	11200000	0	40	46	PASS	PASS	WARN	PASS	WARN	PASS	PASS	PASS	PASS	PASS	PASS
MAX_TEAD4_3_YJII_TCTGCA40NAGAC	/scratch/project_2013895/SELEX/data/Xie2025/submitted_ftp/MAX_TEAD4_3_YJII_TCTGCA40NAGAC.fastq.gz	signal	242913	9.7 Mbp	9700000	0	40	47	PASS	PASS	FAIL	PASS	WARN	PASS	PASS	PASS	WARN	PASS	PASS
MEIS2_TEAD4_3_YJII_TGATTC40NTAT	/scratch/project_2013895/SELEX/data/Xie2025/submitted_ftp/MEIS2_TEAD4_3_YJII_TGATTC40NTAT.fastq.gz	signal	217077	8.6 Mbp	8600000	0	40	47	PASS	PASS	FAIL	PASS	WARN	PASS	PASS	PASS	WARN	WARN	PASS
MIXL1_ETV1_3_YRIIII_TTGGCC40NTCG	/scratch/project_2013895/SELEX/data/Xie2025/submitted_ftp/MIXL1_ETV1_3_YRIIII_TTGGCC40NTCG.fastq.gz	signal	239599	9.5 Mbp	9500000	0	40	50	PASS	PASS	PASS	PASS	WARN	PASS	PASS	PASS	PASS	PASS	PASS
MIXL1_TEAD4_3_YJII_TTGGCC40NTCG	/scratch/project_2013895/SELEX/data/Xie2025/submitted_ftp/MIXL1_TEAD4_3_YJII_TTGGCC40NTCG.fastq.gz	signal	333351	13.3 Mbp	13300000	0	40	41	PASS	PASS	FAIL	PASS	PASS	PASS	PASS	PASS	PASS	WARN	PASS
MLX_ETV1_3_YRIIII_TCCAGC40NGTCC	/scratch/project_2013895/SELEX/data/Xie2025/submitted_ftp/MLX_ETV1_3_YRIIII_TCCAGC40NGTCC.fastq.gz	signal	312036	12.4 Mbp	12400000	0	40	53	PASS	PASS	PASS	PASS	FAIL	PASS	PASS	PASS	PASS	PASS	PASS
MLX_FOXA1_3_YWII_TCCAGC40NGTCC	/scratch/project_2013895/SELEX/data/Xie2025/submitted_ftp/MLX_FOXA1_3_YWII_TCCAGC40NGTCC.fastq.gz	signal	266060	10.6 Mbp	10600000	0	40	51	PASS	PASS	WARN	PASS	WARN	PASS	PASS	PASS	PASS	PASS	PASS
MLX_FOXD2_3_YWI_TTGTCT40NGCT	/scratch/project_2013895/SELEX/data/Xie2025/submitted_ftp/MLX_FOXD2_3_YWI_TTGTCT40NGCT.fastq.gz	signal	252036	10 Mbp	10000000	0	40	50	PASS	PASS	FAIL	PASS	FAIL	WARN	PASS	PASS	WARN	PASS	PASS
MLX_GCM1_3_YACII_TTGTCT40NGCT	/scratch/project_2013895/SELEX/data/Xie2025/submitted_ftp/MLX_GCM1_3_YACII_TTGTCT40NGCT.fastq.gz	signal	244504	9.7 Mbp	9700000	0	40	62	PASS	PASS	PASS	PASS	FAIL	PASS	PASS	PASS	PASS	PASS	PASS
MLX_ONECUT1_3_YJII_TTGTCT40NGCT	/scratch/project_2013895/SELEX/data/Xie2025/submitted_ftp/MLX_ONECUT1_3_YJII_TTGTCT40NGCT.fastq.gz	signal	200834	8 Mbp	8000000	0	40	54	PASS	PASS	FAIL	PASS	FAIL	PASS	PASS	PASS	FAIL	WARN	PASS
MLX_TEAD4_3_YJII_TCCAGC40NGTCC	/scratch/project_2013895/SELEX/data/Xie2025/submitted_ftp/MLX_TEAD4_3_YJII_TCCAGC40NGTCC.fastq.gz	signal	222807	8.9 Mbp	8900000	0	40	50	PASS	PASS	FAIL	PASS	WARN	PASS	PASS	PASS	PASS	PASS	PASS
MYOG_TEAD4_3_YJII_TGCTTC40NGTCA	/scratch/project_2013895/SELEX/data/Xie2025/submitted_ftp/MYOG_TEAD4_3_YJII_TGCTTC40NGTCA.fastq.gz	signal	174119	6.9 Mbp	6900000	0	40	47	PASS	PASS	FAIL	PASS	FAIL	PASS	PASS	PASS	PASS	PASS	PASS
NEUROG1_FLI1_3_YYIII_TCGAAT40NTCGT	/scratch/project_2013895/SELEX/data/Xie2025/submitted_ftp/NEUROG1_FLI1_3_YYIII_TCGAAT40NTCGT.fastq.gz	signal	248093	9.9 Mbp	9900000	0	40	50	PASS	PASS	PASS	PASS	WARN	PASS	PASS	PASS	PASS	PASS	PASS
NEUROG1_FOXA1_3_YWII_TCGAAT40NTCGT	/scratch/project_2013895/SELEX/data/Xie2025/submitted_ftp/NEUROG1_FOXA1_3_YWII_TCGAAT40NTCGT.fastq.gz	signal	237841	9.5 Mbp	9500000	0	40	47	PASS	PASS	WARN	PASS	WARN	PASS	PASS	PASS	PASS	PASS	PASS
NEUROG1_ONECUT1_3_YJII_TCGCAC40NCCT	/scratch/project_2013895/SELEX/data/Xie2025/submitted_ftp/NEUROG1_ONECUT1_3_YJII_TCGCAC40NCCT.fastq.gz	signal	159259	6.3 Mbp	6300000	0	40	56	PASS	PASS	FAIL	PASS	FAIL	PASS	PASS	PASS	PASS	PASS	PASS
NEUROG1_OTP_3_YPIII_TCGAAT40NTCGT	/scratch/project_2013895/SELEX/data/Xie2025/submitted_ftp/NEUROG1_OTP_3_YPIII_TCGAAT40NTCGT.fastq.gz	signal	225689	9 Mbp	9000000	0	40	43	PASS	PASS	WARN	PASS	PASS	PASS	PASS	PASS	PASS	PASS	PASS
NEUROG1_TEAD4_3_YJII_TCGAAT40NTCGT	/scratch/project_2013895/SELEX/data/Xie2025/submitted_ftp/NEUROG1_TEAD4_3_YJII_TCGAAT40NTCGT.fastq.gz	signal	185305	7.4 Mbp	7400000	0	40	45	PASS	PASS	FAIL	PASS	WARN	PASS	PASS	PASS	PASS	PASS	PASS
NEUROG2_EVX2_3_YZIIII_TCACAT40NATG	/scratch/project_2013895/SELEX/data/Xie2025/submitted_ftp/NEUROG2_EVX2_3_YZIIII_TCACAT40NATG.fastq.gz	signal	216978	8.6 Mbp	8600000	0	40	48	PASS	PASS	FAIL	PASS	FAIL	PASS	PASS	PASS	PASS	WARN	PASS
NEUROG2_ONECUT1_3_YJII_TAGGAG40NAGT	/scratch/project_2013895/SELEX/data/Xie2025/submitted_ftp/NEUROG2_ONECUT1_3_YJII_TAGGAG40NAGT.fastq.gz	signal	204460	8.1 Mbp	8100000	0	40	41	PASS	PASS	FAIL	PASS	WARN	WARN	PASS	PASS	FAIL	WARN	PASS
NEUROG2_TEAD4_3_YJII_TCACAT40NATG	/scratch/project_2013895/SELEX/data/Xie2025/submitted_ftp/NEUROG2_TEAD4_3_YJII_TCACAT40NATG.fastq.gz	signal	272655	10.9 Mbp	10900000	0	40	49	PASS	PASS	FAIL	PASS	FAIL	PASS	PASS	PASS	PASS	PASS	PASS
NFATC1_MSX2_3_YSIIII_TAGGTC40NACCA	/scratch/project_2013895/SELEX/data/Xie2025/submitted_ftp/NFATC1_MSX2_3_YSIIII_TAGGTC40NACCA.fastq.gz	signal	213564	8.5 Mbp	8500000	0	40	47	PASS	PASS	PASS	PASS	PASS	PASS	PASS	PASS	PASS	PASS	PASS
NFATC1_ONECUT1_3_YJII_TGACGC40NCAC	/scratch/project_2013895/SELEX/data/Xie2025/submitted_ftp/NFATC1_ONECUT1_3_YJII_TGACGC40NCAC.fastq.gz	signal	167530	6.7 Mbp	6700000	0	40	54	PASS	PASS	FAIL	PASS	FAIL	PASS	PASS	PASS	WARN	WARN	PASS
NFATC1_OTP_3_YPIII_TAGGTC40NACCA	/scratch/project_2013895/SELEX/data/Xie2025/submitted_ftp/NFATC1_OTP_3_YPIII_TAGGTC40NACCA.fastq.gz	signal	212487	8.4 Mbp	8400000	0	40	46	PASS	PASS	WARN	PASS	PASS	PASS	PASS	PASS	PASS	PASS	PASS
NFATC4_EVX2_3_YZIIII_TGGCCT40NATTT	/scratch/project_2013895/SELEX/data/Xie2025/submitted_ftp/NFATC4_EVX2_3_YZIIII_TGGCCT40NATTT.fastq.gz	signal	283773	11.3 Mbp	11300000	0	40	39	PASS	PASS	FAIL	PASS	FAIL	WARN	PASS	PASS	WARN	PASS	PASS
NFATC4_MSX2_3_YSIIII_TGGCCT40NATTT	/scratch/project_2013895/SELEX/data/Xie2025/submitted_ftp/NFATC4_MSX2_3_YSIIII_TGGCCT40NATTT.fastq.gz	signal	217855	8.7 Mbp	8700000	0	40	47	PASS	PASS	PASS	PASS	WARN	PASS	PASS	PASS	PASS	PASS	PASS
NFATC4_NKX2-6_3_YQII_TGGCCT40NATTT	/scratch/project_2013895/SELEX/data/Xie2025/submitted_ftp/NFATC4_NKX2-6_3_YQII_TGGCCT40NATTT.fastq.gz	signal	229824	9.1 Mbp	9100000	0	40	49	PASS	PASS	FAIL	PASS	WARN	PASS	PASS	PASS	PASS	PASS	PASS
NFATC4_OTP_3_YPIII_TGGCCT40NATTT	/scratch/project_2013895/SELEX/data/Xie2025/submitted_ftp/NFATC4_OTP_3_YPIII_TGGCCT40NATTT.fastq.gz	signal	226314	9 Mbp	9000000	0	40	44	PASS	PASS	WARN	PASS	WARN	PASS	PASS	PASS	PASS	PASS	PASS
NHLH1_EVX2_3_YZIIII_TGCGCG40NTAG	/scratch/project_2013895/SELEX/data/Xie2025/submitted_ftp/NHLH1_EVX2_3_YZIIII_TGCGCG40NTAG.fastq.gz	signal	230368	9.2 Mbp	9200000	0	40	47	PASS	PASS	FAIL	PASS	WARN	PASS	PASS	PASS	PASS	PASS	PASS
NHLH1_HOXD8_3_YZIII_TGAGAA40NGCG	/scratch/project_2013895/SELEX/data/Xie2025/submitted_ftp/NHLH1_HOXD8_3_YZIII_TGAGAA40NGCG.fastq.gz	signal	290367	11.6 Mbp	11600000	0	40	47	PASS	PASS	WARN	PASS	WARN	PASS	PASS	PASS	PASS	PASS	PASS
NHLH1_TEAD4_3_YJII_TGCGCG40NTAG	/scratch/project_2013895/SELEX/data/Xie2025/submitted_ftp/NHLH1_TEAD4_3_YJII_TGCGCG40NTAG.fastq.gz	signal	174400	6.9 Mbp	6900000	0	40	51	PASS	PASS	FAIL	PASS	FAIL	PASS	PASS	PASS	PASS	WARN	PASS
NKX2-3_FLI1_3_YYIII_TTCTCC40NTCTC	/scratch/project_2013895/SELEX/data/Xie2025/submitted_ftp/NKX2-3_FLI1_3_YYIII_TTCTCC40NTCTC.fastq.gz	signal	257273	10.2 Mbp	10200000	0	40	49	PASS	PASS	PASS	PASS	WARN	PASS	PASS	PASS	PASS	PASS	PASS
OLIG2_EVX2_3_YZIIII_TGGCCG40NCTTT	/scratch/project_2013895/SELEX/data/Xie2025/submitted_ftp/OLIG2_EVX2_3_YZIIII_TGGCCG40NCTTT.fastq.gz	signal	223734	8.9 Mbp	8900000	0	40	40	PASS	PASS	FAIL	PASS	WARN	WARN	PASS	PASS	WARN	PASS	PASS
OLIG2_FLI1_3_YYIII_TGGCCG40NCTTT	/scratch/project_2013895/SELEX/data/Xie2025/submitted_ftp/OLIG2_FLI1_3_YYIII_TGGCCG40NCTTT.fastq.gz	signal	253119	10.1 Mbp	10100000	0	40	48	PASS	PASS	PASS	PASS	FAIL	PASS	PASS	PASS	PASS	PASS	PASS
OLIG2_FOXA1_3_YWII_TGGCCG40NCTTT	/scratch/project_2013895/SELEX/data/Xie2025/submitted_ftp/OLIG2_FOXA1_3_YWII_TGGCCG40NCTTT.fastq.gz	signal	259500	10.3 Mbp	10300000	0	40	47	PASS	PASS	WARN	PASS	PASS	PASS	PASS	PASS	PASS	PASS	PASS
OLIG2_HOXB5_3_YVIII_TCTAAA40NCGC	/scratch/project_2013895/SELEX/data/Xie2025/submitted_ftp/OLIG2_HOXB5_3_YVIII_TCTAAA40NCGC.fastq.gz	signal	293701	11.7 Mbp	11700000	0	40	55	PASS	PASS	WARN	PASS	FAIL	PASS	PASS	PASS	PASS	PASS	PASS
OLIG2_IRF8_3_YQIIII_TGGCCG40NCTTT	/scratch/project_2013895/SELEX/data/Xie2025/submitted_ftp/OLIG2_IRF8_3_YQIIII_TGGCCG40NCTTT.fastq.gz	signal	179886	7.1 Mbp	7100000	0	40	48	PASS	PASS	WARN	PASS	WARN	PASS	PASS	PASS	PASS	PASS	PASS
OLIG2_ISX_3_YUIIII_TCTAAA40NCGC	/scratch/project_2013895/SELEX/data/Xie2025/submitted_ftp/OLIG2_ISX_3_YUIIII_TCTAAA40NCGC.fastq.gz	signal	215447	8.6 Mbp	8600000	0	40	50	PASS	PASS	FAIL	PASS	FAIL	PASS	PASS	PASS	PASS	PASS	PASS
OLIG2_MEIS3_3_YRIIII_TCTAAA40NCGC	/scratch/project_2013895/SELEX/data/Xie2025/submitted_ftp/OLIG2_MEIS3_3_YRIIII_TCTAAA40NCGC.fastq.gz	signal	184015	7.3 Mbp	7300000	0	40	53	PASS	PASS	PASS	PASS	FAIL	PASS	PASS	PASS	PASS	PASS	PASS
OLIG2_OTP_3_YPIII_TGGCCG40NCTTT	/scratch/project_2013895/SELEX/data/Xie2025/submitted_ftp/OLIG2_OTP_3_YPIII_TGGCCG40NCTTT.fastq.gz	signal	227031	9 Mbp	9000000	0	40	45	PASS	PASS	WARN	PASS	WARN	PASS	PASS	PASS	PASS	PASS	PASS
OLIG2_TEAD4_3_YJII_TGGCCG40NCTTT	/scratch/project_2013895/SELEX/data/Xie2025/submitted_ftp/OLIG2_TEAD4_3_YJII_TGGCCG40NCTTT.fastq.gz	signal	229498	9.1 Mbp	9100000	0	40	45	PASS	PASS	FAIL	PASS	WARN	PASS	PASS	PASS	PASS	PASS	PASS
OLIG3_TEAD4_3_YJII_TCCTCA40NTATT	/scratch/project_2013895/SELEX/data/Xie2025/submitted_ftp/OLIG3_TEAD4_3_YJII_TCCTCA40NTATT.fastq.gz	signal	146944	5.8 Mbp	5800000	0	40	45	PASS	PASS	FAIL	PASS	WARN	PASS	PASS	PASS	PASS	PASS	PASS
OTX1_ONECUT1_3_YJII_TTGCGA40NGTA	/scratch/project_2013895/SELEX/data/Xie2025/submitted_ftp/OTX1_ONECUT1_3_YJII_TTGCGA40NGTA.fastq.gz	signal	227251	9 Mbp	9000000	0	40	47	PASS	PASS	FAIL	PASS	FAIL	PASS	PASS	PASS	PASS	PASS	PASS
PAX1_TEAD4_3_YJII_TCCTGC40NTCG	/scratch/project_2013895/SELEX/data/Xie2025/submitted_ftp/PAX1_TEAD4_3_YJII_TCCTGC40NTCG.fastq.gz	signal	208894	8.3 Mbp	8300000.000000001	0	40	48	PASS	PASS	FAIL	PASS	FAIL	PASS	PASS	PASS	PASS	PASS	PASS
PAX5_TEAD4_3_YJII_TATATT40NTGC	/scratch/project_2013895/SELEX/data/Xie2025/submitted_ftp/PAX5_TEAD4_3_YJII_TATATT40NTGC.fastq.gz	signal	217794	8.7 Mbp	8700000	0	40	53	PASS	PASS	FAIL	PASS	FAIL	PASS	PASS	PASS	WARN	PASS	PASS
PITX1_BACH2_3_YACIIII_TCACGC40NACT	/scratch/project_2013895/SELEX/data/Xie2025/submitted_ftp/PITX1_BACH2_3_YACIIII_TCACGC40NACT.fastq.gz	signal	294590	11.7 Mbp	11700000	0	40	49	PASS	PASS	WARN	PASS	WARN	PASS	PASS	PASS	WARN	PASS	PASS
PITX1_FLI1_3_YYIII_TCACGC40NACT	/scratch/project_2013895/SELEX/data/Xie2025/submitted_ftp/PITX1_FLI1_3_YYIII_TCACGC40NACT.fastq.gz	signal	286728	11.4 Mbp	11400000	0	40	54	PASS	PASS	PASS	PASS	WARN	PASS	PASS	PASS	PASS	PASS	PASS
PITX2_TEAD4_3_YJII_TCTCCT40NCGGT	/scratch/project_2013895/SELEX/data/Xie2025/submitted_ftp/PITX2_TEAD4_3_YJII_TCTCCT40NCGGT.fastq.gz	signal	233015	9.3 Mbp	9300000	0	40	43	PASS	PASS	FAIL	PASS	WARN	PASS	PASS	PASS	PASS	PASS	PASS
PITX3_TBX21_3_YYI_TCATCT40NATT	/scratch/project_2013895/SELEX/data/Xie2025/submitted_ftp/PITX3_TBX21_3_YYI_TCATCT40NATT.fastq.gz	signal	190852	7.6 Mbp	7600000	0	40	53	PASS	PASS	FAIL	PASS	FAIL	PASS	PASS	PASS	WARN	PASS	PASS
POU2F2_TBX21_3_YYI_TAACTC40NGTC	/scratch/project_2013895/SELEX/data/Xie2025/submitted_ftp/POU2F2_TBX21_3_YYI_TAACTC40NGTC.fastq.gz	signal	210236	8.4 Mbp	8400000	0	40	44	PASS	PASS	FAIL	PASS	FAIL	PASS	PASS	PASS	FAIL	PASS	PASS
POU3F2_MEIS3_3_YRIIII_TTGTCC40NTAG	/scratch/project_2013895/SELEX/data/Xie2025/submitted_ftp/POU3F2_MEIS3_3_YRIIII_TTGTCC40NTAG.fastq.gz	signal	187835	7.5 Mbp	7500000	0	40	51	PASS	PASS	PASS	PASS	WARN	PASS	PASS	PASS	PASS	PASS	PASS
PROX1_RUNX2_3_YII_TGATGC40NTAA	/scratch/project_2013895/SELEX/data/Xie2025/submitted_ftp/PROX1_RUNX2_3_YII_TGATGC40NTAA.fastq.gz	signal	269927	10.7 Mbp	10700000	0	40	51	PASS	PASS	PASS	PASS	FAIL	PASS	PASS	PASS	PASS	PASS	PASS
PRRX1_ONECUT1_3_YJII_TACTGA40NACC	/scratch/project_2013895/SELEX/data/Xie2025/submitted_ftp/PRRX1_ONECUT1_3_YJII_TACTGA40NACC.fastq.gz	signal	203475	8.1 Mbp	8100000	0	40	40	PASS	PASS	FAIL	PASS	FAIL	PASS	PASS	PASS	PASS	PASS	PASS
SRF_NKX6-1_3_YVIII_TTCGAG40NCATT	/scratch/project_2013895/SELEX/data/Xie2025/submitted_ftp/SRF_NKX6-1_3_YVIII_TTCGAG40NCATT.fastq.gz	signal	271555	10.8 Mbp	10800000	0	40	44	PASS	PASS	FAIL	PASS	FAIL	PASS	PASS	PASS	PASS	WARN	PASS
SRF_TEAD4_3_YJII_TTCGAG40NCATT	/scratch/project_2013895/SELEX/data/Xie2025/submitted_ftp/SRF_TEAD4_3_YJII_TTCGAG40NCATT.fastq.gz	signal	187367	7.4 Mbp	7400000	0	40	46	PASS	PASS	FAIL	PASS	WARN	PASS	PASS	PASS	PASS	PASS	PASS
TBX3_ONECUT1_3_YJII_TCACGA40NTTA	/scratch/project_2013895/SELEX/data/Xie2025/submitted_ftp/TBX3_ONECUT1_3_YJII_TCACGA40NTTA.fastq.gz	signal	243422	9.7 Mbp	9700000	0	40	47	PASS	PASS	FAIL	PASS	WARN	PASS	PASS	PASS	WARN	WARN	PASS
TBX4_TEAD4_3_YJII_TGCAGG40NTCG	/scratch/project_2013895/SELEX/data/Xie2025/submitted_ftp/TBX4_TEAD4_3_YJII_TGCAGG40NTCG.fastq.gz	signal	194647	7.7 Mbp	7700000	0	40	49	PASS	PASS	FAIL	PASS	FAIL	PASS	PASS	PASS	WARN	WARN	PASS
TCF12_TBX21_3_YYI_TGGTCC40NTTC	/scratch/project_2013895/SELEX/data/Xie2025/submitted_ftp/TCF12_TBX21_3_YYI_TGGTCC40NTTC.fastq.gz	signal	208694	8.3 Mbp	8300000.000000001	0	40	57	PASS	PASS	FAIL	PASS	FAIL	PASS	PASS	PASS	PASS	PASS	PASS
TCF4_TEAD4_3_YJII_TTTCAC40NGTG	/scratch/project_2013895/SELEX/data/Xie2025/submitted_ftp/TCF4_TEAD4_3_YJII_TTTCAC40NGTG.fastq.gz	signal	122086	4.8 Mbp	4800000	0	40	55	PASS	PASS	FAIL	PASS	FAIL	PASS	PASS	PASS	PASS	PASS	PASS
TEAD4_CLOCK_3_YJI_TCTAGG40NCTG	/scratch/project_2013895/SELEX/data/Xie2025/submitted_ftp/TEAD4_CLOCK_3_YJI_TCTAGG40NCTG.fastq.gz	signal	179359	7.1 Mbp	7100000	0	40	48	PASS	PASS	FAIL	PASS	FAIL	PASS	PASS	PASS	PASS	PASS	PASS
TFAP2B_FOXD2_3_YWI_TTTATT40NATC	/scratch/project_2013895/SELEX/data/Xie2025/submitted_ftp/TFAP2B_FOXD2_3_YWI_TTTATT40NATC.fastq.gz	signal	231671	9.2 Mbp	9200000	0	40	53	PASS	PASS	FAIL	PASS	FAIL	PASS	PASS	PASS	PASS	PASS	PASS
TFAP2C_ONECUT1_3_YJII_TCTTTA40NGGA	/scratch/project_2013895/SELEX/data/Xie2025/submitted_ftp/TFAP2C_ONECUT1_3_YJII_TCTTTA40NGGA.fastq.gz	signal	245994	9.8 Mbp	9800000	0	40	57	PASS	PASS	FAIL	PASS	FAIL	PASS	PASS	PASS	WARN	PASS	PASS
TFAP4_ONECUT1_3_YJII_TACTGT40NCGC	/scratch/project_2013895/SELEX/data/Xie2025/submitted_ftp/TFAP4_ONECUT1_3_YJII_TACTGT40NCGC.fastq.gz	signal	228034	9.1 Mbp	9100000	0	40	55	PASS	PASS	FAIL	PASS	FAIL	PASS	PASS	PASS	PASS	PASS	PASS
TLX2_FLI1_3_YYIII_TTGATG40NATC	/scratch/project_2013895/SELEX/data/Xie2025/submitted_ftp/TLX2_FLI1_3_YYIII_TTGATG40NATC.fastq.gz	signal	226346	9 Mbp	9000000	0	40	48	PASS	PASS	PASS	PASS	WARN	PASS	PASS	PASS	PASS	PASS	PASS
TLX2_TEAD4_3_YJII_TTGATG40NATC	/scratch/project_2013895/SELEX/data/Xie2025/submitted_ftp/TLX2_TEAD4_3_YJII_TTGATG40NATC.fastq.gz	signal	197755	7.9 Mbp	7900000	0	40	39	PASS	PASS	FAIL	PASS	WARN	WARN	PASS	PASS	PASS	PASS	PASS
VSX2_SOX11_3_YUIII_TCGCCG40NTGC	/scratch/project_2013895/SELEX/data/Xie2025/submitted_ftp/VSX2_SOX11_3_YUIII_TCGCCG40NTGC.fastq.gz	signal	220123	8.8 Mbp	8800000	0	40	44	PASS	PASS	PASS	PASS	WARN	WARN	PASS	PASS	PASS	PASS	PASS
VSX2_TCF12_3_YADIII_TCGCCG40NTGC	/scratch/project_2013895/SELEX/data/Xie2025/submitted_ftp/VSX2_TCF12_3_YADIII_TCGCCG40NTGC.fastq.gz	signal	157424	6.2 Mbp	6200000	0	40	53	PASS	PASS	FAIL	PASS	FAIL	PASS	PASS	PASS	PASS	PASS	PASS
VSX2_TCF4_3_YACII_TCGCCG40NTGC	/scratch/project_2013895/SELEX/data/Xie2025/submitted_ftp/VSX2_TCF4_3_YACII_TCGCCG40NTGC.fastq.gz	signal	224627	8.9 Mbp	8900000	0	40	49	PASS	PASS	PASS	PASS	FAIL	PASS	PASS	PASS	PASS	WARN	PASS
BCL6B_TGCGGG20NGA_AC_3	/scratch/project_2013895/SELEX/data/Jolma2013/submitted_ftp/BCL6B_TGCGGG20NGA_AC_3.fastq.gz	background	107056	2.1 Mbp	2100000	0	20	50	PASS	PASS	NA	PASS	WARN	PASS	PASS	PASS	PASS	PASS	PASS
CTCF_full_AJ_TAGCGA20NGCT_3	/scratch/project_2013895/SELEX/data/Jolma2013/submitted_ftp/CTCF_full_AJ_TAGCGA20NGCT_3.fastq.gz	background	292102	5.8 Mbp	5800000	0	20	54	PASS	PASS	NA	PASS	FAIL	PASS	PASS	PASS	PASS	PASS	PASS
EGR1_TCTCTT20NGA_Y_1	/scratch/project_2013895/SELEX/data/Jolma2013/submitted_ftp/EGR1_TCTCTT20NGA_Y_1.fastq.gz	background	46016	920.3 kbp	920300	0	20	49	PASS	PASS	NA	PASS	WARN	PASS	PASS	PASS	PASS	PASS	PASS
EGR1_TACTAT20NATC_AA_3	/scratch/project_2013895/SELEX/data/Jolma2013/submitted_ftp/EGR1_TACTAT20NATC_AA_3.fastq.gz	background	266744	5.3 Mbp	5300000	0	20	47	PASS	PASS	NA	PASS	PASS	PASS	PASS	PASS	PASS	PASS	PASS
EGR2_TCGGCC20NGA_W_2	/scratch/project_2013895/SELEX/data/Jolma2013/submitted_ftp/EGR2_TCGGCC20NGA_W_2.fastq.gz	background	144758	2.8 Mbp	2800000	0	20	51	PASS	PASS	NA	PASS	WARN	PASS	PASS	PASS	PASS	PASS	PASS
EGR2_TCATCA20NCTA_W_1	/scratch/project_2013895/SELEX/data/Jolma2013/submitted_ftp/EGR2_TCATCA20NCTA_W_1.fastq.gz	background	165427	3.3 Mbp	3300000	0	20	46	PASS	PASS	NA	PASS	WARN	PASS	PASS	PASS	PASS	PASS	PASS
EGR3_TTAAGA20NGAA_AF_2	/scratch/project_2013895/SELEX/data/Jolma2013/submitted_ftp/EGR3_TTAAGA20NGAA_AF_2.fastq.gz	background	186006	3.7 Mbp	3700000	0	20	42	PASS	PASS	NA	PASS	WARN	PASS	PASS	PASS	PASS	PASS	PASS
EGR4_TAGCGA40NGCT_AI_3	/scratch/project_2013895/SELEX/data/Jolma2013/submitted_ftp/EGR4_TAGCGA40NGCT_AI_3.fastq.gz	background	360243	14.4 Mbp	14400000	0	40	50	PASS	PASS	NA	PASS	WARN	PASS	WARN	PASS	PASS	PASS	PASS
Egr3_TCATGC20NGTA_Z_2	/scratch/project_2013895/SELEX/data/Jolma2013/submitted_ftp/Egr3_TCATGC20NGTA_Z_2.fastq.gz	background	89526	1.7 Mbp	1700000	0	20	46	PASS	PASS	NA	PASS	WARN	PASS	PASS	PASS	PASS	PASS	PASS
GLI2_TAAGTA40NTGA_AI_2	/scratch/project_2013895/SELEX/data/Jolma2013/submitted_ftp/GLI2_TAAGTA40NTGA_AI_2.fastq.gz	background	391994	15.6 Mbp	15600000	0	40	49	PASS	PASS	NA	PASS	WARN	PASS	PASS	PASS	PASS	PASS	PASS
GLIS1_TTCGGT20NGA_R_3	/scratch/project_2013895/SELEX/data/Jolma2013/submitted_ftp/GLIS1_TTCGGT20NGA_R_3.fastq.gz	background	167382	3.3 Mbp	3300000	0	20	54	PASS	PASS	NA	PASS	FAIL	PASS	PASS	PASS	PASS	WARN	PASS
GLIS2_TACTAT20NATC_Y_2	/scratch/project_2013895/SELEX/data/Jolma2013/submitted_ftp/GLIS2_TACTAT20NATC_Y_2.fastq.gz	background	58386	1.1 Mbp	1100000	0	20	45	PASS	PASS	NA	PASS	WARN	PASS	PASS	PASS	PASS	PASS	PASS
GLIS3_TCGCAT20NGA_O_3	/scratch/project_2013895/SELEX/data/Jolma2013/submitted_ftp/GLIS3_TCGCAT20NGA_O_3.fastq.gz	background	3057	61.1 kbp	61100	0	20	59	PASS	PASS	NA	PASS	FAIL	FAIL	PASS	PASS	WARN	FAIL	PASS
HIC2_TGAGCA20NGA_AC_3	/scratch/project_2013895/SELEX/data/Jolma2013/submitted_ftp/HIC2_TGAGCA20NGA_AC_3.fastq.gz	background	145631	2.9 Mbp	2900000	0	20	51	PASS	PASS	NA	PASS	WARN	PASS	PASS	PASS	PASS	PASS	PASS
HINFP1_TCAAGG20NGAA_W_2	/scratch/project_2013895/SELEX/data/Jolma2013/submitted_ftp/HINFP1_TCAAGG20NGAA_W_2.fastq.gz	background	106761	2.1 Mbp	2100000	0	20	48	PASS	PASS	NA	PASS	WARN	PASS	PASS	PASS	PASS	PASS	PASS
Hic1_TCATCA20NCTA_Z_3	/scratch/project_2013895/SELEX/data/Jolma2013/submitted_ftp/Hic1_TCATCA20NCTA_Z_3.fastq.gz	background	175545	3.5 Mbp	3500000	0	20	48	PASS	PASS	NA	PASS	WARN	PASS	PASS	PASS	PASS	PASS	PASS
KLF13_TGGACA20NGA_AE_3	/scratch/project_2013895/SELEX/data/Jolma2013/submitted_ftp/KLF13_TGGACA20NGA_AE_3.fastq.gz	background	263951	5.2 Mbp	5200000	0	20	60	PASS	PASS	NA	PASS	FAIL	PASS	PASS	PASS	WARN	PASS	PASS
KLF14_TTGGGA20NTA_AF_2	/scratch/project_2013895/SELEX/data/Jolma2013/submitted_ftp/KLF14_TTGGGA20NTA_AF_2.fastq.gz	background	123401	2.4 Mbp	2400000	0	20	49	PASS	PASS	NA	PASS	WARN	PASS	PASS	PASS	PASS	PASS	PASS
KLF16_TTGATT20NTA_AF_3	/scratch/project_2013895/SELEX/data/Jolma2013/submitted_ftp/KLF16_TTGATT20NTA_AF_3.fastq.gz	background	223062	4.4 Mbp	4400000	0	20	52	PASS	PASS	NA	PASS	FAIL	PASS	PASS	PASS	PASS	PASS	PASS
Klf12_TGATGG20NGA_Z_3	/scratch/project_2013895/SELEX/data/Jolma2013/submitted_ftp/Klf12_TGATGG20NGA_Z_3.fastq.gz	background	15461	309.2 kbp	309200	0	20	50	PASS	PASS	NA	PASS	FAIL	PASS	PASS	PASS	PASS	PASS	PASS
PRDM1_TTGAGG20NGAT_AE_1	/scratch/project_2013895/SELEX/data/Jolma2013/submitted_ftp/PRDM1_TTGAGG20NGAT_AE_1.fastq.gz	background	251391	5 Mbp	5000000	0	20	41	PASS	PASS	NA	PASS	WARN	PASS	PASS	PASS	PASS	PASS	PASS
SCRT1_TCTTAG20NATG_Y_3	/scratch/project_2013895/SELEX/data/Jolma2013/submitted_ftp/SCRT1_TCTTAG20NATG_Y_3.fastq.gz	background	18187	363.7 kbp	363700	0	20	42	PASS	PASS	NA	PASS	WARN	PASS	PASS	PASS	PASS	PASS	PASS
SCRT2_TGGGCG20NCGT_Y_2	/scratch/project_2013895/SELEX/data/Jolma2013/submitted_ftp/SCRT2_TGGGCG20NCGT_Y_2.fastq.gz	background	24680	493.6 kbp	493600	0	20	44	PASS	PASS	NA	PASS	FAIL	PASS	PASS	PASS	PASS	PASS	PASS
SNAI2_TCGTTA20NGA_O_5	/scratch/project_2013895/SELEX/data/Jolma2013/submitted_ftp/SNAI2_TCGTTA20NGA_O_5.fastq.gz	background	660613	13.2 Mbp	13200000	0	20	51	PASS	PASS	NA	PASS	FAIL	PASS	PASS	PASS	PASS	PASS	PASS
SP1_TCTATG20NGA_O_3	/scratch/project_2013895/SELEX/data/Jolma2013/submitted_ftp/SP1_TCTATG20NGA_O_3.fastq.gz	background	122832	2.4 Mbp	2400000	0	20	56	PASS	PASS	NA	PASS	FAIL	PASS	PASS	PASS	PASS	PASS	PASS
SP3_TCGGCC20NGA_O_5	/scratch/project_2013895/SELEX/data/Jolma2013/submitted_ftp/SP3_TCGGCC20NGA_O_5.fastq.gz	background	562467	11.2 Mbp	11200000	0	20	52	PASS	PASS	NA	PASS	FAIL	PASS	PASS	PASS	PASS	PASS	PASS
SP4_TTATGT20NGTA_AE_3	/scratch/project_2013895/SELEX/data/Jolma2013/submitted_ftp/SP4_TTATGT20NGTA_AE_3.fastq.gz	background	265409	5.3 Mbp	5300000	0	20	45	PASS	PASS	NA	PASS	WARN	PASS	PASS	PASS	PASS	PASS	PASS
SP8_TGCTCG20NCTC_Y_3	/scratch/project_2013895/SELEX/data/Jolma2013/submitted_ftp/SP8_TGCTCG20NCTC_Y_3.fastq.gz	background	20964	419.2 kbp	419200	0	20	45	PASS	PASS	NA	PASS	WARN	PASS	PASS	PASS	PASS	PASS	PASS
YY1_TCCGGC20NCG_AC_2	/scratch/project_2013895/SELEX/data/Jolma2013/submitted_ftp/YY1_TCCGGC20NCG_AC_2.fastq.gz	background	145875	2.9 Mbp	2900000	0	20	51	PASS	PASS	NA	PASS	FAIL	PASS	PASS	PASS	PASS	PASS	PASS
YY2_TCTTTC20NTTG_Y_3	/scratch/project_2013895/SELEX/data/Jolma2013/submitted_ftp/YY2_TCTTTC20NTTG_Y_3.fastq.gz	background	36462	729.2 kbp	729200	0	20	44	PASS	PASS	NA	PASS	FAIL	PASS	PASS	PASS	PASS	PASS	PASS
YY2_TGAGCA20NGA_AE_1	/scratch/project_2013895/SELEX/data/Jolma2013/submitted_ftp/YY2_TGAGCA20NGA_AE_1.fastq.gz	background	210741	4.2 Mbp	4200000	0	20	51	PASS	PASS	NA	PASS	WARN	PASS	PASS	PASS	PASS	PASS	PASS
ZBED1_TAATAG20NCG_W_2	/scratch/project_2013895/SELEX/data/Jolma2013/submitted_ftp/ZBED1_TAATAG20NCG_W_2.fastq.gz	background	136620	2.7 Mbp	2700000	0	20	51	PASS	PASS	NA	PASS	WARN	PASS	PASS	PASS	PASS	PASS	PASS
ZBTB7A_TGAATA20NGA_W_3	/scratch/project_2013895/SELEX/data/Jolma2013/submitted_ftp/ZBTB7A_TGAATA20NGA_W_3.fastq.gz	background	183899	3.6 Mbp	3600000	0	20	51	PASS	PASS	NA	PASS	FAIL	PASS	PASS	PASS	PASS	PASS	PASS
ZBTB7B_TAGCCT20NCG_AC_2	/scratch/project_2013895/SELEX/data/Jolma2013/submitted_ftp/ZBTB7B_TAGCCT20NCG_AC_2.fastq.gz	background	194505	3.8 Mbp	3800000	0	20	52	PASS	PASS	NA	PASS	FAIL	PASS	PASS	PASS	PASS	PASS	PASS
ZBTB7C_TCGCCA40NCCT_AI_3	/scratch/project_2013895/SELEX/data/Jolma2013/submitted_ftp/ZBTB7C_TCGCCA40NCCT_AI_3.fastq.gz	background	239440	9.5 Mbp	9500000	0	40	48	PASS	PASS	NA	PASS	WARN	PASS	WARN	PASS	PASS	PASS	PASS
ZIC1_TCGACT20NCAT_AF_3	/scratch/project_2013895/SELEX/data/Jolma2013/submitted_ftp/ZIC1_TCGACT20NCAT_AF_3.fastq.gz	background	267963	5.3 Mbp	5300000	0	20	47	PASS	PASS	NA	PASS	WARN	PASS	PASS	PASS	PASS	PASS	PASS
ZIC3_TCACGT20NGCA_AE_2	/scratch/project_2013895/SELEX/data/Jolma2013/submitted_ftp/ZIC3_TCACGT20NGCA_AE_2.fastq.gz	background	299165	5.9 Mbp	5900000	0	20	45	PASS	PASS	NA	PASS	WARN	PASS	PASS	PASS	PASS	PASS	PASS
ZIC4_TGAGGC20NGA_AC_2	/scratch/project_2013895/SELEX/data/Jolma2013/submitted_ftp/ZIC4_TGAGGC20NGA_AC_2.fastq.gz	background	129026	2.5 Mbp	2500000	0	20	50	PASS	PASS	NA	PASS	WARN	PASS	PASS	PASS	PASS	PASS	PASS
ZNF143_TGCAAG20NCG_V_3	/scratch/project_2013895/SELEX/data/Jolma2013/submitted_ftp/ZNF143_TGCAAG20NCG_V_3.fastq.gz	background	151438	3 Mbp	3000000	0	20	53	PASS	PASS	NA	PASS	FAIL	PASS	PASS	PASS	PASS	PASS	PASS
ZNF238_TGGTGA20NGA_AC_2	/scratch/project_2013895/SELEX/data/Jolma2013/submitted_ftp/ZNF238_TGGTGA20NGA_AC_2.fastq.gz	background	138158	2.7 Mbp	2700000	0	20	49	PASS	PASS	NA	PASS	WARN	PASS	PASS	PASS	PASS	PASS	PASS
ZNF238_TAGTAA20NATT_W_2	/scratch/project_2013895/SELEX/data/Jolma2013/submitted_ftp/ZNF238_TAGTAA20NATT_W_2.fastq.gz	background	148291	2.9 Mbp	2900000	0	20	47	PASS	PASS	NA	PASS	WARN	PASS	PASS	PASS	PASS	PASS	PASS
ZNF306_TAGGGC20NGGT_AD_3	/scratch/project_2013895/SELEX/data/Jolma2013/submitted_ftp/ZNF306_TAGGGC20NGGT_AD_3.fastq.gz	background	207768	4.1 Mbp	4099999.9999999995	0	20	49	PASS	PASS	NA	PASS	WARN	PASS	PASS	PASS	PASS	PASS	PASS
ZNF410_TGCACT20NGA_AC_2	/scratch/project_2013895/SELEX/data/Jolma2013/submitted_ftp/ZNF410_TGCACT20NGA_AC_2.fastq.gz	background	84107	1.6 Mbp	1600000	0	20	51	PASS	PASS	NA	PASS	FAIL	PASS	PASS	PASS	PASS	PASS	PASS
ZNF524_TCTATG40NTAG_AI_4	/scratch/project_2013895/SELEX/data/Jolma2013/submitted_ftp/ZNF524_TCTATG40NTAG_AI_4.fastq.gz	background	47969	1.9 Mbp	1900000	0	40	52	PASS	PASS	NA	PASS	WARN	PASS	FAIL	PASS	PASS	WARN	PASS
ZNF740_TGGTCT20NCTT_Y_3	/scratch/project_2013895/SELEX/data/Jolma2013/submitted_ftp/ZNF740_TGGTCT20NCTT_Y_3.fastq.gz	background	31131	622.6 kbp	622600	0	20	46	PASS	PASS	NA	PASS	WARN	WARN	PASS	PASS	PASS	PASS	PASS
ZNF740_TGTGAG20NGA_AE_3	/scratch/project_2013895/SELEX/data/Jolma2013/submitted_ftp/ZNF740_TGTGAG20NGA_AE_3.fastq.gz	background	152157	3 Mbp	3000000	0	20	51	PASS	PASS	NA	PASS	FAIL	PASS	PASS	PASS	PASS	PASS	PASS
ZNF75A_CCATA14N_V_3	/scratch/project_2013895/SELEX/data/Jolma2013/submitted_ftp/ZNF75A_CCATA14N_V_3.fastq.gz	background	180557	2.5 Mbp	2500000	0	14	44	PASS	PASS	NA	PASS	WARN	PASS	PASS	PASS	PASS	PASS	PASS
ZNF784_TGCGGG20NGA_AE_2	/scratch/project_2013895/SELEX/data/Jolma2013/submitted_ftp/ZNF784_TGCGGG20NGA_AE_2.fastq.gz	background	243996	4.8 Mbp	4800000	0	20	50	PASS	PASS	NA	PASS	WARN	PASS	PASS	PASS	PASS	PASS	PASS
ZSCAN4_TCTTTC20NTTG_W_2	/scratch/project_2013895/SELEX/data/Jolma2013/submitted_ftp/ZSCAN4_TCTTTC20NTTG_W_2.fastq.gz	background	121787	2.4 Mbp	2400000	0	20	44	PASS	PASS	NA	PASS	WARN	PASS	PASS	PASS	PASS	PASS	PASS
Zfp652_TACGAG20NCG_Z_3	/scratch/project_2013895/SELEX/data/Jolma2013/submitted_ftp/Zfp652_TACGAG20NCG_Z_3.fastq.gz	background	27169	543.3 kbp	543300	0	20	47	PASS	PASS	NA	PASS	FAIL	PASS	PASS	PASS	PASS	WARN	PASS
Zfp740_TCAACC20NCG_Z_2	/scratch/project_2013895/SELEX/data/Jolma2013/submitted_ftp/Zfp740_TCAACC20NCG_Z_2.fastq.gz	background	56785	1.1 Mbp	1100000	0	20	55	PASS	PASS	NA	PASS	FAIL	PASS	PASS	PASS	PASS	PASS	PASS
Zic3_TCAAAA20NAAA_AF_2	/scratch/project_2013895/SELEX/data/Jolma2013/submitted_ftp/Zic3_TCAAAA20NAAA_AF_2.fastq.gz	background	243731	4.8 Mbp	4800000	0	20	46	PASS	PASS	NA	PASS	WARN	PASS	PASS	PASS	PASS	PASS	PASS
CENPB_TGCTGT20NGTC_AD_2	/scratch/project_2013895/SELEX/data/Jolma2013/submitted_ftp/CENPB_TGCTGT20NGTC_AD_2.fastq.gz	background	124076	2.4 Mbp	2400000	0	20	47	PASS	PASS	NA	PASS	WARN	PASS	PASS	PASS	PASS	PASS	PASS
GRHL1_TCCAAC20NTA_Q_2	/scratch/project_2013895/SELEX/data/Jolma2013/submitted_ftp/GRHL1_TCCAAC20NTA_Q_2.fastq.gz	background	200392	4 Mbp	4000000	0	20	53	PASS	PASS	NA	PASS	FAIL	PASS	PASS	PASS	PASS	PASS	PASS
GRHL1_TGGACA20NCAT_W_2	/scratch/project_2013895/SELEX/data/Jolma2013/submitted_ftp/GRHL1_TGGACA20NCAT_W_2.fastq.gz	background	136862	2.7 Mbp	2700000	0	20	43	PASS	PASS	NA	PASS	FAIL	PASS	PASS	PASS	PASS	PASS	PASS
TFCP2_TAGATA20NCG_AD_3	/scratch/project_2013895/SELEX/data/Jolma2013/submitted_ftp/TFCP2_TAGATA20NCG_AD_3.fastq.gz	background	9615	192.3 kbp	192300	0	20	52	PASS	PASS	NA	PASS	FAIL	PASS	PASS	PASS	PASS	WARN	PASS
CUX1_TAGCAG40NACT_AI_2	/scratch/project_2013895/SELEX/data/Jolma2013/submitted_ftp/CUX1_TAGCAG40NACT_AI_2.fastq.gz	background	234737	9.3 Mbp	9300000	0	40	47	PASS	PASS	NA	PASS	WARN	PASS	PASS	PASS	PASS	PASS	PASS
CUX2_TAGCCT40NCCT_AI_2	/scratch/project_2013895/SELEX/data/Jolma2013/submitted_ftp/CUX2_TAGCCT40NCCT_AI_2.fastq.gz	background	412461	16.4 Mbp	16399999.999999998	0	40	47	PASS	PASS	NA	PASS	WARN	PASS	PASS	PASS	PASS	PASS	PASS
ONECUT1_TAGCTC20NTCT_Y_2	/scratch/project_2013895/SELEX/data/Jolma2013/submitted_ftp/ONECUT1_TAGCTC20NTCT_Y_2.fastq.gz	background	129912	2.5 Mbp	2500000	0	20	40	PASS	PASS	NA	PASS	FAIL	PASS	PASS	PASS	PASS	PASS	PASS
ONECUT1_TCGCAT20NGA_AE_2	/scratch/project_2013895/SELEX/data/Jolma2013/submitted_ftp/ONECUT1_TCGCAT20NGA_AE_2.fastq.gz	background	302009	6 Mbp	6000000	0	20	49	PASS	PASS	NA	PASS	WARN	PASS	PASS	PASS	PASS	PASS	PASS
ONECUT2_TGGGCG30NCGT_AH_1	/scratch/project_2013895/SELEX/data/Jolma2013/submitted_ftp/ONECUT2_TGGGCG30NCGT_AH_1.fastq.gz	background	429709	12.8 Mbp	12800000	0	30	49	PASS	PASS	NA	PASS	WARN	PASS	PASS	PASS	PASS	PASS	PASS
ONECUT3_TAGAAC20NAAT_Y_2	/scratch/project_2013895/SELEX/data/Jolma2013/submitted_ftp/ONECUT3_TAGAAC20NAAT_Y_2.fastq.gz	background	131334	2.6 Mbp	2600000	0	20	44	PASS	PASS	NA	PASS	WARN	PASS	PASS	PASS	PASS	PASS	PASS
E2F2_TACTCA20NCG_W_3	/scratch/project_2013895/SELEX/data/Jolma2013/submitted_ftp/E2F2_TACTCA20NCG_W_3.fastq.gz	background	88511	1.7 Mbp	1700000	0	20	50	PASS	PASS	NA	PASS	WARN	PASS	PASS	PASS	PASS	PASS	PASS
E2F3_TTACAT20NACA_AF_3	/scratch/project_2013895/SELEX/data/Jolma2013/submitted_ftp/E2F3_TTACAT20NACA_AF_3.fastq.gz	background	264260	5.2 Mbp	5200000	0	20	46	PASS	PASS	NA	PASS	WARN	PASS	PASS	PASS	PASS	PASS	PASS
E2F7_TCACAC20NACA_Y_3	/scratch/project_2013895/SELEX/data/Jolma2013/submitted_ftp/E2F7_TCACAC20NACA_Y_3.fastq.gz	background	51864	1 Mbp	1000000	0	20	48	PASS	PASS	NA	PASS	WARN	PASS	PASS	PASS	PASS	PASS	PASS
EBF1_TATAAG20NCG_AC_2	/scratch/project_2013895/SELEX/data/Jolma2013/submitted_ftp/EBF1_TATAAG20NCG_AC_2.fastq.gz	background	190201	3.8 Mbp	3800000	0	20	50	PASS	PASS	NA	PASS	WARN	PASS	PASS	PASS	PASS	PASS	PASS
ELF1_TGGGTA20NGA_O_6	/scratch/project_2013895/SELEX/data/Jolma2013/submitted_ftp/ELF1_TGGGTA20NGA_O_6.fastq.gz	background	153734	3 Mbp	3000000	0	20	53	PASS	PASS	NA	PASS	FAIL	PASS	PASS	PASS	PASS	WARN	PASS
ELF1_TATGGG20NCG_W_3	/scratch/project_2013895/SELEX/data/Jolma2013/submitted_ftp/ELF1_TATGGG20NCG_W_3.fastq.gz	background	154236	3 Mbp	3000000	0	20	49	PASS	PASS	NA	PASS	WARN	PASS	PASS	PASS	PASS	PASS	PASS
ELF3_TCCGTG20NTGC_Y_2	/scratch/project_2013895/SELEX/data/Jolma2013/submitted_ftp/ELF3_TCCGTG20NTGC_Y_2.fastq.gz	background	99798	1.9 Mbp	1900000	0	20	47	PASS	PASS	NA	PASS	WARN	PASS	PASS	PASS	PASS	PASS	PASS
ELF5_TGCCGC20NCG_V_1	/scratch/project_2013895/SELEX/data/Jolma2013/submitted_ftp/ELF5_TGCCGC20NCG_V_1.fastq.gz	background	191872	3.8 Mbp	3800000	0	20	53	PASS	FAIL	NA	PASS	FAIL	PASS	FAIL	PASS	PASS	PASS	PASS
ELF5_TCTCGG20NGA_AF_1	/scratch/project_2013895/SELEX/data/Jolma2013/submitted_ftp/ELF5_TCTCGG20NGA_AF_1.fastq.gz	background	218316	4.3 Mbp	4300000	0	20	49	PASS	PASS	NA	PASS	WARN	PASS	PASS	PASS	PASS	PASS	PASS
ELK1_TCGGAA20NAGT_AG_1	/scratch/project_2013895/SELEX/data/Jolma2013/submitted_ftp/ELK1_TCGGAA20NAGT_AG_1.fastq.gz	background	231961	4.6 Mbp	4600000	0	20	43	PASS	PASS	NA	PASS	WARN	PASS	PASS	PASS	PASS	PASS	PASS
ELK1_TGAGTG20NTGA_AG_1	/scratch/project_2013895/SELEX/data/Jolma2013/submitted_ftp/ELK1_TGAGTG20NTGA_AG_1.fastq.gz	background	200924	4 Mbp	4000000	0	20	41	PASS	PASS	NA	PASS	WARN	PASS	PASS	PASS	PASS	PASS	PASS
ELK3_TCGGGG20NGGT_AG_1	/scratch/project_2013895/SELEX/data/Jolma2013/submitted_ftp/ELK3_TCGGGG20NGGT_AG_1.fastq.gz	background	247332	4.9 Mbp	4900000	0	20	42	PASS	PASS	NA	PASS	WARN	PASS	PASS	PASS	PASS	PASS	PASS
ELK4_TAGGGC40NGGT_AK_2	/scratch/project_2013895/SELEX/data/Jolma2013/submitted_ftp/ELK4_TAGGGC40NGGT_AK_2.fastq.gz	background	1049206	41.9 Mbp	41900000	0	40	48	PASS	PASS	NA	PASS	WARN	PASS	PASS	PASS	PASS	PASS	PASS
ERF_TCAGAG20NCG_W_3	/scratch/project_2013895/SELEX/data/Jolma2013/submitted_ftp/ERF_TCAGAG20NCG_W_3.fastq.gz	background	214768	4.2 Mbp	4200000	0	20	51	PASS	PASS	NA	PASS	WARN	PASS	PASS	PASS	PASS	PASS	PASS
ERG_TCTACA20NCAG_AG_1	/scratch/project_2013895/SELEX/data/Jolma2013/submitted_ftp/ERG_TCTACA20NCAG_AG_1.fastq.gz	background	191764	3.8 Mbp	3800000	0	20	41	PASS	PASS	NA	PASS	WARN	PASS	PASS	PASS	PASS	PASS	PASS
ERG_TGCAAG20NAAC_AG_1	/scratch/project_2013895/SELEX/data/Jolma2013/submitted_ftp/ERG_TGCAAG20NAAC_AG_1.fastq.gz	background	177001	3.5 Mbp	3500000	0	20	44	PASS	PASS	NA	PASS	WARN	PASS	PASS	PASS	PASS	PASS	PASS
ETS1_TGTACC30NCAG_AI_1	/scratch/project_2013895/SELEX/data/Jolma2013/submitted_ftp/ETS1_TGTACC30NCAG_AI_1.fastq.gz	background	475771	14.2 Mbp	14200000	0	30	46	PASS	PASS	NA	PASS	WARN	PASS	PASS	PASS	PASS	PASS	PASS
ETS1_TGTAAA20NGA_AF_1	/scratch/project_2013895/SELEX/data/Jolma2013/submitted_ftp/ETS1_TGTAAA20NGA_AF_1.fastq.gz	background	180855	3.6 Mbp	3600000	0	20	49	PASS	PASS	NA	PASS	WARN	PASS	PASS	PASS	PASS	PASS	PASS
ETV1_TCGTTA20NTTT_AG_1	/scratch/project_2013895/SELEX/data/Jolma2013/submitted_ftp/ETV1_TCGTTA20NTTT_AG_1.fastq.gz	background	184244	3.6 Mbp	3600000	0	20	45	PASS	PASS	NA	PASS	WARN	PASS	PASS	PASS	PASS	PASS	PASS
ETV2_TGGAGC20NGAT_AK_2	/scratch/project_2013895/SELEX/data/Jolma2013/submitted_ftp/ETV2_TGGAGC20NGAT_AK_2.fastq.gz	background	28745	574.9 kbp	574900	0	20	41	PASS	PASS	NA	PASS	WARN	PASS	PASS	PASS	PASS	PASS	PASS
ETV3_TCAGGA20NCG_W_3	/scratch/project_2013895/SELEX/data/Jolma2013/submitted_ftp/ETV3_TCAGGA20NCG_W_3.fastq.gz	background	216991	4.3 Mbp	4300000	0	20	51	PASS	PASS	NA	PASS	WARN	PASS	PASS	PASS	PASS	PASS	PASS
ETV4_TCTATG20NTAG_AG_1	/scratch/project_2013895/SELEX/data/Jolma2013/submitted_ftp/ETV4_TCTATG20NTAG_AG_1.fastq.gz	background	222091	4.4 Mbp	4400000	0	20	41	PASS	PASS	NA	PASS	WARN	PASS	PASS	PASS	PASS	PASS	PASS
ETV5_TGCACT20NGA_AF_1	/scratch/project_2013895/SELEX/data/Jolma2013/submitted_ftp/ETV5_TGCACT20NGA_AF_1.fastq.gz	background	244757	4.8 Mbp	4800000	0	20	50	PASS	PASS	NA	PASS	WARN	PASS	PASS	PASS	PASS	PASS	PASS
ETV6_TGAGTG20NGA_AF_2	/scratch/project_2013895/SELEX/data/Jolma2013/submitted_ftp/ETV6_TGAGTG20NGA_AF_2.fastq.gz	background	230487	4.6 Mbp	4600000	0	20	50	PASS	PASS	NA	PASS	FAIL	PASS	PASS	PASS	PASS	PASS	PASS
Elf5_TATTGT20NCG_Z_1	/scratch/project_2013895/SELEX/data/Jolma2013/submitted_ftp/Elf5_TATTGT20NCG_Z_1.fastq.gz	background	51545	1 Mbp	1000000	0	20	50	PASS	PASS	NA	PASS	WARN	PASS	PASS	PASS	PASS	PASS	PASS
Elk3_TGAGTG20NTGA_AC_2	/scratch/project_2013895/SELEX/data/Jolma2013/submitted_ftp/Elk3_TGAGTG20NTGA_AC_2.fastq.gz	background	405973	8.1 Mbp	8100000	0	20	42	PASS	PASS	NA	PASS	WARN	PASS	PASS	PASS	PASS	PASS	PASS
FEV_TGATCC20NCTA_Z_2	/scratch/project_2013895/SELEX/data/Jolma2013/submitted_ftp/FEV_TGATCC20NCTA_Z_2.fastq.gz	background	157520	3.1 Mbp	3100000	0	20	45	PASS	PASS	NA	PASS	WARN	PASS	PASS	PASS	PASS	PASS	PASS
FLI1_TCTAAT20NCG_V_1	/scratch/project_2013895/SELEX/data/Jolma2013/submitted_ftp/FLI1_TCTAAT20NCG_V_1.fastq.gz	background	225711	4.5 Mbp	4500000	0	20	51	PASS	PASS	NA	PASS	FAIL	PASS	FAIL	PASS	PASS	PASS	PASS
FLI1_TAGGAT20NAGT_AC_2	/scratch/project_2013895/SELEX/data/Jolma2013/submitted_ftp/FLI1_TAGGAT20NAGT_AC_2.fastq.gz	background	303345	6 Mbp	6000000	0	20	44	PASS	PASS	NA	PASS	WARN	PASS	PASS	PASS	PASS	PASS	PASS
GABPA_TGGCCC20NCCT_AG_3	/scratch/project_2013895/SELEX/data/Jolma2013/submitted_ftp/GABPA_TGGCCC20NCCT_AG_3.fastq.gz	background	135846	2.7 Mbp	2700000	0	20	44	PASS	PASS	NA	PASS	WARN	PASS	PASS	PASS	PASS	PASS	PASS
SPDEF_TCGCTG20NTCT_AD_3	/scratch/project_2013895/SELEX/data/Jolma2013/submitted_ftp/SPDEF_TCGCTG20NTCT_AD_3.fastq.gz	background	191071	3.8 Mbp	3800000	0	20	47	PASS	PASS	NA	PASS	WARN	PASS	PASS	PASS	PASS	PASS	PASS
SPDEF_TCATTG20NCG_AD_2	/scratch/project_2013895/SELEX/data/Jolma2013/submitted_ftp/SPDEF_TCATTG20NCG_AD_2.fastq.gz	background	228941	4.5 Mbp	4500000	0	20	52	PASS	PASS	NA	PASS	FAIL	PASS	PASS	PASS	PASS	PASS	PASS
SPI1_TCCCCT20NCG_AD_2	/scratch/project_2013895/SELEX/data/Jolma2013/submitted_ftp/SPI1_TCCCCT20NCG_AD_2.fastq.gz	background	158356	3.1 Mbp	3100000	0	20	51	PASS	PASS	NA	PASS	WARN	PASS	PASS	PASS	PASS	PASS	PASS
SPIB_TGTCTA20NTCG_AK_1	/scratch/project_2013895/SELEX/data/Jolma2013/submitted_ftp/SPIB_TGTCTA20NTCG_AK_1.fastq.gz	background	670947	13.4 Mbp	13400000	0	20	43	PASS	PASS	NA	PASS	WARN	PASS	PASS	PASS	PASS	PASS	PASS
SPIC_TAGGCA20NCG_AD_3	/scratch/project_2013895/SELEX/data/Jolma2013/submitted_ftp/SPIC_TAGGCA20NCG_AD_3.fastq.gz	background	265384	5.3 Mbp	5300000	0	20	50	PASS	PASS	NA	PASS	WARN	PASS	PASS	PASS	PASS	PASS	PASS
Spic_TATAGA20NCG_Z_3	/scratch/project_2013895/SELEX/data/Jolma2013/submitted_ftp/Spic_TATAGA20NCG_Z_3.fastq.gz	background	57525	1.1 Mbp	1100000	0	20	50	PASS	PASS	NA	PASS	FAIL	PASS	PASS	PASS	PASS	PASS	PASS
GATA3_TGTCGT20NGA_AC_1	/scratch/project_2013895/SELEX/data/Jolma2013/submitted_ftp/GATA3_TGTCGT20NGA_AC_1.fastq.gz	background	190641	3.8 Mbp	3800000	0	20	50	PASS	PASS	NA	PASS	WARN	PASS	PASS	PASS	PASS	PASS	PASS
GATA3_TCATGC20NCG_AC_1	/scratch/project_2013895/SELEX/data/Jolma2013/submitted_ftp/GATA3_TCATGC20NCG_AC_1.fastq.gz	background	255956	5.1 Mbp	5100000	0	20	50	PASS	PASS	NA	PASS	WARN	PASS	PASS	PASS	PASS	PASS	PASS
GATA4_TAAAAT20NAAA_Y_1	/scratch/project_2013895/SELEX/data/Jolma2013/submitted_ftp/GATA4_TAAAAT20NAAA_Y_1.fastq.gz	background	123892	2.4 Mbp	2400000	0	20	47	PASS	PASS	NA	PASS	WARN	PASS	PASS	PASS	PASS	PASS	PASS
GATA5_TAAATG20NTAA_Y_1	/scratch/project_2013895/SELEX/data/Jolma2013/submitted_ftp/GATA5_TAAATG20NTAA_Y_1.fastq.gz	background	118069	2.3 Mbp	2300000	0	20	44	PASS	PASS	NA	PASS	WARN	PASS	PASS	PASS	PASS	PASS	PASS
GCM1_TGAGCA20NCGA_Y_3	/scratch/project_2013895/SELEX/data/Jolma2013/submitted_ftp/GCM1_TGAGCA20NCGA_Y_3.fastq.gz	background	32686	653.7 kbp	653700	0	20	51	PASS	PASS	NA	PASS	WARN	PASS	PASS	PASS	PASS	PASS	PASS
GCM1_TCCAGT20NGAC_AE_3	/scratch/project_2013895/SELEX/data/Jolma2013/submitted_ftp/GCM1_TCCAGT20NGAC_AE_3.fastq.gz	background	371586	7.4 Mbp	7400000	0	20	49	PASS	PASS	NA	PASS	WARN	PASS	PASS	PASS	PASS	PASS	PASS
GCM2_TGACTC20NTCA_Y_2	/scratch/project_2013895/SELEX/data/Jolma2013/submitted_ftp/GCM2_TGACTC20NTCA_Y_2.fastq.gz	background	39826	796.5 kbp	796500	0	20	44	PASS	PASS	NA	PASS	WARN	PASS	PASS	PASS	PASS	PASS	PASS
LEF1_TCCCGA20NGCC_AC_3	/scratch/project_2013895/SELEX/data/Jolma2013/submitted_ftp/LEF1_TCCCGA20NGCC_AC_3.fastq.gz	background	60337	1.2 Mbp	1200000	0	20	44	PASS	PASS	NA	PASS	WARN	PASS	PASS	PASS	PASS	PASS	PASS
SOX9_TCTCAA20NGA_O_3	/scratch/project_2013895/SELEX/data/Jolma2013/submitted_ftp/SOX9_TCTCAA20NGA_O_3.fastq.gz	background	67710	1.3 Mbp	1300000	0	20	42	PASS	PASS	NA	PASS	FAIL	PASS	PASS	PASS	PASS	PASS	PASS
TCF7L1_TGGACA20NCAT_AD_3	/scratch/project_2013895/SELEX/data/Jolma2013/submitted_ftp/TCF7L1_TGGACA20NCAT_AD_3.fastq.gz	background	96873	1.9 Mbp	1900000	0	20	44	PASS	PASS	NA	PASS	WARN	PASS	PASS	PASS	PASS	PASS	PASS
Tcf7_TATATC20NCG_AC_3	/scratch/project_2013895/SELEX/data/Jolma2013/submitted_ftp/Tcf7_TATATC20NCG_AC_3.fastq.gz	background	145170	2.9 Mbp	2900000	0	20	53	PASS	PASS	NA	PASS	FAIL	PASS	PASS	PASS	PASS	PASS	PASS
HOMEZ_TCGATC20NTAT_Y_3	/scratch/project_2013895/SELEX/data/Jolma2013/submitted_ftp/HOMEZ_TCGATC20NTAT_Y_3.fastq.gz	background	61591	1.2 Mbp	1200000	0	20	40	PASS	PASS	NA	PASS	FAIL	WARN	PASS	PASS	PASS	PASS	PASS
HSF1_TATAGA20NGAG_Y_2	/scratch/project_2013895/SELEX/data/Jolma2013/submitted_ftp/HSF1_TATAGA20NGAG_Y_2.fastq.gz	background	165500	3.3 Mbp	3300000	0	20	43	PASS	PASS	NA	PASS	FAIL	PASS	PASS	PASS	PASS	PASS	PASS
HSF1_TACCAC20NACC_AA_2	/scratch/project_2013895/SELEX/data/Jolma2013/submitted_ftp/HSF1_TACCAC20NACC_AA_2.fastq.gz	background	100448	2 Mbp	2000000	0	20	46	PASS	PASS	NA	PASS	WARN	PASS	PASS	PASS	PASS	PASS	PASS
HSF2_TGGGGT20NCG_V_2	/scratch/project_2013895/SELEX/data/Jolma2013/submitted_ftp/HSF2_TGGGGT20NCG_V_2.fastq.gz	background	124398	2.4 Mbp	2400000	0	20	45	PASS	PASS	NA	PASS	WARN	PASS	PASS	PASS	PASS	PASS	PASS
HSF4_TATCAT20NACG_Y_2	/scratch/project_2013895/SELEX/data/Jolma2013/submitted_ftp/HSF4_TATCAT20NACG_Y_2.fastq.gz	background	117719	2.3 Mbp	2300000	0	20	43	PASS	PASS	NA	PASS	FAIL	PASS	PASS	PASS	PASS	PASS	PASS
HSFY2_TCAGAG20NAGA_Y_2	/scratch/project_2013895/SELEX/data/Jolma2013/submitted_ftp/HSFY2_TCAGAG20NAGA_Y_2.fastq.gz	background	97389	1.9 Mbp	1900000	0	20	45	PASS	PASS	NA	PASS	WARN	WARN	PASS	PASS	PASS	PASS	PASS
IRF3_TCCTAA40NATC_AI_2	/scratch/project_2013895/SELEX/data/Jolma2013/submitted_ftp/IRF3_TCCTAA40NATC_AI_2.fastq.gz	background	298280	11.9 Mbp	11900000	0	40	50	PASS	PASS	NA	PASS	WARN	PASS	PASS	PASS	PASS	PASS	PASS
IRF4_TCAAGG20NCG_AD_2	/scratch/project_2013895/SELEX/data/Jolma2013/submitted_ftp/IRF4_TCAAGG20NCG_AD_2.fastq.gz	background	195601	3.9 Mbp	3900000	0	20	50	PASS	PASS	NA	PASS	WARN	PASS	PASS	PASS	PASS	PASS	PASS
IRF5_TAACAA20NCG_AD_2	/scratch/project_2013895/SELEX/data/Jolma2013/submitted_ftp/IRF5_TAACAA20NCG_AD_2.fastq.gz	background	282772	5.6 Mbp	5600000	0	20	50	PASS	PASS	NA	PASS	WARN	PASS	PASS	PASS	PASS	PASS	PASS
IRF7_TATCGC20NGCG_AC_2	/scratch/project_2013895/SELEX/data/Jolma2013/submitted_ftp/IRF7_TATCGC20NGCG_AC_2.fastq.gz	background	173898	3.4 Mbp	3400000	0	20	46	PASS	PASS	NA	PASS	WARN	PASS	PASS	PASS	PASS	PASS	PASS
IRF8_TGGCGG20NGCT_Z_2	/scratch/project_2013895/SELEX/data/Jolma2013/submitted_ftp/IRF8_TGGCGG20NGCT_Z_2.fastq.gz	background	72214	1.4 Mbp	1400000	0	20	44	PASS	PASS	NA	PASS	WARN	PASS	PASS	PASS	PASS	PASS	PASS
IRF8_TCCCCT20NCCC_AE_3	/scratch/project_2013895/SELEX/data/Jolma2013/submitted_ftp/IRF8_TCCCCT20NCCC_AE_3.fastq.gz	background	221231	4.4 Mbp	4400000	0	20	47	PASS	PASS	NA	PASS	PASS	PASS	PASS	PASS	PASS	PASS	PASS
IRF9_TATGTT20NTGG_W_2	/scratch/project_2013895/SELEX/data/Jolma2013/submitted_ftp/IRF9_TATGTT20NTGG_W_2.fastq.gz	background	120813	2.4 Mbp	2400000	0	20	46	PASS	PASS	NA	PASS	WARN	PASS	PASS	PASS	PASS	PASS	PASS
MEF2A_TAATAG20NTA_Q_2	/scratch/project_2013895/SELEX/data/Jolma2013/submitted_ftp/MEF2A_TAATAG20NTA_Q_2.fastq.gz	background	277385	5.5 Mbp	5500000	0	20	42	PASS	PASS	NA	PASS	WARN	PASS	PASS	PASS	PASS	PASS	PASS
MEF2B_TCGTAC20NATT_AE_3	/scratch/project_2013895/SELEX/data/Jolma2013/submitted_ftp/MEF2B_TCGTAC20NATT_AE_3.fastq.gz	background	81389	1.6 Mbp	1600000	0	20	50	PASS	PASS	NA	PASS	FAIL	PASS	PASS	PASS	PASS	PASS	PASS
MEF2D_TGCGTT20NGA_Y_2	/scratch/project_2013895/SELEX/data/Jolma2013/submitted_ftp/MEF2D_TGCGTT20NGA_Y_2.fastq.gz	background	79726	1.5 Mbp	1500000	0	20	50	PASS	PASS	NA	PASS	FAIL	PASS	PASS	PASS	PASS	PASS	PASS
SRF_TGAACG20NGA_Y_3	/scratch/project_2013895/SELEX/data/Jolma2013/submitted_ftp/SRF_TGAACG20NGA_Y_3.fastq.gz	background	21420	428.4 kbp	428400	0	20	49	PASS	PASS	NA	PASS	FAIL	PASS	PASS	PASS	PASS	PASS	PASS
SRF_TGGAAT20NAAT_W_2	/scratch/project_2013895/SELEX/data/Jolma2013/submitted_ftp/SRF_TGGAAT20NAAT_W_2.fastq.gz	background	152817	3 Mbp	3000000	0	20	42	PASS	PASS	NA	PASS	WARN	PASS	PASS	PASS	PASS	PASS	PASS
SMAD3_TGGGTA20NGA_AC_2	/scratch/project_2013895/SELEX/data/Jolma2013/submitted_ftp/SMAD3_TGGGTA20NGA_AC_2.fastq.gz	background	159690	3.1 Mbp	3100000	0	20	52	PASS	PASS	NA	PASS	FAIL	PASS	PASS	PASS	PASS	PASS	PASS
MEIS1_TGACCT20NGA_O_5	/scratch/project_2013895/SELEX/data/Jolma2013/submitted_ftp/MEIS1_TGACCT20NGA_O_5.fastq.gz	background	272290	5.4 Mbp	5400000	0	20	50	PASS	PASS	NA	PASS	FAIL	PASS	PASS	PASS	PASS	PASS	PASS
MEIS2_TCGCTG20NGA_AA_2	/scratch/project_2013895/SELEX/data/Jolma2013/submitted_ftp/MEIS2_TCGCTG20NGA_AA_2.fastq.gz	background	52822	1 Mbp	1000000	0	20	51	PASS	PASS	NA	PASS	WARN	PASS	PASS	PASS	PASS	PASS	PASS
MEIS3_TGGGTA20NGA_Y_1	/scratch/project_2013895/SELEX/data/Jolma2013/submitted_ftp/MEIS3_TGGGTA20NGA_Y_1.fastq.gz	background	67303	1.3 Mbp	1300000	0	20	50	PASS	PASS	NA	PASS	WARN	PASS	PASS	PASS	PASS	PASS	PASS
Meis2_TCAAAA20NTA_P_2	/scratch/project_2013895/SELEX/data/Jolma2013/submitted_ftp/Meis2_TCAAAA20NTA_P_2.fastq.gz	background	150417	3 Mbp	3000000	0	20	50	PASS	PASS	NA	PASS	WARN	PASS	PASS	PASS	PASS	PASS	PASS
Meis3_TGGACA20NGA_AF_1	/scratch/project_2013895/SELEX/data/Jolma2013/submitted_ftp/Meis3_TGGACA20NGA_AF_1.fastq.gz	background	195324	3.9 Mbp	3900000	0	20	49	PASS	PASS	NA	PASS	WARN	PASS	PASS	PASS	PASS	PASS	PASS
PKNOX1_TCGCAT20NGA_Y_2	/scratch/project_2013895/SELEX/data/Jolma2013/submitted_ftp/PKNOX1_TCGCAT20NGA_Y_2.fastq.gz	background	64468	1.2 Mbp	1200000	0	20	50	PASS	PASS	NA	PASS	WARN	PASS	PASS	PASS	PASS	PASS	PASS
PKNOX2_TGTATT20NGA_Y_2	/scratch/project_2013895/SELEX/data/Jolma2013/submitted_ftp/PKNOX2_TGTATT20NGA_Y_2.fastq.gz	background	80309	1.6 Mbp	1600000	0	20	50	PASS	PASS	NA	PASS	WARN	PASS	PASS	PASS	PASS	PASS	PASS
Pknox2_TGCTCG20NCG_Q_3	/scratch/project_2013895/SELEX/data/Jolma2013/submitted_ftp/Pknox2_TGCTCG20NCG_Q_3.fastq.gz	background	295113	5.9 Mbp	5900000	0	20	52	PASS	PASS	NA	PASS	FAIL	PASS	PASS	PASS	PASS	PASS	PASS
TGIF1_TATGGG20NGGG_Y_3	/scratch/project_2013895/SELEX/data/Jolma2013/submitted_ftp/TGIF1_TATGGG20NGGG_Y_3.fastq.gz	background	38945	778.9 kbp	778900	0	20	43	PASS	PASS	NA	PASS	WARN	PASS	PASS	PASS	PASS	PASS	PASS
TGIF2LX_TGATAA20NATA_AE_3	/scratch/project_2013895/SELEX/data/Jolma2013/submitted_ftp/TGIF2LX_TGATAA20NATA_AE_3.fastq.gz	background	42403	848 kbp	848000	0	20	48	PASS	PASS	NA	PASS	WARN	PASS	PASS	PASS	PASS	PASS	PASS
TGIF2_TGAACG30NCAA_AI_2	/scratch/project_2013895/SELEX/data/Jolma2013/submitted_ftp/TGIF2_TGAACG30NCAA_AI_2.fastq.gz	background	340390	10.2 Mbp	10200000	0	30	49	PASS	PASS	NA	PASS	WARN	PASS	PASS	PASS	PASS	PASS	PASS
MYBL1_TTGCGT20NTA_AF_3	/scratch/project_2013895/SELEX/data/Jolma2013/submitted_ftp/MYBL1_TTGCGT20NTA_AF_3.fastq.gz	background	226544	4.5 Mbp	4500000	0	20	47	PASS	PASS	NA	PASS	FAIL	PASS	PASS	PASS	PASS	PASS	PASS
MYBL2_TGAGTG20NGA_AC_2	/scratch/project_2013895/SELEX/data/Jolma2013/submitted_ftp/MYBL2_TGAGTG20NGA_AC_2.fastq.gz	background	121536	2.4 Mbp	2400000	0	20	50	PASS	PASS	NA	PASS	FAIL	PASS	PASS	PASS	PASS	PASS	PASS
NFAT5_TGATAA20NGA_AA_2	/scratch/project_2013895/SELEX/data/Jolma2013/submitted_ftp/NFAT5_TGATAA20NGA_AA_2.fastq.gz	background	50357	1 Mbp	1000000	0	20	46	PASS	PASS	NA	PASS	FAIL	WARN	PASS	PASS	PASS	PASS	PASS
NFATC1_TTCGTA20NTGC_AE_3	/scratch/project_2013895/SELEX/data/Jolma2013/submitted_ftp/NFATC1_TTCGTA20NTGC_AE_3.fastq.gz	background	277784	5.5 Mbp	5500000	0	20	42	PASS	PASS	NA	PASS	WARN	PASS	PASS	PASS	PASS	PASS	PASS
NFKB1_TCTCAA20NGA_AA_2	/scratch/project_2013895/SELEX/data/Jolma2013/submitted_ftp/NFKB1_TCTCAA20NGA_AA_2.fastq.gz	background	66061	1.3 Mbp	1300000	0	20	51	PASS	PASS	NA	PASS	WARN	PASS	PASS	PASS	PASS	PASS	PASS
NFKB2_TTCAAT20NGA_R_2	/scratch/project_2013895/SELEX/data/Jolma2013/submitted_ftp/NFKB2_TTCAAT20NGA_R_2.fastq.gz	background	31749	634.9 kbp	634900	0	20	43	PASS	PASS	NA	PASS	WARN	PASS	PASS	PASS	PASS	PASS	PASS
NFIA_TACGTC20NTGC_AA_2	/scratch/project_2013895/SELEX/data/Jolma2013/submitted_ftp/NFIA_TACGTC20NTGC_AA_2.fastq.gz	background	56351	1.1 Mbp	1100000	0	20	47	PASS	PASS	NA	PASS	WARN	PASS	PASS	PASS	PASS	PASS	PASS
NFIB_TCATCA20NCG_AD_2	/scratch/project_2013895/SELEX/data/Jolma2013/submitted_ftp/NFIB_TCATCA20NCG_AD_2.fastq.gz	background	135574	2.7 Mbp	2700000	0	20	51	PASS	PASS	NA	PASS	WARN	PASS	PASS	PASS	PASS	PASS	PASS
NFIX_TCAACC20NCG_AC_2	/scratch/project_2013895/SELEX/data/Jolma2013/submitted_ftp/NFIX_TCAACC20NCG_AC_2.fastq.gz	background	179408	3.5 Mbp	3500000	0	20	51	PASS	PASS	NA	PASS	WARN	PASS	PASS	PASS	PASS	PASS	PASS
NRF1_TAGCGA20NCG_AC_1	/scratch/project_2013895/SELEX/data/Jolma2013/submitted_ftp/NRF1_TAGCGA20NCG_AC_1.fastq.gz	background	110256	2.2 Mbp	2200000	0	20	49	PASS	PASS	NA	PASS	WARN	PASS	PASS	PASS	PASS	PASS	PASS
PAX1_TAACTT20NTCA_Y_3	/scratch/project_2013895/SELEX/data/Jolma2013/submitted_ftp/PAX1_TAACTT20NTCA_Y_3.fastq.gz	background	58712	1.1 Mbp	1100000	0	20	44	PASS	PASS	NA	PASS	WARN	PASS	PASS	PASS	PASS	PASS	PASS
PAX2_TCCACG20NCAC_Y_2	/scratch/project_2013895/SELEX/data/Jolma2013/submitted_ftp/PAX2_TCCACG20NCAC_Y_2.fastq.gz	background	108893	2.1 Mbp	2100000	0	20	47	PASS	PASS	NA	PASS	FAIL	PASS	PASS	PASS	PASS	PASS	PASS
PAX3_TTCTCT20NCTC_AF_1	/scratch/project_2013895/SELEX/data/Jolma2013/submitted_ftp/PAX3_TTCTCT20NCTC_AF_1.fastq.gz	background	263540	5.2 Mbp	5200000	0	20	42	PASS	PASS	NA	PASS	WARN	PASS	PASS	PASS	PASS	PASS	PASS
PAX4_TATTTA20NTTG_Y_3	/scratch/project_2013895/SELEX/data/Jolma2013/submitted_ftp/PAX4_TATTTA20NTTG_Y_3.fastq.gz	background	104198	2 Mbp	2000000	0	20	43	PASS	PASS	NA	PASS	WARN	PASS	PASS	PASS	PASS	PASS	PASS
PAX4_TCGCAT20NACT_W_3	/scratch/project_2013895/SELEX/data/Jolma2013/submitted_ftp/PAX4_TCGCAT20NACT_W_3.fastq.gz	background	78261	1.5 Mbp	1500000	0	20	46	PASS	PASS	NA	PASS	WARN	PASS	PASS	PASS	PASS	PASS	PASS
PAX5_TACAGG20NGAC_Y_2	/scratch/project_2013895/SELEX/data/Jolma2013/submitted_ftp/PAX5_TACAGG20NGAC_Y_2.fastq.gz	background	110322	2.2 Mbp	2200000	0	20	47	PASS	PASS	NA	PASS	WARN	PASS	PASS	PASS	PASS	PASS	PASS
PAX6_TCCATA20NTAC_Y_3	/scratch/project_2013895/SELEX/data/Jolma2013/submitted_ftp/PAX6_TCCATA20NTAC_Y_3.fastq.gz	background	106700	2.1 Mbp	2100000	0	20	45	PASS	PASS	NA	PASS	WARN	PASS	PASS	PASS	PASS	PASS	PASS
PAX7_TCCAAC20NAAC_Y_1	/scratch/project_2013895/SELEX/data/Jolma2013/submitted_ftp/PAX7_TCCAAC20NAAC_Y_1.fastq.gz	background	130428	2.6 Mbp	2600000	0	20	45	PASS	PASS	NA	PASS	WARN	PASS	PASS	PASS	PASS	PASS	PASS
PAX7_TAGGGC20NGGT_AE_2	/scratch/project_2013895/SELEX/data/Jolma2013/submitted_ftp/PAX7_TAGGGC20NGGT_AE_2.fastq.gz	background	287519	5.7 Mbp	5700000	0	20	47	PASS	PASS	NA	PASS	WARN	PASS	PASS	PASS	PASS	PASS	PASS
PAX9_TCTAAT20NAAG_AG_3	/scratch/project_2013895/SELEX/data/Jolma2013/submitted_ftp/PAX9_TCTAAT20NAAG_AG_3.fastq.gz	background	158081	3.1 Mbp	3100000	0	20	45	PASS	PASS	NA	PASS	WARN	PASS	PASS	PASS	PASS	PASS	PASS
POU1F1_TACACC40NCAC_AI_2	/scratch/project_2013895/SELEX/data/Jolma2013/submitted_ftp/POU1F1_TACACC40NCAC_AI_2.fastq.gz	background	308052	12.3 Mbp	12300000	0	40	42	PASS	PASS	NA	PASS	WARN	PASS	PASS	PASS	PASS	PASS	PASS
POU2F1_TCTTTC20NGA_AC_1	/scratch/project_2013895/SELEX/data/Jolma2013/submitted_ftp/POU2F1_TCTTTC20NGA_AC_1.fastq.gz	background	145289	2.9 Mbp	2900000	0	20	47	PASS	PASS	NA	PASS	WARN	PASS	PASS	PASS	PASS	PASS	PASS
POU2F2_TGACAG20NGA_AC_1	/scratch/project_2013895/SELEX/data/Jolma2013/submitted_ftp/POU2F2_TGACAG20NGA_AC_1.fastq.gz	background	236590	4.7 Mbp	4700000	0	20	46	PASS	PASS	NA	PASS	WARN	PASS	PASS	PASS	PASS	PASS	PASS
POU2F3_TAGACG20NCAT_Y_1	/scratch/project_2013895/SELEX/data/Jolma2013/submitted_ftp/POU2F3_TAGACG20NCAT_Y_1.fastq.gz	background	117091	2.3 Mbp	2300000	0	20	38	PASS	PASS	NA	PASS	FAIL	PASS	PASS	PASS	PASS	PASS	PASS
POU3F1_TAGCGA20NGCT_Y_1	/scratch/project_2013895/SELEX/data/Jolma2013/submitted_ftp/POU3F1_TAGCGA20NGCT_Y_1.fastq.gz	background	112974	2.2 Mbp	2200000	0	20	41	PASS	PASS	NA	PASS	WARN	PASS	PASS	PASS	PASS	PASS	PASS
POU3F2_TGTTCA40NCTG_AI_2	/scratch/project_2013895/SELEX/data/Jolma2013/submitted_ftp/POU3F2_TGTTCA40NCTG_AI_2.fastq.gz	background	249928	9.9 Mbp	9900000	0	40	44	PASS	PASS	NA	PASS	PASS	PASS	PASS	PASS	PASS	PASS	PASS
POU3F3_TCGCAT20NACT_Y_3	/scratch/project_2013895/SELEX/data/Jolma2013/submitted_ftp/POU3F3_TCGCAT20NACT_Y_3.fastq.gz	background	53707	1 Mbp	1000000	0	20	37	PASS	PASS	NA	PASS	FAIL	WARN	PASS	PASS	PASS	PASS	PASS
POU3F4_TACTGC20NGTC_Y_2	/scratch/project_2013895/SELEX/data/Jolma2013/submitted_ftp/POU3F4_TACTGC20NGTC_Y_2.fastq.gz	background	81198	1.6 Mbp	1600000	0	20	40	PASS	PASS	NA	PASS	FAIL	PASS	PASS	PASS	PASS	PASS	PASS
POU4F1_TACAAA20NAAC_Y_2	/scratch/project_2013895/SELEX/data/Jolma2013/submitted_ftp/POU4F1_TACAAA20NAAC_Y_2.fastq.gz	background	97276	1.9 Mbp	1900000	0	20	43	PASS	PASS	NA	PASS	WARN	PASS	PASS	PASS	PASS	PASS	PASS
POU4F2_TACGAG20NAGC_Y_2	/scratch/project_2013895/SELEX/data/Jolma2013/submitted_ftp/POU4F2_TACGAG20NAGC_Y_2.fastq.gz	background	64928	1.2 Mbp	1200000	0	20	43	PASS	PASS	NA	PASS	WARN	PASS	PASS	PASS	PASS	PASS	PASS
POU4F2_TGCGAA20NAGC_W_2	/scratch/project_2013895/SELEX/data/Jolma2013/submitted_ftp/POU4F2_TGCGAA20NAGC_W_2.fastq.gz	background	128972	2.5 Mbp	2500000	0	20	44	PASS	PASS	NA	PASS	WARN	PASS	PASS	PASS	PASS	PASS	PASS
POU4F3_TACCGT20NGCC_Y_2	/scratch/project_2013895/SELEX/data/Jolma2013/submitted_ftp/POU4F3_TACCGT20NGCC_Y_2.fastq.gz	background	106525	2.1 Mbp	2100000	0	20	42	PASS	PASS	NA	PASS	WARN	PASS	PASS	PASS	PASS	PASS	PASS
POU5F1P1_TAGAGT20NGAT_Y_1	/scratch/project_2013895/SELEX/data/Jolma2013/submitted_ftp/POU5F1P1_TAGAGT20NGAT_Y_1.fastq.gz	background	143628	2.8 Mbp	2800000	0	20	39	PASS	PASS	NA	PASS	WARN	PASS	PASS	PASS	PASS	PASS	PASS
POU6F2_TGCTGT20NCG_V_2	/scratch/project_2013895/SELEX/data/Jolma2013/submitted_ftp/POU6F2_TGCTGT20NCG_V_2.fastq.gz	background	113058	2.2 Mbp	2200000	0	20	48	PASS	PASS	NA	PASS	WARN	PASS	PASS	PASS	PASS	PASS	PASS
POU6F2_TATCAT20NCG_AC_3	/scratch/project_2013895/SELEX/data/Jolma2013/submitted_ftp/POU6F2_TATCAT20NCG_AC_3.fastq.gz	background	79147	1.5 Mbp	1500000	0	20	51	PASS	PASS	NA	PASS	FAIL	PASS	PASS	PASS	PASS	PASS	PASS
Pou2f2_TAGATA20NTAT_Z_2	/scratch/project_2013895/SELEX/data/Jolma2013/submitted_ftp/Pou2f2_TAGATA20NTAT_Z_2.fastq.gz	background	187214	3.7 Mbp	3700000	0	20	43	PASS	PASS	NA	PASS	WARN	PASS	PASS	PASS	PASS	PASS	PASS
PROX1_TGCAGA20NGA_AF_3	/scratch/project_2013895/SELEX/data/Jolma2013/submitted_ftp/PROX1_TGCAGA20NGA_AF_3.fastq.gz	background	203276	4 Mbp	4000000	0	20	49	PASS	PASS	NA	PASS	WARN	PASS	PASS	PASS	PASS	PASS	PASS
RFX2_TAACCC20NCCA_Y_2	/scratch/project_2013895/SELEX/data/Jolma2013/submitted_ftp/RFX2_TAACCC20NCCA_Y_2.fastq.gz	background	89642	1.7 Mbp	1700000	0	20	44	PASS	PASS	NA	PASS	WARN	PASS	PASS	PASS	PASS	PASS	PASS
RFX3_TGGCTT20NGA_AC_2	/scratch/project_2013895/SELEX/data/Jolma2013/submitted_ftp/RFX3_TGGCTT20NGA_AC_2.fastq.gz	background	147664	2.9 Mbp	2900000	0	20	50	PASS	PASS	NA	PASS	WARN	PASS	PASS	PASS	PASS	PASS	PASS
RFX4_TGACAG20NGA_O_2	/scratch/project_2013895/SELEX/data/Jolma2013/submitted_ftp/RFX4_TGACAG20NGA_O_2.fastq.gz	background	86077	1.7 Mbp	1700000	0	20	52	PASS	PASS	NA	PASS	FAIL	PASS	PASS	PASS	PASS	PASS	PASS
RFX5_TGGAGC30NGAT_AI_1	/scratch/project_2013895/SELEX/data/Jolma2013/submitted_ftp/RFX5_TGGAGC30NGAT_AI_1.fastq.gz	background	415297	12.4 Mbp	12400000	0	30	48	PASS	PASS	NA	PASS	WARN	PASS	PASS	PASS	PASS	PASS	PASS
Rfx2_TGGTAG20NATT_AC_2	/scratch/project_2013895/SELEX/data/Jolma2013/submitted_ftp/Rfx2_TGGTAG20NATT_AC_2.fastq.gz	background	318793	6.3 Mbp	6300000	0	20	42	PASS	PASS	NA	PASS	WARN	PASS	PASS	PASS	PASS	PASS	PASS
Rfx3_TGGGTA20NCG_P_2	/scratch/project_2013895/SELEX/data/Jolma2013/submitted_ftp/Rfx3_TGGGTA20NCG_P_2.fastq.gz	background	181082	3.6 Mbp	3600000	0	20	49	PASS	PASS	NA	PASS	FAIL	PASS	PASS	PASS	PASS	PASS	PASS
RUNX2_TACCTA40NTCC_AI_3	/scratch/project_2013895/SELEX/data/Jolma2013/submitted_ftp/RUNX2_TACCTA40NTCC_AI_3.fastq.gz	background	502923	20.1 Mbp	20100000	0	40	48	PASS	PASS	NA	PASS	WARN	PASS	WARN	PASS	PASS	PASS	PASS
RUNX3_TACGGA30NGGC_AI_2	/scratch/project_2013895/SELEX/data/Jolma2013/submitted_ftp/RUNX3_TACGGA30NGGC_AI_2.fastq.gz	background	239955	7.1 Mbp	7100000	0	30	45	PASS	PASS	NA	PASS	WARN	PASS	PASS	PASS	PASS	PASS	PASS
RUNX3_TCTCCC20NGA_AE_3	/scratch/project_2013895/SELEX/data/Jolma2013/submitted_ftp/RUNX3_TCTCCC20NGA_AE_3.fastq.gz	background	310776	6.2 Mbp	6200000	0	20	51	PASS	PASS	NA	PASS	WARN	PASS	PASS	PASS	PASS	PASS	PASS
GMEB2_TGGATG20NGA_O_2	/scratch/project_2013895/SELEX/data/Jolma2013/submitted_ftp/GMEB2_TGGATG20NGA_O_2.fastq.gz	background	117295	2.3 Mbp	2300000	0	20	50	PASS	PASS	NA	PASS	WARN	PASS	PASS	PASS	PASS	PASS	PASS
EOMES_TGTAAA30NAAG_AI_2	/scratch/project_2013895/SELEX/data/Jolma2013/submitted_ftp/EOMES_TGTAAA30NAAG_AI_2.fastq.gz	background	348459	10.4 Mbp	10400000	0	30	48	PASS	PASS	NA	PASS	WARN	PASS	PASS	PASS	PASS	PASS	PASS
MGA_TAGGGC20NGGT_Y_2	/scratch/project_2013895/SELEX/data/Jolma2013/submitted_ftp/MGA_TAGGGC20NGGT_Y_2.fastq.gz	background	124512	2.4 Mbp	2400000	0	20	47	PASS	PASS	NA	PASS	WARN	PASS	PASS	PASS	PASS	PASS	PASS
TBR1_TCACAC20NACA_Z_2	/scratch/project_2013895/SELEX/data/Jolma2013/submitted_ftp/TBR1_TCACAC20NACA_Z_2.fastq.gz	background	173476	3.4 Mbp	3400000	0	20	45	PASS	PASS	NA	PASS	WARN	PASS	PASS	PASS	PASS	PASS	PASS
TBR1_TTGCAC20NACT_AE_3	/scratch/project_2013895/SELEX/data/Jolma2013/submitted_ftp/TBR1_TTGCAC20NACT_AE_3.fastq.gz	background	271634	5.4 Mbp	5400000	0	20	44	PASS	PASS	NA	PASS	PASS	PASS	PASS	PASS	PASS	PASS	PASS
TBX15_TACGTC40NTGC_AI_3	/scratch/project_2013895/SELEX/data/Jolma2013/submitted_ftp/TBX15_TACGTC40NTGC_AI_3.fastq.gz	background	288563	11.5 Mbp	11500000	0	40	51	PASS	PASS	NA	PASS	WARN	PASS	WARN	PASS	PASS	PASS	PASS
TBX19_TACTAT40NATC_AI_2	/scratch/project_2013895/SELEX/data/Jolma2013/submitted_ftp/TBX19_TACTAT40NATC_AI_2.fastq.gz	background	262243	10.4 Mbp	10400000	0	40	49	PASS	PASS	NA	PASS	WARN	PASS	PASS	PASS	PASS	PASS	PASS
TBX1_TACGGA40NGGC_AI_3	/scratch/project_2013895/SELEX/data/Jolma2013/submitted_ftp/TBX1_TACGGA40NGGC_AI_3.fastq.gz	background	281992	11.2 Mbp	11200000	0	40	49	PASS	PASS	NA	PASS	WARN	PASS	WARN	PASS	PASS	PASS	PASS
TBX20_TACTCA40NCTC_AI_2	/scratch/project_2013895/SELEX/data/Jolma2013/submitted_ftp/TBX20_TACTCA40NCTC_AI_2.fastq.gz	background	288833	11.5 Mbp	11500000	0	40	48	PASS	PASS	NA	PASS	WARN	PASS	PASS	PASS	PASS	PASS	PASS
TBX20_TCTTCT20NCTG_AE_3	/scratch/project_2013895/SELEX/data/Jolma2013/submitted_ftp/TBX20_TCTTCT20NCTG_AE_3.fastq.gz	background	71114	1.4 Mbp	1400000	0	20	46	PASS	PASS	NA	PASS	WARN	PASS	PASS	PASS	PASS	PASS	PASS
TBX21_TACTGC40NGTC_AI_2	/scratch/project_2013895/SELEX/data/Jolma2013/submitted_ftp/TBX21_TACTGC40NGTC_AI_2.fastq.gz	background	281252	11.2 Mbp	11200000	0	40	50	PASS	PASS	NA	PASS	WARN	PASS	PASS	PASS	PASS	PASS	PASS
TBX21_TGGTCT20NCTT_AD_2	/scratch/project_2013895/SELEX/data/Jolma2013/submitted_ftp/TBX21_TGGTCT20NCTT_AD_2.fastq.gz	background	127430	2.5 Mbp	2500000	0	20	44	PASS	PASS	NA	PASS	WARN	PASS	PASS	PASS	PASS	PASS	PASS
TBX2_TCTATG20NTAG_AF_3	/scratch/project_2013895/SELEX/data/Jolma2013/submitted_ftp/TBX2_TCTATG20NTAG_AF_3.fastq.gz	background	192741	3.8 Mbp	3800000	0	20	43	PASS	PASS	NA	PASS	WARN	PASS	PASS	PASS	PASS	PASS	PASS
TBX4_TACTTG40NTTC_AI_2	/scratch/project_2013895/SELEX/data/Jolma2013/submitted_ftp/TBX4_TACTTG40NTTC_AI_2.fastq.gz	background	323549	12.9 Mbp	12900000	0	40	49	PASS	PASS	NA	PASS	WARN	PASS	PASS	PASS	PASS	PASS	PASS
TBX5_TAGAAC40NAAT_AI_2	/scratch/project_2013895/SELEX/data/Jolma2013/submitted_ftp/TBX5_TAGAAC40NAAT_AI_2.fastq.gz	background	224163	8.9 Mbp	8900000	0	40	50	PASS	PASS	NA	PASS	WARN	PASS	PASS	PASS	PASS	PASS	PASS
T_TGGGCG20NCGT_W_2	/scratch/project_2013895/SELEX/data/Jolma2013/submitted_ftp/T_TGGGCG20NCGT_W_2.fastq.gz	background	102626	2 Mbp	2000000	0	20	45	PASS	PASS	NA	PASS	WARN	PASS	PASS	PASS	PASS	PASS	PASS
TEAD1_TCTTAG20NATG_W_3	/scratch/project_2013895/SELEX/data/Jolma2013/submitted_ftp/TEAD1_TCTTAG20NATG_W_3.fastq.gz	background	65074	1.3 Mbp	1300000	0	20	45	PASS	PASS	NA	PASS	WARN	PASS	PASS	PASS	PASS	PASS	PASS
TEAD3_TATAAG40NAAG_AI_2	/scratch/project_2013895/SELEX/data/Jolma2013/submitted_ftp/TEAD3_TATAAG40NAAG_AI_2.fastq.gz	background	200847	8 Mbp	8000000	0	40	50	PASS	PASS	NA	PASS	WARN	PASS	PASS	PASS	PASS	PASS	PASS
TEAD4_TGATTT20NTTA_Y_3	/scratch/project_2013895/SELEX/data/Jolma2013/submitted_ftp/TEAD4_TGATTT20NTTA_Y_3.fastq.gz	background	49290	985.8 kbp	985800	0	20	43	PASS	PASS	NA	PASS	WARN	PASS	PASS	PASS	PASS	PASS	PASS
TFAP2A_TTGCAC20NTA_AF_2	/scratch/project_2013895/SELEX/data/Jolma2013/submitted_ftp/TFAP2A_TTGCAC20NTA_AF_2.fastq.gz	background	148656	2.9 Mbp	2900000	0	20	49	PASS	PASS	NA	PASS	WARN	PASS	PASS	PASS	PASS	PASS	PASS
TFAP2B_TCGTTA20NTTT_Y_3	/scratch/project_2013895/SELEX/data/Jolma2013/submitted_ftp/TFAP2B_TCGTTA20NTTT_Y_3.fastq.gz	background	21852	437 kbp	437000	0	20	52	PASS	PASS	NA	PASS	WARN	PASS	PASS	PASS	PASS	PASS	PASS
TFAP2C_TCTACA20NCAG_Y_2	/scratch/project_2013895/SELEX/data/Jolma2013/submitted_ftp/TFAP2C_TCTACA20NCAG_Y_2.fastq.gz	background	37309	746.1 kbp	746100	0	20	45	PASS	PASS	NA	PASS	WARN	PASS	PASS	PASS	PASS	PASS	PASS
TFAP2C_TGTCGT20NGCG_AE_2	/scratch/project_2013895/SELEX/data/Jolma2013/submitted_ftp/TFAP2C_TGTCGT20NGCG_AE_2.fastq.gz	background	91444	1.8 Mbp	1800000	0	20	46	PASS	PASS	NA	PASS	WARN	PASS	PASS	PASS	PASS	PASS	PASS
Tcfap2a_TGATCC20NCG_P_2	/scratch/project_2013895/SELEX/data/Jolma2013/submitted_ftp/Tcfap2a_TGATCC20NCG_P_2.fastq.gz	background	101696	2 Mbp	2000000	0	20	55	PASS	PASS	NA	PASS	FAIL	PASS	PASS	PASS	PASS	PASS	PASS
ARNTL_TCAAAA20NCG_W_2	/scratch/project_2013895/SELEX/data/Jolma2013/submitted_ftp/ARNTL_TCAAAA20NCG_W_2.fastq.gz	background	101180	2 Mbp	2000000	0	20	52	PASS	PASS	NA	PASS	WARN	PASS	PASS	PASS	PASS	PASS	PASS
Ascl2_TAGGGC20NCG_Z_3	/scratch/project_2013895/SELEX/data/Jolma2013/submitted_ftp/Ascl2_TAGGGC20NCG_Z_3.fastq.gz	background	26570	531.4 kbp	531400	0	20	49	PASS	PASS	NA	PASS	WARN	PASS	PASS	PASS	PASS	PASS	PASS
Atoh1_TAGTCC20NCTT_Z_2	/scratch/project_2013895/SELEX/data/Jolma2013/submitted_ftp/Atoh1_TAGTCC20NCTT_Z_2.fastq.gz	background	139264	2.7 Mbp	2700000	0	20	46	PASS	PASS	NA	PASS	WARN	PASS	PASS	PASS	PASS	PASS	PASS
BHLHA15_TCCGTG20NCG_Y_3	/scratch/project_2013895/SELEX/data/Jolma2013/submitted_ftp/BHLHA15_TCCGTG20NCG_Y_3.fastq.gz	background	42887	857.7 kbp	857700	0	20	49	PASS	PASS	NA	PASS	FAIL	PASS	PASS	PASS	PASS	PASS	PASS
BHLHB2_TGGGAC20NGA_Y_1	/scratch/project_2013895/SELEX/data/Jolma2013/submitted_ftp/BHLHB2_TGGGAC20NGA_Y_1.fastq.gz	background	88865	1.7 Mbp	1700000	0	20	49	PASS	PASS	NA	PASS	WARN	PASS	PASS	PASS	PASS	PASS	PASS
BHLHB3_TCAAAA20NCG_AD_1	/scratch/project_2013895/SELEX/data/Jolma2013/submitted_ftp/BHLHB3_TCAAAA20NCG_AD_1.fastq.gz	background	58896	1.1 Mbp	1100000	0	20	50	PASS	PASS	NA	PASS	WARN	PASS	PASS	PASS	PASS	PASS	PASS
BHLHE22_TCTTGA20NGTG_Y_2	/scratch/project_2013895/SELEX/data/Jolma2013/submitted_ftp/BHLHE22_TCTTGA20NGTG_Y_2.fastq.gz	background	44628	892.5 kbp	892500	0	20	42	PASS	PASS	NA	PASS	WARN	PASS	PASS	PASS	PASS	PASS	PASS
BHLHE23_TATATC20NCG_Y_3	/scratch/project_2013895/SELEX/data/Jolma2013/submitted_ftp/BHLHE23_TATATC20NCG_Y_3.fastq.gz	background	34604	692 kbp	692000	0	20	50	PASS	PASS	NA	PASS	WARN	PASS	PASS	PASS	PASS	PASS	PASS
BHLHE41_TGTGCT20NCGG_AD_2	/scratch/project_2013895/SELEX/data/Jolma2013/submitted_ftp/BHLHE41_TGTGCT20NCGG_AD_2.fastq.gz	background	101965	2 Mbp	2000000	0	20	44	PASS	PASS	NA	PASS	WARN	PASS	PASS	PASS	PASS	PASS	PASS
Bhlhb2_TCAAGG20NGAA_Z_1	/scratch/project_2013895/SELEX/data/Jolma2013/submitted_ftp/Bhlhb2_TCAAGG20NGAA_Z_1.fastq.gz	background	112576	2.2 Mbp	2200000	0	20	46	PASS	PASS	NA	PASS	WARN	PASS	PASS	PASS	PASS	PASS	PASS
CLOCK_TGAGAT20NAGA_Z_2	/scratch/project_2013895/SELEX/data/Jolma2013/submitted_ftp/CLOCK_TGAGAT20NAGA_Z_2.fastq.gz	background	92091	1.8 Mbp	1800000	0	20	42	PASS	PASS	NA	PASS	WARN	PASS	PASS	PASS	PASS	PASS	PASS
FIGLA_AGATA14N_U_3	/scratch/project_2013895/SELEX/data/Jolma2013/submitted_ftp/FIGLA_AGATA14N_U_3.fastq.gz	background	194427	2.7 Mbp	2700000	0	14	44	PASS	PASS	NA	PASS	WARN	PASS	PASS	PASS	PASS	PASS	PASS
HES5_TCCACG20NCG_Y_3	/scratch/project_2013895/SELEX/data/Jolma2013/submitted_ftp/HES5_TCCACG20NCG_Y_3.fastq.gz	background	18692	373.8 kbp	373800	0	20	50	PASS	PASS	NA	PASS	FAIL	PASS	PASS	PASS	PASS	PASS	PASS
HES7_AATTC14N_U_3	/scratch/project_2013895/SELEX/data/Jolma2013/submitted_ftp/HES7_AATTC14N_U_3.fastq.gz	background	170493	2.3 Mbp	2300000	0	14	45	PASS	PASS	NA	PASS	WARN	PASS	PASS	PASS	PASS	PASS	PASS
HEY1_TGAAAC20NGA_Y_2	/scratch/project_2013895/SELEX/data/Jolma2013/submitted_ftp/HEY1_TGAAAC20NGA_Y_2.fastq.gz	background	140285	2.8 Mbp	2800000	0	20	51	PASS	PASS	NA	PASS	FAIL	PASS	PASS	PASS	PASS	PASS	PASS
HEY2_TCGATC20NGA_Y_3	/scratch/project_2013895/SELEX/data/Jolma2013/submitted_ftp/HEY2_TCGATC20NGA_Y_3.fastq.gz	background	86512	1.7 Mbp	1700000	0	20	50	PASS	PASS	NA	PASS	WARN	PASS	PASS	PASS	PASS	PASS	PASS
HEY2_TCTCAA20NGA_AF_3	/scratch/project_2013895/SELEX/data/Jolma2013/submitted_ftp/HEY2_TCTCAA20NGA_AF_3.fastq.gz	background	306935	6.1 Mbp	6100000	0	20	50	PASS	PASS	NA	PASS	WARN	PASS	PASS	PASS	PASS	PASS	PASS
ID4_CTACA14N_U_3	/scratch/project_2013895/SELEX/data/Jolma2013/submitted_ftp/ID4_CTACA14N_U_3.fastq.gz	background	209582	2.9 Mbp	2900000	0	14	44	PASS	PASS	NA	PASS	WARN	PASS	PASS	PASS	PASS	PASS	PASS
MAX_TGACCT20NGA_Y_1	/scratch/project_2013895/SELEX/data/Jolma2013/submitted_ftp/MAX_TGACCT20NGA_Y_1.fastq.gz	background	63043	1.2 Mbp	1200000	0	20	51	PASS	PASS	NA	PASS	WARN	PASS	PASS	PASS	PASS	PASS	PASS
MESP1_TACCCG20NCG_Y_2	/scratch/project_2013895/SELEX/data/Jolma2013/submitted_ftp/MESP1_TACCCG20NCG_Y_2.fastq.gz	background	15712	314.2 kbp	314200	0	20	48	PASS	PASS	NA	PASS	WARN	PASS	PASS	PASS	PASS	PASS	PASS
MLXIPL_TGTAAA20NAAG_AE_2	/scratch/project_2013895/SELEX/data/Jolma2013/submitted_ftp/MLXIPL_TGTAAA20NAAG_AE_2.fastq.gz	background	122656	2.4 Mbp	2400000	0	20	46	PASS	PASS	NA	PASS	WARN	PASS	PASS	PASS	PASS	PASS	PASS
MLX_CATAT14N_S_3	/scratch/project_2013895/SELEX/data/Jolma2013/submitted_ftp/MLX_CATAT14N_S_3.fastq.gz	background	76681	1 Mbp	1000000	0	14	46	PASS	PASS	NA	PASS	WARN	PASS	PASS	PASS	PASS	PASS	PASS
MNT_TCTTCT20NGA_Y_2	/scratch/project_2013895/SELEX/data/Jolma2013/submitted_ftp/MNT_TCTTCT20NGA_Y_2.fastq.gz	background	48458	969.1 kbp	969100	0	20	51	PASS	PASS	NA	PASS	FAIL	PASS	PASS	PASS	PASS	PASS	PASS
MYF6_TGACTC20NTCA_AF_3	/scratch/project_2013895/SELEX/data/Jolma2013/submitted_ftp/MYF6_TGACTC20NTCA_AF_3.fastq.gz	background	128753	2.5 Mbp	2500000	0	20	45	PASS	PASS	NA	PASS	WARN	PASS	PASS	PASS	PASS	PASS	PASS
Mlx_CCTGG14N_T_2	/scratch/project_2013895/SELEX/data/Jolma2013/submitted_ftp/Mlx_CCTGG14N_T_2.fastq.gz	background	154297	2.1 Mbp	2100000	0	14	47	PASS	PASS	NA	PASS	FAIL	PASS	PASS	PASS	PASS	PASS	PASS
NEUROD2_TGACCT20NGA_AE_3	/scratch/project_2013895/SELEX/data/Jolma2013/submitted_ftp/NEUROD2_TGACCT20NGA_AE_3.fastq.gz	background	465857	9.3 Mbp	9300000	0	20	51	PASS	PASS	NA	PASS	WARN	PASS	PASS	PASS	PASS	PASS	PASS
NEUROG2_TCGCTG20NTCT_Z_2	/scratch/project_2013895/SELEX/data/Jolma2013/submitted_ftp/NEUROG2_TCGCTG20NTCT_Z_2.fastq.gz	background	156475	3.1 Mbp	3100000	0	20	44	PASS	PASS	NA	PASS	WARN	PASS	PASS	PASS	PASS	PASS	PASS
NEUROG2_TGGCGG20NGA_AE_3	/scratch/project_2013895/SELEX/data/Jolma2013/submitted_ftp/NEUROG2_TGGCGG20NGA_AE_3.fastq.gz	background	175752	3.5 Mbp	3500000	0	20	50	PASS	PASS	NA	PASS	WARN	PASS	PASS	PASS	PASS	PASS	PASS
NHLH1_TGGGCG20NGA_W_3	/scratch/project_2013895/SELEX/data/Jolma2013/submitted_ftp/NHLH1_TGGGCG20NGA_W_3.fastq.gz	background	233559	4.6 Mbp	4600000	0	20	52	PASS	PASS	NA	PASS	FAIL	PASS	PASS	PASS	PASS	PASS	PASS
NHLH1_TGATGG20NGTA_W_3	/scratch/project_2013895/SELEX/data/Jolma2013/submitted_ftp/NHLH1_TGATGG20NGTA_W_3.fastq.gz	background	95045	1.9 Mbp	1900000	0	20	48	PASS	PASS	NA	PASS	WARN	PASS	PASS	PASS	PASS	PASS	PASS
OLIG1_TGCCTG20NTCC_Z_2	/scratch/project_2013895/SELEX/data/Jolma2013/submitted_ftp/OLIG1_TGCCTG20NTCC_Z_2.fastq.gz	background	96301	1.9 Mbp	1900000	0	20	44	PASS	PASS	NA	PASS	WARN	PASS	PASS	PASS	PASS	PASS	PASS
OLIG2_TCTTTC20NGA_Y_2	/scratch/project_2013895/SELEX/data/Jolma2013/submitted_ftp/OLIG2_TCTTTC20NGA_Y_2.fastq.gz	background	54026	1 Mbp	1000000	0	20	50	PASS	PASS	NA	PASS	FAIL	PASS	PASS	PASS	PASS	PASS	PASS
OLIG2_TGCGCC20NGA_AE_3	/scratch/project_2013895/SELEX/data/Jolma2013/submitted_ftp/OLIG2_TGCGCC20NGA_AE_3.fastq.gz	background	260432	5.2 Mbp	5200000	0	20	50	PASS	PASS	NA	PASS	FAIL	PASS	PASS	PASS	PASS	PASS	PASS
OLIG3_TGTCCG20NGA_Y_2	/scratch/project_2013895/SELEX/data/Jolma2013/submitted_ftp/OLIG3_TGTCCG20NGA_Y_2.fastq.gz	background	84198	1.6 Mbp	1600000	0	20	50	PASS	PASS	NA	PASS	FAIL	PASS	PASS	PASS	PASS	PASS	PASS
SREBF2_TGAGAT20NGA_Y_2	/scratch/project_2013895/SELEX/data/Jolma2013/submitted_ftp/SREBF2_TGAGAT20NGA_Y_2.fastq.gz	background	72054	1.4 Mbp	1400000	0	20	49	PASS	PASS	NA	PASS	WARN	PASS	PASS	PASS	PASS	PASS	PASS
Srebf1_TACATT20NCG_Z_2	/scratch/project_2013895/SELEX/data/Jolma2013/submitted_ftp/Srebf1_TACATT20NCG_Z_2.fastq.gz	background	123008	2.4 Mbp	2400000	0	20	49	PASS	PASS	NA	PASS	WARN	PASS	PASS	PASS	PASS	PASS	PASS
TCF3_TACCCG20NCCC_Y_1	/scratch/project_2013895/SELEX/data/Jolma2013/submitted_ftp/TCF3_TACCCG20NCCC_Y_1.fastq.gz	background	87419	1.7 Mbp	1700000	0	20	46	PASS	PASS	NA	PASS	WARN	PASS	PASS	PASS	PASS	PASS	PASS
TCF4_TGCGAA20NGA_W_1	/scratch/project_2013895/SELEX/data/Jolma2013/submitted_ftp/TCF4_TGCGAA20NGA_W_1.fastq.gz	background	117174	2.3 Mbp	2300000	0	20	51	PASS	PASS	NA	PASS	WARN	PASS	PASS	PASS	PASS	PASS	PASS
TCF4_TTGCCG20NCCT_AE_1	/scratch/project_2013895/SELEX/data/Jolma2013/submitted_ftp/TCF4_TTGCCG20NCCT_AE_1.fastq.gz	background	266735	5.3 Mbp	5300000	0	20	43	PASS	PASS	NA	PASS	WARN	PASS	PASS	PASS	PASS	PASS	PASS
TFAP4_TCACGT20NGCA_AC_1	/scratch/project_2013895/SELEX/data/Jolma2013/submitted_ftp/TFAP4_TCACGT20NGCA_AC_1.fastq.gz	background	174823	3.4 Mbp	3400000	0	20	46	PASS	PASS	NA	PASS	WARN	PASS	PASS	PASS	PASS	PASS	PASS
TFAP4_CATTG14N_S_2	/scratch/project_2013895/SELEX/data/Jolma2013/submitted_ftp/TFAP4_CATTG14N_S_2.fastq.gz	background	80751	1.1 Mbp	1100000	0	14	46	PASS	PASS	NA	PASS	WARN	PASS	PASS	PASS	PASS	PASS	PASS
TFE3_TACCGT20NTA_Q_1	/scratch/project_2013895/SELEX/data/Jolma2013/submitted_ftp/TFE3_TACCGT20NTA_Q_1.fastq.gz	background	372167	7.4 Mbp	7400000	0	20	52	PASS	PASS	NA	PASS	WARN	PASS	PASS	PASS	PASS	PASS	PASS
TFEB_TAGTTT20NCG_W_1	/scratch/project_2013895/SELEX/data/Jolma2013/submitted_ftp/TFEB_TAGTTT20NCG_W_1.fastq.gz	background	123745	2.4 Mbp	2400000	0	20	51	PASS	PASS	NA	PASS	WARN	PASS	PASS	PASS	PASS	PASS	PASS
Tcf21_TCCGTG20NTGC_Z_3	/scratch/project_2013895/SELEX/data/Jolma2013/submitted_ftp/Tcf21_TCCGTG20NTGC_Z_3.fastq.gz	background	166011	3.3 Mbp	3300000	0	20	48	PASS	PASS	NA	PASS	WARN	PASS	PASS	PASS	PASS	PASS	PASS
USF1_TGACGA20NGCA_Z_1	/scratch/project_2013895/SELEX/data/Jolma2013/submitted_ftp/USF1_TGACGA20NGCA_Z_1.fastq.gz	background	67283	1.3 Mbp	1300000	0	20	45	PASS	PASS	NA	PASS	WARN	WARN	PASS	PASS	PASS	PASS	PASS
ATF4_TGGAAT20NGA_W_2	/scratch/project_2013895/SELEX/data/Jolma2013/submitted_ftp/ATF4_TGGAAT20NGA_W_2.fastq.gz	background	120236	2.4 Mbp	2400000	0	20	51	PASS	PASS	NA	PASS	FAIL	PASS	PASS	PASS	PASS	PASS	PASS
ATF7_TGGGCG30NCGT_AI_3	/scratch/project_2013895/SELEX/data/Jolma2013/submitted_ftp/ATF7_TGGGCG30NCGT_AI_3.fastq.gz	background	615186	18.4 Mbp	18400000	0	30	49	PASS	PASS	NA	PASS	WARN	PASS	WARN	PASS	PASS	PASS	PASS
Atf4_TGCCGC20NGA_Z_3	/scratch/project_2013895/SELEX/data/Jolma2013/submitted_ftp/Atf4_TGCCGC20NGA_Z_3.fastq.gz	background	7300	146 kbp	146000	0	20	48	PASS	PASS	NA	PASS	WARN	PASS	PASS	PASS	PASS	WARN	PASS
BATF3_TAAGAC20NAGA_AC_3	/scratch/project_2013895/SELEX/data/Jolma2013/submitted_ftp/BATF3_TAAGAC20NAGA_AC_3.fastq.gz	background	208975	4.1 Mbp	4099999.9999999995	0	20	46	PASS	PASS	NA	PASS	WARN	PASS	PASS	PASS	PASS	PASS	PASS
CEBPB_TGGACA20NGA_W_1	/scratch/project_2013895/SELEX/data/Jolma2013/submitted_ftp/CEBPB_TGGACA20NGA_W_1.fastq.gz	background	120405	2.4 Mbp	2400000	0	20	50	PASS	PASS	NA	PASS	WARN	PASS	PASS	PASS	PASS	PASS	PASS
CEBPB_TCAACC20NCAA_W_3	/scratch/project_2013895/SELEX/data/Jolma2013/submitted_ftp/CEBPB_TCAACC20NCAA_W_3.fastq.gz	background	183519	3.6 Mbp	3600000	0	20	47	PASS	PASS	NA	PASS	PASS	PASS	PASS	PASS	PASS	PASS	PASS
CEBPD_TAATGA20NCG_Y_2	/scratch/project_2013895/SELEX/data/Jolma2013/submitted_ftp/CEBPD_TAATGA20NCG_Y_2.fastq.gz	background	51889	1 Mbp	1000000	0	20	48	PASS	PASS	NA	PASS	WARN	PASS	PASS	PASS	PASS	PASS	PASS
CEBPE_TGAGGC20NGA_W_1	/scratch/project_2013895/SELEX/data/Jolma2013/submitted_ftp/CEBPE_TGAGGC20NGA_W_1.fastq.gz	background	137206	2.7 Mbp	2700000	0	20	50	PASS	PASS	NA	PASS	WARN	PASS	PASS	PASS	PASS	PASS	PASS
CEBPG_TAGACG20NTA_Q_1	/scratch/project_2013895/SELEX/data/Jolma2013/submitted_ftp/CEBPG_TAGACG20NTA_Q_1.fastq.gz	background	452560	9 Mbp	9000000	0	20	50	PASS	PASS	NA	PASS	FAIL	PASS	PASS	PASS	PASS	PASS	PASS
CEBPG_TAAAAT20NCG_AC_1	/scratch/project_2013895/SELEX/data/Jolma2013/submitted_ftp/CEBPG_TAAAAT20NCG_AC_1.fastq.gz	background	194353	3.8 Mbp	3800000	0	20	49	PASS	PASS	NA	PASS	WARN	PASS	PASS	PASS	PASS	PASS	PASS
CREB3L1_TAAACA20NCAA_Y_3	/scratch/project_2013895/SELEX/data/Jolma2013/submitted_ftp/CREB3L1_TAAACA20NCAA_Y_3.fastq.gz	background	139930	2.7 Mbp	2700000	0	20	47	PASS	PASS	NA	PASS	WARN	PASS	PASS	PASS	PASS	PASS	PASS
CREB3L1_TAGAGT20NCG_AD_3	/scratch/project_2013895/SELEX/data/Jolma2013/submitted_ftp/CREB3L1_TAGAGT20NCG_AD_3.fastq.gz	background	1794	35.8 kbp	35800	0	20	54	PASS	PASS	NA	PASS	FAIL	PASS	PASS	PASS	PASS	WARN	PASS
CREB3_TAGAAC20NCG_AD_3	/scratch/project_2013895/SELEX/data/Jolma2013/submitted_ftp/CREB3_TAGAAC20NCG_AD_3.fastq.gz	background	14546	290.9 kbp	290900	0	20	52	PASS	PASS	NA	PASS	FAIL	PASS	PASS	PASS	PASS	PASS	PASS
Cebpb_TCCTAA20NATC_Z_1	/scratch/project_2013895/SELEX/data/Jolma2013/submitted_ftp/Cebpb_TCCTAA20NATC_Z_1.fastq.gz	background	120246	2.4 Mbp	2400000	0	20	44	PASS	PASS	NA	PASS	WARN	PASS	PASS	PASS	PASS	PASS	PASS
Creb3l2_TAACGG20NGCA_Z_3	/scratch/project_2013895/SELEX/data/Jolma2013/submitted_ftp/Creb3l2_TAACGG20NGCA_Z_3.fastq.gz	background	251292	5 Mbp	5000000	0	20	46	PASS	PASS	NA	PASS	WARN	PASS	PASS	PASS	PASS	PASS	PASS
Creb5_TATCGC20NCG_Z_2	/scratch/project_2013895/SELEX/data/Jolma2013/submitted_ftp/Creb5_TATCGC20NCG_Z_2.fastq.gz	background	51764	1 Mbp	1000000	0	20	50	PASS	PASS	NA	PASS	WARN	PASS	PASS	PASS	PASS	PASS	PASS
DBP_TAACTT20NCG_W_1	/scratch/project_2013895/SELEX/data/Jolma2013/submitted_ftp/DBP_TAACTT20NCG_W_1.fastq.gz	background	130229	2.6 Mbp	2600000	0	20	49	PASS	PASS	NA	PASS	WARN	PASS	PASS	PASS	PASS	PASS	PASS
DBP_TGCGGG20NGGC_AE_1	/scratch/project_2013895/SELEX/data/Jolma2013/submitted_ftp/DBP_TGCGGG20NGGC_AE_1.fastq.gz	background	52535	1 Mbp	1000000	0	20	46	PASS	PASS	NA	PASS	WARN	PASS	PASS	PASS	PASS	PASS	PASS
Dbp_TAAATG20NCG_Z_1	/scratch/project_2013895/SELEX/data/Jolma2013/submitted_ftp/Dbp_TAAATG20NCG_Z_1.fastq.gz	background	80440	1.6 Mbp	1600000	0	20	49	PASS	PASS	NA	PASS	WARN	PASS	PASS	PASS	PASS	PASS	PASS
HLF_TAGCCT20NCG_AD_2	/scratch/project_2013895/SELEX/data/Jolma2013/submitted_ftp/HLF_TAGCCT20NCG_AD_2.fastq.gz	background	269361	5.3 Mbp	5300000	0	20	49	PASS	PASS	NA	PASS	WARN	PASS	PASS	PASS	PASS	PASS	PASS
Hlf_TCAATT20NTA_P_2	/scratch/project_2013895/SELEX/data/Jolma2013/submitted_ftp/Hlf_TCAATT20NTA_P_2.fastq.gz	background	171350	3.4 Mbp	3400000	0	20	51	PASS	PASS	NA	PASS	FAIL	PASS	PASS	PASS	PASS	PASS	PASS
JDP2_TCCTTT20NTTC_AC_3	/scratch/project_2013895/SELEX/data/Jolma2013/submitted_ftp/JDP2_TCCTTT20NTTC_AC_3.fastq.gz	background	316856	6.3 Mbp	6300000	0	20	47	PASS	PASS	NA	PASS	WARN	PASS	PASS	PASS	PASS	PASS	PASS
JDP2_TGTTCA20NGA_AE_2	/scratch/project_2013895/SELEX/data/Jolma2013/submitted_ftp/JDP2_TGTTCA20NGA_AE_2.fastq.gz	background	249015	4.9 Mbp	4900000	0	20	50	PASS	PASS	NA	PASS	WARN	PASS	PASS	PASS	PASS	PASS	PASS
Jdp2_TATCTG20NCG_Z_2	/scratch/project_2013895/SELEX/data/Jolma2013/submitted_ftp/Jdp2_TATCTG20NCG_Z_2.fastq.gz	background	23119	462.3 kbp	462300	0	20	49	PASS	PASS	NA	PASS	FAIL	PASS	PASS	PASS	PASS	PASS	PASS
MAFF_TGGAAT20NAAT_Z_3	/scratch/project_2013895/SELEX/data/Jolma2013/submitted_ftp/MAFF_TGGAAT20NAAT_Z_3.fastq.gz	background	49753	995 kbp	995000	0	20	42	PASS	PASS	NA	PASS	WARN	PASS	PASS	PASS	PASS	PASS	PASS
MAFG_TGTAAA40NAAG_AI_2	/scratch/project_2013895/SELEX/data/Jolma2013/submitted_ftp/MAFG_TGTAAA40NAAG_AI_2.fastq.gz	background	93432	3.7 Mbp	3700000	0	40	45	PASS	PASS	NA	PASS	WARN	PASS	PASS	PASS	PASS	PASS	PASS
MAFK_TGCCTG30NTCC_AI_1	/scratch/project_2013895/SELEX/data/Jolma2013/submitted_ftp/MAFK_TGCCTG30NTCC_AI_1.fastq.gz	background	346970	10.4 Mbp	10400000	0	30	49	PASS	PASS	NA	PASS	WARN	PASS	PASS	PASS	PASS	PASS	PASS
MAFK_TTAAAG20NTA_AE_2	/scratch/project_2013895/SELEX/data/Jolma2013/submitted_ftp/MAFK_TTAAAG20NTA_AE_2.fastq.gz	background	157448	3.1 Mbp	3100000	0	20	50	PASS	PASS	NA	PASS	WARN	PASS	PASS	PASS	PASS	PASS	PASS
Mafb_TCGTTA20NTTT_AA_2	/scratch/project_2013895/SELEX/data/Jolma2013/submitted_ftp/Mafb_TCGTTA20NTTT_AA_2.fastq.gz	background	42479	849.5 kbp	849500	0	20	48	PASS	PASS	NA	PASS	WARN	PASS	PASS	PASS	PASS	PASS	PASS
NFE2_TGTAGG20NGA_AC_3	/scratch/project_2013895/SELEX/data/Jolma2013/submitted_ftp/NFE2_TGTAGG20NGA_AC_3.fastq.gz	background	85661	1.7 Mbp	1700000	0	20	50	PASS	PASS	NA	PASS	FAIL	PASS	PASS	PASS	PASS	PASS	PASS
NFIL3_TAGACG20NCG_Y_1	/scratch/project_2013895/SELEX/data/Jolma2013/submitted_ftp/NFIL3_TAGACG20NCG_Y_1.fastq.gz	background	38888	777.7 kbp	777700	0	20	49	PASS	PASS	NA	PASS	WARN	PASS	PASS	PASS	PASS	PASS	PASS
NRL_TGGAGC20NGA_O_3	/scratch/project_2013895/SELEX/data/Jolma2013/submitted_ftp/NRL_TGGAGC20NGA_O_3.fastq.gz	background	177949	3.5 Mbp	3500000	0	20	48	PASS	PASS	NA	PASS	WARN	PASS	PASS	PASS	PASS	PASS	PASS
TEF_TATAAG20NTA_Q_2	/scratch/project_2013895/SELEX/data/Jolma2013/submitted_ftp/TEF_TATAAG20NTA_Q_2.fastq.gz	background	331455	6.6 Mbp	6600000	0	20	41	PASS	PASS	NA	PASS	FAIL	PASS	PASS	PASS	PASS	PASS	PASS
TEF_AGGTG14N_S_2	/scratch/project_2013895/SELEX/data/Jolma2013/submitted_ftp/TEF_AGGTG14N_S_2.fastq.gz	background	147012	2 Mbp	2000000	0	14	36	PASS	PASS	NA	PASS	FAIL	WARN	PASS	PASS	PASS	PASS	PASS
XBP1_TGTTCA20NGA_AC_2	/scratch/project_2013895/SELEX/data/Jolma2013/submitted_ftp/XBP1_TGTTCA20NGA_AC_2.fastq.gz	background	175454	3.5 Mbp	3500000	0	20	51	PASS	PASS	NA	PASS	WARN	PASS	PASS	PASS	PASS	PASS	PASS
FOXB1_TGAGCA30NCGA_AI_2	/scratch/project_2013895/SELEX/data/Jolma2013/submitted_ftp/FOXB1_TGAGCA30NCGA_AI_2.fastq.gz	background	292621	8.7 Mbp	8700000	0	30	46	PASS	PASS	NA	PASS	WARN	PASS	PASS	PASS	PASS	PASS	PASS
FOXB1_TCTGGT20NGGG_AE_3	/scratch/project_2013895/SELEX/data/Jolma2013/submitted_ftp/FOXB1_TCTGGT20NGGG_AE_3.fastq.gz	background	51904	1 Mbp	1000000	0	20	49	PASS	PASS	NA	PASS	WARN	PASS	PASS	PASS	PASS	PASS	PASS
FOXC1_TGAGGC30NGGA_AI_2	/scratch/project_2013895/SELEX/data/Jolma2013/submitted_ftp/FOXC1_TGAGGC30NGGA_AI_2.fastq.gz	background	264937	7.9 Mbp	7900000	0	30	43	PASS	PASS	NA	PASS	WARN	PASS	PASS	PASS	PASS	PASS	PASS
FOXC2_TGAGTG30NTGA_AI_2	/scratch/project_2013895/SELEX/data/Jolma2013/submitted_ftp/FOXC2_TGAGTG30NTGA_AI_2.fastq.gz	background	323073	9.6 Mbp	9600000	0	30	44	PASS	PASS	NA	PASS	WARN	PASS	PASS	PASS	PASS	PASS	PASS
FOXD2_TGCTCG20NCTC_Z_1	/scratch/project_2013895/SELEX/data/Jolma2013/submitted_ftp/FOXD2_TGCTCG20NCTC_Z_1.fastq.gz	background	81607	1.6 Mbp	1600000	0	20	43	PASS	PASS	NA	PASS	WARN	PASS	PASS	PASS	PASS	PASS	PASS
FOXD3_TGGGGT20NGGT_Z_2	/scratch/project_2013895/SELEX/data/Jolma2013/submitted_ftp/FOXD3_TGGGGT20NGGT_Z_2.fastq.gz	background	73911	1.4 Mbp	1400000	0	20	42	PASS	PASS	NA	PASS	WARN	PASS	PASS	PASS	PASS	PASS	PASS
FOXG1_TGGTTC20NGA_AA_3	/scratch/project_2013895/SELEX/data/Jolma2013/submitted_ftp/FOXG1_TGGTTC20NGA_AA_3.fastq.gz	background	270368	5.4 Mbp	5400000	0	20	51	PASS	PASS	NA	PASS	FAIL	PASS	PASS	PASS	PASS	PASS	PASS
FOXI1_TCGGAA20NGA_AF_3	/scratch/project_2013895/SELEX/data/Jolma2013/submitted_ftp/FOXI1_TCGGAA20NGA_AF_3.fastq.gz	background	287066	5.7 Mbp	5700000	0	20	49	PASS	PASS	NA	PASS	FAIL	PASS	PASS	PASS	PASS	PASS	PASS
FOXJ2_TGACGA20NGA_W_1	/scratch/project_2013895/SELEX/data/Jolma2013/submitted_ftp/FOXJ2_TGACGA20NGA_W_1.fastq.gz	background	93558	1.8 Mbp	1800000	0	20	50	PASS	PASS	NA	PASS	FAIL	PASS	PASS	PASS	PASS	PASS	PASS
FOXJ3_TAGTGG20NGTT_AC_3	/scratch/project_2013895/SELEX/data/Jolma2013/submitted_ftp/FOXJ3_TAGTGG20NGTT_AC_3.fastq.gz	background	228517	4.5 Mbp	4500000	0	20	44	PASS	PASS	NA	PASS	FAIL	PASS	PASS	PASS	PASS	PASS	PASS
FOXK1_GACAG14N_S_3	/scratch/project_2013895/SELEX/data/Jolma2013/submitted_ftp/FOXK1_GACAG14N_S_3.fastq.gz	background	127390	1.7 Mbp	1700000	0	14	45	PASS	PASS	NA	PASS	WARN	PASS	PASS	PASS	PASS	PASS	PASS
FOXL1_TGCTCG20NCTC_W_1	/scratch/project_2013895/SELEX/data/Jolma2013/submitted_ftp/FOXL1_TGCTCG20NCTC_W_1.fastq.gz	background	136094	2.7 Mbp	2700000	0	20	44	PASS	PASS	NA	PASS	WARN	PASS	PASS	PASS	PASS	PASS	PASS
FOXO1_TTCAGC20NTA_AF_2	/scratch/project_2013895/SELEX/data/Jolma2013/submitted_ftp/FOXO1_TTCAGC20NTA_AF_2.fastq.gz	background	151717	3 Mbp	3000000	0	20	49	PASS	PASS	NA	PASS	WARN	PASS	PASS	PASS	PASS	PASS	PASS
FOXO3_TGTTGC20NGTG_W_3	/scratch/project_2013895/SELEX/data/Jolma2013/submitted_ftp/FOXO3_TGTTGC20NGTG_W_3.fastq.gz	background	36259	725.1 kbp	725100	0	20	47	PASS	PASS	NA	PASS	WARN	PASS	PASS	PASS	PASS	PASS	PASS
FOXO4_TGACTC20NGA_AC_2	/scratch/project_2013895/SELEX/data/Jolma2013/submitted_ftp/FOXO4_TGACTC20NGA_AC_2.fastq.gz	background	193982	3.8 Mbp	3800000	0	20	49	PASS	PASS	NA	PASS	WARN	PASS	PASS	PASS	PASS	PASS	PASS
FOXO6_TCGTGT30NGTT_AH_2	/scratch/project_2013895/SELEX/data/Jolma2013/submitted_ftp/FOXO6_TCGTGT30NGTT_AH_2.fastq.gz	background	233367	7 Mbp	7000000	0	30	48	PASS	PASS	NA	PASS	WARN	PASS	PASS	PASS	PASS	PASS	PASS
FOXP3_TCAATT20NTAA_Y_3	/scratch/project_2013895/SELEX/data/Jolma2013/submitted_ftp/FOXP3_TCAATT20NTAA_Y_3.fastq.gz	background	70157	1.4 Mbp	1400000	0	20	45	PASS	PASS	NA	PASS	WARN	PASS	PASS	PASS	PASS	PASS	PASS
Foxc1_CCCCT14N_T_3	/scratch/project_2013895/SELEX/data/Jolma2013/submitted_ftp/Foxc1_CCCCT14N_T_3.fastq.gz	background	92759	1.2 Mbp	1200000	0	14	45	PASS	PASS	NA	PASS	WARN	PASS	PASS	PASS	PASS	PASS	PASS
Foxg1_TATCTG20NTCG_AF_3	/scratch/project_2013895/SELEX/data/Jolma2013/submitted_ftp/Foxg1_TATCTG20NTCG_AF_3.fastq.gz	background	125630	2.5 Mbp	2500000	0	20	45	PASS	PASS	NA	PASS	WARN	PASS	PASS	PASS	PASS	PASS	PASS
Foxj3_TAAACA20NCAA_AF_2	/scratch/project_2013895/SELEX/data/Jolma2013/submitted_ftp/Foxj3_TAAACA20NCAA_AF_2.fastq.gz	background	335993	6.7 Mbp	6700000	0	20	45	PASS	PASS	NA	PASS	WARN	PASS	PASS	PASS	PASS	PASS	PASS
Foxk1_TGGGTA20NCG_Q_3	/scratch/project_2013895/SELEX/data/Jolma2013/submitted_ftp/Foxk1_TGGGTA20NCG_Q_3.fastq.gz	background	505372	10.1 Mbp	10100000	0	20	50	PASS	PASS	NA	PASS	FAIL	PASS	PASS	PASS	PASS	PASS	PASS
ALX3_TGTAAA20NAAG_Z_1	/scratch/project_2013895/SELEX/data/Jolma2013/submitted_ftp/ALX3_TGTAAA20NAAG_Z_1.fastq.gz	background	144703	2.8 Mbp	2800000	0	20	38	PASS	PASS	NA	PASS	WARN	PASS	PASS	PASS	PASS	PASS	PASS
ALX3_TGCAAG20NGA_AE_1	/scratch/project_2013895/SELEX/data/Jolma2013/submitted_ftp/ALX3_TGCAAG20NGA_AE_1.fastq.gz	background	164416	3.2 Mbp	3200000	0	20	49	PASS	PASS	NA	PASS	WARN	PASS	PASS	PASS	PASS	PASS	PASS
ALX4_TGTGTC20NGA_W_1	/scratch/project_2013895/SELEX/data/Jolma2013/submitted_ftp/ALX4_TGTGTC20NGA_W_1.fastq.gz	background	166744	3.3 Mbp	3300000	0	20	47	PASS	PASS	NA	PASS	WARN	PASS	PASS	PASS	PASS	PASS	PASS
ARX_TGCGTT20NTGC_Z_1	/scratch/project_2013895/SELEX/data/Jolma2013/submitted_ftp/ARX_TGCGTT20NTGC_Z_1.fastq.gz	background	109630	2.1 Mbp	2100000	0	20	37	PASS	PASS	NA	PASS	FAIL	PASS	PASS	PASS	PASS	PASS	PASS
Alx1_TAAAGC20NCG_Z_2	/scratch/project_2013895/SELEX/data/Jolma2013/submitted_ftp/Alx1_TAAAGC20NCG_Z_2.fastq.gz	background	186277	3.7 Mbp	3700000	0	20	36	PASS	PASS	NA	PASS	WARN	WARN	PASS	PASS	PASS	PASS	PASS
Alx4_TGGTAG20NCG_P_1	/scratch/project_2013895/SELEX/data/Jolma2013/submitted_ftp/Alx4_TGGTAG20NCG_P_1.fastq.gz	background	120839	2.4 Mbp	2400000	0	20	43	PASS	PASS	NA	PASS	WARN	PASS	PASS	PASS	PASS	PASS	PASS
Arx_TCGCAT20NACT_AC_1	/scratch/project_2013895/SELEX/data/Jolma2013/submitted_ftp/Arx_TCGCAT20NACT_AC_1.fastq.gz	background	414500	8.2 Mbp	8199999.999999999	0	20	42	PASS	PASS	NA	PASS	WARN	PASS	PASS	PASS	PASS	PASS	PASS
BARHL2_TATTGT20NGTG_AC_1	/scratch/project_2013895/SELEX/data/Jolma2013/submitted_ftp/BARHL2_TATTGT20NGTG_AC_1.fastq.gz	background	260673	5.2 Mbp	5200000	0	20	41	PASS	PASS	NA	PASS	WARN	PASS	PASS	PASS	PASS	PASS	PASS
BARHL2_TCCAGT40NGAC_AI_2	/scratch/project_2013895/SELEX/data/Jolma2013/submitted_ftp/BARHL2_TCCAGT40NGAC_AI_2.fastq.gz	background	374371	14.9 Mbp	14900000	0	40	46	PASS	PASS	NA	PASS	WARN	PASS	PASS	PASS	PASS	PASS	PASS
BARX1_TATTCG20NCTG_AC_2	/scratch/project_2013895/SELEX/data/Jolma2013/submitted_ftp/BARX1_TATTCG20NCTG_AC_2.fastq.gz	background	96820	1.9 Mbp	1900000	0	20	44	PASS	PASS	NA	PASS	WARN	PASS	PASS	PASS	PASS	PASS	PASS
BSX_TATGAA20NCG_Y_2	/scratch/project_2013895/SELEX/data/Jolma2013/submitted_ftp/BSX_TATGAA20NCG_Y_2.fastq.gz	background	87008	1.7 Mbp	1700000	0	20	43	PASS	PASS	NA	PASS	FAIL	PASS	PASS	PASS	PASS	PASS	PASS
Barhl1_TCAGTC20NCG_AC_1	/scratch/project_2013895/SELEX/data/Jolma2013/submitted_ftp/Barhl1_TCAGTC20NCG_AC_1.fastq.gz	background	144231	2.8 Mbp	2800000	0	20	48	PASS	PASS	NA	PASS	WARN	PASS	PASS	PASS	PASS	PASS	PASS
CART1_TGCGCC20NGA_Y_1	/scratch/project_2013895/SELEX/data/Jolma2013/submitted_ftp/CART1_TGCGCC20NGA_Y_1.fastq.gz	background	74445	1.4 Mbp	1400000	0	20	48	PASS	PASS	NA	PASS	FAIL	PASS	PASS	PASS	PASS	PASS	PASS
CDX1_TCAACC20NCAA_Y_2	/scratch/project_2013895/SELEX/data/Jolma2013/submitted_ftp/CDX1_TCAACC20NCAA_Y_2.fastq.gz	background	126461	2.5 Mbp	2500000	0	20	44	PASS	PASS	NA	PASS	WARN	PASS	PASS	PASS	PASS	PASS	PASS
CDX2_TACTTG20NCG_Y_3	/scratch/project_2013895/SELEX/data/Jolma2013/submitted_ftp/CDX2_TACTTG20NCG_Y_3.fastq.gz	background	51230	1 Mbp	1000000	0	20	48	PASS	PASS	NA	PASS	WARN	PASS	PASS	PASS	PASS	PASS	PASS
DLX1_TCTTGA20NGA_AC_3	/scratch/project_2013895/SELEX/data/Jolma2013/submitted_ftp/DLX1_TCTTGA20NGA_AC_3.fastq.gz	background	82597	1.6 Mbp	1600000	0	20	47	PASS	PASS	NA	PASS	FAIL	PASS	PASS	PASS	PASS	PASS	PASS
DLX2_TTCATG20NTA_AF_1	/scratch/project_2013895/SELEX/data/Jolma2013/submitted_ftp/DLX2_TTCATG20NTA_AF_1.fastq.gz	background	203162	4 Mbp	4000000	0	20	48	PASS	PASS	NA	PASS	WARN	PASS	PASS	PASS	PASS	PASS	PASS
DLX3_TATGTT20NCG_Y_1	/scratch/project_2013895/SELEX/data/Jolma2013/submitted_ftp/DLX3_TATGTT20NCG_Y_1.fastq.gz	background	59780	1.1 Mbp	1100000	0	20	48	PASS	PASS	NA	PASS	WARN	PASS	PASS	PASS	PASS	PASS	PASS
DLX4_TCTTCT20NGA_AC_2	/scratch/project_2013895/SELEX/data/Jolma2013/submitted_ftp/DLX4_TCTTCT20NGA_AC_2.fastq.gz	background	131634	2.6 Mbp	2600000	0	20	49	PASS	PASS	NA	PASS	WARN	PASS	PASS	PASS	PASS	PASS	PASS
DLX5_AGGGC14N_S_2	/scratch/project_2013895/SELEX/data/Jolma2013/submitted_ftp/DLX5_AGGGC14N_S_2.fastq.gz	background	88301	1.2 Mbp	1200000	0	14	42	PASS	PASS	NA	PASS	PASS	PASS	PASS	PASS	PASS	PASS	PASS
DLX6_TGCGGG20NGA_Y_2	/scratch/project_2013895/SELEX/data/Jolma2013/submitted_ftp/DLX6_TGCGGG20NGA_Y_2.fastq.gz	background	22223	444.4 kbp	444400	0	20	48	PASS	PASS	NA	PASS	WARN	PASS	PASS	PASS	PASS	PASS	PASS
DMBX1_TAACCC20NCCA_AC_3	/scratch/project_2013895/SELEX/data/Jolma2013/submitted_ftp/DMBX1_TAACCC20NCCA_AC_3.fastq.gz	background	558899	11.1 Mbp	11100000	0	20	45	PASS	PASS	NA	PASS	WARN	PASS	PASS	PASS	PASS	PASS	PASS
DPRX_TCGAAG30NAAT_AI_1	/scratch/project_2013895/SELEX/data/Jolma2013/submitted_ftp/DPRX_TCGAAG30NAAT_AI_1.fastq.gz	background	421255	12.6 Mbp	12600000	0	30	49	PASS	PASS	NA	PASS	WARN	PASS	PASS	PASS	PASS	PASS	PASS
DRGX_TCCCTC20NCG_Y_1	/scratch/project_2013895/SELEX/data/Jolma2013/submitted_ftp/DRGX_TCCCTC20NCG_Y_1.fastq.gz	background	41134	822.6 kbp	822600	0	20	48	PASS	PASS	NA	PASS	WARN	PASS	PASS	PASS	PASS	PASS	PASS
DUXA_TTCACA20NTA_AF_1	/scratch/project_2013895/SELEX/data/Jolma2013/submitted_ftp/DUXA_TTCACA20NTA_AF_1.fastq.gz	background	184920	3.6 Mbp	3600000	0	20	49	PASS	PASS	NA	PASS	WARN	PASS	PASS	PASS	PASS	PASS	PASS
Dlx1_TGAGAT20NCG_P_1	/scratch/project_2013895/SELEX/data/Jolma2013/submitted_ftp/Dlx1_TGAGAT20NCG_P_1.fastq.gz	background	130909	2.6 Mbp	2600000	0	20	43	PASS	PASS	NA	PASS	FAIL	PASS	PASS	PASS	PASS	PASS	PASS
Dlx2_TCGCCA20NCCT_AA_2	/scratch/project_2013895/SELEX/data/Jolma2013/submitted_ftp/Dlx2_TCGCCA20NCCT_AA_2.fastq.gz	background	67283	1.3 Mbp	1300000	0	20	39	PASS	PASS	NA	PASS	WARN	PASS	PASS	PASS	PASS	PASS	PASS
EMX1_TCGCAT30NACT_AI_2	/scratch/project_2013895/SELEX/data/Jolma2013/submitted_ftp/EMX1_TCGCAT30NACT_AI_2.fastq.gz	background	267680	8 Mbp	8000000	0	30	46	PASS	PASS	NA	PASS	WARN	PASS	PASS	PASS	PASS	PASS	PASS
EMX2_TGGTTC30NTTT_AI_3	/scratch/project_2013895/SELEX/data/Jolma2013/submitted_ftp/EMX2_TGGTTC30NTTT_AI_3.fastq.gz	background	587312	17.6 Mbp	17600000	0	30	40	PASS	PASS	NA	PASS	WARN	PASS	WARN	PASS	PASS	PASS	PASS
EN1_TGTAGG20NGA_Y_2	/scratch/project_2013895/SELEX/data/Jolma2013/submitted_ftp/EN1_TGTAGG20NGA_Y_2.fastq.gz	background	146947	2.9 Mbp	2900000	0	20	50	PASS	PASS	NA	PASS	FAIL	PASS	PASS	PASS	PASS	PASS	PASS
EN1_TGACCT20NCCA_W_2	/scratch/project_2013895/SELEX/data/Jolma2013/submitted_ftp/EN1_TGACCT20NCCA_W_2.fastq.gz	background	146945	2.9 Mbp	2900000	0	20	44	PASS	PASS	NA	PASS	WARN	PASS	PASS	PASS	PASS	PASS	PASS
EN2_TTGAGG20NGA_R_2	/scratch/project_2013895/SELEX/data/Jolma2013/submitted_ftp/EN2_TTGAGG20NGA_R_2.fastq.gz	background	22057	441.1 kbp	441100	0	20	40	PASS	PASS	NA	PASS	WARN	PASS	PASS	PASS	PASS	WARN	PASS
EN2_TGCCAT20NGA_AE_2	/scratch/project_2013895/SELEX/data/Jolma2013/submitted_ftp/EN2_TGCCAT20NGA_AE_2.fastq.gz	background	213254	4.2 Mbp	4200000	0	20	50	PASS	PASS	NA	PASS	FAIL	PASS	PASS	PASS	PASS	PASS	PASS
ESX1_TCTCGG20NGA_AC_1	/scratch/project_2013895/SELEX/data/Jolma2013/submitted_ftp/ESX1_TCTCGG20NGA_AC_1.fastq.gz	background	200962	4 Mbp	4000000	0	20	45	PASS	PASS	NA	PASS	WARN	PASS	PASS	PASS	PASS	PASS	PASS
ESX1_TCTTCT20NGA_AE_1	/scratch/project_2013895/SELEX/data/Jolma2013/submitted_ftp/ESX1_TCTTCT20NGA_AE_1.fastq.gz	background	163857	3.2 Mbp	3200000	0	20	45	PASS	PASS	NA	PASS	WARN	PASS	PASS	PASS	PASS	PASS	PASS
EVX1_TGGGAC20NAGT_Z_2	/scratch/project_2013895/SELEX/data/Jolma2013/submitted_ftp/EVX1_TGGGAC20NAGT_Z_2.fastq.gz	background	121713	2.4 Mbp	2400000	0	20	42	PASS	PASS	NA	PASS	WARN	PASS	PASS	PASS	PASS	PASS	PASS
EVX2_TCAAGG20NGAA_Y_2	/scratch/project_2013895/SELEX/data/Jolma2013/submitted_ftp/EVX2_TCAAGG20NGAA_Y_2.fastq.gz	background	138684	2.7 Mbp	2700000	0	20	42	PASS	PASS	NA	PASS	WARN	PASS	PASS	PASS	PASS	PASS	PASS
En2_TCAGCT20NCG_Z_3	/scratch/project_2013895/SELEX/data/Jolma2013/submitted_ftp/En2_TCAGCT20NCG_Z_3.fastq.gz	background	5717	114.3 kbp	114300	0	20	44	PASS	PASS	NA	PASS	FAIL	WARN	PASS	PASS	PASS	PASS	PASS
GBX1_TAGTCC20NCG_Y_3	/scratch/project_2013895/SELEX/data/Jolma2013/submitted_ftp/GBX1_TAGTCC20NCG_Y_3.fastq.gz	background	48546	970.9 kbp	970900	0	20	35	PASS	PASS	NA	PASS	FAIL	WARN	PASS	PASS	FAIL	WARN	PASS
GBX2_TCCCGA20NGCC_Y_2	/scratch/project_2013895/SELEX/data/Jolma2013/submitted_ftp/GBX2_TCCCGA20NGCC_Y_2.fastq.gz	background	112690	2.2 Mbp	2200000	0	20	43	PASS	PASS	NA	PASS	WARN	PASS	PASS	PASS	PASS	PASS	PASS
GBX2_TGATTT20NGA_AE_1	/scratch/project_2013895/SELEX/data/Jolma2013/submitted_ftp/GBX2_TGATTT20NGA_AE_1.fastq.gz	background	225537	4.5 Mbp	4500000	0	20	49	PASS	PASS	NA	PASS	WARN	PASS	PASS	PASS	PASS	PASS	PASS
GSC2_TTAGAA20NTA_AF_2	/scratch/project_2013895/SELEX/data/Jolma2013/submitted_ftp/GSC2_TTAGAA20NTA_AF_2.fastq.gz	background	170933	3.4 Mbp	3400000	0	20	50	PASS	PASS	NA	PASS	WARN	PASS	PASS	PASS	PASS	PASS	PASS
GSC_TGGGAC20NGA_AE_2	/scratch/project_2013895/SELEX/data/Jolma2013/submitted_ftp/GSC_TGGGAC20NGA_AE_2.fastq.gz	background	223944	4.4 Mbp	4400000	0	20	48	PASS	PASS	NA	PASS	WARN	PASS	PASS	PASS	PASS	PASS	PASS
GSX1_TCACAC20NCG_Y_3	/scratch/project_2013895/SELEX/data/Jolma2013/submitted_ftp/GSX1_TCACAC20NCG_Y_3.fastq.gz	background	18396	367.9 kbp	367900	0	20	46	PASS	PASS	NA	PASS	WARN	PASS	PASS	PASS	PASS	PASS	PASS
GSX2_TCCAAC20NCG_Y_2	/scratch/project_2013895/SELEX/data/Jolma2013/submitted_ftp/GSX2_TCCAAC20NCG_Y_2.fastq.gz	background	80341	1.6 Mbp	1600000	0	20	43	PASS	PASS	NA	PASS	WARN	PASS	PASS	PASS	PASS	PASS	PASS
Gbx1_TCGGTT20NCG_Q_1	/scratch/project_2013895/SELEX/data/Jolma2013/submitted_ftp/Gbx1_TCGGTT20NCG_Q_1.fastq.gz	background	528682	10.5 Mbp	10500000	0	20	47	PASS	PASS	NA	PASS	WARN	PASS	PASS	PASS	PASS	PASS	PASS
Gbx2_TACACC20NCAC_Z_2	/scratch/project_2013895/SELEX/data/Jolma2013/submitted_ftp/Gbx2_TACACC20NCAC_Z_2.fastq.gz	background	204411	4 Mbp	4000000	0	20	45	PASS	PASS	NA	PASS	WARN	PASS	PASS	PASS	PASS	PASS	PASS
HESX1_TCTTCT20NCTG_Z_2	/scratch/project_2013895/SELEX/data/Jolma2013/submitted_ftp/HESX1_TCTTCT20NCTG_Z_2.fastq.gz	background	42043	840.8 kbp	840800	0	20	42	PASS	PASS	NA	PASS	WARN	PASS	PASS	PASS	PASS	PASS	PASS
HMBOX1_TCCTGG20NCG_Z_3	/scratch/project_2013895/SELEX/data/Jolma2013/submitted_ftp/HMBOX1_TCCTGG20NCG_Z_3.fastq.gz	background	74923	1.4 Mbp	1400000	0	20	50	PASS	PASS	NA	PASS	FAIL	PASS	PASS	PASS	PASS	PASS	PASS
HMX1_TCGCCA20NCCT_Z_3	/scratch/project_2013895/SELEX/data/Jolma2013/submitted_ftp/HMX1_TCGCCA20NCCT_Z_3.fastq.gz	background	48999	979.9 kbp	979900	0	20	41	PASS	PASS	NA	PASS	WARN	WARN	PASS	PASS	PASS	PASS	PASS
HMX2_TAGTGG20NCG_Y_3	/scratch/project_2013895/SELEX/data/Jolma2013/submitted_ftp/HMX2_TAGTGG20NCG_Y_3.fastq.gz	background	35306	706.1 kbp	706100	0	20	43	PASS	PASS	NA	PASS	WARN	PASS	PASS	PASS	PASS	WARN	PASS
HMX3_TGCACT30NCAC_AI_2	/scratch/project_2013895/SELEX/data/Jolma2013/submitted_ftp/HMX3_TGCACT30NCAC_AI_2.fastq.gz	background	378139	11.3 Mbp	11300000	0	30	48	PASS	PASS	NA	PASS	WARN	PASS	PASS	PASS	PASS	PASS	PASS
HNF1A_TGAGCA20NCGA_W_1	/scratch/project_2013895/SELEX/data/Jolma2013/submitted_ftp/HNF1A_TGAGCA20NCGA_W_1.fastq.gz	background	136136	2.7 Mbp	2700000	0	20	40	PASS	PASS	NA	PASS	WARN	PASS	PASS	PASS	PASS	PASS	PASS
HNF1B_TCGACT20NCAT_W_1	/scratch/project_2013895/SELEX/data/Jolma2013/submitted_ftp/HNF1B_TCGACT20NCAT_W_1.fastq.gz	background	246998	4.9 Mbp	4900000	0	20	44	PASS	PASS	NA	PASS	WARN	PASS	PASS	PASS	PASS	PASS	PASS
HOXA10_TAGGAT30NAGT_AI_3	/scratch/project_2013895/SELEX/data/Jolma2013/submitted_ftp/HOXA10_TAGGAT30NAGT_AI_3.fastq.gz	background	596116	17.8 Mbp	17800000	0	30	45	PASS	PASS	NA	PASS	WARN	PASS	WARN	PASS	PASS	PASS	PASS
HOXA13_TTCTCT20NTA_AF_2	/scratch/project_2013895/SELEX/data/Jolma2013/submitted_ftp/HOXA13_TTCTCT20NTA_AF_2.fastq.gz	background	245693	4.9 Mbp	4900000	0	20	49	PASS	PASS	NA	PASS	WARN	PASS	PASS	PASS	PASS	PASS	PASS
HOXA13_TGTGGA20NGGG_AE_3	/scratch/project_2013895/SELEX/data/Jolma2013/submitted_ftp/HOXA13_TGTGGA20NGGG_AE_3.fastq.gz	background	111138	2.2 Mbp	2200000	0	20	41	PASS	PASS	NA	PASS	WARN	PASS	PASS	PASS	PASS	PASS	PASS
HOXA1_TGGAAT20NAAT_AF_2	/scratch/project_2013895/SELEX/data/Jolma2013/submitted_ftp/HOXA1_TGGAAT20NAAT_AF_2.fastq.gz	background	134251	2.6 Mbp	2600000	0	20	41	PASS	PASS	NA	PASS	WARN	PASS	PASS	PASS	PASS	PASS	PASS
HOXA2_TTATTA20NTA_AF_2	/scratch/project_2013895/SELEX/data/Jolma2013/submitted_ftp/HOXA2_TTATTA20NTA_AF_2.fastq.gz	background	190705	3.8 Mbp	3800000	0	20	49	PASS	PASS	NA	PASS	WARN	PASS	PASS	PASS	PASS	PASS	PASS
HOXB13_TGCCTG20NGA_Y_2	/scratch/project_2013895/SELEX/data/Jolma2013/submitted_ftp/HOXB13_TGCCTG20NGA_Y_2.fastq.gz	background	91339	1.8 Mbp	1800000	0	20	47	PASS	PASS	NA	PASS	FAIL	PASS	PASS	PASS	PASS	PASS	PASS
HOXB2_TAACAA20NACA_Y_1	/scratch/project_2013895/SELEX/data/Jolma2013/submitted_ftp/HOXB2_TAACAA20NACA_Y_1.fastq.gz	background	120354	2.4 Mbp	2400000	0	20	41	PASS	PASS	NA	PASS	WARN	PASS	PASS	PASS	PASS	PASS	PASS
HOXB3_TACATT20NTAC_Y_2	/scratch/project_2013895/SELEX/data/Jolma2013/submitted_ftp/HOXB3_TACATT20NTAC_Y_2.fastq.gz	background	138709	2.7 Mbp	2700000	0	20	43	PASS	PASS	NA	PASS	FAIL	PASS	PASS	PASS	PASS	PASS	PASS
HOXB5_TCTTGA20NGTG_Z_2	/scratch/project_2013895/SELEX/data/Jolma2013/submitted_ftp/HOXB5_TCTTGA20NGTG_Z_2.fastq.gz	background	107675	2.1 Mbp	2100000	0	20	42	PASS	PASS	NA	PASS	WARN	PASS	PASS	PASS	PASS	PASS	PASS
HOXC10_TGGACA20NGA_Y_2	/scratch/project_2013895/SELEX/data/Jolma2013/submitted_ftp/HOXC10_TGGACA20NGA_Y_2.fastq.gz	background	157560	3.1 Mbp	3100000	0	20	43	PASS	PASS	NA	PASS	WARN	PASS	PASS	PASS	PASS	PASS	PASS
HOXC11_TCACTA20NTCA_AC_3	/scratch/project_2013895/SELEX/data/Jolma2013/submitted_ftp/HOXC11_TCACTA20NTCA_AC_3.fastq.gz	background	496975	9.9 Mbp	9900000	0	20	40	PASS	PASS	NA	PASS	WARN	PASS	PASS	PASS	PASS	PASS	PASS
HOXC11_TGCGAA20NGA_AF_3	/scratch/project_2013895/SELEX/data/Jolma2013/submitted_ftp/HOXC11_TGCGAA20NGA_AF_3.fastq.gz	background	404324	8 Mbp	8000000	0	20	47	PASS	PASS	NA	PASS	WARN	PASS	PASS	PASS	PASS	WARN	PASS
HOXC12_TCATGC20NGTA_Y_3	/scratch/project_2013895/SELEX/data/Jolma2013/submitted_ftp/HOXC12_TCATGC20NGTA_Y_3.fastq.gz	background	75311	1.5 Mbp	1500000	0	20	41	PASS	PASS	NA	PASS	WARN	PASS	PASS	PASS	PASS	PASS	PASS
HOXC13_TCCCTC20NTCC_Y_2	/scratch/project_2013895/SELEX/data/Jolma2013/submitted_ftp/HOXC13_TCCCTC20NTCC_Y_2.fastq.gz	background	107671	2.1 Mbp	2100000	0	20	44	PASS	PASS	NA	PASS	WARN	PASS	PASS	PASS	PASS	PASS	PASS
HOXD11_TCCGGC20NGGC_Y_3	/scratch/project_2013895/SELEX/data/Jolma2013/submitted_ftp/HOXD11_TCCGGC20NGGC_Y_3.fastq.gz	background	37423	748.4 kbp	748400	0	20	44	PASS	PASS	NA	PASS	WARN	PASS	PASS	PASS	PASS	PASS	PASS
HOXD12_TCAGTC20NCG_Y_3	/scratch/project_2013895/SELEX/data/Jolma2013/submitted_ftp/HOXD12_TCAGTC20NCG_Y_3.fastq.gz	background	109296	2.1 Mbp	2100000	0	20	34	PASS	PASS	NA	PASS	FAIL	PASS	PASS	PASS	PASS	PASS	PASS
HOXD13_GTGCT14N_U_3	/scratch/project_2013895/SELEX/data/Jolma2013/submitted_ftp/HOXD13_GTGCT14N_U_3.fastq.gz	background	186229	2.6 Mbp	2600000	0	14	46	PASS	PASS	NA	PASS	WARN	PASS	PASS	PASS	PASS	PASS	PASS
HOXD8_TCATAT20NATA_Y_3	/scratch/project_2013895/SELEX/data/Jolma2013/submitted_ftp/HOXD8_TCATAT20NATA_Y_3.fastq.gz	background	25918	518.3 kbp	518299.99999999994	0	20	42	PASS	PASS	NA	PASS	WARN	PASS	PASS	PASS	PASS	PASS	PASS
Hoxa11_TCCCCT20NCG_Z_3	/scratch/project_2013895/SELEX/data/Jolma2013/submitted_ftp/Hoxa11_TCCCCT20NCG_Z_3.fastq.gz	background	129023	2.5 Mbp	2500000	0	20	40	PASS	PASS	NA	PASS	FAIL	WARN	PASS	PASS	PASS	PASS	PASS
Hoxa2_TACCGT20NCG_Z_2	/scratch/project_2013895/SELEX/data/Jolma2013/submitted_ftp/Hoxa2_TACCGT20NCG_Z_2.fastq.gz	background	103212	2 Mbp	2000000	0	20	43	PASS	PASS	NA	PASS	WARN	PASS	PASS	PASS	PASS	PASS	PASS
Hoxc10_TATAGA20NGAG_Z_3	/scratch/project_2013895/SELEX/data/Jolma2013/submitted_ftp/Hoxc10_TATAGA20NGAG_Z_3.fastq.gz	background	225649	4.5 Mbp	4500000	0	20	43	PASS	PASS	NA	PASS	WARN	PASS	PASS	PASS	PASS	PASS	PASS
Hoxd13_TGATAA20NATA_AC_3	/scratch/project_2013895/SELEX/data/Jolma2013/submitted_ftp/Hoxd13_TGATAA20NATA_AC_3.fastq.gz	background	289824	5.7 Mbp	5700000	0	20	42	PASS	PASS	NA	PASS	FAIL	PASS	PASS	PASS	PASS	PASS	PASS
Hoxd3_TGCCAT20NCG_P_3	/scratch/project_2013895/SELEX/data/Jolma2013/submitted_ftp/Hoxd3_TGCCAT20NCG_P_3.fastq.gz	background	99446	1.9 Mbp	1900000	0	20	47	PASS	PASS	NA	PASS	FAIL	PASS	PASS	PASS	PASS	PASS	PASS
Hoxd9_TCCTAA20NCG_Z_3	/scratch/project_2013895/SELEX/data/Jolma2013/submitted_ftp/Hoxd9_TCCTAA20NCG_Z_3.fastq.gz	background	169047	3.3 Mbp	3300000	0	20	48	PASS	PASS	NA	PASS	WARN	PASS	PASS	PASS	PASS	PASS	PASS
IRX2_TGCATC30NTAC_AI_3	/scratch/project_2013895/SELEX/data/Jolma2013/submitted_ftp/IRX2_TGCATC30NTAC_AI_3.fastq.gz	background	742244	22.2 Mbp	22200000	0	30	44	PASS	PASS	NA	PASS	FAIL	PASS	WARN	PASS	PASS	PASS	PASS
IRX5_TAAGGT20NTA_Q_2	/scratch/project_2013895/SELEX/data/Jolma2013/submitted_ftp/IRX5_TAAGGT20NTA_Q_2.fastq.gz	background	495969	9.9 Mbp	9900000	0	20	49	PASS	PASS	NA	PASS	WARN	PASS	PASS	PASS	PASS	PASS	PASS
ISL2_TCTAAT30NAAG_AI_3	/scratch/project_2013895/SELEX/data/Jolma2013/submitted_ftp/ISL2_TCTAAT30NAAG_AI_3.fastq.gz	background	580103	17.4 Mbp	17400000	0	30	44	PASS	PASS	NA	PASS	FAIL	PASS	WARN	PASS	PASS	PASS	PASS
ISX_TATTTA20NCG_Y_1	/scratch/project_2013895/SELEX/data/Jolma2013/submitted_ftp/ISX_TATTTA20NCG_Y_1.fastq.gz	background	58406	1.1 Mbp	1100000	0	20	47	PASS	PASS	NA	PASS	WARN	PASS	PASS	PASS	PASS	PASS	PASS
ISX_TGAGTG20NTGA_AE_1	/scratch/project_2013895/SELEX/data/Jolma2013/submitted_ftp/ISX_TGAGTG20NTGA_AE_1.fastq.gz	background	44179	883.5 kbp	883500	0	20	41	PASS	PASS	NA	PASS	WARN	PASS	PASS	PASS	PASS	PASS	PASS
Irx3_TACTGC20NCG_Z_3	/scratch/project_2013895/SELEX/data/Jolma2013/submitted_ftp/Irx3_TACTGC20NCG_Z_3.fastq.gz	background	29598	591.9 kbp	591900	0	20	46	PASS	PASS	NA	PASS	WARN	PASS	PASS	PASS	PASS	PASS	PASS
LBX2_TAATTC20NTTA_Y_3	/scratch/project_2013895/SELEX/data/Jolma2013/submitted_ftp/LBX2_TAATTC20NTTA_Y_3.fastq.gz	background	140388	2.8 Mbp	2800000	0	20	39	PASS	PASS	NA	PASS	FAIL	PASS	PASS	PASS	PASS	PASS	PASS
LBX2_TAATTC20NTTA_Y_1	/scratch/project_2013895/SELEX/data/Jolma2013/submitted_ftp/LBX2_TAATTC20NTTA_Y_1.fastq.gz	background	114785	2.2 Mbp	2200000	0	20	44	PASS	PASS	NA	PASS	WARN	PASS	PASS	PASS	PASS	PASS	PASS
LHX2_TCCAGT30NGAC_AI_3	/scratch/project_2013895/SELEX/data/Jolma2013/submitted_ftp/LHX2_TCCAGT30NGAC_AI_3.fastq.gz	background	517780	15.5 Mbp	15500000	0	30	41	PASS	PASS	NA	PASS	WARN	PASS	WARN	PASS	PASS	PASS	PASS
LHX6_TCGGGG20NGGT_AF_3	/scratch/project_2013895/SELEX/data/Jolma2013/submitted_ftp/LHX6_TCGGGG20NGGT_AF_3.fastq.gz	background	215426	4.3 Mbp	4300000	0	20	42	PASS	PASS	NA	PASS	WARN	PASS	PASS	PASS	PASS	PASS	PASS
LHX9_TATTGT20NGTG_Y_1	/scratch/project_2013895/SELEX/data/Jolma2013/submitted_ftp/LHX9_TATTGT20NGTG_Y_1.fastq.gz	background	132296	2.6 Mbp	2600000	0	20	45	PASS	PASS	NA	PASS	WARN	PASS	PASS	PASS	PASS	PASS	PASS
LMX1A_TCTGGT20NGGG_Z_2	/scratch/project_2013895/SELEX/data/Jolma2013/submitted_ftp/LMX1A_TCTGGT20NGGG_Z_2.fastq.gz	background	82898	1.6 Mbp	1600000	0	20	44	PASS	PASS	NA	PASS	WARN	PASS	PASS	PASS	PASS	PASS	PASS
LMX1B_TGAGGC20NGGA_Z_1	/scratch/project_2013895/SELEX/data/Jolma2013/submitted_ftp/LMX1B_TGAGGC20NGGA_Z_1.fastq.gz	background	71829	1.4 Mbp	1400000	0	20	40	PASS	PASS	NA	PASS	FAIL	PASS	PASS	PASS	PASS	PASS	PASS
LMX1B_TCGGAA20NAGT_AE_2	/scratch/project_2013895/SELEX/data/Jolma2013/submitted_ftp/LMX1B_TCGGAA20NAGT_AE_2.fastq.gz	background	192422	3.8 Mbp	3800000	0	20	44	PASS	PASS	NA	PASS	WARN	PASS	PASS	PASS	PASS	PASS	PASS
Lhx4_TAAATG20NTAA_Z_2	/scratch/project_2013895/SELEX/data/Jolma2013/submitted_ftp/Lhx4_TAAATG20NTAA_Z_2.fastq.gz	background	398502	7.9 Mbp	7900000	0	20	43	PASS	PASS	NA	PASS	FAIL	PASS	PASS	PASS	PASS	PASS	PASS
Lhx8_TGCTCG40NCTC_AI_2	/scratch/project_2013895/SELEX/data/Jolma2013/submitted_ftp/Lhx8_TGCTCG40NCTC_AI_2.fastq.gz	background	161993	6.4 Mbp	6400000	0	40	44	PASS	PASS	NA	PASS	WARN	PASS	PASS	PASS	PASS	PASS	PASS
MEOX1_TACCTA20NCG_W_3	/scratch/project_2013895/SELEX/data/Jolma2013/submitted_ftp/MEOX1_TACCTA20NCG_W_3.fastq.gz	background	152086	3 Mbp	3000000	0	20	48	PASS	PASS	NA	PASS	WARN	PASS	PASS	PASS	PASS	PASS	PASS
MEOX2_TAGTTT30NTTT_AI_2	/scratch/project_2013895/SELEX/data/Jolma2013/submitted_ftp/MEOX2_TAGTTT30NTTT_AI_2.fastq.gz	background	312509	9.3 Mbp	9300000	0	30	42	PASS	PASS	NA	PASS	WARN	PASS	PASS	PASS	PASS	PASS	PASS
MIXL1_TGATTT20NTTA_AE_2	/scratch/project_2013895/SELEX/data/Jolma2013/submitted_ftp/MIXL1_TGATTT20NTTA_AE_2.fastq.gz	background	273532	5.4 Mbp	5400000	0	20	40	PASS	PASS	NA	PASS	FAIL	PASS	PASS	PASS	PASS	PASS	PASS
MNX1_TGGTGA20NGTT_Z_3	/scratch/project_2013895/SELEX/data/Jolma2013/submitted_ftp/MNX1_TGGTGA20NGTT_Z_3.fastq.gz	background	31449	628.9 kbp	628900	0	20	42	PASS	PASS	NA	PASS	WARN	WARN	PASS	PASS	PASS	PASS	PASS
MSX1_TGCGAA30NAGC_AI_2	/scratch/project_2013895/SELEX/data/Jolma2013/submitted_ftp/MSX1_TGCGAA30NAGC_AI_2.fastq.gz	background	336424	10 Mbp	10000000	0	30	48	PASS	PASS	NA	PASS	WARN	PASS	PASS	PASS	PASS	PASS	PASS
MSX1_TGCTTA20NGA_AE_2	/scratch/project_2013895/SELEX/data/Jolma2013/submitted_ftp/MSX1_TGCTTA20NGA_AE_2.fastq.gz	background	194080	3.8 Mbp	3800000	0	20	50	PASS	PASS	NA	PASS	FAIL	PASS	PASS	PASS	PASS	PASS	PASS
MSX2_TGCGGG20NGA_W_2	/scratch/project_2013895/SELEX/data/Jolma2013/submitted_ftp/MSX2_TGCGGG20NGA_W_2.fastq.gz	background	132612	2.6 Mbp	2600000	0	20	50	PASS	PASS	NA	PASS	WARN	PASS	PASS	PASS	PASS	PASS	PASS
Meox2_TACGTC20NTGC_Z_3	/scratch/project_2013895/SELEX/data/Jolma2013/submitted_ftp/Meox2_TACGTC20NTGC_Z_3.fastq.gz	background	169770	3.3 Mbp	3300000	0	20	43	PASS	PASS	NA	PASS	FAIL	PASS	PASS	PASS	PASS	PASS	PASS
Msx3_TCGACT20NCAT_AA_2	/scratch/project_2013895/SELEX/data/Jolma2013/submitted_ftp/Msx3_TCGACT20NCAT_AA_2.fastq.gz	background	54642	1 Mbp	1000000	0	20	45	PASS	PASS	NA	PASS	WARN	PASS	PASS	PASS	PASS	PASS	PASS
NKX2-3_TGCTAC20NGA_Y_3	/scratch/project_2013895/SELEX/data/Jolma2013/submitted_ftp/NKX2-3_TGCTAC20NGA_Y_3.fastq.gz	background	74600	1.4 Mbp	1400000	0	20	49	PASS	PASS	NA	PASS	WARN	PASS	PASS	PASS	PASS	PASS	PASS
NKX2-3_TGGAAT20NGA_AE_3	/scratch/project_2013895/SELEX/data/Jolma2013/submitted_ftp/NKX2-3_TGGAAT20NGA_AE_3.fastq.gz	background	234136	4.6 Mbp	4600000	0	20	51	PASS	PASS	NA	PASS	FAIL	PASS	PASS	PASS	PASS	PASS	PASS
NKX2-8_TAGGCA20NCG_Y_3	/scratch/project_2013895/SELEX/data/Jolma2013/submitted_ftp/NKX2-8_TAGGCA20NCG_Y_3.fastq.gz	background	131670	2.6 Mbp	2600000	0	20	47	PASS	PASS	NA	PASS	FAIL	PASS	PASS	PASS	PASS	PASS	PASS
NKX2-8_TGTTGC20NGTG_AE_3	/scratch/project_2013895/SELEX/data/Jolma2013/submitted_ftp/NKX2-8_TGTTGC20NGTG_AE_3.fastq.gz	background	140845	2.8 Mbp	2800000	0	20	45	PASS	PASS	NA	PASS	WARN	PASS	PASS	PASS	PASS	PASS	PASS
NKX3-1_TCCCTC20NCG_AD_2	/scratch/project_2013895/SELEX/data/Jolma2013/submitted_ftp/NKX3-1_TCCCTC20NCG_AD_2.fastq.gz	background	225211	4.5 Mbp	4500000	0	20	50	PASS	PASS	NA	PASS	WARN	PASS	PASS	PASS	PASS	PASS	PASS
NKX3-2_TCCAGT20NGAC_Y_2	/scratch/project_2013895/SELEX/data/Jolma2013/submitted_ftp/NKX3-2_TCCAGT20NGAC_Y_2.fastq.gz	background	185705	3.7 Mbp	3700000	0	20	45	PASS	PASS	NA	PASS	WARN	PASS	PASS	PASS	PASS	PASS	PASS
NKX6-1_TGCGGG30NGGC_AI_2	/scratch/project_2013895/SELEX/data/Jolma2013/submitted_ftp/NKX6-1_TGCGGG30NGGC_AI_2.fastq.gz	background	384526	11.5 Mbp	11500000	0	30	40	PASS	PASS	NA	PASS	WARN	PASS	PASS	PASS	PASS	PASS	PASS
NKX6-1_TGAAAC20NAAA_W_3	/scratch/project_2013895/SELEX/data/Jolma2013/submitted_ftp/NKX6-1_TGAAAC20NAAA_W_3.fastq.gz	background	82004	1.6 Mbp	1600000	0	20	44	PASS	PASS	NA	PASS	PASS	PASS	PASS	PASS	PASS	PASS	PASS
NKX6-2_TTACAT20NTA_AF_2	/scratch/project_2013895/SELEX/data/Jolma2013/submitted_ftp/NKX6-2_TTACAT20NTA_AF_2.fastq.gz	background	204104	4 Mbp	4000000	0	20	37	PASS	PASS	NA	PASS	FAIL	WARN	PASS	PASS	PASS	PASS	PASS
NKX6-2_TGGCAA20NGA_AE_2	/scratch/project_2013895/SELEX/data/Jolma2013/submitted_ftp/NKX6-2_TGGCAA20NGA_AE_2.fastq.gz	background	328860	6.5 Mbp	6500000	0	20	43	PASS	PASS	NA	PASS	WARN	PASS	PASS	PASS	PASS	PASS	PASS
NOTO_TGCGTT30NTGC_AI_3	/scratch/project_2013895/SELEX/data/Jolma2013/submitted_ftp/NOTO_TGCGTT30NTGC_AI_3.fastq.gz	background	767437	23 Mbp	23000000	0	30	45	PASS	PASS	NA	PASS	WARN	PASS	WARN	PASS	PASS	PASS	PASS
Nkx3-1_TCTTAG20NATG_AA_3	/scratch/project_2013895/SELEX/data/Jolma2013/submitted_ftp/Nkx3-1_TCTTAG20NATG_AA_3.fastq.gz	background	122127	2.4 Mbp	2400000	0	20	44	PASS	PASS	NA	PASS	WARN	PASS	PASS	PASS	PASS	PASS	PASS
Nkx6-1_TCGTGT20NGTT_AC_1	/scratch/project_2013895/SELEX/data/Jolma2013/submitted_ftp/Nkx6-1_TCGTGT20NGTT_AC_1.fastq.gz	background	342722	6.8 Mbp	6800000	0	20	44	PASS	PASS	NA	PASS	WARN	PASS	PASS	PASS	PASS	PASS	PASS
OTX1_TGATAA20NGA_Y_2	/scratch/project_2013895/SELEX/data/Jolma2013/submitted_ftp/OTX1_TGATAA20NGA_Y_2.fastq.gz	background	124024	2.4 Mbp	2400000	0	20	48	PASS	PASS	NA	PASS	FAIL	PASS	PASS	PASS	PASS	PASS	PASS
OTX2_TATGGG20NGGG_AC_3	/scratch/project_2013895/SELEX/data/Jolma2013/submitted_ftp/OTX2_TATGGG20NGGG_AC_3.fastq.gz	background	152174	3 Mbp	3000000	0	20	40	PASS	PASS	NA	PASS	WARN	PASS	PASS	PASS	PASS	PASS	PASS
Otx1_TCTTAG20NATG_AC_2	/scratch/project_2013895/SELEX/data/Jolma2013/submitted_ftp/Otx1_TCTTAG20NATG_AC_2.fastq.gz	background	300756	6 Mbp	6000000	0	20	43	PASS	PASS	NA	PASS	WARN	PASS	PASS	PASS	PASS	PASS	PASS
PDX1_TGGAAT30NAAT_AI_2	/scratch/project_2013895/SELEX/data/Jolma2013/submitted_ftp/PDX1_TGGAAT30NAAT_AI_2.fastq.gz	background	313851	9.4 Mbp	9400000	0	30	44	PASS	PASS	NA	PASS	WARN	PASS	PASS	PASS	PASS	PASS	PASS
PHOX2A_TGACTC20NGA_Y_2	/scratch/project_2013895/SELEX/data/Jolma2013/submitted_ftp/PHOX2A_TGACTC20NGA_Y_2.fastq.gz	background	117731	2.3 Mbp	2300000	0	20	38	PASS	PASS	NA	PASS	FAIL	WARN	PASS	PASS	PASS	PASS	PASS
PHOX2B_TGGTCT20NGA_Y_2	/scratch/project_2013895/SELEX/data/Jolma2013/submitted_ftp/PHOX2B_TGGTCT20NGA_Y_2.fastq.gz	background	146895	2.9 Mbp	2900000	0	20	35	PASS	PASS	NA	PASS	FAIL	WARN	PASS	PASS	PASS	PASS	PASS
PHOX2B_TGCTGT20NGA_AE_2	/scratch/project_2013895/SELEX/data/Jolma2013/submitted_ftp/PHOX2B_TGCTGT20NGA_AE_2.fastq.gz	background	260360	5.2 Mbp	5200000	0	20	36	PASS	PASS	NA	PASS	FAIL	WARN	PASS	PASS	PASS	PASS	PASS
PITX1_TCATGC20NCG_Y_2	/scratch/project_2013895/SELEX/data/Jolma2013/submitted_ftp/PITX1_TCATGC20NCG_Y_2.fastq.gz	background	37593	751.8 kbp	751800	0	20	49	PASS	PASS	NA	PASS	FAIL	PASS	PASS	PASS	PASS	PASS	PASS
PITX1_TGAGCA20NCGA_AF_2	/scratch/project_2013895/SELEX/data/Jolma2013/submitted_ftp/PITX1_TGAGCA20NCGA_AF_2.fastq.gz	background	111839	2.2 Mbp	2200000	0	20	40	PASS	PASS	NA	PASS	WARN	PASS	PASS	PASS	PASS	PASS	PASS
PITX3_TGCATC20NGA_Y_1	/scratch/project_2013895/SELEX/data/Jolma2013/submitted_ftp/PITX3_TGCATC20NGA_Y_1.fastq.gz	background	92669	1.8 Mbp	1800000	0	20	50	PASS	PASS	NA	PASS	FAIL	PASS	PASS	PASS	PASS	PASS	PASS
PROP1_TCCCGA30NGCC_AI_3	/scratch/project_2013895/SELEX/data/Jolma2013/submitted_ftp/PROP1_TCCCGA30NGCC_AI_3.fastq.gz	background	9486	284.5 kbp	284500	0	30	41	PASS	FAIL	NA	PASS	WARN	WARN	FAIL	PASS	PASS	PASS	PASS
PROP1_TGTATT20NGA_AE_2	/scratch/project_2013895/SELEX/data/Jolma2013/submitted_ftp/PROP1_TGTATT20NGA_AE_2.fastq.gz	background	310797	6.2 Mbp	6200000	0	20	46	PASS	PASS	NA	PASS	WARN	PASS	PASS	PASS	PASS	PASS	PASS
PRRX1_TAACGG20NGCA_AC_1	/scratch/project_2013895/SELEX/data/Jolma2013/submitted_ftp/PRRX1_TAACGG20NGCA_AC_1.fastq.gz	background	307509	6.1 Mbp	6100000	0	20	42	PASS	PASS	NA	PASS	WARN	PASS	PASS	PASS	PASS	PASS	PASS
PRRX1_TTCCCC20NTA_AD_1	/scratch/project_2013895/SELEX/data/Jolma2013/submitted_ftp/PRRX1_TTCCCC20NTA_AD_1.fastq.gz	background	236243	4.7 Mbp	4700000	0	20	50	PASS	PASS	NA	PASS	WARN	PASS	PASS	PASS	PASS	PASS	PASS
PRRX2_TGGGGT20NGA_AE_1	/scratch/project_2013895/SELEX/data/Jolma2013/submitted_ftp/PRRX2_TGGGGT20NGA_AE_1.fastq.gz	background	127099	2.5 Mbp	2500000	0	20	49	PASS	PASS	NA	PASS	WARN	PASS	PASS	PASS	PASS	PASS	PASS
Prrx2_TATGAA20NAGG_Z_2	/scratch/project_2013895/SELEX/data/Jolma2013/submitted_ftp/Prrx2_TATGAA20NAGG_Z_2.fastq.gz	background	247138	4.9 Mbp	4900000	0	20	44	PASS	PASS	NA	PASS	WARN	PASS	PASS	PASS	PASS	PASS	PASS
RAXL1_TACTCA20NTA_Q_1	/scratch/project_2013895/SELEX/data/Jolma2013/submitted_ftp/RAXL1_TACTCA20NTA_Q_1.fastq.gz	background	341557	6.8 Mbp	6800000	0	20	48	PASS	PASS	NA	PASS	WARN	PASS	PASS	PASS	PASS	PASS	PASS
RAX_TGGTAG20NATT_Z_2	/scratch/project_2013895/SELEX/data/Jolma2013/submitted_ftp/RAX_TGGTAG20NATT_Z_2.fastq.gz	background	55348	1.1 Mbp	1100000	0	20	40	PASS	PASS	NA	PASS	WARN	PASS	PASS	PASS	PASS	PASS	PASS
RHOXF1_TGGATG30NTAT_AI_2	/scratch/project_2013895/SELEX/data/Jolma2013/submitted_ftp/RHOXF1_TGGATG30NTAT_AI_2.fastq.gz	background	416426	12.4 Mbp	12400000	0	30	44	PASS	PASS	NA	PASS	WARN	PASS	PASS	PASS	PASS	PASS	PASS
RHOXF1_TTAGAA20NTA_AE_3	/scratch/project_2013895/SELEX/data/Jolma2013/submitted_ftp/RHOXF1_TTAGAA20NTA_AE_3.fastq.gz	background	276656	5.5 Mbp	5500000	0	20	51	PASS	PASS	NA	PASS	FAIL	PASS	PASS	PASS	PASS	PASS	PASS
Rhox11_TGGCCC20NCG_P_3	/scratch/project_2013895/SELEX/data/Jolma2013/submitted_ftp/Rhox11_TGGCCC20NCG_P_3.fastq.gz	background	93169	1.8 Mbp	1800000	0	20	46	PASS	PASS	NA	PASS	FAIL	PASS	PASS	PASS	PASS	PASS	PASS
SHOX2_TACGTC20NTGC_Y_1	/scratch/project_2013895/SELEX/data/Jolma2013/submitted_ftp/SHOX2_TACGTC20NTGC_Y_1.fastq.gz	background	72333	1.4 Mbp	1400000	0	20	45	PASS	PASS	NA	PASS	WARN	PASS	PASS	PASS	PASS	PASS	PASS
SHOX_TAAGGT20NGGA_AC_1	/scratch/project_2013895/SELEX/data/Jolma2013/submitted_ftp/SHOX_TAAGGT20NGGA_AC_1.fastq.gz	background	378662	7.5 Mbp	7500000	0	20	43	PASS	PASS	NA	PASS	WARN	PASS	PASS	PASS	PASS	PASS	PASS
Shox2_TCCCAG20NACC_Z_1	/scratch/project_2013895/SELEX/data/Jolma2013/submitted_ftp/Shox2_TCCCAG20NACC_Z_1.fastq.gz	background	75393	1.5 Mbp	1500000	0	20	42	PASS	PASS	NA	PASS	WARN	PASS	PASS	PASS	PASS	PASS	PASS
UNCX_TGCAAG20NGA_AF_1	/scratch/project_2013895/SELEX/data/Jolma2013/submitted_ftp/UNCX_TGCAAG20NGA_AF_1.fastq.gz	background	218004	4.3 Mbp	4300000	0	20	45	PASS	PASS	NA	PASS	WARN	PASS	PASS	PASS	PASS	PASS	PASS
Uncx_TGGAGC20NCG_P_1	/scratch/project_2013895/SELEX/data/Jolma2013/submitted_ftp/Uncx_TGGAGC20NCG_P_1.fastq.gz	background	83006	1.6 Mbp	1600000	0	20	48	PASS	PASS	NA	PASS	FAIL	PASS	PASS	PASS	PASS	FAIL	PASS
VAX1_TGCCAT20NACC_Z_1	/scratch/project_2013895/SELEX/data/Jolma2013/submitted_ftp/VAX1_TGCCAT20NACC_Z_1.fastq.gz	background	101288	2 Mbp	2000000	0	20	38	PASS	PASS	NA	PASS	FAIL	PASS	PASS	PASS	PASS	PASS	PASS
VAX2_TGGTAG20NATT_AF_2	/scratch/project_2013895/SELEX/data/Jolma2013/submitted_ftp/VAX2_TGGTAG20NATT_AF_2.fastq.gz	background	158482	3.1 Mbp	3100000	0	20	36	PASS	PASS	NA	PASS	FAIL	WARN	PASS	PASS	PASS	PASS	PASS
VENTX_TGAAGT30NGAA_AI_3	/scratch/project_2013895/SELEX/data/Jolma2013/submitted_ftp/VENTX_TGAAGT30NGAA_AI_3.fastq.gz	background	546073	16.3 Mbp	16300000	0	30	44	PASS	PASS	NA	PASS	WARN	PASS	WARN	PASS	PASS	PASS	PASS
VSX1_TGGTTC20NTTT_Z_1	/scratch/project_2013895/SELEX/data/Jolma2013/submitted_ftp/VSX1_TGGTTC20NTTT_Z_1.fastq.gz	background	115231	2.3 Mbp	2300000	0	20	37	PASS	PASS	NA	PASS	FAIL	PASS	PASS	PASS	PASS	PASS	PASS
VSX1_TCGGGG20NGGT_AE_2	/scratch/project_2013895/SELEX/data/Jolma2013/submitted_ftp/VSX1_TCGGGG20NGGT_AE_2.fastq.gz	background	176604	3.5 Mbp	3500000	0	20	41	PASS	PASS	NA	PASS	WARN	PASS	PASS	PASS	PASS	PASS	PASS
VSX2_TCTCCC20NCCG_Z_1	/scratch/project_2013895/SELEX/data/Jolma2013/submitted_ftp/VSX2_TCTCCC20NCCG_Z_1.fastq.gz	background	104076	2 Mbp	2000000	0	20	37	PASS	PASS	NA	PASS	WARN	PASS	PASS	PASS	PASS	PASS	PASS
Vsx1_TGCAGA20NCG_P_1	/scratch/project_2013895/SELEX/data/Jolma2013/submitted_ftp/Vsx1_TGCAGA20NCG_P_1.fastq.gz	background	149941	2.9 Mbp	2900000	0	20	45	PASS	PASS	NA	PASS	WARN	PASS	PASS	PASS	PASS	PASS	PASS
AR_TGCTCG20NGA_AF_2	/scratch/project_2013895/SELEX/data/Jolma2013/submitted_ftp/AR_TGCTCG20NGA_AF_2.fastq.gz	background	190447	3.8 Mbp	3800000	0	20	50	PASS	PASS	NA	PASS	WARN	PASS	PASS	PASS	PASS	PASS	PASS
AR_TCTTCT20NCTG_AD_3	/scratch/project_2013895/SELEX/data/Jolma2013/submitted_ftp/AR_TCTTCT20NCTG_AD_3.fastq.gz	background	101945	2 Mbp	2000000	0	20	47	PASS	PASS	NA	PASS	WARN	PASS	PASS	PASS	PASS	PASS	PASS
Ar_TCTAAT20NCG_P_3	/scratch/project_2013895/SELEX/data/Jolma2013/submitted_ftp/Ar_TCTAAT20NCG_P_3.fastq.gz	background	125567	2.5 Mbp	2500000	0	20	51	PASS	PASS	NA	PASS	FAIL	PASS	PASS	PASS	PASS	PASS	PASS
ESR1_TAGAGT20NCG_W_3	/scratch/project_2013895/SELEX/data/Jolma2013/submitted_ftp/ESR1_TAGAGT20NCG_W_3.fastq.gz	background	119367	2.3 Mbp	2300000	0	20	51	PASS	PASS	NA	PASS	FAIL	PASS	PASS	PASS	PASS	PASS	PASS
ESRRA_TGACGA30NGCA_AI_3	/scratch/project_2013895/SELEX/data/Jolma2013/submitted_ftp/ESRRA_TGACGA30NGCA_AI_3.fastq.gz	background	411933	12.3 Mbp	12300000	0	30	47	PASS	PASS	NA	PASS	WARN	PASS	WARN	PASS	PASS	PASS	PASS
ESRRB_ATTAC14N_U_3	/scratch/project_2013895/SELEX/data/Jolma2013/submitted_ftp/ESRRB_ATTAC14N_U_3.fastq.gz	background	128005	1.7 Mbp	1700000	0	14	45	PASS	PASS	NA	PASS	WARN	PASS	PASS	PASS	PASS	PASS	PASS
ESRRG_TGACGA20NGCA_AF_3	/scratch/project_2013895/SELEX/data/Jolma2013/submitted_ftp/ESRRG_TGACGA20NGCA_AF_3.fastq.gz	background	134525	2.6 Mbp	2600000	0	20	45	PASS	PASS	NA	PASS	WARN	PASS	PASS	PASS	PASS	PASS	PASS
Esrra_TAGCTC20NCG_AC_3	/scratch/project_2013895/SELEX/data/Jolma2013/submitted_ftp/Esrra_TAGCTC20NCG_AC_3.fastq.gz	background	106685	2.1 Mbp	2100000	0	20	50	PASS	PASS	NA	PASS	FAIL	PASS	PASS	PASS	PASS	PASS	PASS
HNF4A_TGACAG20NGA_AF_3	/scratch/project_2013895/SELEX/data/Jolma2013/submitted_ftp/HNF4A_TGACAG20NGA_AF_3.fastq.gz	background	214847	4.2 Mbp	4200000	0	20	50	PASS	PASS	NA	PASS	WARN	PASS	PASS	PASS	PASS	PASS	PASS
HNF4A_TCCGTG40NTGC_AI_2	/scratch/project_2013895/SELEX/data/Jolma2013/submitted_ftp/HNF4A_TCCGTG40NTGC_AI_2.fastq.gz	background	376489	15 Mbp	15000000	0	40	50	PASS	PASS	NA	PASS	WARN	PASS	PASS	PASS	PASS	PASS	PASS
Hnf4a_TCCACG20NCG_Z_3	/scratch/project_2013895/SELEX/data/Jolma2013/submitted_ftp/Hnf4a_TCCACG20NCG_Z_3.fastq.gz	background	133210	2.6 Mbp	2600000	0	20	50	PASS	PASS	NA	PASS	FAIL	WARN	PASS	PASS	WARN	WARN	PASS
NR2C2_TCGACT20NCAT_Z_2	/scratch/project_2013895/SELEX/data/Jolma2013/submitted_ftp/NR2C2_TCGACT20NCAT_Z_2.fastq.gz	background	108215	2.1 Mbp	2100000	0	20	44	PASS	PASS	NA	PASS	WARN	PASS	PASS	PASS	PASS	PASS	PASS
NR2E1_TAACAA20NACA_W_3	/scratch/project_2013895/SELEX/data/Jolma2013/submitted_ftp/NR2E1_TAACAA20NACA_W_3.fastq.gz	background	300379	6 Mbp	6000000	0	20	45	PASS	PASS	NA	PASS	WARN	PASS	PASS	PASS	PASS	PASS	PASS
NR2F1_TCTGAC30NAGG_AI_3	/scratch/project_2013895/SELEX/data/Jolma2013/submitted_ftp/NR2F1_TCTGAC30NAGG_AI_3.fastq.gz	background	532469	15.9 Mbp	15900000	0	30	52	PASS	PASS	NA	PASS	FAIL	PASS	WARN	PASS	PASS	PASS	PASS
NR2F1_TCTGAC20NGA_AE_3	/scratch/project_2013895/SELEX/data/Jolma2013/submitted_ftp/NR2F1_TCTGAC20NGA_AE_3.fastq.gz	background	7694	153.8 kbp	153800	0	20	55	PASS	PASS	NA	PASS	FAIL	PASS	PASS	PASS	PASS	WARN	PASS
NR2F6_TGTGGA20NGA_Y_2	/scratch/project_2013895/SELEX/data/Jolma2013/submitted_ftp/NR2F6_TGTGGA20NGA_Y_2.fastq.gz	background	34405	688.1 kbp	688100	0	20	50	PASS	PASS	NA	PASS	WARN	PASS	PASS	PASS	PASS	PASS	PASS
NR2F6_TCTTGA20NGA_AE_2	/scratch/project_2013895/SELEX/data/Jolma2013/submitted_ftp/NR2F6_TCTTGA20NGA_AE_2.fastq.gz	background	8597	171.9 kbp	171900	0	20	54	PASS	PASS	NA	PASS	FAIL	PASS	PASS	PASS	PASS	PASS	PASS
NR3C1_TGACGA20NGCA_AG_3	/scratch/project_2013895/SELEX/data/Jolma2013/submitted_ftp/NR3C1_TGACGA20NGCA_AG_3.fastq.gz	background	132657	2.6 Mbp	2600000	0	20	45	PASS	PASS	NA	PASS	WARN	PASS	PASS	PASS	PASS	PASS	PASS
NR3C2_TCAGAG20NAGA_AC_3	/scratch/project_2013895/SELEX/data/Jolma2013/submitted_ftp/NR3C2_TCAGAG20NAGA_AC_3.fastq.gz	background	183445	3.6 Mbp	3600000	0	20	44	PASS	PASS	NA	PASS	FAIL	PASS	PASS	PASS	PASS	PASS	PASS
NR4A2_TCATTG20NTTA_W_3	/scratch/project_2013895/SELEX/data/Jolma2013/submitted_ftp/NR4A2_TCATTG20NTTA_W_3.fastq.gz	background	198764	3.9 Mbp	3900000	0	20	48	PASS	PASS	NA	PASS	WARN	PASS	PASS	PASS	PASS	PASS	PASS
Nr2e1_TCGCGC20NGCT_AA_3	/scratch/project_2013895/SELEX/data/Jolma2013/submitted_ftp/Nr2e1_TCGCGC20NGCT_AA_3.fastq.gz	background	187592	3.7 Mbp	3700000	0	20	45	PASS	PASS	NA	PASS	WARN	PASS	PASS	PASS	PASS	PASS	PASS
Nr2f6_TAGTTT20NCG_Z_3	/scratch/project_2013895/SELEX/data/Jolma2013/submitted_ftp/Nr2f6_TAGTTT20NCG_Z_3.fastq.gz	background	18272	365.4 kbp	365400	0	20	50	PASS	PASS	NA	PASS	FAIL	WARN	PASS	PASS	WARN	FAIL	PASS
RARA_TAAAAT20NTA_Q_2	/scratch/project_2013895/SELEX/data/Jolma2013/submitted_ftp/RARA_TAAAAT20NTA_Q_2.fastq.gz	background	229618	4.5 Mbp	4500000	0	20	43	PASS	PASS	NA	PASS	WARN	PASS	PASS	PASS	PASS	PASS	PASS
RARA_TATAGA20NCG_AD_2	/scratch/project_2013895/SELEX/data/Jolma2013/submitted_ftp/RARA_TATAGA20NCG_AD_2.fastq.gz	background	192114	3.8 Mbp	3800000	0	20	51	PASS	PASS	NA	PASS	WARN	PASS	PASS	PASS	PASS	PASS	PASS
RARG_TGTTAT20NGA_Y_2	/scratch/project_2013895/SELEX/data/Jolma2013/submitted_ftp/RARG_TGTTAT20NGA_Y_2.fastq.gz	background	103069	2 Mbp	2000000	0	20	51	PASS	PASS	NA	PASS	FAIL	PASS	PASS	PASS	PASS	PASS	PASS
RARG_TCGGGG20NGA_AE_2	/scratch/project_2013895/SELEX/data/Jolma2013/submitted_ftp/RARG_TCGGGG20NGA_AE_2.fastq.gz	background	314747	6.2 Mbp	6200000	0	20	50	PASS	PASS	NA	PASS	WARN	PASS	PASS	PASS	PASS	PASS	PASS
RORA_TCTGTA30NTGG_AI_3	/scratch/project_2013895/SELEX/data/Jolma2013/submitted_ftp/RORA_TCTGTA30NTGG_AI_3.fastq.gz	background	375877	11.2 Mbp	11200000	0	30	46	PASS	PASS	NA	PASS	WARN	PASS	WARN	PASS	PASS	PASS	PASS
RXRA_TCACGT30NGCA_AH_2	/scratch/project_2013895/SELEX/data/Jolma2013/submitted_ftp/RXRA_TCACGT30NGCA_AH_2.fastq.gz	background	700774	21 Mbp	21000000	0	30	43	PASS	PASS	NA	PASS	WARN	PASS	PASS	PASS	PASS	PASS	PASS
RXRA_TCTACA40NCAG_AI_2	/scratch/project_2013895/SELEX/data/Jolma2013/submitted_ftp/RXRA_TCTACA40NCAG_AI_2.fastq.gz	background	128857	5.1 Mbp	5100000	0	40	50	PASS	PASS	NA	PASS	WARN	PASS	PASS	PASS	PASS	PASS	PASS
RXRB_TGAGCA20NGA_Y_2	/scratch/project_2013895/SELEX/data/Jolma2013/submitted_ftp/RXRB_TGAGCA20NGA_Y_2.fastq.gz	background	31902	638 kbp	638000	0	20	50	PASS	PASS	NA	PASS	WARN	PASS	PASS	PASS	PASS	PASS	PASS
RXRG_TGGAAT20NGA_Y_2	/scratch/project_2013895/SELEX/data/Jolma2013/submitted_ftp/RXRG_TGGAAT20NGA_Y_2.fastq.gz	background	91986	1.8 Mbp	1800000	0	20	52	PASS	PASS	NA	PASS	FAIL	PASS	PASS	PASS	WARN	PASS	PASS
RXRG_TTCTCT20NTA_AD_3	/scratch/project_2013895/SELEX/data/Jolma2013/submitted_ftp/RXRG_TTCTCT20NTA_AD_3.fastq.gz	background	3225	64.5 kbp	64500	0	20	51	PASS	PASS	NA	PASS	FAIL	PASS	PASS	PASS	PASS	WARN	PASS
Rara_TCGGTT20NCG_P_3	/scratch/project_2013895/SELEX/data/Jolma2013/submitted_ftp/Rara_TCGGTT20NCG_P_3.fastq.gz	background	104823	2 Mbp	2000000	0	20	51	PASS	PASS	NA	PASS	FAIL	PASS	PASS	PASS	PASS	WARN	PASS
Rarb_TCGTGT20NCG_P_3	/scratch/project_2013895/SELEX/data/Jolma2013/submitted_ftp/Rarb_TCGTGT20NCG_P_3.fastq.gz	background	73866	1.4 Mbp	1400000	0	20	53	PASS	PASS	NA	PASS	FAIL	PASS	PASS	PASS	PASS	PASS	PASS
Rarg_TATCTG20NTCG_Z_3	/scratch/project_2013895/SELEX/data/Jolma2013/submitted_ftp/Rarg_TATCTG20NTCG_Z_3.fastq.gz	background	179149	3.5 Mbp	3500000	0	20	45	PASS	PASS	NA	PASS	FAIL	WARN	PASS	PASS	WARN	WARN	PASS
Rxra_AAGAC14N_T_3	/scratch/project_2013895/SELEX/data/Jolma2013/submitted_ftp/Rxra_AAGAC14N_T_3.fastq.gz	background	172300	2.4 Mbp	2400000	0	14	47	PASS	PASS	NA	PASS	WARN	PASS	PASS	PASS	PASS	WARN	PASS
Rxrb_CAATT14N_T_3	/scratch/project_2013895/SELEX/data/Jolma2013/submitted_ftp/Rxrb_CAATT14N_T_3.fastq.gz	background	196823	2.7 Mbp	2700000	0	14	45	PASS	PASS	NA	PASS	WARN	PASS	PASS	PASS	PASS	PASS	PASS
THRA_TCGGCC40NCGT_AI_3	/scratch/project_2013895/SELEX/data/Jolma2013/submitted_ftp/THRA_TCGGCC40NCGT_AI_3.fastq.gz	background	234744	9.3 Mbp	9300000	0	40	48	PASS	PASS	NA	PASS	WARN	PASS	WARN	PASS	PASS	PASS	PASS
THRB_TGGCAA30NACT_AI_3	/scratch/project_2013895/SELEX/data/Jolma2013/submitted_ftp/THRB_TGGCAA30NACT_AI_3.fastq.gz	background	196151	5.8 Mbp	5800000	0	30	45	PASS	PASS	NA	PASS	WARN	WARN	WARN	PASS	PASS	PASS	PASS
VDR_TATTGT20NCG_AC_2	/scratch/project_2013895/SELEX/data/Jolma2013/submitted_ftp/VDR_TATTGT20NCG_AC_2.fastq.gz	background	169382	3.3 Mbp	3300000	0	20	51	PASS	PASS	NA	PASS	FAIL	PASS	PASS	PASS	PASS	PASS	PASS
Vdr_TCCGCA20NCG_Z_2	/scratch/project_2013895/SELEX/data/Jolma2013/submitted_ftp/Vdr_TCCGCA20NCG_Z_2.fastq.gz	background	20799	415.9 kbp	415900	0	20	49	PASS	PASS	NA	PASS	WARN	PASS	PASS	PASS	PASS	PASS	PASS
TP63_TTCCTT20NGA_R_2	/scratch/project_2013895/SELEX/data/Jolma2013/submitted_ftp/TP63_TTCCTT20NGA_R_2.fastq.gz	background	26994	539.8 kbp	539800	0	20	44	PASS	PASS	NA	PASS	WARN	PASS	PASS	PASS	PASS	PASS	PASS
Tp53_TCGGGG20NGGT_AK_3	/scratch/project_2013895/SELEX/data/Jolma2013/submitted_ftp/Tp53_TCGGGG20NGGT_AK_3.fastq.gz	background	1088876	21.7 Mbp	21700000	0	20	43	PASS	PASS	NA	PASS	WARN	PASS	PASS	PASS	WARN	PASS	PASS
Tp73_TACCGT40NGCC_AK_3	/scratch/project_2013895/SELEX/data/Jolma2013/submitted_ftp/Tp73_TACCGT40NGCC_AK_3.fastq.gz	background	47691	1.9 Mbp	1900000	0	40	49	PASS	PASS	NA	PASS	FAIL	PASS	PASS	PASS	FAIL	WARN	PASS
GMEB2_TCGCGC20NGA_Y_3	/scratch/project_2013895/SELEX/data/Jolma2013/submitted_ftp/GMEB2_TCGCGC20NGA_Y_3.fastq.gz	background	59629	1.1 Mbp	1100000	0	20	51	PASS	PASS	NA	PASS	FAIL	PASS	PASS	PASS	PASS	PASS	PASS
PITX1_TCTCTT20NTCG_W_1	/scratch/project_2013895/SELEX/data/Jolma2013/submitted_ftp/PITX1_TCTCTT20NTCG_W_1.fastq.gz	background	200927	4 Mbp	4000000	0	20	47	PASS	PASS	NA	PASS	WARN	PASS	PASS	PASS	PASS	PASS	PASS
Egr1_TGCGCC20NCG_P_3	/scratch/project_2013895/SELEX/data/Jolma2013/submitted_ftp/Egr1_TGCGCC20NCG_P_3.fastq.gz	background	175852	3.5 Mbp	3500000	0	20	48	PASS	PASS	NA	PASS	FAIL	PASS	PASS	PASS	PASS	PASS	PASS
MTF1_TGATCC20NCTA_Y_3	/scratch/project_2013895/SELEX/data/Jolma2013/submitted_ftp/MTF1_TGATCC20NCTA_Y_3.fastq.gz	background	59031	1.1 Mbp	1100000	0	20	46	PASS	PASS	NA	PASS	WARN	PASS	PASS	PASS	PASS	PASS	PASS
PRDM4_TAGCAG20NCG_AC_3	/scratch/project_2013895/SELEX/data/Jolma2013/submitted_ftp/PRDM4_TAGCAG20NCG_AC_3.fastq.gz	background	134031	2.6 Mbp	2600000	0	20	49	PASS	PASS	NA	PASS	WARN	PASS	PASS	PASS	PASS	PASS	PASS
ZBTB49_TCTAAT20NGA_AC_3	/scratch/project_2013895/SELEX/data/Jolma2013/submitted_ftp/ZBTB49_TCTAAT20NGA_AC_3.fastq.gz	background	205247	4.1 Mbp	4099999.9999999995	0	20	48	PASS	PASS	NA	PASS	FAIL	PASS	PASS	PASS	PASS	PASS	PASS
ZNF232_TATCAT20NACG_W_3	/scratch/project_2013895/SELEX/data/Jolma2013/submitted_ftp/ZNF232_TATCAT20NACG_W_3.fastq.gz	background	225842	4.5 Mbp	4500000	0	20	48	PASS	PASS	NA	PASS	WARN	PASS	PASS	PASS	PASS	PASS	PASS
ZNF282_TGCCTG20NGA_AC_3	/scratch/project_2013895/SELEX/data/Jolma2013/submitted_ftp/ZNF282_TGCCTG20NGA_AC_3.fastq.gz	background	191278	3.8 Mbp	3800000	0	20	51	PASS	PASS	NA	PASS	FAIL	PASS	PASS	PASS	PASS	PASS	PASS
ZNF435_TATTTA20NTTG_W_3	/scratch/project_2013895/SELEX/data/Jolma2013/submitted_ftp/ZNF435_TATTTA20NTTG_W_3.fastq.gz	background	221164	4.4 Mbp	4400000	0	20	47	PASS	PASS	NA	PASS	WARN	PASS	PASS	PASS	PASS	PASS	PASS
ZNF713_TAGGAT20NAGT_AD_3	/scratch/project_2013895/SELEX/data/Jolma2013/submitted_ftp/ZNF713_TAGGAT20NAGT_AD_3.fastq.gz	background	268153	5.3 Mbp	5300000	0	20	45	PASS	PASS	NA	PASS	WARN	PASS	PASS	PASS	PASS	PASS	PASS
CPEB1_TAACCC20NCG_AC_2	/scratch/project_2013895/SELEX/data/Jolma2013/submitted_ftp/CPEB1_TAACCC20NCG_AC_2.fastq.gz	background	238362	4.7 Mbp	4700000	0	20	47	PASS	PASS	NA	PASS	WARN	PASS	PASS	PASS	PASS	PASS	PASS
E2F1_CAATT14N_U_3	/scratch/project_2013895/SELEX/data/Jolma2013/submitted_ftp/E2F1_CAATT14N_U_3.fastq.gz	background	93023	1.3 Mbp	1300000	0	14	46	PASS	PASS	NA	PASS	WARN	PASS	PASS	PASS	PASS	PASS	PASS
E2F4_AGCAG14N_U_3	/scratch/project_2013895/SELEX/data/Jolma2013/submitted_ftp/E2F4_AGCAG14N_U_3.fastq.gz	background	129041	1.8 Mbp	1800000	0	14	43	PASS	PASS	NA	PASS	WARN	PASS	PASS	PASS	PASS	PASS	PASS
E2F8_GGCTT14N_U_3	/scratch/project_2013895/SELEX/data/Jolma2013/submitted_ftp/E2F8_GGCTT14N_U_3.fastq.gz	background	160695	2.2 Mbp	2200000	0	14	45	PASS	PASS	NA	PASS	WARN	PASS	PASS	PASS	PASS	PASS	PASS
SOX10_TGATTT20NTTA_AF_3	/scratch/project_2013895/SELEX/data/Jolma2013/submitted_ftp/SOX10_TGATTT20NTTA_AF_3.fastq.gz	background	184191	3.6 Mbp	3600000	0	20	46	PASS	PASS	NA	PASS	WARN	WARN	PASS	PASS	PASS	PASS	PASS
SOX14_TACCTA30NTCC_AH_3	/scratch/project_2013895/SELEX/data/Jolma2013/submitted_ftp/SOX14_TACCTA30NTCC_AH_3.fastq.gz	background	835862	25 Mbp	25000000	0	30	49	PASS	PASS	NA	PASS	WARN	PASS	WARN	PASS	PASS	PASS	PASS
SOX15_TGTTCA20NCTG_AF_3	/scratch/project_2013895/SELEX/data/Jolma2013/submitted_ftp/SOX15_TGTTCA20NCTG_AF_3.fastq.gz	background	187301	3.7 Mbp	3700000	0	20	45	PASS	PASS	NA	PASS	WARN	PASS	PASS	PASS	PASS	PASS	PASS
SOX18_TGTGTC20NTGG_AE_3	/scratch/project_2013895/SELEX/data/Jolma2013/submitted_ftp/SOX18_TGTGTC20NTGG_AE_3.fastq.gz	background	72561	1.4 Mbp	1400000	0	20	46	PASS	PASS	NA	PASS	WARN	PASS	PASS	PASS	PASS	PASS	PASS
SOX21_TCAAAA40NAAA_AI_3	/scratch/project_2013895/SELEX/data/Jolma2013/submitted_ftp/SOX21_TCAAAA40NAAA_AI_3.fastq.gz	background	210983	8.4 Mbp	8400000	0	40	47	PASS	PASS	NA	PASS	WARN	PASS	WARN	PASS	PASS	PASS	PASS
SOX2_TAGTAA20NATT_AC_3	/scratch/project_2013895/SELEX/data/Jolma2013/submitted_ftp/SOX2_TAGTAA20NATT_AC_3.fastq.gz	background	197332	3.9 Mbp	3900000	0	20	45	PASS	PASS	NA	PASS	WARN	PASS	PASS	PASS	PASS	PASS	PASS
SOX2_TCCCCT20NCCC_AC_3	/scratch/project_2013895/SELEX/data/Jolma2013/submitted_ftp/SOX2_TCCCCT20NCCC_AC_3.fastq.gz	background	159759	3.1 Mbp	3100000	0	20	45	PASS	PASS	NA	PASS	WARN	PASS	PASS	PASS	PASS	PASS	PASS
SOX2_TGAATA20NTAA_AF_3	/scratch/project_2013895/SELEX/data/Jolma2013/submitted_ftp/SOX2_TGAATA20NTAA_AF_3.fastq.gz	background	102083	2 Mbp	2000000	0	20	46	PASS	PASS	NA	PASS	WARN	PASS	PASS	PASS	PASS	PASS	PASS
SOX4_TATCGC30NGCG_AH_3	/scratch/project_2013895/SELEX/data/Jolma2013/submitted_ftp/SOX4_TATCGC30NGCG_AH_3.fastq.gz	background	734575	22 Mbp	22000000	0	30	47	PASS	PASS	NA	PASS	WARN	PASS	WARN	PASS	PASS	PASS	PASS
SOX7_TGAGGC20NGGA_AF_2	/scratch/project_2013895/SELEX/data/Jolma2013/submitted_ftp/SOX7_TGAGGC20NGGA_AF_2.fastq.gz	background	81038	1.6 Mbp	1600000	0	20	42	PASS	PASS	NA	PASS	WARN	PASS	PASS	PASS	PASS	PASS	PASS
SOX8_TCTTTC30NTTG_AI_3	/scratch/project_2013895/SELEX/data/Jolma2013/submitted_ftp/SOX8_TCTTTC30NTTG_AI_3.fastq.gz	background	433303	12.9 Mbp	12900000	0	30	49	PASS	PASS	NA	PASS	FAIL	PASS	WARN	PASS	PASS	PASS	PASS
SOX8_TGTCTA20NTCG_AE_3	/scratch/project_2013895/SELEX/data/Jolma2013/submitted_ftp/SOX8_TGTCTA20NTCG_AE_3.fastq.gz	background	88098	1.7 Mbp	1700000	0	20	46	PASS	PASS	NA	PASS	WARN	PASS	PASS	PASS	PASS	PASS	PASS
SOX9_TGGGGT20NGGT_W_2	/scratch/project_2013895/SELEX/data/Jolma2013/submitted_ftp/SOX9_TGGGGT20NGGT_W_2.fastq.gz	background	119460	2.3 Mbp	2300000	0	20	44	PASS	PASS	NA	PASS	WARN	PASS	PASS	PASS	PASS	PASS	PASS
SRY_TACTGC30NGTC_AH_2	/scratch/project_2013895/SELEX/data/Jolma2013/submitted_ftp/SRY_TACTGC30NGTC_AH_2.fastq.gz	background	542595	16.2 Mbp	16200000	0	30	45	PASS	PASS	NA	PASS	WARN	PASS	PASS	PASS	PASS	PASS	PASS
Sox10_TGCTGT20NCG_P_3	/scratch/project_2013895/SELEX/data/Jolma2013/submitted_ftp/Sox10_TGCTGT20NCG_P_3.fastq.gz	background	108520	2.1 Mbp	2100000	0	20	51	PASS	PASS	NA	PASS	FAIL	PASS	PASS	PASS	PASS	PASS	PASS
Sox11_TCTTCT20NGA_AF_2	/scratch/project_2013895/SELEX/data/Jolma2013/submitted_ftp/Sox11_TCTTCT20NGA_AF_2.fastq.gz	background	180549	3.6 Mbp	3600000	0	20	50	PASS	PASS	NA	PASS	WARN	PASS	PASS	PASS	PASS	PASS	PASS
Sox17_TATTGT20NGTG_AF_2	/scratch/project_2013895/SELEX/data/Jolma2013/submitted_ftp/Sox17_TATTGT20NGTG_AF_2.fastq.gz	background	251214	5 Mbp	5000000	0	20	45	PASS	PASS	NA	PASS	WARN	PASS	PASS	PASS	PASS	PASS	PASS
Sox1_TGTCTA20NTCG_AC_3	/scratch/project_2013895/SELEX/data/Jolma2013/submitted_ftp/Sox1_TGTCTA20NTCG_AC_3.fastq.gz	background	214477	4.2 Mbp	4200000	0	20	45	PASS	PASS	NA	PASS	WARN	PASS	PASS	PASS	PASS	PASS	PASS
Sox3_TGGGGT20NCG_Q_3	/scratch/project_2013895/SELEX/data/Jolma2013/submitted_ftp/Sox3_TGGGGT20NCG_Q_3.fastq.gz	background	213394	4.2 Mbp	4200000	0	20	49	PASS	PASS	NA	PASS	FAIL	PASS	PASS	PASS	PASS	PASS	PASS
MSC_TAGTCC20NCTT_AA_3	/scratch/project_2013895/SELEX/data/Jolma2013/submitted_ftp/MSC_TAGTCC20NCTT_AA_3.fastq.gz	background	265511	5.3 Mbp	5300000	0	20	48	PASS	PASS	NA	PASS	WARN	PASS	PASS	PASS	PASS	PASS	PASS
TFEC_TAGTGG20NGTT_AF_3	/scratch/project_2013895/SELEX/data/Jolma2013/submitted_ftp/TFEC_TAGTGG20NGTT_AF_3.fastq.gz	background	141441	2.8 Mbp	2800000	0	20	44	PASS	PASS	NA	PASS	FAIL	PASS	PASS	PASS	PASS	PASS	PASS
RARB_TAGTTT20NTTT_W_3	/scratch/project_2013895/SELEX/data/Jolma2013/submitted_ftp/RARB_TAGTTT20NTTT_W_3.fastq.gz	background	187518	3.7 Mbp	3700000	0	20	47	PASS	PASS	NA	PASS	WARN	PASS	PASS	PASS	PASS	PASS	PASS
ALX4_EOMES_2_AAD_TGCACG40NTTG	/scratch/project_2013895/SELEX/data/Jolma2015/submitted_ftp/ALX4_EOMES_2_AAD_TGCACG40NTTG.fastq.gz	background	634652	25.3 Mbp	25300000	0	40	46	PASS	PASS	WARN	PASS	FAIL	PASS	PASS	PASS	FAIL	PASS	PASS
ALX4_TBX21_2_AAD_TGGCAC40NAAG	/scratch/project_2013895/SELEX/data/Jolma2015/submitted_ftp/ALX4_TBX21_2_AAD_TGGCAC40NAAG.fastq.gz	background	418224	16.7 Mbp	16700000	0	40	41	PASS	PASS	WARN	PASS	WARN	PASS	PASS	PASS	FAIL	PASS	PASS
ATF4_CEBPB_2_AT_TCCATG40NCAC	/scratch/project_2013895/SELEX/data/Jolma2015/submitted_ftp/ATF4_CEBPB_2_AT_TCCATG40NCAC.fastq.gz	background	1494577	59.7 Mbp	59700000	0	40	47	PASS	PASS	PASS	PASS	FAIL	PASS	PASS	PASS	FAIL	PASS	PASS
ATF4_CEBPD_2_AT_TTGAGT40NCGC	/scratch/project_2013895/SELEX/data/Jolma2015/submitted_ftp/ATF4_CEBPD_2_AT_TTGAGT40NCGC.fastq.gz	background	1420114	56.8 Mbp	56800000	0	40	47	PASS	PASS	PASS	PASS	WARN	PASS	PASS	PASS	FAIL	PASS	PASS
ATF4_TEF_2_AT_TTGCCC40NCTC	/scratch/project_2013895/SELEX/data/Jolma2015/submitted_ftp/ATF4_TEF_2_AT_TTGCCC40NCTC.fastq.gz	background	1160255	46.4 Mbp	46400000	0	40	48	PASS	PASS	PASS	PASS	PASS	PASS	PASS	PASS	WARN	PASS	PASS
CEBPG_CREB3L1_2_AS_TGACTT40NGGT	/scratch/project_2013895/SELEX/data/Jolma2015/submitted_ftp/CEBPG_CREB3L1_2_AS_TGACTT40NGGT.fastq.gz	background	916466	36.6 Mbp	36600000	0	40	53	PASS	PASS	WARN	PASS	FAIL	PASS	PASS	PASS	FAIL	PASS	PASS
CUX1_HOXA13_2_AY_TCGGTA40NTGA	/scratch/project_2013895/SELEX/data/Jolma2015/submitted_ftp/CUX1_HOXA13_2_AY_TCGGTA40NTGA.fastq.gz	background	325268	13 Mbp	13000000	0	40	44	PASS	PASS	PASS	PASS	WARN	PASS	PASS	PASS	PASS	PASS	PASS
CUX1_HOXB13_2_AY_TACGCA40NAAT	/scratch/project_2013895/SELEX/data/Jolma2015/submitted_ftp/CUX1_HOXB13_2_AY_TACGCA40NAAT.fastq.gz	background	453134	18.1 Mbp	18100000	0	40	43	PASS	PASS	PASS	PASS	FAIL	PASS	PASS	PASS	PASS	PASS	PASS
CUX1_TBX21_2_AY_TGGCAC40NAAG	/scratch/project_2013895/SELEX/data/Jolma2015/submitted_ftp/CUX1_TBX21_2_AY_TGGCAC40NAAG.fastq.gz	background	342994	13.7 Mbp	13700000	0	40	44	PASS	PASS	PASS	PASS	WARN	PASS	PASS	PASS	PASS	PASS	PASS
E2F1_ELK1_1_AX_TATGTA40NTGT	/scratch/project_2013895/SELEX/data/Jolma2015/submitted_ftp/E2F1_ELK1_1_AX_TATGTA40NTGT.fastq.gz	background	560543	22.4 Mbp	22400000	0	40	54	PASS	PASS	PASS	PASS	WARN	PASS	PASS	PASS	PASS	PASS	PASS
E2F3_DRGX_1_AAA_TTATAA40NGTG	/scratch/project_2013895/SELEX/data/Jolma2015/submitted_ftp/E2F3_DRGX_1_AAA_TTATAA40NGTG.fastq.gz	background	441838	17.6 Mbp	17600000	0	40	48	PASS	PASS	PASS	PASS	WARN	PASS	PASS	PASS	PASS	PASS	PASS
E2F3_EOMES_2_AAA_TCTTCG40NGAT	/scratch/project_2013895/SELEX/data/Jolma2015/submitted_ftp/E2F3_EOMES_2_AAA_TCTTCG40NGAT.fastq.gz	background	739285	29.5 Mbp	29500000	0	40	51	PASS	PASS	PASS	PASS	FAIL	PASS	PASS	PASS	PASS	PASS	PASS
E2F3_FOXI1_2_AAA_TCCTCT40NGTC	/scratch/project_2013895/SELEX/data/Jolma2015/submitted_ftp/E2F3_FOXI1_2_AAA_TCCTCT40NGTC.fastq.gz	background	856804	34.2 Mbp	34200000	0	40	52	PASS	PASS	PASS	PASS	WARN	PASS	PASS	PASS	PASS	PASS	PASS
E2F3_FOXO6_2_AAA_TCCGAA40NGGC	/scratch/project_2013895/SELEX/data/Jolma2015/submitted_ftp/E2F3_FOXO6_2_AAA_TCCGAA40NGGC.fastq.gz	background	500461	20 Mbp	20000000	0	40	52	PASS	PASS	PASS	PASS	FAIL	PASS	PASS	PASS	PASS	PASS	PASS
ELK1_EOMES_1_AAA_TGAGTC40NAAC	/scratch/project_2013895/SELEX/data/Jolma2015/submitted_ftp/ELK1_EOMES_1_AAA_TGAGTC40NAAC.fastq.gz	background	572074	22.8 Mbp	22800000	0	40	54	PASS	PASS	PASS	PASS	FAIL	PASS	PASS	PASS	PASS	PASS	PASS
ELK1_ETV7_1_AAA_TTGGTG40NTAC	/scratch/project_2013895/SELEX/data/Jolma2015/submitted_ftp/ELK1_ETV7_1_AAA_TTGGTG40NTAC.fastq.gz	background	246647	9.8 Mbp	9800000	0	40	52	PASS	PASS	PASS	PASS	FAIL	PASS	PASS	PASS	PASS	PASS	PASS
ELK1_EVX1_2_AAD_TGGAAT40NAAT	/scratch/project_2013895/SELEX/data/Jolma2015/submitted_ftp/ELK1_EVX1_2_AAD_TGGAAT40NAAT.fastq.gz	background	452736	18.1 Mbp	18100000	0	40	46	PASS	PASS	WARN	PASS	WARN	PASS	PASS	PASS	PASS	PASS	PASS
ELK1_FOXI1_2_AAA_TAGTCA40NTCT	/scratch/project_2013895/SELEX/data/Jolma2015/submitted_ftp/ELK1_FOXI1_2_AAA_TAGTCA40NTCT.fastq.gz	background	565771	22.6 Mbp	22600000	0	40	53	PASS	PASS	PASS	PASS	FAIL	PASS	PASS	PASS	PASS	PASS	PASS
ELK1_HOXA3_1_AAA_TCTGTG40NAGA	/scratch/project_2013895/SELEX/data/Jolma2015/submitted_ftp/ELK1_HOXA3_1_AAA_TCTGTG40NAGA.fastq.gz	background	657000	26.2 Mbp	26200000	0	40	52	PASS	PASS	PASS	PASS	FAIL	PASS	PASS	PASS	PASS	PASS	PASS
ELK1_HOXB13_2_AAA_TGCGAC40NGGT	/scratch/project_2013895/SELEX/data/Jolma2015/submitted_ftp/ELK1_HOXB13_2_AAA_TGCGAC40NGGT.fastq.gz	background	775924	31 Mbp	31000000	0	40	52	PASS	PASS	PASS	PASS	FAIL	PASS	PASS	PASS	WARN	PASS	PASS
ELK1_ONECUT2_1_AAA_TCCAGG40NTAG	/scratch/project_2013895/SELEX/data/Jolma2015/submitted_ftp/ELK1_ONECUT2_1_AAA_TCCAGG40NTAG.fastq.gz	background	435448	17.4 Mbp	17400000	0	40	53	PASS	PASS	PASS	PASS	WARN	PASS	PASS	PASS	PASS	PASS	PASS
ELK1_PAX1_1_AAA_TGAAGG40NGAT	/scratch/project_2013895/SELEX/data/Jolma2015/submitted_ftp/ELK1_PAX1_1_AAA_TGAAGG40NGAT.fastq.gz	background	702427	28 Mbp	28000000	0	40	52	PASS	PASS	PASS	PASS	FAIL	PASS	PASS	PASS	PASS	PASS	PASS
ELK1_PAX5_1_AAA_TCAGTT40NTTG	/scratch/project_2013895/SELEX/data/Jolma2015/submitted_ftp/ELK1_PAX5_1_AAA_TCAGTT40NTTG.fastq.gz	background	469339	18.7 Mbp	18700000	0	40	48	PASS	PASS	PASS	PASS	FAIL	PASS	PASS	PASS	PASS	PASS	PASS
ELK1_PAX9_1_AAA_TAGAAA40NCAG	/scratch/project_2013895/SELEX/data/Jolma2015/submitted_ftp/ELK1_PAX9_1_AAA_TAGAAA40NCAG.fastq.gz	background	264604	10.5 Mbp	10500000	0	40	52	PASS	PASS	PASS	PASS	WARN	PASS	PASS	PASS	PASS	PASS	PASS
ELK1_SPDEF_2_AAD_TGGAGC40NGAT	/scratch/project_2013895/SELEX/data/Jolma2015/submitted_ftp/ELK1_SPDEF_2_AAD_TGGAGC40NGAT.fastq.gz	background	374601	14.9 Mbp	14900000	0	40	45	PASS	PASS	WARN	PASS	WARN	PASS	PASS	PASS	PASS	PASS	PASS
ELK1_SREBF2_1_AAA_TCTTTG40NACT	/scratch/project_2013895/SELEX/data/Jolma2015/submitted_ftp/ELK1_SREBF2_1_AAA_TCTTTG40NACT.fastq.gz	background	626532	25 Mbp	25000000	0	40	53	PASS	PASS	PASS	PASS	FAIL	PASS	PASS	PASS	PASS	PASS	PASS
ELK1_TBX21_1_AAA_TCCTAT40NAGA	/scratch/project_2013895/SELEX/data/Jolma2015/submitted_ftp/ELK1_TBX21_1_AAA_TCCTAT40NAGA.fastq.gz	background	559621	22.3 Mbp	22300000	0	40	52	PASS	PASS	PASS	PASS	WARN	PASS	PASS	PASS	PASS	PASS	PASS
ELK1_TEF_1_AAA_TCGTTC40NATA	/scratch/project_2013895/SELEX/data/Jolma2015/submitted_ftp/ELK1_TEF_1_AAA_TCGTTC40NATA.fastq.gz	background	537092	21.4 Mbp	21400000	0	40	54	PASS	PASS	PASS	PASS	FAIL	PASS	PASS	PASS	PASS	PASS	PASS
ERF_CEBPD_2_AAC_TAGAGG40NACC	/scratch/project_2013895/SELEX/data/Jolma2015/submitted_ftp/ERF_CEBPD_2_AAC_TAGAGG40NACC.fastq.gz	background	342520	13.7 Mbp	13700000	0	40	53	PASS	PASS	FAIL	PASS	WARN	PASS	WARN	PASS	PASS	PASS	PASS
ERF_EOMES_2_AAC_TGAGTC40NAAC	/scratch/project_2013895/SELEX/data/Jolma2015/submitted_ftp/ERF_EOMES_2_AAC_TGAGTC40NAAC.fastq.gz	background	466460	18.6 Mbp	18600000	0	40	54	PASS	PASS	FAIL	PASS	FAIL	PASS	WARN	PASS	PASS	PASS	PASS
ERF_ETV7_1_AAC_TTGGTG40NTAC	/scratch/project_2013895/SELEX/data/Jolma2015/submitted_ftp/ERF_ETV7_1_AAC_TTGGTG40NTAC.fastq.gz	background	552280	22 Mbp	22000000	0	40	52	PASS	PASS	PASS	PASS	FAIL	PASS	PASS	PASS	PASS	PASS	PASS
ERF_FIGLA_2_AAC_TCGAAC40NGAT	/scratch/project_2013895/SELEX/data/Jolma2015/submitted_ftp/ERF_FIGLA_2_AAC_TCGAAC40NGAT.fastq.gz	background	528731	21.1 Mbp	21100000	0	40	53	PASS	PASS	FAIL	PASS	FAIL	PASS	WARN	PASS	PASS	PASS	PASS
ERF_FOXI1_1_AAC_TAGTCA40NTCT	/scratch/project_2013895/SELEX/data/Jolma2015/submitted_ftp/ERF_FOXI1_1_AAC_TAGTCA40NTCT.fastq.gz	background	902871	36.1 Mbp	36100000	0	40	51	PASS	PASS	PASS	PASS	WARN	PASS	PASS	PASS	PASS	PASS	PASS
ERF_FOXO1_1_AAC_TATGGT40NATA	/scratch/project_2013895/SELEX/data/Jolma2015/submitted_ftp/ERF_FOXO1_1_AAC_TATGGT40NATA.fastq.gz	background	614673	24.5 Mbp	24500000	0	40	51	PASS	PASS	PASS	PASS	WARN	PASS	PASS	PASS	PASS	PASS	PASS
ERF_HOXB13_1_AAC_TGCGAC40NGGT	/scratch/project_2013895/SELEX/data/Jolma2015/submitted_ftp/ERF_HOXB13_1_AAC_TGCGAC40NGGT.fastq.gz	background	659885	26.3 Mbp	26300000	0	40	52	PASS	PASS	WARN	PASS	FAIL	PASS	PASS	PASS	PASS	PASS	PASS
ERF_MAX_2_AAC_TTAGTC40NTCC	/scratch/project_2013895/SELEX/data/Jolma2015/submitted_ftp/ERF_MAX_2_AAC_TTAGTC40NTCC.fastq.gz	background	335475	13.4 Mbp	13400000	0	40	54	PASS	PASS	FAIL	PASS	FAIL	PASS	WARN	PASS	WARN	PASS	PASS
ERF_NHLH1_2_AAC_TCTCGT40NGCC	/scratch/project_2013895/SELEX/data/Jolma2015/submitted_ftp/ERF_NHLH1_2_AAC_TCTCGT40NGCC.fastq.gz	background	428321	17.1 Mbp	17100000	0	40	52	PASS	PASS	FAIL	PASS	WARN	PASS	WARN	PASS	PASS	PASS	PASS
ZeroCycle_TCGAGT40NACT_0_0	/scratch/project_2013895/SELEX/data/input_libraries/submitted_ftp/ZeroCycle_TCGAGT40NACT_0_0.fastq.gz	background	167654	6.7 Mbp	6700000	0	40	52	PASS	PASS	FAIL	PASS	FAIL	PASS	PASS	PASS	PASS	PASS	PASS
ETV2_CEBPD_1_AAA_TGTAGA40NTGT	/scratch/project_2013895/SELEX/data/Jolma2015/submitted_ftp/ETV2_CEBPD_1_AAA_TGTAGA40NTGT.fastq.gz	background	353595	14.1 Mbp	14100000	0	40	54	PASS	PASS	PASS	PASS	FAIL	PASS	PASS	PASS	PASS	PASS	PASS
ETV2_DRGX_1_AAA_TCTTGT40NCAG	/scratch/project_2013895/SELEX/data/Jolma2015/submitted_ftp/ETV2_DRGX_1_AAA_TCTTGT40NCAG.fastq.gz	background	450001	18 Mbp	18000000	0	40	55	PASS	PASS	PASS	PASS	WARN	PASS	PASS	PASS	PASS	PASS	PASS
ETV2_EOMES_2_AAA_TCAGCA40NCTC	/scratch/project_2013895/SELEX/data/Jolma2015/submitted_ftp/ETV2_EOMES_2_AAA_TCAGCA40NCTC.fastq.gz	background	412080	16.4 Mbp	16399999.999999998	0	40	54	PASS	PASS	PASS	PASS	FAIL	PASS	PASS	PASS	PASS	PASS	PASS
ETV2_ETV7_1_AAA_TGAGGT40NTCC	/scratch/project_2013895/SELEX/data/Jolma2015/submitted_ftp/ETV2_ETV7_1_AAA_TGAGGT40NTCC.fastq.gz	background	601021	24 Mbp	24000000	0	40	51	PASS	PASS	PASS	PASS	PASS	PASS	PASS	PASS	PASS	PASS	PASS
ETV2_EVX1_2_AAA_TCTCCG40NCGC	/scratch/project_2013895/SELEX/data/Jolma2015/submitted_ftp/ETV2_EVX1_2_AAA_TCTCCG40NCGC.fastq.gz	background	518852	20.7 Mbp	20700000	0	40	53	PASS	PASS	PASS	PASS	WARN	PASS	PASS	PASS	PASS	PASS	PASS
ETV2_FIGLA_1_AAA_TGTGAT40NGCA	/scratch/project_2013895/SELEX/data/Jolma2015/submitted_ftp/ETV2_FIGLA_1_AAA_TGTGAT40NGCA.fastq.gz	background	642120	25.6 Mbp	25600000	0	40	55	PASS	PASS	PASS	PASS	FAIL	PASS	PASS	PASS	PASS	PASS	PASS
ETV2_FOXI1_2_AAA_TACATC40NATA	/scratch/project_2013895/SELEX/data/Jolma2015/submitted_ftp/ETV2_FOXI1_2_AAA_TACATC40NATA.fastq.gz	background	685272	27.4 Mbp	27400000	0	40	55	PASS	PASS	PASS	PASS	FAIL	PASS	PASS	PASS	PASS	PASS	PASS
ETV2_FOXO6_2_AAA_TCGCTA40NTCG	/scratch/project_2013895/SELEX/data/Jolma2015/submitted_ftp/ETV2_FOXO6_2_AAA_TCGCTA40NTCG.fastq.gz	background	705532	28.2 Mbp	28200000	0	40	54	PASS	PASS	PASS	PASS	FAIL	PASS	PASS	PASS	PASS	PASS	PASS
ETV2_HOXA2_2_AAA_TTAACA40NTGT	/scratch/project_2013895/SELEX/data/Jolma2015/submitted_ftp/ETV2_HOXA2_2_AAA_TTAACA40NTGT.fastq.gz	background	669201	26.7 Mbp	26700000	0	40	53	PASS	PASS	PASS	PASS	WARN	PASS	PASS	PASS	PASS	PASS	PASS
ETV2_HOXB13_2_AAA_TGTGCA40NCCG	/scratch/project_2013895/SELEX/data/Jolma2015/submitted_ftp/ETV2_HOXB13_2_AAA_TGTGCA40NCCG.fastq.gz	background	695500	27.8 Mbp	27800000	0	40	53	PASS	PASS	PASS	PASS	FAIL	PASS	PASS	PASS	PASS	PASS	PASS
ETV2_NHLH1_2_AAA_TGAGAG40NCGC	/scratch/project_2013895/SELEX/data/Jolma2015/submitted_ftp/ETV2_NHLH1_2_AAA_TGAGAG40NCGC.fastq.gz	background	614111	24.5 Mbp	24500000	0	40	56	PASS	PASS	PASS	PASS	FAIL	PASS	PASS	PASS	WARN	PASS	PASS
ETV2_ONECUT2_2_AAA_TACTAC40NGCC	/scratch/project_2013895/SELEX/data/Jolma2015/submitted_ftp/ETV2_ONECUT2_2_AAA_TACTAC40NGCC.fastq.gz	background	596296	23.8 Mbp	23800000	0	40	55	PASS	PASS	PASS	PASS	FAIL	PASS	PASS	PASS	PASS	PASS	PASS
ETV2_PAX5_2_AAA_TGGTAT40NTGA	/scratch/project_2013895/SELEX/data/Jolma2015/submitted_ftp/ETV2_PAX5_2_AAA_TGGTAT40NTGA.fastq.gz	background	480361	19.2 Mbp	19200000	0	40	56	PASS	PASS	PASS	PASS	FAIL	PASS	PASS	PASS	PASS	PASS	PASS
ETV2_SPDEF_2_AAA_TTGCAA40NGTG	/scratch/project_2013895/SELEX/data/Jolma2015/submitted_ftp/ETV2_SPDEF_2_AAA_TTGCAA40NGTG.fastq.gz	background	488300	19.5 Mbp	19500000	0	40	54	PASS	PASS	PASS	PASS	FAIL	PASS	PASS	PASS	PASS	PASS	PASS
ETV2_TBX21_2_AAA_TGTAGC40NCCT	/scratch/project_2013895/SELEX/data/Jolma2015/submitted_ftp/ETV2_TBX21_2_AAA_TGTAGC40NCCT.fastq.gz	background	580810	23.2 Mbp	23200000	0	40	56	PASS	PASS	PASS	PASS	FAIL	PASS	PASS	PASS	PASS	PASS	PASS
ETV2_TEF_2_AAA_TCAGGG40NGCA	/scratch/project_2013895/SELEX/data/Jolma2015/submitted_ftp/ETV2_TEF_2_AAA_TCAGGG40NGCA.fastq.gz	background	550918	22 Mbp	22000000	0	40	53	PASS	PASS	PASS	PASS	FAIL	PASS	PASS	PASS	PASS	PASS	PASS
ETV5_EOMES_2_AY_TACAAG40NTCC	/scratch/project_2013895/SELEX/data/Jolma2015/submitted_ftp/ETV5_EOMES_2_AY_TACAAG40NTCC.fastq.gz	background	424571	16.9 Mbp	16900000	0	40	57	PASS	PASS	PASS	PASS	FAIL	PASS	PASS	PASS	PASS	PASS	PASS
ETV5_ETV7_1_AY_TGTTAC40NCGC	/scratch/project_2013895/SELEX/data/Jolma2015/submitted_ftp/ETV5_ETV7_1_AY_TGTTAC40NCGC.fastq.gz	background	519873	20.7 Mbp	20700000	0	40	56	PASS	PASS	WARN	PASS	FAIL	PASS	PASS	PASS	PASS	PASS	PASS
ETV5_FIGLA_2_AY_TCAGCC40NTTC	/scratch/project_2013895/SELEX/data/Jolma2015/submitted_ftp/ETV5_FIGLA_2_AY_TCAGCC40NTTC.fastq.gz	background	417926	16.7 Mbp	16700000	0	40	58	PASS	PASS	PASS	PASS	FAIL	PASS	PASS	PASS	PASS	PASS	PASS
ETV5_FOXI1_1_AY_TCTATA40NTAT	/scratch/project_2013895/SELEX/data/Jolma2015/submitted_ftp/ETV5_FOXI1_1_AY_TCTATA40NTAT.fastq.gz	background	483033	19.3 Mbp	19300000	0	40	55	PASS	PASS	WARN	PASS	FAIL	PASS	PASS	PASS	PASS	PASS	PASS
ETV5_FOXI1_2_AY_TCTATA40NTAT	/scratch/project_2013895/SELEX/data/Jolma2015/submitted_ftp/ETV5_FOXI1_2_AY_TCTATA40NTAT.fastq.gz	background	442753	17.7 Mbp	17700000	0	40	55	PASS	PASS	PASS	PASS	FAIL	PASS	PASS	PASS	PASS	PASS	PASS
ETV5_HOXA2_2_AY_TCGGCG40NACG	/scratch/project_2013895/SELEX/data/Jolma2015/submitted_ftp/ETV5_HOXA2_2_AY_TCGGCG40NACG.fastq.gz	background	391826	15.6 Mbp	15600000	0	40	54	PASS	PASS	PASS	PASS	FAIL	PASS	PASS	PASS	PASS	PASS	PASS
FLI1_CEBPB_2_AAC_TTCGGG40NGAG	/scratch/project_2013895/SELEX/data/Jolma2015/submitted_ftp/FLI1_CEBPB_2_AAC_TTCGGG40NGAG.fastq.gz	background	389137	15.5 Mbp	15500000	0	40	53	PASS	PASS	FAIL	PASS	FAIL	PASS	WARN	PASS	FAIL	PASS	PASS
FLI1_DRGX_2_AAC_TCCCGC40NACA	/scratch/project_2013895/SELEX/data/Jolma2015/submitted_ftp/FLI1_DRGX_2_AAC_TCCCGC40NACA.fastq.gz	background	323143	12.9 Mbp	12900000	0	40	52	PASS	PASS	FAIL	PASS	WARN	PASS	WARN	PASS	PASS	PASS	PASS
FLI1_ETV7_1_AAC_TTTACT40NACA	/scratch/project_2013895/SELEX/data/Jolma2015/submitted_ftp/FLI1_ETV7_1_AAC_TTTACT40NACA.fastq.gz	background	621406	24.8 Mbp	24800000	0	40	52	PASS	PASS	WARN	PASS	WARN	PASS	PASS	PASS	PASS	PASS	PASS
FLI1_FIGLA_1_AAC_TTGTAC40NGTA	/scratch/project_2013895/SELEX/data/Jolma2015/submitted_ftp/FLI1_FIGLA_1_AAC_TTGTAC40NGTA.fastq.gz	background	541825	21.6 Mbp	21600000	0	40	53	PASS	PASS	PASS	PASS	WARN	PASS	PASS	PASS	PASS	PASS	PASS
FLI1_FOXI1_2_AAC_TACGGT40NTAC	/scratch/project_2013895/SELEX/data/Jolma2015/submitted_ftp/FLI1_FOXI1_2_AAC_TACGGT40NTAC.fastq.gz	background	484081	19.3 Mbp	19300000	0	40	51	PASS	PASS	FAIL	PASS	WARN	PASS	WARN	PASS	FAIL	PASS	PASS
FLI1_MAX_2_AAC_TACCAA40NTTA	/scratch/project_2013895/SELEX/data/Jolma2015/submitted_ftp/FLI1_MAX_2_AAC_TACCAA40NTTA.fastq.gz	background	279841	11.1 Mbp	11100000	0	40	51	PASS	PASS	FAIL	PASS	WARN	PASS	WARN	PASS	WARN	PASS	PASS
FOXJ2_ELF1_1_AAF_TAAGAT40NATG	/scratch/project_2013895/SELEX/data/Jolma2015/submitted_ftp/FOXJ2_ELF1_1_AAF_TAAGAT40NATG.fastq.gz	background	1828991	73.1 Mbp	73100000	0	40	44	PASS	PASS	FAIL	PASS	WARN	PASS	PASS	PASS	PASS	PASS	PASS
FOXJ3_ELF1_1_AAE_TCCGAT40NAGC	/scratch/project_2013895/SELEX/data/Jolma2015/submitted_ftp/FOXJ3_ELF1_1_AAE_TCCGAT40NAGC.fastq.gz	background	689168	27.5 Mbp	27500000	0	40	45	PASS	PASS	FAIL	PASS	WARN	PASS	PASS	PASS	PASS	PASS	PASS
FOXJ3_TBX21_2_AAE_TCCTCC40NCTC	/scratch/project_2013895/SELEX/data/Jolma2015/submitted_ftp/FOXJ3_TBX21_2_AAE_TCCTCC40NCTC.fastq.gz	background	1094122	43.7 Mbp	43700000	0	40	44	PASS	PASS	FAIL	PASS	WARN	PASS	PASS	PASS	FAIL	PASS	PASS
FOXO1_ELF1_1_AS_TTTCAC40NGTG	/scratch/project_2013895/SELEX/data/Jolma2015/submitted_ftp/FOXO1_ELF1_1_AS_TTTCAC40NGTG.fastq.gz	background	1021510	40.8 Mbp	40800000	0	40	52	PASS	PASS	PASS	PASS	WARN	PASS	PASS	PASS	PASS	PASS	PASS
FOXO1_ELK1_1_AS_TTCGCT40NCTT	/scratch/project_2013895/SELEX/data/Jolma2015/submitted_ftp/FOXO1_ELK1_1_AS_TTCGCT40NCTT.fastq.gz	background	763436	30.5 Mbp	30500000	0	40	52	PASS	PASS	PASS	PASS	WARN	PASS	PASS	PASS	PASS	PASS	PASS
FOXO1_ELK3_1_AS_TTGGGT40NGGC	/scratch/project_2013895/SELEX/data/Jolma2015/submitted_ftp/FOXO1_ELK3_1_AS_TTGGGT40NGGC.fastq.gz	background	770535	30.8 Mbp	30800000	0	40	51	PASS	PASS	PASS	PASS	WARN	PASS	PASS	PASS	PASS	PASS	PASS
FOXO1_ETV1_1_AS_TCCTGA40NCTC	/scratch/project_2013895/SELEX/data/Jolma2015/submitted_ftp/FOXO1_ETV1_1_AS_TCCTGA40NCTC.fastq.gz	background	982506	39.3 Mbp	39300000	0	40	52	PASS	PASS	PASS	PASS	WARN	PASS	PASS	PASS	PASS	PASS	PASS
FOXO1_ETV7_1_AS_TTGGTG40NTAC	/scratch/project_2013895/SELEX/data/Jolma2015/submitted_ftp/FOXO1_ETV7_1_AS_TTGGTG40NTAC.fastq.gz	background	697230	27.8 Mbp	27800000	0	40	51	PASS	PASS	PASS	PASS	WARN	PASS	PASS	PASS	PASS	PASS	PASS
GCM1_ELF1_2_AX_TTTCAC40NGTG	/scratch/project_2013895/SELEX/data/Jolma2015/submitted_ftp/GCM1_ELF1_2_AX_TTTCAC40NGTG.fastq.gz	background	459617	18.3 Mbp	18300000	0	40	58	PASS	PASS	WARN	PASS	FAIL	PASS	PASS	PASS	PASS	PASS	PASS
GCM1_ELK1_2_AU_TTCGCT40NCTT	/scratch/project_2013895/SELEX/data/Jolma2015/submitted_ftp/GCM1_ELK1_2_AU_TTCGCT40NCTT.fastq.gz	background	626675	25 Mbp	25000000	0	40	61	PASS	PASS	FAIL	PASS	FAIL	PASS	WARN	PASS	PASS	PASS	PASS
GCM1_ELK3_2_AU_TTGGGT40NGGC	/scratch/project_2013895/SELEX/data/Jolma2015/submitted_ftp/GCM1_ELK3_2_AU_TTGGGT40NGGC.fastq.gz	background	865816	34.6 Mbp	34600000	0	40	56	PASS	PASS	FAIL	PASS	FAIL	PASS	WARN	PASS	PASS	PASS	PASS
GCM1_ETV1_2_AU_TCCTGA40NCTC	/scratch/project_2013895/SELEX/data/Jolma2015/submitted_ftp/GCM1_ETV1_2_AU_TCCTGA40NCTC.fastq.gz	background	796068	31.8 Mbp	31800000	0	40	58	PASS	PASS	FAIL	PASS	FAIL	PASS	WARN	PASS	PASS	PASS	PASS
GCM1_ETV4_2_AX_TCCGTA40NGCC	/scratch/project_2013895/SELEX/data/Jolma2015/submitted_ftp/GCM1_ETV4_2_AX_TCCGTA40NGCC.fastq.gz	background	359188	14.3 Mbp	14300000	0	40	57	PASS	PASS	WARN	PASS	FAIL	PASS	PASS	PASS	PASS	PASS	PASS
GCM1_ETV7_2_AU_TTGGTG40NTAC	/scratch/project_2013895/SELEX/data/Jolma2015/submitted_ftp/GCM1_ETV7_2_AU_TTGGTG40NTAC.fastq.gz	background	893343	35.7 Mbp	35700000	0	40	57	PASS	PASS	FAIL	PASS	FAIL	PASS	WARN	PASS	PASS	PASS	PASS
GCM1_FIGLA_1_AU_TCGAAC40NGAT	/scratch/project_2013895/SELEX/data/Jolma2015/submitted_ftp/GCM1_FIGLA_1_AU_TCGAAC40NGAT.fastq.gz	background	1368161	54.7 Mbp	54700000	0	40	54	PASS	PASS	WARN	PASS	WARN	PASS	PASS	PASS	PASS	PASS	PASS
GCM1_FOXI1_1_AU_TAGTCA40NTCT	/scratch/project_2013895/SELEX/data/Jolma2015/submitted_ftp/GCM1_FOXI1_1_AU_TAGTCA40NTCT.fastq.gz	background	1245650	49.8 Mbp	49800000	0	40	54	PASS	PASS	WARN	PASS	WARN	PASS	PASS	PASS	PASS	PASS	PASS
ZeroCycle_TATGGT40NATA_0_0	/scratch/project_2013895/SELEX/data/input_libraries/submitted_ftp/ZeroCycle_TATGGT40NATA_0_0.fastq.gz	background	71194	2.8 Mbp	2800000	0	40	52	PASS	PASS	FAIL	PASS	WARN	PASS	PASS	PASS	PASS	PASS	PASS
GCM1_HOXA13_1_AU_TCCACT40NTGT	/scratch/project_2013895/SELEX/data/Jolma2015/submitted_ftp/GCM1_HOXA13_1_AU_TCCACT40NTGT.fastq.gz	background	1181017	47.2 Mbp	47200000	0	40	54	PASS	PASS	WARN	PASS	WARN	PASS	PASS	PASS	PASS	PASS	PASS
GCM1_HOXB13_1_AU_TGCGAC40NGGT	/scratch/project_2013895/SELEX/data/Jolma2015/submitted_ftp/GCM1_HOXB13_1_AU_TGCGAC40NGGT.fastq.gz	background	888573	35.5 Mbp	35500000	0	40	53	PASS	PASS	WARN	PASS	FAIL	PASS	PASS	PASS	PASS	PASS	PASS
GCM1_MAX_2_AU_TTAGTC40NTCC	/scratch/project_2013895/SELEX/data/Jolma2015/submitted_ftp/GCM1_MAX_2_AU_TTAGTC40NTCC.fastq.gz	background	875293	35 Mbp	35000000	0	40	59	PASS	PASS	FAIL	PASS	FAIL	PASS	WARN	PASS	PASS	PASS	PASS
GCM1_ONECUT2_2_AU_TCCAGG40NTAG	/scratch/project_2013895/SELEX/data/Jolma2015/submitted_ftp/GCM1_ONECUT2_2_AU_TCCAGG40NTAG.fastq.gz	background	1352115	54 Mbp	54000000	0	40	55	PASS	PASS	FAIL	PASS	FAIL	PASS	WARN	PASS	PASS	PASS	PASS
GCM1_TBX21_2_AU_TCCTAT40NAGA	/scratch/project_2013895/SELEX/data/Jolma2015/submitted_ftp/GCM1_TBX21_2_AU_TCCTAT40NAGA.fastq.gz	background	1367876	54.7 Mbp	54700000	0	40	55	PASS	PASS	FAIL	PASS	WARN	PASS	WARN	PASS	PASS	PASS	PASS
GCM2_DRGX_2_AAB_TGAGTG40NTGA	/scratch/project_2013895/SELEX/data/Jolma2015/submitted_ftp/GCM2_DRGX_2_AAB_TGAGTG40NTGA.fastq.gz	background	1243978	49.7 Mbp	49700000	0	40	50	PASS	PASS	PASS	PASS	WARN	PASS	PASS	PASS	FAIL	PASS	PASS
GCM2_ELK1_2_AAB_TGACGA40NGCA	/scratch/project_2013895/SELEX/data/Jolma2015/submitted_ftp/GCM2_ELK1_2_AAB_TGACGA40NGCA.fastq.gz	background	1420640	56.8 Mbp	56800000	0	40	45	PASS	PASS	PASS	PASS	WARN	PASS	PASS	PASS	WARN	PASS	PASS
GCM2_EOMES_2_AAB_TGTCGT40NGCG	/scratch/project_2013895/SELEX/data/Jolma2015/submitted_ftp/GCM2_EOMES_2_AAB_TGTCGT40NGCG.fastq.gz	background	1049576	41.9 Mbp	41900000	0	40	46	PASS	PASS	PASS	PASS	WARN	PASS	PASS	PASS	WARN	PASS	PASS
GCM2_FIGLA_2_AAB_TCTCTT40NTCG	/scratch/project_2013895/SELEX/data/Jolma2015/submitted_ftp/GCM2_FIGLA_2_AAB_TCTCTT40NTCG.fastq.gz	background	1921435	76.8 Mbp	76800000	0	40	48	PASS	PASS	PASS	PASS	WARN	PASS	PASS	PASS	WARN	PASS	PASS
GCM2_FOXI1_2_AAB_TGTGTC40NTGG	/scratch/project_2013895/SELEX/data/Jolma2015/submitted_ftp/GCM2_FOXI1_2_AAB_TGTGTC40NTGG.fastq.gz	background	1412759	56.5 Mbp	56500000	0	40	46	PASS	PASS	PASS	PASS	WARN	PASS	PASS	PASS	FAIL	PASS	PASS
GCM2_HOXA13_2_AAB_TCTAAT40NAAG	/scratch/project_2013895/SELEX/data/Jolma2015/submitted_ftp/GCM2_HOXA13_2_AAB_TCTAAT40NAAG.fastq.gz	background	1429653	57.1 Mbp	57100000	0	40	48	PASS	PASS	PASS	PASS	WARN	PASS	PASS	PASS	FAIL	PASS	PASS
GCM2_PITX1_2_AAB_TCTTTC40NTTG	/scratch/project_2013895/SELEX/data/Jolma2015/submitted_ftp/GCM2_PITX1_2_AAB_TCTTTC40NTTG.fastq.gz	background	1372300	54.8 Mbp	54800000	0	40	48	PASS	PASS	PASS	PASS	WARN	PASS	PASS	PASS	PASS	PASS	PASS
GCM2_TBX21_2_AAB_TGTTCA40NCTG	/scratch/project_2013895/SELEX/data/Jolma2015/submitted_ftp/GCM2_TBX21_2_AAB_TGTTCA40NCTG.fastq.gz	background	1426521	57 Mbp	57000000	0	40	45	PASS	PASS	PASS	PASS	WARN	PASS	PASS	PASS	FAIL	PASS	PASS
HOXA3_EOMES_1_AY_TGCACG40NTTG	/scratch/project_2013895/SELEX/data/Jolma2015/submitted_ftp/HOXA3_EOMES_1_AY_TGCACG40NTTG.fastq.gz	background	1089066	43.5 Mbp	43500000	0	40	50	PASS	PASS	PASS	PASS	WARN	PASS	PASS	PASS	WARN	PASS	PASS
HOXB2_ELK1_2_AY_TATGCT40NACT	/scratch/project_2013895/SELEX/data/Jolma2015/submitted_ftp/HOXB2_ELK1_2_AY_TATGCT40NACT.fastq.gz	background	436318	17.4 Mbp	17400000	0	40	49	PASS	PASS	PASS	PASS	FAIL	PASS	PASS	PASS	PASS	PASS	PASS
HOXB2_EOMES_1_AY_TCAGCA40NCTC	/scratch/project_2013895/SELEX/data/Jolma2015/submitted_ftp/HOXB2_EOMES_1_AY_TCAGCA40NCTC.fastq.gz	background	461741	18.4 Mbp	18400000	0	40	48	PASS	PASS	WARN	PASS	FAIL	PASS	PASS	PASS	PASS	PASS	PASS
HOXB2_ETV1_1_AY_TGTATA40NGGT	/scratch/project_2013895/SELEX/data/Jolma2015/submitted_ftp/HOXB2_ETV1_1_AY_TGTATA40NGGT.fastq.gz	background	393895	15.7 Mbp	15700000	0	40	49	PASS	PASS	WARN	PASS	WARN	PASS	PASS	PASS	PASS	PASS	PASS
HOXB2_ETV4_1_AY_TCCGGG40NCTC	/scratch/project_2013895/SELEX/data/Jolma2015/submitted_ftp/HOXB2_ETV4_1_AY_TCCGGG40NCTC.fastq.gz	background	451065	18 Mbp	18000000	0	40	49	PASS	PASS	WARN	PASS	WARN	PASS	PASS	PASS	PASS	PASS	PASS
HOXB2_HOXB13_2_AY_TGTGCA40NCCG	/scratch/project_2013895/SELEX/data/Jolma2015/submitted_ftp/HOXB2_HOXB13_2_AY_TGTGCA40NCCG.fastq.gz	background	499925	19.9 Mbp	19900000	0	40	47	PASS	PASS	PASS	PASS	WARN	PASS	PASS	PASS	PASS	PASS	PASS
HOXB2_PAX1_2_AY_TGAACT40NAAG	/scratch/project_2013895/SELEX/data/Jolma2015/submitted_ftp/HOXB2_PAX1_2_AY_TGAACT40NAAG.fastq.gz	background	455284	18.2 Mbp	18200000	0	40	48	PASS	PASS	PASS	PASS	WARN	PASS	PASS	PASS	PASS	PASS	PASS
HOXB2_PAX5_1_AY_TGGTAT40NTGA	/scratch/project_2013895/SELEX/data/Jolma2015/submitted_ftp/HOXB2_PAX5_1_AY_TGGTAT40NTGA.fastq.gz	background	421522	16.8 Mbp	16800000	0	40	49	PASS	PASS	WARN	PASS	WARN	PASS	PASS	PASS	PASS	PASS	PASS
HOXB2_PAX9_2_AY_TTAAAT40NAAT	/scratch/project_2013895/SELEX/data/Jolma2015/submitted_ftp/HOXB2_PAX9_2_AY_TTAAAT40NAAT.fastq.gz	background	406734	16.2 Mbp	16200000	0	40	50	PASS	PASS	PASS	PASS	FAIL	PASS	PASS	PASS	PASS	PASS	PASS
HOXB2_TBX21_1_AY_TGTAGC40NCCT	/scratch/project_2013895/SELEX/data/Jolma2015/submitted_ftp/HOXB2_TBX21_1_AY_TGTAGC40NCCT.fastq.gz	background	414091	16.5 Mbp	16500000	0	40	49	PASS	PASS	WARN	PASS	WARN	WARN	PASS	PASS	PASS	PASS	PASS
HOXB2_TBX3_1_AY_TGGCTA40NTCC	/scratch/project_2013895/SELEX/data/Jolma2015/submitted_ftp/HOXB2_TBX3_1_AY_TGGCTA40NTCC.fastq.gz	background	335301	13.4 Mbp	13400000	0	40	49	PASS	PASS	WARN	PASS	WARN	PASS	PASS	PASS	PASS	PASS	PASS
HOXD12_ELK1_1_AAB_TTCGCT40NCTT	/scratch/project_2013895/SELEX/data/Jolma2015/submitted_ftp/HOXD12_ELK1_1_AAB_TTCGCT40NCTT.fastq.gz	background	956410	38.2 Mbp	38200000	0	40	50	PASS	PASS	PASS	PASS	WARN	PASS	PASS	PASS	PASS	PASS	PASS
HOXD12_ELK3_1_AAB_TTGGGT40NGGC	/scratch/project_2013895/SELEX/data/Jolma2015/submitted_ftp/HOXD12_ELK3_1_AAB_TTGGGT40NGGC.fastq.gz	background	885205	35.4 Mbp	35400000	0	40	48	PASS	PASS	PASS	PASS	WARN	PASS	PASS	PASS	PASS	PASS	PASS
HOXD12_EOMES_2_AAB_TGAGTC40NAAC	/scratch/project_2013895/SELEX/data/Jolma2015/submitted_ftp/HOXD12_EOMES_2_AAB_TGAGTC40NAAC.fastq.gz	background	652406	26 Mbp	26000000	0	40	51	PASS	PASS	PASS	PASS	WARN	PASS	PASS	PASS	WARN	PASS	PASS
HOXD12_ETV1_2_AAB_TCCTGA40NCTC	/scratch/project_2013895/SELEX/data/Jolma2015/submitted_ftp/HOXD12_ETV1_2_AAB_TCCTGA40NCTC.fastq.gz	background	1127966	45.1 Mbp	45100000	0	40	50	PASS	PASS	PASS	PASS	WARN	PASS	PASS	PASS	FAIL	PASS	PASS
HOXD12_ETV4_2_AAB_TCCGTA40NGCC	/scratch/project_2013895/SELEX/data/Jolma2015/submitted_ftp/HOXD12_ETV4_2_AAB_TCCGTA40NGCC.fastq.gz	background	1270373	50.8 Mbp	50800000	0	40	50	PASS	PASS	PASS	PASS	WARN	PASS	PASS	PASS	FAIL	PASS	PASS
HOXD12_TBX21_1_AAB_TCCTAT40NAGA	/scratch/project_2013895/SELEX/data/Jolma2015/submitted_ftp/HOXD12_TBX21_1_AAB_TCCTAT40NAGA.fastq.gz	background	1174440	46.9 Mbp	46900000	0	40	49	PASS	PASS	PASS	PASS	WARN	PASS	PASS	PASS	WARN	PASS	PASS
MEIS1_DLX2_1_AT_TCCGCA40NCGC	/scratch/project_2013895/SELEX/data/Jolma2015/submitted_ftp/MEIS1_DLX2_1_AT_TCCGCA40NCGC.fastq.gz	background	1267963	50.7 Mbp	50700000	0	40	45	PASS	PASS	FAIL	PASS	WARN	PASS	WARN	PASS	WARN	PASS	PASS
MEIS1_DRGX_1_AT_TAGGTG40NTGT	/scratch/project_2013895/SELEX/data/Jolma2015/submitted_ftp/MEIS1_DRGX_1_AT_TAGGTG40NTGT.fastq.gz	background	1368657	54.7 Mbp	54700000	0	40	49	PASS	PASS	FAIL	PASS	FAIL	PASS	WARN	PASS	PASS	PASS	PASS
MEIS1_ELF1_1_AT_TCCGAT40NAGC	/scratch/project_2013895/SELEX/data/Jolma2015/submitted_ftp/MEIS1_ELF1_1_AT_TCCGAT40NAGC.fastq.gz	background	1316848	52.6 Mbp	52600000	0	40	47	PASS	PASS	FAIL	PASS	WARN	PASS	WARN	PASS	WARN	PASS	PASS
ZeroCycle_TCCCGA40NGCC_0_0	/scratch/project_2013895/SELEX/data/input_libraries/submitted_ftp/ZeroCycle_TCCCGA40NGCC_0_0.fastq.gz	background	142630	5.7 Mbp	5700000	0	40	49	PASS	PASS	FAIL	PASS	WARN	PASS	PASS	PASS	PASS	PASS	PASS
MEIS1_EVX1_2_AT_TCAAAA40NAAA	/scratch/project_2013895/SELEX/data/Jolma2015/submitted_ftp/MEIS1_EVX1_2_AT_TCAAAA40NAAA.fastq.gz	background	1372033	54.8 Mbp	54800000	0	40	47	PASS	PASS	PASS	PASS	WARN	PASS	PASS	PASS	WARN	PASS	PASS
MEIS1_HOXA13_2_AT_TACAAA40NAAC	/scratch/project_2013895/SELEX/data/Jolma2015/submitted_ftp/MEIS1_HOXA13_2_AT_TACAAA40NAAC.fastq.gz	background	1523197	60.9 Mbp	60900000	0	40	48	PASS	PASS	PASS	PASS	WARN	PASS	PASS	PASS	PASS	PASS	PASS
MEIS1_ONECUT2_2_AT_TCCCTC40NTCC	/scratch/project_2013895/SELEX/data/Jolma2015/submitted_ftp/MEIS1_ONECUT2_2_AT_TCCCTC40NTCC.fastq.gz	background	1028651	41.1 Mbp	41100000	0	40	46	PASS	PASS	PASS	PASS	FAIL	PASS	PASS	PASS	WARN	PASS	PASS
MEIS2_ONECUT2_1_AAA_TGTTTC40NTTA	/scratch/project_2013895/SELEX/data/Jolma2015/submitted_ftp/MEIS2_ONECUT2_1_AAA_TGTTTC40NTTA.fastq.gz	background	503190	20.1 Mbp	20100000	0	40	48	PASS	PASS	PASS	PASS	WARN	PASS	PASS	PASS	WARN	PASS	PASS
MGA_DLX2_1_AAD_TGCGGT40NTCA	/scratch/project_2013895/SELEX/data/Jolma2015/submitted_ftp/MGA_DLX2_1_AAD_TGCGGT40NTCA.fastq.gz	background	417627	16.7 Mbp	16700000	0	40	55	PASS	PASS	FAIL	PASS	FAIL	PASS	WARN	PASS	FAIL	PASS	PASS
MGA_DLX3_1_AAD_TGGGTG40NGGA	/scratch/project_2013895/SELEX/data/Jolma2015/submitted_ftp/MGA_DLX3_1_AAD_TGGGTG40NGGA.fastq.gz	background	496077	19.8 Mbp	19800000	0	40	54	PASS	PASS	FAIL	PASS	FAIL	PASS	WARN	PASS	FAIL	PASS	PASS
MGA_EVX1_1_AAD_TCGTGA40NGTC	/scratch/project_2013895/SELEX/data/Jolma2015/submitted_ftp/MGA_EVX1_1_AAD_TCGTGA40NGTC.fastq.gz	background	159922	6.3 Mbp	6300000	0	40	51	PASS	PASS	FAIL	PASS	FAIL	PASS	WARN	PASS	FAIL	PASS	PASS
MGA_PITX1_1_AAD_TTCATT40NTAT	/scratch/project_2013895/SELEX/data/Jolma2015/submitted_ftp/MGA_PITX1_1_AAD_TTCATT40NTAT.fastq.gz	background	311976	12.4 Mbp	12400000	0	40	55	PASS	PASS	FAIL	PASS	FAIL	PASS	WARN	PASS	WARN	PASS	PASS
ZeroCycle_TATGAC40NTCA_0_0	/scratch/project_2013895/SELEX/data/input_libraries/submitted_ftp/ZeroCycle_TATGAC40NTCA_0_0.fastq.gz	background	329077	13.1 Mbp	13100000	0	40	56	PASS	PASS	FAIL	PASS	FAIL	PASS	PASS	PASS	PASS	PASS	PASS
MYBL1_EOMES_2_AX_TACAAG40NTCC	/scratch/project_2013895/SELEX/data/Jolma2015/submitted_ftp/MYBL1_EOMES_2_AX_TACAAG40NTCC.fastq.gz	background	501621	20 Mbp	20000000	0	40	57	PASS	PASS	WARN	PASS	FAIL	PASS	PASS	PASS	PASS	PASS	PASS
MYBL1_TBX21_1_AX_TTTCTG40NTAG	/scratch/project_2013895/SELEX/data/Jolma2015/submitted_ftp/MYBL1_TBX21_1_AX_TTTCTG40NTAG.fastq.gz	background	392093	15.6 Mbp	15600000	0	40	57	PASS	PASS	PASS	PASS	FAIL	PASS	PASS	PASS	PASS	PASS	PASS
PBX4_HOXA1_1_AS_TTCTGT40NAAC	/scratch/project_2013895/SELEX/data/Jolma2015/submitted_ftp/PBX4_HOXA1_1_AS_TTCTGT40NAAC.fastq.gz	background	958191	38.3 Mbp	38300000	0	40	51	PASS	PASS	PASS	PASS	WARN	PASS	PASS	PASS	PASS	PASS	PASS
PBX4_HOXA10_1_AS_TGACAA40NACT	/scratch/project_2013895/SELEX/data/Jolma2015/submitted_ftp/PBX4_HOXA10_1_AS_TGACAA40NACT.fastq.gz	background	1029538	41.1 Mbp	41100000	0	40	51	PASS	PASS	PASS	PASS	FAIL	PASS	PASS	PASS	PASS	PASS	PASS
POU2F1_EOMES_1_AS_TGTCGT40NGCG	/scratch/project_2013895/SELEX/data/Jolma2015/submitted_ftp/POU2F1_EOMES_1_AS_TGTCGT40NGCG.fastq.gz	background	616374	24.6 Mbp	24600000	0	40	42	PASS	PASS	PASS	PASS	WARN	PASS	PASS	PASS	WARN	PASS	PASS
POU2F1_ETV4_1_AX_TAGAAC40NAAT	/scratch/project_2013895/SELEX/data/Jolma2015/submitted_ftp/POU2F1_ETV4_1_AX_TAGAAC40NAAT.fastq.gz	background	396693	15.8 Mbp	15800000	0	40	47	PASS	PASS	PASS	PASS	WARN	PASS	PASS	PASS	FAIL	PASS	PASS
POU2F1_GSC2_1_AS_TGCCAT40NACC	/scratch/project_2013895/SELEX/data/Jolma2015/submitted_ftp/POU2F1_GSC2_1_AS_TGCCAT40NACC.fastq.gz	background	615741	24.6 Mbp	24600000	0	40	42	PASS	PASS	PASS	PASS	WARN	PASS	PASS	PASS	PASS	PASS	PASS
POU2F1_HOXB13_1_AX_TACATT40NTAC	/scratch/project_2013895/SELEX/data/Jolma2015/submitted_ftp/POU2F1_HOXB13_1_AX_TACATT40NTAC.fastq.gz	background	655645	26.2 Mbp	26200000	0	40	40	PASS	PASS	PASS	PASS	WARN	PASS	PASS	PASS	PASS	PASS	PASS
POU2F1_SOX15_1_AS_TCGCCA40NCCT	/scratch/project_2013895/SELEX/data/Jolma2015/submitted_ftp/POU2F1_SOX15_1_AS_TCGCCA40NCCT.fastq.gz	background	162952	6.5 Mbp	6500000	0	40	41	PASS	PASS	PASS	PASS	WARN	PASS	PASS	PASS	WARN	PASS	PASS
POU2F1_SOX2_1_AS_TGCTCG40NCTC	/scratch/project_2013895/SELEX/data/Jolma2015/submitted_ftp/POU2F1_SOX2_1_AS_TGCTCG40NCTC.fastq.gz	background	650883	26 Mbp	26000000	0	40	45	PASS	PASS	PASS	PASS	WARN	PASS	PASS	PASS	PASS	PASS	PASS
POU2F1_TBX21_1_AS_TGTTCA40NCTG	/scratch/project_2013895/SELEX/data/Jolma2015/submitted_ftp/POU2F1_TBX21_1_AS_TGTTCA40NCTG.fastq.gz	background	154663	6.1 Mbp	6100000	0	40	41	PASS	PASS	PASS	PASS	WARN	PASS	PASS	PASS	WARN	PASS	PASS
RFX3_BHLHA15_2_AY_TTCTTT40NCAG	/scratch/project_2013895/SELEX/data/Jolma2015/submitted_ftp/RFX3_BHLHA15_2_AY_TTCTTT40NCAG.fastq.gz	background	436773	17.4 Mbp	17400000	0	40	52	PASS	PASS	PASS	PASS	WARN	PASS	PASS	PASS	PASS	PASS	PASS
RFX3_SREBF2_2_AY_TAAAGG40NGAC	/scratch/project_2013895/SELEX/data/Jolma2015/submitted_ftp/RFX3_SREBF2_2_AY_TAAAGG40NGAC.fastq.gz	background	340727	13.6 Mbp	13600000	0	40	54	PASS	PASS	PASS	PASS	WARN	PASS	PASS	PASS	PASS	PASS	PASS
TEAD4_CEBPD_2_AY_TGAGGC40NGGA	/scratch/project_2013895/SELEX/data/Jolma2015/submitted_ftp/TEAD4_CEBPD_2_AY_TGAGGC40NGGA.fastq.gz	background	482858	19.3 Mbp	19300000	0	40	44	PASS	PASS	PASS	PASS	FAIL	PASS	PASS	PASS	PASS	PASS	PASS
TEAD4_DRGX_2_AY_TGAGTG40NTGA	/scratch/project_2013895/SELEX/data/Jolma2015/submitted_ftp/TEAD4_DRGX_2_AY_TGAGTG40NTGA.fastq.gz	background	457784	18.3 Mbp	18300000	0	40	43	PASS	PASS	PASS	PASS	FAIL	PASS	PASS	PASS	PASS	PASS	PASS
TEAD4_ELF1_1_AY_TGTGAG40NAGG	/scratch/project_2013895/SELEX/data/Jolma2015/submitted_ftp/TEAD4_ELF1_1_AY_TGTGAG40NAGG.fastq.gz	background	451381	18 Mbp	18000000	0	40	44	PASS	PASS	WARN	PASS	WARN	PASS	PASS	PASS	PASS	PASS	PASS
TEAD4_ELK1_2_AY_TGACGA40NGCA	/scratch/project_2013895/SELEX/data/Jolma2015/submitted_ftp/TEAD4_ELK1_2_AY_TGACGA40NGCA.fastq.gz	background	323578	12.9 Mbp	12900000	0	40	44	PASS	PASS	PASS	PASS	WARN	PASS	PASS	PASS	PASS	PASS	PASS
TEAD4_EOMES_2_AY_TGTCGT40NGCG	/scratch/project_2013895/SELEX/data/Jolma2015/submitted_ftp/TEAD4_EOMES_2_AY_TGTCGT40NGCG.fastq.gz	background	444887	17.7 Mbp	17700000	0	40	45	PASS	PASS	PASS	PASS	WARN	PASS	PASS	PASS	PASS	PASS	PASS
TEAD4_ERG_2_AY_TGCCGC40NGCC	/scratch/project_2013895/SELEX/data/Jolma2015/submitted_ftp/TEAD4_ERG_2_AY_TGCCGC40NGCC.fastq.gz	background	402594	16.1 Mbp	16100000.000000002	0	40	45	PASS	PASS	PASS	PASS	WARN	PASS	PASS	PASS	PASS	PASS	PASS
TEAD4_ETV1_1_AY_TGCGAA40NAGC	/scratch/project_2013895/SELEX/data/Jolma2015/submitted_ftp/TEAD4_ETV1_1_AY_TGCGAA40NAGC.fastq.gz	background	462348	18.4 Mbp	18400000	0	40	44	PASS	PASS	WARN	PASS	WARN	PASS	PASS	PASS	PASS	PASS	PASS
TEAD4_ETV4_2_AY_TGAAAC40NAAA	/scratch/project_2013895/SELEX/data/Jolma2015/submitted_ftp/TEAD4_ETV4_2_AY_TGAAAC40NAAA.fastq.gz	background	376216	15 Mbp	15000000	0	40	44	PASS	PASS	PASS	PASS	FAIL	PASS	PASS	PASS	PASS	PASS	PASS
TEAD4_ETV7_2_AY_TGCAGA40NGAC	/scratch/project_2013895/SELEX/data/Jolma2015/submitted_ftp/TEAD4_ETV7_2_AY_TGCAGA40NGAC.fastq.gz	background	389271	15.5 Mbp	15500000	0	40	46	PASS	PASS	PASS	PASS	WARN	PASS	PASS	PASS	PASS	PASS	PASS
TEAD4_GSC2_2_AX_TCAAGA40NCGC	/scratch/project_2013895/SELEX/data/Jolma2015/submitted_ftp/TEAD4_GSC2_2_AX_TCAAGA40NCGC.fastq.gz	background	378901	15.1 Mbp	15100000	0	40	53	PASS	PASS	WARN	PASS	FAIL	PASS	PASS	PASS	PASS	PASS	PASS
TEAD4_HOXA13_1_AX_TTTCAA40NTGA	/scratch/project_2013895/SELEX/data/Jolma2015/submitted_ftp/TEAD4_HOXA13_1_AX_TTTCAA40NTGA.fastq.gz	background	415352	16.6 Mbp	16600000.000000002	0	40	53	PASS	PASS	PASS	PASS	WARN	PASS	PASS	PASS	PASS	PASS	PASS
TEAD4_HOXB13_2_AY_TCTATG40NTAG	/scratch/project_2013895/SELEX/data/Jolma2015/submitted_ftp/TEAD4_HOXB13_2_AY_TCTATG40NTAG.fastq.gz	background	397034	15.8 Mbp	15800000	0	40	43	PASS	PASS	PASS	PASS	WARN	PASS	PASS	PASS	PASS	PASS	PASS
TEAD4_MAX_2_AY_TGCCTG40NTCC	/scratch/project_2013895/SELEX/data/Jolma2015/submitted_ftp/TEAD4_MAX_2_AY_TGCCTG40NTCC.fastq.gz	background	499466	19.9 Mbp	19900000	0	40	46	PASS	PASS	PASS	PASS	FAIL	PASS	PASS	PASS	PASS	PASS	PASS
TEAD4_ONECUT2_2_AX_TACTAC40NGCC	/scratch/project_2013895/SELEX/data/Jolma2015/submitted_ftp/TEAD4_ONECUT2_2_AX_TACTAC40NGCC.fastq.gz	background	429129	17.1 Mbp	17100000	0	40	54	PASS	PASS	WARN	PASS	FAIL	PASS	PASS	PASS	PASS	PASS	PASS
TEAD4_SPDEF_2_AY_TGGAGC40NGAT	/scratch/project_2013895/SELEX/data/Jolma2015/submitted_ftp/TEAD4_SPDEF_2_AY_TGGAGC40NGAT.fastq.gz	background	383590	15.3 Mbp	15300000	0	40	45	PASS	PASS	PASS	PASS	WARN	PASS	PASS	PASS	PASS	PASS	PASS
TEAD4_SPIB_1_AY_TGGCCC40NCCT	/scratch/project_2013895/SELEX/data/Jolma2015/submitted_ftp/TEAD4_SPIB_1_AY_TGGCCC40NCCT.fastq.gz	background	353426	14.1 Mbp	14100000	0	40	47	PASS	PASS	WARN	PASS	PASS	PASS	PASS	PASS	PASS	PASS	PASS
TEAD4_TBX21_2_AY_TGTTCA40NCTG	/scratch/project_2013895/SELEX/data/Jolma2015/submitted_ftp/TEAD4_TBX21_2_AY_TGTTCA40NCTG.fastq.gz	background	429676	17.1 Mbp	17100000	0	40	44	PASS	PASS	PASS	PASS	WARN	PASS	PASS	PASS	PASS	PASS	PASS
TEAD4_TCF3_2_AY_TCGTTA40NTTT	/scratch/project_2013895/SELEX/data/Jolma2015/submitted_ftp/TEAD4_TCF3_2_AY_TCGTTA40NTTT.fastq.gz	background	414075	16.5 Mbp	16500000	0	40	47	PASS	PASS	PASS	PASS	FAIL	PASS	PASS	PASS	PASS	PASS	PASS
TFAP2C_DRGX_2_AY_TGATCA40NAGG	/scratch/project_2013895/SELEX/data/Jolma2015/submitted_ftp/TFAP2C_DRGX_2_AY_TGATCA40NAGG.fastq.gz	background	1289991	51.5 Mbp	51500000	0	40	57	PASS	PASS	PASS	PASS	FAIL	PASS	PASS	PASS	PASS	PASS	PASS
TFAP2C_E2F8_2_AY_TGCGCG40NTAG	/scratch/project_2013895/SELEX/data/Jolma2015/submitted_ftp/TFAP2C_E2F8_2_AY_TGCGCG40NTAG.fastq.gz	background	1012114	40.4 Mbp	40400000	0	40	56	PASS	PASS	PASS	PASS	FAIL	PASS	PASS	PASS	PASS	PASS	PASS
TFAP2C_ELK1_2_AY_TTCGCT40NCTT	/scratch/project_2013895/SELEX/data/Jolma2015/submitted_ftp/TFAP2C_ELK1_2_AY_TTCGCT40NCTT.fastq.gz	background	1174669	46.9 Mbp	46900000	0	40	60	PASS	PASS	PASS	PASS	FAIL	PASS	PASS	PASS	WARN	PASS	PASS
TFAP2C_HOXB13_2_AY_TGCGAC40NGGT	/scratch/project_2013895/SELEX/data/Jolma2015/submitted_ftp/TFAP2C_HOXB13_2_AY_TGCGAC40NGGT.fastq.gz	background	1118474	44.7 Mbp	44700000	0	40	56	PASS	PASS	PASS	PASS	FAIL	PASS	PASS	PASS	PASS	PASS	PASS
TFAP4_ETV1_1_AW_TTGCGA40NGTA	/scratch/project_2013895/SELEX/data/Jolma2015/submitted_ftp/TFAP4_ETV1_1_AW_TTGCGA40NGTA.fastq.gz	background	1787640	71.5 Mbp	71500000	0	40	57	PASS	PASS	FAIL	PASS	FAIL	PASS	PASS	PASS	PASS	PASS	PASS
TFAP4_ETV4_1_AW_TTCTAA40NAAT	/scratch/project_2013895/SELEX/data/Jolma2015/submitted_ftp/TFAP4_ETV4_1_AW_TTCTAA40NAAT.fastq.gz	background	1563553	62.5 Mbp	62500000	0	40	58	PASS	PASS	FAIL	PASS	FAIL	PASS	PASS	PASS	PASS	PASS	PASS
TFAP4_FLI1_1_AW_TAGTAG40NGTT	/scratch/project_2013895/SELEX/data/Jolma2015/submitted_ftp/TFAP4_FLI1_1_AW_TAGTAG40NGTT.fastq.gz	background	1263585	50.5 Mbp	50500000	0	40	58	PASS	PASS	FAIL	PASS	FAIL	PASS	PASS	PASS	PASS	PASS	PASS
ZeroCycle_TCTTAC40NGCG_0_0	/scratch/project_2013895/SELEX/data/input_libraries/submitted_ftp/ZeroCycle_TCTTAC40NGCG_0_0.fastq.gz	background	250677	10 Mbp	10000000	0	40	49	PASS	PASS	FAIL	PASS	PASS	PASS	PASS	PASS	PASS	PASS	PASS
CLOCK_EVX1_1_AX_TCTTAC40NGCG	/scratch/project_2013895/SELEX/data/Jolma2015/submitted_ftp/CLOCK_EVX1_1_AX_TCTTAC40NGCG.fastq.gz	background	395960	15.8 Mbp	15800000	0	40	49	PASS	PASS	PASS	PASS	PASS	PASS	PASS	PASS	WARN	PASS	PASS
ZeroCycle_TAGCCG40NGAA_0_0	/scratch/project_2013895/SELEX/data/input_libraries/submitted_ftp/ZeroCycle_TAGCCG40NGAA_0_0.fastq.gz	background	174948	6.9 Mbp	6900000	0	40	53	PASS	PASS	FAIL	PASS	WARN	PASS	PASS	PASS	PASS	PASS	PASS
ERF_SREBF2_1_AAC_TCTTTG40NACT	/scratch/project_2013895/SELEX/data/Jolma2015/submitted_ftp/ERF_SREBF2_1_AAC_TCTTTG40NACT.fastq.gz	background	600616	24 Mbp	24000000	0	40	52	PASS	PASS	PASS	PASS	FAIL	PASS	PASS	PASS	PASS	PASS	PASS
ERF_TBX21_1_AAC_TCCTAT40NAGA	/scratch/project_2013895/SELEX/data/Jolma2015/submitted_ftp/ERF_TBX21_1_AAC_TCCTAT40NAGA.fastq.gz	background	583917	23.3 Mbp	23300000	0	40	51	PASS	PASS	WARN	PASS	WARN	PASS	PASS	PASS	PASS	PASS	PASS
ETV2_SREBF2_1_AAA_TAAAGT40NAGC	/scratch/project_2013895/SELEX/data/Jolma2015/submitted_ftp/ETV2_SREBF2_1_AAA_TAAAGT40NAGC.fastq.gz	background	608613	24.3 Mbp	24300000	0	40	55	PASS	PASS	PASS	PASS	FAIL	PASS	PASS	PASS	PASS	PASS	PASS
ETV5_CEBPD_1_AY_TGCAAA40NGAA	/scratch/project_2013895/SELEX/data/Jolma2015/submitted_ftp/ETV5_CEBPD_1_AY_TGCAAA40NGAA.fastq.gz	background	384243	15.3 Mbp	15300000	0	40	57	PASS	PASS	WARN	PASS	FAIL	PASS	PASS	PASS	PASS	PASS	PASS
ETV5_DRGX_2_AY_TGATCG40NATC	/scratch/project_2013895/SELEX/data/Jolma2015/submitted_ftp/ETV5_DRGX_2_AY_TGATCG40NATC.fastq.gz	background	464429	18.5 Mbp	18500000	0	40	54	PASS	PASS	PASS	PASS	FAIL	PASS	PASS	PASS	PASS	PASS	PASS
ETV5_EVX1_2_AY_TCGTGA40NGTC	/scratch/project_2013895/SELEX/data/Jolma2015/submitted_ftp/ETV5_EVX1_2_AY_TCGTGA40NGTC.fastq.gz	background	340462	13.6 Mbp	13600000	0	40	55	PASS	PASS	PASS	PASS	FAIL	PASS	PASS	PASS	PASS	PASS	PASS
ETV5_FOXO1_1_AY_TGGCTG40NAGA	/scratch/project_2013895/SELEX/data/Jolma2015/submitted_ftp/ETV5_FOXO1_1_AY_TGGCTG40NAGA.fastq.gz	background	379563	15.1 Mbp	15100000	0	40	55	PASS	PASS	WARN	PASS	FAIL	PASS	PASS	PASS	PASS	PASS	PASS
ETV5_HOXA13_2_AY_TACTTT40NTCT	/scratch/project_2013895/SELEX/data/Jolma2015/submitted_ftp/ETV5_HOXA13_2_AY_TACTTT40NTCT.fastq.gz	background	353399	14.1 Mbp	14100000	0	40	57	PASS	PASS	PASS	PASS	FAIL	PASS	PASS	PASS	PASS	PASS	PASS
ETV5_HOXB13_2_AY_TTGTTC40NAAG	/scratch/project_2013895/SELEX/data/Jolma2015/submitted_ftp/ETV5_HOXB13_2_AY_TTGTTC40NAAG.fastq.gz	background	501972	20 Mbp	20000000	0	40	56	PASS	PASS	PASS	PASS	FAIL	PASS	PASS	PASS	PASS	PASS	PASS
ZeroCycle_TTGATG40NATC_0_0	/scratch/project_2013895/SELEX/data/input_libraries/submitted_ftp/ZeroCycle_TTGATG40NATC_0_0.fastq.gz	background	138367	5.5 Mbp	5500000	0	40	50	PASS	PASS	FAIL	PASS	WARN	PASS	PASS	PASS	PASS	PASS	PASS
FLI1_CEBPD_2_AAC_TTGGCC40NTCG	/scratch/project_2013895/SELEX/data/Jolma2015/submitted_ftp/FLI1_CEBPD_2_AAC_TTGGCC40NTCG.fastq.gz	background	343239	13.7 Mbp	13700000	0	40	51	PASS	PASS	FAIL	PASS	WARN	PASS	WARN	PASS	PASS	PASS	PASS
FLI1_HOXB13_1_AAC_TCGGTG40NCAA	/scratch/project_2013895/SELEX/data/Jolma2015/submitted_ftp/FLI1_HOXB13_1_AAC_TCGGTG40NCAA.fastq.gz	background	463716	18.5 Mbp	18500000	0	40	51	PASS	PASS	PASS	PASS	WARN	PASS	PASS	PASS	PASS	PASS	PASS
FLI1_TCF3_1_AAC_TGAGTT40NCGG	/scratch/project_2013895/SELEX/data/Jolma2015/submitted_ftp/FLI1_TCF3_1_AAC_TGAGTT40NCGG.fastq.gz	background	464972	18.5 Mbp	18500000	0	40	50	PASS	PASS	WARN	PASS	WARN	PASS	PASS	PASS	PASS	PASS	PASS
FOXJ2_HOXB13_1_AAF_TACGCA40NAAT	/scratch/project_2013895/SELEX/data/Jolma2015/submitted_ftp/FOXJ2_HOXB13_1_AAF_TACGCA40NAAT.fastq.gz	background	1735528	69.4 Mbp	69400000	0	40	45	PASS	PASS	FAIL	PASS	WARN	PASS	PASS	PASS	PASS	PASS	PASS
ZeroCycle_TACGCA40NAAT_0_0	/scratch/project_2013895/SELEX/data/input_libraries/submitted_ftp/ZeroCycle_TACGCA40NAAT_0_0.fastq.gz	background	375382	15 Mbp	15000000	0	40	51	PASS	PASS	FAIL	PASS	WARN	PASS	PASS	PASS	PASS	PASS	PASS
FOXJ2_PITX1_1_AAF_TGGCAG40NCCT	/scratch/project_2013895/SELEX/data/Jolma2015/submitted_ftp/FOXJ2_PITX1_1_AAF_TGGCAG40NCCT.fastq.gz	background	1652737	66.1 Mbp	66099999.99999999	0	40	45	PASS	PASS	FAIL	PASS	WARN	PASS	PASS	PASS	WARN	PASS	PASS
ZeroCycle_TCCGTA40NGCC_0_0	/scratch/project_2013895/SELEX/data/input_libraries/submitted_ftp/ZeroCycle_TCCGTA40NGCC_0_0.fastq.gz	background	212311	8.4 Mbp	8400000	0	40	52	PASS	PASS	FAIL	PASS	WARN	PASS	PASS	PASS	PASS	PASS	PASS
FOXO1_FLI1_2_AS_TGGCGA40NTTA	/scratch/project_2013895/SELEX/data/Jolma2015/submitted_ftp/FOXO1_FLI1_2_AS_TGGCGA40NTTA.fastq.gz	background	536088	21.4 Mbp	21400000	0	40	48	PASS	PASS	FAIL	PASS	FAIL	PASS	PASS	PASS	PASS	PASS	PASS
ZeroCycle_TTTCTT40NTAC_0_0	/scratch/project_2013895/SELEX/data/input_libraries/submitted_ftp/ZeroCycle_TTTCTT40NTAC_0_0.fastq.gz	background	133743	5.3 Mbp	5300000	0	40	53	PASS	PASS	FAIL	PASS	WARN	PASS	PASS	PASS	PASS	PASS	PASS
FOXO1_HOXB13_1_AS_TGCGAC40NGGT	/scratch/project_2013895/SELEX/data/Jolma2015/submitted_ftp/FOXO1_HOXB13_1_AS_TGCGAC40NGGT.fastq.gz	background	896927	35.8 Mbp	35800000	0	40	50	PASS	PASS	PASS	PASS	WARN	PASS	PASS	PASS	PASS	PASS	PASS
FOXO1_SPDEF_1_AS_TTCTAC40NCGA	/scratch/project_2013895/SELEX/data/Jolma2015/submitted_ftp/FOXO1_SPDEF_1_AS_TTCTAC40NCGA.fastq.gz	background	718272	28.7 Mbp	28700000	0	40	51	PASS	PASS	PASS	PASS	WARN	PASS	PASS	PASS	PASS	PASS	PASS
GCM2_E2F8_2_AAB_TGTTAT40NATG	/scratch/project_2013895/SELEX/data/Jolma2015/submitted_ftp/GCM2_E2F8_2_AAB_TGTTAT40NATG.fastq.gz	background	1386689	55.4 Mbp	55400000	0	40	47	PASS	PASS	PASS	PASS	WARN	PASS	PASS	PASS	WARN	PASS	PASS
HOXB13_ELK1_1_AAD_TTGCCA40NGTG	/scratch/project_2013895/SELEX/data/Jolma2015/submitted_ftp/HOXB13_ELK1_1_AAD_TTGCCA40NGTG.fastq.gz	background	473734	18.9 Mbp	18900000	0	40	46	PASS	PASS	FAIL	PASS	WARN	PASS	WARN	PASS	PASS	PASS	PASS
ZeroCycle_TCGTTT40NGTC_0_0	/scratch/project_2013895/SELEX/data/input_libraries/submitted_ftp/ZeroCycle_TCGTTT40NGTC_0_0.fastq.gz	background	349655	13.9 Mbp	13900000	0	40	49	PASS	PASS	FAIL	PASS	FAIL	PASS	PASS	PASS	PASS	PASS	PASS
HOXB13_ETV1_1_AAD_TCTACT40NACA	/scratch/project_2013895/SELEX/data/Jolma2015/submitted_ftp/HOXB13_ETV1_1_AAD_TCTACT40NACA.fastq.gz	background	549162	21.9 Mbp	21900000	0	40	45	PASS	PASS	FAIL	PASS	PASS	PASS	WARN	PASS	PASS	PASS	PASS
HOXB13_ONECUT2_1_AAD_TGTTTC40NTTA	/scratch/project_2013895/SELEX/data/Jolma2015/submitted_ftp/HOXB13_ONECUT2_1_AAD_TGTTTC40NTTA.fastq.gz	background	493087	19.7 Mbp	19700000	0	40	42	PASS	PASS	FAIL	PASS	FAIL	PASS	WARN	PASS	PASS	PASS	PASS
HOXB13_TBX21_2_AAD_TTCATC40NCTT	/scratch/project_2013895/SELEX/data/Jolma2015/submitted_ftp/HOXB13_TBX21_2_AAD_TTCATC40NCTT.fastq.gz	background	536083	21.4 Mbp	21400000	0	40	48	PASS	PASS	WARN	PASS	WARN	WARN	PASS	PASS	PASS	PASS	PASS
ZeroCycle_TTCATC40NCTT_0_0	/scratch/project_2013895/SELEX/data/input_libraries/submitted_ftp/ZeroCycle_TTCATC40NCTT_0_0.fastq.gz	background	366764	14.6 Mbp	14600000	0	40	50	PASS	PASS	FAIL	PASS	WARN	PASS	PASS	PASS	PASS	PASS	PASS
HOXB13_TBX3_1_AAD_TGGCCA40NTTC	/scratch/project_2013895/SELEX/data/Jolma2015/submitted_ftp/HOXB13_TBX3_1_AAD_TGGCCA40NTTC.fastq.gz	background	405144	16.2 Mbp	16200000	0	40	45	PASS	PASS	FAIL	PASS	PASS	PASS	WARN	PASS	PASS	PASS	PASS
HOXB2_ELK3_2_AY_TGCAGT40NAAG	/scratch/project_2013895/SELEX/data/Jolma2015/submitted_ftp/HOXB2_ELK3_2_AY_TGCAGT40NAAG.fastq.gz	background	343191	13.7 Mbp	13700000	0	40	47	PASS	PASS	PASS	PASS	PASS	PASS	PASS	PASS	PASS	PASS	PASS
HOXB2_ETV7_2_AY_TGAGGT40NTCC	/scratch/project_2013895/SELEX/data/Jolma2015/submitted_ftp/HOXB2_ETV7_2_AY_TGAGGT40NTCC.fastq.gz	background	405328	16.2 Mbp	16200000	0	40	47	PASS	PASS	PASS	PASS	PASS	PASS	PASS	PASS	PASS	PASS	PASS
HOXB2_PITX1_2_AY_TGGCCT40NTAT	/scratch/project_2013895/SELEX/data/Jolma2015/submitted_ftp/HOXB2_PITX1_2_AY_TGGCCT40NTAT.fastq.gz	background	493956	19.7 Mbp	19700000	0	40	49	PASS	PASS	PASS	PASS	WARN	PASS	PASS	PASS	PASS	PASS	PASS
HOXC10_EOMES_1_AZ_TCTTCG40NGAT	/scratch/project_2013895/SELEX/data/Jolma2015/submitted_ftp/HOXC10_EOMES_1_AZ_TCTTCG40NGAT.fastq.gz	background	1183836	47.3 Mbp	47300000	0	40	46	PASS	PASS	PASS	PASS	WARN	PASS	PASS	PASS	PASS	PASS	PASS
HOXC10_TBX21_2_AZ_TGGCAC40NAAG	/scratch/project_2013895/SELEX/data/Jolma2015/submitted_ftp/HOXC10_TBX21_2_AZ_TGGCAC40NAAG.fastq.gz	background	969688	38.7 Mbp	38700000	0	40	48	PASS	PASS	PASS	PASS	WARN	PASS	PASS	PASS	PASS	PASS	PASS
HOXD12_HOXA3_2_AAB_TCTGTG40NAGA	/scratch/project_2013895/SELEX/data/Jolma2015/submitted_ftp/HOXD12_HOXA3_2_AAB_TCTGTG40NAGA.fastq.gz	background	1378435	55.1 Mbp	55100000	0	40	49	PASS	PASS	PASS	PASS	FAIL	PASS	PASS	PASS	FAIL	PASS	PASS
MYBL1_ONECUT2_2_AX_TCTACC40NTAG	/scratch/project_2013895/SELEX/data/Jolma2015/submitted_ftp/MYBL1_ONECUT2_2_AX_TCTACC40NTAG.fastq.gz	background	399792	15.9 Mbp	15900000	0	40	58	PASS	PASS	WARN	PASS	FAIL	PASS	PASS	PASS	PASS	PASS	PASS
RFX3_ETV7_1_AY_TCGTCT40NCTA	/scratch/project_2013895/SELEX/data/Jolma2015/submitted_ftp/RFX3_ETV7_1_AY_TCGTCT40NCTA.fastq.gz	background	323386	12.9 Mbp	12900000	0	40	51	PASS	PASS	WARN	PASS	FAIL	PASS	PASS	PASS	PASS	PASS	PASS
TEAD4_FLI1_2_AY_TGGCGG40NGCT	/scratch/project_2013895/SELEX/data/Jolma2015/submitted_ftp/TEAD4_FLI1_2_AY_TGGCGG40NGCT.fastq.gz	background	393514	15.7 Mbp	15700000	0	40	45	PASS	PASS	PASS	PASS	WARN	PASS	PASS	PASS	PASS	PASS	PASS
TFAP2C_ETV7_1_AY_TTGGTG40NTAC	/scratch/project_2013895/SELEX/data/Jolma2015/submitted_ftp/TFAP2C_ETV7_1_AY_TTGGTG40NTAC.fastq.gz	background	1115390	44.6 Mbp	44600000	0	40	55	PASS	PASS	PASS	PASS	FAIL	PASS	PASS	PASS	PASS	PASS	PASS
ARNTL_PITX1_2_AAC_TCTTTC40NTTG	/scratch/project_2013895/SELEX/data/Jolma2015/submitted_ftp/ARNTL_PITX1_2_AAC_TCTTTC40NTTG.fastq.gz	background	472066	18.8 Mbp	18800000	0	40	47	PASS	PASS	FAIL	PASS	WARN	PASS	WARN	PASS	FAIL	PASS	PASS
ZeroCycle_TGGCCA40NTTC_0_0	/scratch/project_2013895/SELEX/data/input_libraries/submitted_ftp/ZeroCycle_TGGCCA40NTTC_0_0.fastq.gz	background	361746	14.4 Mbp	14400000	0	40	49	PASS	PASS	FAIL	PASS	PASS	PASS	PASS	PASS	PASS	PASS	PASS
ZeroCycle_TCTTGC40NTTC_0_0	/scratch/project_2013895/SELEX/data/input_libraries/submitted_ftp/ZeroCycle_TCTTGC40NTTC_0_0.fastq.gz	background	182719	7.3 Mbp	7300000	0	40	49	PASS	PASS	FAIL	PASS	PASS	PASS	PASS	PASS	PASS	PASS	PASS
ZeroCycle_TCCGAA40NGGC_0_0	/scratch/project_2013895/SELEX/data/input_libraries/submitted_ftp/ZeroCycle_TCCGAA40NGGC_0_0.fastq.gz	background	226341	9 Mbp	9000000	0	40	49	PASS	PASS	FAIL	PASS	PASS	PASS	PASS	PASS	PASS	PASS	PASS
CUX1_NHLH1_2_AY_TGCTAT40NCAG	/scratch/project_2013895/SELEX/data/Jolma2015/submitted_ftp/CUX1_NHLH1_2_AY_TGCTAT40NCAG.fastq.gz	background	479670	19.1 Mbp	19100000	0	40	47	PASS	PASS	PASS	PASS	WARN	PASS	PASS	PASS	PASS	PASS	PASS
CUX1_PITX1_2_AY_TGGCAG40NCCT	/scratch/project_2013895/SELEX/data/Jolma2015/submitted_ftp/CUX1_PITX1_2_AY_TGGCAG40NCCT.fastq.gz	background	317152	12.6 Mbp	12600000	0	40	44	PASS	PASS	PASS	PASS	WARN	PASS	PASS	PASS	PASS	PASS	PASS
CUX1_SRF_2_AY_TGAAAT40NCAA	/scratch/project_2013895/SELEX/data/Jolma2015/submitted_ftp/CUX1_SRF_2_AY_TGAAAT40NCAA.fastq.gz	background	368738	14.7 Mbp	14700000	0	40	45	PASS	PASS	PASS	PASS	FAIL	WARN	PASS	PASS	PASS	PASS	PASS
ZeroCycle_TGGGCT40NGTT_0_0	/scratch/project_2013895/SELEX/data/input_libraries/submitted_ftp/ZeroCycle_TGGGCT40NGTT_0_0.fastq.gz	background	351866	14 Mbp	14000000	0	40	48	PASS	PASS	FAIL	PASS	WARN	PASS	PASS	PASS	PASS	PASS	PASS
E2F1_EOMES_2_AX_TGCACG40NTTG	/scratch/project_2013895/SELEX/data/Jolma2015/submitted_ftp/E2F1_EOMES_2_AX_TGCACG40NTTG.fastq.gz	background	546169	21.8 Mbp	21800000	0	40	57	PASS	PASS	WARN	PASS	FAIL	PASS	PASS	PASS	PASS	PASS	PASS
E2F1_HES7_2_AX_TAAGGG40NACC	/scratch/project_2013895/SELEX/data/Jolma2015/submitted_ftp/E2F1_HES7_2_AX_TAAGGG40NACC.fastq.gz	background	386141	15.4 Mbp	15400000	0	40	56	PASS	PASS	WARN	PASS	FAIL	PASS	PASS	PASS	PASS	PASS	PASS
E2F3_HES7_1_AAA_TATGAG40NCGT	/scratch/project_2013895/SELEX/data/Jolma2015/submitted_ftp/E2F3_HES7_1_AAA_TATGAG40NCGT.fastq.gz	background	470763	18.8 Mbp	18800000	0	40	49	PASS	PASS	PASS	PASS	WARN	PASS	PASS	PASS	PASS	PASS	PASS
E2F3_ONECUT2_2_AAA_TTGAAG40NCTC	/scratch/project_2013895/SELEX/data/Jolma2015/submitted_ftp/E2F3_ONECUT2_2_AAA_TTGAAG40NCTC.fastq.gz	background	788496	31.5 Mbp	31500000	0	40	51	PASS	PASS	PASS	PASS	WARN	PASS	PASS	PASS	PASS	PASS	PASS
E2F3_TBX21_1_AAA_TGGCAC40NAAG	/scratch/project_2013895/SELEX/data/Jolma2015/submitted_ftp/E2F3_TBX21_1_AAA_TGGCAC40NAAG.fastq.gz	background	917483	36.6 Mbp	36600000	0	40	49	PASS	PASS	PASS	PASS	WARN	PASS	PASS	PASS	PASS	PASS	PASS
ERF_DLX2_2_AAC_TCGAAA40NAAT	/scratch/project_2013895/SELEX/data/Jolma2015/submitted_ftp/ERF_DLX2_2_AAC_TCGAAA40NAAT.fastq.gz	background	426694	17 Mbp	17000000	0	40	52	PASS	PASS	FAIL	PASS	WARN	PASS	WARN	PASS	WARN	PASS	PASS
ERF_DLX3_1_AAC_TTGCAT40NTGG	/scratch/project_2013895/SELEX/data/Jolma2015/submitted_ftp/ERF_DLX3_1_AAC_TTGCAT40NTGG.fastq.gz	background	662997	26.5 Mbp	26500000	0	40	51	PASS	PASS	PASS	PASS	FAIL	PASS	PASS	PASS	PASS	PASS	PASS
ERF_HES7_1_AAC_TGTGAA40NTAC	/scratch/project_2013895/SELEX/data/Jolma2015/submitted_ftp/ERF_HES7_1_AAC_TGTGAA40NTAC.fastq.gz	background	544783	21.7 Mbp	21700000	0	40	52	PASS	PASS	PASS	PASS	FAIL	PASS	PASS	PASS	PASS	PASS	PASS
ERF_HOXA3_2_AAC_TCTGTG40NAGA	/scratch/project_2013895/SELEX/data/Jolma2015/submitted_ftp/ERF_HOXA3_2_AAC_TCTGTG40NAGA.fastq.gz	background	565738	22.6 Mbp	22600000	0	40	51	PASS	PASS	FAIL	PASS	FAIL	PASS	WARN	PASS	PASS	PASS	PASS
ERF_ONECUT2_2_AAC_TCCAGG40NTAG	/scratch/project_2013895/SELEX/data/Jolma2015/submitted_ftp/ERF_ONECUT2_2_AAC_TCCAGG40NTAG.fastq.gz	background	517114	20.6 Mbp	20600000	0	40	53	PASS	PASS	FAIL	PASS	WARN	PASS	WARN	PASS	PASS	PASS	PASS
ETV2_DLX2_1_AAA_TCGAAT40NAGG	/scratch/project_2013895/SELEX/data/Jolma2015/submitted_ftp/ETV2_DLX2_1_AAA_TCGAAT40NAGG.fastq.gz	background	553602	22.1 Mbp	22100000	0	40	55	PASS	PASS	PASS	PASS	FAIL	PASS	PASS	PASS	PASS	PASS	PASS
ETV2_DLX3_2_AAA_TAGAGC40NTAG	/scratch/project_2013895/SELEX/data/Jolma2015/submitted_ftp/ETV2_DLX3_2_AAA_TAGAGC40NTAG.fastq.gz	background	552579	22.1 Mbp	22100000	0	40	51	PASS	PASS	PASS	PASS	PASS	PASS	PASS	PASS	PASS	PASS	PASS
ETV2_GSC2_2_AAA_TCAAGA40NCGC	/scratch/project_2013895/SELEX/data/Jolma2015/submitted_ftp/ETV2_GSC2_2_AAA_TCAAGA40NCGC.fastq.gz	background	415509	16.6 Mbp	16600000.000000002	0	40	54	PASS	PASS	PASS	PASS	FAIL	PASS	PASS	PASS	PASS	PASS	PASS
ETV2_HES7_2_AAA_TAGTGC40NATG	/scratch/project_2013895/SELEX/data/Jolma2015/submitted_ftp/ETV2_HES7_2_AAA_TAGTGC40NATG.fastq.gz	background	608718	24.3 Mbp	24300000	0	40	56	PASS	PASS	PASS	PASS	WARN	PASS	PASS	PASS	PASS	PASS	PASS
ETV2_PITX1_2_AAA_TGGCCT40NTAT	/scratch/project_2013895/SELEX/data/Jolma2015/submitted_ftp/ETV2_PITX1_2_AAA_TGGCCT40NTAT.fastq.gz	background	554630	22.1 Mbp	22100000	0	40	56	PASS	PASS	PASS	PASS	FAIL	PASS	PASS	PASS	PASS	PASS	PASS
ETV2_SOX15_2_AAA_TTCGCC40NGAC	/scratch/project_2013895/SELEX/data/Jolma2015/submitted_ftp/ETV2_SOX15_2_AAA_TTCGCC40NGAC.fastq.gz	background	737755	29.5 Mbp	29500000	0	40	55	PASS	PASS	PASS	PASS	WARN	PASS	PASS	PASS	PASS	PASS	PASS
ZeroCycle_TGAAGC40NCTA_0_0	/scratch/project_2013895/SELEX/data/input_libraries/submitted_ftp/ZeroCycle_TGAAGC40NCTA_0_0.fastq.gz	background	214428	8.5 Mbp	8500000	0	40	55	PASS	PASS	FAIL	PASS	WARN	PASS	PASS	PASS	PASS	PASS	PASS
ETV5_CLOCK_1_AY_TTGTCT40NGCT	/scratch/project_2013895/SELEX/data/Jolma2015/submitted_ftp/ETV5_CLOCK_1_AY_TTGTCT40NGCT.fastq.gz	background	412219	16.4 Mbp	16399999.999999998	0	40	57	PASS	PASS	WARN	PASS	FAIL	PASS	PASS	PASS	PASS	PASS	PASS
ETV5_DLX2_2_AY_TGCGGT40NTCA	/scratch/project_2013895/SELEX/data/Jolma2015/submitted_ftp/ETV5_DLX2_2_AY_TGCGGT40NTCA.fastq.gz	background	414659	16.5 Mbp	16500000	0	40	56	PASS	PASS	PASS	PASS	FAIL	PASS	PASS	PASS	PASS	PASS	PASS
ETV5_TCF3_1_AY_TCGTCC40NGCC	/scratch/project_2013895/SELEX/data/Jolma2015/submitted_ftp/ETV5_TCF3_1_AY_TCGTCC40NGCC.fastq.gz	background	340321	13.6 Mbp	13600000	0	40	57	PASS	PASS	WARN	PASS	FAIL	PASS	PASS	PASS	PASS	PASS	PASS
FLI1_DLX2_1_AAC_TGTCGA40NGCA	/scratch/project_2013895/SELEX/data/Jolma2015/submitted_ftp/FLI1_DLX2_1_AAC_TGTCGA40NGCA.fastq.gz	background	746608	29.8 Mbp	29800000	0	40	49	PASS	PASS	PASS	PASS	WARN	PASS	PASS	PASS	PASS	PASS	PASS
FLI1_ONECUT2_2_AAC_TGACAT40NCGG	/scratch/project_2013895/SELEX/data/Jolma2015/submitted_ftp/FLI1_ONECUT2_2_AAC_TGACAT40NCGG.fastq.gz	background	405515	16.2 Mbp	16200000	0	40	50	PASS	PASS	FAIL	PASS	WARN	PASS	WARN	PASS	WARN	PASS	PASS
GCM1_CEBPB_2_AX_TGCAGG40NTCG	/scratch/project_2013895/SELEX/data/Jolma2015/submitted_ftp/GCM1_CEBPB_2_AX_TGCAGG40NTCG.fastq.gz	background	376094	15 Mbp	15000000	0	40	56	PASS	PASS	WARN	PASS	FAIL	PASS	PASS	PASS	WARN	PASS	PASS
GCM1_SOX2_2_AX_TATGAT40NACA	/scratch/project_2013895/SELEX/data/Jolma2015/submitted_ftp/GCM1_SOX2_2_AX_TATGAT40NACA.fastq.gz	background	379623	15.1 Mbp	15100000	0	40	56	PASS	PASS	WARN	PASS	FAIL	PASS	PASS	PASS	PASS	PASS	PASS
GCM2_DLX3_2_AAB_TCGAGA40NGAT	/scratch/project_2013895/SELEX/data/Jolma2015/submitted_ftp/GCM2_DLX3_2_AAB_TCGAGA40NGAT.fastq.gz	background	1338815	53.5 Mbp	53500000	0	40	46	PASS	PASS	PASS	PASS	WARN	PASS	PASS	PASS	WARN	PASS	PASS
GCM2_HES7_2_AAB_TGGTGA40NGTT	/scratch/project_2013895/SELEX/data/Jolma2015/submitted_ftp/GCM2_HES7_2_AAB_TGGTGA40NGTT.fastq.gz	background	1478745	59.1 Mbp	59100000	0	40	47	PASS	PASS	PASS	PASS	WARN	PASS	PASS	PASS	FAIL	PASS	PASS
GCM2_ONECUT2_2_AAB_TGTCTA40NTCG	/scratch/project_2013895/SELEX/data/Jolma2015/submitted_ftp/GCM2_ONECUT2_2_AAB_TGTCTA40NTCG.fastq.gz	background	1888576	75.5 Mbp	75500000	0	40	45	PASS	PASS	PASS	PASS	FAIL	PASS	PASS	PASS	WARN	PASS	PASS
HOXB2_ELF1_1_AY_TTTAGG40NTCT	/scratch/project_2013895/SELEX/data/Jolma2015/submitted_ftp/HOXB2_ELF1_1_AY_TTTAGG40NTCT.fastq.gz	background	302025	12 Mbp	12000000	0	40	49	PASS	PASS	WARN	PASS	FAIL	PASS	PASS	PASS	PASS	PASS	PASS
HOXB2_ESRRB_2_AY_TCCTCG40NCAG	/scratch/project_2013895/SELEX/data/Jolma2015/submitted_ftp/HOXB2_ESRRB_2_AY_TCCTCG40NCAG.fastq.gz	background	436523	17.4 Mbp	17400000	0	40	50	PASS	PASS	PASS	PASS	FAIL	PASS	PASS	PASS	PASS	PASS	PASS
HOXB2_RFX5_1_AY_TGCTCT40NTTA	/scratch/project_2013895/SELEX/data/Jolma2015/submitted_ftp/HOXB2_RFX5_1_AY_TGCTCT40NTTA.fastq.gz	background	334055	13.3 Mbp	13300000	0	40	50	PASS	PASS	WARN	PASS	WARN	PASS	PASS	PASS	PASS	PASS	PASS
HOXB2_SPDEF_2_AY_TTGCAA40NGTG	/scratch/project_2013895/SELEX/data/Jolma2015/submitted_ftp/HOXB2_SPDEF_2_AY_TTGCAA40NGTG.fastq.gz	background	355703	14.2 Mbp	14200000	0	40	47	PASS	PASS	PASS	PASS	FAIL	PASS	PASS	PASS	PASS	PASS	PASS
HOXB2_TCF3_2_AY_TGAAGC40NCTA	/scratch/project_2013895/SELEX/data/Jolma2015/submitted_ftp/HOXB2_TCF3_2_AY_TGAAGC40NCTA.fastq.gz	background	376262	15 Mbp	15000000	0	40	52	PASS	PASS	PASS	PASS	FAIL	PASS	PASS	PASS	PASS	PASS	PASS
HOXD12_FIGLA_1_AAB_TCGAAC40NGAT	/scratch/project_2013895/SELEX/data/Jolma2015/submitted_ftp/HOXD12_FIGLA_1_AAB_TCGAAC40NGAT.fastq.gz	background	1166210	46.6 Mbp	46600000	0	40	50	PASS	PASS	PASS	PASS	WARN	PASS	PASS	PASS	PASS	PASS	PASS
MEIS1_DLX3_2_AT_TAAAGC40NGAA	/scratch/project_2013895/SELEX/data/Jolma2015/submitted_ftp/MEIS1_DLX3_2_AT_TAAAGC40NGAA.fastq.gz	background	1655532	66.2 Mbp	66200000	0	40	46	PASS	PASS	PASS	PASS	WARN	PASS	PASS	PASS	WARN	PASS	PASS
MYBL1_FIGLA_2_AX_TCAGCC40NTTC	/scratch/project_2013895/SELEX/data/Jolma2015/submitted_ftp/MYBL1_FIGLA_2_AX_TCAGCC40NTTC.fastq.gz	background	416063	16.6 Mbp	16600000.000000002	0	40	58	PASS	PASS	WARN	PASS	FAIL	PASS	PASS	PASS	PASS	PASS	PASS
MYBL1_MAX_1_AX_TCCTTG40NGGT	/scratch/project_2013895/SELEX/data/Jolma2015/submitted_ftp/MYBL1_MAX_1_AX_TCCTTG40NGGT.fastq.gz	background	443900	17.7 Mbp	17700000	0	40	56	PASS	PASS	PASS	PASS	FAIL	PASS	PASS	PASS	PASS	PASS	PASS
PITX1_FIGLA_2_AAB_TGTGAT40NGCA	/scratch/project_2013895/SELEX/data/Jolma2015/submitted_ftp/PITX1_FIGLA_2_AAB_TGTGAT40NGCA.fastq.gz	background	1234164	49.3 Mbp	49300000	0	40	56	PASS	PASS	PASS	PASS	FAIL	PASS	PASS	PASS	PASS	PASS	PASS
POU2F1_FOXO6_1_AX_TAATGA40NGTA	/scratch/project_2013895/SELEX/data/Jolma2015/submitted_ftp/POU2F1_FOXO6_1_AX_TAATGA40NGTA.fastq.gz	background	698737	27.9 Mbp	27900000	0	40	45	PASS	PASS	PASS	PASS	WARN	PASS	PASS	PASS	PASS	PASS	PASS
RFX3_SRF_2_AY_TTACGG40NCGC	/scratch/project_2013895/SELEX/data/Jolma2015/submitted_ftp/RFX3_SRF_2_AY_TTACGG40NCGC.fastq.gz	background	349202	13.9 Mbp	13900000	0	40	52	PASS	PASS	PASS	PASS	WARN	PASS	PASS	PASS	PASS	PASS	PASS
TEAD4_ALX4_2_AY_TGGCAA40NACT	/scratch/project_2013895/SELEX/data/Jolma2015/submitted_ftp/TEAD4_ALX4_2_AY_TGGCAA40NACT.fastq.gz	background	423249	16.9 Mbp	16900000	0	40	45	PASS	PASS	PASS	PASS	WARN	PASS	PASS	PASS	PASS	PASS	PASS
TEAD4_CEBPB_2_AY_TGACTC40NTCA	/scratch/project_2013895/SELEX/data/Jolma2015/submitted_ftp/TEAD4_CEBPB_2_AY_TGACTC40NTCA.fastq.gz	background	377506	15.1 Mbp	15100000	0	40	48	PASS	PASS	PASS	PASS	WARN	PASS	PASS	PASS	PASS	PASS	PASS
TEAD4_CLOCK_2_AY_TCTTGA40NGTG	/scratch/project_2013895/SELEX/data/Jolma2015/submitted_ftp/TEAD4_CLOCK_2_AY_TCTTGA40NGTG.fastq.gz	background	399259	15.9 Mbp	15900000	0	40	48	PASS	PASS	PASS	PASS	WARN	PASS	PASS	PASS	PASS	PASS	PASS
TEAD4_DLX2_1_AY_TGTGCT40NCGG	/scratch/project_2013895/SELEX/data/Jolma2015/submitted_ftp/TEAD4_DLX2_1_AY_TGTGCT40NCGG.fastq.gz	background	464109	18.5 Mbp	18500000	0	40	42	PASS	PASS	WARN	PASS	WARN	PASS	PASS	PASS	PASS	PASS	PASS
TEAD4_DLX3_2_AY_TCGAGA40NGAT	/scratch/project_2013895/SELEX/data/Jolma2015/submitted_ftp/TEAD4_DLX3_2_AY_TCGAGA40NGAT.fastq.gz	background	451602	18 Mbp	18000000	0	40	42	PASS	PASS	PASS	PASS	WARN	PASS	PASS	PASS	PASS	PASS	PASS
TEAD4_FIGLA_2_AY_TCTCTT40NTCG	/scratch/project_2013895/SELEX/data/Jolma2015/submitted_ftp/TEAD4_FIGLA_2_AY_TCTCTT40NTCG.fastq.gz	background	432052	17.2 Mbp	17200000	0	40	47	PASS	PASS	PASS	PASS	WARN	PASS	PASS	PASS	PASS	PASS	PASS
TEAD4_HES7_1_AX_TAGTGC40NATG	/scratch/project_2013895/SELEX/data/Jolma2015/submitted_ftp/TEAD4_HES7_1_AX_TAGTGC40NATG.fastq.gz	background	563249	22.5 Mbp	22500000	0	40	53	PASS	PASS	PASS	PASS	WARN	PASS	PASS	PASS	PASS	PASS	PASS
TEAD4_HOXA2_2_AY_TCTGCG40NCGG	/scratch/project_2013895/SELEX/data/Jolma2015/submitted_ftp/TEAD4_HOXA2_2_AY_TCTGCG40NCGG.fastq.gz	background	567533	22.7 Mbp	22700000	0	40	44	PASS	PASS	PASS	PASS	WARN	PASS	PASS	PASS	PASS	PASS	PASS
TEAD4_HOXA3_2_AY_TCTCCC40NCCG	/scratch/project_2013895/SELEX/data/Jolma2015/submitted_ftp/TEAD4_HOXA3_2_AY_TCTCCC40NCCG.fastq.gz	background	364200	14.5 Mbp	14500000	0	40	43	PASS	PASS	PASS	PASS	WARN	PASS	PASS	PASS	PASS	PASS	PASS
TEAD4_PAX5_2_AY_TGGATG40NTAT	/scratch/project_2013895/SELEX/data/Jolma2015/submitted_ftp/TEAD4_PAX5_2_AY_TGGATG40NTAT.fastq.gz	background	382468	15.2 Mbp	15200000	0	40	49	PASS	PASS	PASS	PASS	FAIL	PASS	PASS	PASS	PASS	PASS	PASS
TEAD4_PITX1_2_AY_TCTTTC40NTTG	/scratch/project_2013895/SELEX/data/Jolma2015/submitted_ftp/TEAD4_PITX1_2_AY_TCTTTC40NTTG.fastq.gz	background	387877	15.5 Mbp	15500000	0	40	46	PASS	PASS	PASS	PASS	WARN	PASS	PASS	PASS	PASS	PASS	PASS
TEAD4_RFX5_1_AY_TCGGTT40NTGT	/scratch/project_2013895/SELEX/data/Jolma2015/submitted_ftp/TEAD4_RFX5_1_AY_TCGGTT40NTGT.fastq.gz	background	389906	15.5 Mbp	15500000	0	40	44	PASS	PASS	WARN	PASS	FAIL	PASS	PASS	PASS	PASS	PASS	PASS
TEAD4_SOX6_2_AY_TGAGAT40NAGA	/scratch/project_2013895/SELEX/data/Jolma2015/submitted_ftp/TEAD4_SOX6_2_AY_TGAGAT40NAGA.fastq.gz	background	443822	17.7 Mbp	17700000	0	40	44	PASS	PASS	PASS	PASS	FAIL	PASS	PASS	PASS	PASS	PASS	PASS
TFAP2C_DLX3_2_AY_TTGCAT40NTGG	/scratch/project_2013895/SELEX/data/Jolma2015/submitted_ftp/TFAP2C_DLX3_2_AY_TTGCAT40NTGG.fastq.gz	background	1011342	40.4 Mbp	40400000	0	40	56	PASS	PASS	PASS	PASS	FAIL	PASS	PASS	PASS	PASS	PASS	PASS
TFAP2C_HES7_2_AY_TGTGAA40NTAC	/scratch/project_2013895/SELEX/data/Jolma2015/submitted_ftp/TFAP2C_HES7_2_AY_TGTGAA40NTAC.fastq.gz	background	1083000	43.3 Mbp	43300000	0	40	57	PASS	PASS	PASS	PASS	FAIL	PASS	PASS	PASS	PASS	PASS	PASS
TFAP2C_MAX_1_AY_TTAGTC40NTCC	/scratch/project_2013895/SELEX/data/Jolma2015/submitted_ftp/TFAP2C_MAX_1_AY_TTAGTC40NTCC.fastq.gz	background	1009343	40.3 Mbp	40300000	0	40	56	PASS	PASS	PASS	PASS	FAIL	PASS	PASS	PASS	PASS	PASS	PASS
TFAP2C_ONECUT2_2_AY_TCCAGG40NTAG	/scratch/project_2013895/SELEX/data/Jolma2015/submitted_ftp/TFAP2C_ONECUT2_2_AY_TCCAGG40NTAG.fastq.gz	background	1083348	43.3 Mbp	43300000	0	40	57	PASS	PASS	PASS	PASS	FAIL	PASS	PASS	PASS	PASS	PASS	PASS
TFAP4_DLX3_2_AW_TGGGTG40NGGA	/scratch/project_2013895/SELEX/data/Jolma2015/submitted_ftp/TFAP4_DLX3_2_AW_TGGGTG40NGGA.fastq.gz	background	2247258	89.8 Mbp	89800000	0	40	57	PASS	PASS	FAIL	PASS	FAIL	PASS	PASS	PASS	PASS	PASS	PASS
TFAP4_MAX_2_AW_TCCTTG40NGGT	/scratch/project_2013895/SELEX/data/Jolma2015/submitted_ftp/TFAP4_MAX_2_AW_TCCTTG40NGGT.fastq.gz	background	2087132	83.4 Mbp	83400000	0	40	59	PASS	PASS	FAIL	PASS	FAIL	PASS	PASS	PASS	WARN	PASS	PASS
ARNTL_BHLHA15_2_AAC_TGGTCT40NCTT	/scratch/project_2013895/SELEX/data/Jolma2015/submitted_ftp/ARNTL_BHLHA15_2_AAC_TGGTCT40NCTT.fastq.gz	background	250916	10 Mbp	10000000	0	40	47	PASS	PASS	FAIL	PASS	WARN	PASS	WARN	PASS	FAIL	PASS	PASS
CEBPG_ELF1_2_AS_TATGAC40NTCA	/scratch/project_2013895/SELEX/data/Jolma2015/submitted_ftp/CEBPG_ELF1_2_AS_TATGAC40NTCA.fastq.gz	background	983021	39.3 Mbp	39300000	0	40	55	PASS	PASS	FAIL	PASS	FAIL	PASS	PASS	PASS	PASS	PASS	PASS
CLOCK_BHLHA15_1_AX_TTCTTT40NCAG	/scratch/project_2013895/SELEX/data/Jolma2015/submitted_ftp/CLOCK_BHLHA15_1_AX_TTCTTT40NCAG.fastq.gz	background	476054	19 Mbp	19000000	0	40	49	PASS	PASS	PASS	PASS	WARN	PASS	PASS	PASS	WARN	PASS	PASS
CLOCK_FIGLA_1_AX_TCGGCA40NAGC	/scratch/project_2013895/SELEX/data/Jolma2015/submitted_ftp/CLOCK_FIGLA_1_AX_TCGGCA40NAGC.fastq.gz	background	492897	19.7 Mbp	19700000	0	40	53	PASS	PASS	PASS	PASS	FAIL	PASS	PASS	PASS	FAIL	PASS	PASS
CLOCK_NHLH1_1_AX_TAGATT40NACA	/scratch/project_2013895/SELEX/data/Jolma2015/submitted_ftp/CLOCK_NHLH1_1_AX_TAGATT40NACA.fastq.gz	background	621678	24.8 Mbp	24800000	0	40	54	PASS	PASS	PASS	PASS	PASS	PASS	PASS	PASS	PASS	PASS	PASS
CUX1_FOXI1_2_AY_TCCTCT40NGTC	/scratch/project_2013895/SELEX/data/Jolma2015/submitted_ftp/CUX1_FOXI1_2_AY_TCCTCT40NGTC.fastq.gz	background	294185	11.7 Mbp	11700000	0	40	44	PASS	PASS	PASS	PASS	WARN	PASS	PASS	PASS	PASS	PASS	PASS
ZeroCycle_TTCACG40NAGT_0_0	/scratch/project_2013895/SELEX/data/input_libraries/submitted_ftp/ZeroCycle_TTCACG40NAGT_0_0.fastq.gz	background	195696	7.8 Mbp	7800000	0	40	50	PASS	PASS	FAIL	PASS	FAIL	PASS	PASS	PASS	PASS	PASS	PASS
ZeroCycle_TGCTTC40NTTA_0_0	/scratch/project_2013895/SELEX/data/input_libraries/submitted_ftp/ZeroCycle_TGCTTC40NTTA_0_0.fastq.gz	background	133709	5.3 Mbp	5300000	0	40	49	PASS	PASS	FAIL	PASS	PASS	PASS	PASS	PASS	PASS	PASS	PASS
E2F1_NHLH1_1_AX_TGCTTT40NAGA	/scratch/project_2013895/SELEX/data/Jolma2015/submitted_ftp/E2F1_NHLH1_1_AX_TGCTTT40NAGA.fastq.gz	background	561870	22.4 Mbp	22400000	0	40	54	PASS	PASS	PASS	PASS	WARN	PASS	PASS	PASS	PASS	PASS	PASS
ZeroCycle_TCCAGA40NGTA_0_0	/scratch/project_2013895/SELEX/data/input_libraries/submitted_ftp/ZeroCycle_TCCAGA40NGTA_0_0.fastq.gz	background	159014	6.3 Mbp	6300000	0	40	53	PASS	PASS	FAIL	PASS	WARN	PASS	PASS	PASS	PASS	PASS	PASS
ZeroCycle_TCGAGC40NAAT_0_0	/scratch/project_2013895/SELEX/data/input_libraries/submitted_ftp/ZeroCycle_TCGAGC40NAAT_0_0.fastq.gz	background	114327	4.5 Mbp	4500000	0	40	53	PASS	PASS	FAIL	PASS	WARN	PASS	PASS	PASS	PASS	PASS	PASS
ETV2_CLOCK_2_AAA_TCGGGC40NAAT	/scratch/project_2013895/SELEX/data/Jolma2015/submitted_ftp/ETV2_CLOCK_2_AAA_TCGGGC40NAAT.fastq.gz	background	483556	19.3 Mbp	19300000	0	40	55	PASS	PASS	PASS	PASS	FAIL	PASS	PASS	PASS	FAIL	PASS	PASS
ETV2_RFX5_1_AAA_TGCTCT40NTTA	/scratch/project_2013895/SELEX/data/Jolma2015/submitted_ftp/ETV2_RFX5_1_AAA_TGCTCT40NTTA.fastq.gz	background	654856	26.1 Mbp	26100000	0	40	55	PASS	PASS	PASS	PASS	WARN	PASS	PASS	PASS	PASS	PASS	PASS
ETV5_HES7_1_AY_TTGGCA40NTCG	/scratch/project_2013895/SELEX/data/Jolma2015/submitted_ftp/ETV5_HES7_1_AY_TTGGCA40NTCG.fastq.gz	background	514830	20.5 Mbp	20500000	0	40	58	PASS	PASS	WARN	PASS	FAIL	PASS	PASS	PASS	PASS	PASS	PASS
ETV7_TBX21_1_AV_TTTCTG40NTAG	/scratch/project_2013895/SELEX/data/Jolma2015/submitted_ftp/ETV7_TBX21_1_AV_TTTCTG40NTAG.fastq.gz	background	790622	31.6 Mbp	31600000	0	40	57	PASS	PASS	FAIL	PASS	FAIL	PASS	PASS	PASS	PASS	PASS	PASS
GCM1_HOXA2_2_AX_TCACAG40NGTT	/scratch/project_2013895/SELEX/data/Jolma2015/submitted_ftp/GCM1_HOXA2_2_AX_TCACAG40NGTT.fastq.gz	background	429882	17.1 Mbp	17100000	0	40	58	PASS	PASS	WARN	PASS	FAIL	PASS	PASS	PASS	PASS	PASS	PASS
GCM1_NHLH1_1_AX_TCTCGT40NGCC	/scratch/project_2013895/SELEX/data/Jolma2015/submitted_ftp/GCM1_NHLH1_1_AX_TCTCGT40NGCC.fastq.gz	background	541375	21.6 Mbp	21600000	0	40	55	PASS	PASS	PASS	PASS	FAIL	PASS	PASS	PASS	PASS	PASS	PASS
GCM1_PITX1_1_AU_TCGAGC40NAAT	/scratch/project_2013895/SELEX/data/Jolma2015/submitted_ftp/GCM1_PITX1_1_AU_TCGAGC40NAAT.fastq.gz	background	852017	34 Mbp	34000000	0	40	53	PASS	PASS	WARN	PASS	FAIL	PASS	PASS	PASS	PASS	PASS	PASS
GCM2_MAX_2_AAB_TGCCTG40NTCC	/scratch/project_2013895/SELEX/data/Jolma2015/submitted_ftp/GCM2_MAX_2_AAB_TGCCTG40NTCC.fastq.gz	background	1201520	48 Mbp	48000000	0	40	47	PASS	PASS	PASS	PASS	FAIL	PASS	PASS	PASS	WARN	PASS	PASS
GCM2_TEF_2_AAB_TGACAG40NACA	/scratch/project_2013895/SELEX/data/Jolma2015/submitted_ftp/GCM2_TEF_2_AAB_TGACAG40NACA.fastq.gz	background	1349776	53.9 Mbp	53900000	0	40	49	PASS	PASS	PASS	PASS	WARN	PASS	PASS	PASS	FAIL	PASS	PASS
HOXB2_NHLH1_2_AY_TGAGAG40NCGC	/scratch/project_2013895/SELEX/data/Jolma2015/submitted_ftp/HOXB2_NHLH1_2_AY_TGAGAG40NCGC.fastq.gz	background	474191	18.9 Mbp	18900000	0	40	52	PASS	PASS	PASS	PASS	FAIL	PASS	PASS	PASS	PASS	PASS	PASS
HOXB2_SOX15_1_AY_TTCGCC40NGAC	/scratch/project_2013895/SELEX/data/Jolma2015/submitted_ftp/HOXB2_SOX15_1_AY_TTCGCC40NGAC.fastq.gz	background	423687	16.9 Mbp	16900000	0	40	47	PASS	PASS	WARN	PASS	WARN	PASS	PASS	PASS	PASS	PASS	PASS
MEIS1_MAX_2_AT_TATCTG40NTCG	/scratch/project_2013895/SELEX/data/Jolma2015/submitted_ftp/MEIS1_MAX_2_AT_TATCTG40NTCG.fastq.gz	background	1657461	66.2 Mbp	66200000	0	40	50	PASS	PASS	PASS	PASS	FAIL	PASS	PASS	PASS	WARN	PASS	PASS
MEIS1_SOX2_1_AT_TATTCG40NCTG	/scratch/project_2013895/SELEX/data/Jolma2015/submitted_ftp/MEIS1_SOX2_1_AT_TATTCG40NCTG.fastq.gz	background	1674434	66.9 Mbp	66900000.00000001	0	40	48	PASS	PASS	FAIL	PASS	WARN	PASS	WARN	PASS	WARN	PASS	PASS
MYBL1_HOXA13_1_AT_TTTCAA40NTGA	/scratch/project_2013895/SELEX/data/Jolma2015/submitted_ftp/MYBL1_HOXA13_1_AT_TTTCAA40NTGA.fastq.gz	background	1233281	49.3 Mbp	49300000	0	40	54	PASS	PASS	FAIL	PASS	FAIL	PASS	WARN	PASS	WARN	PASS	PASS
PITX1_EOMES_2_AAB_TCAGCA40NCTC	/scratch/project_2013895/SELEX/data/Jolma2015/submitted_ftp/PITX1_EOMES_2_AAB_TCAGCA40NCTC.fastq.gz	background	928912	37.1 Mbp	37100000	0	40	53	PASS	PASS	PASS	PASS	WARN	PASS	PASS	PASS	PASS	PASS	PASS
PITX1_HES7_1_AAB_TAGTGC40NATG	/scratch/project_2013895/SELEX/data/Jolma2015/submitted_ftp/PITX1_HES7_1_AAB_TAGTGC40NATG.fastq.gz	background	1253477	50.1 Mbp	50100000	0	40	52	PASS	PASS	PASS	PASS	WARN	PASS	PASS	PASS	PASS	PASS	PASS
ZeroCycle_TAGCGT40NTCA_0_0	/scratch/project_2013895/SELEX/data/input_libraries/submitted_ftp/ZeroCycle_TAGCGT40NTCA_0_0.fastq.gz	background	148050	5.9 Mbp	5900000	0	40	54	PASS	PASS	FAIL	PASS	FAIL	PASS	PASS	PASS	PASS	PASS	PASS
PITX1_TBX21_2_AAB_TGTAGC40NCCT	/scratch/project_2013895/SELEX/data/Jolma2015/submitted_ftp/PITX1_TBX21_2_AAB_TGTAGC40NCCT.fastq.gz	background	1027205	41 Mbp	41000000	0	40	58	PASS	PASS	PASS	PASS	FAIL	PASS	PASS	PASS	PASS	PASS	PASS
POU2F1_DLX2_1_AX_TCCGCA40NCGC	/scratch/project_2013895/SELEX/data/Jolma2015/submitted_ftp/POU2F1_DLX2_1_AX_TCCGCA40NCGC.fastq.gz	background	579933	23.1 Mbp	23100000	0	40	43	PASS	PASS	PASS	PASS	WARN	PASS	PASS	PASS	FAIL	PASS	PASS
RFX3_FIGLA_2_AY_TCGGCA40NAGC	/scratch/project_2013895/SELEX/data/Jolma2015/submitted_ftp/RFX3_FIGLA_2_AY_TCGGCA40NAGC.fastq.gz	background	368170	14.7 Mbp	14700000	0	40	54	PASS	PASS	PASS	PASS	FAIL	PASS	PASS	PASS	PASS	PASS	PASS
RFX3_HES7_1_AY_TGCCGG40NCAG	/scratch/project_2013895/SELEX/data/Jolma2015/submitted_ftp/RFX3_HES7_1_AY_TGCCGG40NCAG.fastq.gz	background	384202	15.3 Mbp	15300000	0	40	50	PASS	PASS	WARN	PASS	WARN	PASS	PASS	PASS	PASS	PASS	PASS
SOX6_TBX21_1_AS_TTCATC40NCTT	/scratch/project_2013895/SELEX/data/Jolma2015/submitted_ftp/SOX6_TBX21_1_AS_TTCATC40NCTT.fastq.gz	background	1018229	40.7 Mbp	40700000	0	40	48	PASS	PASS	PASS	PASS	WARN	PASS	PASS	PASS	PASS	PASS	PASS
TEAD4_ELK3_1_AY_TGGGCG40NCGT	/scratch/project_2013895/SELEX/data/Jolma2015/submitted_ftp/TEAD4_ELK3_1_AY_TGGGCG40NCGT.fastq.gz	background	460091	18.4 Mbp	18400000	0	40	44	PASS	PASS	WARN	PASS	WARN	PASS	PASS	PASS	PASS	PASS	PASS
TEAD4_ESRRB_1_AY_TCGATC40NTAT	/scratch/project_2013895/SELEX/data/Jolma2015/submitted_ftp/TEAD4_ESRRB_1_AY_TCGATC40NTAT.fastq.gz	background	384642	15.3 Mbp	15300000	0	40	44	PASS	PASS	WARN	PASS	WARN	PASS	PASS	PASS	PASS	PASS	PASS
TEAD4_FOXI1_1_AX_TACATC40NATA	/scratch/project_2013895/SELEX/data/Jolma2015/submitted_ftp/TEAD4_FOXI1_1_AX_TACATC40NATA.fastq.gz	background	436270	17.4 Mbp	17400000	0	40	53	PASS	PASS	PASS	PASS	FAIL	PASS	PASS	PASS	PASS	PASS	PASS
TEAD4_GATA3_2_AY_TGGGTA40NTGT	/scratch/project_2013895/SELEX/data/Jolma2015/submitted_ftp/TEAD4_GATA3_2_AY_TGGGTA40NTGT.fastq.gz	background	399698	15.9 Mbp	15900000	0	40	44	PASS	PASS	PASS	PASS	FAIL	PASS	PASS	PASS	PASS	PASS	PASS
TEAD4_SOX15_2_AY_TCGCCA40NCCT	/scratch/project_2013895/SELEX/data/Jolma2015/submitted_ftp/TEAD4_SOX15_2_AY_TCGCCA40NCCT.fastq.gz	background	430828	17.2 Mbp	17200000	0	40	43	PASS	PASS	PASS	PASS	WARN	PASS	PASS	PASS	PASS	PASS	PASS
MEIS1_HOXB13_2_AAB_TAAGGA40NCCG	/scratch/project_2013895/SELEX/data/Jolma2015/submitted_ftp/MEIS1_HOXB13_2_AAB_TAAGGA40NCCG.fastq.gz	background	1784408	71.3 Mbp	71300000	0	40	50	PASS	PASS	PASS	PASS	FAIL	PASS	PASS	PASS	WARN	PASS	PASS
ELF2_htSELEX_1_AL_TGCAAG20NAAC	/scratch/project_2013895/SELEX/data/Jolma2015/submitted_ftp/ELF2_htSELEX_1_AL_TGCAAG20NAAC.fastq.gz	background	1063573	21.2 Mbp	21200000	0	20	46	PASS	PASS	WARN	PASS	WARN	PASS	PASS	PASS	PASS	PASS	PASS
ETS2_htSELEX_1_AR_TAAGTG40NGAA	/scratch/project_2013895/SELEX/data/Jolma2015/submitted_ftp/ETS2_htSELEX_1_AR_TAAGTG40NGAA.fastq.gz	background	137638	5.5 Mbp	5500000	0	40	52	PASS	PASS	WARN	PASS	WARN	PASS	PASS	PASS	PASS	PASS	PASS
ETV7_htSELEX_3_AQ_TCTGAT40NCTA	/scratch/project_2013895/SELEX/data/Jolma2015/submitted_ftp/ETV7_htSELEX_3_AQ_TCTGAT40NCTA.fastq.gz	background	198588	7.9 Mbp	7900000	0	40	54	PASS	PASS	FAIL	PASS	FAIL	PASS	WARN	PASS	PASS	PASS	PASS
GATA1_htSELEX_1_AL_TGGGTA20NTGT	/scratch/project_2013895/SELEX/data/Jolma2015/submitted_ftp/GATA1_htSELEX_1_AL_TGGGTA20NTGT.fastq.gz	background	1234018	24.6 Mbp	24600000	0	20	42	PASS	PASS	WARN	PASS	WARN	PASS	PASS	PASS	PASS	PASS	PASS
GLI3_htSELEX_2_AN_TACCCG20NCCC	/scratch/project_2013895/SELEX/data/Jolma2015/submitted_ftp/GLI3_htSELEX_2_AN_TACCCG20NCCC.fastq.gz	background	158805	3.1 Mbp	3100000	0	20	43	PASS	PASS	FAIL	PASS	FAIL	PASS	PASS	PASS	PASS	PASS	PASS
HES1_htSELEX_2_AL_TCTTTC20NTTG	/scratch/project_2013895/SELEX/data/Jolma2015/submitted_ftp/HES1_htSELEX_2_AL_TCTTTC20NTTG.fastq.gz	background	19445	388.9 kbp	388900	0	20	46	PASS	PASS	WARN	PASS	WARN	PASS	PASS	PASS	PASS	PASS	PASS
HOXA3_htSELEX_2_AL_TGTCGT40NGCG	/scratch/project_2013895/SELEX/data/Jolma2015/submitted_ftp/HOXA3_htSELEX_2_AL_TGTCGT40NGCG.fastq.gz	background	38282	1.5 Mbp	1500000	0	40	41	PASS	WARN	FAIL	PASS	FAIL	PASS	PASS	PASS	PASS	PASS	PASS
HOXA4_htSELEX_3_AR_TGACCT40NCCA	/scratch/project_2013895/SELEX/data/Jolma2015/submitted_ftp/HOXA4_htSELEX_3_AR_TGACCT40NCCA.fastq.gz	background	256038	10.2 Mbp	10200000	0	40	47	PASS	PASS	FAIL	PASS	WARN	PASS	PASS	PASS	PASS	PASS	PASS
HOXA6_htSELEX_2_AN_TCGCCA20NGA	/scratch/project_2013895/SELEX/data/Jolma2015/submitted_ftp/HOXA6_htSELEX_2_AN_TCGCCA20NGA.fastq.gz	background	214326	4.2 Mbp	4200000	0	20	51	PASS	PASS	FAIL	PASS	FAIL	PASS	PASS	PASS	PASS	PASS	PASS
HOXA7_htSELEX_2_AN_TCGCGC20NGA	/scratch/project_2013895/SELEX/data/Jolma2015/submitted_ftp/HOXA7_htSELEX_2_AN_TCGCGC20NGA.fastq.gz	background	228528	4.5 Mbp	4500000	0	20	51	PASS	PASS	FAIL	PASS	FAIL	PASS	PASS	PASS	PASS	PASS	PASS
ZeroCycle_TGGCCC40NCCT_0_0	/scratch/project_2013895/SELEX/data/input_libraries/submitted_ftp/ZeroCycle_TGGCCC40NCCT_0_0.fastq.gz	background	49874	1.9 Mbp	1900000	0	40	47	PASS	PASS	FAIL	PASS	PASS	PASS	PASS	PASS	PASS	PASS	PASS
JUN_htSELEX_2_AL_TTAGCC20NTA	/scratch/project_2013895/SELEX/data/Jolma2015/submitted_ftp/JUN_htSELEX_2_AL_TTAGCC20NTA.fastq.gz	background	382968	7.6 Mbp	7600000	0	20	53	PASS	PASS	WARN	PASS	FAIL	PASS	PASS	PASS	PASS	PASS	PASS
MYCL2_htSELEX_2_AR_TAGCCT40NCCT	/scratch/project_2013895/SELEX/data/Jolma2015/submitted_ftp/MYCL2_htSELEX_2_AR_TAGCCT40NCCT.fastq.gz	background	255562	10.2 Mbp	10200000	0	40	49	PASS	PASS	FAIL	PASS	WARN	PASS	PASS	PASS	WARN	PASS	PASS
POU5F1_htSELEX_2_AQ_TTTAAG40NAGC	/scratch/project_2013895/SELEX/data/Jolma2015/submitted_ftp/POU5F1_htSELEX_2_AQ_TTTAAG40NAGC.fastq.gz	background	117379	4.6 Mbp	4600000	0	40	48	PASS	PASS	FAIL	PASS	FAIL	PASS	PASS	PASS	PASS	PASS	PASS
SOX6_htSELEX_2_AL_TTCCAA20NACC	/scratch/project_2013895/SELEX/data/Jolma2015/submitted_ftp/SOX6_htSELEX_2_AL_TTCCAA20NACC.fastq.gz	background	222318	4.4 Mbp	4400000	0	20	47	PASS	PASS	WARN	PASS	WARN	PASS	PASS	PASS	PASS	PASS	PASS
TBX3_htSELEX_3_AR_TAAGCC40NAGT	/scratch/project_2013895/SELEX/data/Jolma2015/submitted_ftp/TBX3_htSELEX_3_AR_TAAGCC40NAGT.fastq.gz	background	166991	6.6 Mbp	6600000	0	40	53	PASS	PASS	FAIL	PASS	WARN	PASS	PASS	PASS	PASS	PASS	PASS
TCF15_htSELEX_3_AR_TCTTAG40NATG	/scratch/project_2013895/SELEX/data/Jolma2015/submitted_ftp/TCF15_htSELEX_3_AR_TCTTAG40NATG.fastq.gz	background	219252	8.7 Mbp	8700000	0	40	49	PASS	PASS	FAIL	PASS	WARN	PASS	PASS	PASS	PASS	PASS	PASS
KR_TACTGG40NGGA_3	/scratch/project_2013895/SELEX/data/Nitta2015/submitted_ftp/KR_TACTGG40NGGA_3.fastq.gz	background	141393	5.6 Mbp	5600000	0	40	55	PASS	PASS	PASS	PASS	WARN	PASS	PASS	PASS	PASS	PASS	PASS
AL_TTAGGG20NGGA_2	/scratch/project_2013895/SELEX/data/Nitta2015/submitted_ftp/AL_TTAGGG20NGGA_2.fastq.gz	background	437074	8.7 Mbp	8700000	0	20	38	PASS	PASS	WARN	PASS	FAIL	PASS	PASS	PASS	PASS	PASS	PASS
KG_TCGGGG20NGA_2	/scratch/project_2013895/SELEX/data/Nitta2015/submitted_ftp/KG_TCGGGG20NGA_2.fastq.gz	background	159803	3.1 Mbp	3100000	0	20	50	PASS	PASS	FAIL	PASS	FAIL	PASS	WARN	PASS	PASS	PASS	PASS
AR_TCGCAA40NTGT_3	/scratch/project_2013895/SELEX/data/Nitta2015/submitted_ftp/AR_TCGCAA40NTGT_3.fastq.gz	background	159490	6.3 Mbp	6300000	0	40	52	PASS	PASS	FAIL	PASS	WARN	PASS	PASS	PASS	PASS	PASS	PASS
KR_TACTGG40NGGA_2	/scratch/project_2013895/SELEX/data/Nitta2015/submitted_ftp/KR_TACTGG40NGGA_2.fastq.gz	background	319708	12.7 Mbp	12700000	0	40	54	PASS	PASS	PASS	PASS	WARN	PASS	PASS	PASS	PASS	PASS	PASS
KL_TTTAGC40NGAC_1	/scratch/project_2013895/SELEX/data/Nitta2015/submitted_ftp/KL_TTTAGC40NGAC_1.fastq.gz	background	204141	8.1 Mbp	8100000	0	40	50	PASS	PASS	FAIL	PASS	WARN	PASS	PASS	PASS	PASS	PASS	PASS
PROX1_eDBD_3_KR_TGCTCT40NTTA	/scratch/project_2013895/SELEX/data/Yin2017/submitted_ftp/PROX1_eDBD_3_KR_TGCTCT40NTTA.fastq.gz	background	312775	12.5 Mbp	12500000	0	40	54	PASS	PASS	PASS	PASS	FAIL	PASS	PASS	PASS	PASS	WARN	PASS
MSX2_eDBD_1_KR_TAACTC40NGTC	/scratch/project_2013895/SELEX/data/Yin2017/submitted_ftp/MSX2_eDBD_1_KR_TAACTC40NGTC.fastq.gz	background	633006	25.3 Mbp	25300000	0	40	45	PASS	PASS	PASS	PASS	WARN	PASS	PASS	PASS	PASS	PASS	PASS
MSX1_eDBD_2_KO_TACTGG40NGGA	/scratch/project_2013895/SELEX/data/Yin2017/submitted_ftp/MSX1_eDBD_2_KO_TACTGG40NGGA.fastq.gz	background	334561	13.3 Mbp	13300000	0	40	49	PASS	PASS	PASS	PASS	WARN	PASS	PASS	PASS	PASS	PASS	PASS
MSX1_FL_2_KV_TCTTAT40NACA	/scratch/project_2013895/SELEX/data/Yin2017/submitted_ftp/MSX1_FL_2_KV_TCTTAT40NACA.fastq.gz	background	388692	15.5 Mbp	15500000	0	40	47	PASS	PASS	PASS	PASS	FAIL	PASS	PASS	PASS	PASS	PASS	PASS
MNX1_eDBD_2_KO_TAAGGG40NACC	/scratch/project_2013895/SELEX/data/Yin2017/submitted_ftp/MNX1_eDBD_2_KO_TAAGGG40NACC.fastq.gz	background	237802	9.5 Mbp	9500000	0	40	47	PASS	PASS	PASS	PASS	FAIL	PASS	PASS	PASS	PASS	PASS	PASS
GBX2_eDBD_1_KP_TCAGCA40NCTC	/scratch/project_2013895/SELEX/data/Yin2017/submitted_ftp/GBX2_eDBD_1_KP_TCAGCA40NCTC.fastq.gz	background	274187	10.9 Mbp	10900000	0	40	52	PASS	PASS	PASS	PASS	WARN	PASS	PASS	PASS	PASS	PASS	PASS
GBX2_FL_1_KV_TGGTGG40NTAA	/scratch/project_2013895/SELEX/data/Yin2017/submitted_ftp/GBX2_FL_1_KV_TGGTGG40NTAA.fastq.gz	background	261187	10.4 Mbp	10400000	0	40	44	PASS	PASS	PASS	PASS	WARN	PASS	PASS	PASS	PASS	PASS	PASS
BARHL1_eDBD_2_KT_TTAGCG40NAGA	/scratch/project_2013895/SELEX/data/Yin2017/submitted_ftp/BARHL1_eDBD_2_KT_TTAGCG40NAGA.fastq.gz	background	198733	7.9 Mbp	7900000	0	40	48	PASS	PASS	PASS	PASS	FAIL	PASS	PASS	PASS	PASS	PASS	PASS
BARHL2_eDBD_1_KT_TCTCCA40NGGA	/scratch/project_2013895/SELEX/data/Yin2017/submitted_ftp/BARHL2_eDBD_1_KT_TCTCCA40NGGA.fastq.gz	background	309149	12.3 Mbp	12300000	0	40	47	PASS	PASS	PASS	PASS	WARN	PASS	PASS	PASS	PASS	PASS	PASS
BARHL2_FL_2_KZ_TGGGAG40NAGG	/scratch/project_2013895/SELEX/data/Yin2017/submitted_ftp/BARHL2_FL_2_KZ_TGGGAG40NAGG.fastq.gz	background	78930	3.1 Mbp	3100000	0	40	47	PASS	PASS	FAIL	PASS	WARN	PASS	WARN	PASS	PASS	PASS	PASS
BARX2_FL_1_KZ_TAGTTA40NGTG	/scratch/project_2013895/SELEX/data/Yin2017/submitted_ftp/BARX2_FL_1_KZ_TAGTTA40NGTG.fastq.gz	background	702796	28.1 Mbp	28100000	0	40	47	PASS	PASS	PASS	PASS	FAIL	PASS	PASS	PASS	PASS	PASS	PASS
BSX_eDBD_1_KO_TGTATA40NGGT	/scratch/project_2013895/SELEX/data/Yin2017/submitted_ftp/BSX_eDBD_1_KO_TGTATA40NGGT.fastq.gz	background	336171	13.4 Mbp	13400000	0	40	47	PASS	PASS	FAIL	PASS	WARN	PASS	PASS	PASS	PASS	PASS	PASS
DLX6_eDBD_1_KR_TGGTGG40NTAA	/scratch/project_2013895/SELEX/data/Yin2017/submitted_ftp/DLX6_eDBD_1_KR_TGGTGG40NTAA.fastq.gz	background	514087	20.5 Mbp	20500000	0	40	47	PASS	PASS	PASS	PASS	WARN	PASS	PASS	PASS	PASS	PASS	PASS
DLX1_eDBD_1_KT_TGGTCA40NGTG	/scratch/project_2013895/SELEX/data/Yin2017/submitted_ftp/DLX1_eDBD_1_KT_TGGTCA40NGTG.fastq.gz	background	405883	16.2 Mbp	16200000	0	40	49	PASS	PASS	PASS	PASS	WARN	PASS	PASS	PASS	PASS	PASS	PASS
DLX1_FL_1_KAE_TCCATG40NCAC	/scratch/project_2013895/SELEX/data/Yin2017/submitted_ftp/DLX1_FL_1_KAE_TCCATG40NCAC.fastq.gz	background	270300	10.8 Mbp	10800000	0	40	44	PASS	PASS	FAIL	PASS	PASS	PASS	WARN	PASS	PASS	PASS	PASS
DLX4_eDBD_1_KT_TCGAGT40NACT	/scratch/project_2013895/SELEX/data/Yin2017/submitted_ftp/DLX4_eDBD_1_KT_TCGAGT40NACT.fastq.gz	background	286364	11.4 Mbp	11400000	0	40	47	PASS	PASS	PASS	PASS	FAIL	PASS	PASS	PASS	PASS	PASS	PASS
DLX4_FL_1_KV_TCGTGG40NTCT	/scratch/project_2013895/SELEX/data/Yin2017/submitted_ftp/DLX4_FL_1_KV_TCGTGG40NTCT.fastq.gz	background	267091	10.6 Mbp	10600000	0	40	45	PASS	PASS	PASS	PASS	WARN	PASS	PASS	PASS	PASS	PASS	PASS
DLX3_eDBD_1_KN_TCCACA40NGCC	/scratch/project_2013895/SELEX/data/Yin2017/submitted_ftp/DLX3_eDBD_1_KN_TCCACA40NGCC.fastq.gz	background	206126	8.2 Mbp	8199999.999999999	0	40	50	PASS	PASS	FAIL	PASS	FAIL	PASS	WARN	PASS	PASS	PASS	PASS
DLX3_FL_1_KW_TGGAGA40NCCA	/scratch/project_2013895/SELEX/data/Yin2017/submitted_ftp/DLX3_FL_1_KW_TGGAGA40NCCA.fastq.gz	background	188083	7.5 Mbp	7500000	0	40	45	PASS	PASS	FAIL	PASS	WARN	PASS	PASS	PASS	PASS	PASS	PASS
DLX5_eDBD_1_KT_TACGAA40NAGA	/scratch/project_2013895/SELEX/data/Yin2017/submitted_ftp/DLX5_eDBD_1_KT_TACGAA40NAGA.fastq.gz	background	439091	17.5 Mbp	17500000	0	40	48	PASS	PASS	PASS	PASS	WARN	PASS	PASS	PASS	PASS	PASS	PASS
DLX5_FL_1_KX_TACGGT40NTAC	/scratch/project_2013895/SELEX/data/Yin2017/submitted_ftp/DLX5_FL_1_KX_TACGGT40NTAC.fastq.gz	background	193024	7.7 Mbp	7700000	0	40	48	PASS	PASS	PASS	PASS	WARN	PASS	PASS	PASS	PASS	PASS	PASS
DLX2_eDBD_1_KP_TGTCTG40NAGG	/scratch/project_2013895/SELEX/data/Yin2017/submitted_ftp/DLX2_eDBD_1_KP_TGTCTG40NAGG.fastq.gz	background	313294	12.5 Mbp	12500000	0	40	46	PASS	PASS	PASS	PASS	WARN	PASS	PASS	PASS	PASS	PASS	PASS
DLX2_FL_1_KW_TGGGAG40NAGG	/scratch/project_2013895/SELEX/data/Yin2017/submitted_ftp/DLX2_FL_1_KW_TGGGAG40NAGG.fastq.gz	background	126531	5 Mbp	5000000	0	40	47	PASS	PASS	FAIL	PASS	WARN	PASS	PASS	PASS	PASS	PASS	PASS
NKX3-2_eDBD_2_KP_TTTGAG40NATT	/scratch/project_2013895/SELEX/data/Yin2017/submitted_ftp/NKX3-2_eDBD_2_KP_TTTGAG40NATT.fastq.gz	background	337396	13.4 Mbp	13400000	0	40	52	PASS	PASS	FAIL	PASS	FAIL	PASS	PASS	PASS	PASS	PASS	PASS
NKX3-1_eDBD_2_KV_TTTGAG40NATT	/scratch/project_2013895/SELEX/data/Yin2017/submitted_ftp/NKX3-1_eDBD_2_KV_TTTGAG40NATT.fastq.gz	background	381719	15.2 Mbp	15200000	0	40	50	PASS	PASS	PASS	PASS	FAIL	PASS	PASS	PASS	PASS	PASS	PASS
NKX2-8_FL_2_KW_TTGTTA40NGGT	/scratch/project_2013895/SELEX/data/Yin2017/submitted_ftp/NKX2-8_FL_2_KW_TTGTTA40NGGT.fastq.gz	background	244623	9.7 Mbp	9700000	0	40	53	PASS	PASS	FAIL	PASS	WARN	PASS	PASS	PASS	PASS	PASS	PASS
NKX2-3_eDBD_2_KR_TCTGCC40NCAC	/scratch/project_2013895/SELEX/data/Yin2017/submitted_ftp/NKX2-3_eDBD_2_KR_TCTGCC40NCAC.fastq.gz	background	145689	5.8 Mbp	5800000	0	40	52	PASS	PASS	PASS	PASS	WARN	PASS	PASS	PASS	PASS	PASS	PASS
NKX2-3_FL_2_KV_TAGGTT40NAAG	/scratch/project_2013895/SELEX/data/Yin2017/submitted_ftp/NKX2-3_FL_2_KV_TAGGTT40NAAG.fastq.gz	background	150708	6 Mbp	6000000	0	40	49	PASS	PASS	PASS	PASS	FAIL	PASS	PASS	PASS	PASS	PASS	PASS
NKX2-5_FL_2_KW_TCCGAG40NTGG	/scratch/project_2013895/SELEX/data/Yin2017/submitted_ftp/NKX2-5_FL_2_KW_TCCGAG40NTGG.fastq.gz	background	148865	5.9 Mbp	5900000	0	40	52	PASS	PASS	FAIL	PASS	WARN	PASS	PASS	PASS	PASS	PASS	PASS
HMX1_eDBD_3_KO_TCCTCA40NAAC	/scratch/project_2013895/SELEX/data/Yin2017/submitted_ftp/HMX1_eDBD_3_KO_TCCTCA40NAAC.fastq.gz	background	345261	13.8 Mbp	13800000	0	40	47	PASS	PASS	PASS	PASS	WARN	PASS	PASS	PASS	PASS	PASS	PASS
HMX2_eDBD_3_KO_TTAGCT40NCCT	/scratch/project_2013895/SELEX/data/Yin2017/submitted_ftp/HMX2_eDBD_3_KO_TTAGCT40NCCT.fastq.gz	background	286057	11.4 Mbp	11400000	0	40	51	PASS	PASS	PASS	PASS	WARN	PASS	PASS	PASS	PASS	PASS	PASS
HMX2_FL_2_KZ_TCGGGT40NAAG	/scratch/project_2013895/SELEX/data/Yin2017/submitted_ftp/HMX2_FL_2_KZ_TCGGGT40NAAG.fastq.gz	background	280077	11.2 Mbp	11200000	0	40	47	PASS	PASS	FAIL	PASS	WARN	PASS	WARN	PASS	PASS	PASS	PASS
ZeroCycle_TTAGCA40NGGT_0_0	/scratch/project_2013895/SELEX/data/input_libraries/submitted_ftp/ZeroCycle_TTAGCA40NGGT_0_0.fastq.gz	background	194804	7.7 Mbp	7700000	0	40	51	PASS	PASS	FAIL	PASS	WARN	PASS	PASS	PASS	PASS	PASS	PASS
ZeroCycle_TGAACT40NAAG_0_0	/scratch/project_2013895/SELEX/data/input_libraries/submitted_ftp/ZeroCycle_TGAACT40NAAG_0_0.fastq.gz	background	166820	6.6 Mbp	6600000	0	40	52	PASS	PASS	FAIL	PASS	WARN	PASS	PASS	PASS	PASS	PASS	PASS
TLX2_eDBD_1_KO_TCTGCA40NATA	/scratch/project_2013895/SELEX/data/Yin2017/submitted_ftp/TLX2_eDBD_1_KO_TCTGCA40NATA.fastq.gz	background	379003	15.1 Mbp	15100000	0	40	41	PASS	PASS	FAIL	PASS	WARN	PASS	PASS	PASS	PASS	PASS	PASS
NKX6-2_eDBD_2_KO_TCCAAG40NAAC	/scratch/project_2013895/SELEX/data/Yin2017/submitted_ftp/NKX6-2_eDBD_2_KO_TCCAAG40NAAC.fastq.gz	background	440310	17.6 Mbp	17600000	0	40	42	PASS	PASS	PASS	PASS	WARN	PASS	PASS	PASS	PASS	PASS	PASS
NKX6-2_FL_2_KV_TCATGA40NAGT	/scratch/project_2013895/SELEX/data/Yin2017/submitted_ftp/NKX6-2_FL_2_KV_TCATGA40NAGT.fastq.gz	background	416419	16.6 Mbp	16600000.000000002	0	40	41	PASS	PASS	PASS	PASS	WARN	PASS	PASS	PASS	PASS	PASS	PASS
NKX6-3_eDBD_1_KO_TGTAGA40NTGT	/scratch/project_2013895/SELEX/data/Yin2017/submitted_ftp/NKX6-3_eDBD_1_KO_TGTAGA40NTGT.fastq.gz	background	275841	11 Mbp	11000000	0	40	42	PASS	PASS	FAIL	PASS	WARN	PASS	PASS	PASS	PASS	PASS	PASS
LBX2_eDBD_3_KP_TGAAGC40NCTA	/scratch/project_2013895/SELEX/data/Yin2017/submitted_ftp/LBX2_eDBD_3_KP_TGAAGC40NCTA.fastq.gz	background	194123	7.7 Mbp	7700000	0	40	46	PASS	PASS	WARN	PASS	WARN	PASS	PASS	PASS	PASS	PASS	PASS
NOTO_eDBD_2_KO_TGAACC40NCCA	/scratch/project_2013895/SELEX/data/Yin2017/submitted_ftp/NOTO_eDBD_2_KO_TGAACC40NCCA.fastq.gz	background	253414	10.1 Mbp	10100000	0	40	43	PASS	PASS	PASS	PASS	WARN	PASS	PASS	PASS	PASS	PASS	PASS
EMX1_eDBD_1_KO_TTAGCA40NGGT	/scratch/project_2013895/SELEX/data/Yin2017/submitted_ftp/EMX1_eDBD_1_KO_TTAGCA40NGGT.fastq.gz	background	303838	12.1 Mbp	12100000	0	40	44	PASS	PASS	FAIL	PASS	WARN	PASS	PASS	PASS	PASS	PASS	PASS
EMX1_FL_1_KW_TTTAGG40NTCT	/scratch/project_2013895/SELEX/data/Yin2017/submitted_ftp/EMX1_FL_1_KW_TTTAGG40NTCT.fastq.gz	background	177508	7.1 Mbp	7100000	0	40	50	PASS	PASS	FAIL	PASS	FAIL	PASS	PASS	PASS	PASS	PASS	PASS
EMX2_eDBD_1_KP_TCAGGG40NGCA	/scratch/project_2013895/SELEX/data/Yin2017/submitted_ftp/EMX2_eDBD_1_KP_TCAGGG40NGCA.fastq.gz	background	208280	8.3 Mbp	8300000.000000001	0	40	43	PASS	PASS	PASS	PASS	FAIL	PASS	PASS	PASS	PASS	PASS	PASS
VAX1_eDBD_2_KO_TGGTCG40NTAA	/scratch/project_2013895/SELEX/data/Yin2017/submitted_ftp/VAX1_eDBD_2_KO_TGGTCG40NTAA.fastq.gz	background	224989	8.9 Mbp	8900000	0	40	44	PASS	PASS	PASS	PASS	WARN	PASS	PASS	PASS	PASS	PASS	PASS
VAX2_FL_2_KX_TGTCGA40NGCA	/scratch/project_2013895/SELEX/data/Yin2017/submitted_ftp/VAX2_FL_2_KX_TGTCGA40NGCA.fastq.gz	background	165068	6.6 Mbp	6600000	0	40	43	PASS	PASS	WARN	PASS	WARN	PASS	PASS	PASS	PASS	PASS	PASS
VENTX_FL_3_KW_TATTTG40NCCA	/scratch/project_2013895/SELEX/data/Yin2017/submitted_ftp/VENTX_FL_3_KW_TATTTG40NCCA.fastq.gz	background	484808	19.3 Mbp	19300000	0	40	44	PASS	PASS	PASS	PASS	FAIL	PASS	PASS	PASS	PASS	PASS	PASS
HOXB7_eDBD_2_KT_TAAGGC40NTGA	/scratch/project_2013895/SELEX/data/Yin2017/submitted_ftp/HOXB7_eDBD_2_KT_TAAGGC40NTGA.fastq.gz	background	253844	10.1 Mbp	10100000	0	40	44	PASS	PASS	PASS	PASS	WARN	PASS	PASS	PASS	PASS	PASS	PASS
HOXA7_eDBD_3_KR_TGGCTA40NTCC	/scratch/project_2013895/SELEX/data/Yin2017/submitted_ftp/HOXA7_eDBD_3_KR_TGGCTA40NTCC.fastq.gz	background	279703	11.1 Mbp	11100000	0	40	46	PASS	PASS	PASS	PASS	WARN	WARN	PASS	PASS	PASS	PASS	PASS
HOXA6_eDBD_2_KP_TCGTCA40NCTA	/scratch/project_2013895/SELEX/data/Yin2017/submitted_ftp/HOXA6_eDBD_2_KP_TCGTCA40NCTA.fastq.gz	background	348479	13.9 Mbp	13900000	0	40	43	PASS	PASS	FAIL	PASS	WARN	PASS	PASS	PASS	PASS	PASS	PASS
HOXB5_eDBD_2_KO_TCGGAC40NCCA	/scratch/project_2013895/SELEX/data/Yin2017/submitted_ftp/HOXB5_eDBD_2_KO_TCGGAC40NCCA.fastq.gz	background	475038	19 Mbp	19000000	0	40	50	PASS	PASS	PASS	PASS	WARN	PASS	PASS	PASS	PASS	PASS	PASS
HOXB5_FL_3_KAE_TCTGAG40NCAG	/scratch/project_2013895/SELEX/data/Yin2017/submitted_ftp/HOXB5_FL_3_KAE_TCTGAG40NCAG.fastq.gz	background	197078	7.8 Mbp	7800000	0	40	49	PASS	PASS	PASS	PASS	FAIL	PASS	PASS	PASS	PASS	PASS	PASS
HOXA5_eDBD_3_KV_TTAGTA40NCTC	/scratch/project_2013895/SELEX/data/Yin2017/submitted_ftp/HOXA5_eDBD_3_KV_TTAGTA40NCTC.fastq.gz	background	251383	10 Mbp	10000000	0	40	48	PASS	PASS	PASS	PASS	FAIL	PASS	PASS	PASS	PASS	PASS	PASS
HOXA5_FL_3_KAE_TCAGTA40NACC	/scratch/project_2013895/SELEX/data/Yin2017/submitted_ftp/HOXA5_FL_3_KAE_TCAGTA40NACC.fastq.gz	background	193337	7.7 Mbp	7700000	0	40	49	PASS	PASS	PASS	PASS	WARN	PASS	PASS	PASS	PASS	PASS	PASS
HOXD4_eDBD_1_KO_TGAGAC40NCAA	/scratch/project_2013895/SELEX/data/Yin2017/submitted_ftp/HOXD4_eDBD_1_KO_TGAGAC40NCAA.fastq.gz	background	387849	15.5 Mbp	15500000	0	40	46	PASS	PASS	FAIL	PASS	WARN	PASS	PASS	PASS	PASS	PASS	PASS
HOXD4_FL_1_KV_TTTACT40NACA	/scratch/project_2013895/SELEX/data/Yin2017/submitted_ftp/HOXD4_FL_1_KV_TTTACT40NACA.fastq.gz	background	217925	8.7 Mbp	8700000	0	40	50	PASS	PASS	PASS	PASS	WARN	PASS	PASS	PASS	PASS	PASS	PASS
HOXA4_eDBD_2_KO_TCTAGG40NCTG	/scratch/project_2013895/SELEX/data/Yin2017/submitted_ftp/HOXA4_eDBD_2_KO_TCTAGG40NCTG.fastq.gz	background	228042	9.1 Mbp	9100000	0	40	48	PASS	PASS	PASS	PASS	FAIL	PASS	PASS	PASS	PASS	PASS	PASS
HOXC4_FL_1_KV_TTCGGG40NGAG	/scratch/project_2013895/SELEX/data/Yin2017/submitted_ftp/HOXC4_FL_1_KV_TTCGGG40NGAG.fastq.gz	background	198527	7.9 Mbp	7900000	0	40	50	PASS	PASS	PASS	PASS	WARN	PASS	PASS	PASS	PASS	PASS	PASS
HOXB4_FL_2_KV_TCTGCA40NATA	/scratch/project_2013895/SELEX/data/Yin2017/submitted_ftp/HOXB4_FL_2_KV_TCTGCA40NATA.fastq.gz	background	379288	15.1 Mbp	15100000	0	40	46	PASS	PASS	PASS	PASS	WARN	PASS	PASS	PASS	PASS	PASS	PASS
HOXD8_eDBD_3_KP_TCGGGT40NAAG	/scratch/project_2013895/SELEX/data/Yin2017/submitted_ftp/HOXD8_eDBD_3_KP_TCGGGT40NAAG.fastq.gz	background	207099	8.2 Mbp	8199999.999999999	0	40	49	PASS	PASS	WARN	PASS	WARN	PASS	PASS	PASS	PASS	PASS	PASS
HOXB8_eDBD_2_KP_TAAAGT40NAGC	/scratch/project_2013895/SELEX/data/Yin2017/submitted_ftp/HOXB8_eDBD_2_KP_TAAAGT40NAGC.fastq.gz	background	320267	12.8 Mbp	12800000	0	40	47	PASS	PASS	FAIL	PASS	FAIL	PASS	PASS	PASS	PASS	PASS	PASS
HOXC8_FL_2_KV_TGCGCA40NCAA	/scratch/project_2013895/SELEX/data/Yin2017/submitted_ftp/HOXC8_FL_2_KV_TGCGCA40NCAA.fastq.gz	background	424676	16.9 Mbp	16900000	0	40	40	PASS	PASS	PASS	PASS	WARN	WARN	PASS	PASS	PASS	PASS	PASS
HOXA2_eDBD_1_KN_TAGTCT40NGCA	/scratch/project_2013895/SELEX/data/Yin2017/submitted_ftp/HOXA2_eDBD_1_KN_TAGTCT40NGCA.fastq.gz	background	213426	8.5 Mbp	8500000	0	40	50	PASS	PASS	FAIL	PASS	FAIL	PASS	WARN	PASS	PASS	PASS	PASS
HOXA2_FL_1_KZ_TCGGCT40NTAA	/scratch/project_2013895/SELEX/data/Yin2017/submitted_ftp/HOXA2_FL_1_KZ_TCGGCT40NTAA.fastq.gz	background	645363	25.8 Mbp	25800000	0	40	47	PASS	PASS	PASS	PASS	WARN	PASS	PASS	PASS	PASS	PASS	PASS
HOXB2_eDBD_1_KP_TCTGCT40NTGT	/scratch/project_2013895/SELEX/data/Yin2017/submitted_ftp/HOXB2_eDBD_1_KP_TCTGCT40NTGT.fastq.gz	background	319012	12.7 Mbp	12700000	0	40	46	PASS	PASS	PASS	PASS	WARN	PASS	PASS	PASS	PASS	PASS	PASS
HOXD3_FL_2_KW_TACATA40NAGA	/scratch/project_2013895/SELEX/data/Yin2017/submitted_ftp/HOXD3_FL_2_KW_TACATA40NAGA.fastq.gz	background	193916	7.7 Mbp	7700000	0	40	47	PASS	PASS	FAIL	PASS	WARN	PASS	PASS	PASS	PASS	PASS	PASS
PDX1_eDBD_1_KO_TGCCCT40NTCG	/scratch/project_2013895/SELEX/data/Yin2017/submitted_ftp/PDX1_eDBD_1_KO_TGCCCT40NTCG.fastq.gz	background	405378	16.2 Mbp	16200000	0	40	44	PASS	PASS	FAIL	PASS	WARN	PASS	PASS	PASS	PASS	PASS	PASS
GSX2_eDBD_1_KO_TGTCAG40NGAC	/scratch/project_2013895/SELEX/data/Yin2017/submitted_ftp/GSX2_eDBD_1_KO_TGTCAG40NGAC.fastq.gz	background	328190	13.1 Mbp	13100000	0	40	44	PASS	PASS	FAIL	PASS	WARN	PASS	PASS	PASS	PASS	PASS	PASS
ZeroCycle_TACGAA40NAGA_0_0	/scratch/project_2013895/SELEX/data/input_libraries/submitted_ftp/ZeroCycle_TACGAA40NAGA_0_0.fastq.gz	background	169748	6.7 Mbp	6700000	0	40	54	PASS	PASS	FAIL	PASS	WARN	PASS	PASS	PASS	PASS	PASS	PASS
HOXA1_FL_3_KX_TGACAA40NACT	/scratch/project_2013895/SELEX/data/Yin2017/submitted_ftp/HOXA1_FL_3_KX_TGACAA40NACT.fastq.gz	background	188029	7.5 Mbp	7500000	0	40	43	PASS	PASS	PASS	PASS	FAIL	WARN	PASS	PASS	PASS	PASS	PASS
HOXD1_eDBD_3_KR_TTCAGG40NTGC	/scratch/project_2013895/SELEX/data/Yin2017/submitted_ftp/HOXD1_eDBD_3_KR_TTCAGG40NTGC.fastq.gz	background	151100	6 Mbp	6000000	0	40	48	PASS	PASS	PASS	PASS	WARN	WARN	PASS	PASS	PASS	PASS	PASS
HOXB1_eDBD_2_KO_TAAAGT40NAGC	/scratch/project_2013895/SELEX/data/Yin2017/submitted_ftp/HOXB1_eDBD_2_KO_TAAAGT40NAGC.fastq.gz	background	277512	11.1 Mbp	11100000	0	40	46	PASS	PASS	PASS	PASS	WARN	WARN	PASS	PASS	PASS	PASS	PASS
MEOX1_FL_1_KX_TAAGCA40NGTC	/scratch/project_2013895/SELEX/data/Yin2017/submitted_ftp/MEOX1_FL_1_KX_TAAGCA40NGTC.fastq.gz	background	189353	7.5 Mbp	7500000	0	40	45	PASS	PASS	PASS	PASS	FAIL	PASS	PASS	PASS	PASS	PASS	PASS
MEOX2_FL_1_KX_TACGGG40NCTT	/scratch/project_2013895/SELEX/data/Yin2017/submitted_ftp/MEOX2_FL_1_KX_TACGGG40NCTT.fastq.gz	background	194543	7.7 Mbp	7700000	0	40	45	PASS	PASS	PASS	PASS	WARN	PASS	PASS	PASS	PASS	PASS	PASS
HOXB9_eDBD_2_KT_TTCGTT40NGCC	/scratch/project_2013895/SELEX/data/Yin2017/submitted_ftp/HOXB9_eDBD_2_KT_TTCGTT40NGCC.fastq.gz	background	246999	9.8 Mbp	9800000	0	40	52	PASS	PASS	PASS	PASS	WARN	PASS	PASS	PASS	PASS	PASS	PASS
HOXD9_eDBD_3_KQ_TGCGTC40NTTA	/scratch/project_2013895/SELEX/data/Yin2017/submitted_ftp/HOXD9_eDBD_3_KQ_TGCGTC40NTTA.fastq.gz	background	564087	22.5 Mbp	22500000	0	40	43	PASS	PASS	PASS	PASS	FAIL	PASS	PASS	PASS	PASS	PASS	PASS
HOXD9_FL_3_KW_TCTCCT40NCCT	/scratch/project_2013895/SELEX/data/Yin2017/submitted_ftp/HOXD9_FL_3_KW_TCTCCT40NCCT.fastq.gz	background	354633	14.1 Mbp	14100000	0	40	42	PASS	PASS	PASS	PASS	WARN	WARN	PASS	PASS	PASS	PASS	PASS
HOXC9_FL_3_KV_TATGTA40NTGT	/scratch/project_2013895/SELEX/data/Yin2017/submitted_ftp/HOXC9_FL_3_KV_TATGTA40NTGT.fastq.gz	background	451796	18 Mbp	18000000	0	40	41	PASS	PASS	PASS	PASS	WARN	PASS	PASS	PASS	PASS	PASS	PASS
HOXA9_FL_3_KAE_TTCTAC40NCGA	/scratch/project_2013895/SELEX/data/Yin2017/submitted_ftp/HOXA9_FL_3_KAE_TTCTAC40NCGA.fastq.gz	background	222316	8.8 Mbp	8800000	0	40	44	PASS	PASS	PASS	PASS	WARN	PASS	PASS	PASS	PASS	PASS	PASS
HOXD10_eDBD_3_KT_TAAGTC40NCGT	/scratch/project_2013895/SELEX/data/Yin2017/submitted_ftp/HOXD10_eDBD_3_KT_TAAGTC40NCGT.fastq.gz	background	270179	10.8 Mbp	10800000	0	40	45	PASS	PASS	FAIL	PASS	WARN	PASS	PASS	PASS	PASS	PASS	PASS
ZeroCycle_TCGATG40NTAC_0_0	/scratch/project_2013895/SELEX/data/input_libraries/submitted_ftp/ZeroCycle_TCGATG40NTAC_0_0.fastq.gz	background	378729	15.1 Mbp	15100000	0	40	50	PASS	PASS	FAIL	PASS	WARN	PASS	PASS	PASS	PASS	PASS	PASS
HOXA10_eDBD_3_KR_TGTCGA40NGCA	/scratch/project_2013895/SELEX/data/Yin2017/submitted_ftp/HOXA10_eDBD_3_KR_TGTCGA40NGCA.fastq.gz	background	226667	9 Mbp	9000000	0	40	44	PASS	PASS	PASS	PASS	WARN	WARN	PASS	PASS	PASS	PASS	PASS
HOXA10_FL_3_KZ_TGGCCT40NTAT	/scratch/project_2013895/SELEX/data/Yin2017/submitted_ftp/HOXA10_FL_3_KZ_TGGCCT40NTAT.fastq.gz	background	478400	19.1 Mbp	19100000	0	40	49	PASS	PASS	FAIL	PASS	WARN	PASS	PASS	PASS	PASS	PASS	PASS
HOXC10_eDBD_3_KR_TACTAA40NATT	/scratch/project_2013895/SELEX/data/Yin2017/submitted_ftp/HOXC10_eDBD_3_KR_TACTAA40NATT.fastq.gz	background	85877	3.4 Mbp	3400000	0	40	49	PASS	PASS	PASS	PASS	FAIL	PASS	PASS	PASS	PASS	PASS	PASS
HOXC10_FL_3_KX_TTGGCC40NTCG	/scratch/project_2013895/SELEX/data/Yin2017/submitted_ftp/HOXC10_FL_3_KX_TTGGCC40NTCG.fastq.gz	background	246707	9.8 Mbp	9800000	0	40	45	PASS	PASS	PASS	PASS	WARN	PASS	PASS	PASS	PASS	PASS	PASS
HOXC11_eDBD_1_KR_TCTGCA40NATA	/scratch/project_2013895/SELEX/data/Yin2017/submitted_ftp/HOXC11_eDBD_1_KR_TCTGCA40NATA.fastq.gz	background	490357	19.6 Mbp	19600000	0	40	48	PASS	PASS	PASS	PASS	WARN	PASS	PASS	PASS	PASS	PASS	PASS
HOXC11_FL_2_KX_TCAGAA40NAGG	/scratch/project_2013895/SELEX/data/Yin2017/submitted_ftp/HOXC11_FL_2_KX_TCAGAA40NAGG.fastq.gz	background	124794	4.9 Mbp	4900000	0	40	50	PASS	PASS	WARN	PASS	WARN	PASS	PASS	PASS	PASS	PASS	PASS
HOXA11_eDBD_2_KS_TGAACT40NAAG	/scratch/project_2013895/SELEX/data/Yin2017/submitted_ftp/HOXA11_eDBD_2_KS_TGAACT40NAAG.fastq.gz	background	124531	4.9 Mbp	4900000	0	40	51	PASS	PASS	WARN	PASS	WARN	PASS	PASS	PASS	PASS	PASS	PASS
HOXD11_eDBD_3_KP_TTCGAG40NGCG	/scratch/project_2013895/SELEX/data/Yin2017/submitted_ftp/HOXD11_eDBD_3_KP_TTCGAG40NGCG.fastq.gz	background	202402	8 Mbp	8000000	0	40	45	PASS	PASS	WARN	PASS	WARN	WARN	PASS	PASS	PASS	PASS	PASS
HOXC12_eDBD_1_KP_TAGTGC40NATG	/scratch/project_2013895/SELEX/data/Yin2017/submitted_ftp/HOXC12_eDBD_1_KP_TAGTGC40NATG.fastq.gz	background	231700	9.2 Mbp	9200000	0	40	48	PASS	PASS	PASS	PASS	WARN	PASS	PASS	PASS	PASS	PASS	PASS
HOXD12_eDBD_3_KO_TAGTTA40NGTG	/scratch/project_2013895/SELEX/data/Yin2017/submitted_ftp/HOXD12_eDBD_3_KO_TAGTTA40NGTG.fastq.gz	background	316062	12.6 Mbp	12600000	0	40	49	PASS	PASS	PASS	PASS	FAIL	PASS	PASS	PASS	PASS	PASS	PASS
HOXA13_eDBD_2_KP_TACTGA40NACC	/scratch/project_2013895/SELEX/data/Yin2017/submitted_ftp/HOXA13_eDBD_2_KP_TACTGA40NACC.fastq.gz	background	419599	16.7 Mbp	16700000	0	40	44	PASS	PASS	FAIL	PASS	WARN	WARN	PASS	PASS	PASS	PASS	PASS
HOXA13_FL_1_KW_TTGGGC40NGGC	/scratch/project_2013895/SELEX/data/Yin2017/submitted_ftp/HOXA13_FL_1_KW_TTGGGC40NGGC.fastq.gz	background	130366	5.2 Mbp	5200000	0	40	43	PASS	PASS	FAIL	PASS	PASS	PASS	PASS	PASS	PASS	PASS	PASS
HOXC13_eDBD_3_KP_TACTAC40NGCC	/scratch/project_2013895/SELEX/data/Yin2017/submitted_ftp/HOXC13_eDBD_3_KP_TACTAC40NGCC.fastq.gz	background	259270	10.3 Mbp	10300000	0	40	45	PASS	PASS	WARN	PASS	WARN	WARN	PASS	PASS	PASS	PASS	PASS
HOXD13_eDBD_3_KP_TCGAAT40NAGG	/scratch/project_2013895/SELEX/data/Yin2017/submitted_ftp/HOXD13_eDBD_3_KP_TCGAAT40NAGG.fastq.gz	background	303256	12.1 Mbp	12100000	0	40	48	PASS	PASS	FAIL	PASS	WARN	PASS	PASS	PASS	PASS	PASS	PASS
HOXB13_eDBD_3_KN_TCACTT40NTTG	/scratch/project_2013895/SELEX/data/Yin2017/submitted_ftp/HOXB13_eDBD_3_KN_TCACTT40NTTG.fastq.gz	background	249143	9.9 Mbp	9900000	0	40	50	PASS	PASS	PASS	PASS	FAIL	PASS	PASS	PASS	PASS	PASS	PASS
ZeroCycle_TGGCCT40NTAT_0_0	/scratch/project_2013895/SELEX/data/input_libraries/submitted_ftp/ZeroCycle_TGGCCT40NTAT_0_0.fastq.gz	background	240731	9.6 Mbp	9600000	0	40	54	PASS	PASS	FAIL	PASS	WARN	PASS	PASS	PASS	PASS	PASS	PASS
CDX1_eDBD_3_KP_TCTAAG40NTTA	/scratch/project_2013895/SELEX/data/Yin2017/submitted_ftp/CDX1_eDBD_3_KP_TCTAAG40NTTA.fastq.gz	background	239679	9.5 Mbp	9500000	0	40	49	PASS	PASS	WARN	PASS	FAIL	PASS	PASS	PASS	PASS	PASS	PASS
CDX4_FL_2_KAE_TACAGC40NCTT	/scratch/project_2013895/SELEX/data/Yin2017/submitted_ftp/CDX4_FL_2_KAE_TACAGC40NCTT.fastq.gz	background	238471	9.5 Mbp	9500000	0	40	47	PASS	PASS	PASS	PASS	WARN	PASS	PASS	PASS	PASS	PASS	PASS
EN2_eDBD_2_KS_TGGCCT40NTAT	/scratch/project_2013895/SELEX/data/Yin2017/submitted_ftp/EN2_eDBD_2_KS_TGGCCT40NTAT.fastq.gz	background	147136	5.8 Mbp	5800000	0	40	48	PASS	PASS	FAIL	PASS	WARN	WARN	PASS	PASS	PASS	PASS	PASS
EN1_eDBD_3_KR_TATATA40NGCT	/scratch/project_2013895/SELEX/data/Yin2017/submitted_ftp/EN1_eDBD_3_KR_TATATA40NGCT.fastq.gz	background	200216	8 Mbp	8000000	0	40	46	PASS	PASS	PASS	PASS	WARN	PASS	PASS	PASS	PASS	PASS	PASS
EVX1_eDBD_1_KO_TGCTGG40NGCC	/scratch/project_2013895/SELEX/data/Yin2017/submitted_ftp/EVX1_eDBD_1_KO_TGCTGG40NGCC.fastq.gz	background	443487	17.7 Mbp	17700000	0	40	48	PASS	PASS	FAIL	PASS	FAIL	PASS	PASS	PASS	PASS	PASS	PASS
EVX2_eDBD_1_KP_TTGCAA40NGTG	/scratch/project_2013895/SELEX/data/Yin2017/submitted_ftp/EVX2_eDBD_1_KP_TTGCAA40NGTG.fastq.gz	background	360220	14.4 Mbp	14400000	0	40	44	PASS	PASS	PASS	PASS	WARN	PASS	PASS	PASS	PASS	PASS	PASS
DRGX_eDBD_1_KO_TACTAC40NGCC	/scratch/project_2013895/SELEX/data/Yin2017/submitted_ftp/DRGX_eDBD_1_KO_TACTAC40NGCC.fastq.gz	background	433652	17.3 Mbp	17300000	0	40	41	PASS	PASS	FAIL	PASS	WARN	PASS	PASS	PASS	PASS	PASS	PASS
ARX_eDBD_1_KO_TAGCGC40NCGC	/scratch/project_2013895/SELEX/data/Yin2017/submitted_ftp/ARX_eDBD_1_KO_TAGCGC40NCGC.fastq.gz	background	341011	13.6 Mbp	13600000	0	40	36	PASS	PASS	FAIL	PASS	FAIL	PASS	PASS	PASS	PASS	PASS	PASS
ALX3_eDBD_2_KO_TGCTCC40NCCG	/scratch/project_2013895/SELEX/data/Yin2017/submitted_ftp/ALX3_eDBD_2_KO_TGCTCC40NCCG.fastq.gz	background	392403	15.6 Mbp	15600000	0	40	38	PASS	PASS	PASS	PASS	FAIL	PASS	PASS	PASS	PASS	PASS	PASS
ALX3_FL_2_KV_TAGCTG40NCTA	/scratch/project_2013895/SELEX/data/Yin2017/submitted_ftp/ALX3_FL_2_KV_TAGCTG40NCTA.fastq.gz	background	323546	12.9 Mbp	12900000	0	40	43	PASS	PASS	PASS	PASS	WARN	PASS	PASS	PASS	PASS	PASS	PASS
ALX4_eDBD_2_KW_TCTATT40NCAT	/scratch/project_2013895/SELEX/data/Yin2017/submitted_ftp/ALX4_eDBD_2_KW_TCTATT40NCAT.fastq.gz	background	226727	9 Mbp	9000000	0	40	44	PASS	PASS	FAIL	PASS	FAIL	PASS	PASS	PASS	PASS	PASS	PASS
ALX1_FL_2_KX_TACCAA40NTTA	/scratch/project_2013895/SELEX/data/Yin2017/submitted_ftp/ALX1_FL_2_KX_TACCAA40NTTA.fastq.gz	background	112473	4.4 Mbp	4400000	0	40	48	PASS	PASS	WARN	PASS	FAIL	PASS	PASS	PASS	PASS	PASS	PASS
PRRX2_eDBD_1_KR_TTGCTT40NCCA	/scratch/project_2013895/SELEX/data/Yin2017/submitted_ftp/PRRX2_eDBD_1_KR_TTGCTT40NCCA.fastq.gz	background	406981	16.2 Mbp	16200000	0	40	46	PASS	PASS	PASS	PASS	WARN	PASS	PASS	PASS	PASS	PASS	PASS
PRRX2_FL_1_KV_TGCCAA40NTAG	/scratch/project_2013895/SELEX/data/Yin2017/submitted_ftp/PRRX2_FL_1_KV_TGCCAA40NTAG.fastq.gz	background	214789	8.5 Mbp	8500000	0	40	47	PASS	PASS	PASS	PASS	WARN	PASS	PASS	PASS	PASS	PASS	PASS
PHOX2A_eDBD_2_KR_TTCGGG40NGAG	/scratch/project_2013895/SELEX/data/Yin2017/submitted_ftp/PHOX2A_eDBD_2_KR_TTCGGG40NGAG.fastq.gz	background	313268	12.5 Mbp	12500000	0	40	44	PASS	PASS	PASS	PASS	WARN	PASS	PASS	PASS	PASS	PASS	PASS
PHOX2B_eDBD_3_KR_TTGATG40NATC	/scratch/project_2013895/SELEX/data/Yin2017/submitted_ftp/PHOX2B_eDBD_3_KR_TTGATG40NATC.fastq.gz	background	146085	5.8 Mbp	5800000	0	40	45	PASS	PASS	PASS	PASS	FAIL	PASS	PASS	PASS	PASS	WARN	PASS
PHOX2B_FL_1_KV_TCACAT40NATG	/scratch/project_2013895/SELEX/data/Yin2017/submitted_ftp/PHOX2B_FL_1_KV_TCACAT40NATG.fastq.gz	background	233991	9.3 Mbp	9300000	0	40	50	PASS	PASS	PASS	PASS	WARN	PASS	PASS	PASS	PASS	PASS	PASS
OTX2_FL_2_KX_TCTTAT40NACA	/scratch/project_2013895/SELEX/data/Yin2017/submitted_ftp/OTX2_FL_2_KX_TCTTAT40NACA.fastq.gz	background	196966	7.8 Mbp	7800000	0	40	47	PASS	PASS	WARN	PASS	FAIL	PASS	PASS	PASS	PASS	PASS	PASS
OTX1_eDBD_3_KR_TAGATG40NTAT	/scratch/project_2013895/SELEX/data/Yin2017/submitted_ftp/OTX1_eDBD_3_KR_TAGATG40NTAT.fastq.gz	background	179834	7.1 Mbp	7100000	0	40	48	PASS	PASS	PASS	PASS	FAIL	PASS	PASS	PASS	PASS	PASS	PASS
OTX1_FL_1_KX_TGGACT40NAAT	/scratch/project_2013895/SELEX/data/Yin2017/submitted_ftp/OTX1_FL_1_KX_TGGACT40NAAT.fastq.gz	background	181789	7.2 Mbp	7200000	0	40	48	PASS	PASS	PASS	PASS	WARN	PASS	PASS	PASS	PASS	PASS	PASS
CRX_FL_3_KX_TATATA40NGCT	/scratch/project_2013895/SELEX/data/Yin2017/submitted_ftp/CRX_FL_3_KX_TATATA40NGCT.fastq.gz	background	201860	8 Mbp	8000000	0	40	48	PASS	PASS	PASS	PASS	FAIL	PASS	PASS	PASS	PASS	PASS	PASS
SHOX_eDBD_1_KT_TTTAGC40NGAC	/scratch/project_2013895/SELEX/data/Yin2017/submitted_ftp/SHOX_eDBD_1_KT_TTTAGC40NGAC.fastq.gz	background	504295	20.1 Mbp	20100000	0	40	40	PASS	PASS	PASS	PASS	PASS	WARN	PASS	PASS	PASS	PASS	PASS
PITX3_eDBD_1_KR_TCACAT40NATG	/scratch/project_2013895/SELEX/data/Yin2017/submitted_ftp/PITX3_eDBD_1_KR_TCACAT40NATG.fastq.gz	background	409843	16.3 Mbp	16300000	0	40	49	PASS	PASS	PASS	PASS	WARN	PASS	PASS	PASS	PASS	PASS	PASS
PITX2_eDBD_2_KT_TAGACC40NAGT	/scratch/project_2013895/SELEX/data/Yin2017/submitted_ftp/PITX2_eDBD_2_KT_TAGACC40NAGT.fastq.gz	background	118770	4.7 Mbp	4700000	0	40	50	PASS	PASS	PASS	PASS	WARN	PASS	PASS	PASS	PASS	PASS	PASS
PITX2_FL_2_KX_TAGCGC40NCGC	/scratch/project_2013895/SELEX/data/Yin2017/submitted_ftp/PITX2_FL_2_KX_TAGCGC40NCGC.fastq.gz	background	199524	7.9 Mbp	7900000	0	40	47	PASS	PASS	WARN	PASS	WARN	PASS	PASS	PASS	PASS	PASS	PASS
PITX1_eDBD_3_KO_TAGTGC40NATG	/scratch/project_2013895/SELEX/data/Yin2017/submitted_ftp/PITX1_eDBD_3_KO_TAGTGC40NATG.fastq.gz	background	290426	11.6 Mbp	11600000	0	40	50	PASS	PASS	PASS	PASS	WARN	PASS	PASS	PASS	PASS	PASS	PASS
PITX1_FL_3_KX_TTATTT40NCGT	/scratch/project_2013895/SELEX/data/Yin2017/submitted_ftp/PITX1_FL_3_KX_TTATTT40NCGT.fastq.gz	background	177036	7 Mbp	7000000	0	40	49	PASS	PASS	PASS	PASS	WARN	PASS	PASS	PASS	PASS	PASS	PASS
DMBX1_eDBD_2_KT_TCCTCA40NAAC	/scratch/project_2013895/SELEX/data/Yin2017/submitted_ftp/DMBX1_eDBD_2_KT_TCCTCA40NAAC.fastq.gz	background	292427	11.6 Mbp	11600000	0	40	51	PASS	PASS	PASS	PASS	WARN	PASS	PASS	PASS	PASS	PASS	PASS
GSC_eDBD_1_KR_TCCGAG40NTGG	/scratch/project_2013895/SELEX/data/Yin2017/submitted_ftp/GSC_eDBD_1_KR_TCCGAG40NTGG.fastq.gz	background	431381	17.2 Mbp	17200000	0	40	47	PASS	PASS	PASS	PASS	WARN	PASS	PASS	PASS	PASS	PASS	PASS
GSC_FL_2_KV_TGACAA40NACT	/scratch/project_2013895/SELEX/data/Yin2017/submitted_ftp/GSC_FL_2_KV_TGACAA40NACT.fastq.gz	background	270917	10.8 Mbp	10800000	0	40	46	PASS	PASS	PASS	PASS	WARN	PASS	PASS	PASS	PASS	PASS	PASS
ZeroCycle_TTGTGG40NCGG_0_0	/scratch/project_2013895/SELEX/data/input_libraries/submitted_ftp/ZeroCycle_TTGTGG40NCGG_0_0.fastq.gz	background	142622	5.7 Mbp	5700000	0	40	51	PASS	PASS	FAIL	PASS	WARN	PASS	PASS	PASS	PASS	PASS	PASS
PROP1_eDBD_1_KT_TTTGTA40NTCC	/scratch/project_2013895/SELEX/data/Yin2017/submitted_ftp/PROP1_eDBD_1_KT_TTTGTA40NTCC.fastq.gz	background	452268	18 Mbp	18000000	0	40	39	PASS	PASS	PASS	PASS	FAIL	PASS	PASS	PASS	PASS	PASS	PASS
PROP1_FL_2_KV_TTGATG40NATC	/scratch/project_2013895/SELEX/data/Yin2017/submitted_ftp/PROP1_FL_2_KV_TTGATG40NATC.fastq.gz	background	302105	12 Mbp	12000000	0	40	42	PASS	PASS	PASS	PASS	WARN	PASS	PASS	PASS	PASS	PASS	PASS
MIXL1_FL_2_KW_TTAAGT40NCCT	/scratch/project_2013895/SELEX/data/Yin2017/submitted_ftp/MIXL1_FL_2_KW_TTAAGT40NCCT.fastq.gz	background	152863	6.1 Mbp	6100000	0	40	44	PASS	PASS	FAIL	PASS	FAIL	PASS	PASS	PASS	PASS	PASS	PASS
VSX2_eDBD_2_KO_TTTGTT40NTAT	/scratch/project_2013895/SELEX/data/Yin2017/submitted_ftp/VSX2_eDBD_2_KO_TTTGTT40NTAT.fastq.gz	background	264166	10.5 Mbp	10500000	0	40	45	PASS	PASS	PASS	PASS	FAIL	PASS	PASS	PASS	PASS	PASS	PASS
VSX2_FL_1_KAE_TTCGCT40NCTT	/scratch/project_2013895/SELEX/data/Yin2017/submitted_ftp/VSX2_FL_1_KAE_TTCGCT40NCTT.fastq.gz	background	275191	11 Mbp	11000000	0	40	47	PASS	PASS	FAIL	PASS	FAIL	PASS	WARN	PASS	PASS	PASS	PASS
VSX1_eDBD_1_KO_TATATG40NCTA	/scratch/project_2013895/SELEX/data/Yin2017/submitted_ftp/VSX1_eDBD_1_KO_TATATG40NCTA.fastq.gz	background	282607	11.3 Mbp	11300000	0	40	44	PASS	PASS	FAIL	PASS	WARN	PASS	PASS	PASS	PASS	PASS	PASS
VSX1_FL_1_KAE_TTAGGA40NTCT	/scratch/project_2013895/SELEX/data/Yin2017/submitted_ftp/VSX1_FL_1_KAE_TTAGGA40NTCT.fastq.gz	background	267747	10.7 Mbp	10700000	0	40	43	PASS	PASS	FAIL	PASS	WARN	PASS	WARN	PASS	PASS	PASS	PASS
RAX_eDBD_1_KO_TTGCTC40NGAA	/scratch/project_2013895/SELEX/data/Yin2017/submitted_ftp/RAX_eDBD_1_KO_TTGCTC40NGAA.fastq.gz	background	401409	16 Mbp	16000000	0	40	39	PASS	PASS	FAIL	PASS	WARN	PASS	PASS	PASS	PASS	PASS	PASS
ISX_eDBD_1_KO_TCGGCT40NTAA	/scratch/project_2013895/SELEX/data/Yin2017/submitted_ftp/ISX_eDBD_1_KO_TCGGCT40NTAA.fastq.gz	background	254811	10.1 Mbp	10100000	0	40	41	PASS	PASS	FAIL	PASS	FAIL	PASS	PASS	PASS	PASS	PASS	PASS
ISX_FL_3_KW_TTCAAG40NGCC	/scratch/project_2013895/SELEX/data/Yin2017/submitted_ftp/ISX_FL_3_KW_TTCAAG40NGCC.fastq.gz	background	286931	11.4 Mbp	11400000	0	40	38	PASS	PASS	PASS	PASS	WARN	PASS	PASS	PASS	PASS	PASS	PASS
DUXA_eDBD_2_KP_TGTGAT40NGCA	/scratch/project_2013895/SELEX/data/Yin2017/submitted_ftp/DUXA_eDBD_2_KP_TGTGAT40NGCA.fastq.gz	background	323733	12.9 Mbp	12900000	0	40	48	PASS	PASS	FAIL	PASS	FAIL	PASS	PASS	PASS	PASS	PASS	PASS
RHOXF2_FL_2_KW_TCTACG40NCTC	/scratch/project_2013895/SELEX/data/Yin2017/submitted_ftp/RHOXF2_FL_2_KW_TCTACG40NCTC.fastq.gz	background	199899	7.9 Mbp	7900000	0	40	48	PASS	PASS	FAIL	PASS	WARN	PASS	PASS	PASS	PASS	PASS	PASS
RHOXF1_FL_1_KZ_TGAGAG40NCGC	/scratch/project_2013895/SELEX/data/Yin2017/submitted_ftp/RHOXF1_FL_1_KZ_TGAGAG40NCGC.fastq.gz	background	595823	23.8 Mbp	23800000	0	40	53	PASS	PASS	PASS	PASS	FAIL	PASS	PASS	PASS	PASS	PASS	PASS
ESX1_eDBD_2_KT_TGGTAT40NTGA	/scratch/project_2013895/SELEX/data/Yin2017/submitted_ftp/ESX1_eDBD_2_KT_TGGTAT40NTGA.fastq.gz	background	333820	13.3 Mbp	13300000	0	40	45	PASS	PASS	PASS	PASS	FAIL	PASS	PASS	PASS	PASS	PASS	PASS
ESX1_FL_1_KAE_TACCAG40NCTA	/scratch/project_2013895/SELEX/data/Yin2017/submitted_ftp/ESX1_FL_1_KAE_TACCAG40NCTA.fastq.gz	background	356746	14.2 Mbp	14200000	0	40	44	PASS	PASS	FAIL	PASS	WARN	PASS	WARN	PASS	PASS	PASS	PASS
HESX1_FL_1_KW_TCGCTA40NTCG	/scratch/project_2013895/SELEX/data/Yin2017/submitted_ftp/HESX1_FL_1_KW_TCGCTA40NTCG.fastq.gz	background	122918	4.9 Mbp	4900000	0	40	52	PASS	PASS	FAIL	PASS	FAIL	PASS	PASS	PASS	PASS	PASS	PASS
ARGFX_eDBD_2_KO_TGGTTA40NTAC	/scratch/project_2013895/SELEX/data/Yin2017/submitted_ftp/ARGFX_eDBD_2_KO_TGGTTA40NTAC.fastq.gz	background	167283	6.6 Mbp	6600000	0	40	50	PASS	PASS	PASS	PASS	WARN	PASS	PASS	PASS	PASS	PASS	PASS
LHX9_eDBD_2_KP_TTAGCA40NGGT	/scratch/project_2013895/SELEX/data/Yin2017/submitted_ftp/LHX9_eDBD_2_KP_TTAGCA40NGGT.fastq.gz	background	271979	10.8 Mbp	10800000	0	40	45	PASS	PASS	FAIL	PASS	WARN	PASS	PASS	PASS	PASS	PASS	PASS
LHX9_FL_2_KW_TTTGGT40NCTT	/scratch/project_2013895/SELEX/data/Yin2017/submitted_ftp/LHX9_FL_2_KW_TTTGGT40NCTT.fastq.gz	background	195338	7.8 Mbp	7800000	0	40	48	PASS	PASS	FAIL	PASS	FAIL	PASS	PASS	PASS	PASS	PASS	PASS
LHX6_FL_3_KAE_TGTCAA40NCGA	/scratch/project_2013895/SELEX/data/Yin2017/submitted_ftp/LHX6_FL_3_KAE_TGTCAA40NCGA.fastq.gz	background	232832	9.3 Mbp	9300000	0	40	40	PASS	PASS	PASS	PASS	FAIL	WARN	PASS	PASS	PASS	PASS	PASS
LHX8_FL_2_KW_TAGCTG40NCTA	/scratch/project_2013895/SELEX/data/Yin2017/submitted_ftp/LHX8_FL_2_KW_TAGCTG40NCTA.fastq.gz	background	214529	8.5 Mbp	8500000	0	40	40	PASS	PASS	FAIL	PASS	WARN	PASS	PASS	PASS	PASS	PASS	PASS
LMX1B_eDBD_1_KO_TTGGCC40NTCG	/scratch/project_2013895/SELEX/data/Yin2017/submitted_ftp/LMX1B_eDBD_1_KO_TTGGCC40NTCG.fastq.gz	background	334032	13.3 Mbp	13300000	0	40	42	PASS	PASS	FAIL	PASS	PASS	PASS	PASS	PASS	PASS	PASS	PASS
LMX1B_FL_2_KW_TGCAGT40NAAG	/scratch/project_2013895/SELEX/data/Yin2017/submitted_ftp/LMX1B_FL_2_KW_TGCAGT40NAAG.fastq.gz	background	160785	6.4 Mbp	6400000	0	40	43	PASS	PASS	FAIL	PASS	WARN	WARN	PASS	PASS	PASS	PASS	PASS
LMX1A_eDBD_3_KO_TACTTA40NCTA	/scratch/project_2013895/SELEX/data/Yin2017/submitted_ftp/LMX1A_eDBD_3_KO_TACTTA40NCTA.fastq.gz	background	269505	10.7 Mbp	10700000	0	40	46	PASS	PASS	PASS	PASS	FAIL	PASS	PASS	PASS	PASS	PASS	PASS
ZeroCycle_TTTGAG40NATT_0_0	/scratch/project_2013895/SELEX/data/input_libraries/submitted_ftp/ZeroCycle_TTTGAG40NATT_0_0.fastq.gz	background	245987	9.8 Mbp	9800000	0	40	54	PASS	PASS	FAIL	PASS	FAIL	PASS	PASS	PASS	PASS	PASS	PASS
LHX5_FL_2_KW_TTCTTG40NTGC	/scratch/project_2013895/SELEX/data/Yin2017/submitted_ftp/LHX5_FL_2_KW_TTCTTG40NTGC.fastq.gz	background	197068	7.8 Mbp	7800000	0	40	45	PASS	PASS	FAIL	PASS	FAIL	WARN	PASS	PASS	PASS	PASS	PASS
LHX4_eDBD_2_KT_TACGGG40NCTT	/scratch/project_2013895/SELEX/data/Yin2017/submitted_ftp/LHX4_eDBD_2_KT_TACGGG40NCTT.fastq.gz	background	302398	12 Mbp	12000000	0	40	46	PASS	PASS	PASS	PASS	WARN	PASS	PASS	PASS	PASS	PASS	PASS
LHX4_FL_2_KX_TGTAGC40NCCT	/scratch/project_2013895/SELEX/data/Yin2017/submitted_ftp/LHX4_FL_2_KX_TGTAGC40NCCT.fastq.gz	background	177648	7.1 Mbp	7100000	0	40	51	PASS	PASS	WARN	PASS	WARN	PASS	PASS	PASS	PASS	PASS	PASS
ISL1_eDBD_3_KR_TGCACG40NTTG	/scratch/project_2013895/SELEX/data/Yin2017/submitted_ftp/ISL1_eDBD_3_KR_TGCACG40NTTG.fastq.gz	background	252864	10.1 Mbp	10100000	0	40	46	PASS	PASS	PASS	PASS	FAIL	PASS	PASS	PASS	PASS	PASS	PASS
ISL1_FL_3_KX_TTCTGT40NAAC	/scratch/project_2013895/SELEX/data/Yin2017/submitted_ftp/ISL1_FL_3_KX_TTCTGT40NAAC.fastq.gz	background	272451	10.8 Mbp	10800000	0	40	48	PASS	PASS	PASS	PASS	WARN	PASS	PASS	PASS	PASS	PASS	PASS
ISL2_eDBD_2_KO_TCCGGG40NCTC	/scratch/project_2013895/SELEX/data/Yin2017/submitted_ftp/ISL2_eDBD_2_KO_TCCGGG40NCTC.fastq.gz	background	262996	10.5 Mbp	10500000	0	40	48	PASS	PASS	PASS	PASS	WARN	PASS	PASS	PASS	PASS	PASS	PASS
DPRX_eDBD_1_KO_TTTCAT40NGCA	/scratch/project_2013895/SELEX/data/Yin2017/submitted_ftp/DPRX_eDBD_1_KO_TTTCAT40NGCA.fastq.gz	background	260164	10.4 Mbp	10400000	0	40	49	PASS	PASS	FAIL	PASS	WARN	PASS	PASS	PASS	PASS	PASS	PASS
ZeroCycle_TGACAA40NACT_0_0	/scratch/project_2013895/SELEX/data/input_libraries/submitted_ftp/ZeroCycle_TGACAA40NACT_0_0.fastq.gz	background	125530	5 Mbp	5000000	0	40	53	PASS	PASS	FAIL	PASS	FAIL	PASS	PASS	PASS	PASS	PASS	PASS
IRX3_eDBD_3_KP_TGGCCT40NTAT	/scratch/project_2013895/SELEX/data/Yin2017/submitted_ftp/IRX3_eDBD_3_KP_TGGCCT40NTAT.fastq.gz	background	232842	9.3 Mbp	9300000	0	40	46	PASS	PASS	WARN	PASS	WARN	WARN	PASS	PASS	FAIL	WARN	PASS
IRX5_eDBD_3_KW_TACGGG40NCTT	/scratch/project_2013895/SELEX/data/Yin2017/submitted_ftp/IRX5_eDBD_3_KW_TACGGG40NCTT.fastq.gz	background	314442	12.5 Mbp	12500000	0	40	46	PASS	PASS	PASS	PASS	WARN	PASS	PASS	PASS	PASS	PASS	PASS
SIX4_eDBD_3_KR_TGTAGC40NCCT	/scratch/project_2013895/SELEX/data/Yin2017/submitted_ftp/SIX4_eDBD_3_KR_TGTAGC40NCCT.fastq.gz	background	272102	10.8 Mbp	10800000	0	40	54	PASS	PASS	PASS	PASS	FAIL	PASS	PASS	PASS	PASS	PASS	PASS
SIX1_eDBD_3_KQ_TGGGCT40NGTT	/scratch/project_2013895/SELEX/data/Yin2017/submitted_ftp/SIX1_eDBD_3_KQ_TGGGCT40NGTT.fastq.gz	background	364423	14.5 Mbp	14500000	0	40	48	PASS	PASS	PASS	PASS	FAIL	PASS	PASS	PASS	PASS	PASS	PASS
SIX1_FL_3_KX_TATTTC40NGCA	/scratch/project_2013895/SELEX/data/Yin2017/submitted_ftp/SIX1_FL_3_KX_TATTTC40NGCA.fastq.gz	background	290025	11.6 Mbp	11600000	0	40	50	PASS	PASS	PASS	PASS	WARN	PASS	PASS	PASS	PASS	PASS	PASS
SIX2_eDBD_3_KV_TTACTA40NAGG	/scratch/project_2013895/SELEX/data/Yin2017/submitted_ftp/SIX2_eDBD_3_KV_TTACTA40NAGG.fastq.gz	background	369413	14.7 Mbp	14700000	0	40	53	PASS	PASS	PASS	PASS	WARN	PASS	PASS	PASS	PASS	PASS	PASS
SIX2_FL_3_KX_TAAATT40NCTG	/scratch/project_2013895/SELEX/data/Yin2017/submitted_ftp/SIX2_FL_3_KX_TAAATT40NCTG.fastq.gz	background	227976	9.1 Mbp	9100000	0	40	52	PASS	PASS	PASS	PASS	FAIL	PASS	PASS	PASS	PASS	PASS	PASS
SIX3_eDBD_3_KO_TTTCTA40NCAT	/scratch/project_2013895/SELEX/data/Yin2017/submitted_ftp/SIX3_eDBD_3_KO_TTTCTA40NCAT.fastq.gz	background	346366	13.8 Mbp	13800000	0	40	52	PASS	PASS	PASS	PASS	WARN	PASS	PASS	PASS	PASS	PASS	PASS
SIX6_eDBD_3_KO_TACATC40NATA	/scratch/project_2013895/SELEX/data/Yin2017/submitted_ftp/SIX6_eDBD_3_KO_TACATC40NATA.fastq.gz	background	346660	13.8 Mbp	13800000	0	40	53	PASS	PASS	PASS	PASS	WARN	PASS	PASS	PASS	PASS	PASS	PASS
PBX1_eDBD_2_KR_TAAGTC40NCGT	/scratch/project_2013895/SELEX/data/Yin2017/submitted_ftp/PBX1_eDBD_2_KR_TAAGTC40NCGT.fastq.gz	background	346975	13.8 Mbp	13800000	0	40	51	PASS	PASS	PASS	PASS	WARN	PASS	PASS	PASS	PASS	PASS	PASS
PBX1_FL_3_KW_TCGGTG40NCAA	/scratch/project_2013895/SELEX/data/Yin2017/submitted_ftp/PBX1_FL_3_KW_TCGGTG40NCAA.fastq.gz	background	322569	12.9 Mbp	12900000	0	40	53	PASS	PASS	PASS	PASS	WARN	PASS	PASS	PASS	PASS	PASS	PASS
HMBOX1_eDBD_3_KT_TTAGCT40NCCT	/scratch/project_2013895/SELEX/data/Yin2017/submitted_ftp/HMBOX1_eDBD_3_KT_TTAGCT40NCCT.fastq.gz	background	219807	8.7 Mbp	8700000	0	40	44	PASS	PASS	FAIL	PASS	FAIL	PASS	PASS	PASS	PASS	PASS	PASS
NPAS2_eDBD_2_KS_TGCTTT40NAGA	/scratch/project_2013895/SELEX/data/Yin2017/submitted_ftp/NPAS2_eDBD_2_KS_TGCTTT40NAGA.fastq.gz	background	119394	4.7 Mbp	4700000	0	40	55	PASS	PASS	WARN	PASS	WARN	PASS	PASS	PASS	PASS	PASS	PASS
CLOCK_eDBD_1_KN_TTGAAT40NTAC	/scratch/project_2013895/SELEX/data/Yin2017/submitted_ftp/CLOCK_eDBD_1_KN_TTGAAT40NTAC.fastq.gz	background	166282	6.6 Mbp	6600000	0	40	57	PASS	PASS	FAIL	PASS	FAIL	PASS	WARN	PASS	PASS	PASS	PASS
ARNTL_eDBD_1_KV_TCTCCG40NCGC	/scratch/project_2013895/SELEX/data/Yin2017/submitted_ftp/ARNTL_eDBD_1_KV_TCTCCG40NCGC.fastq.gz	background	383464	15.3 Mbp	15300000	0	40	56	PASS	PASS	PASS	PASS	FAIL	PASS	PASS	PASS	PASS	PASS	PASS
ARNT2_eDBD_1_KT_TCTGTC40NCAA	/scratch/project_2013895/SELEX/data/Yin2017/submitted_ftp/ARNT2_eDBD_1_KT_TCTGTC40NCAA.fastq.gz	background	276435	11 Mbp	11000000	0	40	53	PASS	PASS	PASS	PASS	WARN	PASS	PASS	PASS	PASS	PASS	PASS
HEY2_eDBD_3_KR_TCGAGG40NGTT	/scratch/project_2013895/SELEX/data/Yin2017/submitted_ftp/HEY2_eDBD_3_KR_TCGAGG40NGTT.fastq.gz	background	177306	7 Mbp	7000000	0	40	56	PASS	PASS	PASS	PASS	FAIL	PASS	PASS	PASS	PASS	PASS	PASS
HEY2_FL_3_KX_TGCCAA40NTAG	/scratch/project_2013895/SELEX/data/Yin2017/submitted_ftp/HEY2_FL_3_KX_TGCCAA40NTAG.fastq.gz	background	263277	10.5 Mbp	10500000	0	40	55	PASS	PASS	PASS	PASS	WARN	PASS	PASS	PASS	PASS	PASS	PASS
HEY1_eDBD_3_KQ_TTGACT40NAGT	/scratch/project_2013895/SELEX/data/Yin2017/submitted_ftp/HEY1_eDBD_3_KQ_TTGACT40NAGT.fastq.gz	background	196884	7.8 Mbp	7800000	0	40	52	PASS	PASS	PASS	PASS	PASS	PASS	PASS	PASS	PASS	PASS	PASS
HEY1_FL_2_KX_TTGCTT40NCCA	/scratch/project_2013895/SELEX/data/Yin2017/submitted_ftp/HEY1_FL_2_KX_TTGCTT40NCCA.fastq.gz	background	148030	5.9 Mbp	5900000	0	40	55	PASS	PASS	WARN	PASS	WARN	PASS	PASS	PASS	PASS	PASS	PASS
HES1_eDBD_1_KV_TGCTCT40NTTA	/scratch/project_2013895/SELEX/data/Yin2017/submitted_ftp/HES1_eDBD_1_KV_TGCTCT40NTTA.fastq.gz	background	244000	9.7 Mbp	9700000	0	40	58	PASS	PASS	PASS	PASS	WARN	PASS	PASS	PASS	PASS	PASS	PASS
HES2_eDBD_1_KO_TCTTGG40NTTA	/scratch/project_2013895/SELEX/data/Yin2017/submitted_ftp/HES2_eDBD_1_KO_TCTTGG40NTTA.fastq.gz	background	257196	10.2 Mbp	10200000	0	40	58	PASS	PASS	FAIL	PASS	FAIL	PASS	PASS	PASS	PASS	PASS	PASS
HES6_FL_2_KAE_TAAGGA40NCCG	/scratch/project_2013895/SELEX/data/Yin2017/submitted_ftp/HES6_FL_2_KAE_TAAGGA40NCCG.fastq.gz	background	224905	8.9 Mbp	8900000	0	40	54	PASS	PASS	PASS	PASS	WARN	PASS	PASS	PASS	PASS	PASS	PASS
HES7_eDBD_2_KO_TGAAGC40NCTA	/scratch/project_2013895/SELEX/data/Yin2017/submitted_ftp/HES7_eDBD_2_KO_TGAAGC40NCTA.fastq.gz	background	76684	3 Mbp	3000000	0	40	60	PASS	PASS	PASS	PASS	FAIL	PASS	PASS	PASS	PASS	PASS	PASS
HES5_eDBD_1_KO_TGGCTA40NTCC	/scratch/project_2013895/SELEX/data/Yin2017/submitted_ftp/HES5_eDBD_1_KO_TGGCTA40NTCC.fastq.gz	background	331254	13.2 Mbp	13200000	0	40	57	PASS	PASS	FAIL	PASS	FAIL	PASS	PASS	PASS	PASS	PASS	PASS
BHLHE41_eDBD_1_KV_TGGCGT40NCCT	/scratch/project_2013895/SELEX/data/Yin2017/submitted_ftp/BHLHE41_eDBD_1_KV_TGGCGT40NCCT.fastq.gz	background	356256	14.2 Mbp	14200000	0	40	54	PASS	PASS	PASS	PASS	FAIL	PASS	PASS	PASS	PASS	PASS	PASS
BHLHE40_eDBD_1_KR_TGCTGG40NGCC	/scratch/project_2013895/SELEX/data/Yin2017/submitted_ftp/BHLHE40_eDBD_1_KR_TGCTGG40NGCC.fastq.gz	background	312369	12.4 Mbp	12400000	0	40	54	PASS	PASS	PASS	PASS	FAIL	PASS	PASS	PASS	PASS	PASS	PASS
SOHLH2_eDBD_2_KO_TCCACC40NTTA	/scratch/project_2013895/SELEX/data/Yin2017/submitted_ftp/SOHLH2_eDBD_2_KO_TCCACC40NTTA.fastq.gz	background	267478	10.6 Mbp	10600000	0	40	55	PASS	PASS	PASS	PASS	WARN	PASS	PASS	PASS	PASS	PASS	PASS
SREBF1_eDBD_3_KT_TCTCCT40NCCT	/scratch/project_2013895/SELEX/data/Yin2017/submitted_ftp/SREBF1_eDBD_3_KT_TCTCCT40NCCT.fastq.gz	background	269939	10.7 Mbp	10700000	0	40	55	PASS	PASS	FAIL	PASS	WARN	PASS	PASS	PASS	PASS	PASS	PASS
SREBF2_eDBD_2_KN_TTCATT40NTAT	/scratch/project_2013895/SELEX/data/Yin2017/submitted_ftp/SREBF2_eDBD_2_KN_TTCATT40NTAT.fastq.gz	background	377576	15.1 Mbp	15100000	0	40	57	PASS	PASS	FAIL	PASS	FAIL	PASS	PASS	PASS	PASS	PASS	PASS
TFEC_eDBD_2_KS_TCTAGG40NCTG	/scratch/project_2013895/SELEX/data/Yin2017/submitted_ftp/TFEC_eDBD_2_KS_TCTAGG40NCTG.fastq.gz	background	95912	3.8 Mbp	3800000	0	40	55	PASS	PASS	WARN	PASS	FAIL	PASS	PASS	PASS	PASS	PASS	PASS
TFE3_eDBD_3_KS_TGGTTA40NTAC	/scratch/project_2013895/SELEX/data/Yin2017/submitted_ftp/TFE3_eDBD_3_KS_TGGTTA40NTAC.fastq.gz	background	274061	10.9 Mbp	10900000	0	40	57	PASS	PASS	PASS	PASS	FAIL	PASS	PASS	PASS	PASS	PASS	PASS
TFEB_eDBD_2_KS_TGGCTA40NTCC	/scratch/project_2013895/SELEX/data/Yin2017/submitted_ftp/TFEB_eDBD_2_KS_TGGCTA40NTCC.fastq.gz	background	152478	6 Mbp	6000000	0	40	56	PASS	PASS	FAIL	PASS	WARN	PASS	PASS	PASS	PASS	PASS	PASS
USF1_FL_2_KV_TGCCGA40NGTA	/scratch/project_2013895/SELEX/data/Yin2017/submitted_ftp/USF1_FL_2_KV_TGCCGA40NGTA.fastq.gz	background	294388	11.7 Mbp	11700000	0	40	55	PASS	PASS	PASS	PASS	WARN	PASS	PASS	PASS	PASS	PASS	PASS
USF2_eDBD_1_KS_TACTAC40NGCC	/scratch/project_2013895/SELEX/data/Yin2017/submitted_ftp/USF2_eDBD_1_KS_TACTAC40NGCC.fastq.gz	background	292295	11.6 Mbp	11600000	0	40	56	PASS	PASS	FAIL	PASS	FAIL	PASS	PASS	PASS	PASS	PASS	PASS
MAX_eDBD_3_KR_TCTAGG40NCTG	/scratch/project_2013895/SELEX/data/Yin2017/submitted_ftp/MAX_eDBD_3_KR_TCTAGG40NCTG.fastq.gz	background	154904	6.1 Mbp	6100000	0	40	59	PASS	PASS	PASS	PASS	FAIL	PASS	PASS	PASS	PASS	PASS	PASS
MAX_FL_2_KAE_TTCTGG40NTGC	/scratch/project_2013895/SELEX/data/Yin2017/submitted_ftp/MAX_FL_2_KAE_TTCTGG40NTGC.fastq.gz	background	151940	6 Mbp	6000000	0	40	55	PASS	PASS	PASS	PASS	FAIL	PASS	PASS	PASS	PASS	PASS	PASS
ATOH1_eDBD_1_KO_TCAGCA40NCTC	/scratch/project_2013895/SELEX/data/Yin2017/submitted_ftp/ATOH1_eDBD_1_KO_TCAGCA40NCTC.fastq.gz	background	346169	13.8 Mbp	13800000	0	40	53	PASS	PASS	FAIL	PASS	WARN	PASS	PASS	PASS	PASS	PASS	PASS
ATOH7_eDBD_2_KO_TCAAAC40NAAC	/scratch/project_2013895/SELEX/data/Yin2017/submitted_ftp/ATOH7_eDBD_2_KO_TCAAAC40NAAC.fastq.gz	background	254336	10.1 Mbp	10100000	0	40	55	PASS	PASS	PASS	PASS	WARN	PASS	PASS	PASS	PASS	PASS	PASS
BHLHA15_eDBD_1_KP_TCCCGC40NACA	/scratch/project_2013895/SELEX/data/Yin2017/submitted_ftp/BHLHA15_eDBD_1_KP_TCCCGC40NACA.fastq.gz	background	238570	9.5 Mbp	9500000	0	40	53	PASS	PASS	PASS	PASS	WARN	PASS	PASS	PASS	PASS	PASS	PASS
BHLHE22_eDBD_3_KP_TCGGAC40NCCA	/scratch/project_2013895/SELEX/data/Yin2017/submitted_ftp/BHLHE22_eDBD_3_KP_TCGGAC40NCCA.fastq.gz	background	183004	7.3 Mbp	7300000	0	40	53	PASS	PASS	FAIL	PASS	FAIL	PASS	PASS	PASS	PASS	PASS	PASS
BHLHE23_eDBD_2_KP_TTCACC40NGCT	/scratch/project_2013895/SELEX/data/Yin2017/submitted_ftp/BHLHE23_eDBD_2_KP_TTCACC40NGCT.fastq.gz	background	328239	13.1 Mbp	13100000	0	40	54	PASS	PASS	FAIL	PASS	WARN	PASS	PASS	PASS	PASS	PASS	PASS
ZeroCycle_TTGCTC40NGAA_0_0	/scratch/project_2013895/SELEX/data/input_libraries/submitted_ftp/ZeroCycle_TTGCTC40NGAA_0_0.fastq.gz	background	185727	7.4 Mbp	7400000	0	40	51	PASS	PASS	FAIL	PASS	WARN	PASS	PASS	PASS	PASS	PASS	PASS
OLIG2_eDBD_3_KR_TACTAG40NGGA	/scratch/project_2013895/SELEX/data/Yin2017/submitted_ftp/OLIG2_eDBD_3_KR_TACTAG40NGGA.fastq.gz	background	145957	5.8 Mbp	5800000	0	40	52	PASS	PASS	PASS	PASS	FAIL	PASS	PASS	PASS	PASS	PASS	PASS
OLIG3_eDBD_1_KR_TGGAGT40NTGG	/scratch/project_2013895/SELEX/data/Yin2017/submitted_ftp/OLIG3_eDBD_1_KR_TGGAGT40NTGG.fastq.gz	background	384588	15.3 Mbp	15300000	0	40	52	PASS	PASS	PASS	PASS	WARN	PASS	PASS	PASS	PASS	PASS	PASS
OLIG3_FL_2_KX_TTCGTC40NCGT	/scratch/project_2013895/SELEX/data/Yin2017/submitted_ftp/OLIG3_FL_2_KX_TTCGTC40NCGT.fastq.gz	background	142987	5.7 Mbp	5700000	0	40	50	PASS	PASS	WARN	PASS	WARN	PASS	PASS	PASS	PASS	PASS	PASS
NEUROG1_eDBD_1_KR_TACATA40NAGA	/scratch/project_2013895/SELEX/data/Yin2017/submitted_ftp/NEUROG1_eDBD_1_KR_TACATA40NAGA.fastq.gz	background	356976	14.2 Mbp	14200000	0	40	54	PASS	PASS	PASS	PASS	WARN	PASS	PASS	PASS	PASS	PASS	PASS
NEUROG1_FL_1_KAE_TTGCCA40NGTG	/scratch/project_2013895/SELEX/data/Yin2017/submitted_ftp/NEUROG1_FL_1_KAE_TTGCCA40NGTG.fastq.gz	background	220130	8.8 Mbp	8800000	0	40	51	PASS	PASS	FAIL	PASS	WARN	PASS	WARN	PASS	PASS	PASS	PASS
NEUROG2_eDBD_2_KO_TTTGTA40NTCC	/scratch/project_2013895/SELEX/data/Yin2017/submitted_ftp/NEUROG2_eDBD_2_KO_TTTGTA40NTCC.fastq.gz	background	292760	11.7 Mbp	11700000	0	40	49	PASS	PASS	PASS	PASS	FAIL	PASS	PASS	PASS	PASS	PASS	PASS
ZeroCycle_TATATG40NCTA_0_0	/scratch/project_2013895/SELEX/data/input_libraries/submitted_ftp/ZeroCycle_TATATG40NCTA_0_0.fastq.gz	background	161523	6.4 Mbp	6400000	0	40	50	PASS	PASS	FAIL	PASS	WARN	PASS	PASS	PASS	PASS	PASS	PASS
NEUROD1_FL_2_KX_TTGTAC40NGTA	/scratch/project_2013895/SELEX/data/Yin2017/submitted_ftp/NEUROD1_FL_2_KX_TTGTAC40NGTA.fastq.gz	background	192383	7.6 Mbp	7600000	0	40	55	PASS	PASS	WARN	PASS	WARN	PASS	PASS	PASS	PASS	PASS	PASS
ZeroCycle_TAGCGC40NCGC_0_0	/scratch/project_2013895/SELEX/data/input_libraries/submitted_ftp/ZeroCycle_TAGCGC40NCGC_0_0.fastq.gz	background	316042	12.6 Mbp	12600000	0	40	49	PASS	PASS	FAIL	PASS	FAIL	PASS	PASS	PASS	PASS	PASS	PASS
TCF21_eDBD_3_KR_TAAGGG40NACC	/scratch/project_2013895/SELEX/data/Yin2017/submitted_ftp/TCF21_eDBD_3_KR_TAAGGG40NACC.fastq.gz	background	173794	6.9 Mbp	6900000	0	40	54	PASS	PASS	PASS	PASS	FAIL	PASS	PASS	PASS	PASS	WARN	PASS
MSC_eDBD_1_KR_TACTTA40NCTA	/scratch/project_2013895/SELEX/data/Yin2017/submitted_ftp/MSC_eDBD_1_KR_TACTTA40NCTA.fastq.gz	background	300167	12 Mbp	12000000	0	40	52	PASS	PASS	PASS	PASS	WARN	PASS	PASS	PASS	PASS	PASS	PASS
MSC_FL_3_KV_TACTTA40NCTA	/scratch/project_2013895/SELEX/data/Yin2017/submitted_ftp/MSC_FL_3_KV_TACTTA40NCTA.fastq.gz	background	301192	12 Mbp	12000000	0	40	53	PASS	PASS	PASS	PASS	WARN	PASS	PASS	PASS	PASS	PASS	PASS
MSGN1_eDBD_1_KO_TTCTTG40NTGC	/scratch/project_2013895/SELEX/data/Yin2017/submitted_ftp/MSGN1_eDBD_1_KO_TTCTTG40NTGC.fastq.gz	background	330608	13.2 Mbp	13200000	0	40	53	PASS	PASS	FAIL	PASS	FAIL	PASS	PASS	PASS	PASS	PASS	PASS
MESP2_eDBD_2_KO_TGAGCT40NGCA	/scratch/project_2013895/SELEX/data/Yin2017/submitted_ftp/MESP2_eDBD_2_KO_TGAGCT40NGCA.fastq.gz	background	206228	8.2 Mbp	8199999.999999999	0	40	51	PASS	PASS	PASS	PASS	WARN	PASS	PASS	PASS	PASS	PASS	PASS
TCF4_eDBD_2_KR_TGTATA40NGGT	/scratch/project_2013895/SELEX/data/Yin2017/submitted_ftp/TCF4_eDBD_2_KR_TGTATA40NGGT.fastq.gz	background	355443	14.2 Mbp	14200000	0	40	56	PASS	PASS	PASS	PASS	FAIL	PASS	PASS	PASS	PASS	PASS	PASS
TCF12_eDBD_2_KS_TTTGAG40NATT	/scratch/project_2013895/SELEX/data/Yin2017/submitted_ftp/TCF12_eDBD_2_KS_TTTGAG40NATT.fastq.gz	background	78927	3.1 Mbp	3100000	0	40	57	PASS	PASS	WARN	PASS	FAIL	PASS	PASS	PASS	PASS	PASS	PASS
PTF1A_eDBD_2_KO_TGCTTT40NAGA	/scratch/project_2013895/SELEX/data/Yin2017/submitted_ftp/PTF1A_eDBD_2_KO_TGCTTT40NAGA.fastq.gz	background	142644	5.7 Mbp	5700000	0	40	51	PASS	PASS	PASS	PASS	WARN	PASS	PASS	PASS	PASS	PASS	PASS
FERD3L_FL_2_KW_TAAATT40NCTG	/scratch/project_2013895/SELEX/data/Yin2017/submitted_ftp/FERD3L_FL_2_KW_TAAATT40NCTG.fastq.gz	background	176720	7 Mbp	7000000	0	40	55	PASS	PASS	FAIL	PASS	WARN	PASS	PASS	PASS	PASS	PASS	PASS
HAND2_eDBD_2_KP_TGCTCT40NTTA	/scratch/project_2013895/SELEX/data/Yin2017/submitted_ftp/HAND2_eDBD_2_KP_TGCTCT40NTTA.fastq.gz	background	309579	12.3 Mbp	12300000	0	40	54	PASS	PASS	FAIL	PASS	WARN	PASS	PASS	PASS	PASS	PASS	PASS
NHLH1_eDBD_2_KR_TGCAGT40NAAG	/scratch/project_2013895/SELEX/data/Yin2017/submitted_ftp/NHLH1_eDBD_2_KR_TGCAGT40NAAG.fastq.gz	background	358520	14.3 Mbp	14300000	0	40	55	PASS	PASS	PASS	PASS	WARN	PASS	PASS	PASS	PASS	PASS	PASS
NHLH1_FL_3_KV_TCTCCA40NGGA	/scratch/project_2013895/SELEX/data/Yin2017/submitted_ftp/NHLH1_FL_3_KV_TCTCCA40NGGA.fastq.gz	background	320656	12.8 Mbp	12800000	0	40	56	PASS	PASS	PASS	PASS	FAIL	PASS	PASS	PASS	PASS	PASS	PASS
NHLH2_FL_3_KW_TTAGTA40NCTC	/scratch/project_2013895/SELEX/data/Yin2017/submitted_ftp/NHLH2_FL_3_KW_TTAGTA40NCTC.fastq.gz	background	228332	9.1 Mbp	9100000	0	40	59	PASS	PASS	PASS	PASS	FAIL	PASS	PASS	PASS	PASS	PASS	PASS
ASCL1_eDBD_2_KR_TGCGCA40NCAA	/scratch/project_2013895/SELEX/data/Yin2017/submitted_ftp/ASCL1_eDBD_2_KR_TGCGCA40NCAA.fastq.gz	background	376325	15 Mbp	15000000	0	40	53	PASS	PASS	PASS	PASS	WARN	PASS	PASS	PASS	PASS	PASS	PASS
ASCL2_eDBD_2_KO_TAACTC40NGTC	/scratch/project_2013895/SELEX/data/Yin2017/submitted_ftp/ASCL2_eDBD_2_KO_TAACTC40NGTC.fastq.gz	background	378127	15.1 Mbp	15100000	0	40	55	PASS	PASS	PASS	PASS	WARN	PASS	PASS	PASS	PASS	PASS	PASS
ASCL2_FL_3_KAE_TTCTCC40NAGA	/scratch/project_2013895/SELEX/data/Yin2017/submitted_ftp/ASCL2_FL_3_KAE_TTCTCC40NAGA.fastq.gz	background	273258	10.9 Mbp	10900000	0	40	56	PASS	PASS	PASS	PASS	FAIL	PASS	PASS	PASS	PASS	PASS	PASS
MYOD1_eDBD_2_KO_TGTCTG40NAGG	/scratch/project_2013895/SELEX/data/Yin2017/submitted_ftp/MYOD1_eDBD_2_KO_TGTCTG40NAGG.fastq.gz	background	299709	11.9 Mbp	11900000	0	40	53	PASS	PASS	PASS	PASS	WARN	PASS	PASS	PASS	PASS	PASS	PASS
MYOD1_FL_2_KW_TACTAA40NATT	/scratch/project_2013895/SELEX/data/Yin2017/submitted_ftp/MYOD1_FL_2_KW_TACTAA40NATT.fastq.gz	background	184191	7.3 Mbp	7300000	0	40	55	PASS	PASS	FAIL	PASS	FAIL	PASS	PASS	PASS	PASS	PASS	PASS
MYOG_eDBD_2_KR_TCGCCG40NTGC	/scratch/project_2013895/SELEX/data/Yin2017/submitted_ftp/MYOG_eDBD_2_KR_TCGCCG40NTGC.fastq.gz	background	299647	11.9 Mbp	11900000	0	40	52	PASS	PASS	PASS	PASS	WARN	PASS	PASS	PASS	PASS	PASS	PASS
MYOG_FL_1_KV_TACTAA40NATT	/scratch/project_2013895/SELEX/data/Yin2017/submitted_ftp/MYOG_FL_1_KV_TACTAA40NATT.fastq.gz	background	266293	10.6 Mbp	10600000	0	40	54	PASS	PASS	PASS	PASS	FAIL	PASS	PASS	PASS	PASS	PASS	PASS
MYF6_eDBD_3_KR_TCCCGC40NACA	/scratch/project_2013895/SELEX/data/Yin2017/submitted_ftp/MYF6_eDBD_3_KR_TCCCGC40NACA.fastq.gz	background	177535	7.1 Mbp	7100000	0	40	55	PASS	PASS	PASS	PASS	WARN	PASS	PASS	PASS	PASS	PASS	PASS
FIGLA_eDBD_1_KN_TCGGGA40NGCA	/scratch/project_2013895/SELEX/data/Yin2017/submitted_ftp/FIGLA_eDBD_1_KN_TCGGGA40NGCA.fastq.gz	background	167470	6.6 Mbp	6600000	0	40	58	PASS	PASS	FAIL	PASS	FAIL	PASS	WARN	PASS	PASS	PASS	PASS
MLX_eDBD_1_KS_TCCAAG40NAAC	/scratch/project_2013895/SELEX/data/Yin2017/submitted_ftp/MLX_eDBD_1_KS_TCCAAG40NAAC.fastq.gz	background	373181	14.9 Mbp	14900000	0	40	56	PASS	PASS	FAIL	PASS	FAIL	PASS	PASS	PASS	PASS	PASS	PASS
MLX_FL_2_KW_TGCCAA40NTAG	/scratch/project_2013895/SELEX/data/Yin2017/submitted_ftp/MLX_FL_2_KW_TGCCAA40NTAG.fastq.gz	background	155239	6.2 Mbp	6200000	0	40	55	PASS	PASS	FAIL	PASS	WARN	PASS	PASS	PASS	PASS	PASS	PASS
TFAP4_eDBD_1_KN_TGATCG40NATC	/scratch/project_2013895/SELEX/data/Yin2017/submitted_ftp/TFAP4_eDBD_1_KN_TGATCG40NATC.fastq.gz	background	153365	6.1 Mbp	6100000	0	40	56	PASS	PASS	FAIL	PASS	FAIL	PASS	WARN	PASS	PASS	PASS	PASS
TFAP4_FL_2_KX_TTTGAC40NGGT	/scratch/project_2013895/SELEX/data/Yin2017/submitted_ftp/TFAP4_FL_2_KX_TTTGAC40NGGT.fastq.gz	background	221914	8.8 Mbp	8800000	0	40	54	PASS	PASS	WARN	PASS	WARN	PASS	PASS	PASS	PASS	PASS	PASS
CREB1_eDBD_3_KR_TTTGAC40NGGT	/scratch/project_2013895/SELEX/data/Yin2017/submitted_ftp/CREB1_eDBD_3_KR_TTTGAC40NGGT.fastq.gz	background	173308	6.9 Mbp	6900000	0	40	54	PASS	PASS	PASS	PASS	FAIL	PASS	PASS	PASS	PASS	PASS	PASS
CREB1_FL_2_KX_TCCCGC40NACA	/scratch/project_2013895/SELEX/data/Yin2017/submitted_ftp/CREB1_FL_2_KX_TCCCGC40NACA.fastq.gz	background	147164	5.8 Mbp	5800000	0	40	54	PASS	PASS	WARN	PASS	WARN	PASS	PASS	PASS	PASS	PASS	PASS
CREM_eDBD_3_KO_TAAGTC40NCGT	/scratch/project_2013895/SELEX/data/Yin2017/submitted_ftp/CREM_eDBD_3_KO_TAAGTC40NCGT.fastq.gz	background	305619	12.2 Mbp	12200000	0	40	53	PASS	PASS	PASS	PASS	FAIL	PASS	PASS	PASS	PASS	PASS	PASS
ATF6_eDBD_2_KS_TTGGCC40NTCG	/scratch/project_2013895/SELEX/data/Yin2017/submitted_ftp/ATF6_eDBD_2_KS_TTGGCC40NTCG.fastq.gz	background	102001	4 Mbp	4000000	0	40	53	PASS	PASS	FAIL	PASS	WARN	PASS	PASS	PASS	PASS	PASS	PASS
ATF6B_eDBD_2_KP_TTCTGT40NAAC	/scratch/project_2013895/SELEX/data/Yin2017/submitted_ftp/ATF6B_eDBD_2_KP_TTCTGT40NAAC.fastq.gz	background	378310	15.1 Mbp	15100000	0	40	54	PASS	PASS	FAIL	PASS	FAIL	PASS	PASS	PASS	PASS	PASS	PASS
CREB3L1_eDBD_2_KP_TTGTCC40NTAG	/scratch/project_2013895/SELEX/data/Yin2017/submitted_ftp/CREB3L1_eDBD_2_KP_TTGTCC40NTAG.fastq.gz	background	420581	16.8 Mbp	16800000	0	40	54	PASS	PASS	FAIL	PASS	WARN	PASS	PASS	PASS	PASS	PASS	PASS
CREB3L1_FL_3_KX_TCTTTA40NGGA	/scratch/project_2013895/SELEX/data/Yin2017/submitted_ftp/CREB3L1_FL_3_KX_TCTTTA40NGGA.fastq.gz	background	244385	9.7 Mbp	9700000	0	40	56	PASS	PASS	PASS	PASS	FAIL	PASS	PASS	PASS	PASS	PASS	PASS
CREB3_FL_2_KW_TCACAT40NATG	/scratch/project_2013895/SELEX/data/Yin2017/submitted_ftp/CREB3_FL_2_KW_TCACAT40NATG.fastq.gz	background	173550	6.9 Mbp	6900000	0	40	54	PASS	PASS	FAIL	PASS	FAIL	PASS	PASS	PASS	PASS	PASS	PASS
CREB3L4_eDBD_2_KO_TATTTC40NGCA	/scratch/project_2013895/SELEX/data/Yin2017/submitted_ftp/CREB3L4_eDBD_2_KO_TATTTC40NGCA.fastq.gz	background	514536	20.5 Mbp	20500000	0	40	54	PASS	PASS	PASS	PASS	WARN	PASS	PASS	PASS	PASS	PASS	PASS
NFE2_eDBD_1_KR_TTAAAT40NAAT	/scratch/project_2013895/SELEX/data/Yin2017/submitted_ftp/NFE2_eDBD_1_KR_TTAAAT40NAAT.fastq.gz	background	351252	14 Mbp	14000000	0	40	51	PASS	PASS	PASS	PASS	FAIL	PASS	PASS	PASS	PASS	PASS	PASS
BACH2_eDBD_1_KR_TTCGAG40NGCG	/scratch/project_2013895/SELEX/data/Yin2017/submitted_ftp/BACH2_eDBD_1_KR_TTCGAG40NGCG.fastq.gz	background	210451	8.4 Mbp	8400000	0	40	53	PASS	PASS	PASS	PASS	FAIL	PASS	PASS	PASS	PASS	PASS	PASS
ZeroCycle_TCAGTG40NGAT_0_0	/scratch/project_2013895/SELEX/data/input_libraries/submitted_ftp/ZeroCycle_TCAGTG40NGAT_0_0.fastq.gz	background	334219	13.3 Mbp	13300000	0	40	48	PASS	PASS	FAIL	PASS	WARN	PASS	PASS	PASS	PASS	PASS	PASS
JUND_eDBD_3_KS_TACCCA40NTGT	/scratch/project_2013895/SELEX/data/Yin2017/submitted_ftp/JUND_eDBD_3_KS_TACCCA40NTGT.fastq.gz	background	338873	13.5 Mbp	13500000	0	40	55	PASS	PASS	PASS	PASS	FAIL	PASS	PASS	PASS	PASS	PASS	PASS
JUNB_eDBD_3_KS_TTTGTT40NTAT	/scratch/project_2013895/SELEX/data/Yin2017/submitted_ftp/JUNB_eDBD_3_KS_TTTGTT40NTAT.fastq.gz	background	9052	362 kbp	362000	0	40	52	PASS	PASS	PASS	PASS	FAIL	PASS	PASS	PASS	WARN	FAIL	PASS
XBP1_FL_3_KV_TACATA40NAGA	/scratch/project_2013895/SELEX/data/Yin2017/submitted_ftp/XBP1_FL_3_KV_TACATA40NAGA.fastq.gz	background	231215	9.2 Mbp	9200000	0	40	53	PASS	PASS	PASS	PASS	FAIL	PASS	PASS	PASS	PASS	PASS	PASS
FOS_eDBD_2_KR_TGAACT40NAAG	/scratch/project_2013895/SELEX/data/Yin2017/submitted_ftp/FOS_eDBD_2_KR_TGAACT40NAAG.fastq.gz	background	290352	11.6 Mbp	11600000	0	40	55	PASS	PASS	PASS	PASS	WARN	PASS	PASS	PASS	PASS	PASS	PASS
FOSB_eDBD_1_KP_TAGAGC40NTAG	/scratch/project_2013895/SELEX/data/Yin2017/submitted_ftp/FOSB_eDBD_1_KP_TAGAGC40NTAG.fastq.gz	background	271043	10.8 Mbp	10800000	0	40	51	PASS	PASS	PASS	PASS	PASS	PASS	PASS	PASS	PASS	PASS	PASS
FOSL1_FL_3_KAE_TGACGG40NCTC	/scratch/project_2013895/SELEX/data/Yin2017/submitted_ftp/FOSL1_FL_3_KAE_TGACGG40NCTC.fastq.gz	background	186362	7.4 Mbp	7400000	0	40	57	PASS	PASS	PASS	PASS	WARN	PASS	PASS	PASS	PASS	PASS	PASS
ATF3_eDBD_2_KS_TGCAGT40NAAG	/scratch/project_2013895/SELEX/data/Yin2017/submitted_ftp/ATF3_eDBD_2_KS_TGCAGT40NAAG.fastq.gz	background	134689	5.3 Mbp	5300000	0	40	51	PASS	PASS	WARN	PASS	WARN	PASS	PASS	PASS	PASS	PASS	PASS
ATF3_FL_2_KAE_TTCATA40NTCA	/scratch/project_2013895/SELEX/data/Yin2017/submitted_ftp/ATF3_FL_2_KAE_TTCATA40NTCA.fastq.gz	background	204470	8.1 Mbp	8100000	0	40	48	PASS	PASS	PASS	PASS	FAIL	PASS	PASS	PASS	PASS	PASS	PASS
JDP2_eDBD_2_KT_TATTTC40NGCA	/scratch/project_2013895/SELEX/data/Yin2017/submitted_ftp/JDP2_eDBD_2_KT_TATTTC40NGCA.fastq.gz	background	393364	15.7 Mbp	15700000	0	40	52	PASS	PASS	PASS	PASS	FAIL	PASS	PASS	PASS	PASS	PASS	PASS
JDP2_FL_3_KV_TAGATG40NTAT	/scratch/project_2013895/SELEX/data/Yin2017/submitted_ftp/JDP2_FL_3_KV_TAGATG40NTAT.fastq.gz	background	451814	18 Mbp	18000000	0	40	50	PASS	PASS	PASS	PASS	FAIL	PASS	PASS	PASS	PASS	PASS	PASS
ZeroCycle_TTACAG40NGTG_0_0	/scratch/project_2013895/SELEX/data/input_libraries/submitted_ftp/ZeroCycle_TTACAG40NGTG_0_0.fastq.gz	background	85766	3.4 Mbp	3400000	0	40	51	PASS	PASS	FAIL	PASS	WARN	PASS	PASS	PASS	PASS	PASS	PASS
BATF3_eDBD_2_KN_TGCAAA40NGAA	/scratch/project_2013895/SELEX/data/Yin2017/submitted_ftp/BATF3_eDBD_2_KN_TGCAAA40NGAA.fastq.gz	background	162522	6.5 Mbp	6500000	0	40	59	PASS	PASS	FAIL	PASS	FAIL	PASS	PASS	PASS	PASS	PASS	PASS
BATF3_FL_2_KZ_TTAAAT40NAAT	/scratch/project_2013895/SELEX/data/Yin2017/submitted_ftp/BATF3_FL_2_KZ_TTAAAT40NAAT.fastq.gz	background	227964	9.1 Mbp	9100000	0	40	55	PASS	PASS	FAIL	PASS	FAIL	PASS	WARN	PASS	PASS	PASS	PASS
ATF2_eDBD_3_KP_TGAACC40NCCA	/scratch/project_2013895/SELEX/data/Yin2017/submitted_ftp/ATF2_eDBD_3_KP_TGAACC40NCCA.fastq.gz	background	214935	8.5 Mbp	8500000	0	40	54	PASS	PASS	FAIL	PASS	WARN	PASS	PASS	PASS	PASS	PASS	PASS
ATF2_FL_3_KZ_TGAGGA40NTTG	/scratch/project_2013895/SELEX/data/Yin2017/submitted_ftp/ATF2_FL_3_KZ_TGAGGA40NTTG.fastq.gz	background	412965	16.5 Mbp	16500000	0	40	53	PASS	PASS	FAIL	PASS	FAIL	PASS	PASS	PASS	PASS	PASS	PASS
ATF7_eDBD_3_KP_TCCAAG40NAAC	/scratch/project_2013895/SELEX/data/Yin2017/submitted_ftp/ATF7_eDBD_3_KP_TCCAAG40NAAC.fastq.gz	background	310662	12.4 Mbp	12400000	0	40	50	PASS	PASS	FAIL	PASS	WARN	PASS	PASS	PASS	PASS	PASS	PASS
CREB5_eDBD_3_KP_TCCGAG40NTGG	/scratch/project_2013895/SELEX/data/Yin2017/submitted_ftp/CREB5_eDBD_3_KP_TCCGAG40NTGG.fastq.gz	background	155856	6.2 Mbp	6200000	0	40	53	PASS	PASS	WARN	PASS	WARN	PASS	PASS	PASS	PASS	PASS	PASS
CREB5_FL_2_KAE_TTACAA40NTAC	/scratch/project_2013895/SELEX/data/Yin2017/submitted_ftp/CREB5_FL_2_KAE_TTACAA40NTAC.fastq.gz	background	221927	8.8 Mbp	8800000	0	40	48	PASS	PASS	PASS	PASS	FAIL	PASS	PASS	PASS	PASS	PASS	PASS
CEBPB_eDBD_2_KN_TCATTC40NATT	/scratch/project_2013895/SELEX/data/Yin2017/submitted_ftp/CEBPB_eDBD_2_KN_TCATTC40NATT.fastq.gz	background	279223	11.1 Mbp	11100000	0	40	53	PASS	PASS	FAIL	PASS	FAIL	PASS	PASS	PASS	PASS	PASS	PASS
CEBPE_eDBD_3_KR_TGTAGA40NTGT	/scratch/project_2013895/SELEX/data/Yin2017/submitted_ftp/CEBPE_eDBD_3_KR_TGTAGA40NTGT.fastq.gz	background	231743	9.2 Mbp	9200000	0	40	50	PASS	PASS	PASS	PASS	FAIL	PASS	PASS	PASS	PASS	PASS	PASS
CEBPD_eDBD_3_KN_TGACCA40NTCC	/scratch/project_2013895/SELEX/data/Yin2017/submitted_ftp/CEBPD_eDBD_3_KN_TGACCA40NTCC.fastq.gz	background	273923	10.9 Mbp	10900000	0	40	53	PASS	PASS	PASS	PASS	FAIL	PASS	PASS	PASS	PASS	PASS	PASS
CEBPG_eDBD_2_KN_TACTTT40NTCT	/scratch/project_2013895/SELEX/data/Yin2017/submitted_ftp/CEBPG_eDBD_2_KN_TACTTT40NTCT.fastq.gz	background	214549	8.5 Mbp	8500000	0	40	54	PASS	PASS	FAIL	PASS	FAIL	PASS	PASS	PASS	PASS	PASS	PASS
CEBPG_FL_3_KV_TCCACC40NTTA	/scratch/project_2013895/SELEX/data/Yin2017/submitted_ftp/CEBPG_FL_3_KV_TCCACC40NTTA.fastq.gz	background	475179	19 Mbp	19000000	0	40	52	PASS	PASS	PASS	PASS	WARN	PASS	PASS	PASS	PASS	PASS	PASS
DBP_eDBD_1_KV_TGGACC40NAAC	/scratch/project_2013895/SELEX/data/Yin2017/submitted_ftp/DBP_eDBD_1_KV_TGGACC40NAAC.fastq.gz	background	362205	14.4 Mbp	14400000	0	40	51	PASS	PASS	PASS	PASS	FAIL	PASS	PASS	PASS	PASS	PASS	PASS
DBP_FL_3_KW_TGGCGT40NCCT	/scratch/project_2013895/SELEX/data/Yin2017/submitted_ftp/DBP_FL_3_KW_TGGCGT40NCCT.fastq.gz	background	526143	21 Mbp	21000000	0	40	49	PASS	PASS	PASS	PASS	FAIL	PASS	PASS	PASS	PASS	PASS	PASS
HLF_FL_3_KX_TGGAGT40NTGG	/scratch/project_2013895/SELEX/data/Yin2017/submitted_ftp/HLF_FL_3_KX_TGGAGT40NTGG.fastq.gz	background	268391	10.7 Mbp	10700000	0	40	49	PASS	PASS	PASS	PASS	WARN	PASS	PASS	PASS	PASS	PASS	PASS
TEF_eDBD_3_KN_TAAGCT40NTGC	/scratch/project_2013895/SELEX/data/Yin2017/submitted_ftp/TEF_eDBD_3_KN_TAAGCT40NTGC.fastq.gz	background	245086	9.8 Mbp	9800000	0	40	51	PASS	PASS	PASS	PASS	FAIL	PASS	PASS	PASS	PASS	PASS	PASS
ATF4_eDBD_2_KN_TGGGTG40NGGA	/scratch/project_2013895/SELEX/data/Yin2017/submitted_ftp/ATF4_eDBD_2_KN_TGGGTG40NGGA.fastq.gz	background	253706	10.1 Mbp	10100000	0	40	55	PASS	PASS	FAIL	PASS	FAIL	PASS	PASS	PASS	PASS	PASS	PASS
ATF4_FL_2_KW_TCTAGG40NCTG	/scratch/project_2013895/SELEX/data/Yin2017/submitted_ftp/ATF4_FL_2_KW_TCTAGG40NCTG.fastq.gz	background	103783	4.1 Mbp	4099999.9999999995	0	40	52	PASS	PASS	FAIL	PASS	FAIL	PASS	PASS	PASS	PASS	PASS	PASS
MAFF_eDBD_3_KO_TTATTT40NCGT	/scratch/project_2013895/SELEX/data/Yin2017/submitted_ftp/MAFF_eDBD_3_KO_TTATTT40NCGT.fastq.gz	background	260514	10.4 Mbp	10400000	0	40	49	PASS	PASS	PASS	PASS	WARN	PASS	PASS	PASS	PASS	PASS	PASS
MAFF_FL_3_KW_TCGCCG40NTGC	/scratch/project_2013895/SELEX/data/Yin2017/submitted_ftp/MAFF_FL_3_KW_TCGCCG40NTGC.fastq.gz	background	184734	7.3 Mbp	7300000	0	40	49	PASS	PASS	PASS	PASS	FAIL	PASS	PASS	PASS	PASS	PASS	PASS
MAFG_eDBD_3_KN_TTGTTC40NAAG	/scratch/project_2013895/SELEX/data/Yin2017/submitted_ftp/MAFG_eDBD_3_KN_TTGTTC40NAAG.fastq.gz	background	313900	12.5 Mbp	12500000	0	40	53	PASS	PASS	PASS	PASS	FAIL	PASS	PASS	PASS	PASS	PASS	PASS
MAFG_FL_3_KAE_TGTTAA40NACT	/scratch/project_2013895/SELEX/data/Yin2017/submitted_ftp/MAFG_FL_3_KAE_TGTTAA40NACT.fastq.gz	background	137481	5.4 Mbp	5400000	0	40	48	PASS	PASS	PASS	PASS	FAIL	PASS	PASS	PASS	PASS	PASS	PASS
MAF_eDBD_3_KO_TTTACT40NACA	/scratch/project_2013895/SELEX/data/Yin2017/submitted_ftp/MAF_eDBD_3_KO_TTTACT40NACA.fastq.gz	background	255980	10.2 Mbp	10200000	0	40	52	PASS	PASS	PASS	PASS	FAIL	PASS	PASS	PASS	PASS	PASS	PASS
MAF_FL_3_KV_TGAATT40NTAA	/scratch/project_2013895/SELEX/data/Yin2017/submitted_ftp/MAF_FL_3_KV_TGAATT40NTAA.fastq.gz	background	434008	17.3 Mbp	17300000	0	40	46	PASS	PASS	PASS	PASS	FAIL	PASS	PASS	PASS	PASS	PASS	PASS
MAFA_eDBD_3_KO_TACGGG40NCTT	/scratch/project_2013895/SELEX/data/Yin2017/submitted_ftp/MAFA_eDBD_3_KO_TACGGG40NCTT.fastq.gz	background	263368	10.5 Mbp	10500000	0	40	49	PASS	PASS	PASS	PASS	WARN	PASS	PASS	PASS	PASS	PASS	PASS
NRL_eDBD_2_KR_TGGAGA40NCCA	/scratch/project_2013895/SELEX/data/Yin2017/submitted_ftp/NRL_eDBD_2_KR_TGGAGA40NCCA.fastq.gz	background	314229	12.5 Mbp	12500000	0	40	49	PASS	PASS	PASS	PASS	WARN	PASS	PASS	PASS	PASS	PASS	PASS
NRL_FL_2_KV_TAAGGG40NACC	/scratch/project_2013895/SELEX/data/Yin2017/submitted_ftp/NRL_FL_2_KV_TAAGGG40NACC.fastq.gz	background	254483	10.1 Mbp	10100000	0	40	49	PASS	PASS	PASS	PASS	WARN	PASS	PASS	PASS	PASS	PASS	PASS
SPIB_eDBD_3_KR_TACGAT40NCCG	/scratch/project_2013895/SELEX/data/Yin2017/submitted_ftp/SPIB_eDBD_3_KR_TACGAT40NCCG.fastq.gz	background	168741	6.7 Mbp	6700000	0	40	53	PASS	PASS	PASS	PASS	FAIL	PASS	PASS	PASS	PASS	WARN	PASS
SPIB_FL_1_KV_TTTAGC40NGAC	/scratch/project_2013895/SELEX/data/Yin2017/submitted_ftp/SPIB_FL_1_KV_TTTAGC40NGAC.fastq.gz	background	327752	13.1 Mbp	13100000	0	40	51	PASS	PASS	PASS	PASS	WARN	PASS	PASS	PASS	PASS	PASS	PASS
ELF3_eDBD_2_KP_TACATC40NATA	/scratch/project_2013895/SELEX/data/Yin2017/submitted_ftp/ELF3_eDBD_2_KP_TACATC40NATA.fastq.gz	background	335967	13.4 Mbp	13400000	0	40	53	PASS	PASS	FAIL	PASS	FAIL	PASS	PASS	PASS	PASS	PASS	PASS
ELF3_FL_2_KW_TATGTA40NTGT	/scratch/project_2013895/SELEX/data/Yin2017/submitted_ftp/ELF3_FL_2_KW_TATGTA40NTGT.fastq.gz	background	100381	4 Mbp	4000000	0	40	54	PASS	PASS	FAIL	PASS	FAIL	PASS	PASS	PASS	PASS	PASS	PASS
ELF5_eDBD_3_KT_TCGTCA40NCTA	/scratch/project_2013895/SELEX/data/Yin2017/submitted_ftp/ELF5_eDBD_3_KT_TCGTCA40NCTA.fastq.gz	background	318555	12.7 Mbp	12700000	0	40	54	PASS	PASS	FAIL	PASS	FAIL	PASS	PASS	PASS	PASS	PASS	PASS
ELF5_FL_2_KW_TCTGCA40NATA	/scratch/project_2013895/SELEX/data/Yin2017/submitted_ftp/ELF5_FL_2_KW_TCTGCA40NATA.fastq.gz	background	170723	6.8 Mbp	6800000	0	40	52	PASS	PASS	FAIL	PASS	WARN	PASS	PASS	PASS	PASS	PASS	PASS
ERG_eDBD_1_KT_TAGAGC40NTAG	/scratch/project_2013895/SELEX/data/Yin2017/submitted_ftp/ERG_eDBD_1_KT_TAGAGC40NTAG.fastq.gz	background	257134	10.2 Mbp	10200000	0	40	51	PASS	PASS	PASS	PASS	PASS	PASS	PASS	PASS	PASS	PASS	PASS
ERG_FL_2_KAF_TCCCGG40NTAC	/scratch/project_2013895/SELEX/data/Yin2017/submitted_ftp/ERG_FL_2_KAF_TCCCGG40NTAC.fastq.gz	background	251048	10 Mbp	10000000	0	40	53	PASS	PASS	WARN	PASS	WARN	PASS	PASS	PASS	PASS	PASS	PASS
FLI1_eDBD_1_KT_TTTGGT40NCTT	/scratch/project_2013895/SELEX/data/Yin2017/submitted_ftp/FLI1_eDBD_1_KT_TTTGGT40NCTT.fastq.gz	background	261120	10.4 Mbp	10400000	0	40	54	PASS	PASS	PASS	PASS	WARN	PASS	PASS	PASS	PASS	PASS	PASS
FLI1_FL_2_KV_TCCTCA40NAAC	/scratch/project_2013895/SELEX/data/Yin2017/submitted_ftp/FLI1_FL_2_KV_TCCTCA40NAAC.fastq.gz	background	271767	10.8 Mbp	10800000	0	40	53	PASS	PASS	PASS	PASS	WARN	PASS	PASS	PASS	PASS	PASS	PASS
FEV_eDBD_2_KO_TGCGCA40NCAA	/scratch/project_2013895/SELEX/data/Yin2017/submitted_ftp/FEV_eDBD_2_KO_TGCGCA40NCAA.fastq.gz	background	322662	12.9 Mbp	12900000	0	40	53	PASS	PASS	PASS	PASS	WARN	PASS	PASS	PASS	PASS	PASS	PASS
ETV3_eDBD_2_KV_TTATTC40NGAA	/scratch/project_2013895/SELEX/data/Yin2017/submitted_ftp/ETV3_eDBD_2_KV_TTATTC40NGAA.fastq.gz	background	325811	13 Mbp	13000000	0	40	53	PASS	PASS	PASS	PASS	FAIL	PASS	PASS	PASS	PASS	PASS	PASS
ETV2_eDBD_2_KO_TTCGGG40NGAG	/scratch/project_2013895/SELEX/data/Yin2017/submitted_ftp/ETV2_eDBD_2_KO_TTCGGG40NGAG.fastq.gz	background	211591	8.4 Mbp	8400000	0	40	55	PASS	PASS	PASS	PASS	FAIL	PASS	PASS	PASS	PASS	PASS	PASS
GABPA_eDBD_1_KV_TCTGCT40NTGT	/scratch/project_2013895/SELEX/data/Yin2017/submitted_ftp/GABPA_eDBD_1_KV_TCTGCT40NTGT.fastq.gz	background	398040	15.9 Mbp	15900000	0	40	56	PASS	PASS	PASS	PASS	FAIL	PASS	PASS	PASS	PASS	PASS	PASS
ETS2_FL_3_KX_TGTGAT40NGCA	/scratch/project_2013895/SELEX/data/Yin2017/submitted_ftp/ETS2_FL_3_KX_TGTGAT40NGCA.fastq.gz	background	286559	11.4 Mbp	11400000	0	40	55	PASS	PASS	PASS	PASS	FAIL	PASS	PASS	PASS	FAIL	WARN	PASS
ETV1_eDBD_1_KR_TTGTGG40NCGG	/scratch/project_2013895/SELEX/data/Yin2017/submitted_ftp/ETV1_eDBD_1_KR_TTGTGG40NCGG.fastq.gz	background	429300	17.1 Mbp	17100000	0	40	53	PASS	PASS	PASS	PASS	FAIL	PASS	PASS	PASS	PASS	PASS	PASS
ETV1_FL_2_KAF_TCGACA40NCGT	/scratch/project_2013895/SELEX/data/Yin2017/submitted_ftp/ETV1_FL_2_KAF_TCGACA40NCGT.fastq.gz	background	372427	14.8 Mbp	14800000	0	40	50	PASS	PASS	WARN	PASS	PASS	PASS	PASS	PASS	PASS	PASS	PASS
ETV5_eDBD_1_KP_TACATA40NAGA	/scratch/project_2013895/SELEX/data/Yin2017/submitted_ftp/ETV5_eDBD_1_KP_TACATA40NAGA.fastq.gz	background	330721	13.2 Mbp	13200000	0	40	55	PASS	PASS	PASS	PASS	FAIL	PASS	PASS	PASS	PASS	PASS	PASS
ETV4_eDBD_1_KS_TTCTCA40NCCT	/scratch/project_2013895/SELEX/data/Yin2017/submitted_ftp/ETV4_eDBD_1_KS_TTCTCA40NCCT.fastq.gz	background	237668	9.5 Mbp	9500000	0	40	53	PASS	PASS	FAIL	PASS	WARN	PASS	PASS	PASS	PASS	PASS	PASS
ETV4_FL_1_KAE_TCTCGA40NCAT	/scratch/project_2013895/SELEX/data/Yin2017/submitted_ftp/ETV4_FL_1_KAE_TCTCGA40NCAT.fastq.gz	background	231980	9.2 Mbp	9200000	0	40	52	PASS	PASS	FAIL	PASS	WARN	PASS	WARN	PASS	PASS	PASS	PASS
ELK1_eDBD_2_KS_TGCCGA40NGTA	/scratch/project_2013895/SELEX/data/Yin2017/submitted_ftp/ELK1_eDBD_2_KS_TGCCGA40NGTA.fastq.gz	background	112917	4.5 Mbp	4500000	0	40	55	PASS	PASS	WARN	PASS	FAIL	PASS	PASS	PASS	PASS	PASS	PASS
ELK1_FL_1_KAE_TCAGTT40NTTG	/scratch/project_2013895/SELEX/data/Yin2017/submitted_ftp/ELK1_FL_1_KAE_TCAGTT40NTTG.fastq.gz	background	269265	10.7 Mbp	10700000	0	40	51	PASS	PASS	FAIL	PASS	FAIL	PASS	WARN	PASS	PASS	PASS	PASS
ELK4_FL_1_KAE_TCCGCC40NTCA	/scratch/project_2013895/SELEX/data/Yin2017/submitted_ftp/ELK4_FL_1_KAE_TCCGCC40NTCA.fastq.gz	background	291536	11.6 Mbp	11600000	0	40	54	PASS	PASS	FAIL	PASS	PASS	PASS	WARN	PASS	PASS	PASS	PASS
ELK3_eDBD_1_KS_TCCCTG40NGTA	/scratch/project_2013895/SELEX/data/Yin2017/submitted_ftp/ELK3_eDBD_1_KS_TCCCTG40NGTA.fastq.gz	background	281836	11.2 Mbp	11200000	0	40	53	PASS	PASS	FAIL	PASS	FAIL	PASS	PASS	PASS	PASS	PASS	PASS
ELK3_FL_1_KX_TGTCAG40NGAC	/scratch/project_2013895/SELEX/data/Yin2017/submitted_ftp/ELK3_FL_1_KX_TGTCAG40NGAC.fastq.gz	background	242164	9.6 Mbp	9600000	0	40	53	PASS	PASS	PASS	PASS	WARN	PASS	PASS	PASS	PASS	PASS	PASS
ELF1_eDBD_1_KR_TGAACC40NCCA	/scratch/project_2013895/SELEX/data/Yin2017/submitted_ftp/ELF1_eDBD_1_KR_TGAACC40NCCA.fastq.gz	background	323571	12.9 Mbp	12900000	0	40	54	PASS	PASS	PASS	PASS	WARN	PASS	PASS	PASS	PASS	PASS	PASS
ELF1_FL_1_KW_TAAGCA40NGTC	/scratch/project_2013895/SELEX/data/Yin2017/submitted_ftp/ELF1_FL_1_KW_TAAGCA40NGTC.fastq.gz	background	209695	8.3 Mbp	8300000.000000001	0	40	52	PASS	PASS	FAIL	PASS	WARN	PASS	PASS	PASS	PASS	PASS	PASS
ELF4_eDBD_2_KS_TCAGCA40NCTC	/scratch/project_2013895/SELEX/data/Yin2017/submitted_ftp/ELF4_eDBD_2_KS_TCAGCA40NCTC.fastq.gz	background	136530	5.4 Mbp	5400000	0	40	54	PASS	PASS	WARN	PASS	FAIL	PASS	PASS	PASS	PASS	PASS	PASS
ELF2_eDBD_2_KR_TTAGCT40NCCT	/scratch/project_2013895/SELEX/data/Yin2017/submitted_ftp/ELF2_eDBD_2_KR_TTAGCT40NCCT.fastq.gz	background	315042	12.6 Mbp	12600000	0	40	54	PASS	PASS	PASS	PASS	FAIL	PASS	PASS	PASS	PASS	PASS	PASS
ELF2_FL_1_KX_TTCGCC40NGAC	/scratch/project_2013895/SELEX/data/Yin2017/submitted_ftp/ELF2_FL_1_KX_TTCGCC40NGAC.fastq.gz	background	181502	7.2 Mbp	7200000	0	40	55	PASS	PASS	PASS	PASS	WARN	PASS	PASS	PASS	PASS	PASS	PASS
ETV7_FL_2_KAE_TCTCTG40NGAA	/scratch/project_2013895/SELEX/data/Yin2017/submitted_ftp/ETV7_FL_2_KAE_TCTCTG40NGAA.fastq.gz	background	194188	7.7 Mbp	7700000	0	40	50	PASS	PASS	PASS	PASS	FAIL	PASS	PASS	PASS	PASS	PASS	PASS
SPDEF_eDBD_2_KW_TAGAGA40NCGC	/scratch/project_2013895/SELEX/data/Yin2017/submitted_ftp/SPDEF_eDBD_2_KW_TAGAGA40NCGC.fastq.gz	background	191442	7.6 Mbp	7600000	0	40	53	PASS	PASS	FAIL	PASS	FAIL	PASS	PASS	PASS	PASS	PASS	PASS
SPDEF_FL_2_KX_TCACAT40NATG	/scratch/project_2013895/SELEX/data/Yin2017/submitted_ftp/SPDEF_FL_2_KX_TCACAT40NATG.fastq.gz	background	146995	5.8 Mbp	5800000	0	40	55	PASS	PASS	WARN	PASS	FAIL	PASS	PASS	PASS	PASS	PASS	PASS
TFAP2E_FL_1_KW_TCAAAC40NAAC	/scratch/project_2013895/SELEX/data/Yin2017/submitted_ftp/TFAP2E_FL_1_KW_TCAAAC40NAAC.fastq.gz	background	203778	8.1 Mbp	8100000	0	40	58	PASS	PASS	FAIL	PASS	FAIL	PASS	PASS	PASS	PASS	PASS	PASS
TFAP2B_eDBD_1_KP_TGAGTT40NCGG	/scratch/project_2013895/SELEX/data/Yin2017/submitted_ftp/TFAP2B_eDBD_1_KP_TGAGTT40NCGG.fastq.gz	background	306960	12.2 Mbp	12200000	0	40	56	PASS	PASS	PASS	PASS	WARN	PASS	PASS	PASS	PASS	PASS	PASS
TFAP2A_FL_1_KX_TCGTCA40NCTA	/scratch/project_2013895/SELEX/data/Yin2017/submitted_ftp/TFAP2A_FL_1_KX_TCGTCA40NCTA.fastq.gz	background	240479	9.6 Mbp	9600000	0	40	58	PASS	PASS	PASS	PASS	FAIL	PASS	PASS	PASS	PASS	PASS	PASS
ZeroCycle_TGAGCT40NGCA_0_0	/scratch/project_2013895/SELEX/data/input_libraries/submitted_ftp/ZeroCycle_TGAGCT40NGCA_0_0.fastq.gz	background	120526	4.8 Mbp	4800000	0	40	50	PASS	PASS	FAIL	PASS	WARN	PASS	PASS	PASS	PASS	PASS	PASS
GRHL1_eDBD_2_KS_TGCTCC40NCCG	/scratch/project_2013895/SELEX/data/Yin2017/submitted_ftp/GRHL1_eDBD_2_KS_TGCTCC40NCCG.fastq.gz	background	110392	4.4 Mbp	4400000	0	40	49	PASS	PASS	FAIL	PASS	FAIL	PASS	PASS	PASS	PASS	PASS	PASS
TFCP2_eDBD_3_KT_TTAGTA40NCTC	/scratch/project_2013895/SELEX/data/Yin2017/submitted_ftp/TFCP2_eDBD_3_KT_TTAGTA40NCTC.fastq.gz	background	238720	9.5 Mbp	9500000	0	40	54	PASS	PASS	FAIL	PASS	FAIL	PASS	PASS	PASS	WARN	PASS	PASS
TFCP2_FL_3_KX_TGCTCT40NTTA	/scratch/project_2013895/SELEX/data/Yin2017/submitted_ftp/TFCP2_FL_3_KX_TGCTCT40NTTA.fastq.gz	background	283886	11.3 Mbp	11300000	0	40	55	PASS	PASS	PASS	PASS	WARN	PASS	PASS	PASS	PASS	PASS	PASS
UBP1_eDBD_3_KT_TGGCCT40NTAT	/scratch/project_2013895/SELEX/data/Yin2017/submitted_ftp/UBP1_eDBD_3_KT_TGGCCT40NTAT.fastq.gz	background	326934	13 Mbp	13000000	0	40	57	PASS	PASS	FAIL	PASS	FAIL	PASS	PASS	PASS	PASS	PASS	PASS
TFCP2L1_eDBD_3_KT_TGCAGC40NATT	/scratch/project_2013895/SELEX/data/Yin2017/submitted_ftp/TFCP2L1_eDBD_3_KT_TGCAGC40NATT.fastq.gz	background	306061	12.2 Mbp	12200000	0	40	56	PASS	PASS	FAIL	PASS	FAIL	PASS	PASS	PASS	PASS	WARN	PASS
YBX1_eDBD_3_KR_TTGCTC40NGAA	/scratch/project_2013895/SELEX/data/Yin2017/submitted_ftp/YBX1_eDBD_3_KR_TTGCTC40NGAA.fastq.gz	background	218560	8.7 Mbp	8700000	0	40	53	PASS	PASS	PASS	PASS	WARN	PASS	PASS	PASS	PASS	PASS	PASS
ONECUT3_eDBD_1_KP_TCCGGG40NCTC	/scratch/project_2013895/SELEX/data/Yin2017/submitted_ftp/ONECUT3_eDBD_1_KP_TCCGGG40NCTC.fastq.gz	background	273041	10.9 Mbp	10900000	0	40	48	PASS	PASS	PASS	PASS	WARN	PASS	PASS	PASS	PASS	PASS	PASS
ZeroCycle_TGCAGC40NATT_0_0	/scratch/project_2013895/SELEX/data/input_libraries/submitted_ftp/ZeroCycle_TGCAGC40NATT_0_0.fastq.gz	background	191349	7.6 Mbp	7600000	0	40	52	PASS	PASS	FAIL	PASS	WARN	PASS	PASS	PASS	PASS	PASS	PASS
ONECUT2_FL_1_KZ_TAACTC40NGTC	/scratch/project_2013895/SELEX/data/Yin2017/submitted_ftp/ONECUT2_FL_1_KZ_TAACTC40NGTC.fastq.gz	background	799683	31.9 Mbp	31900000	0	40	50	PASS	PASS	PASS	PASS	WARN	PASS	PASS	PASS	PASS	PASS	PASS
ONECUT1_eDBD_1_KP_TTAGTA40NCTC	/scratch/project_2013895/SELEX/data/Yin2017/submitted_ftp/ONECUT1_eDBD_1_KP_TTAGTA40NCTC.fastq.gz	background	244023	9.7 Mbp	9700000	0	40	49	PASS	PASS	PASS	PASS	WARN	PASS	PASS	PASS	PASS	PASS	PASS
ONECUT1_FL_3_KW_TCAGGG40NGCA	/scratch/project_2013895/SELEX/data/Yin2017/submitted_ftp/ONECUT1_FL_3_KW_TCAGGG40NGCA.fastq.gz	background	227317	9 Mbp	9000000	0	40	50	PASS	PASS	PASS	PASS	FAIL	PASS	PASS	PASS	PASS	PASS	PASS
CUX1_eDBD_2_KP_TTAGCG40NAGA	/scratch/project_2013895/SELEX/data/Yin2017/submitted_ftp/CUX1_eDBD_2_KP_TTAGCG40NAGA.fastq.gz	background	455239	18.2 Mbp	18200000	0	40	45	PASS	PASS	FAIL	PASS	FAIL	PASS	PASS	PASS	PASS	PASS	PASS
CUX2_eDBD_2_KP_TCCACC40NTTA	/scratch/project_2013895/SELEX/data/Yin2017/submitted_ftp/CUX2_eDBD_2_KP_TCCACC40NTTA.fastq.gz	background	446972	17.8 Mbp	17800000	0	40	48	PASS	PASS	FAIL	PASS	FAIL	PASS	PASS	PASS	PASS	PASS	PASS
DMRTA1_FL_2_KZ_TCAGGG40NGCA	/scratch/project_2013895/SELEX/data/Yin2017/submitted_ftp/DMRTA1_FL_2_KZ_TCAGGG40NGCA.fastq.gz	background	251942	10 Mbp	10000000	0	40	49	PASS	PASS	FAIL	PASS	FAIL	PASS	WARN	PASS	PASS	PASS	PASS
DMRTA2_eDBD_3_KP_TGGTGG40NTAA	/scratch/project_2013895/SELEX/data/Yin2017/submitted_ftp/DMRTA2_eDBD_3_KP_TGGTGG40NTAA.fastq.gz	background	176713	7 Mbp	7000000	0	40	47	PASS	PASS	WARN	PASS	WARN	PASS	PASS	PASS	PASS	PASS	PASS
DMRT1_FL_2_KV_TCTCCT40NCCT	/scratch/project_2013895/SELEX/data/Yin2017/submitted_ftp/DMRT1_FL_2_KV_TCTCCT40NCCT.fastq.gz	background	214909	8.5 Mbp	8500000	0	40	48	PASS	PASS	PASS	PASS	WARN	PASS	PASS	PASS	PASS	PASS	PASS
DMRT3_eDBD_1_KP_TCTAGG40NCTG	/scratch/project_2013895/SELEX/data/Yin2017/submitted_ftp/DMRT3_eDBD_1_KP_TCTAGG40NCTG.fastq.gz	background	358263	14.3 Mbp	14300000	0	40	50	PASS	PASS	PASS	PASS	FAIL	PASS	PASS	PASS	PASS	PASS	PASS
DMRTC2_eDBD_2_KS_TCACAT40NATG	/scratch/project_2013895/SELEX/data/Yin2017/submitted_ftp/DMRTC2_eDBD_2_KS_TCACAT40NATG.fastq.gz	background	101211	4 Mbp	4000000	0	40	50	PASS	PASS	FAIL	PASS	WARN	PASS	PASS	PASS	PASS	PASS	PASS
DMRTC2_FL_1_KAE_TCGTTC40NATA	/scratch/project_2013895/SELEX/data/Yin2017/submitted_ftp/DMRTC2_FL_1_KAE_TCGTTC40NATA.fastq.gz	background	198881	7.9 Mbp	7900000	0	40	50	PASS	PASS	FAIL	PASS	WARN	PASS	WARN	PASS	PASS	PASS	PASS
DMRTC2_FL_3_KAE_TCGTTC40NATA	/scratch/project_2013895/SELEX/data/Yin2017/submitted_ftp/DMRTC2_FL_3_KAE_TCGTTC40NATA.fastq.gz	background	190387	7.6 Mbp	7600000	0	40	51	PASS	PASS	PASS	PASS	FAIL	PASS	PASS	PASS	PASS	PASS	PASS
E2F3_eDBD_2_KN_TTGTCT40NGCT	/scratch/project_2013895/SELEX/data/Yin2017/submitted_ftp/E2F3_eDBD_2_KN_TTGTCT40NGCT.fastq.gz	background	257353	10.2 Mbp	10200000	0	40	55	PASS	PASS	FAIL	PASS	FAIL	PASS	PASS	PASS	PASS	PASS	PASS
ZeroCycle_TTCAAG40NGCC_0_0	/scratch/project_2013895/SELEX/data/input_libraries/submitted_ftp/ZeroCycle_TTCAAG40NGCC_0_0.fastq.gz	background	160305	6.4 Mbp	6400000	0	40	54	PASS	PASS	FAIL	PASS	FAIL	PASS	PASS	PASS	PASS	PASS	PASS
E2F1_FL_3_KW_TTCGCC40NGAC	/scratch/project_2013895/SELEX/data/Yin2017/submitted_ftp/E2F1_FL_3_KW_TTCGCC40NGAC.fastq.gz	background	247535	9.9 Mbp	9900000	0	40	55	PASS	PASS	PASS	PASS	FAIL	PASS	PASS	PASS	PASS	PASS	PASS
E2F4_eDBD_2_KO_TCAGGG40NGCA	/scratch/project_2013895/SELEX/data/Yin2017/submitted_ftp/E2F4_eDBD_2_KO_TCAGGG40NGCA.fastq.gz	background	185933	7.4 Mbp	7400000	0	40	58	PASS	PASS	PASS	PASS	FAIL	PASS	PASS	PASS	PASS	PASS	PASS
E2F8_eDBD_1_KP_TCCATC40NTGA	/scratch/project_2013895/SELEX/data/Yin2017/submitted_ftp/E2F8_eDBD_1_KP_TCCATC40NTGA.fastq.gz	background	166997	6.6 Mbp	6600000	0	40	58	PASS	PASS	PASS	PASS	FAIL	PASS	PASS	PASS	PASS	PASS	PASS
E2F7_eDBD_2_KP_TACGAA40NAGA	/scratch/project_2013895/SELEX/data/Yin2017/submitted_ftp/E2F7_eDBD_2_KP_TACGAA40NAGA.fastq.gz	background	328017	13.1 Mbp	13100000	0	40	53	PASS	PASS	FAIL	PASS	FAIL	PASS	PASS	PASS	PASS	PASS	PASS
ZeroCycle_TGTCAG40NGAC_0_0	/scratch/project_2013895/SELEX/data/input_libraries/submitted_ftp/ZeroCycle_TGTCAG40NGAC_0_0.fastq.gz	background	176370	7 Mbp	7000000	0	40	52	PASS	PASS	FAIL	PASS	WARN	PASS	PASS	PASS	PASS	PASS	PASS
FOXR2_FL_3_KX_TTAGAG40NCGG	/scratch/project_2013895/SELEX/data/Yin2017/submitted_ftp/FOXR2_FL_3_KX_TTAGAG40NCGG.fastq.gz	background	232410	9.2 Mbp	9200000	0	40	51	PASS	PASS	PASS	PASS	WARN	PASS	PASS	PASS	PASS	PASS	PASS
FOXO3_eDBD_3_KR_TCCGGG40NCTC	/scratch/project_2013895/SELEX/data/Yin2017/submitted_ftp/FOXO3_eDBD_3_KR_TCCGGG40NCTC.fastq.gz	background	150073	6 Mbp	6000000	0	40	56	PASS	PASS	PASS	PASS	FAIL	PASS	PASS	PASS	PASS	PASS	PASS
FOXO4_eDBD_1_KT_TTCGAG40NGCG	/scratch/project_2013895/SELEX/data/Yin2017/submitted_ftp/FOXO4_eDBD_1_KT_TTCGAG40NGCG.fastq.gz	background	227626	9.1 Mbp	9100000	0	40	52	PASS	PASS	PASS	PASS	WARN	PASS	PASS	PASS	PASS	PASS	PASS
ZeroCycle_TGCACG40NTTG_0_0	/scratch/project_2013895/SELEX/data/input_libraries/submitted_ftp/ZeroCycle_TGCACG40NTTG_0_0.fastq.gz	background	124668	4.9 Mbp	4900000	0	40	52	PASS	PASS	FAIL	PASS	FAIL	PASS	PASS	PASS	PASS	PASS	PASS
FOXD2_eDBD_3_KO_TCGCCG40NTGC	/scratch/project_2013895/SELEX/data/Yin2017/submitted_ftp/FOXD2_eDBD_3_KO_TCGCCG40NTGC.fastq.gz	background	230874	9.2 Mbp	9200000	0	40	37	PASS	PASS	PASS	PASS	FAIL	FAIL	PASS	PASS	PASS	PASS	PASS
ZeroCycle_TTGCTT40NCCA_0_0	/scratch/project_2013895/SELEX/data/input_libraries/submitted_ftp/ZeroCycle_TTGCTT40NCCA_0_0.fastq.gz	background	177442	7 Mbp	7000000	0	40	52	PASS	PASS	FAIL	PASS	WARN	PASS	PASS	PASS	PASS	PASS	PASS
FOXE1_eDBD_3_KO_TATATA40NGCT	/scratch/project_2013895/SELEX/data/Yin2017/submitted_ftp/FOXE1_eDBD_3_KO_TATATA40NGCT.fastq.gz	background	426206	17 Mbp	17000000	0	40	48	PASS	PASS	PASS	PASS	FAIL	PASS	PASS	PASS	PASS	PASS	PASS
FOXC2_eDBD_3_KO_TCAGAA40NAGG	/scratch/project_2013895/SELEX/data/Yin2017/submitted_ftp/FOXC2_eDBD_3_KO_TCAGAA40NAGG.fastq.gz	background	262224	10.4 Mbp	10400000	0	40	45	PASS	PASS	PASS	PASS	FAIL	WARN	PASS	PASS	PASS	PASS	PASS
FOXB1_eDBD_2_KO_TGCCAA40NTAG	/scratch/project_2013895/SELEX/data/Yin2017/submitted_ftp/FOXB1_eDBD_2_KO_TGCCAA40NTAG.fastq.gz	background	356129	14.2 Mbp	14200000	0	40	52	PASS	PASS	PASS	PASS	WARN	PASS	PASS	PASS	PASS	PASS	PASS
FOXA2_eDBD_3_KT_TAGCTG40NCTA	/scratch/project_2013895/SELEX/data/Yin2017/submitted_ftp/FOXA2_eDBD_3_KT_TAGCTG40NCTA.fastq.gz	background	274514	10.9 Mbp	10900000	0	40	45	PASS	PASS	FAIL	PASS	WARN	PASS	PASS	PASS	PASS	PASS	PASS
FOXA1_eDBD_3_KN_TTCTAA40NAAT	/scratch/project_2013895/SELEX/data/Yin2017/submitted_ftp/FOXA1_eDBD_3_KN_TTCTAA40NAAT.fastq.gz	background	316679	12.6 Mbp	12600000	0	40	52	PASS	PASS	PASS	PASS	FAIL	WARN	PASS	PASS	PASS	PASS	PASS
FOXA1_FL_2_KX_TAGCGT40NTCA	/scratch/project_2013895/SELEX/data/Yin2017/submitted_ftp/FOXA1_FL_2_KX_TAGCGT40NTCA.fastq.gz	background	165113	6.6 Mbp	6600000	0	40	53	PASS	PASS	WARN	PASS	WARN	PASS	PASS	PASS	PASS	PASS	PASS
FOXA3_FL_2_KX_TGTGGT40NGGC	/scratch/project_2013895/SELEX/data/Yin2017/submitted_ftp/FOXA3_FL_2_KX_TGTGGT40NGGC.fastq.gz	background	154176	6.1 Mbp	6100000	0	40	49	PASS	PASS	WARN	PASS	WARN	PASS	PASS	PASS	PASS	PASS	PASS
FOXG1_eDBD_3_KS_TGGTCA40NGTG	/scratch/project_2013895/SELEX/data/Yin2017/submitted_ftp/FOXG1_eDBD_3_KS_TGGTCA40NGTG.fastq.gz	background	173596	6.9 Mbp	6900000	0	40	53	PASS	PASS	PASS	PASS	FAIL	PASS	PASS	PASS	PASS	PASS	PASS
FOXL2_FL_3_KW_TTCAGG40NTGC	/scratch/project_2013895/SELEX/data/Yin2017/submitted_ftp/FOXL2_FL_3_KW_TTCAGG40NTGC.fastq.gz	background	316499	12.6 Mbp	12600000	0	40	52	PASS	PASS	PASS	PASS	WARN	PASS	PASS	PASS	PASS	PASS	PASS
FOXI1_eDBD_1_KP_TAGCAA40NCGA	/scratch/project_2013895/SELEX/data/Yin2017/submitted_ftp/FOXI1_eDBD_1_KP_TAGCAA40NCGA.fastq.gz	background	204241	8.1 Mbp	8100000	0	40	48	PASS	PASS	PASS	PASS	FAIL	PASS	PASS	PASS	PASS	PASS	PASS
ZeroCycle_TGCGAG40NTTC_0_0	/scratch/project_2013895/SELEX/data/input_libraries/submitted_ftp/ZeroCycle_TGCGAG40NTTC_0_0.fastq.gz	background	173654	6.9 Mbp	6900000	0	40	53	PASS	PASS	FAIL	PASS	WARN	PASS	PASS	PASS	PASS	PASS	PASS
FOXJ2_eDBD_1_KR_TATGCT40NACT	/scratch/project_2013895/SELEX/data/Yin2017/submitted_ftp/FOXJ2_eDBD_1_KR_TATGCT40NACT.fastq.gz	background	439843	17.5 Mbp	17500000	0	40	49	PASS	PASS	PASS	PASS	WARN	PASS	PASS	PASS	PASS	PASS	PASS
FOXJ3_eDBD_3_KW_TACATC40NATA	/scratch/project_2013895/SELEX/data/Yin2017/submitted_ftp/FOXJ3_eDBD_3_KW_TACATC40NATA.fastq.gz	background	49283	1.9 Mbp	1900000	0	40	39	PASS	PASS	PASS	PASS	FAIL	PASS	PASS	PASS	FAIL	WARN	PASS
ZeroCycle_TACCGA40NATA_0_0	/scratch/project_2013895/SELEX/data/input_libraries/submitted_ftp/ZeroCycle_TACCGA40NATA_0_0.fastq.gz	background	75391	3 Mbp	3000000	0	40	50	PASS	PASS	FAIL	PASS	WARN	PASS	PASS	PASS	PASS	PASS	PASS
FOXP1_eDBD_3_KT_TACCCT40NTTA	/scratch/project_2013895/SELEX/data/Yin2017/submitted_ftp/FOXP1_eDBD_3_KT_TACCCT40NTTA.fastq.gz	background	237567	9.5 Mbp	9500000	0	40	52	PASS	PASS	FAIL	PASS	WARN	PASS	PASS	PASS	PASS	PASS	PASS
FOXP3_FL_3_KAE_TTACGA40NTCC	/scratch/project_2013895/SELEX/data/Yin2017/submitted_ftp/FOXP3_FL_3_KAE_TTACGA40NTCC.fastq.gz	background	185703	7.4 Mbp	7400000	0	40	52	PASS	PASS	PASS	PASS	WARN	PASS	PASS	PASS	PASS	PASS	PASS
GCM1_eDBD_2_KP_TTCGTC40NCGT	/scratch/project_2013895/SELEX/data/Yin2017/submitted_ftp/GCM1_eDBD_2_KP_TTCGTC40NCGT.fastq.gz	background	282377	11.2 Mbp	11200000	0	40	58	PASS	PASS	FAIL	PASS	FAIL	PASS	PASS	PASS	PASS	PASS	PASS
GCM2_FL_2_KAF_TGTTTC40NTTA	/scratch/project_2013895/SELEX/data/Yin2017/submitted_ftp/GCM2_FL_2_KAF_TGTTTC40NTTA.fastq.gz	background	389006	15.5 Mbp	15500000	0	40	57	PASS	PASS	WARN	PASS	FAIL	PASS	PASS	PASS	PASS	PASS	PASS
BBX_eDBD_3_KS_TGGACT40NAAT	/scratch/project_2013895/SELEX/data/Yin2017/submitted_ftp/BBX_eDBD_3_KS_TGGACT40NAAT.fastq.gz	background	160801	6.4 Mbp	6400000	0	40	53	PASS	PASS	PASS	PASS	WARN	PASS	PASS	PASS	PASS	WARN	PASS
TCF7_eDBD_3_KS_TCGGAC40NCCA	/scratch/project_2013895/SELEX/data/Yin2017/submitted_ftp/TCF7_eDBD_3_KS_TCGGAC40NCCA.fastq.gz	background	208678	8.3 Mbp	8300000.000000001	0	40	53	PASS	PASS	PASS	PASS	WARN	PASS	PASS	PASS	PASS	PASS	PASS
LEF1_eDBD_2_KT_TGCACG40NTTG	/scratch/project_2013895/SELEX/data/Yin2017/submitted_ftp/LEF1_eDBD_2_KT_TGCACG40NTTG.fastq.gz	background	386760	15.4 Mbp	15400000	0	40	50	PASS	PASS	PASS	PASS	FAIL	PASS	PASS	PASS	PASS	PASS	PASS
LEF1_FL_2_KZ_TTGTTA40NGGT	/scratch/project_2013895/SELEX/data/Yin2017/submitted_ftp/LEF1_FL_2_KZ_TTGTTA40NGGT.fastq.gz	background	278634	11.1 Mbp	11100000	0	40	55	PASS	PASS	FAIL	PASS	FAIL	PASS	WARN	PASS	PASS	PASS	PASS
TCF7L1_eDBD_1_KW_TAAGGG40NACC	/scratch/project_2013895/SELEX/data/Yin2017/submitted_ftp/TCF7L1_eDBD_1_KW_TAAGGG40NACC.fastq.gz	background	175868	7 Mbp	7000000	0	40	51	PASS	PASS	FAIL	PASS	WARN	PASS	PASS	PASS	PASS	PASS	PASS
SOX3_FL_3_KW_TGAGGA40NTTG	/scratch/project_2013895/SELEX/data/Yin2017/submitted_ftp/SOX3_FL_3_KW_TGAGGA40NTTG.fastq.gz	background	78978	3.1 Mbp	3100000	0	40	49	PASS	PASS	PASS	PASS	FAIL	PASS	PASS	PASS	PASS	PASS	PASS
SOX14_eDBD_2_KO_TGTGAT40NGCA	/scratch/project_2013895/SELEX/data/Yin2017/submitted_ftp/SOX14_eDBD_2_KO_TGTGAT40NGCA.fastq.gz	background	178491	7.1 Mbp	7100000	0	40	51	PASS	PASS	WARN	PASS	FAIL	PASS	PASS	PASS	PASS	PASS	PASS
SOX14_FL_1_KAE_TTGAGA40NATG	/scratch/project_2013895/SELEX/data/Yin2017/submitted_ftp/SOX14_FL_1_KAE_TTGAGA40NATG.fastq.gz	background	168747	6.7 Mbp	6700000	0	40	52	PASS	PASS	FAIL	PASS	WARN	PASS	WARN	PASS	PASS	PASS	PASS
SOX18_eDBD_3_KP_TCACGC40NACT	/scratch/project_2013895/SELEX/data/Yin2017/submitted_ftp/SOX18_eDBD_3_KP_TCACGC40NACT.fastq.gz	background	86464	3.4 Mbp	3400000	0	40	52	PASS	PASS	WARN	PASS	WARN	PASS	PASS	PASS	PASS	PASS	PASS
SOX7_eDBD_1_KR_TCTGGG40NCTG	/scratch/project_2013895/SELEX/data/Yin2017/submitted_ftp/SOX7_eDBD_1_KR_TCTGGG40NCTG.fastq.gz	background	393398	15.7 Mbp	15700000	0	40	50	PASS	PASS	PASS	PASS	WARN	PASS	PASS	PASS	PASS	PASS	PASS
ZeroCycle_TGCTCC40NCCG_0_0	/scratch/project_2013895/SELEX/data/input_libraries/submitted_ftp/ZeroCycle_TGCTCC40NCCG_0_0.fastq.gz	background	245413	9.8 Mbp	9800000	0	40	47	PASS	PASS	FAIL	PASS	WARN	PASS	PASS	PASS	PASS	PASS	PASS
SOX8_eDBD_1_KO_TCGTCA40NCTA	/scratch/project_2013895/SELEX/data/Yin2017/submitted_ftp/SOX8_eDBD_1_KO_TCGTCA40NCTA.fastq.gz	background	221680	8.8 Mbp	8800000	0	40	52	PASS	PASS	FAIL	PASS	WARN	PASS	PASS	PASS	PASS	PASS	PASS
SOX8_FL_2_KW_TCGGCT40NTAA	/scratch/project_2013895/SELEX/data/Yin2017/submitted_ftp/SOX8_FL_2_KW_TCGGCT40NTAA.fastq.gz	background	9399	375.9 kbp	375900	0	40	51	PASS	PASS	FAIL	PASS	FAIL	PASS	PASS	PASS	PASS	PASS	PASS
SOX10_eDBD_3_KS_TCCTCA40NAAC	/scratch/project_2013895/SELEX/data/Yin2017/submitted_ftp/SOX10_eDBD_3_KS_TCCTCA40NAAC.fastq.gz	background	5576	223 kbp	223000	0	40	51	PASS	PASS	PASS	PASS	FAIL	FAIL	PASS	PASS	FAIL	FAIL	PASS
SOX10_FL_2_KAF_TTGCCA40NGTG	/scratch/project_2013895/SELEX/data/Yin2017/submitted_ftp/SOX10_FL_2_KAF_TTGCCA40NGTG.fastq.gz	background	79590	3.1 Mbp	3100000	0	40	51	PASS	PASS	WARN	PASS	FAIL	PASS	PASS	PASS	PASS	PASS	PASS
SOX12_eDBD_1_KO_TTACTA40NAGG	/scratch/project_2013895/SELEX/data/Yin2017/submitted_ftp/SOX12_eDBD_1_KO_TTACTA40NAGG.fastq.gz	background	113712	4.5 Mbp	4500000	0	40	53	PASS	PASS	FAIL	PASS	WARN	PASS	PASS	PASS	PASS	PASS	PASS
SOX4_eDBD_1_KO_TTGTTA40NGGT	/scratch/project_2013895/SELEX/data/Yin2017/submitted_ftp/SOX4_eDBD_1_KO_TTGTTA40NGGT.fastq.gz	background	161362	6.4 Mbp	6400000	0	40	51	PASS	PASS	FAIL	PASS	WARN	PASS	PASS	PASS	PASS	PASS	PASS
SOX30_eDBD_2_KS_TAAGTC40NCGT	/scratch/project_2013895/SELEX/data/Yin2017/submitted_ftp/SOX30_eDBD_2_KS_TAAGTC40NCGT.fastq.gz	background	62637	2.5 Mbp	2500000	0	40	50	PASS	PASS	WARN	PASS	WARN	PASS	PASS	PASS	PASS	PASS	PASS
HSF5_eDBD_3_KT_TATGCT40NACT	/scratch/project_2013895/SELEX/data/Yin2017/submitted_ftp/HSF5_eDBD_3_KT_TATGCT40NACT.fastq.gz	background	396506	15.8 Mbp	15800000	0	40	53	PASS	PASS	FAIL	PASS	FAIL	PASS	PASS	PASS	PASS	PASS	PASS
HSFY1_eDBD_2_KS_TACGGT40NTAC	/scratch/project_2013895/SELEX/data/Yin2017/submitted_ftp/HSFY1_eDBD_2_KS_TACGGT40NTAC.fastq.gz	background	113036	4.5 Mbp	4500000	0	40	52	PASS	PASS	WARN	PASS	WARN	PASS	PASS	PASS	PASS	PASS	PASS
HSFY2_eDBD_2_KP_TTGGGC40NGGC	/scratch/project_2013895/SELEX/data/Yin2017/submitted_ftp/HSFY2_eDBD_2_KP_TTGGGC40NGGC.fastq.gz	background	354603	14.1 Mbp	14100000	0	40	51	PASS	PASS	FAIL	PASS	WARN	PASS	PASS	PASS	PASS	PASS	PASS
HSF1_eDBD_2_KN_TCTAAA40NCGC	/scratch/project_2013895/SELEX/data/Yin2017/submitted_ftp/HSF1_eDBD_2_KN_TCTAAA40NCGC.fastq.gz	background	201545	8 Mbp	8000000	0	40	56	PASS	PASS	FAIL	PASS	FAIL	PASS	PASS	PASS	PASS	PASS	PASS
HSF1_FL_2_KX_TTTATT40NATC	/scratch/project_2013895/SELEX/data/Yin2017/submitted_ftp/HSF1_FL_2_KX_TTTATT40NATC.fastq.gz	background	140097	5.6 Mbp	5600000	0	40	54	PASS	PASS	WARN	PASS	FAIL	PASS	PASS	PASS	PASS	PASS	PASS
HSF4_eDBD_2_KP_TCAAGA40NCGC	/scratch/project_2013895/SELEX/data/Yin2017/submitted_ftp/HSF4_eDBD_2_KP_TCAAGA40NCGC.fastq.gz	background	348368	13.9 Mbp	13900000	0	40	51	PASS	PASS	FAIL	PASS	FAIL	PASS	PASS	PASS	PASS	PASS	PASS
HSF2_eDBD_2_KT_TAGTTA40NGTG	/scratch/project_2013895/SELEX/data/Yin2017/submitted_ftp/HSF2_eDBD_2_KT_TAGTTA40NGTG.fastq.gz	background	350945	14 Mbp	14000000	0	40	52	PASS	PASS	PASS	PASS	FAIL	PASS	PASS	PASS	PASS	PASS	PASS
HSF2_FL_1_KZ_TCAAAC40NAAC	/scratch/project_2013895/SELEX/data/Yin2017/submitted_ftp/HSF2_FL_1_KZ_TCAAAC40NAAC.fastq.gz	background	725910	29 Mbp	29000000	0	40	51	PASS	PASS	PASS	PASS	WARN	PASS	PASS	PASS	PASS	PASS	PASS
IRF2_FL_2_KX_TACTAG40NGGA	/scratch/project_2013895/SELEX/data/Yin2017/submitted_ftp/IRF2_FL_2_KX_TACTAG40NGGA.fastq.gz	background	122514	4.9 Mbp	4900000	0	40	46	PASS	PASS	WARN	PASS	FAIL	PASS	PASS	PASS	PASS	PASS	PASS
IRF6_eDBD_2_KS_TAGTTA40NGTG	/scratch/project_2013895/SELEX/data/Yin2017/submitted_ftp/IRF6_eDBD_2_KS_TAGTTA40NGTG.fastq.gz	background	131811	5.2 Mbp	5200000	0	40	53	PASS	PASS	WARN	PASS	FAIL	PASS	PASS	PASS	PASS	PASS	PASS
IRF6_FL_3_KX_TCGCCC40NCAT	/scratch/project_2013895/SELEX/data/Yin2017/submitted_ftp/IRF6_FL_3_KX_TCGCCC40NCAT.fastq.gz	background	221709	8.8 Mbp	8800000	0	40	56	PASS	PASS	PASS	PASS	FAIL	PASS	PASS	PASS	PASS	PASS	PASS
IRF5_eDBD_1_KV_TCTATT40NCAT	/scratch/project_2013895/SELEX/data/Yin2017/submitted_ftp/IRF5_eDBD_1_KV_TCTATT40NCAT.fastq.gz	background	415147	16.6 Mbp	16600000.000000002	0	40	53	PASS	PASS	PASS	PASS	WARN	PASS	PASS	PASS	PASS	PASS	PASS
IRF5_FL_2_KX_TAGACA40NGTC	/scratch/project_2013895/SELEX/data/Yin2017/submitted_ftp/IRF5_FL_2_KX_TAGACA40NGTC.fastq.gz	background	147404	5.8 Mbp	5800000	0	40	51	PASS	PASS	WARN	PASS	WARN	PASS	PASS	PASS	PASS	PASS	PASS
IRF3_eDBD_2_KS_TACTGA40NACC	/scratch/project_2013895/SELEX/data/Yin2017/submitted_ftp/IRF3_eDBD_2_KS_TACTGA40NACC.fastq.gz	background	156149	6.2 Mbp	6200000	0	40	55	PASS	PASS	WARN	PASS	WARN	PASS	PASS	PASS	PASS	PASS	PASS
IRF3_FL_3_KV_TAAGTC40NCGT	/scratch/project_2013895/SELEX/data/Yin2017/submitted_ftp/IRF3_FL_3_KV_TAAGTC40NCGT.fastq.gz	background	320875	12.8 Mbp	12800000	0	40	51	PASS	PASS	PASS	PASS	WARN	PASS	PASS	PASS	PASS	PASS	PASS
IRF7_eDBD_1_KT_TACTGG40NGGA	/scratch/project_2013895/SELEX/data/Yin2017/submitted_ftp/IRF7_eDBD_1_KT_TACTGG40NGGA.fastq.gz	background	291175	11.6 Mbp	11600000	0	40	53	PASS	PASS	PASS	PASS	WARN	PASS	PASS	PASS	PASS	PASS	PASS
IRF9_FL_2_KV_TTCAGG40NTGC	/scratch/project_2013895/SELEX/data/Yin2017/submitted_ftp/IRF9_FL_2_KV_TTCAGG40NTGC.fastq.gz	background	347152	13.8 Mbp	13800000	0	40	44	PASS	PASS	PASS	PASS	WARN	PASS	PASS	PASS	PASS	PASS	PASS
IRF8_eDBD_3_KO_TTCAGG40NTGC	/scratch/project_2013895/SELEX/data/Yin2017/submitted_ftp/IRF8_eDBD_3_KO_TTCAGG40NTGC.fastq.gz	background	301603	12 Mbp	12000000	0	40	50	PASS	PASS	PASS	PASS	WARN	PASS	PASS	PASS	PASS	PASS	PASS
IRF8_FL_2_KW_TAAAGT40NAGC	/scratch/project_2013895/SELEX/data/Yin2017/submitted_ftp/IRF8_FL_2_KW_TAAAGT40NAGC.fastq.gz	background	192779	7.7 Mbp	7700000	0	40	49	PASS	PASS	FAIL	PASS	WARN	PASS	PASS	PASS	PASS	PASS	PASS
IRF4_FL_2_KX_TGTAGA40NTGT	/scratch/project_2013895/SELEX/data/Yin2017/submitted_ftp/IRF4_FL_2_KX_TGTAGA40NTGT.fastq.gz	background	163908	6.5 Mbp	6500000	0	40	47	PASS	PASS	WARN	PASS	WARN	PASS	PASS	PASS	PASS	PASS	PASS
SMAD5_eDBD_2_KR_TGTCTG40NAGG	/scratch/project_2013895/SELEX/data/Yin2017/submitted_ftp/SMAD5_eDBD_2_KR_TGTCTG40NAGG.fastq.gz	background	282512	11.3 Mbp	11300000	0	40	55	PASS	PASS	PASS	PASS	FAIL	PASS	PASS	PASS	PASS	PASS	PASS
SRF_eDBD_3_KR_TTCTGT40NAAC	/scratch/project_2013895/SELEX/data/Yin2017/submitted_ftp/SRF_eDBD_3_KR_TTCTGT40NAAC.fastq.gz	background	49138	1.9 Mbp	1900000	0	40	53	PASS	PASS	PASS	PASS	FAIL	PASS	PASS	PASS	PASS	PASS	PASS
MEF2C_FL_2_KX_TTAACA40NTGT	/scratch/project_2013895/SELEX/data/Yin2017/submitted_ftp/MEF2C_FL_2_KX_TTAACA40NTGT.fastq.gz	background	151712	6 Mbp	6000000	0	40	51	PASS	PASS	WARN	PASS	WARN	PASS	PASS	PASS	PASS	PASS	PASS
MEF2D_eDBD_2_KW_TCCAAG40NAAC	/scratch/project_2013895/SELEX/data/Yin2017/submitted_ftp/MEF2D_eDBD_2_KW_TCCAAG40NAAC.fastq.gz	background	265177	10.6 Mbp	10600000	0	40	54	PASS	PASS	FAIL	PASS	FAIL	PASS	PASS	PASS	PASS	PASS	PASS
ZeroCycle_TGTGAT40NGCA_0_0	/scratch/project_2013895/SELEX/data/input_libraries/submitted_ftp/ZeroCycle_TGTGAT40NGCA_0_0.fastq.gz	background	175033	7 Mbp	7000000	0	40	53	PASS	PASS	FAIL	PASS	FAIL	PASS	PASS	PASS	PASS	PASS	PASS
MEF2B_FL_3_KW_TTAGCA40NGGT	/scratch/project_2013895/SELEX/data/Yin2017/submitted_ftp/MEF2B_FL_3_KW_TTAGCA40NGGT.fastq.gz	background	309878	12.3 Mbp	12300000	0	40	49	PASS	PASS	PASS	PASS	FAIL	PASS	PASS	PASS	PASS	FAIL	PASS
MEIS2_eDBD_2_KT_TTGGCC40NTCG	/scratch/project_2013895/SELEX/data/Yin2017/submitted_ftp/MEIS2_eDBD_2_KT_TTGGCC40NTCG.fastq.gz	background	298761	11.9 Mbp	11900000	0	40	49	PASS	PASS	PASS	PASS	WARN	PASS	PASS	PASS	PASS	PASS	PASS
MEIS2_FL_2_KAE_TCTACT40NACA	/scratch/project_2013895/SELEX/data/Yin2017/submitted_ftp/MEIS2_FL_2_KAE_TCTACT40NACA.fastq.gz	background	213884	8.5 Mbp	8500000	0	40	51	PASS	PASS	PASS	PASS	WARN	PASS	PASS	PASS	PASS	PASS	PASS
MEIS3_eDBD_3_KQ_TCTAGT40NAAC	/scratch/project_2013895/SELEX/data/Yin2017/submitted_ftp/MEIS3_eDBD_3_KQ_TCTAGT40NAAC.fastq.gz	background	352171	14 Mbp	14000000	0	40	49	PASS	PASS	PASS	PASS	FAIL	PASS	PASS	PASS	PASS	PASS	PASS
PKNOX1_eDBD_1_KR_TAGACC40NAGT	/scratch/project_2013895/SELEX/data/Yin2017/submitted_ftp/PKNOX1_eDBD_1_KR_TAGACC40NAGT.fastq.gz	background	440061	17.6 Mbp	17600000	0	40	51	PASS	PASS	PASS	PASS	WARN	PASS	PASS	PASS	PASS	PASS	PASS
PKNOX1_FL_2_KW_TGAGTT40NCGG	/scratch/project_2013895/SELEX/data/Yin2017/submitted_ftp/PKNOX1_FL_2_KW_TGAGTT40NCGG.fastq.gz	background	150732	6 Mbp	6000000	0	40	51	PASS	PASS	FAIL	PASS	WARN	PASS	PASS	PASS	PASS	PASS	PASS
PKNOX2_eDBD_2_KR_TCTTAT40NACA	/scratch/project_2013895/SELEX/data/Yin2017/submitted_ftp/PKNOX2_eDBD_2_KR_TCTTAT40NACA.fastq.gz	background	441690	17.6 Mbp	17600000	0	40	48	PASS	PASS	PASS	PASS	FAIL	PASS	PASS	PASS	PASS	PASS	PASS
TGIF1_eDBD_2_KP_TAACTC40NGTC	/scratch/project_2013895/SELEX/data/Yin2017/submitted_ftp/TGIF1_eDBD_2_KP_TAACTC40NGTC.fastq.gz	background	393562	15.7 Mbp	15700000	0	40	52	PASS	PASS	FAIL	PASS	FAIL	PASS	PASS	PASS	PASS	PASS	PASS
TGIF2_eDBD_3_KO_TTGCAA40NGTG	/scratch/project_2013895/SELEX/data/Yin2017/submitted_ftp/TGIF2_eDBD_3_KO_TTGCAA40NGTG.fastq.gz	background	310136	12.4 Mbp	12400000	0	40	50	PASS	PASS	PASS	PASS	FAIL	PASS	PASS	PASS	PASS	PASS	PASS
TGIF2_FL_1_KZ_TCCTCG40NCAG	/scratch/project_2013895/SELEX/data/Yin2017/submitted_ftp/TGIF2_FL_1_KZ_TCCTCG40NCAG.fastq.gz	background	728401	29.1 Mbp	29100000	0	40	52	PASS	PASS	PASS	PASS	FAIL	PASS	PASS	PASS	PASS	PASS	PASS
TGIF2LY_eDBD_1_KT_TAAGGG40NACC	/scratch/project_2013895/SELEX/data/Yin2017/submitted_ftp/TGIF2LY_eDBD_1_KT_TAAGGG40NACC.fastq.gz	background	336688	13.4 Mbp	13400000	0	40	51	PASS	PASS	PASS	PASS	WARN	PASS	PASS	PASS	PASS	PASS	PASS
TGIF2LX_eDBD_3_KO_TACTGA40NACC	/scratch/project_2013895/SELEX/data/Yin2017/submitted_ftp/TGIF2LX_eDBD_3_KO_TACTGA40NACC.fastq.gz	background	312067	12.4 Mbp	12400000	0	40	55	PASS	PASS	PASS	PASS	FAIL	PASS	PASS	PASS	PASS	PASS	PASS
TGIF2LX_FL_2_KW_TCGCCC40NCAT	/scratch/project_2013895/SELEX/data/Yin2017/submitted_ftp/TGIF2LX_FL_2_KW_TCGCCC40NCAT.fastq.gz	background	154136	6.1 Mbp	6100000	0	40	54	PASS	PASS	FAIL	PASS	FAIL	PASS	PASS	PASS	PASS	PASS	PASS
MYBL2_eDBD_3_KR_TTAGAG40NCGG	/scratch/project_2013895/SELEX/data/Yin2017/submitted_ftp/MYBL2_eDBD_3_KR_TTAGAG40NCGG.fastq.gz	background	253870	10.1 Mbp	10100000	0	40	49	PASS	PASS	PASS	PASS	FAIL	PASS	PASS	PASS	PASS	PASS	PASS
NFIB_FL_2_KX_TCTCCG40NCGC	/scratch/project_2013895/SELEX/data/Yin2017/submitted_ftp/NFIB_FL_2_KX_TCTCCG40NCGC.fastq.gz	background	178338	7.1 Mbp	7100000	0	40	55	PASS	PASS	WARN	PASS	FAIL	PASS	PASS	PASS	PASS	PASS	PASS
NFIC_FL_2_KX_TATTTG40NCCA	/scratch/project_2013895/SELEX/data/Yin2017/submitted_ftp/NFIC_FL_2_KX_TATTTG40NCCA.fastq.gz	background	185107	7.4 Mbp	7400000	0	40	56	PASS	PASS	WARN	PASS	FAIL	PASS	PASS	PASS	PASS	PASS	PASS
NFIX_FL_3_KAE_TTGAGC40NGTC	/scratch/project_2013895/SELEX/data/Yin2017/submitted_ftp/NFIX_FL_3_KAE_TTGAGC40NGTC.fastq.gz	background	262941	10.5 Mbp	10500000	0	40	55	PASS	PASS	PASS	PASS	WARN	PASS	PASS	PASS	PASS	PASS	PASS
NR1I2_eDBD_3_KR_TACTGG40NGGA	/scratch/project_2013895/SELEX/data/Yin2017/submitted_ftp/NR1I2_eDBD_3_KR_TACTGG40NGGA.fastq.gz	background	141393	5.6 Mbp	5600000	0	40	55	PASS	PASS	PASS	PASS	WARN	PASS	PASS	PASS	PASS	PASS	PASS
NR1I3_FL_2_KAF_TGGCCA40NTTC	/scratch/project_2013895/SELEX/data/Yin2017/submitted_ftp/NR1I3_FL_2_KAF_TGGCCA40NTTC.fastq.gz	background	345291	13.8 Mbp	13800000	0	40	49	PASS	PASS	WARN	PASS	WARN	PASS	PASS	PASS	PASS	PASS	PASS
NR2E1_FL_2_KV_TTCTGT40NAAC	/scratch/project_2013895/SELEX/data/Yin2017/submitted_ftp/NR2E1_FL_2_KV_TTCTGT40NAAC.fastq.gz	background	489823	19.5 Mbp	19500000	0	40	51	PASS	PASS	PASS	PASS	FAIL	PASS	PASS	PASS	PASS	PASS	PASS
NR2F1_eDBD_1_KO_TCTAAG40NTTA	/scratch/project_2013895/SELEX/data/Yin2017/submitted_ftp/NR2F1_eDBD_1_KO_TCTAAG40NTTA.fastq.gz	background	293014	11.7 Mbp	11700000	0	40	56	PASS	PASS	FAIL	PASS	FAIL	PASS	PASS	PASS	PASS	PASS	PASS
NR2F1_FL_3_KW_TAGAGC40NTAG	/scratch/project_2013895/SELEX/data/Yin2017/submitted_ftp/NR2F1_FL_3_KW_TAGAGC40NTAG.fastq.gz	background	281420	11.2 Mbp	11200000	0	40	55	PASS	PASS	PASS	PASS	WARN	PASS	PASS	PASS	PASS	PASS	PASS
NR2F6_eDBD_3_KQ_TAGCAT40NAGG	/scratch/project_2013895/SELEX/data/Yin2017/submitted_ftp/NR2F6_eDBD_3_KQ_TAGCAT40NAGG.fastq.gz	background	430434	17.2 Mbp	17200000	0	40	50	PASS	PASS	PASS	PASS	WARN	PASS	PASS	PASS	PASS	PASS	PASS
NR2F6_FL_3_KV_TGCCTC40NCAA	/scratch/project_2013895/SELEX/data/Yin2017/submitted_ftp/NR2F6_FL_3_KV_TGCCTC40NCAA.fastq.gz	background	518622	20.7 Mbp	20700000	0	40	57	PASS	PASS	PASS	PASS	FAIL	PASS	PASS	PASS	PASS	PASS	PASS
HNF4A_eDBD_2_KO_TACCTT40NCGA	/scratch/project_2013895/SELEX/data/Yin2017/submitted_ftp/HNF4A_eDBD_2_KO_TACCTT40NCGA.fastq.gz	background	324120	12.9 Mbp	12900000	0	40	56	PASS	PASS	PASS	PASS	WARN	PASS	PASS	PASS	PASS	PASS	PASS
NR2C1_eDBD_3_KT_TATTCA40NAGT	/scratch/project_2013895/SELEX/data/Yin2017/submitted_ftp/NR2C1_eDBD_3_KT_TATTCA40NAGT.fastq.gz	background	273358	10.9 Mbp	10900000	0	40	57	PASS	PASS	FAIL	PASS	FAIL	PASS	PASS	PASS	PASS	PASS	PASS
NR4A1_eDBD_3_KQ_TAGGCC40NTAT	/scratch/project_2013895/SELEX/data/Yin2017/submitted_ftp/NR4A1_eDBD_3_KQ_TAGGCC40NTAT.fastq.gz	background	189043	7.5 Mbp	7500000	0	40	47	PASS	PASS	PASS	PASS	WARN	PASS	PASS	PASS	PASS	PASS	PASS
NR4A1_eDBD_2_KR_TATATG40NCTA	/scratch/project_2013895/SELEX/data/Yin2017/submitted_ftp/NR4A1_eDBD_2_KR_TATATG40NCTA.fastq.gz	background	306123	12.2 Mbp	12200000	0	40	50	PASS	PASS	PASS	PASS	FAIL	PASS	PASS	PASS	PASS	WARN	PASS
NR4A2_eDBD_3_KT_TGCTCC40NCCG	/scratch/project_2013895/SELEX/data/Yin2017/submitted_ftp/NR4A2_eDBD_3_KT_TGCTCC40NCCG.fastq.gz	background	71752	2.8 Mbp	2800000	0	40	48	PASS	PASS	FAIL	PASS	FAIL	PASS	PASS	PASS	PASS	PASS	PASS
RXRA_eDBD_2_KO_TACCCA40NTGT	/scratch/project_2013895/SELEX/data/Yin2017/submitted_ftp/RXRA_eDBD_2_KO_TACCCA40NTGT.fastq.gz	background	256940	10.2 Mbp	10200000	0	40	55	PASS	PASS	PASS	PASS	WARN	PASS	PASS	PASS	PASS	PASS	PASS
RXRG_FL_3_KV_TCTACG40NCTC	/scratch/project_2013895/SELEX/data/Yin2017/submitted_ftp/RXRG_FL_3_KV_TCTACG40NCTC.fastq.gz	background	625642	25 Mbp	25000000	0	40	53	PASS	PASS	PASS	PASS	FAIL	PASS	PASS	PASS	PASS	PASS	PASS
RXRB_eDBD_1_KR_TTCGTC40NCGT	/scratch/project_2013895/SELEX/data/Yin2017/submitted_ftp/RXRB_eDBD_1_KR_TTCGTC40NCGT.fastq.gz	background	335240	13.4 Mbp	13400000	0	40	51	PASS	PASS	PASS	PASS	WARN	PASS	PASS	PASS	PASS	PASS	PASS
RORB_eDBD_3_KS_TTCGGG40NGAG	/scratch/project_2013895/SELEX/data/Yin2017/submitted_ftp/RORB_eDBD_3_KS_TTCGGG40NGAG.fastq.gz	background	235057	9.4 Mbp	9400000	0	40	54	PASS	PASS	PASS	PASS	FAIL	PASS	PASS	PASS	PASS	PASS	PASS
NR1D1_eDBD_2_KR_TCTCCA40NGGA	/scratch/project_2013895/SELEX/data/Yin2017/submitted_ftp/NR1D1_eDBD_2_KR_TCTCCA40NGGA.fastq.gz	background	287939	11.5 Mbp	11500000	0	40	54	PASS	PASS	PASS	PASS	WARN	PASS	PASS	PASS	PASS	PASS	PASS
NR1D2_eDBD_1_KR_TGAATT40NTAA	/scratch/project_2013895/SELEX/data/Yin2017/submitted_ftp/NR1D2_eDBD_1_KR_TGAATT40NTAA.fastq.gz	background	479842	19.1 Mbp	19100000	0	40	43	PASS	PASS	PASS	PASS	FAIL	PASS	PASS	PASS	PASS	PASS	PASS
RARA_eDBD_3_KS_TGAACC40NCCA	/scratch/project_2013895/SELEX/data/Yin2017/submitted_ftp/RARA_eDBD_3_KS_TGAACC40NCCA.fastq.gz	background	188292	7.5 Mbp	7500000	0	40	56	PASS	PASS	PASS	PASS	FAIL	PASS	PASS	PASS	PASS	PASS	PASS
RARB_FL_2_KAF_TACATG40NTAG	/scratch/project_2013895/SELEX/data/Yin2017/submitted_ftp/RARB_FL_2_KAF_TACATG40NTAG.fastq.gz	background	295858	11.8 Mbp	11800000	0	40	53	PASS	PASS	WARN	PASS	PASS	PASS	PASS	PASS	PASS	PASS	PASS
RARG_eDBD_3_KQ_TGAGAA40NGCG	/scratch/project_2013895/SELEX/data/Yin2017/submitted_ftp/RARG_eDBD_3_KQ_TGAGAA40NGCG.fastq.gz	background	163250	6.5 Mbp	6500000	0	40	49	PASS	PASS	PASS	PASS	WARN	PASS	PASS	PASS	PASS	PASS	PASS
RARG_FL_2_KW_TGTACA40NGTA	/scratch/project_2013895/SELEX/data/Yin2017/submitted_ftp/RARG_FL_2_KW_TGTACA40NGTA.fastq.gz	background	200144	8 Mbp	8000000	0	40	54	PASS	PASS	FAIL	PASS	FAIL	PASS	PASS	PASS	PASS	PASS	PASS
PPARD_eDBD_1_KR_TGGTCG40NTAA	/scratch/project_2013895/SELEX/data/Yin2017/submitted_ftp/PPARD_eDBD_1_KR_TGGTCG40NTAA.fastq.gz	background	223568	8.9 Mbp	8900000	0	40	51	PASS	PASS	PASS	PASS	WARN	PASS	PASS	PASS	PASS	PASS	PASS
THRB_eDBD_2_KO_TCGAGG40NGTT	/scratch/project_2013895/SELEX/data/Yin2017/submitted_ftp/THRB_eDBD_2_KO_TCGAGG40NGTT.fastq.gz	background	267250	10.6 Mbp	10600000	0	40	55	PASS	PASS	PASS	PASS	FAIL	PASS	PASS	PASS	PASS	PASS	PASS
THRB_FL_3_KZ_TTCGTT40NGCC	/scratch/project_2013895/SELEX/data/Yin2017/submitted_ftp/THRB_FL_3_KZ_TTCGTT40NGCC.fastq.gz	background	263104	10.5 Mbp	10500000	0	40	55	PASS	PASS	FAIL	PASS	FAIL	PASS	PASS	PASS	PASS	PASS	PASS
NR6A1_eDBD_2_KT_TTGATG40NATC	/scratch/project_2013895/SELEX/data/Yin2017/submitted_ftp/NR6A1_eDBD_2_KT_TTGATG40NATC.fastq.gz	background	272027	10.8 Mbp	10800000	0	40	52	PASS	PASS	PASS	PASS	WARN	PASS	PASS	PASS	PASS	PASS	PASS
NR5A1_FL_2_KW_TACCAA40NTTA	/scratch/project_2013895/SELEX/data/Yin2017/submitted_ftp/NR5A1_FL_2_KW_TACCAA40NTTA.fastq.gz	background	214572	8.5 Mbp	8500000	0	40	53	PASS	PASS	FAIL	PASS	FAIL	PASS	PASS	PASS	PASS	PASS	PASS
NR5A2_eDBD_2_KR_TGCTCA40NCTG	/scratch/project_2013895/SELEX/data/Yin2017/submitted_ftp/NR5A2_eDBD_2_KR_TGCTCA40NCTG.fastq.gz	background	302017	12 Mbp	12000000	0	40	54	PASS	PASS	PASS	PASS	WARN	PASS	PASS	PASS	PASS	PASS	PASS
ESRRA_eDBD_2_KO_TAGACC40NAGT	/scratch/project_2013895/SELEX/data/Yin2017/submitted_ftp/ESRRA_eDBD_2_KO_TAGACC40NAGT.fastq.gz	background	293033	11.7 Mbp	11700000	0	40	54	PASS	PASS	PASS	PASS	WARN	PASS	PASS	PASS	PASS	PASS	PASS
ESRRA_FL_2_KAE_TCCGCG40NTCT	/scratch/project_2013895/SELEX/data/Yin2017/submitted_ftp/ESRRA_FL_2_KAE_TCCGCG40NTCT.fastq.gz	background	157873	6.3 Mbp	6300000	0	40	54	PASS	PASS	PASS	PASS	FAIL	PASS	PASS	PASS	PASS	PASS	PASS
ESRRB_eDBD_2_KO_TGGGAG40NAGG	/scratch/project_2013895/SELEX/data/Yin2017/submitted_ftp/ESRRB_eDBD_2_KO_TGGGAG40NAGG.fastq.gz	background	194915	7.7 Mbp	7700000	0	40	54	PASS	PASS	PASS	PASS	WARN	PASS	PASS	PASS	PASS	PASS	PASS
ESRRG_eDBD_2_KS_TACCTT40NCGA	/scratch/project_2013895/SELEX/data/Yin2017/submitted_ftp/ESRRG_eDBD_2_KS_TACCTT40NCGA.fastq.gz	background	136818	5.4 Mbp	5400000	0	40	54	PASS	PASS	WARN	PASS	WARN	PASS	PASS	PASS	PASS	PASS	PASS
ESRRG_FL_2_KW_TGAGCT40NGCA	/scratch/project_2013895/SELEX/data/Yin2017/submitted_ftp/ESRRG_FL_2_KW_TGAGCT40NGCA.fastq.gz	background	141527	5.6 Mbp	5600000	0	40	51	PASS	PASS	FAIL	PASS	WARN	PASS	PASS	PASS	PASS	PASS	PASS
ESR1_eDBD_2_KV_TCAAAC40NAAC	/scratch/project_2013895/SELEX/data/Yin2017/submitted_ftp/ESR1_eDBD_2_KV_TCAAAC40NAAC.fastq.gz	background	287415	11.4 Mbp	11400000	0	40	55	PASS	PASS	PASS	PASS	WARN	PASS	PASS	PASS	PASS	PASS	PASS
ESR1_FL_3_KZ_TGCATT40NCCT	/scratch/project_2013895/SELEX/data/Yin2017/submitted_ftp/ESR1_FL_3_KZ_TGCATT40NCCT.fastq.gz	background	428566	17.1 Mbp	17100000	0	40	57	PASS	PASS	FAIL	PASS	FAIL	PASS	PASS	PASS	PASS	PASS	PASS
NR3C1_eDBD_3_KR_TCTGTC40NCAA	/scratch/project_2013895/SELEX/data/Yin2017/submitted_ftp/NR3C1_eDBD_3_KR_TCTGTC40NCAA.fastq.gz	background	128760	5.1 Mbp	5100000	0	40	56	PASS	PASS	PASS	PASS	FAIL	PASS	PASS	PASS	PASS	PASS	PASS
NR3C2_eDBD_3_KT_TGCTGG40NGCC	/scratch/project_2013895/SELEX/data/Yin2017/submitted_ftp/NR3C2_eDBD_3_KT_TGCTGG40NGCC.fastq.gz	background	140377	5.6 Mbp	5600000	0	40	53	PASS	PASS	FAIL	PASS	FAIL	PASS	PASS	PASS	PASS	PASS	PASS
RORC_eDBD_3_KT_TATATG40NCTA	/scratch/project_2013895/SELEX/data/Yin2017/submitted_ftp/RORC_eDBD_3_KT_TATATG40NCTA.fastq.gz	background	259393	10.3 Mbp	10300000	0	40	51	PASS	PASS	FAIL	PASS	WARN	PASS	PASS	PASS	PASS	PASS	PASS
PAX7_eDBD_1_KP_TGTCAG40NGAC	/scratch/project_2013895/SELEX/data/Yin2017/submitted_ftp/PAX7_eDBD_1_KP_TGTCAG40NGAC.fastq.gz	background	321410	12.8 Mbp	12800000	0	40	44	PASS	PASS	PASS	PASS	WARN	PASS	PASS	PASS	PASS	PASS	PASS
PAX7_FL_3_KAF_TCGTTT40NGTC	/scratch/project_2013895/SELEX/data/Yin2017/submitted_ftp/PAX7_FL_3_KAF_TCGTTT40NGTC.fastq.gz	background	302441	12 Mbp	12000000	0	40	45	PASS	PASS	FAIL	PASS	FAIL	PASS	PASS	PASS	PASS	PASS	PASS
PAX3_eDBD_1_KN_TCAAAT40NCTG	/scratch/project_2013895/SELEX/data/Yin2017/submitted_ftp/PAX3_eDBD_1_KN_TCAAAT40NCTG.fastq.gz	background	163334	6.5 Mbp	6500000	0	40	52	PASS	PASS	FAIL	PASS	FAIL	PASS	WARN	PASS	PASS	PASS	PASS
PAX1_eDBD_3_KN_TCCGTC40NGTT	/scratch/project_2013895/SELEX/data/Yin2017/submitted_ftp/PAX1_eDBD_3_KN_TCCGTC40NGTT.fastq.gz	background	253278	10.1 Mbp	10100000	0	40	57	PASS	PASS	PASS	PASS	FAIL	PASS	PASS	PASS	PASS	PASS	PASS
PAX9_eDBD_1_KP_TGACCC40NGAA	/scratch/project_2013895/SELEX/data/Yin2017/submitted_ftp/PAX9_eDBD_1_KP_TGACCC40NGAA.fastq.gz	background	262618	10.5 Mbp	10500000	0	40	55	PASS	PASS	PASS	PASS	WARN	PASS	PASS	PASS	PASS	PASS	PASS
PAX2_eDBD_3_KP_TGGCTA40NTCC	/scratch/project_2013895/SELEX/data/Yin2017/submitted_ftp/PAX2_eDBD_3_KP_TGGCTA40NTCC.fastq.gz	background	246330	9.8 Mbp	9800000	0	40	57	PASS	PASS	WARN	PASS	FAIL	PASS	PASS	PASS	PASS	PASS	PASS
PAX8_FL_1_KX_TCTTGT40NCAG	/scratch/project_2013895/SELEX/data/Yin2017/submitted_ftp/PAX8_FL_1_KX_TCTTGT40NCAG.fastq.gz	background	176674	7 Mbp	7000000	0	40	55	PASS	PASS	PASS	PASS	FAIL	PASS	PASS	PASS	PASS	PASS	PASS
PAX6_eDBD_3_KP_TGCGAG40NTTC	/scratch/project_2013895/SELEX/data/Yin2017/submitted_ftp/PAX6_eDBD_3_KP_TGCGAG40NTTC.fastq.gz	background	233425	9.3 Mbp	9300000	0	40	51	PASS	PASS	WARN	PASS	WARN	PASS	PASS	PASS	PASS	PASS	PASS
PAX6_FL_3_KV_TGCTTT40NAGA	/scratch/project_2013895/SELEX/data/Yin2017/submitted_ftp/PAX6_FL_3_KV_TGCTTT40NAGA.fastq.gz	background	429513	17.1 Mbp	17100000	0	40	52	PASS	PASS	PASS	PASS	FAIL	PASS	PASS	PASS	PASS	PASS	PASS
PAX4_eDBD_3_KP_TCGGCT40NTAA	/scratch/project_2013895/SELEX/data/Yin2017/submitted_ftp/PAX4_eDBD_3_KP_TCGGCT40NTAA.fastq.gz	background	243183	9.7 Mbp	9700000	0	40	50	PASS	PASS	FAIL	PASS	WARN	PASS	PASS	PASS	PASS	PASS	PASS
POU2F2_eDBD_2_KT_TCAGCA40NCTC	/scratch/project_2013895/SELEX/data/Yin2017/submitted_ftp/POU2F2_eDBD_2_KT_TCAGCA40NCTC.fastq.gz	background	371344	14.8 Mbp	14800000	0	40	44	PASS	PASS	PASS	PASS	WARN	PASS	PASS	PASS	PASS	PASS	PASS
POU2F3_eDBD_3_KP_TGCATT40NCCT	/scratch/project_2013895/SELEX/data/Yin2017/submitted_ftp/POU2F3_eDBD_3_KP_TGCATT40NCCT.fastq.gz	background	239510	9.5 Mbp	9500000	0	40	49	PASS	PASS	WARN	PASS	WARN	PASS	PASS	PASS	PASS	PASS	PASS
POU3F2_eDBD_2_KP_TGGAGA40NCCA	/scratch/project_2013895/SELEX/data/Yin2017/submitted_ftp/POU3F2_eDBD_2_KP_TGGAGA40NCCA.fastq.gz	background	473310	18.9 Mbp	18900000	0	40	41	PASS	PASS	FAIL	PASS	WARN	PASS	PASS	PASS	PASS	PASS	PASS
POU3F4_eDBD_2_KP_TCGGGC40NAAT	/scratch/project_2013895/SELEX/data/Yin2017/submitted_ftp/POU3F4_eDBD_2_KP_TCGGGC40NAAT.fastq.gz	background	300045	12 Mbp	12000000	0	40	47	PASS	PASS	FAIL	PASS	WARN	PASS	PASS	PASS	PASS	PASS	PASS
ZeroCycle_TATGCT40NACT_0_0	/scratch/project_2013895/SELEX/data/input_libraries/submitted_ftp/ZeroCycle_TATGCT40NACT_0_0.fastq.gz	background	132113	5.2 Mbp	5200000	0	40	52	PASS	PASS	FAIL	PASS	WARN	PASS	PASS	PASS	PASS	PASS	PASS
POU5F1_FL_1_KAE_TGCAGG40NTCG	/scratch/project_2013895/SELEX/data/Yin2017/submitted_ftp/POU5F1_FL_1_KAE_TGCAGG40NTCG.fastq.gz	background	185014	7.4 Mbp	7400000	0	40	49	PASS	PASS	FAIL	PASS	WARN	PASS	WARN	PASS	PASS	PASS	PASS
POU4F1_eDBD_3_KP_TTTCAA40NTGA	/scratch/project_2013895/SELEX/data/Yin2017/submitted_ftp/POU4F1_eDBD_3_KP_TTTCAA40NTGA.fastq.gz	background	208888	8.3 Mbp	8300000.000000001	0	40	46	PASS	PASS	WARN	PASS	FAIL	PASS	PASS	PASS	PASS	PASS	PASS
POU4F3_eDBD_3_KP_TTTCAT40NGCA	/scratch/project_2013895/SELEX/data/Yin2017/submitted_ftp/POU4F3_eDBD_3_KP_TTTCAT40NGCA.fastq.gz	background	209198	8.3 Mbp	8300000.000000001	0	40	45	PASS	PASS	FAIL	PASS	FAIL	PASS	PASS	PASS	PASS	PASS	PASS
POU4F3_FL_3_KZ_TACCCA40NTGT	/scratch/project_2013895/SELEX/data/Yin2017/submitted_ftp/POU4F3_FL_3_KZ_TACCCA40NTGT.fastq.gz	background	633350	25.3 Mbp	25300000	0	40	44	PASS	PASS	FAIL	PASS	FAIL	PASS	PASS	PASS	PASS	PASS	PASS
POU1F1_eDBD_2_KP_TTCAAG40NGCC	/scratch/project_2013895/SELEX/data/Yin2017/submitted_ftp/POU1F1_eDBD_2_KP_TTCAAG40NGCC.fastq.gz	background	314200	12.5 Mbp	12500000	0	40	43	PASS	PASS	FAIL	PASS	WARN	PASS	PASS	PASS	PASS	PASS	PASS
POU6F1_FL_3_KAE_TCGATT40NTTG	/scratch/project_2013895/SELEX/data/Yin2017/submitted_ftp/POU6F1_FL_3_KAE_TCGATT40NTTG.fastq.gz	background	240861	9.6 Mbp	9600000	0	40	44	PASS	PASS	PASS	PASS	FAIL	PASS	PASS	PASS	PASS	PASS	PASS
RFX1_eDBD_2_KS_TTTAGG40NTCT	/scratch/project_2013895/SELEX/data/Yin2017/submitted_ftp/RFX1_eDBD_2_KS_TTTAGG40NTCT.fastq.gz	background	134106	5.3 Mbp	5300000	0	40	55	PASS	PASS	WARN	PASS	FAIL	PASS	PASS	PASS	PASS	PASS	PASS
RFX2_eDBD_1_KP_TTCGCC40NGAC	/scratch/project_2013895/SELEX/data/Yin2017/submitted_ftp/RFX2_eDBD_1_KP_TTCGCC40NGAC.fastq.gz	background	255032	10.2 Mbp	10200000	0	40	54	PASS	PASS	PASS	PASS	FAIL	PASS	PASS	PASS	PASS	PASS	PASS
RFX3_eDBD_1_KS_TCCACC40NTTA	/scratch/project_2013895/SELEX/data/Yin2017/submitted_ftp/RFX3_eDBD_1_KS_TCCACC40NTTA.fastq.gz	background	265370	10.6 Mbp	10600000	0	40	54	PASS	PASS	FAIL	PASS	WARN	PASS	PASS	PASS	PASS	PASS	PASS
RFX4_eDBD_2_KR_TCTATT40NCAT	/scratch/project_2013895/SELEX/data/Yin2017/submitted_ftp/RFX4_eDBD_2_KR_TCTATT40NCAT.fastq.gz	background	468733	18.7 Mbp	18700000	0	40	54	PASS	PASS	PASS	PASS	FAIL	PASS	PASS	PASS	PASS	PASS	PASS
RFX5_eDBD_2_KO_TTGATG40NATC	/scratch/project_2013895/SELEX/data/Yin2017/submitted_ftp/RFX5_eDBD_2_KO_TTGATG40NATC.fastq.gz	background	341453	13.6 Mbp	13600000	0	40	52	PASS	PASS	PASS	PASS	WARN	PASS	PASS	PASS	PASS	PASS	PASS
RFX7_eDBD_2_KT_TGAGTT40NCGG	/scratch/project_2013895/SELEX/data/Yin2017/submitted_ftp/RFX7_eDBD_2_KT_TGAGTT40NCGG.fastq.gz	background	7862	314.4 kbp	314400	0	40	53	PASS	PASS	PASS	PASS	FAIL	PASS	PASS	PASS	PASS	WARN	PASS
NFAT5_eDBD_3_KS_TGAGCG40NTTG	/scratch/project_2013895/SELEX/data/Yin2017/submitted_ftp/NFAT5_eDBD_3_KS_TGAGCG40NTTG.fastq.gz	background	242711	9.7 Mbp	9700000	0	40	54	PASS	PASS	PASS	PASS	FAIL	PASS	PASS	PASS	PASS	PASS	PASS
NFATC1_eDBD_1_KS_TTCAAG40NGCC	/scratch/project_2013895/SELEX/data/Yin2017/submitted_ftp/NFATC1_eDBD_1_KS_TTCAAG40NGCC.fastq.gz	background	230533	9.2 Mbp	9200000	0	40	52	PASS	PASS	FAIL	PASS	WARN	PASS	PASS	PASS	PASS	PASS	PASS
NFATC2_eDBD_1_KS_TGAATG40NTAG	/scratch/project_2013895/SELEX/data/Yin2017/submitted_ftp/NFATC2_eDBD_1_KS_TGAATG40NTAG.fastq.gz	background	191946	7.6 Mbp	7600000	0	40	52	PASS	PASS	FAIL	PASS	FAIL	PASS	PASS	PASS	PASS	PASS	PASS
NFATC3_eDBD_2_KT_TAGATG40NTAT	/scratch/project_2013895/SELEX/data/Yin2017/submitted_ftp/NFATC3_eDBD_2_KT_TAGATG40NTAT.fastq.gz	background	265453	10.6 Mbp	10600000	0	40	49	PASS	PASS	PASS	PASS	FAIL	PASS	PASS	PASS	PASS	PASS	PASS
NFATC4_eDBD_2_KS_TCTTGT40NCAG	/scratch/project_2013895/SELEX/data/Yin2017/submitted_ftp/NFATC4_eDBD_2_KS_TCTTGT40NCAG.fastq.gz	background	105039	4.2 Mbp	4200000	0	40	52	PASS	PASS	WARN	PASS	FAIL	PASS	PASS	PASS	PASS	PASS	PASS
NFKB2_eDBD_3_KS_TCCGGG40NCTC	/scratch/project_2013895/SELEX/data/Yin2017/submitted_ftp/NFKB2_eDBD_3_KS_TCCGGG40NCTC.fastq.gz	background	229220	9.1 Mbp	9100000	0	40	56	PASS	PASS	PASS	PASS	FAIL	PASS	PASS	PASS	PASS	PASS	PASS
RUNX2_eDBD_2_KP_TCTTGG40NTTA	/scratch/project_2013895/SELEX/data/Yin2017/submitted_ftp/RUNX2_eDBD_2_KP_TCTTGG40NTTA.fastq.gz	background	337435	13.4 Mbp	13400000	0	40	55	PASS	PASS	FAIL	PASS	FAIL	PASS	PASS	PASS	PASS	PASS	PASS
RUNX3_FL_2_KW_TCTGCT40NTGT	/scratch/project_2013895/SELEX/data/Yin2017/submitted_ftp/RUNX3_FL_2_KW_TCTGCT40NTGT.fastq.gz	background	29148	1.1 Mbp	1100000	0	40	54	PASS	PASS	FAIL	PASS	FAIL	WARN	PASS	PASS	WARN	WARN	PASS
GMEB2_eDBD_3_KQ_TAAATA40NTAT	/scratch/project_2013895/SELEX/data/Yin2017/submitted_ftp/GMEB2_eDBD_3_KQ_TAAATA40NTAT.fastq.gz	background	360245	14.4 Mbp	14400000	0	40	53	PASS	PASS	PASS	PASS	FAIL	PASS	PASS	PASS	FAIL	WARN	PASS
GMEB1_FL_3_KX_TCTGCT40NTGT	/scratch/project_2013895/SELEX/data/Yin2017/submitted_ftp/GMEB1_FL_3_KX_TCTGCT40NTGT.fastq.gz	background	242718	9.7 Mbp	9700000	0	40	54	PASS	PASS	PASS	PASS	FAIL	PASS	PASS	PASS	WARN	WARN	PASS
SKOR2_eDBD_3_KP_TGGCGT40NCCT	/scratch/project_2013895/SELEX/data/Yin2017/submitted_ftp/SKOR2_eDBD_3_KP_TGGCGT40NCCT.fastq.gz	background	255484	10.2 Mbp	10200000	0	40	47	PASS	PASS	WARN	PASS	WARN	WARN	PASS	PASS	PASS	PASS	PASS
SKOR1_eDBD_2_KP_TTTAGG40NTCT	/scratch/project_2013895/SELEX/data/Yin2017/submitted_ftp/SKOR1_eDBD_2_KP_TTTAGG40NTCT.fastq.gz	background	299367	11.9 Mbp	11900000	0	40	53	PASS	PASS	FAIL	PASS	FAIL	PASS	PASS	PASS	PASS	PASS	PASS
T_eDBD_3_KS_TGCCTC40NCAA	/scratch/project_2013895/SELEX/data/Yin2017/submitted_ftp/T_eDBD_3_KS_TGCCTC40NCAA.fastq.gz	background	397393	15.8 Mbp	15800000	0	40	48	PASS	PASS	PASS	PASS	FAIL	PASS	PASS	PASS	PASS	PASS	PASS
TBX19_eDBD_3_KP_TCTTGT40NCAG	/scratch/project_2013895/SELEX/data/Yin2017/submitted_ftp/TBX19_eDBD_3_KP_TCTTGT40NCAG.fastq.gz	background	198512	7.9 Mbp	7900000	0	40	48	PASS	PASS	WARN	PASS	FAIL	PASS	PASS	PASS	PASS	PASS	PASS
EOMES_eDBD_3_KP_TTAGCT40NCCT	/scratch/project_2013895/SELEX/data/Yin2017/submitted_ftp/EOMES_eDBD_3_KP_TTAGCT40NCCT.fastq.gz	background	221619	8.8 Mbp	8800000	0	40	53	PASS	PASS	WARN	PASS	FAIL	PASS	PASS	PASS	PASS	PASS	PASS
TBX21_eDBD_3_KP_TTCGTT40NGCC	/scratch/project_2013895/SELEX/data/Yin2017/submitted_ftp/TBX21_eDBD_3_KP_TTCGTT40NGCC.fastq.gz	background	144301	5.7 Mbp	5700000	0	40	53	PASS	PASS	FAIL	PASS	FAIL	PASS	PASS	PASS	PASS	PASS	PASS
TBX6_eDBD_2_KV_TGTAGA40NTGT	/scratch/project_2013895/SELEX/data/Yin2017/submitted_ftp/TBX6_eDBD_2_KV_TGTAGA40NTGT.fastq.gz	background	322905	12.9 Mbp	12900000	0	40	53	PASS	PASS	PASS	PASS	FAIL	PASS	PASS	PASS	PASS	PASS	PASS
TBX3_eDBD_3_KT_TGCCAA40NTAG	/scratch/project_2013895/SELEX/data/Yin2017/submitted_ftp/TBX3_eDBD_3_KT_TGCCAA40NTAG.fastq.gz	background	246204	9.8 Mbp	9800000	0	40	56	PASS	PASS	FAIL	PASS	FAIL	PASS	PASS	PASS	PASS	PASS	PASS
TBX2_eDBD_2_KT_TACCCA40NTGT	/scratch/project_2013895/SELEX/data/Yin2017/submitted_ftp/TBX2_eDBD_2_KT_TACCCA40NTGT.fastq.gz	background	380403	15.2 Mbp	15200000	0	40	55	PASS	PASS	PASS	PASS	FAIL	PASS	PASS	PASS	PASS	PASS	PASS
TBX20_eDBD_2_KP_TTGTTA40NGGT	/scratch/project_2013895/SELEX/data/Yin2017/submitted_ftp/TBX20_eDBD_2_KP_TTGTTA40NGGT.fastq.gz	background	248410	9.9 Mbp	9900000	0	40	51	PASS	PASS	FAIL	PASS	FAIL	PASS	PASS	PASS	WARN	PASS	PASS
TBX20_FL_3_KAE_TAAGAA40NATA	/scratch/project_2013895/SELEX/data/Yin2017/submitted_ftp/TBX20_FL_3_KAE_TAAGAA40NATA.fastq.gz	background	148305	5.9 Mbp	5900000	0	40	52	PASS	PASS	PASS	PASS	FAIL	PASS	PASS	PASS	PASS	PASS	PASS
TBX1_eDBD_3_KP_TTACTA40NAGG	/scratch/project_2013895/SELEX/data/Yin2017/submitted_ftp/TBX1_eDBD_3_KP_TTACTA40NAGG.fastq.gz	background	200098	8 Mbp	8000000	0	40	52	PASS	PASS	FAIL	PASS	WARN	PASS	PASS	PASS	PASS	PASS	PASS
TBX15_eDBD_3_KP_TGGGAG40NAGG	/scratch/project_2013895/SELEX/data/Yin2017/submitted_ftp/TBX15_eDBD_3_KP_TGGGAG40NAGG.fastq.gz	background	123595	4.9 Mbp	4900000	0	40	53	PASS	PASS	WARN	PASS	WARN	PASS	PASS	PASS	PASS	WARN	PASS
TEAD1_FL_2_KW_TCACGC40NACT	/scratch/project_2013895/SELEX/data/Yin2017/submitted_ftp/TEAD1_FL_2_KW_TCACGC40NACT.fastq.gz	background	147790	5.9 Mbp	5900000	0	40	52	PASS	PASS	FAIL	PASS	FAIL	PASS	PASS	PASS	PASS	PASS	PASS
TEAD2_FL_1_KX_TGAGCG40NTTG	/scratch/project_2013895/SELEX/data/Yin2017/submitted_ftp/TEAD2_FL_1_KX_TGAGCG40NTTG.fastq.gz	background	190039	7.6 Mbp	7600000	0	40	51	PASS	PASS	PASS	PASS	FAIL	PASS	PASS	PASS	PASS	PASS	PASS
ZNF580_eDBD_3_KP_TTCAGG40NTGC	/scratch/project_2013895/SELEX/data/Yin2017/submitted_ftp/ZNF580_eDBD_3_KP_TTCAGG40NTGC.fastq.gz	background	176919	7 Mbp	7000000	0	40	53	PASS	PASS	WARN	PASS	WARN	PASS	PASS	PASS	PASS	PASS	PASS
ZNF580_FL_3_KAE_TGGCCA40NTTC	/scratch/project_2013895/SELEX/data/Yin2017/submitted_ftp/ZNF580_FL_3_KAE_TGGCCA40NTTC.fastq.gz	background	204668	8.1 Mbp	8100000	0	40	53	PASS	PASS	PASS	PASS	WARN	PASS	PASS	PASS	PASS	PASS	PASS
OSR2_eDBD_1_KP_TGCACG40NTTG	/scratch/project_2013895/SELEX/data/Yin2017/submitted_ftp/OSR2_eDBD_1_KP_TGCACG40NTTG.fastq.gz	background	366699	14.6 Mbp	14600000	0	40	53	PASS	PASS	PASS	PASS	WARN	PASS	PASS	PASS	PASS	PASS	PASS
OSR1_eDBD_2_KS_TGGAGA40NCCA	/scratch/project_2013895/SELEX/data/Yin2017/submitted_ftp/OSR1_eDBD_2_KS_TGGAGA40NCCA.fastq.gz	background	91190	3.6 Mbp	3600000	0	40	53	PASS	PASS	FAIL	PASS	WARN	PASS	PASS	PASS	PASS	PASS	PASS
ZNF410_eDBD_1_KR_TTTATT40NATC	/scratch/project_2013895/SELEX/data/Yin2017/submitted_ftp/ZNF410_eDBD_1_KR_TTTATT40NATC.fastq.gz	background	418349	16.7 Mbp	16700000	0	40	55	PASS	PASS	PASS	PASS	FAIL	PASS	PASS	PASS	PASS	PASS	PASS
ZNF281_eDBD_3_KR_TAAAGT40NAGC	/scratch/project_2013895/SELEX/data/Yin2017/submitted_ftp/ZNF281_eDBD_3_KR_TAAAGT40NAGC.fastq.gz	background	152571	6.1 Mbp	6100000	0	40	56	PASS	PASS	PASS	PASS	FAIL	PASS	PASS	PASS	PASS	WARN	PASS
GFI1_eDBD_3_KR_TCTGCT40NTGT	/scratch/project_2013895/SELEX/data/Yin2017/submitted_ftp/GFI1_eDBD_3_KR_TCTGCT40NTGT.fastq.gz	background	259327	10.3 Mbp	10300000	0	40	51	PASS	PASS	PASS	PASS	FAIL	PASS	PASS	PASS	PASS	PASS	PASS
GFI1B_eDBD_1_KR_TTCTCA40NCCT	/scratch/project_2013895/SELEX/data/Yin2017/submitted_ftp/GFI1B_eDBD_1_KR_TTCTCA40NCCT.fastq.gz	background	377027	15 Mbp	15000000	0	40	51	PASS	PASS	PASS	PASS	PASS	PASS	PASS	PASS	PASS	PASS	PASS
ZFP42_eDBD_3_KS_TAGTGC40NATG	/scratch/project_2013895/SELEX/data/Yin2017/submitted_ftp/ZFP42_eDBD_3_KS_TAGTGC40NATG.fastq.gz	background	233011	9.3 Mbp	9300000	0	40	54	PASS	PASS	PASS	PASS	WARN	PASS	PASS	PASS	PASS	PASS	PASS
ZFP41_FL_1_KV_TCAGAA40NAGG	/scratch/project_2013895/SELEX/data/Yin2017/submitted_ftp/ZFP41_FL_1_KV_TCAGAA40NAGG.fastq.gz	background	199280	7.9 Mbp	7900000	0	40	55	PASS	PASS	PASS	PASS	WARN	PASS	PASS	PASS	PASS	PASS	PASS
ZNF32_FL_3_KAE_TAGGTC40NACG	/scratch/project_2013895/SELEX/data/Yin2017/submitted_ftp/ZNF32_FL_3_KAE_TAGGTC40NACG.fastq.gz	background	185891	7.4 Mbp	7400000	0	40	51	PASS	PASS	PASS	PASS	FAIL	PASS	PASS	PASS	PASS	PASS	PASS
ZNF384_eDBD_3_KT_TAAATT40NCTG	/scratch/project_2013895/SELEX/data/Yin2017/submitted_ftp/ZNF384_eDBD_3_KT_TAAATT40NCTG.fastq.gz	background	204456	8.1 Mbp	8100000	0	40	49	PASS	PASS	FAIL	PASS	WARN	WARN	PASS	PASS	PASS	PASS	PASS
BCL11B_eDBD_3_KT_TTCACC40NGCT	/scratch/project_2013895/SELEX/data/Yin2017/submitted_ftp/BCL11B_eDBD_3_KT_TTCACC40NGCT.fastq.gz	background	247608	9.9 Mbp	9900000	0	40	55	PASS	PASS	FAIL	PASS	FAIL	PASS	PASS	PASS	PASS	WARN	PASS
ZNF345_eDBD_2_KT_TGTGGT40NGGC	/scratch/project_2013895/SELEX/data/Yin2017/submitted_ftp/ZNF345_eDBD_2_KT_TGTGGT40NGGC.fastq.gz	background	251884	10 Mbp	10000000	0	40	52	PASS	PASS	PASS	PASS	WARN	PASS	PASS	PASS	PASS	PASS	PASS
ZNF296_eDBD_3_KS_TTAAGT40NCCT	/scratch/project_2013895/SELEX/data/Yin2017/submitted_ftp/ZNF296_eDBD_3_KS_TTAAGT40NCCT.fastq.gz	background	179408	7.1 Mbp	7100000	0	40	57	PASS	PASS	PASS	PASS	FAIL	PASS	PASS	PASS	PASS	PASS	PASS
ZNF771_eDBD_2_KT_TCTGCA40NATA	/scratch/project_2013895/SELEX/data/Yin2017/submitted_ftp/ZNF771_eDBD_2_KT_TCTGCA40NATA.fastq.gz	background	314274	12.5 Mbp	12500000	0	40	54	PASS	PASS	PASS	PASS	WARN	PASS	PASS	PASS	PASS	PASS	PASS
ZNF771_FL_1_KV_TGCTCA40NCTG	/scratch/project_2013895/SELEX/data/Yin2017/submitted_ftp/ZNF771_FL_1_KV_TGCTCA40NCTG.fastq.gz	background	297522	11.9 Mbp	11900000	0	40	52	PASS	PASS	PASS	PASS	WARN	PASS	PASS	PASS	PASS	PASS	PASS
ZNF76_eDBD_2_KT_TGACAA40NACT	/scratch/project_2013895/SELEX/data/Yin2017/submitted_ftp/ZNF76_eDBD_2_KT_TGACAA40NACT.fastq.gz	background	256459	10.2 Mbp	10200000	0	40	54	PASS	PASS	PASS	PASS	FAIL	PASS	PASS	PASS	PASS	PASS	PASS
ZNF276_eDBD_3_KT_TGCTCA40NCTG	/scratch/project_2013895/SELEX/data/Yin2017/submitted_ftp/ZNF276_eDBD_3_KT_TGCTCA40NCTG.fastq.gz	background	228629	9.1 Mbp	9100000	0	40	53	PASS	PASS	FAIL	PASS	WARN	PASS	PASS	PASS	PASS	PASS	PASS
ZeroCycle_TGTTTA40NACG_0_0	/scratch/project_2013895/SELEX/data/input_libraries/submitted_ftp/ZeroCycle_TGTTTA40NACG_0_0.fastq.gz	background	208068	8.3 Mbp	8300000.000000001	0	40	51	PASS	PASS	FAIL	PASS	PASS	PASS	PASS	PASS	PASS	PASS	PASS
ZNF784_FL_1_KV_TACCAA40NTTA	/scratch/project_2013895/SELEX/data/Yin2017/submitted_ftp/ZNF784_FL_1_KV_TACCAA40NTTA.fastq.gz	background	247191	9.8 Mbp	9800000	0	40	52	PASS	PASS	PASS	PASS	WARN	PASS	PASS	PASS	PASS	PASS	PASS
ZNF787_FL_3_KV_TCTGCC40NCAC	/scratch/project_2013895/SELEX/data/Yin2017/submitted_ftp/ZNF787_FL_3_KV_TCTGCC40NCAC.fastq.gz	background	350354	14 Mbp	14000000	0	40	55	PASS	PASS	PASS	PASS	FAIL	PASS	PASS	PASS	PASS	PASS	PASS
ZNF660_FL_1_KV_TGCACG40NTTG	/scratch/project_2013895/SELEX/data/Yin2017/submitted_ftp/ZNF660_FL_1_KV_TGCACG40NTTG.fastq.gz	background	281039	11.2 Mbp	11200000	0	40	52	PASS	PASS	PASS	PASS	WARN	PASS	PASS	PASS	PASS	PASS	PASS
ZNF704_FL_1_KV_TATTTC40NGCA	/scratch/project_2013895/SELEX/data/Yin2017/submitted_ftp/ZNF704_FL_1_KV_TATTTC40NGCA.fastq.gz	background	341197	13.6 Mbp	13600000	0	40	53	PASS	PASS	PASS	PASS	WARN	PASS	PASS	PASS	PASS	PASS	PASS
ZNF821_FL_3_KX_TGAGTT40NCGG	/scratch/project_2013895/SELEX/data/Yin2017/submitted_ftp/ZNF821_FL_3_KX_TGAGTT40NCGG.fastq.gz	background	192278	7.6 Mbp	7600000	0	40	54	PASS	PASS	PASS	PASS	FAIL	PASS	PASS	PASS	PASS	PASS	PASS
ZNF524_FL_2_KX_TTGATG40NATC	/scratch/project_2013895/SELEX/data/Yin2017/submitted_ftp/ZNF524_FL_2_KX_TTGATG40NATC.fastq.gz	background	135022	5.4 Mbp	5400000	0	40	52	PASS	PASS	WARN	PASS	WARN	PASS	PASS	PASS	PASS	PASS	PASS
ZBTB26_FL_2_KAE_TGAAGG40NGAT	/scratch/project_2013895/SELEX/data/Yin2017/submitted_ftp/ZBTB26_FL_2_KAE_TGAAGG40NGAT.fastq.gz	background	188669	7.5 Mbp	7500000	0	40	52	PASS	PASS	PASS	PASS	FAIL	PASS	PASS	PASS	PASS	PASS	PASS
ZSCAN1_eDBD_1_KP_TGCTCC40NCCG	/scratch/project_2013895/SELEX/data/Yin2017/submitted_ftp/ZSCAN1_eDBD_1_KP_TGCTCC40NCCG.fastq.gz	background	310939	12.4 Mbp	12400000	0	40	47	PASS	PASS	PASS	PASS	WARN	PASS	PASS	PASS	PASS	PASS	PASS
ZSCAN4_eDBD_1_KP_TAGAGA40NCGC	/scratch/project_2013895/SELEX/data/Yin2017/submitted_ftp/ZSCAN4_eDBD_1_KP_TAGAGA40NCGC.fastq.gz	background	304782	12.1 Mbp	12100000	0	40	53	PASS	PASS	PASS	PASS	WARN	PASS	PASS	PASS	PASS	PASS	PASS
ZSCAN9_eDBD_2_KR_TAAATT40NCTG	/scratch/project_2013895/SELEX/data/Yin2017/submitted_ftp/ZSCAN9_eDBD_2_KR_TAAATT40NCTG.fastq.gz	background	258386	10.3 Mbp	10300000	0	40	54	PASS	PASS	PASS	PASS	WARN	PASS	PASS	PASS	PASS	PASS	PASS
ZSCAN23_eDBD_2_KR_TACTAC40NGCC	/scratch/project_2013895/SELEX/data/Yin2017/submitted_ftp/ZSCAN23_eDBD_2_KR_TACTAC40NGCC.fastq.gz	background	192833	7.7 Mbp	7700000	0	40	57	PASS	PASS	PASS	PASS	FAIL	PASS	PASS	PASS	PASS	PASS	PASS
ZSCAN16_eDBD_3_KR_TCCACC40NTTA	/scratch/project_2013895/SELEX/data/Yin2017/submitted_ftp/ZSCAN16_eDBD_3_KR_TCCACC40NTTA.fastq.gz	background	166106	6.6 Mbp	6600000	0	40	52	PASS	PASS	PASS	PASS	FAIL	WARN	PASS	PASS	WARN	WARN	PASS
ZSCAN16_FL_2_KW_TGGCTA40NTCC	/scratch/project_2013895/SELEX/data/Yin2017/submitted_ftp/ZSCAN16_FL_2_KW_TGGCTA40NTCC.fastq.gz	background	198142	7.9 Mbp	7900000	0	40	54	PASS	PASS	FAIL	PASS	FAIL	PASS	PASS	PASS	PASS	PASS	PASS
ZNF174_eDBD_2_KS_TACCGA40NATA	/scratch/project_2013895/SELEX/data/Yin2017/submitted_ftp/ZNF174_eDBD_2_KS_TACCGA40NATA.fastq.gz	background	86840	3.4 Mbp	3400000	0	40	55	PASS	PASS	WARN	PASS	FAIL	PASS	PASS	PASS	PASS	PASS	PASS
ZNF263_eDBD_3_KS_TTAGTA40NCTC	/scratch/project_2013895/SELEX/data/Yin2017/submitted_ftp/ZNF263_eDBD_3_KS_TTAGTA40NCTC.fastq.gz	background	190427	7.6 Mbp	7600000	0	40	54	PASS	PASS	PASS	PASS	FAIL	PASS	PASS	PASS	PASS	PASS	PASS
ZNF449_eDBD_3_KT_TGCGAG40NTTC	/scratch/project_2013895/SELEX/data/Yin2017/submitted_ftp/ZNF449_eDBD_3_KT_TGCGAG40NTTC.fastq.gz	background	279509	11.1 Mbp	11100000	0	40	57	PASS	PASS	FAIL	PASS	FAIL	PASS	PASS	PASS	PASS	PASS	PASS
ZNF396_FL_3_KW_TTAAAT40NAAT	/scratch/project_2013895/SELEX/data/Yin2017/submitted_ftp/ZNF396_FL_3_KW_TTAAAT40NAAT.fastq.gz	background	234548	9.3 Mbp	9300000	0	40	55	PASS	PASS	PASS	PASS	FAIL	PASS	PASS	PASS	PASS	PASS	PASS
ZNF444_FL_2_KAE_TCCTGC40NTCG	/scratch/project_2013895/SELEX/data/Yin2017/submitted_ftp/ZNF444_FL_2_KAE_TCCTGC40NTCG.fastq.gz	background	182632	7.3 Mbp	7300000	0	40	54	PASS	PASS	PASS	PASS	WARN	PASS	PASS	PASS	PASS	PASS	PASS
ZNF274_eDBD_2_KV_TGCAGT40NAAG	/scratch/project_2013895/SELEX/data/Yin2017/submitted_ftp/ZNF274_eDBD_2_KV_TGCAGT40NAAG.fastq.gz	background	327678	13.1 Mbp	13100000	0	40	51	PASS	PASS	PASS	PASS	WARN	PASS	PASS	PASS	PASS	PASS	PASS
MBNL2_FL_3_KZ_TCTAAG40NTTA	/scratch/project_2013895/SELEX/data/Yin2017/submitted_ftp/MBNL2_FL_3_KZ_TCTAAG40NTTA.fastq.gz	background	481684	19.2 Mbp	19200000	0	40	57	PASS	PASS	FAIL	PASS	FAIL	PASS	PASS	PASS	PASS	PASS	PASS
CPSF4_FL_3_KZ_TTGTCC40NTAG	/scratch/project_2013895/SELEX/data/Yin2017/submitted_ftp/CPSF4_FL_3_KZ_TTGTCC40NTAG.fastq.gz	background	325300	13 Mbp	13000000	0	40	52	PASS	PASS	WARN	PASS	WARN	PASS	PASS	PASS	PASS	PASS	PASS
EGR1_eDBD_1_KR_TTGTAC40NGTA	/scratch/project_2013895/SELEX/data/Yin2017/submitted_ftp/EGR1_eDBD_1_KR_TTGTAC40NGTA.fastq.gz	background	505466	20.2 Mbp	20200000	0	40	60	PASS	PASS	PASS	PASS	FAIL	PASS	PASS	PASS	PASS	PASS	PASS
EGR2_FL_3_KX_TACCCT40NTTA	/scratch/project_2013895/SELEX/data/Yin2017/submitted_ftp/EGR2_FL_3_KX_TACCCT40NTTA.fastq.gz	background	222895	8.9 Mbp	8900000	0	40	57	PASS	PASS	PASS	PASS	WARN	PASS	PASS	PASS	PASS	PASS	PASS
EGR3_FL_1_KW_TCCATC40NTGA	/scratch/project_2013895/SELEX/data/Yin2017/submitted_ftp/EGR3_FL_1_KW_TCCATC40NTGA.fastq.gz	background	193981	7.7 Mbp	7700000	0	40	56	PASS	PASS	FAIL	PASS	FAIL	PASS	PASS	PASS	PASS	PASS	PASS
EGR4_eDBD_1_KP_TTTCTA40NCAT	/scratch/project_2013895/SELEX/data/Yin2017/submitted_ftp/EGR4_eDBD_1_KP_TTTCTA40NCAT.fastq.gz	background	144844	5.7 Mbp	5700000	0	40	56	PASS	PASS	PASS	PASS	FAIL	PASS	PASS	PASS	PASS	PASS	PASS
SP8_eDBD_3_KP_TCGCCG40NTGC	/scratch/project_2013895/SELEX/data/Yin2017/submitted_ftp/SP8_eDBD_3_KP_TCGCCG40NTGC.fastq.gz	background	96805	3.8 Mbp	3800000	0	40	62	PASS	PASS	WARN	PASS	FAIL	WARN	PASS	PASS	PASS	PASS	PASS
SP9_eDBD_3_KP_TACCGA40NATA	/scratch/project_2013895/SELEX/data/Yin2017/submitted_ftp/SP9_eDBD_3_KP_TACCGA40NATA.fastq.gz	background	148867	5.9 Mbp	5900000	0	40	58	PASS	PASS	WARN	PASS	FAIL	PASS	PASS	PASS	PASS	PASS	PASS
SP1_eDBD_1_KV_TACCCA40NTGT	/scratch/project_2013895/SELEX/data/Yin2017/submitted_ftp/SP1_eDBD_1_KV_TACCCA40NTGT.fastq.gz	background	385092	15.4 Mbp	15400000	0	40	55	PASS	PASS	PASS	PASS	FAIL	PASS	PASS	PASS	PASS	PASS	PASS
SP3_eDBD_3_KR_TTCACC40NGCT	/scratch/project_2013895/SELEX/data/Yin2017/submitted_ftp/SP3_eDBD_3_KR_TTCACC40NGCT.fastq.gz	background	180617	7.2 Mbp	7200000	0	40	56	PASS	PASS	PASS	PASS	FAIL	PASS	PASS	PASS	PASS	PASS	PASS
SP2_eDBD_2_KV_TACGAA40NAGA	/scratch/project_2013895/SELEX/data/Yin2017/submitted_ftp/SP2_eDBD_2_KV_TACGAA40NAGA.fastq.gz	background	411943	16.4 Mbp	16399999.999999998	0	40	54	PASS	PASS	PASS	PASS	WARN	PASS	PASS	PASS	PASS	PASS	PASS
KLF15_eDBD_3_KT_TCATGA40NAGT	/scratch/project_2013895/SELEX/data/Yin2017/submitted_ftp/KLF15_eDBD_3_KT_TCATGA40NAGT.fastq.gz	background	250335	10 Mbp	10000000	0	40	57	PASS	PASS	FAIL	PASS	FAIL	PASS	PASS	PASS	PASS	PASS	PASS
KLF15_FL_3_KW_TGGTCG40NTAA	/scratch/project_2013895/SELEX/data/Yin2017/submitted_ftp/KLF15_FL_3_KW_TGGTCG40NTAA.fastq.gz	background	188979	7.5 Mbp	7500000	0	40	56	PASS	PASS	PASS	PASS	FAIL	PASS	PASS	PASS	PASS	PASS	PASS
KLF3_FL_2_KAF_TTACAA40NTAC	/scratch/project_2013895/SELEX/data/Yin2017/submitted_ftp/KLF3_FL_2_KAF_TTACAA40NTAC.fastq.gz	background	373759	14.9 Mbp	14900000	0	40	52	PASS	PASS	WARN	PASS	FAIL	PASS	PASS	PASS	PASS	PASS	PASS
KLF5_eDBD_3_KS_TGTGAT40NGCA	/scratch/project_2013895/SELEX/data/Yin2017/submitted_ftp/KLF5_eDBD_3_KS_TGTGAT40NGCA.fastq.gz	background	233075	9.3 Mbp	9300000	0	40	58	PASS	PASS	PASS	PASS	FAIL	PASS	PASS	PASS	PASS	WARN	PASS
KLF6_eDBD_3_KW_TGCTCC40NCCG	/scratch/project_2013895/SELEX/data/Yin2017/submitted_ftp/KLF6_eDBD_3_KW_TGCTCC40NCCG.fastq.gz	background	288021	11.5 Mbp	11500000	0	40	52	PASS	PASS	PASS	PASS	FAIL	PASS	PASS	PASS	PASS	PASS	PASS
KLF12_FL_2_KX_TTTGAG40NATT	/scratch/project_2013895/SELEX/data/Yin2017/submitted_ftp/KLF12_FL_2_KX_TTTGAG40NATT.fastq.gz	background	189311	7.5 Mbp	7500000	0	40	57	PASS	PASS	WARN	PASS	FAIL	PASS	PASS	PASS	PASS	PASS	PASS
KLF2_eDBD_1_KP_TCGGTG40NCAA	/scratch/project_2013895/SELEX/data/Yin2017/submitted_ftp/KLF2_eDBD_1_KP_TCGGTG40NCAA.fastq.gz	background	299321	11.9 Mbp	11900000	0	40	55	PASS	PASS	PASS	PASS	FAIL	PASS	PASS	PASS	PASS	PASS	PASS
KLF4_eDBD_3_KT_TAGAGA40NCGC	/scratch/project_2013895/SELEX/data/Yin2017/submitted_ftp/KLF4_eDBD_3_KT_TAGAGA40NCGC.fastq.gz	background	254535	10.1 Mbp	10100000	0	40	58	PASS	PASS	FAIL	PASS	FAIL	PASS	PASS	PASS	PASS	PASS	PASS
KLF10_eDBD_3_KR_TATGTA40NTGT	/scratch/project_2013895/SELEX/data/Yin2017/submitted_ftp/KLF10_eDBD_3_KR_TATGTA40NTGT.fastq.gz	background	150565	6 Mbp	6000000	0	40	63	PASS	PASS	PASS	PASS	FAIL	WARN	PASS	PASS	PASS	PASS	PASS
KLF11_eDBD_3_KR_TCTCTC40NTTG	/scratch/project_2013895/SELEX/data/Yin2017/submitted_ftp/KLF11_eDBD_3_KR_TCTCTC40NTTG.fastq.gz	background	172499	6.8 Mbp	6800000	0	40	66	PASS	PASS	PASS	PASS	FAIL	PASS	PASS	PASS	PASS	PASS	PASS
KLF13_eDBD_1_KP_TACTTA40NCTA	/scratch/project_2013895/SELEX/data/Yin2017/submitted_ftp/KLF13_eDBD_1_KP_TACTTA40NCTA.fastq.gz	background	297538	11.9 Mbp	11900000	0	40	57	PASS	PASS	PASS	PASS	FAIL	PASS	PASS	PASS	PASS	PASS	PASS
KLF13_FL_1_KV_TATATA40NGCT	/scratch/project_2013895/SELEX/data/Yin2017/submitted_ftp/KLF13_FL_1_KV_TATATA40NGCT.fastq.gz	background	277252	11 Mbp	11000000	0	40	57	PASS	PASS	PASS	PASS	FAIL	PASS	PASS	PASS	PASS	PASS	PASS
KLF14_eDBD_1_KP_TAAGGC40NTGA	/scratch/project_2013895/SELEX/data/Yin2017/submitted_ftp/KLF14_eDBD_1_KP_TAAGGC40NTGA.fastq.gz	background	207392	8.2 Mbp	8199999.999999999	0	40	56	PASS	PASS	PASS	PASS	FAIL	PASS	PASS	PASS	PASS	PASS	PASS
KLF16_eDBD_3_KP_TGCTTT40NAGA	/scratch/project_2013895/SELEX/data/Yin2017/submitted_ftp/KLF16_eDBD_3_KP_TGCTTT40NAGA.fastq.gz	background	194641	7.7 Mbp	7700000	0	40	61	PASS	PASS	WARN	PASS	FAIL	PASS	PASS	PASS	PASS	PASS	PASS
GATA2_eDBD_1_KR_TGAGGT40NTCC	/scratch/project_2013895/SELEX/data/Yin2017/submitted_ftp/GATA2_eDBD_1_KR_TGAGGT40NTCC.fastq.gz	background	497341	19.8 Mbp	19800000	0	40	47	PASS	PASS	PASS	PASS	PASS	PASS	PASS	PASS	PASS	PASS	PASS
GATA3_FL_2_KX_TTCGTT40NGCC	/scratch/project_2013895/SELEX/data/Yin2017/submitted_ftp/GATA3_FL_2_KX_TTCGTT40NGCC.fastq.gz	background	158832	6.3 Mbp	6300000	0	40	49	PASS	PASS	WARN	PASS	FAIL	PASS	PASS	PASS	PASS	PASS	PASS
ZeroCycle_TTATAT40NACC_0_0	/scratch/project_2013895/SELEX/data/input_libraries/submitted_ftp/ZeroCycle_TTATAT40NACC_0_0.fastq.gz	background	164853	6.5 Mbp	6500000	0	40	55	PASS	PASS	FAIL	PASS	FAIL	PASS	PASS	PASS	PASS	PASS	PASS
GATA5_eDBD_1_KP_TCCTCG40NCAG	/scratch/project_2013895/SELEX/data/Yin2017/submitted_ftp/GATA5_eDBD_1_KP_TCCTCG40NCAG.fastq.gz	background	277779	11.1 Mbp	11100000	0	40	51	PASS	PASS	PASS	PASS	FAIL	PASS	PASS	PASS	PASS	PASS	PASS
GATA5_FL_1_KW_TTAGAG40NCGG	/scratch/project_2013895/SELEX/data/Yin2017/submitted_ftp/GATA5_FL_1_KW_TTAGAG40NCGG.fastq.gz	background	142882	5.7 Mbp	5700000	0	40	47	PASS	PASS	FAIL	PASS	FAIL	PASS	PASS	PASS	PASS	PASS	PASS
GATA4_eDBD_1_KP_TTAGAG40NCGG	/scratch/project_2013895/SELEX/data/Yin2017/submitted_ftp/GATA4_eDBD_1_KP_TTAGAG40NCGG.fastq.gz	background	343028	13.7 Mbp	13700000	0	40	46	PASS	PASS	PASS	PASS	FAIL	PASS	PASS	PASS	PASS	PASS	PASS
GATA6_eDBD_2_KS_TCCATC40NTGA	/scratch/project_2013895/SELEX/data/Yin2017/submitted_ftp/GATA6_eDBD_2_KS_TCCATC40NTGA.fastq.gz	background	176939	7 Mbp	7000000	0	40	50	PASS	PASS	WARN	PASS	WARN	PASS	PASS	PASS	PASS	PASS	PASS
GLI2_eDBD_2_KS_TGGAGT40NTGG	/scratch/project_2013895/SELEX/data/Yin2017/submitted_ftp/GLI2_eDBD_2_KS_TGGAGT40NTGG.fastq.gz	background	105767	4.2 Mbp	4200000	0	40	59	PASS	PASS	WARN	PASS	FAIL	PASS	PASS	PASS	PASS	PASS	PASS
GLI3_eDBD_1_KP_TCAAAC40NAAC	/scratch/project_2013895/SELEX/data/Yin2017/submitted_ftp/GLI3_eDBD_1_KP_TCAAAC40NAAC.fastq.gz	background	115313	4.6 Mbp	4600000	0	40	56	PASS	PASS	PASS	PASS	FAIL	PASS	PASS	PASS	PASS	PASS	PASS
GLIS1_eDBD_2_KS_TTTGTA40NTCC	/scratch/project_2013895/SELEX/data/Yin2017/submitted_ftp/GLIS1_eDBD_2_KS_TTTGTA40NTCC.fastq.gz	background	120824	4.8 Mbp	4800000	0	40	49	PASS	PASS	FAIL	PASS	FAIL	PASS	PASS	PASS	PASS	PASS	PASS
GLIS2_eDBD_3_KP_TCGCCC40NCAT	/scratch/project_2013895/SELEX/data/Yin2017/submitted_ftp/GLIS2_eDBD_3_KP_TCGCCC40NCAT.fastq.gz	background	134917	5.3 Mbp	5300000	0	40	57	PASS	PASS	WARN	PASS	FAIL	PASS	PASS	PASS	PASS	PASS	PASS
ZIC1_eDBD_3_KR_TCACGC40NACT	/scratch/project_2013895/SELEX/data/Yin2017/submitted_ftp/ZIC1_eDBD_3_KR_TCACGC40NACT.fastq.gz	background	180754	7.2 Mbp	7200000	0	40	62	PASS	PASS	PASS	PASS	FAIL	PASS	PASS	PASS	PASS	PASS	PASS
ZIC1_FL_3_KW_TTTATT40NATC	/scratch/project_2013895/SELEX/data/Yin2017/submitted_ftp/ZIC1_FL_3_KW_TTTATT40NATC.fastq.gz	background	241670	9.6 Mbp	9600000	0	40	64	PASS	PASS	PASS	PASS	FAIL	PASS	PASS	PASS	PASS	PASS	PASS
ZIC3_eDBD_1_KR_TAGCGC40NCGC	/scratch/project_2013895/SELEX/data/Yin2017/submitted_ftp/ZIC3_eDBD_1_KR_TAGCGC40NCGC.fastq.gz	background	402282	16 Mbp	16000000	0	40	48	PASS	PASS	PASS	PASS	FAIL	PASS	PASS	PASS	PASS	PASS	PASS
ZIC3_FL_3_KZ_TGTAGA40NTGT	/scratch/project_2013895/SELEX/data/Yin2017/submitted_ftp/ZIC3_FL_3_KZ_TGTAGA40NTGT.fastq.gz	background	323133	12.9 Mbp	12900000	0	40	63	PASS	PASS	FAIL	PASS	FAIL	PASS	PASS	PASS	PASS	PASS	PASS
ZIC4_eDBD_3_KT_TCTATT40NCAT	/scratch/project_2013895/SELEX/data/Yin2017/submitted_ftp/ZIC4_eDBD_3_KT_TCTATT40NCAT.fastq.gz	background	320768	12.8 Mbp	12800000	0	40	60	PASS	PASS	FAIL	PASS	FAIL	PASS	PASS	PASS	PASS	PASS	PASS
ZIC5_eDBD_2_KV_TCGGGT40NAAG	/scratch/project_2013895/SELEX/data/Yin2017/submitted_ftp/ZIC5_eDBD_2_KV_TCGGGT40NAAG.fastq.gz	background	306729	12.2 Mbp	12200000	0	40	55	PASS	PASS	PASS	PASS	FAIL	PASS	PASS	PASS	PASS	PASS	PASS
ZBTB7A_eDBD_3_KR_TGAGGA40NTTG	/scratch/project_2013895/SELEX/data/Yin2017/submitted_ftp/ZBTB7A_eDBD_3_KR_TGAGGA40NTTG.fastq.gz	background	195207	7.8 Mbp	7800000	0	40	60	PASS	PASS	PASS	PASS	FAIL	PASS	PASS	PASS	PASS	WARN	PASS
ZBTB7B_eDBD_2_KS_TCTAAG40NTTA	/scratch/project_2013895/SELEX/data/Yin2017/submitted_ftp/ZBTB7B_eDBD_2_KS_TCTAAG40NTTA.fastq.gz	background	129598	5.1 Mbp	5100000	0	40	58	PASS	PASS	WARN	PASS	FAIL	PASS	PASS	PASS	PASS	PASS	PASS
ZNF740_eDBD_3_KP_TTGATG40NATC	/scratch/project_2013895/SELEX/data/Yin2017/submitted_ftp/ZNF740_eDBD_3_KP_TTGATG40NATC.fastq.gz	background	125639	5 Mbp	5000000	0	40	51	PASS	PASS	WARN	PASS	WARN	PASS	PASS	PASS	PASS	FAIL	PASS
ZNF740_FL_2_KW_TTATTT40NCGT	/scratch/project_2013895/SELEX/data/Yin2017/submitted_ftp/ZNF740_FL_2_KW_TTATTT40NCGT.fastq.gz	background	140162	5.6 Mbp	5600000	0	40	56	PASS	PASS	FAIL	PASS	FAIL	PASS	PASS	PASS	PASS	PASS	PASS
ZBED1_eDBD_2_KV_TACCCT40NTTA	/scratch/project_2013895/SELEX/data/Yin2017/submitted_ftp/ZBED1_eDBD_2_KV_TACCCT40NTTA.fastq.gz	background	283465	11.3 Mbp	11300000	0	40	52	PASS	PASS	PASS	PASS	WARN	PASS	PASS	PASS	PASS	PASS	PASS
DPF1_eDBD_2_KP_TTGCTT40NCCA	/scratch/project_2013895/SELEX/data/Yin2017/submitted_ftp/DPF1_eDBD_2_KP_TTGCTT40NCCA.fastq.gz	background	287181	11.4 Mbp	11400000	0	40	53	PASS	PASS	FAIL	PASS	WARN	PASS	PASS	PASS	PASS	PASS	PASS
PRDM1_eDBD_3_KS_TATATA40NGCT	/scratch/project_2013895/SELEX/data/Yin2017/submitted_ftp/PRDM1_eDBD_3_KS_TATATA40NGCT.fastq.gz	background	344143	13.7 Mbp	13700000	0	40	52	PASS	PASS	PASS	PASS	FAIL	PASS	PASS	PASS	PASS	PASS	PASS
PRDM4_eDBD_3_KT_TGTACA40NGTA	/scratch/project_2013895/SELEX/data/Yin2017/submitted_ftp/PRDM4_eDBD_3_KT_TGTACA40NGTA.fastq.gz	background	257347	10.2 Mbp	10200000	0	40	54	PASS	PASS	FAIL	PASS	FAIL	PASS	PASS	PASS	PASS	PASS	PASS
XPA_FL_3_KX_TCACGC40NACT	/scratch/project_2013895/SELEX/data/Yin2017/submitted_ftp/XPA_FL_3_KX_TCACGC40NACT.fastq.gz	background	501645	20 Mbp	20000000	0	40	56	PASS	PASS	PASS	PASS	FAIL	PASS	PASS	PASS	PASS	PASS	PASS
LIN28B_FL_3_KV_TTTGAC40NGGT	/scratch/project_2013895/SELEX/data/Yin2017/submitted_ftp/LIN28B_FL_3_KV_TTTGAC40NGGT.fastq.gz	background	386815	15.4 Mbp	15400000	0	40	52	PASS	PASS	PASS	PASS	WARN	PASS	PASS	PASS	PASS	PASS	PASS
SCRT1_eDBD_1_KP_TTCGGC40NAGC	/scratch/project_2013895/SELEX/data/Yin2017/submitted_ftp/SCRT1_eDBD_1_KP_TTCGGC40NAGC.fastq.gz	background	275350	11 Mbp	11000000	0	40	51	PASS	PASS	PASS	PASS	WARN	PASS	PASS	PASS	PASS	PASS	PASS
SCRT2_eDBD_1_KP_TCAGAA40NAGG	/scratch/project_2013895/SELEX/data/Yin2017/submitted_ftp/SCRT2_eDBD_1_KP_TCAGAA40NAGG.fastq.gz	background	300236	12 Mbp	12000000	0	40	54	PASS	PASS	PASS	PASS	WARN	PASS	PASS	PASS	PASS	PASS	PASS
SNAI1_eDBD_2_KT_TAGCGC40NCGC	/scratch/project_2013895/SELEX/data/Yin2017/submitted_ftp/SNAI1_eDBD_2_KT_TAGCGC40NCGC.fastq.gz	background	313839	12.5 Mbp	12500000	0	40	52	PASS	PASS	PASS	PASS	FAIL	PASS	PASS	PASS	PASS	PASS	PASS
SNAI1_FL_2_KV_TTGTGG40NCGG	/scratch/project_2013895/SELEX/data/Yin2017/submitted_ftp/SNAI1_FL_2_KV_TTGTGG40NCGG.fastq.gz	background	379296	15.1 Mbp	15100000	0	40	52	PASS	PASS	PASS	PASS	WARN	PASS	PASS	PASS	PASS	PASS	PASS
SNAI2_eDBD_2_KR_TTAACA40NTGT	/scratch/project_2013895/SELEX/data/Yin2017/submitted_ftp/SNAI2_eDBD_2_KR_TTAACA40NTGT.fastq.gz	background	351197	14 Mbp	14000000	0	40	55	PASS	PASS	PASS	PASS	FAIL	PASS	PASS	PASS	PASS	PASS	PASS
SNAI2_FL_2_KV_TACCTT40NCGA	/scratch/project_2013895/SELEX/data/Yin2017/submitted_ftp/SNAI2_FL_2_KV_TACCTT40NCGA.fastq.gz	background	430911	17.2 Mbp	17200000	0	40	55	PASS	PASS	PASS	PASS	FAIL	PASS	PASS	PASS	PASS	PASS	PASS
SNAI3_FL_2_KAE_TAGTAC40NTAG	/scratch/project_2013895/SELEX/data/Yin2017/submitted_ftp/SNAI3_FL_2_KAE_TAGTAC40NTAG.fastq.gz	background	174226	6.9 Mbp	6900000	0	40	53	PASS	PASS	PASS	PASS	WARN	PASS	PASS	PASS	PASS	PASS	PASS
ZNF385D_eDBD_2_KT_TAAAGT40NAGC	/scratch/project_2013895/SELEX/data/Yin2017/submitted_ftp/ZNF385D_eDBD_2_KT_TAAAGT40NAGC.fastq.gz	background	266754	10.6 Mbp	10600000	0	40	55	PASS	PASS	PASS	PASS	WARN	PASS	PASS	PASS	PASS	PASS	PASS
OVOL1_FL_2_KX_TGCTGG40NGCC	/scratch/project_2013895/SELEX/data/Yin2017/submitted_ftp/OVOL1_FL_2_KX_TGCTGG40NGCC.fastq.gz	background	206602	8.2 Mbp	8199999.999999999	0	40	51	PASS	PASS	WARN	PASS	FAIL	PASS	PASS	PASS	PASS	PASS	PASS
OVOL2_eDBD_1_KR_TGTGAT40NGCA	/scratch/project_2013895/SELEX/data/Yin2017/submitted_ftp/OVOL2_eDBD_1_KR_TGTGAT40NGCA.fastq.gz	background	548225	21.9 Mbp	21900000	0	40	53	PASS	PASS	PASS	PASS	FAIL	PASS	PASS	PASS	PASS	PASS	PASS
OVOL2_FL_1_KAE_TCTCAG40NAGA	/scratch/project_2013895/SELEX/data/Yin2017/submitted_ftp/OVOL2_FL_1_KAE_TCTCAG40NAGA.fastq.gz	background	203363	8.1 Mbp	8100000	0	40	51	PASS	PASS	FAIL	PASS	WARN	PASS	WARN	PASS	PASS	PASS	PASS
YY1_FL_3_KX_TTGGGC40NGGC	/scratch/project_2013895/SELEX/data/Yin2017/submitted_ftp/YY1_FL_3_KX_TTGGGC40NGGC.fastq.gz	background	239890	9.5 Mbp	9500000	0	40	54	PASS	PASS	PASS	PASS	WARN	PASS	PASS	PASS	PASS	PASS	PASS
YY2_FL_1_KV_TAGAGA40NCGC	/scratch/project_2013895/SELEX/data/Yin2017/submitted_ftp/YY2_FL_1_KV_TAGAGA40NCGC.fastq.gz	background	269790	10.7 Mbp	10700000	0	40	53	PASS	PASS	PASS	PASS	WARN	PASS	PASS	PASS	PASS	PASS	PASS
MTF1_eDBD_2_KP_TGCGCA40NCAA	/scratch/project_2013895/SELEX/data/Yin2017/submitted_ftp/MTF1_eDBD_2_KP_TGCGCA40NCAA.fastq.gz	background	221346	8.8 Mbp	8800000	0	40	52	PASS	PASS	FAIL	PASS	FAIL	PASS	PASS	PASS	PASS	PASS	PASS
ZNF454_eDBD_2_KN_TAGTTC40NATC	/scratch/project_2013895/SELEX/data/Yin2017/submitted_ftp/ZNF454_eDBD_2_KN_TAGTTC40NATC.fastq.gz	background	237264	9.4 Mbp	9400000	0	40	62	PASS	PASS	FAIL	PASS	FAIL	PASS	PASS	PASS	PASS	PASS	PASS
ZeroCycle_TGGGTT40NCGT_0_0	/scratch/project_2013895/SELEX/data/input_libraries/submitted_ftp/ZeroCycle_TGGGTT40NCGT_0_0.fastq.gz	background	107439	4.2 Mbp	4200000	0	40	56	PASS	PASS	FAIL	PASS	FAIL	PASS	PASS	PASS	PASS	PASS	PASS
ZNF75A_eDBD_1_KP_TCTTAT40NACA	/scratch/project_2013895/SELEX/data/Yin2017/submitted_ftp/ZNF75A_eDBD_1_KP_TCTTAT40NACA.fastq.gz	background	357742	14.3 Mbp	14300000	0	40	50	PASS	PASS	PASS	PASS	FAIL	PASS	PASS	PASS	PASS	PASS	PASS
ZNF75A_FL_3_KW_TAACTC40NGTC	/scratch/project_2013895/SELEX/data/Yin2017/submitted_ftp/ZNF75A_FL_3_KW_TAACTC40NGTC.fastq.gz	background	360791	14.4 Mbp	14400000	0	40	54	PASS	PASS	PASS	PASS	FAIL	PASS	PASS	PASS	PASS	PASS	PASS
ZNF713_eDBD_2_KP_TACGGT40NTAC	/scratch/project_2013895/SELEX/data/Yin2017/submitted_ftp/ZNF713_eDBD_2_KP_TACGGT40NTAC.fastq.gz	background	394479	15.7 Mbp	15700000	0	40	53	PASS	PASS	FAIL	PASS	WARN	PASS	PASS	PASS	PASS	PASS	PASS
ZNF282_eDBD_2_KR_TACCCT40NTTA	/scratch/project_2013895/SELEX/data/Yin2017/submitted_ftp/ZNF282_eDBD_2_KR_TACCCT40NTTA.fastq.gz	background	317293	12.6 Mbp	12600000	0	40	55	PASS	PASS	PASS	PASS	WARN	PASS	PASS	PASS	PASS	PASS	PASS
ZNF140_eDBD_2_KS_TGAGGT40NTCC	/scratch/project_2013895/SELEX/data/Yin2017/submitted_ftp/ZNF140_eDBD_2_KS_TGAGGT40NTCC.fastq.gz	background	120806	4.8 Mbp	4800000	0	40	53	PASS	PASS	WARN	PASS	WARN	PASS	PASS	PASS	PASS	PASS	PASS
ZFP1_eDBD_2_KT_TGAACT40NAAG	/scratch/project_2013895/SELEX/data/Yin2017/submitted_ftp/ZFP1_eDBD_2_KT_TGAACT40NAAG.fastq.gz	background	322453	12.8 Mbp	12800000	0	40	52	PASS	PASS	PASS	PASS	WARN	PASS	PASS	PASS	PASS	PASS	PASS
ZNF343_eDBD_3_KT_TGGCGT40NCCT	/scratch/project_2013895/SELEX/data/Yin2017/submitted_ftp/ZNF343_eDBD_3_KT_TGGCGT40NCCT.fastq.gz	background	366996	14.6 Mbp	14600000	0	40	56	PASS	PASS	FAIL	PASS	WARN	PASS	PASS	PASS	PASS	PASS	PASS
ZNF23_eDBD_2_KT_TGCTTT40NAGA	/scratch/project_2013895/SELEX/data/Yin2017/submitted_ftp/ZNF23_eDBD_2_KT_TGCTTT40NAGA.fastq.gz	background	318048	12.7 Mbp	12700000	0	40	52	PASS	PASS	PASS	PASS	WARN	PASS	PASS	PASS	PASS	PASS	PASS
ZNF12_eDBD_2_KT_TTCGGC40NAGC	/scratch/project_2013895/SELEX/data/Yin2017/submitted_ftp/ZNF12_eDBD_2_KT_TTCGGC40NAGC.fastq.gz	background	263918	10.5 Mbp	10500000	0	40	52	PASS	PASS	PASS	PASS	WARN	PASS	PASS	PASS	PASS	PASS	PASS
ZNF177_eDBD_2_KT_TCACAT40NATG	/scratch/project_2013895/SELEX/data/Yin2017/submitted_ftp/ZNF177_eDBD_2_KT_TCACAT40NATG.fastq.gz	background	309297	12.3 Mbp	12300000	0	40	53	PASS	PASS	PASS	PASS	WARN	PASS	PASS	PASS	PASS	PASS	PASS
ZNF597_FL_3_KW_TATTCA40NAGT	/scratch/project_2013895/SELEX/data/Yin2017/submitted_ftp/ZNF597_FL_3_KW_TATTCA40NAGT.fastq.gz	background	346242	13.8 Mbp	13800000	0	40	55	PASS	PASS	PASS	PASS	FAIL	PASS	PASS	PASS	PASS	PASS	PASS
ZNF684_FL_2_KAF_TACCGG40NAGT	/scratch/project_2013895/SELEX/data/Yin2017/submitted_ftp/ZNF684_FL_2_KAF_TACCGG40NAGT.fastq.gz	background	332230	13.2 Mbp	13200000	0	40	52	PASS	PASS	WARN	PASS	PASS	PASS	PASS	PASS	PASS	PASS	PASS
ZBTB14_eDBD_2_KP_TGCCAA40NTAG	/scratch/project_2013895/SELEX/data/Yin2017/submitted_ftp/ZBTB14_eDBD_2_KP_TGCCAA40NTAG.fastq.gz	background	546188	21.8 Mbp	21800000	0	40	51	PASS	PASS	FAIL	PASS	WARN	PASS	PASS	PASS	PASS	PASS	PASS
ZBTB14_FL_3_KAE_TGACTG40NATG	/scratch/project_2013895/SELEX/data/Yin2017/submitted_ftp/ZBTB14_FL_3_KAE_TGACTG40NATG.fastq.gz	background	164319	6.5 Mbp	6500000	0	40	52	PASS	PASS	PASS	PASS	WARN	PASS	PASS	PASS	WARN	WARN	PASS
ZBTB32_eDBD_3_KT_TACTAA40NATT	/scratch/project_2013895/SELEX/data/Yin2017/submitted_ftp/ZBTB32_eDBD_3_KT_TACTAA40NATT.fastq.gz	background	219389	8.7 Mbp	8700000	0	40	54	PASS	PASS	FAIL	PASS	FAIL	PASS	PASS	PASS	PASS	PASS	PASS
ZBTB12_eDBD_3_KV_TACTGG40NGGA	/scratch/project_2013895/SELEX/data/Yin2017/submitted_ftp/ZBTB12_eDBD_3_KV_TACTGG40NGGA.fastq.gz	background	241106	9.6 Mbp	9600000	0	40	55	PASS	PASS	PASS	PASS	FAIL	PASS	PASS	PASS	PASS	PASS	PASS
ZBTB43_eDBD_2_KR_TACGGT40NTAC	/scratch/project_2013895/SELEX/data/Yin2017/submitted_ftp/ZBTB43_eDBD_2_KR_TACGGT40NTAC.fastq.gz	background	363703	14.5 Mbp	14500000	0	40	54	PASS	PASS	PASS	PASS	WARN	PASS	PASS	PASS	PASS	PASS	PASS
ZBTB45_eDBD_1_KP_TACGGG40NCTT	/scratch/project_2013895/SELEX/data/Yin2017/submitted_ftp/ZBTB45_eDBD_1_KP_TACGGG40NCTT.fastq.gz	background	256237	10.2 Mbp	10200000	0	40	51	PASS	PASS	PASS	PASS	WARN	PASS	PASS	PASS	PASS	PASS	PASS
ZBTB22_eDBD_2_KP_TGCCTC40NCAA	/scratch/project_2013895/SELEX/data/Yin2017/submitted_ftp/ZBTB22_eDBD_2_KP_TGCCTC40NCAA.fastq.gz	background	416982	16.6 Mbp	16600000.000000002	0	40	53	PASS	PASS	FAIL	PASS	FAIL	PASS	PASS	PASS	PASS	PASS	PASS
ZBTB20_eDBD_1_KR_TTCGCC40NGAC	/scratch/project_2013895/SELEX/data/Yin2017/submitted_ftp/ZBTB20_eDBD_1_KR_TTCGCC40NGAC.fastq.gz	background	456208	18.2 Mbp	18200000	0	40	50	PASS	PASS	PASS	PASS	WARN	PASS	PASS	PASS	PASS	PASS	PASS
BCL6B_eDBD_1_KR_TGAAGC40NCTA	/scratch/project_2013895/SELEX/data/Yin2017/submitted_ftp/BCL6B_eDBD_1_KR_TGAAGC40NCTA.fastq.gz	background	304297	12.1 Mbp	12100000	0	40	54	PASS	PASS	PASS	PASS	WARN	PASS	PASS	PASS	PASS	PASS	PASS
BCL6_eDBD_1_KT_TTTAGG40NTCT	/scratch/project_2013895/SELEX/data/Yin2017/submitted_ftp/BCL6_eDBD_1_KT_TTTAGG40NTCT.fastq.gz	background	369519	14.7 Mbp	14700000	0	40	54	PASS	PASS	PASS	PASS	FAIL	PASS	PASS	PASS	PASS	PASS	PASS
ZBTB18_eDBD_1_KR_TGCAGC40NATT	/scratch/project_2013895/SELEX/data/Yin2017/submitted_ftp/ZBTB18_eDBD_1_KR_TGCAGC40NATT.fastq.gz	background	353994	14.1 Mbp	14100000	0	40	51	PASS	PASS	PASS	PASS	WARN	PASS	PASS	PASS	PASS	PASS	PASS
ZBTB37_eDBD_2_KR_TCGCGT40NCGG	/scratch/project_2013895/SELEX/data/Yin2017/submitted_ftp/ZBTB37_eDBD_2_KR_TCGCGT40NCGG.fastq.gz	background	341997	13.6 Mbp	13600000	0	40	52	PASS	PASS	PASS	PASS	WARN	PASS	PASS	PASS	PASS	PASS	PASS
HIC1_eDBD_2_KS_TAGAGA40NCGC	/scratch/project_2013895/SELEX/data/Yin2017/submitted_ftp/HIC1_eDBD_2_KS_TAGAGA40NCGC.fastq.gz	background	137035	5.4 Mbp	5400000	0	40	58	PASS	PASS	WARN	PASS	FAIL	PASS	PASS	PASS	PASS	PASS	PASS
ZBTB2_eDBD_3_KT_TTAAAT40NAAT	/scratch/project_2013895/SELEX/data/Yin2017/submitted_ftp/ZBTB2_eDBD_3_KT_TTAAAT40NAAT.fastq.gz	background	210358	8.4 Mbp	8400000	0	40	57	PASS	PASS	FAIL	PASS	FAIL	PASS	PASS	PASS	PASS	PASS	PASS
ZeroCycle_TCCAAA40NTCA_0_0	/scratch/project_2013895/SELEX/data/input_libraries/submitted_ftp/ZeroCycle_TCCAAA40NTCA_0_0.fastq.gz	background	267314	10.6 Mbp	10600000	0	40	52	PASS	PASS	FAIL	PASS	WARN	PASS	PASS	PASS	PASS	PASS	PASS
ZeroCycle_TACAGA40NAGAT_0_0	/scratch/project_2013895/SELEX/data/input_libraries/submitted_ftp/ZeroCycle_TACAGA40NAGAT_0_0.fastq.gz	background	392044	15.6 Mbp	15600000	0	40	47	PASS	PASS	WARN	PASS	WARN	PASS	PASS	PASS	PASS	PASS	PASS
ZeroCycle_TTAGAG40NCGG_0_0	/scratch/project_2013895/SELEX/data/input_libraries/submitted_ftp/ZeroCycle_TTAGAG40NCGG_0_0.fastq.gz	background	158412	6.3 Mbp	6300000	0	40	51	PASS	PASS	FAIL	PASS	WARN	PASS	PASS	PASS	PASS	PASS	PASS
ZeroCycle_TGAGAG40NTGTG_0_0	/scratch/project_2013895/SELEX/data/input_libraries/submitted_ftp/ZeroCycle_TGAGAG40NTGTG_0_0.fastq.gz	background	217856	8.7 Mbp	8700000	0	40	47	PASS	PASS	WARN	PASS	WARN	PASS	PASS	PASS	PASS	PASS	PASS
ZeroCycle_TCATTC40NATT_0_0	/scratch/project_2013895/SELEX/data/input_libraries/submitted_ftp/ZeroCycle_TCATTC40NATT_0_0.fastq.gz	background	282427	11.2 Mbp	11200000	0	40	55	PASS	PASS	FAIL	PASS	FAIL	PASS	PASS	PASS	PASS	PASS	PASS
ZeroCycle_TAGCAT40NAGG_0_0	/scratch/project_2013895/SELEX/data/input_libraries/submitted_ftp/ZeroCycle_TAGCAT40NAGG_0_0.fastq.gz	background	373208	14.9 Mbp	14900000	0	40	48	PASS	PASS	FAIL	PASS	PASS	PASS	PASS	PASS	PASS	PASS	PASS
ZeroCycle_TCACAA40NCGC_0_0	/scratch/project_2013895/SELEX/data/input_libraries/submitted_ftp/ZeroCycle_TCACAA40NCGC_0_0.fastq.gz	background	186026	7.4 Mbp	7400000	0	40	53	PASS	PASS	FAIL	PASS	WARN	PASS	PASS	PASS	PASS	PASS	PASS
ZeroCycle_TAACTA40NCTGT_0_0	/scratch/project_2013895/SELEX/data/input_libraries/submitted_ftp/ZeroCycle_TAACTA40NCTGT_0_0.fastq.gz	background	273128	10.9 Mbp	10900000	0	40	48	PASS	PASS	WARN	PASS	PASS	PASS	PASS	PASS	PASS	PASS	PASS
ZeroCycle_TTTCAA40NTGA_0_0	/scratch/project_2013895/SELEX/data/input_libraries/submitted_ftp/ZeroCycle_TTTCAA40NTGA_0_0.fastq.gz	background	184290	7.3 Mbp	7300000	0	40	54	PASS	PASS	FAIL	PASS	WARN	PASS	PASS	PASS	PASS	PASS	PASS
ZeroCycle_TTCGGG40NGAG_0_0	/scratch/project_2013895/SELEX/data/input_libraries/submitted_ftp/ZeroCycle_TTCGGG40NGAG_0_0.fastq.gz	background	76102	3 Mbp	3000000	0	40	53	PASS	PASS	FAIL	PASS	WARN	PASS	PASS	PASS	PASS	PASS	PASS
ZeroCycle_TCCATG40NCAC_0_0	/scratch/project_2013895/SELEX/data/input_libraries/submitted_ftp/ZeroCycle_TCCATG40NCAC_0_0.fastq.gz	background	578526	23.1 Mbp	23100000	0	40	49	PASS	PASS	FAIL	PASS	PASS	PASS	PASS	PASS	PASS	PASS	PASS
ZeroCycle_TCACTT40NTTG_0_0	/scratch/project_2013895/SELEX/data/input_libraries/submitted_ftp/ZeroCycle_TCACTT40NTTG_0_0.fastq.gz	background	198910	7.9 Mbp	7900000	0	40	56	PASS	PASS	FAIL	PASS	FAIL	PASS	PASS	PASS	PASS	PASS	PASS
ZeroCycle_TCTATT40NCAT_0_0	/scratch/project_2013895/SELEX/data/input_libraries/submitted_ftp/ZeroCycle_TCTATT40NCAT_0_0.fastq.gz	background	178817	7.1 Mbp	7100000	0	40	53	PASS	PASS	FAIL	PASS	WARN	PASS	PASS	PASS	PASS	PASS	PASS
ZeroCycle_TTGCGA40NTACG_0_0	/scratch/project_2013895/SELEX/data/input_libraries/submitted_ftp/ZeroCycle_TTGCGA40NTACG_0_0.fastq.gz	background	293383	11.7 Mbp	11700000	0	40	48	PASS	PASS	WARN	PASS	WARN	PASS	PASS	PASS	PASS	PASS	PASS
ZeroCycle_TTGGGT40NGGC_0_0	/scratch/project_2013895/SELEX/data/input_libraries/submitted_ftp/ZeroCycle_TTGGGT40NGGC_0_0.fastq.gz	background	143367	5.7 Mbp	5700000	0	40	52	PASS	PASS	FAIL	PASS	WARN	PASS	PASS	PASS	PASS	PASS	PASS
ZeroCycle_TTGGAC40NGTG_0_0	/scratch/project_2013895/SELEX/data/input_libraries/submitted_ftp/ZeroCycle_TTGGAC40NGTG_0_0.fastq.gz	background	282823	11.3 Mbp	11300000	0	40	48	PASS	PASS	FAIL	PASS	WARN	PASS	PASS	PASS	PASS	PASS	PASS
ZeroCycle_TTTATG40NTAA_0_0	/scratch/project_2013895/SELEX/data/input_libraries/submitted_ftp/ZeroCycle_TTTATG40NTAA_0_0.fastq.gz	background	262545	10.5 Mbp	10500000	0	40	51	PASS	PASS	FAIL	PASS	PASS	PASS	PASS	PASS	PASS	PASS	PASS
ZeroCycle_TGCAGG40NTCTA_0_0	/scratch/project_2013895/SELEX/data/input_libraries/submitted_ftp/ZeroCycle_TGCAGG40NTCTA_0_0.fastq.gz	background	295294	11.8 Mbp	11800000	0	40	45	PASS	PASS	WARN	PASS	PASS	PASS	PASS	PASS	PASS	PASS	PASS
ZeroCycle_TCCTGC40NTGCC_0_0	/scratch/project_2013895/SELEX/data/input_libraries/submitted_ftp/ZeroCycle_TCCTGC40NTGCC_0_0.fastq.gz	background	399436	15.9 Mbp	15900000	0	40	49	PASS	PASS	WARN	PASS	PASS	PASS	PASS	PASS	PASS	PASS	PASS
ZeroCycle_TACGAT40NCCG_0_0	/scratch/project_2013895/SELEX/data/input_libraries/submitted_ftp/ZeroCycle_TACGAT40NCCG_0_0.fastq.gz	background	181830	7.2 Mbp	7200000	0	40	53	PASS	PASS	FAIL	PASS	WARN	PASS	PASS	PASS	PASS	PASS	PASS
ZeroCycle_TAACAG40NGGC_0_0	/scratch/project_2013895/SELEX/data/input_libraries/submitted_ftp/ZeroCycle_TAACAG40NGGC_0_0.fastq.gz	background	284218	11.3 Mbp	11300000	0	40	49	PASS	PASS	FAIL	PASS	PASS	PASS	PASS	PASS	PASS	PASS	PASS
ZeroCycle_TCGGTG40NCAA_0_0	/scratch/project_2013895/SELEX/data/input_libraries/submitted_ftp/ZeroCycle_TCGGTG40NCAA_0_0.fastq.gz	background	123259	4.9 Mbp	4900000	0	40	51	PASS	PASS	FAIL	PASS	WARN	PASS	PASS	PASS	PASS	PASS	PASS
ZeroCycle_TCACTC40NCAG_0_0	/scratch/project_2013895/SELEX/data/input_libraries/submitted_ftp/ZeroCycle_TCACTC40NCAG_0_0.fastq.gz	background	152330	6 Mbp	6000000	0	40	53	PASS	PASS	FAIL	PASS	WARN	PASS	PASS	PASS	PASS	PASS	PASS
ZeroCycle_TCGACG40NTAA_0_0	/scratch/project_2013895/SELEX/data/input_libraries/submitted_ftp/ZeroCycle_TCGACG40NTAA_0_0.fastq.gz	background	292480	11.6 Mbp	11600000	0	40	48	PASS	PASS	FAIL	PASS	WARN	PASS	PASS	PASS	PASS	PASS	PASS
ZeroCycle_TAGTCA40NTCT_0_0	/scratch/project_2013895/SELEX/data/input_libraries/submitted_ftp/ZeroCycle_TAGTCA40NTCT_0_0.fastq.gz	background	226535	9 Mbp	9000000	0	40	52	PASS	PASS	FAIL	PASS	WARN	PASS	PASS	PASS	PASS	PASS	PASS
ZeroCycle_TCCTCT40NGTC_0_0	/scratch/project_2013895/SELEX/data/input_libraries/submitted_ftp/ZeroCycle_TCCTCT40NGTC_0_0.fastq.gz	background	247344	9.8 Mbp	9800000	0	40	48	PASS	PASS	FAIL	PASS	WARN	PASS	PASS	PASS	PASS	PASS	PASS
ZeroCycle_TTTGTA40NTCC_0_0	/scratch/project_2013895/SELEX/data/input_libraries/submitted_ftp/ZeroCycle_TTTGTA40NTCC_0_0.fastq.gz	background	169761	6.7 Mbp	6700000	0	40	45	PASS	PASS	FAIL	PASS	FAIL	PASS	PASS	PASS	PASS	PASS	PASS
ZeroCycle_TCTGAA40NCAT_0_0	/scratch/project_2013895/SELEX/data/input_libraries/submitted_ftp/ZeroCycle_TCTGAA40NCAT_0_0.fastq.gz	background	246498	9.8 Mbp	9800000	0	40	48	PASS	PASS	FAIL	PASS	WARN	PASS	PASS	PASS	PASS	PASS	PASS
ZeroCycle_TAACTG40NCGCG_0_0	/scratch/project_2013895/SELEX/data/input_libraries/submitted_ftp/ZeroCycle_TAACTG40NCGCG_0_0.fastq.gz	background	373314	14.9 Mbp	14900000	0	40	45	PASS	PASS	WARN	PASS	PASS	PASS	PASS	PASS	PASS	PASS	PASS
ZeroCycle_TAGGGT40NGTT_0_0	/scratch/project_2013895/SELEX/data/input_libraries/submitted_ftp/ZeroCycle_TAGGGT40NGTT_0_0.fastq.gz	background	134676	5.3 Mbp	5300000	0	40	52	PASS	PASS	FAIL	PASS	WARN	PASS	PASS	PASS	PASS	PASS	PASS
ZeroCycle_TCCGCT40NGCG_0_0	/scratch/project_2013895/SELEX/data/input_libraries/submitted_ftp/ZeroCycle_TCCGCT40NGCG_0_0.fastq.gz	background	267567	10.7 Mbp	10700000	0	40	50	PASS	PASS	FAIL	PASS	FAIL	PASS	PASS	PASS	PASS	PASS	PASS
ZeroCycle_TCTCAC40NCTG_0_0	/scratch/project_2013895/SELEX/data/input_libraries/submitted_ftp/ZeroCycle_TCTCAC40NCTG_0_0.fastq.gz	background	191527	7.6 Mbp	7600000	0	40	52	PASS	PASS	FAIL	PASS	WARN	PASS	PASS	PASS	PASS	PASS	PASS
ZeroCycle_TCCAGA40NCTCC_0_0	/scratch/project_2013895/SELEX/data/input_libraries/submitted_ftp/ZeroCycle_TCCAGA40NCTCC_0_0.fastq.gz	background	333354	13.3 Mbp	13300000	0	40	48	PASS	PASS	WARN	PASS	WARN	PASS	PASS	PASS	PASS	PASS	PASS
ZeroCycle_TAGAGC40NTAG_0_0	/scratch/project_2013895/SELEX/data/input_libraries/submitted_ftp/ZeroCycle_TAGAGC40NTAG_0_0.fastq.gz	background	122614	4.9 Mbp	4900000	0	40	51	PASS	PASS	FAIL	PASS	PASS	PASS	PASS	PASS	PASS	PASS	PASS
ZeroCycle_TCATAG40NGGT_0_0	/scratch/project_2013895/SELEX/data/input_libraries/submitted_ftp/ZeroCycle_TCATAG40NGGT_0_0.fastq.gz	background	345071	13.8 Mbp	13800000	0	40	49	PASS	PASS	FAIL	PASS	PASS	PASS	PASS	PASS	PASS	PASS	PASS
ZeroCycle_TACCAA40NTTA_0_0	/scratch/project_2013895/SELEX/data/input_libraries/submitted_ftp/ZeroCycle_TACCAA40NTTA_0_0.fastq.gz	background	83421	3.3 Mbp	3300000	0	40	51	PASS	PASS	FAIL	PASS	WARN	PASS	PASS	PASS	PASS	PASS	PASS
ZeroCycle_TATTCA40NTCAG_0_0	/scratch/project_2013895/SELEX/data/input_libraries/submitted_ftp/ZeroCycle_TATTCA40NTCAG_0_0.fastq.gz	background	222457	8.8 Mbp	8800000	0	40	48	PASS	PASS	WARN	PASS	PASS	PASS	PASS	PASS	PASS	PASS	PASS
ZeroCycle_TTACTA40NCTGA_0_0	/scratch/project_2013895/SELEX/data/input_libraries/submitted_ftp/ZeroCycle_TTACTA40NCTGA_0_0.fastq.gz	background	339111	13.5 Mbp	13500000	0	40	48	PASS	PASS	WARN	PASS	WARN	PASS	PASS	PASS	PASS	PASS	PASS
ZeroCycle_TGTATA40NGGT_0_0	/scratch/project_2013895/SELEX/data/input_libraries/submitted_ftp/ZeroCycle_TGTATA40NGGT_0_0.fastq.gz	background	247222	9.8 Mbp	9800000	0	40	54	PASS	PASS	FAIL	PASS	WARN	PASS	PASS	PASS	PASS	PASS	PASS
ZeroCycle_TTGACT40NAGT_0_0	/scratch/project_2013895/SELEX/data/input_libraries/submitted_ftp/ZeroCycle_TTGACT40NAGT_0_0.fastq.gz	background	364478	14.5 Mbp	14500000	0	40	49	PASS	PASS	FAIL	PASS	PASS	PASS	PASS	PASS	PASS	PASS	PASS
ZeroCycle_TCTATA40NCCTA_0_0	/scratch/project_2013895/SELEX/data/input_libraries/submitted_ftp/ZeroCycle_TCTATA40NCCTA_0_0.fastq.gz	background	167352	6.6 Mbp	6600000	0	40	48	PASS	PASS	WARN	PASS	PASS	PASS	PASS	PASS	PASS	PASS	PASS
ZeroCycle_TCGTCA40NCTA_0_0	/scratch/project_2013895/SELEX/data/input_libraries/submitted_ftp/ZeroCycle_TCGTCA40NCTA_0_0.fastq.gz	background	287466	11.4 Mbp	11400000	0	40	53	PASS	PASS	FAIL	PASS	WARN	PASS	PASS	PASS	PASS	PASS	PASS
ZeroCycle_TGGGTC40NGACT_0_0	/scratch/project_2013895/SELEX/data/input_libraries/submitted_ftp/ZeroCycle_TGGGTC40NGACT_0_0.fastq.gz	background	262182	10.4 Mbp	10400000	0	40	47	PASS	PASS	WARN	PASS	PASS	PASS	PASS	PASS	PASS	PASS	PASS
ZeroCycle_TCAAGA40NCGC_0_0	/scratch/project_2013895/SELEX/data/input_libraries/submitted_ftp/ZeroCycle_TCAAGA40NCGC_0_0.fastq.gz	background	246620	9.8 Mbp	9800000	0	40	54	PASS	PASS	FAIL	PASS	FAIL	PASS	PASS	PASS	PASS	PASS	PASS
ZeroCycle_TCTCAT40NTGT_0_0	/scratch/project_2013895/SELEX/data/input_libraries/submitted_ftp/ZeroCycle_TCTCAT40NTGT_0_0.fastq.gz	background	148637	5.9 Mbp	5900000	0	40	55	PASS	PASS	FAIL	PASS	FAIL	PASS	PASS	PASS	PASS	PASS	PASS
ZeroCycle_TGTCTC40NAACT_0_0	/scratch/project_2013895/SELEX/data/input_libraries/submitted_ftp/ZeroCycle_TGTCTC40NAACT_0_0.fastq.gz	background	205987	8.2 Mbp	8199999.999999999	0	40	50	PASS	PASS	WARN	PASS	WARN	PASS	PASS	PASS	PASS	PASS	PASS
ZeroCycle_TACATC40NATA_0_0	/scratch/project_2013895/SELEX/data/input_libraries/submitted_ftp/ZeroCycle_TACATC40NATA_0_0.fastq.gz	background	146005	5.8 Mbp	5800000	0	40	54	PASS	PASS	FAIL	PASS	FAIL	PASS	PASS	PASS	PASS	PASS	PASS
ZeroCycle_TGTAGT40NGAT_0_0	/scratch/project_2013895/SELEX/data/input_libraries/submitted_ftp/ZeroCycle_TGTAGT40NGAT_0_0.fastq.gz	background	617557	24.7 Mbp	24700000	0	40	49	PASS	PASS	FAIL	PASS	PASS	PASS	PASS	PASS	PASS	PASS	PASS
ZeroCycle_TAGCGG40NCTG_0_0	/scratch/project_2013895/SELEX/data/input_libraries/submitted_ftp/ZeroCycle_TAGCGG40NCTG_0_0.fastq.gz	background	156805	6.2 Mbp	6200000	0	40	53	PASS	PASS	FAIL	PASS	WARN	PASS	PASS	PASS	PASS	PASS	PASS
ZeroCycle_TCAAAT40NCTG_0_0	/scratch/project_2013895/SELEX/data/input_libraries/submitted_ftp/ZeroCycle_TCAAAT40NCTG_0_0.fastq.gz	background	139191	5.5 Mbp	5500000	0	40	55	PASS	PASS	FAIL	PASS	FAIL	PASS	PASS	PASS	PASS	PASS	PASS
ZeroCycle_TGCTAA40NAACA_0_0	/scratch/project_2013895/SELEX/data/input_libraries/submitted_ftp/ZeroCycle_TGCTAA40NAACA_0_0.fastq.gz	background	377877	15.1 Mbp	15100000	0	40	47	PASS	PASS	WARN	PASS	WARN	PASS	PASS	PASS	PASS	PASS	PASS
ZeroCycle_TAGGTC40NATTT_0_0	/scratch/project_2013895/SELEX/data/input_libraries/submitted_ftp/ZeroCycle_TAGGTC40NATTT_0_0.fastq.gz	background	254078	10.1 Mbp	10100000	0	40	49	PASS	PASS	FAIL	PASS	WARN	PASS	PASS	PASS	PASS	PASS	PASS
ZeroCycle_TTCATT40NTAT_0_0	/scratch/project_2013895/SELEX/data/input_libraries/submitted_ftp/ZeroCycle_TTCATT40NTAT_0_0.fastq.gz	background	178848	7.1 Mbp	7100000	0	40	56	PASS	PASS	FAIL	PASS	FAIL	PASS	PASS	PASS	PASS	PASS	PASS
ZeroCycle_TTACAA40NGGAG_0_0	/scratch/project_2013895/SELEX/data/input_libraries/submitted_ftp/ZeroCycle_TTACAA40NGGAG_0_0.fastq.gz	background	351040	14 Mbp	14000000	0	40	43	PASS	PASS	WARN	PASS	PASS	PASS	PASS	PASS	PASS	PASS	PASS
ZeroCycle_TTATGG40NCCA_0_0	/scratch/project_2013895/SELEX/data/input_libraries/submitted_ftp/ZeroCycle_TTATGG40NCCA_0_0.fastq.gz	background	209418	8.3 Mbp	8300000.000000001	0	40	50	PASS	PASS	FAIL	PASS	WARN	PASS	PASS	PASS	PASS	PASS	PASS
ZeroCycle_TTCTCC40NAGA_0_0	/scratch/project_2013895/SELEX/data/input_libraries/submitted_ftp/ZeroCycle_TTCTCC40NAGA_0_0.fastq.gz	background	267062	10.6 Mbp	10600000	0	40	52	PASS	PASS	FAIL	PASS	WARN	PASS	PASS	PASS	PASS	PASS	PASS
ZeroCycle_TCTAGA40NCGA_0_0	/scratch/project_2013895/SELEX/data/input_libraries/submitted_ftp/ZeroCycle_TCTAGA40NCGA_0_0.fastq.gz	background	124564	4.9 Mbp	4900000	0	40	56	PASS	PASS	FAIL	PASS	FAIL	PASS	PASS	PASS	PASS	PASS	PASS
ZeroCycle_TAGCCC40NCATA_0_0	/scratch/project_2013895/SELEX/data/input_libraries/submitted_ftp/ZeroCycle_TAGCCC40NCATA_0_0.fastq.gz	background	225977	9 Mbp	9000000	0	40	48	PASS	PASS	WARN	PASS	PASS	PASS	PASS	PASS	PASS	PASS	PASS
ZeroCycle_TGACCG40NTGCT_0_0	/scratch/project_2013895/SELEX/data/input_libraries/submitted_ftp/ZeroCycle_TGACCG40NTGCT_0_0.fastq.gz	background	202883	8.1 Mbp	8100000	0	40	49	PASS	PASS	WARN	PASS	WARN	PASS	PASS	PASS	PASS	PASS	PASS
ZeroCycle_TACTCT40NAAC_0_0	/scratch/project_2013895/SELEX/data/input_libraries/submitted_ftp/ZeroCycle_TACTCT40NAAC_0_0.fastq.gz	background	144714	5.7 Mbp	5700000	0	40	55	PASS	PASS	FAIL	PASS	FAIL	PASS	PASS	PASS	PASS	PASS	PASS
ZeroCycle_TCCTTG40NTGGC_0_0	/scratch/project_2013895/SELEX/data/input_libraries/submitted_ftp/ZeroCycle_TCCTTG40NTGGC_0_0.fastq.gz	background	321115	12.8 Mbp	12800000	0	40	47	PASS	PASS	WARN	PASS	WARN	PASS	PASS	PASS	PASS	PASS	PASS
ZeroCycle_TGGTAT40NTGA_0_0	/scratch/project_2013895/SELEX/data/input_libraries/submitted_ftp/ZeroCycle_TGGTAT40NTGA_0_0.fastq.gz	background	293189	11.7 Mbp	11700000	0	40	54	PASS	PASS	FAIL	PASS	WARN	PASS	PASS	PASS	PASS	PASS	PASS
ZeroCycle_TATTTC40NTGTG_0_0	/scratch/project_2013895/SELEX/data/input_libraries/submitted_ftp/ZeroCycle_TATTTC40NTGTG_0_0.fastq.gz	background	171406	6.8 Mbp	6800000	0	40	49	PASS	PASS	WARN	PASS	WARN	PASS	PASS	PASS	PASS	PASS	PASS
ZeroCycle_TTACTT40NGTAT_0_0	/scratch/project_2013895/SELEX/data/input_libraries/submitted_ftp/ZeroCycle_TTACTT40NGTAT_0_0.fastq.gz	background	278590	11.1 Mbp	11100000	0	40	45	PASS	PASS	WARN	PASS	PASS	PASS	PASS	PASS	PASS	PASS	PASS
ZeroCycle_TTGAAT40NTAC_0_0	/scratch/project_2013895/SELEX/data/input_libraries/submitted_ftp/ZeroCycle_TTGAAT40NTAC_0_0.fastq.gz	background	177455	7 Mbp	7000000	0	40	56	PASS	PASS	FAIL	PASS	FAIL	PASS	PASS	PASS	PASS	PASS	PASS
ZeroCycle_TTTAGA40NGGC_0_0	/scratch/project_2013895/SELEX/data/input_libraries/submitted_ftp/ZeroCycle_TTTAGA40NGGC_0_0.fastq.gz	background	338642	13.5 Mbp	13500000	0	40	47	PASS	PASS	FAIL	PASS	PASS	PASS	PASS	PASS	PASS	PASS	PASS
ZeroCycle_TAGAAA40NCAG_0_0	/scratch/project_2013895/SELEX/data/input_libraries/submitted_ftp/ZeroCycle_TAGAAA40NCAG_0_0.fastq.gz	background	161500	6.4 Mbp	6400000	0	40	52	PASS	PASS	FAIL	PASS	WARN	PASS	PASS	PASS	PASS	PASS	PASS
ZeroCycle_TAGGAC40NCGGT_0_0	/scratch/project_2013895/SELEX/data/input_libraries/submitted_ftp/ZeroCycle_TAGGAC40NCGGT_0_0.fastq.gz	background	241419	9.6 Mbp	9600000	0	40	47	PASS	PASS	WARN	PASS	PASS	PASS	PASS	PASS	PASS	PASS	PASS
ZeroCycle_TGAATG40NTAG_0_0	/scratch/project_2013895/SELEX/data/input_libraries/submitted_ftp/ZeroCycle_TGAATG40NTAG_0_0.fastq.gz	background	159539	6.3 Mbp	6300000	0	40	54	PASS	PASS	FAIL	PASS	FAIL	PASS	PASS	PASS	PASS	PASS	PASS
ZeroCycle_TCCCGG40NTAC_0_0	/scratch/project_2013895/SELEX/data/input_libraries/submitted_ftp/ZeroCycle_TCCCGG40NTAC_0_0.fastq.gz	background	262699	10.5 Mbp	10500000	0	40	52	PASS	PASS	FAIL	PASS	PASS	PASS	PASS	PASS	PASS	PASS	PASS
ZeroCycle_TTGAAC40NGCT_0_0	/scratch/project_2013895/SELEX/data/input_libraries/submitted_ftp/ZeroCycle_TTGAAC40NGCT_0_0.fastq.gz	background	291798	11.6 Mbp	11600000	0	40	53	PASS	PASS	FAIL	PASS	WARN	PASS	PASS	PASS	PASS	PASS	PASS
ZeroCycle_TTCGTC40NTGCG_0_0	/scratch/project_2013895/SELEX/data/input_libraries/submitted_ftp/ZeroCycle_TTCGTC40NTGCG_0_0.fastq.gz	background	324044	12.9 Mbp	12900000	0	40	48	PASS	PASS	WARN	PASS	PASS	PASS	PASS	PASS	PASS	PASS	PASS
ZeroCycle_TAGCAA40NCGA_0_0	/scratch/project_2013895/SELEX/data/input_libraries/submitted_ftp/ZeroCycle_TAGCAA40NCGA_0_0.fastq.gz	background	181852	7.2 Mbp	7200000	0	40	54	PASS	PASS	FAIL	PASS	WARN	PASS	PASS	PASS	PASS	PASS	PASS
ZeroCycle_TGGACT40NAACT_0_0	/scratch/project_2013895/SELEX/data/input_libraries/submitted_ftp/ZeroCycle_TGGACT40NAACT_0_0.fastq.gz	background	344468	13.7 Mbp	13700000	0	40	47	PASS	PASS	WARN	PASS	PASS	PASS	PASS	PASS	PASS	PASS	PASS
ZeroCycle_TCCGAC40NAAC_0_0	/scratch/project_2013895/SELEX/data/input_libraries/submitted_ftp/ZeroCycle_TCCGAC40NAAC_0_0.fastq.gz	background	325143	13 Mbp	13000000	0	40	49	PASS	PASS	FAIL	PASS	FAIL	PASS	PASS	PASS	PASS	PASS	PASS
ZeroCycle_TCCGCG40NGTTC_0_0	/scratch/project_2013895/SELEX/data/input_libraries/submitted_ftp/ZeroCycle_TCCGCG40NGTTC_0_0.fastq.gz	background	348378	13.9 Mbp	13900000	0	40	45	PASS	PASS	WARN	PASS	WARN	PASS	PASS	PASS	PASS	PASS	PASS
ZeroCycle_TCAGCC40NTTC_0_0	/scratch/project_2013895/SELEX/data/input_libraries/submitted_ftp/ZeroCycle_TCAGCC40NTTC_0_0.fastq.gz	background	226919	9 Mbp	9000000	0	40	56	PASS	PASS	FAIL	PASS	FAIL	PASS	PASS	PASS	PASS	PASS	PASS
ZeroCycle_TCATGA40NCCTG_0_0	/scratch/project_2013895/SELEX/data/input_libraries/submitted_ftp/ZeroCycle_TCATGA40NCCTG_0_0.fastq.gz	background	269321	10.7 Mbp	10700000	0	40	48	PASS	PASS	WARN	PASS	WARN	PASS	PASS	PASS	PASS	PASS	PASS
ZeroCycle_TTCGCC40NGAC_0_0	/scratch/project_2013895/SELEX/data/input_libraries/submitted_ftp/ZeroCycle_TTCGCC40NGAC_0_0.fastq.gz	background	149864	5.9 Mbp	5900000	0	40	54	PASS	PASS	FAIL	PASS	WARN	PASS	PASS	PASS	PASS	PASS	PASS
ZeroCycle_TGAATT40NTAA_0_0	/scratch/project_2013895/SELEX/data/input_libraries/submitted_ftp/ZeroCycle_TGAATT40NTAA_0_0.fastq.gz	background	108869	4.3 Mbp	4300000	0	40	43	PASS	PASS	FAIL	PASS	FAIL	PASS	PASS	PASS	PASS	PASS	PASS
ZeroCycle_TCGCTT40NTCT_0_0	/scratch/project_2013895/SELEX/data/input_libraries/submitted_ftp/ZeroCycle_TCGCTT40NTCT_0_0.fastq.gz	background	165674	6.6 Mbp	6600000	0	40	52	PASS	PASS	FAIL	PASS	WARN	PASS	PASS	PASS	PASS	PASS	PASS
ZeroCycle_TCCTGT40NGGC_0_0	/scratch/project_2013895/SELEX/data/input_libraries/submitted_ftp/ZeroCycle_TCCTGT40NGGC_0_0.fastq.gz	background	347417	13.8 Mbp	13800000	0	40	47	PASS	PASS	FAIL	PASS	WARN	PASS	PASS	PASS	PASS	PASS	PASS
ZeroCycle_TCGTAT40NTTA_0_0	/scratch/project_2013895/SELEX/data/input_libraries/submitted_ftp/ZeroCycle_TCGTAT40NTTA_0_0.fastq.gz	background	238849	9.5 Mbp	9500000	0	40	48	PASS	PASS	FAIL	PASS	PASS	PASS	PASS	PASS	PASS	PASS	PASS
ZeroCycle_TTAGCG40NAGA_0_0	/scratch/project_2013895/SELEX/data/input_libraries/submitted_ftp/ZeroCycle_TTAGCG40NAGA_0_0.fastq.gz	background	133746	5.3 Mbp	5300000	0	40	53	PASS	PASS	FAIL	PASS	FAIL	PASS	PASS	PASS	PASS	PASS	PASS
ZeroCycle_TGACGG40NCTC_0_0	/scratch/project_2013895/SELEX/data/input_libraries/submitted_ftp/ZeroCycle_TGACGG40NCTC_0_0.fastq.gz	background	245567	9.8 Mbp	9800000	0	40	53	PASS	PASS	FAIL	PASS	PASS	PASS	PASS	PASS	PASS	PASS	PASS
ZeroCycle_TCCTTC40NCGAT_0_0	/scratch/project_2013895/SELEX/data/input_libraries/submitted_ftp/ZeroCycle_TCCTTC40NCGAT_0_0.fastq.gz	background	422913	16.9 Mbp	16900000	0	40	48	PASS	PASS	WARN	PASS	PASS	PASS	PASS	PASS	PASS	PASS	PASS
ZeroCycle_TTAAAT40NAAT_0_0	/scratch/project_2013895/SELEX/data/input_libraries/submitted_ftp/ZeroCycle_TTAAAT40NAAT_0_0.fastq.gz	background	180534	7.2 Mbp	7200000	0	40	54	PASS	PASS	FAIL	PASS	WARN	PASS	PASS	PASS	PASS	PASS	PASS
ZeroCycle_TAAATC40NGTT_0_0	/scratch/project_2013895/SELEX/data/input_libraries/submitted_ftp/ZeroCycle_TAAATC40NGTT_0_0.fastq.gz	background	242520	9.7 Mbp	9700000	0	40	49	PASS	PASS	FAIL	PASS	WARN	PASS	PASS	PASS	PASS	PASS	PASS
ZeroCycle_TGACTG40NATG_0_0	/scratch/project_2013895/SELEX/data/input_libraries/submitted_ftp/ZeroCycle_TGACTG40NATG_0_0.fastq.gz	background	77315	3 Mbp	3000000	0	40	53	PASS	PASS	FAIL	PASS	WARN	PASS	PASS	PASS	PASS	PASS	PASS
ZeroCycle_TTGTGA40NGGC_0_0	/scratch/project_2013895/SELEX/data/input_libraries/submitted_ftp/ZeroCycle_TTGTGA40NGGC_0_0.fastq.gz	background	41547	1.6 Mbp	1600000	0	40	52	PASS	PASS	FAIL	PASS	WARN	PASS	PASS	PASS	PASS	PASS	PASS
ZeroCycle_TAGGTC40NACG_0_0	/scratch/project_2013895/SELEX/data/input_libraries/submitted_ftp/ZeroCycle_TAGGTC40NACG_0_0.fastq.gz	background	69199	2.7 Mbp	2700000	0	40	52	PASS	PASS	FAIL	PASS	FAIL	PASS	PASS	PASS	PASS	PASS	PASS
ZeroCycle_TCACCA40NATG_0_0	/scratch/project_2013895/SELEX/data/input_libraries/submitted_ftp/ZeroCycle_TCACCA40NATG_0_0.fastq.gz	background	276777	11 Mbp	11000000	0	40	49	PASS	PASS	FAIL	PASS	PASS	PASS	PASS	PASS	PASS	PASS	PASS
ZeroCycle_TGCCGG40NCAG_0_0	/scratch/project_2013895/SELEX/data/input_libraries/submitted_ftp/ZeroCycle_TGCCGG40NCAG_0_0.fastq.gz	background	306670	12.2 Mbp	12200000	0	40	49	PASS	PASS	FAIL	PASS	WARN	PASS	PASS	PASS	PASS	PASS	PASS
ZeroCycle_TAAGGG40NACC_0_0	/scratch/project_2013895/SELEX/data/input_libraries/submitted_ftp/ZeroCycle_TAAGGG40NACC_0_0.fastq.gz	background	136615	5.4 Mbp	5400000	0	40	51	PASS	PASS	FAIL	PASS	WARN	PASS	PASS	PASS	PASS	PASS	PASS
ZeroCycle_TGACGT40NAGC_0_0	/scratch/project_2013895/SELEX/data/input_libraries/submitted_ftp/ZeroCycle_TGACGT40NAGC_0_0.fastq.gz	background	251175	10 Mbp	10000000	0	40	49	PASS	PASS	FAIL	PASS	WARN	PASS	PASS	PASS	PASS	PASS	PASS
ZeroCycle_TGCCTC40NCAA_0_0	/scratch/project_2013895/SELEX/data/input_libraries/submitted_ftp/ZeroCycle_TGCCTC40NCAA_0_0.fastq.gz	background	273779	10.9 Mbp	10900000	0	40	53	PASS	PASS	FAIL	PASS	WARN	PASS	PASS	PASS	PASS	PASS	PASS
ZeroCycle_TGTTTC40NTTA_0_0	/scratch/project_2013895/SELEX/data/input_libraries/submitted_ftp/ZeroCycle_TGTTTC40NTTA_0_0.fastq.gz	background	216657	8.6 Mbp	8600000	0	40	48	PASS	PASS	FAIL	PASS	WARN	PASS	PASS	PASS	PASS	PASS	PASS
ZeroCycle_TGATCA40NAGG_0_0	/scratch/project_2013895/SELEX/data/input_libraries/submitted_ftp/ZeroCycle_TGATCA40NAGG_0_0.fastq.gz	background	317870	12.7 Mbp	12700000	0	40	53	PASS	PASS	FAIL	PASS	WARN	PASS	PASS	PASS	PASS	PASS	PASS
ZeroCycle_TTATAA40NGTG_0_0	/scratch/project_2013895/SELEX/data/input_libraries/submitted_ftp/ZeroCycle_TTATAA40NGTG_0_0.fastq.gz	background	162655	6.5 Mbp	6500000	0	40	48	PASS	PASS	FAIL	PASS	PASS	PASS	PASS	PASS	PASS	PASS	PASS
ZeroCycle_TCGTAG40NACT_0_0	/scratch/project_2013895/SELEX/data/input_libraries/submitted_ftp/ZeroCycle_TCGTAG40NACT_0_0.fastq.gz	background	171254	6.8 Mbp	6800000	0	40	51	PASS	PASS	FAIL	PASS	FAIL	PASS	PASS	PASS	PASS	PASS	PASS
ZeroCycle_TTGAAC40NTAGC_0_0	/scratch/project_2013895/SELEX/data/input_libraries/submitted_ftp/ZeroCycle_TTGAAC40NTAGC_0_0.fastq.gz	background	352851	14.1 Mbp	14100000	0	40	44	PASS	PASS	WARN	PASS	PASS	PASS	PASS	PASS	PASS	PASS	PASS
ZeroCycle_TTTGCG40NGCT_0_0	/scratch/project_2013895/SELEX/data/input_libraries/submitted_ftp/ZeroCycle_TTTGCG40NGCT_0_0.fastq.gz	background	245563	9.8 Mbp	9800000	0	40	48	PASS	PASS	FAIL	PASS	WARN	PASS	PASS	PASS	PASS	PASS	PASS
ZeroCycle_TGTCTC40NTCA_0_0	/scratch/project_2013895/SELEX/data/input_libraries/submitted_ftp/ZeroCycle_TGTCTC40NTCA_0_0.fastq.gz	background	251301	10 Mbp	10000000	0	40	48	PASS	PASS	FAIL	PASS	WARN	PASS	PASS	PASS	PASS	PASS	PASS
ZeroCycle_TCCCAT40NTGT_0_0	/scratch/project_2013895/SELEX/data/input_libraries/submitted_ftp/ZeroCycle_TCCCAT40NTGT_0_0.fastq.gz	background	427601	17.1 Mbp	17100000	0	40	49	PASS	PASS	FAIL	PASS	WARN	PASS	PASS	PASS	PASS	PASS	PASS
ZeroCycle_TGAGTC40NAAC_0_0	/scratch/project_2013895/SELEX/data/input_libraries/submitted_ftp/ZeroCycle_TGAGTC40NAAC_0_0.fastq.gz	background	164563	6.5 Mbp	6500000	0	40	54	PASS	PASS	FAIL	PASS	FAIL	PASS	PASS	PASS	PASS	PASS	PASS
ZeroCycle_TCTTCG40NGAT_0_0	/scratch/project_2013895/SELEX/data/input_libraries/submitted_ftp/ZeroCycle_TCTTCG40NGAT_0_0.fastq.gz	background	263185	10.5 Mbp	10500000	0	40	48	PASS	PASS	FAIL	PASS	WARN	PASS	PASS	PASS	PASS	PASS	PASS
ZeroCycle_TGCGGA40NCGA_0_0	/scratch/project_2013895/SELEX/data/input_libraries/submitted_ftp/ZeroCycle_TGCGGA40NCGA_0_0.fastq.gz	background	203212	8.1 Mbp	8100000	0	40	51	PASS	PASS	FAIL	PASS	WARN	PASS	PASS	PASS	PASS	PASS	PASS
ZeroCycle_TATAAC40NCGG_0_0	/scratch/project_2013895/SELEX/data/input_libraries/submitted_ftp/ZeroCycle_TATAAC40NCGG_0_0.fastq.gz	background	84402	3.3 Mbp	3300000	0	40	53	PASS	PASS	FAIL	PASS	WARN	PASS	PASS	PASS	PASS	PASS	PASS
ZeroCycle_TTATGA40NCAG_0_0	/scratch/project_2013895/SELEX/data/input_libraries/submitted_ftp/ZeroCycle_TTATGA40NCAG_0_0.fastq.gz	background	203575	8.1 Mbp	8100000	0	40	50	PASS	PASS	FAIL	PASS	WARN	PASS	PASS	PASS	PASS	PASS	PASS
ZeroCycle_TTAGAC40NCAG_0_0	/scratch/project_2013895/SELEX/data/input_libraries/submitted_ftp/ZeroCycle_TTAGAC40NCAG_0_0.fastq.gz	background	189732	7.5 Mbp	7500000	0	40	52	PASS	PASS	FAIL	PASS	WARN	PASS	PASS	PASS	PASS	PASS	PASS
ZeroCycle_TCGCGA40NCATT_0_0	/scratch/project_2013895/SELEX/data/input_libraries/submitted_ftp/ZeroCycle_TCGCGA40NCATT_0_0.fastq.gz	background	298000	11.9 Mbp	11900000	0	40	47	PASS	PASS	WARN	PASS	PASS	PASS	PASS	PASS	PASS	PASS	PASS
ZeroCycle_TGACCA40NTCC_0_0	/scratch/project_2013895/SELEX/data/input_libraries/submitted_ftp/ZeroCycle_TGACCA40NTCC_0_0.fastq.gz	background	176039	7 Mbp	7000000	0	40	55	PASS	PASS	FAIL	PASS	FAIL	PASS	PASS	PASS	PASS	PASS	PASS
ZeroCycle_TTGTGA40NTCCC_0_0	/scratch/project_2013895/SELEX/data/input_libraries/submitted_ftp/ZeroCycle_TTGTGA40NTCCC_0_0.fastq.gz	background	215522	8.6 Mbp	8600000	0	40	50	PASS	PASS	WARN	PASS	WARN	PASS	PASS	PASS	PASS	PASS	PASS
ZeroCycle_TGAGAG40NCGC_0_0	/scratch/project_2013895/SELEX/data/input_libraries/submitted_ftp/ZeroCycle_TGAGAG40NCGC_0_0.fastq.gz	background	200034	8 Mbp	8000000	0	40	54	PASS	PASS	FAIL	PASS	FAIL	PASS	PASS	PASS	PASS	PASS	PASS
ZeroCycle_TCGTCT40NGGTG_0_0	/scratch/project_2013895/SELEX/data/input_libraries/submitted_ftp/ZeroCycle_TCGTCT40NGGTG_0_0.fastq.gz	background	186997	7.4 Mbp	7400000	0	40	50	PASS	PASS	FAIL	PASS	PASS	PASS	PASS	PASS	PASS	PASS	PASS
ZeroCycle_TTAGGA40NTCT_0_0	/scratch/project_2013895/SELEX/data/input_libraries/submitted_ftp/ZeroCycle_TTAGGA40NTCT_0_0.fastq.gz	background	403170	16.1 Mbp	16100000.000000002	0	40	52	PASS	PASS	FAIL	PASS	WARN	PASS	PASS	PASS	PASS	PASS	PASS
ZeroCycle_TTTGCT40NCGT_0_0	/scratch/project_2013895/SELEX/data/input_libraries/submitted_ftp/ZeroCycle_TTTGCT40NCGT_0_0.fastq.gz	background	192154	7.6 Mbp	7600000	0	40	49	PASS	PASS	FAIL	PASS	WARN	PASS	PASS	PASS	PASS	PASS	PASS
ZeroCycle_TACAGA40NCGGA_0_0	/scratch/project_2013895/SELEX/data/input_libraries/submitted_ftp/ZeroCycle_TACAGA40NCGGA_0_0.fastq.gz	background	283154	11.3 Mbp	11300000	0	40	45	PASS	PASS	WARN	PASS	PASS	PASS	PASS	PASS	PASS	PASS	PASS
ZeroCycle_TTTCTA40NCAT_0_0	/scratch/project_2013895/SELEX/data/input_libraries/submitted_ftp/ZeroCycle_TTTCTA40NCAT_0_0.fastq.gz	background	212622	8.5 Mbp	8500000	0	40	54	PASS	PASS	FAIL	PASS	FAIL	PASS	PASS	PASS	PASS	PASS	PASS
ZeroCycle_TATAGT40NATAA_0_0	/scratch/project_2013895/SELEX/data/input_libraries/submitted_ftp/ZeroCycle_TATAGT40NATAA_0_0.fastq.gz	background	430715	17.2 Mbp	17200000	0	40	46	PASS	PASS	WARN	PASS	PASS	PASS	PASS	PASS	PASS	PASS	PASS
ZeroCycle_TGCCAC40NGCC_0_0	/scratch/project_2013895/SELEX/data/input_libraries/submitted_ftp/ZeroCycle_TGCCAC40NGCC_0_0.fastq.gz	background	167643	6.7 Mbp	6700000	0	40	56	PASS	PASS	FAIL	PASS	FAIL	PASS	PASS	PASS	PASS	PASS	PASS
ZeroCycle_TCTCTC40NTTG_0_0	/scratch/project_2013895/SELEX/data/input_libraries/submitted_ftp/ZeroCycle_TCTCTC40NTTG_0_0.fastq.gz	background	135377	5.4 Mbp	5400000	0	40	54	PASS	PASS	FAIL	PASS	WARN	PASS	PASS	PASS	PASS	PASS	PASS
ZeroCycle_TCAAAG40NGAG_0_0	/scratch/project_2013895/SELEX/data/input_libraries/submitted_ftp/ZeroCycle_TCAAAG40NGAG_0_0.fastq.gz	background	237529	9.5 Mbp	9500000	0	40	50	PASS	PASS	FAIL	PASS	PASS	PASS	PASS	PASS	PASS	PASS	PASS
ZeroCycle_TCGCGT40NCGG_0_0	/scratch/project_2013895/SELEX/data/input_libraries/submitted_ftp/ZeroCycle_TCGCGT40NCGG_0_0.fastq.gz	background	97549	3.9 Mbp	3900000	0	40	49	PASS	PASS	FAIL	PASS	WARN	PASS	PASS	PASS	PASS	PASS	PASS
ZeroCycle_TTGTAG40NTCT_0_0	/scratch/project_2013895/SELEX/data/input_libraries/submitted_ftp/ZeroCycle_TTGTAG40NTCT_0_0.fastq.gz	background	299715	11.9 Mbp	11900000	0	40	53	PASS	PASS	FAIL	PASS	WARN	PASS	PASS	PASS	PASS	PASS	PASS
ZeroCycle_TCTCTA40NCGAT_0_0	/scratch/project_2013895/SELEX/data/input_libraries/submitted_ftp/ZeroCycle_TCTCTA40NCGAT_0_0.fastq.gz	background	283734	11.3 Mbp	11300000	0	40	49	PASS	PASS	WARN	PASS	WARN	PASS	PASS	PASS	PASS	PASS	PASS
ZeroCycle_TTTACT40NACA_0_0	/scratch/project_2013895/SELEX/data/input_libraries/submitted_ftp/ZeroCycle_TTTACT40NACA_0_0.fastq.gz	background	233340	9.3 Mbp	9300000	0	40	53	PASS	PASS	FAIL	PASS	WARN	PASS	PASS	PASS	PASS	PASS	PASS
ZeroCycle_TACTGG40NGGA_0_0	/scratch/project_2013895/SELEX/data/input_libraries/submitted_ftp/ZeroCycle_TACTGG40NGGA_0_0.fastq.gz	background	237224	9.4 Mbp	9400000	0	40	53	PASS	PASS	FAIL	PASS	WARN	PASS	PASS	PASS	PASS	PASS	PASS
ZeroCycle_TTTCTA40NCCAG_0_0	/scratch/project_2013895/SELEX/data/input_libraries/submitted_ftp/ZeroCycle_TTTCTA40NCCAG_0_0.fastq.gz	background	360630	14.4 Mbp	14400000	0	40	47	PASS	PASS	WARN	PASS	WARN	PASS	PASS	PASS	PASS	PASS	PASS
ZeroCycle_TGCGGT40NTCA_0_0	/scratch/project_2013895/SELEX/data/input_libraries/submitted_ftp/ZeroCycle_TGCGGT40NTCA_0_0.fastq.gz	background	295661	11.8 Mbp	11800000	0	40	56	PASS	PASS	FAIL	PASS	FAIL	PASS	PASS	PASS	PASS	PASS	PASS
ZeroCycle_TCACCC40NTGC_0_0	/scratch/project_2013895/SELEX/data/input_libraries/submitted_ftp/ZeroCycle_TCACCC40NTGC_0_0.fastq.gz	background	159858	6.3 Mbp	6300000	0	40	51	PASS	PASS	FAIL	PASS	WARN	PASS	PASS	PASS	PASS	PASS	PASS
ZeroCycle_TCGTGC40NACC_0_0	/scratch/project_2013895/SELEX/data/input_libraries/submitted_ftp/ZeroCycle_TCGTGC40NACC_0_0.fastq.gz	background	445370	17.8 Mbp	17800000	0	40	49	PASS	PASS	FAIL	PASS	PASS	PASS	PASS	PASS	PASS	PASS	PASS
ZeroCycle_TAGACT40NGTG_0_0	/scratch/project_2013895/SELEX/data/input_libraries/submitted_ftp/ZeroCycle_TAGACT40NGTG_0_0.fastq.gz	background	183224	7.3 Mbp	7300000	0	40	50	PASS	PASS	FAIL	PASS	WARN	PASS	PASS	PASS	PASS	PASS	PASS
ZeroCycle_TGCCCT40NTCG_0_0	/scratch/project_2013895/SELEX/data/input_libraries/submitted_ftp/ZeroCycle_TGCCCT40NTCG_0_0.fastq.gz	background	232944	9.3 Mbp	9300000	0	40	52	PASS	PASS	FAIL	PASS	WARN	PASS	PASS	PASS	PASS	PASS	PASS
ZeroCycle_TCTGAT40NCTA_0_0	/scratch/project_2013895/SELEX/data/input_libraries/submitted_ftp/ZeroCycle_TCTGAT40NCTA_0_0.fastq.gz	background	273045	10.9 Mbp	10900000	0	40	52	PASS	PASS	FAIL	PASS	WARN	PASS	PASS	PASS	PASS	PASS	PASS
ZeroCycle_TGAAAT40NCAA_0_0	/scratch/project_2013895/SELEX/data/input_libraries/submitted_ftp/ZeroCycle_TGAAAT40NCAA_0_0.fastq.gz	background	152019	6 Mbp	6000000	0	40	48	PASS	PASS	FAIL	PASS	WARN	PASS	PASS	PASS	PASS	PASS	PASS
ZeroCycle_TACGAC40NGCTA_0_0	/scratch/project_2013895/SELEX/data/input_libraries/submitted_ftp/ZeroCycle_TACGAC40NGCTA_0_0.fastq.gz	background	483426	19.3 Mbp	19300000	0	40	49	PASS	PASS	WARN	PASS	PASS	PASS	PASS	PASS	PASS	PASS	PASS
ZeroCycle_TCCCGC40NCGTA_0_0	/scratch/project_2013895/SELEX/data/input_libraries/submitted_ftp/ZeroCycle_TCCCGC40NCGTA_0_0.fastq.gz	background	353911	14.1 Mbp	14100000	0	40	48	PASS	PASS	WARN	PASS	WARN	PASS	PASS	PASS	PASS	PASS	PASS
ZeroCycle_TGCGAT40NGAT_0_0	/scratch/project_2013895/SELEX/data/input_libraries/submitted_ftp/ZeroCycle_TGCGAT40NGAT_0_0.fastq.gz	background	123789	4.9 Mbp	4900000	0	40	56	PASS	PASS	FAIL	PASS	FAIL	PASS	PASS	PASS	PASS	PASS	PASS
ZeroCycle_TAAGGC40NTGA_0_0	/scratch/project_2013895/SELEX/data/input_libraries/submitted_ftp/ZeroCycle_TAAGGC40NTGA_0_0.fastq.gz	background	150633	6 Mbp	6000000	0	40	50	PASS	PASS	FAIL	PASS	WARN	PASS	PASS	PASS	PASS	PASS	PASS
ZeroCycle_TAGCAC40NTTG_0_0	/scratch/project_2013895/SELEX/data/input_libraries/submitted_ftp/ZeroCycle_TAGCAC40NTTG_0_0.fastq.gz	background	333585	13.3 Mbp	13300000	0	40	50	PASS	PASS	FAIL	PASS	WARN	PASS	PASS	PASS	PASS	PASS	PASS
ZeroCycle_TCTTAA40NGCA_0_0	/scratch/project_2013895/SELEX/data/input_libraries/submitted_ftp/ZeroCycle_TCTTAA40NGCA_0_0.fastq.gz	background	135453	5.4 Mbp	5400000	0	40	52	PASS	PASS	FAIL	PASS	WARN	PASS	PASS	PASS	PASS	PASS	PASS
ZeroCycle_TATTCT40NCTC_0_0	/scratch/project_2013895/SELEX/data/input_libraries/submitted_ftp/ZeroCycle_TATTCT40NCTC_0_0.fastq.gz	background	259878	10.3 Mbp	10300000	0	40	48	PASS	PASS	FAIL	PASS	WARN	PASS	PASS	PASS	PASS	PASS	PASS
ZeroCycle_TGTATG40NCGG_0_0	/scratch/project_2013895/SELEX/data/input_libraries/submitted_ftp/ZeroCycle_TGTATG40NCGG_0_0.fastq.gz	background	156296	6.2 Mbp	6200000	0	40	56	PASS	PASS	FAIL	PASS	FAIL	PASS	PASS	PASS	PASS	PASS	PASS
ZeroCycle_TTGTTC40NTCTA_0_0	/scratch/project_2013895/SELEX/data/input_libraries/submitted_ftp/ZeroCycle_TTGTTC40NTCTA_0_0.fastq.gz	background	168058	6.7 Mbp	6700000	0	40	45	PASS	PASS	WARN	PASS	WARN	PASS	PASS	PASS	PASS	PASS	PASS
ZeroCycle_TCTTGT40NGATC_0_0	/scratch/project_2013895/SELEX/data/input_libraries/submitted_ftp/ZeroCycle_TCTTGT40NGATC_0_0.fastq.gz	background	546736	21.8 Mbp	21800000	0	40	45	PASS	PASS	WARN	PASS	PASS	PASS	PASS	PASS	PASS	PASS	PASS
ZeroCycle_TTTACA40NGCT_0_0	/scratch/project_2013895/SELEX/data/input_libraries/submitted_ftp/ZeroCycle_TTTACA40NGCT_0_0.fastq.gz	background	301357	12 Mbp	12000000	0	40	56	PASS	PASS	FAIL	PASS	FAIL	PASS	PASS	PASS	PASS	PASS	PASS
ZeroCycle_TTGGGC40NTTTC_0_0	/scratch/project_2013895/SELEX/data/input_libraries/submitted_ftp/ZeroCycle_TTGGGC40NTTTC_0_0.fastq.gz	background	229489	9.1 Mbp	9100000	0	40	46	PASS	PASS	WARN	PASS	WARN	PASS	PASS	PASS	PASS	PASS	PASS
ZeroCycle_TAGCTG40NCTA_0_0	/scratch/project_2013895/SELEX/data/input_libraries/submitted_ftp/ZeroCycle_TAGCTG40NCTA_0_0.fastq.gz	background	200062	8 Mbp	8000000	0	40	50	PASS	PASS	FAIL	PASS	WARN	PASS	PASS	PASS	PASS	PASS	PASS
ZeroCycle_TCTACT40NACA_0_0	/scratch/project_2013895/SELEX/data/input_libraries/submitted_ftp/ZeroCycle_TCTACT40NACA_0_0.fastq.gz	background	456158	18.2 Mbp	18200000	0	40	50	PASS	PASS	FAIL	PASS	PASS	PASS	PASS	PASS	PASS	PASS	PASS
ZeroCycle_TCACTG40NACC_0_0	/scratch/project_2013895/SELEX/data/input_libraries/submitted_ftp/ZeroCycle_TCACTG40NACC_0_0.fastq.gz	background	380971	15.2 Mbp	15200000	0	40	52	PASS	PASS	FAIL	PASS	WARN	PASS	PASS	PASS	PASS	PASS	PASS
ZeroCycle_TCGGAC40NCCA_0_0	/scratch/project_2013895/SELEX/data/input_libraries/submitted_ftp/ZeroCycle_TCGGAC40NCCA_0_0.fastq.gz	background	199452	7.9 Mbp	7900000	0	40	53	PASS	PASS	FAIL	PASS	WARN	PASS	PASS	PASS	PASS	PASS	PASS
ZeroCycle_TTTAAA40NTAT_0_0	/scratch/project_2013895/SELEX/data/input_libraries/submitted_ftp/ZeroCycle_TTTAAA40NTAT_0_0.fastq.gz	background	225864	9 Mbp	9000000	0	40	48	PASS	PASS	FAIL	PASS	WARN	PASS	PASS	PASS	PASS	PASS	PASS
ZeroCycle_TACAGC40NCTT_0_0	/scratch/project_2013895/SELEX/data/input_libraries/submitted_ftp/ZeroCycle_TACAGC40NCTT_0_0.fastq.gz	background	279698	11.1 Mbp	11100000	0	40	52	PASS	PASS	FAIL	PASS	WARN	PASS	PASS	PASS	PASS	PASS	PASS
ZeroCycle_TGCAAA40NGTCA_0_0	/scratch/project_2013895/SELEX/data/input_libraries/submitted_ftp/ZeroCycle_TGCAAA40NGTCA_0_0.fastq.gz	background	391558	15.6 Mbp	15600000	0	40	47	PASS	PASS	WARN	PASS	WARN	PASS	PASS	PASS	PASS	PASS	PASS
ZeroCycle_TCCCTA40NGAA_0_0	/scratch/project_2013895/SELEX/data/input_libraries/submitted_ftp/ZeroCycle_TCCCTA40NGAA_0_0.fastq.gz	background	115696	4.6 Mbp	4600000	0	40	56	PASS	PASS	FAIL	PASS	FAIL	PASS	PASS	PASS	PASS	PASS	PASS
ZeroCycle_TGTAAG40NACT_0_0	/scratch/project_2013895/SELEX/data/input_libraries/submitted_ftp/ZeroCycle_TGTAAG40NACT_0_0.fastq.gz	background	123151	4.9 Mbp	4900000	0	40	55	PASS	PASS	FAIL	PASS	FAIL	PASS	PASS	PASS	PASS	PASS	PASS
ZeroCycle_TAAAGT40NTTCG_0_0	/scratch/project_2013895/SELEX/data/input_libraries/submitted_ftp/ZeroCycle_TAAAGT40NTTCG_0_0.fastq.gz	background	275499	11 Mbp	11000000	0	40	46	PASS	PASS	WARN	PASS	PASS	PASS	PASS	PASS	PASS	PASS	PASS
ZeroCycle_TTCTGG40NTGC_0_0	/scratch/project_2013895/SELEX/data/input_libraries/submitted_ftp/ZeroCycle_TTCTGG40NTGC_0_0.fastq.gz	background	223829	8.9 Mbp	8900000	0	40	48	PASS	PASS	FAIL	PASS	WARN	PASS	PASS	PASS	PASS	PASS	PASS
ZeroCycle_TAGGTT40NAAG_0_0	/scratch/project_2013895/SELEX/data/input_libraries/submitted_ftp/ZeroCycle_TAGGTT40NAAG_0_0.fastq.gz	background	96000	3.8 Mbp	3800000	0	40	52	PASS	PASS	FAIL	PASS	WARN	PASS	PASS	PASS	PASS	PASS	PASS
ZeroCycle_TACTAA40NTGTT_0_0	/scratch/project_2013895/SELEX/data/input_libraries/submitted_ftp/ZeroCycle_TACTAA40NTGTT_0_0.fastq.gz	background	378849	15.1 Mbp	15100000	0	40	47	PASS	PASS	WARN	PASS	WARN	PASS	PASS	PASS	PASS	PASS	PASS
ZeroCycle_TAGGCT40NACC_0_0	/scratch/project_2013895/SELEX/data/input_libraries/submitted_ftp/ZeroCycle_TAGGCT40NACC_0_0.fastq.gz	background	270196	10.8 Mbp	10800000	0	40	56	PASS	PASS	FAIL	PASS	FAIL	PASS	PASS	PASS	PASS	PASS	PASS
ZeroCycle_TTCGCT40NCTT_0_0	/scratch/project_2013895/SELEX/data/input_libraries/submitted_ftp/ZeroCycle_TTCGCT40NCTT_0_0.fastq.gz	background	92378	3.6 Mbp	3600000	0	40	53	PASS	PASS	FAIL	PASS	WARN	PASS	PASS	PASS	PASS	PASS	PASS
ZeroCycle_TACGGT40NTAC_0_0	/scratch/project_2013895/SELEX/data/input_libraries/submitted_ftp/ZeroCycle_TACGGT40NTAC_0_0.fastq.gz	background	251633	10 Mbp	10000000	0	40	53	PASS	PASS	FAIL	PASS	WARN	PASS	PASS	PASS	PASS	PASS	PASS
ZeroCycle_TCGTAA40NCGG_0_0	/scratch/project_2013895/SELEX/data/input_libraries/submitted_ftp/ZeroCycle_TCGTAA40NCGG_0_0.fastq.gz	background	278616	11.1 Mbp	11100000	0	40	48	PASS	PASS	FAIL	PASS	PASS	PASS	PASS	PASS	PASS	PASS	PASS
ZeroCycle_TTGGCG40NGGGA_0_0	/scratch/project_2013895/SELEX/data/input_libraries/submitted_ftp/ZeroCycle_TTGGCG40NGGGA_0_0.fastq.gz	background	141552	5.6 Mbp	5600000	0	40	49	PASS	PASS	WARN	PASS	WARN	PASS	PASS	PASS	PASS	PASS	PASS
ZeroCycle_TTCTAA40NCACA_0_0	/scratch/project_2013895/SELEX/data/input_libraries/submitted_ftp/ZeroCycle_TTCTAA40NCACA_0_0.fastq.gz	background	229185	9.1 Mbp	9100000	0	40	46	PASS	PASS	WARN	PASS	PASS	PASS	PASS	PASS	PASS	PASS	PASS
ZeroCycle_TGCTTT40NAGA_0_0	/scratch/project_2013895/SELEX/data/input_libraries/submitted_ftp/ZeroCycle_TGCTTT40NAGA_0_0.fastq.gz	background	140293	5.6 Mbp	5600000	0	40	50	PASS	PASS	FAIL	PASS	FAIL	PASS	PASS	PASS	PASS	PASS	PASS
ZeroCycle_TAGATT40NACA_0_0	/scratch/project_2013895/SELEX/data/input_libraries/submitted_ftp/ZeroCycle_TAGATT40NACA_0_0.fastq.gz	background	232527	9.3 Mbp	9300000	0	40	52	PASS	PASS	FAIL	PASS	WARN	PASS	PASS	PASS	PASS	PASS	PASS
ZeroCycle_TGATGA40NCATT_0_0	/scratch/project_2013895/SELEX/data/input_libraries/submitted_ftp/ZeroCycle_TGATGA40NCATT_0_0.fastq.gz	background	196865	7.8 Mbp	7800000	0	40	49	PASS	PASS	WARN	PASS	WARN	PASS	PASS	PASS	PASS	PASS	PASS
ZeroCycle_TGTCCT40NATTT_0_0	/scratch/project_2013895/SELEX/data/input_libraries/submitted_ftp/ZeroCycle_TGTCCT40NATTT_0_0.fastq.gz	background	278736	11.1 Mbp	11100000	0	40	50	PASS	PASS	WARN	PASS	WARN	PASS	PASS	PASS	PASS	PASS	PASS
ZeroCycle_TCATAC40NTTA_0_0	/scratch/project_2013895/SELEX/data/input_libraries/submitted_ftp/ZeroCycle_TCATAC40NTTA_0_0.fastq.gz	background	236035	9.4 Mbp	9400000	0	40	49	PASS	PASS	FAIL	PASS	WARN	PASS	PASS	PASS	PASS	PASS	PASS
ZeroCycle_TTCAGT40NAAC_0_0	/scratch/project_2013895/SELEX/data/input_libraries/submitted_ftp/ZeroCycle_TTCAGT40NAAC_0_0.fastq.gz	background	162971	6.5 Mbp	6500000	0	40	52	PASS	PASS	FAIL	PASS	WARN	PASS	PASS	PASS	PASS	PASS	PASS
ZeroCycle_TGTCGA40NCCGA_0_0	/scratch/project_2013895/SELEX/data/input_libraries/submitted_ftp/ZeroCycle_TGTCGA40NCCGA_0_0.fastq.gz	background	295979	11.8 Mbp	11800000	0	40	50	PASS	PASS	WARN	PASS	WARN	PASS	PASS	PASS	PASS	PASS	PASS
ZeroCycle_TTTGAC40NGGT_0_0	/scratch/project_2013895/SELEX/data/input_libraries/submitted_ftp/ZeroCycle_TTTGAC40NGGT_0_0.fastq.gz	background	172613	6.9 Mbp	6900000	0	40	53	PASS	PASS	FAIL	PASS	WARN	PASS	PASS	PASS	PASS	PASS	PASS
ZeroCycle_TTACGG40NCGC_0_0	/scratch/project_2013895/SELEX/data/input_libraries/submitted_ftp/ZeroCycle_TTACGG40NCGC_0_0.fastq.gz	background	322871	12.9 Mbp	12900000	0	40	52	PASS	PASS	FAIL	PASS	PASS	PASS	PASS	PASS	PASS	PASS	PASS
ZeroCycle_TTATTT40NCGT_0_0	/scratch/project_2013895/SELEX/data/input_libraries/submitted_ftp/ZeroCycle_TTATTT40NCGT_0_0.fastq.gz	background	232723	9.3 Mbp	9300000	0	40	52	PASS	PASS	FAIL	PASS	WARN	PASS	PASS	PASS	PASS	PASS	PASS
ZeroCycle_TACGGG40NCTT_0_0	/scratch/project_2013895/SELEX/data/input_libraries/submitted_ftp/ZeroCycle_TACGGG40NCTT_0_0.fastq.gz	background	186350	7.4 Mbp	7400000	0	40	50	PASS	PASS	FAIL	PASS	WARN	PASS	PASS	PASS	PASS	PASS	PASS
ZeroCycle_TAGGTA40NGAT_0_0	/scratch/project_2013895/SELEX/data/input_libraries/submitted_ftp/ZeroCycle_TAGGTA40NGAT_0_0.fastq.gz	background	515911	20.6 Mbp	20600000	0	40	48	PASS	PASS	FAIL	PASS	WARN	PASS	PASS	PASS	PASS	PASS	PASS
ZeroCycle_TTACTT40NTAT_0_0	/scratch/project_2013895/SELEX/data/input_libraries/submitted_ftp/ZeroCycle_TTACTT40NTAT_0_0.fastq.gz	background	238032	9.5 Mbp	9500000	0	40	48	PASS	PASS	FAIL	PASS	PASS	PASS	PASS	PASS	PASS	PASS	PASS
ZeroCycle_TGATCT40NATG_0_0	/scratch/project_2013895/SELEX/data/input_libraries/submitted_ftp/ZeroCycle_TGATCT40NATG_0_0.fastq.gz	background	398541	15.9 Mbp	15900000	0	40	48	PASS	PASS	FAIL	PASS	PASS	PASS	PASS	PASS	PASS	PASS	PASS
ZeroCycle_TATACC40NGCC_0_0	/scratch/project_2013895/SELEX/data/input_libraries/submitted_ftp/ZeroCycle_TATACC40NGCC_0_0.fastq.gz	background	353574	14.1 Mbp	14100000	0	40	48	PASS	PASS	FAIL	PASS	PASS	PASS	PASS	PASS	PASS	PASS	PASS
ZeroCycle_TAAGCA40NGTC_0_0	/scratch/project_2013895/SELEX/data/input_libraries/submitted_ftp/ZeroCycle_TAAGCA40NGTC_0_0.fastq.gz	background	163117	6.5 Mbp	6500000	0	40	51	PASS	PASS	FAIL	PASS	FAIL	PASS	PASS	PASS	PASS	PASS	PASS
ZeroCycle_TGTCGA40NGCA_0_0	/scratch/project_2013895/SELEX/data/input_libraries/submitted_ftp/ZeroCycle_TGTCGA40NGCA_0_0.fastq.gz	background	94872	3.7 Mbp	3700000	0	40	50	PASS	PASS	FAIL	PASS	WARN	PASS	PASS	PASS	PASS	PASS	PASS
ZeroCycle_TGTTAA40NACT_0_0	/scratch/project_2013895/SELEX/data/input_libraries/submitted_ftp/ZeroCycle_TGTTAA40NACT_0_0.fastq.gz	background	240712	9.6 Mbp	9600000	0	40	48	PASS	PASS	FAIL	PASS	WARN	PASS	PASS	PASS	PASS	PASS	PASS
ZeroCycle_TCTGCA40NAGAC_0_0	/scratch/project_2013895/SELEX/data/input_libraries/submitted_ftp/ZeroCycle_TCTGCA40NAGAC_0_0.fastq.gz	background	320689	12.8 Mbp	12800000	0	40	46	PASS	PASS	WARN	PASS	WARN	PASS	PASS	PASS	PASS	PASS	PASS
ZeroCycle_TGATTC40NTAT_0_0	/scratch/project_2013895/SELEX/data/input_libraries/submitted_ftp/ZeroCycle_TGATTC40NTAT_0_0.fastq.gz	background	252833	10.1 Mbp	10100000	0	40	52	PASS	PASS	FAIL	PASS	WARN	PASS	PASS	PASS	PASS	PASS	PASS
ZeroCycle_TAAATA40NTAT_0_0	/scratch/project_2013895/SELEX/data/input_libraries/submitted_ftp/ZeroCycle_TAAATA40NTAT_0_0.fastq.gz	background	205137	8.2 Mbp	8199999.999999999	0	40	49	PASS	PASS	FAIL	PASS	PASS	PASS	PASS	PASS	PASS	PASS	PASS
ZeroCycle_TGACGC40NTGTT_0_0	/scratch/project_2013895/SELEX/data/input_libraries/submitted_ftp/ZeroCycle_TGACGC40NTGTT_0_0.fastq.gz	background	272100	10.8 Mbp	10800000	0	40	46	PASS	PASS	WARN	PASS	WARN	PASS	PASS	PASS	PASS	PASS	PASS
ZeroCycle_TTGGCC40NTCG_0_0	/scratch/project_2013895/SELEX/data/input_libraries/submitted_ftp/ZeroCycle_TTGGCC40NTCG_0_0.fastq.gz	background	145014	5.8 Mbp	5800000	0	40	51	PASS	PASS	FAIL	PASS	WARN	PASS	PASS	PASS	PASS	PASS	PASS
ZeroCycle_TTGAGT40NCGC_0_0	/scratch/project_2013895/SELEX/data/input_libraries/submitted_ftp/ZeroCycle_TTGAGT40NCGC_0_0.fastq.gz	background	430144	17.2 Mbp	17200000	0	40	49	PASS	PASS	FAIL	PASS	WARN	PASS	PASS	PASS	PASS	PASS	PASS
ZeroCycle_TCCAGC40NGTCC_0_0	/scratch/project_2013895/SELEX/data/input_libraries/submitted_ftp/ZeroCycle_TCCAGC40NGTCC_0_0.fastq.gz	background	308211	12.3 Mbp	12300000	0	40	48	PASS	PASS	WARN	PASS	WARN	PASS	PASS	PASS	PASS	PASS	PASS
ZeroCycle_TTGTCT40NGCT_0_0	/scratch/project_2013895/SELEX/data/input_libraries/submitted_ftp/ZeroCycle_TTGTCT40NGCT_0_0.fastq.gz	background	135095	5.4 Mbp	5400000	0	40	56	PASS	PASS	FAIL	PASS	FAIL	PASS	PASS	PASS	PASS	PASS	PASS
ZeroCycle_TCCTAC40NGAA_0_0	/scratch/project_2013895/SELEX/data/input_libraries/submitted_ftp/ZeroCycle_TCCTAC40NGAA_0_0.fastq.gz	background	106709	4.2 Mbp	4200000	0	40	52	PASS	PASS	FAIL	PASS	WARN	PASS	PASS	PASS	PASS	PASS	PASS
ZeroCycle_TTGCAG40NGAC_0_0	/scratch/project_2013895/SELEX/data/input_libraries/submitted_ftp/ZeroCycle_TTGCAG40NGAC_0_0.fastq.gz	background	304003	12.1 Mbp	12100000	0	40	50	PASS	PASS	FAIL	PASS	FAIL	PASS	PASS	PASS	PASS	PASS	PASS
ZeroCycle_TCTTAT40NACA_0_0	/scratch/project_2013895/SELEX/data/input_libraries/submitted_ftp/ZeroCycle_TCTTAT40NACA_0_0.fastq.gz	background	129339	5.1 Mbp	5100000	0	40	48	PASS	PASS	FAIL	PASS	WARN	PASS	PASS	PASS	PASS	PASS	PASS
ZeroCycle_TTACAA40NTAC_0_0	/scratch/project_2013895/SELEX/data/input_libraries/submitted_ftp/ZeroCycle_TTACAA40NTAC_0_0.fastq.gz	background	244761	9.7 Mbp	9700000	0	40	50	PASS	PASS	FAIL	PASS	FAIL	PASS	PASS	PASS	PASS	PASS	PASS
ZeroCycle_TCGAAA40NAAT_0_0	/scratch/project_2013895/SELEX/data/input_libraries/submitted_ftp/ZeroCycle_TCGAAA40NAAT_0_0.fastq.gz	background	189424	7.5 Mbp	7500000	0	40	53	PASS	PASS	FAIL	PASS	WARN	PASS	PASS	PASS	PASS	PASS	PASS
ZeroCycle_TGTGAC40NGTC_0_0	/scratch/project_2013895/SELEX/data/input_libraries/submitted_ftp/ZeroCycle_TGTGAC40NGTC_0_0.fastq.gz	background	306036	12.2 Mbp	12200000	0	40	49	PASS	PASS	FAIL	PASS	WARN	PASS	PASS	PASS	PASS	PASS	PASS
ZeroCycle_TGCTTC40NGTCA_0_0	/scratch/project_2013895/SELEX/data/input_libraries/submitted_ftp/ZeroCycle_TGCTTC40NGTCA_0_0.fastq.gz	background	530574	21.2 Mbp	21200000	0	40	48	PASS	PASS	WARN	PASS	WARN	PASS	PASS	PASS	PASS	PASS	PASS
ZeroCycle_TAGTAG40NGTT_0_0	/scratch/project_2013895/SELEX/data/input_libraries/submitted_ftp/ZeroCycle_TAGTAG40NGTT_0_0.fastq.gz	background	125001	5 Mbp	5000000	0	40	56	PASS	PASS	FAIL	PASS	FAIL	PASS	PASS	PASS	PASS	PASS	PASS
ZeroCycle_TCGCAC40NCCT_0_0	/scratch/project_2013895/SELEX/data/input_libraries/submitted_ftp/ZeroCycle_TCGCAC40NCCT_0_0.fastq.gz	background	157276	6.2 Mbp	6200000	0	40	55	PASS	PASS	FAIL	PASS	FAIL	PASS	PASS	PASS	PASS	PASS	PASS
ZeroCycle_TCGAAT40NTCGT_0_0	/scratch/project_2013895/SELEX/data/input_libraries/submitted_ftp/ZeroCycle_TCGAAT40NTCGT_0_0.fastq.gz	background	339977	13.5 Mbp	13500000	0	40	45	PASS	PASS	WARN	PASS	PASS	PASS	PASS	PASS	PASS	PASS	PASS
ZeroCycle_TAGGAG40NAGT_0_0	/scratch/project_2013895/SELEX/data/input_libraries/submitted_ftp/ZeroCycle_TAGGAG40NAGT_0_0.fastq.gz	background	184150	7.3 Mbp	7300000	0	40	49	PASS	PASS	FAIL	PASS	PASS	PASS	PASS	PASS	PASS	PASS	PASS
ZeroCycle_TCATTC40NAGGC_0_0	/scratch/project_2013895/SELEX/data/input_libraries/submitted_ftp/ZeroCycle_TCATTC40NAGGC_0_0.fastq.gz	background	197532	7.9 Mbp	7900000	0	40	45	PASS	PASS	WARN	PASS	PASS	PASS	PASS	PASS	PASS	PASS	PASS
ZeroCycle_TGACGC40NCAC_0_0	/scratch/project_2013895/SELEX/data/input_libraries/submitted_ftp/ZeroCycle_TGACGC40NCAC_0_0.fastq.gz	background	133264	5.3 Mbp	5300000	0	40	56	PASS	PASS	FAIL	PASS	FAIL	PASS	PASS	PASS	PASS	PASS	PASS
ZeroCycle_TAGGTC40NACCA_0_0	/scratch/project_2013895/SELEX/data/input_libraries/submitted_ftp/ZeroCycle_TAGGTC40NACCA_0_0.fastq.gz	background	271516	10.8 Mbp	10800000	0	40	45	PASS	PASS	WARN	PASS	PASS	PASS	PASS	PASS	PASS	PASS	PASS
ZeroCycle_TCCGTC40NGTT_0_0	/scratch/project_2013895/SELEX/data/input_libraries/submitted_ftp/ZeroCycle_TCCGTC40NGTT_0_0.fastq.gz	background	236829	9.4 Mbp	9400000	0	40	56	PASS	PASS	FAIL	PASS	FAIL	PASS	PASS	PASS	PASS	PASS	PASS
ZeroCycle_TTCTCC40NTCTC_0_0	/scratch/project_2013895/SELEX/data/input_libraries/submitted_ftp/ZeroCycle_TTCTCC40NTCTC_0_0.fastq.gz	background	258047	10.3 Mbp	10300000	0	40	46	PASS	PASS	WARN	PASS	PASS	PASS	PASS	PASS	PASS	PASS	PASS
ZeroCycle_TACGTA40NATC_0_0	/scratch/project_2013895/SELEX/data/input_libraries/submitted_ftp/ZeroCycle_TACGTA40NATC_0_0.fastq.gz	background	138362	5.5 Mbp	5500000	0	40	55	PASS	PASS	FAIL	PASS	FAIL	PASS	PASS	PASS	PASS	PASS	PASS
ZeroCycle_TCCAGC40NGGC_0_0	/scratch/project_2013895/SELEX/data/input_libraries/submitted_ftp/ZeroCycle_TCCAGC40NGGC_0_0.fastq.gz	background	117473	4.6 Mbp	4600000	0	40	49	PASS	PASS	FAIL	PASS	PASS	PASS	PASS	PASS	PASS	PASS	PASS
ZeroCycle_TCTGCA40NATA_0_0	/scratch/project_2013895/SELEX/data/input_libraries/submitted_ftp/ZeroCycle_TCTGCA40NATA_0_0.fastq.gz	background	122373	4.8 Mbp	4800000	0	40	51	PASS	PASS	FAIL	PASS	WARN	PASS	PASS	PASS	PASS	PASS	PASS
ZeroCycle_TAAAGG40NGAC_0_0	/scratch/project_2013895/SELEX/data/input_libraries/submitted_ftp/ZeroCycle_TAAAGG40NGAC_0_0.fastq.gz	background	188026	7.5 Mbp	7500000	0	40	51	PASS	PASS	FAIL	PASS	FAIL	PASS	PASS	PASS	PASS	PASS	PASS
ZeroCycle_TTACCG40NATC_0_0	/scratch/project_2013895/SELEX/data/input_libraries/submitted_ftp/ZeroCycle_TTACCG40NATC_0_0.fastq.gz	background	459213	18.3 Mbp	18300000	0	40	49	PASS	PASS	FAIL	PASS	PASS	PASS	PASS	PASS	PASS	PASS	PASS
ZeroCycle_TCGGCA40NAGC_0_0	/scratch/project_2013895/SELEX/data/input_libraries/submitted_ftp/ZeroCycle_TCGGCA40NAGC_0_0.fastq.gz	background	174104	6.9 Mbp	6900000	0	40	52	PASS	PASS	FAIL	PASS	FAIL	PASS	PASS	PASS	PASS	PASS	PASS
ZeroCycle_TGAACA40NAAT_0_0	/scratch/project_2013895/SELEX/data/input_libraries/submitted_ftp/ZeroCycle_TGAACA40NAAT_0_0.fastq.gz	background	192724	7.7 Mbp	7700000	0	40	56	PASS	PASS	FAIL	PASS	FAIL	PASS	PASS	PASS	PASS	PASS	PASS
ZeroCycle_TTTCTT40NTTTA_0_0	/scratch/project_2013895/SELEX/data/input_libraries/submitted_ftp/ZeroCycle_TTTCTT40NTTTA_0_0.fastq.gz	background	369851	14.7 Mbp	14700000	0	40	46	PASS	PASS	WARN	PASS	PASS	PASS	PASS	PASS	PASS	PASS	PASS
ZeroCycle_TTCTAA40NAAT_0_0	/scratch/project_2013895/SELEX/data/input_libraries/submitted_ftp/ZeroCycle_TTCTAA40NAAT_0_0.fastq.gz	background	203583	8.1 Mbp	8100000	0	40	56	PASS	PASS	FAIL	PASS	FAIL	PASS	PASS	PASS	PASS	PASS	PASS
ZeroCycle_TGGCCG40NCTTT_0_0	/scratch/project_2013895/SELEX/data/input_libraries/submitted_ftp/ZeroCycle_TGGCCG40NCTTT_0_0.fastq.gz	background	272058	10.8 Mbp	10800000	0	40	45	PASS	PASS	WARN	PASS	PASS	PASS	PASS	PASS	PASS	PASS	PASS
ZeroCycle_TCTAAA40NCGC_0_0	/scratch/project_2013895/SELEX/data/input_libraries/submitted_ftp/ZeroCycle_TCTAAA40NCGC_0_0.fastq.gz	background	191621	7.6 Mbp	7600000	0	40	56	PASS	PASS	FAIL	PASS	FAIL	PASS	PASS	PASS	PASS	PASS	PASS
ZeroCycle_TCTACC40NTAG_0_0	/scratch/project_2013895/SELEX/data/input_libraries/submitted_ftp/ZeroCycle_TCTACC40NTAG_0_0.fastq.gz	background	242849	9.7 Mbp	9700000	0	40	56	PASS	PASS	FAIL	PASS	FAIL	PASS	PASS	PASS	PASS	PASS	PASS
ZeroCycle_TGGCCG40NGCT_0_0	/scratch/project_2013895/SELEX/data/input_libraries/submitted_ftp/ZeroCycle_TGGCCG40NGCT_0_0.fastq.gz	background	183329	7.3 Mbp	7300000	0	40	49	PASS	PASS	FAIL	PASS	WARN	PASS	PASS	PASS	PASS	PASS	PASS
ZeroCycle_TCGTTC40NATA_0_0	/scratch/project_2013895/SELEX/data/input_libraries/submitted_ftp/ZeroCycle_TCGTTC40NATA_0_0.fastq.gz	background	85769	3.4 Mbp	3400000	0	40	53	PASS	PASS	FAIL	PASS	FAIL	PASS	PASS	PASS	PASS	PASS	PASS
ZeroCycle_TTTATT40NGCTG_0_0	/scratch/project_2013895/SELEX/data/input_libraries/submitted_ftp/ZeroCycle_TTTATT40NGCTG_0_0.fastq.gz	background	375476	15 Mbp	15000000	0	40	46	PASS	PASS	WARN	PASS	WARN	PASS	PASS	PASS	PASS	PASS	PASS
ZeroCycle_TTGCGA40NGTA_0_0	/scratch/project_2013895/SELEX/data/input_libraries/submitted_ftp/ZeroCycle_TTGCGA40NGTA_0_0.fastq.gz	background	206423	8.2 Mbp	8199999.999999999	0	40	55	PASS	PASS	FAIL	PASS	FAIL	PASS	PASS	PASS	PASS	PASS	PASS
ZeroCycle_TATGAT40NACA_0_0	/scratch/project_2013895/SELEX/data/input_libraries/submitted_ftp/ZeroCycle_TATGAT40NACA_0_0.fastq.gz	background	114837	4.5 Mbp	4500000	0	40	52	PASS	PASS	FAIL	PASS	WARN	PASS	PASS	PASS	PASS	PASS	PASS
ZeroCycle_TGCTAA40NCTG_0_0	/scratch/project_2013895/SELEX/data/input_libraries/submitted_ftp/ZeroCycle_TGCTAA40NCTG_0_0.fastq.gz	background	267850	10.7 Mbp	10700000	0	40	48	PASS	PASS	FAIL	PASS	WARN	PASS	PASS	PASS	PASS	PASS	PASS
ZeroCycle_TATAGC40NGAC_0_0	/scratch/project_2013895/SELEX/data/input_libraries/submitted_ftp/ZeroCycle_TATAGC40NGAC_0_0.fastq.gz	background	360075	14.4 Mbp	14400000	0	40	49	PASS	PASS	FAIL	PASS	WARN	PASS	PASS	PASS	PASS	PASS	PASS
ZeroCycle_TCCTGC40NTCG_0_0	/scratch/project_2013895/SELEX/data/input_libraries/submitted_ftp/ZeroCycle_TCCTGC40NTCG_0_0.fastq.gz	background	206297	8.2 Mbp	8199999.999999999	0	40	51	PASS	PASS	FAIL	PASS	WARN	PASS	PASS	PASS	PASS	PASS	PASS
ZeroCycle_TTGCTG40NCTA_0_0	/scratch/project_2013895/SELEX/data/input_libraries/submitted_ftp/ZeroCycle_TTGCTG40NCTA_0_0.fastq.gz	background	338521	13.5 Mbp	13500000	0	40	48	PASS	PASS	FAIL	PASS	WARN	PASS	PASS	PASS	PASS	PASS	PASS
ZeroCycle_TAAACT40NTGA_0_0	/scratch/project_2013895/SELEX/data/input_libraries/submitted_ftp/ZeroCycle_TAAACT40NTGA_0_0.fastq.gz	background	268149	10.7 Mbp	10700000	0	40	52	PASS	PASS	FAIL	PASS	WARN	PASS	PASS	PASS	PASS	PASS	PASS
ZeroCycle_TATATT40NTGC_0_0	/scratch/project_2013895/SELEX/data/input_libraries/submitted_ftp/ZeroCycle_TATATT40NTGC_0_0.fastq.gz	background	138691	5.5 Mbp	5500000	0	40	53	PASS	PASS	FAIL	PASS	WARN	PASS	PASS	PASS	PASS	PASS	PASS
ZeroCycle_TAGCTT40NGAC_0_0	/scratch/project_2013895/SELEX/data/input_libraries/submitted_ftp/ZeroCycle_TAGCTT40NGAC_0_0.fastq.gz	background	270169	10.8 Mbp	10800000	0	40	51	PASS	PASS	FAIL	PASS	WARN	PASS	PASS	PASS	PASS	PASS	PASS
ZeroCycle_TAGTAC40NTAG_0_0	/scratch/project_2013895/SELEX/data/input_libraries/submitted_ftp/ZeroCycle_TAGTAC40NTAG_0_0.fastq.gz	background	215656	8.6 Mbp	8600000	0	40	52	PASS	PASS	FAIL	PASS	WARN	PASS	PASS	PASS	PASS	PASS	PASS
ZeroCycle_TATGGA40NAGA_0_0	/scratch/project_2013895/SELEX/data/input_libraries/submitted_ftp/ZeroCycle_TATGGA40NAGA_0_0.fastq.gz	background	240656	9.6 Mbp	9600000	0	40	47	PASS	PASS	FAIL	PASS	PASS	PASS	PASS	PASS	PASS	PASS	PASS
ZeroCycle_TGGTAC40NTCT_0_0	/scratch/project_2013895/SELEX/data/input_libraries/submitted_ftp/ZeroCycle_TGGTAC40NTCT_0_0.fastq.gz	background	171626	6.8 Mbp	6800000	0	40	55	PASS	PASS	FAIL	PASS	FAIL	PASS	PASS	PASS	PASS	PASS	PASS
ZeroCycle_TCCAGA40NGCTC_0_0	/scratch/project_2013895/SELEX/data/input_libraries/submitted_ftp/ZeroCycle_TCCAGA40NGCTC_0_0.fastq.gz	background	230045	9.2 Mbp	9200000	0	40	45	PASS	PASS	WARN	PASS	PASS	PASS	PASS	PASS	PASS	PASS	PASS
ZeroCycle_TAAATT40NCTG_0_0	/scratch/project_2013895/SELEX/data/input_libraries/submitted_ftp/ZeroCycle_TAAATT40NCTG_0_0.fastq.gz	background	153462	6.1 Mbp	6100000	0	40	53	PASS	PASS	FAIL	PASS	WARN	PASS	PASS	PASS	PASS	PASS	PASS
ZeroCycle_TGATCA40NGGTT_0_0	/scratch/project_2013895/SELEX/data/input_libraries/submitted_ftp/ZeroCycle_TGATCA40NGGTT_0_0.fastq.gz	background	195843	7.8 Mbp	7800000	0	40	50	PASS	PASS	WARN	PASS	WARN	PASS	PASS	PASS	PASS	PASS	PASS
ZeroCycle_TGCCGT40NCTT_0_0	/scratch/project_2013895/SELEX/data/input_libraries/submitted_ftp/ZeroCycle_TGCCGT40NCTT_0_0.fastq.gz	background	263382	10.5 Mbp	10500000	0	40	48	PASS	PASS	FAIL	PASS	PASS	PASS	PASS	PASS	PASS	PASS	PASS
ZeroCycle_TAGAGA40NCGC_0_0	/scratch/project_2013895/SELEX/data/input_libraries/submitted_ftp/ZeroCycle_TAGAGA40NCGC_0_0.fastq.gz	background	213044	8.5 Mbp	8500000	0	40	53	PASS	PASS	FAIL	PASS	WARN	PASS	PASS	PASS	PASS	PASS	PASS
ZeroCycle_TGCATG40NATG_0_0	/scratch/project_2013895/SELEX/data/input_libraries/submitted_ftp/ZeroCycle_TGCATG40NATG_0_0.fastq.gz	background	238325	9.5 Mbp	9500000	0	40	55	PASS	PASS	FAIL	PASS	FAIL	PASS	PASS	PASS	PASS	PASS	PASS
ZeroCycle_TCAGAC40NCCAA_0_0	/scratch/project_2013895/SELEX/data/input_libraries/submitted_ftp/ZeroCycle_TCAGAC40NCCAA_0_0.fastq.gz	background	306562	12.2 Mbp	12200000	0	40	47	PASS	PASS	WARN	PASS	WARN	PASS	PASS	PASS	PASS	PASS	PASS
ZeroCycle_TCGCGA40NGTT_0_0	/scratch/project_2013895/SELEX/data/input_libraries/submitted_ftp/ZeroCycle_TCGCGA40NGTT_0_0.fastq.gz	background	447970	17.9 Mbp	17900000	0	40	51	PASS	PASS	FAIL	PASS	PASS	PASS	PASS	PASS	PASS	PASS	PASS
ZeroCycle_TTCGAG40NGCG_0_0	/scratch/project_2013895/SELEX/data/input_libraries/submitted_ftp/ZeroCycle_TTCGAG40NGCG_0_0.fastq.gz	background	145627	5.8 Mbp	5800000	0	40	54	PASS	PASS	FAIL	PASS	FAIL	PASS	PASS	PASS	PASS	PASS	PASS
ZeroCycle_TCCTCT40NGGTC_0_0	/scratch/project_2013895/SELEX/data/input_libraries/submitted_ftp/ZeroCycle_TCCTCT40NGGTC_0_0.fastq.gz	background	342120	13.6 Mbp	13600000	0	40	47	PASS	PASS	WARN	PASS	WARN	PASS	PASS	PASS	PASS	PASS	PASS
ZeroCycle_TGGCAG40NCCT_0_0	/scratch/project_2013895/SELEX/data/input_libraries/submitted_ftp/ZeroCycle_TGGCAG40NCCT_0_0.fastq.gz	background	352615	14.1 Mbp	14100000	0	40	48	PASS	PASS	FAIL	PASS	WARN	PASS	PASS	PASS	PASS	PASS	PASS
ZeroCycle_TCCCAA40NGCGC_0_0	/scratch/project_2013895/SELEX/data/input_libraries/submitted_ftp/ZeroCycle_TCCCAA40NGCGC_0_0.fastq.gz	background	389026	15.5 Mbp	15500000	0	40	50	PASS	PASS	WARN	PASS	WARN	PASS	PASS	PASS	PASS	PASS	PASS
ZeroCycle_TAACTC40NGTC_0_0	/scratch/project_2013895/SELEX/data/input_libraries/submitted_ftp/ZeroCycle_TAACTC40NGTC_0_0.fastq.gz	background	274960	10.9 Mbp	10900000	0	40	53	PASS	PASS	FAIL	PASS	WARN	PASS	PASS	PASS	PASS	PASS	PASS
ZeroCycle_TCGCCT40NAGT_0_0	/scratch/project_2013895/SELEX/data/input_libraries/submitted_ftp/ZeroCycle_TCGCCT40NAGT_0_0.fastq.gz	background	201990	8 Mbp	8000000	0	40	53	PASS	PASS	FAIL	PASS	WARN	PASS	PASS	PASS	PASS	PASS	PASS
ZeroCycle_TGTGGG40NAAC_0_0	/scratch/project_2013895/SELEX/data/input_libraries/submitted_ftp/ZeroCycle_TGTGGG40NAAC_0_0.fastq.gz	background	292773	11.7 Mbp	11700000	0	40	49	PASS	PASS	FAIL	PASS	PASS	PASS	PASS	PASS	PASS	PASS	PASS
ZeroCycle_TGGTTT40NTCTG_0_0	/scratch/project_2013895/SELEX/data/input_libraries/submitted_ftp/ZeroCycle_TGGTTT40NTCTG_0_0.fastq.gz	background	345899	13.8 Mbp	13800000	0	40	49	PASS	PASS	WARN	PASS	WARN	PASS	PASS	PASS	PASS	PASS	PASS
ZeroCycle_TTGTCC40NTAG_0_0	/scratch/project_2013895/SELEX/data/input_libraries/submitted_ftp/ZeroCycle_TTGTCC40NTAG_0_0.fastq.gz	background	130220	5.2 Mbp	5200000	0	40	52	PASS	PASS	FAIL	PASS	WARN	PASS	PASS	PASS	PASS	PASS	PASS
ZeroCycle_TCCCAA40NGAA_0_0	/scratch/project_2013895/SELEX/data/input_libraries/submitted_ftp/ZeroCycle_TCCCAA40NGAA_0_0.fastq.gz	background	204266	8.1 Mbp	8100000	0	40	49	PASS	PASS	FAIL	PASS	WARN	PASS	PASS	PASS	PASS	PASS	PASS
ZeroCycle_TAACGC40NGTG_0_0	/scratch/project_2013895/SELEX/data/input_libraries/submitted_ftp/ZeroCycle_TAACGC40NGTG_0_0.fastq.gz	background	214527	8.5 Mbp	8500000	0	40	50	PASS	PASS	FAIL	PASS	WARN	PASS	PASS	PASS	PASS	PASS	PASS
ZeroCycle_TCGAAC40NGAT_0_0	/scratch/project_2013895/SELEX/data/input_libraries/submitted_ftp/ZeroCycle_TCGAAC40NGAT_0_0.fastq.gz	background	331845	13.2 Mbp	13200000	0	40	52	PASS	PASS	FAIL	PASS	WARN	PASS	PASS	PASS	PASS	PASS	PASS
ZeroCycle_TAAGTT40NGAT_0_0	/scratch/project_2013895/SELEX/data/input_libraries/submitted_ftp/ZeroCycle_TAAGTT40NGAT_0_0.fastq.gz	background	796405	31.8 Mbp	31800000	0	40	49	PASS	PASS	FAIL	PASS	WARN	PASS	PASS	PASS	PASS	PASS	PASS
ZeroCycle_TACCAT40NGCG_0_0	/scratch/project_2013895/SELEX/data/input_libraries/submitted_ftp/ZeroCycle_TACCAT40NGCG_0_0.fastq.gz	background	159788	6.3 Mbp	6300000	0	40	53	PASS	PASS	FAIL	PASS	WARN	PASS	PASS	PASS	PASS	PASS	PASS
ZeroCycle_TCCCTT40NCTCC_0_0	/scratch/project_2013895/SELEX/data/input_libraries/submitted_ftp/ZeroCycle_TCCCTT40NCTCC_0_0.fastq.gz	background	252802	10.1 Mbp	10100000	0	40	49	PASS	PASS	WARN	PASS	WARN	PASS	PASS	PASS	PASS	PASS	PASS
ZeroCycle_TGTAGC40NCCT_0_0	/scratch/project_2013895/SELEX/data/input_libraries/submitted_ftp/ZeroCycle_TGTAGC40NCCT_0_0.fastq.gz	background	210503	8.4 Mbp	8400000	0	40	54	PASS	PASS	FAIL	PASS	WARN	PASS	PASS	PASS	PASS	PASS	PASS
ZeroCycle_TCATAA40NAGC_0_0	/scratch/project_2013895/SELEX/data/input_libraries/submitted_ftp/ZeroCycle_TCATAA40NAGC_0_0.fastq.gz	background	309762	12.3 Mbp	12300000	0	40	48	PASS	PASS	FAIL	PASS	PASS	PASS	PASS	PASS	PASS	PASS	PASS
ZeroCycle_TAACCT40NCGG_0_0	/scratch/project_2013895/SELEX/data/input_libraries/submitted_ftp/ZeroCycle_TAACCT40NCGG_0_0.fastq.gz	background	212985	8.5 Mbp	8500000	0	40	49	PASS	PASS	FAIL	PASS	PASS	PASS	PASS	PASS	PASS	PASS	PASS
ZeroCycle_TACATC40NCAAG_0_0	/scratch/project_2013895/SELEX/data/input_libraries/submitted_ftp/ZeroCycle_TACATC40NCAAG_0_0.fastq.gz	background	430491	17.2 Mbp	17200000	0	40	48	PASS	PASS	WARN	PASS	PASS	PASS	PASS	PASS	PASS	PASS	PASS
ZeroCycle_TACTGA40NACC_0_0	/scratch/project_2013895/SELEX/data/input_libraries/submitted_ftp/ZeroCycle_TACTGA40NACC_0_0.fastq.gz	background	242675	9.7 Mbp	9700000	0	40	54	PASS	PASS	FAIL	PASS	WARN	PASS	PASS	PASS	PASS	PASS	PASS
ZeroCycle_TCTGCC40NCAC_0_0	/scratch/project_2013895/SELEX/data/input_libraries/submitted_ftp/ZeroCycle_TCTGCC40NCAC_0_0.fastq.gz	background	182931	7.3 Mbp	7300000	0	40	53	PASS	PASS	FAIL	PASS	WARN	PASS	PASS	PASS	PASS	PASS	PASS
ZeroCycle_TGCATA40NTCA_0_0	/scratch/project_2013895/SELEX/data/input_libraries/submitted_ftp/ZeroCycle_TGCATA40NTCA_0_0.fastq.gz	background	318203	12.7 Mbp	12700000	0	40	50	PASS	PASS	FAIL	PASS	PASS	PASS	PASS	PASS	PASS	PASS	PASS
ZeroCycle_TCCCTT40NCAT_0_0	/scratch/project_2013895/SELEX/data/input_libraries/submitted_ftp/ZeroCycle_TCCCTT40NCAT_0_0.fastq.gz	background	253136	10.1 Mbp	10100000	0	40	49	PASS	PASS	FAIL	PASS	PASS	PASS	PASS	PASS	PASS	PASS	PASS
ZeroCycle_TTGCAT40NTGG_0_0	/scratch/project_2013895/SELEX/data/input_libraries/submitted_ftp/ZeroCycle_TTGCAT40NTGG_0_0.fastq.gz	background	219310	8.7 Mbp	8700000	0	40	52	PASS	PASS	FAIL	PASS	WARN	PASS	PASS	PASS	PASS	PASS	PASS
ZeroCycle_TCATGT40NCTG_0_0	/scratch/project_2013895/SELEX/data/input_libraries/submitted_ftp/ZeroCycle_TCATGT40NCTG_0_0.fastq.gz	background	392205	15.6 Mbp	15600000	0	40	48	PASS	PASS	FAIL	PASS	WARN	PASS	PASS	PASS	PASS	PASS	PASS
ZeroCycle_TCTTTA40NTAGC_0_0	/scratch/project_2013895/SELEX/data/input_libraries/submitted_ftp/ZeroCycle_TCTTTA40NTAGC_0_0.fastq.gz	background	262796	10.5 Mbp	10500000	0	40	48	PASS	PASS	WARN	PASS	PASS	PASS	PASS	PASS	PASS	PASS	PASS
ZeroCycle_TGGTCG40NTCGG_0_0	/scratch/project_2013895/SELEX/data/input_libraries/submitted_ftp/ZeroCycle_TGGTCG40NTCGG_0_0.fastq.gz	background	205512	8.2 Mbp	8199999.999999999	0	40	48	PASS	PASS	WARN	PASS	WARN	PASS	PASS	PASS	PASS	PASS	PASS
ZeroCycle_TCCAAG40NAAC_0_0	/scratch/project_2013895/SELEX/data/input_libraries/submitted_ftp/ZeroCycle_TCCAAG40NAAC_0_0.fastq.gz	background	229637	9.1 Mbp	9100000	0	40	54	PASS	PASS	FAIL	PASS	FAIL	PASS	PASS	PASS	PASS	PASS	PASS
ZeroCycle_TCCGAG40NAGCG_0_0	/scratch/project_2013895/SELEX/data/input_libraries/submitted_ftp/ZeroCycle_TCCGAG40NAGCG_0_0.fastq.gz	background	256462	10.2 Mbp	10200000	0	40	48	PASS	PASS	WARN	PASS	WARN	PASS	PASS	PASS	PASS	PASS	PASS
ZeroCycle_TGGTCG40NTAA_0_0	/scratch/project_2013895/SELEX/data/input_libraries/submitted_ftp/ZeroCycle_TGGTCG40NTAA_0_0.fastq.gz	background	177308	7 Mbp	7000000	0	40	51	PASS	PASS	FAIL	PASS	WARN	PASS	PASS	PASS	PASS	PASS	PASS
ZeroCycle_TGCCAG40NATA_0_0	/scratch/project_2013895/SELEX/data/input_libraries/submitted_ftp/ZeroCycle_TGCCAG40NATA_0_0.fastq.gz	background	115714	4.6 Mbp	4600000	0	40	50	PASS	PASS	FAIL	PASS	FAIL	PASS	PASS	PASS	PASS	PASS	PASS
ZeroCycle_TGGTGC40NTAG_0_0	/scratch/project_2013895/SELEX/data/input_libraries/submitted_ftp/ZeroCycle_TGGTGC40NTAG_0_0.fastq.gz	background	390690	15.6 Mbp	15600000	0	40	53	PASS	PASS	FAIL	PASS	PASS	PASS	PASS	PASS	PASS	PASS	PASS
ZeroCycle_TACCCA40NTGT_0_0	/scratch/project_2013895/SELEX/data/input_libraries/submitted_ftp/ZeroCycle_TACCCA40NTGT_0_0.fastq.gz	background	252094	10 Mbp	10000000	0	40	54	PASS	PASS	FAIL	PASS	WARN	PASS	PASS	PASS	PASS	PASS	PASS
ZeroCycle_TCAGTA40NACC_0_0	/scratch/project_2013895/SELEX/data/input_libraries/submitted_ftp/ZeroCycle_TCAGTA40NACC_0_0.fastq.gz	background	139758	5.5 Mbp	5500000	0	40	53	PASS	PASS	FAIL	PASS	PASS	PASS	PASS	PASS	PASS	PASS	PASS
ZeroCycle_TGCCCG40NCTG_0_0	/scratch/project_2013895/SELEX/data/input_libraries/submitted_ftp/ZeroCycle_TGCCCG40NCTG_0_0.fastq.gz	background	253519	10.1 Mbp	10100000	0	40	56	PASS	PASS	FAIL	PASS	FAIL	PASS	PASS	PASS	PASS	PASS	PASS
ZeroCycle_TTAGTG40NACC_0_0	/scratch/project_2013895/SELEX/data/input_libraries/submitted_ftp/ZeroCycle_TTAGTG40NACC_0_0.fastq.gz	background	142472	5.6 Mbp	5600000	0	40	56	PASS	PASS	FAIL	PASS	FAIL	PASS	PASS	PASS	PASS	PASS	PASS
ZeroCycle_TGGCTA40NTGCG_0_0	/scratch/project_2013895/SELEX/data/input_libraries/submitted_ftp/ZeroCycle_TGGCTA40NTGCG_0_0.fastq.gz	background	133386	5.3 Mbp	5300000	0	40	47	PASS	PASS	FAIL	PASS	WARN	PASS	PASS	PASS	PASS	PASS	PASS
ZeroCycle_TTCAGT40NTTTC_0_0	/scratch/project_2013895/SELEX/data/input_libraries/submitted_ftp/ZeroCycle_TTCAGT40NTTTC_0_0.fastq.gz	background	425035	17 Mbp	17000000	0	40	45	PASS	PASS	WARN	PASS	PASS	PASS	PASS	PASS	PASS	PASS	PASS
ZeroCycle_TTCGAG40NCATT_0_0	/scratch/project_2013895/SELEX/data/input_libraries/submitted_ftp/ZeroCycle_TTCGAG40NCATT_0_0.fastq.gz	background	198627	7.9 Mbp	7900000	0	40	47	PASS	PASS	WARN	PASS	WARN	PASS	PASS	PASS	PASS	PASS	PASS
ZeroCycle_TAGGAC40NACA_0_0	/scratch/project_2013895/SELEX/data/input_libraries/submitted_ftp/ZeroCycle_TAGGAC40NACA_0_0.fastq.gz	background	109537	4.3 Mbp	4300000	0	40	56	PASS	PASS	FAIL	PASS	FAIL	PASS	PASS	PASS	PASS	PASS	PASS
ZeroCycle_TAACCA40NGGT_0_0	/scratch/project_2013895/SELEX/data/input_libraries/submitted_ftp/ZeroCycle_TAACCA40NGGT_0_0.fastq.gz	background	196587	7.8 Mbp	7800000	0	40	48	PASS	PASS	FAIL	PASS	WARN	PASS	PASS	PASS	PASS	PASS	PASS
ZeroCycle_TGTTCG40NGAC_0_0	/scratch/project_2013895/SELEX/data/input_libraries/submitted_ftp/ZeroCycle_TGTTCG40NGAC_0_0.fastq.gz	background	138698	5.5 Mbp	5500000	0	40	51	PASS	PASS	FAIL	PASS	FAIL	PASS	PASS	PASS	PASS	PASS	PASS
ZeroCycle_TACCTG40NACG_0_0	/scratch/project_2013895/SELEX/data/input_libraries/submitted_ftp/ZeroCycle_TACCTG40NACG_0_0.fastq.gz	background	366421	14.6 Mbp	14600000	0	40	48	PASS	PASS	FAIL	PASS	PASS	PASS	PASS	PASS	PASS	PASS	PASS
ZeroCycle_TTTAAG40NAGC_0_0	/scratch/project_2013895/SELEX/data/input_libraries/submitted_ftp/ZeroCycle_TTTAAG40NAGC_0_0.fastq.gz	background	81276	3.2 Mbp	3200000	0	40	51	PASS	PASS	FAIL	PASS	FAIL	PASS	PASS	PASS	PASS	PASS	PASS
ZeroCycle_TTACTA40NAGG_0_0	/scratch/project_2013895/SELEX/data/input_libraries/submitted_ftp/ZeroCycle_TTACTA40NAGG_0_0.fastq.gz	background	183710	7.3 Mbp	7300000	0	40	53	PASS	PASS	FAIL	PASS	WARN	PASS	PASS	PASS	PASS	PASS	PASS
ZeroCycle_TAACAT40NATG_0_0	/scratch/project_2013895/SELEX/data/input_libraries/submitted_ftp/ZeroCycle_TAACAT40NATG_0_0.fastq.gz	background	256732	10.2 Mbp	10200000	0	40	51	PASS	PASS	FAIL	PASS	WARN	PASS	PASS	PASS	PASS	PASS	PASS
ZeroCycle_TCACGA40NTTA_0_0	/scratch/project_2013895/SELEX/data/input_libraries/submitted_ftp/ZeroCycle_TCACGA40NTTA_0_0.fastq.gz	background	232692	9.3 Mbp	9300000	0	40	49	PASS	PASS	FAIL	PASS	WARN	PASS	PASS	PASS	PASS	PASS	PASS
ZeroCycle_TGCAGG40NTCG_0_0	/scratch/project_2013895/SELEX/data/input_libraries/submitted_ftp/ZeroCycle_TGCAGG40NTCG_0_0.fastq.gz	background	137861	5.5 Mbp	5500000	0	40	53	PASS	PASS	FAIL	PASS	FAIL	PASS	PASS	PASS	PASS	PASS	PASS
ZeroCycle_TTAGAT40NGTG_0_0	/scratch/project_2013895/SELEX/data/input_libraries/submitted_ftp/ZeroCycle_TTAGAT40NGTG_0_0.fastq.gz	background	315699	12.6 Mbp	12600000	0	40	48	PASS	PASS	FAIL	PASS	WARN	PASS	PASS	PASS	PASS	PASS	PASS
ZeroCycle_TGAACA40NTACT_0_0	/scratch/project_2013895/SELEX/data/input_libraries/submitted_ftp/ZeroCycle_TGAACA40NTACT_0_0.fastq.gz	background	298850	11.9 Mbp	11900000	0	40	45	PASS	PASS	WARN	PASS	PASS	PASS	PASS	PASS	PASS	PASS	PASS
ZeroCycle_TGGTCC40NTTC_0_0	/scratch/project_2013895/SELEX/data/input_libraries/submitted_ftp/ZeroCycle_TGGTCC40NTTC_0_0.fastq.gz	background	175728	7 Mbp	7000000	0	40	56	PASS	PASS	FAIL	PASS	FAIL	PASS	PASS	PASS	PASS	PASS	PASS
ZeroCycle_TCTCTG40NGAA_0_0	/scratch/project_2013895/SELEX/data/input_libraries/submitted_ftp/ZeroCycle_TCTCTG40NGAA_0_0.fastq.gz	background	208397	8.3 Mbp	8300000.000000001	0	40	48	PASS	PASS	FAIL	PASS	PASS	PASS	PASS	PASS	PASS	PASS	PASS
ZeroCycle_TTTCAC40NGTG_0_0	/scratch/project_2013895/SELEX/data/input_libraries/submitted_ftp/ZeroCycle_TTTCAC40NGTG_0_0.fastq.gz	background	205319	8.2 Mbp	8199999.999999999	0	40	53	PASS	PASS	FAIL	PASS	WARN	PASS	PASS	PASS	PASS	PASS	PASS
ZeroCycle_TAAGAT40NATG_0_0	/scratch/project_2013895/SELEX/data/input_libraries/submitted_ftp/ZeroCycle_TAAGAT40NATG_0_0.fastq.gz	background	283498	11.3 Mbp	11300000	0	40	48	PASS	PASS	FAIL	PASS	WARN	PASS	PASS	PASS	PASS	PASS	PASS
ZeroCycle_TCGGGT40NAAG_0_0	/scratch/project_2013895/SELEX/data/input_libraries/submitted_ftp/ZeroCycle_TCGGGT40NAAG_0_0.fastq.gz	background	116495	4.6 Mbp	4600000	0	40	54	PASS	PASS	FAIL	PASS	WARN	PASS	PASS	PASS	PASS	PASS	PASS
ZeroCycle_TGAAGA40NACAG_0_0	/scratch/project_2013895/SELEX/data/input_libraries/submitted_ftp/ZeroCycle_TGAAGA40NACAG_0_0.fastq.gz	background	234724	9.3 Mbp	9300000	0	40	48	PASS	PASS	WARN	PASS	WARN	PASS	PASS	PASS	PASS	PASS	PASS
ZeroCycle_TCTTTA40NGGA_0_0	/scratch/project_2013895/SELEX/data/input_libraries/submitted_ftp/ZeroCycle_TCTTTA40NGGA_0_0.fastq.gz	background	219040	8.7 Mbp	8700000	0	40	54	PASS	PASS	FAIL	PASS	FAIL	PASS	PASS	PASS	PASS	PASS	PASS
ZeroCycle_TCTGAA40NAACT_0_0	/scratch/project_2013895/SELEX/data/input_libraries/submitted_ftp/ZeroCycle_TCTGAA40NAACT_0_0.fastq.gz	background	388649	15.5 Mbp	15500000	0	40	45	PASS	PASS	WARN	PASS	PASS	PASS	PASS	PASS	PASS	PASS	PASS
ZeroCycle_TACTGT40NCGC_0_0	/scratch/project_2013895/SELEX/data/input_libraries/submitted_ftp/ZeroCycle_TACTGT40NCGC_0_0.fastq.gz	background	127703	5.1 Mbp	5100000	0	40	56	PASS	PASS	FAIL	PASS	FAIL	PASS	PASS	PASS	PASS	PASS	PASS
ZeroCycle_TACAGA40NTATT_0_0	/scratch/project_2013895/SELEX/data/input_libraries/submitted_ftp/ZeroCycle_TACAGA40NTATT_0_0.fastq.gz	background	343272	13.7 Mbp	13700000	0	40	50	PASS	PASS	WARN	PASS	WARN	PASS	PASS	PASS	PASS	PASS	PASS
ZeroCycle_TGCAGT40NAAG_0_0	/scratch/project_2013895/SELEX/data/input_libraries/submitted_ftp/ZeroCycle_TGCAGT40NAAG_0_0.fastq.gz	background	102886	4.1 Mbp	4099999.9999999995	0	40	51	PASS	PASS	FAIL	PASS	PASS	PASS	PASS	PASS	PASS	PASS	PASS
ZeroCycle_TTATGG40NCGTT_0_0	/scratch/project_2013895/SELEX/data/input_libraries/submitted_ftp/ZeroCycle_TTATGG40NCGTT_0_0.fastq.gz	background	227690	9.1 Mbp	9100000	0	40	47	PASS	PASS	WARN	PASS	PASS	PASS	PASS	PASS	PASS	PASS	PASS
ZeroCycle_TGGACT40NAAT_0_0	/scratch/project_2013895/SELEX/data/input_libraries/submitted_ftp/ZeroCycle_TGGACT40NAAT_0_0.fastq.gz	background	110195	4.4 Mbp	4400000	0	40	52	PASS	PASS	FAIL	PASS	WARN	PASS	PASS	PASS	PASS	PASS	PASS
ZeroCycle_TGGGTC40NAAG_0_0	/scratch/project_2013895/SELEX/data/input_libraries/submitted_ftp/ZeroCycle_TGGGTC40NAAG_0_0.fastq.gz	background	310824	12.4 Mbp	12400000	0	40	53	PASS	PASS	FAIL	PASS	WARN	PASS	PASS	PASS	PASS	PASS	PASS
ZeroCycle_TTCTTT40NCAG_0_0	/scratch/project_2013895/SELEX/data/input_libraries/submitted_ftp/ZeroCycle_TTCTTT40NCAG_0_0.fastq.gz	background	297103	11.8 Mbp	11800000	0	40	49	PASS	PASS	FAIL	PASS	PASS	PASS	PASS	PASS	PASS	PASS	PASS
ZeroCycle_TATGAC40NGACC_0_0	/scratch/project_2013895/SELEX/data/input_libraries/submitted_ftp/ZeroCycle_TATGAC40NGACC_0_0.fastq.gz	background	628683	25.1 Mbp	25100000	0	40	47	PASS	PASS	WARN	PASS	PASS	PASS	PASS	PASS	PASS	PASS	PASS
ZeroCycle_TCGGCG40NACG_0_0	/scratch/project_2013895/SELEX/data/input_libraries/submitted_ftp/ZeroCycle_TCGGCG40NACG_0_0.fastq.gz	background	64292	2.5 Mbp	2500000	0	40	54	PASS	PASS	FAIL	PASS	FAIL	PASS	PASS	PASS	PASS	PASS	PASS
ZeroCycle_TCATGA40NAGT_0_0	/scratch/project_2013895/SELEX/data/input_libraries/submitted_ftp/ZeroCycle_TCATGA40NAGT_0_0.fastq.gz	background	241295	9.6 Mbp	9600000	0	40	52	PASS	PASS	FAIL	PASS	WARN	PASS	PASS	PASS	PASS	PASS	PASS
ZeroCycle_TAACCG40NCAA_0_0	/scratch/project_2013895/SELEX/data/input_libraries/submitted_ftp/ZeroCycle_TAACCG40NCAA_0_0.fastq.gz	background	172738	6.9 Mbp	6900000	0	40	56	PASS	PASS	FAIL	PASS	FAIL	PASS	PASS	PASS	PASS	PASS	PASS
ZeroCycle_TTCTAA40NACTG_0_0	/scratch/project_2013895/SELEX/data/input_libraries/submitted_ftp/ZeroCycle_TTCTAA40NACTG_0_0.fastq.gz	background	400010	16 Mbp	16000000	0	40	49	PASS	PASS	WARN	PASS	WARN	PASS	PASS	PASS	PASS	PASS	PASS
ZeroCycle_TTCGGC40NAGC_0_0	/scratch/project_2013895/SELEX/data/input_libraries/submitted_ftp/ZeroCycle_TTCGGC40NAGC_0_0.fastq.gz	background	115981	4.6 Mbp	4600000	0	40	50	PASS	PASS	FAIL	PASS	WARN	PASS	PASS	PASS	PASS	PASS	PASS
ZeroCycle_TGATGA40NCCA_0_0	/scratch/project_2013895/SELEX/data/input_libraries/submitted_ftp/ZeroCycle_TGATGA40NCCA_0_0.fastq.gz	background	365126	14.6 Mbp	14600000	0	40	51	PASS	PASS	FAIL	PASS	PASS	PASS	PASS	PASS	PASS	PASS	PASS
ZeroCycle_TGGGCC40NGGA_0_0	/scratch/project_2013895/SELEX/data/input_libraries/submitted_ftp/ZeroCycle_TGGGCC40NGGA_0_0.fastq.gz	background	185963	7.4 Mbp	7400000	0	40	49	PASS	PASS	FAIL	PASS	PASS	PASS	PASS	PASS	PASS	PASS	PASS
ZeroCycle_TTGAGC40NGTC_0_0	/scratch/project_2013895/SELEX/data/input_libraries/submitted_ftp/ZeroCycle_TTGAGC40NGTC_0_0.fastq.gz	background	185795	7.4 Mbp	7400000	0	40	52	PASS	PASS	FAIL	PASS	WARN	PASS	PASS	PASS	PASS	PASS	PASS
ZeroCycle_TCGCCG40NTGC_0_0	/scratch/project_2013895/SELEX/data/input_libraries/submitted_ftp/ZeroCycle_TCGCCG40NTGC_0_0.fastq.gz	background	128705	5.1 Mbp	5100000	0	40	51	PASS	PASS	FAIL	PASS	WARN	PASS	PASS	PASS	PASS	PASS	PASS
ZeroCycle_TTTCGG40NAGA_0_0	/scratch/project_2013895/SELEX/data/input_libraries/submitted_ftp/ZeroCycle_TTTCGG40NAGA_0_0.fastq.gz	background	219906	8.7 Mbp	8700000	0	40	49	PASS	PASS	FAIL	PASS	PASS	PASS	PASS	PASS	PASS	PASS	PASS
ZeroCycle_TCCAGG40NTAG_0_0	/scratch/project_2013895/SELEX/data/input_libraries/submitted_ftp/ZeroCycle_TCCAGG40NTAG_0_0.fastq.gz	background	149009	5.9 Mbp	5900000	0	40	53	PASS	PASS	FAIL	PASS	WARN	PASS	PASS	PASS	PASS	PASS	PASS
ZeroCycle_TTGAAG40NCTC_0_0	/scratch/project_2013895/SELEX/data/input_libraries/submitted_ftp/ZeroCycle_TTGAAG40NCTC_0_0.fastq.gz	background	322836	12.9 Mbp	12900000	0	40	49	PASS	PASS	FAIL	PASS	WARN	PASS	PASS	PASS	PASS	PASS	PASS
ZeroCycle_TTCTAC40NCGA_0_0	/scratch/project_2013895/SELEX/data/input_libraries/submitted_ftp/ZeroCycle_TTCTAC40NCGA_0_0.fastq.gz	background	191464	7.6 Mbp	7600000	0	40	52	PASS	PASS	FAIL	PASS	WARN	PASS	PASS	PASS	PASS	PASS	PASS
ZeroCycle_TCCGCT40NGGAC_0_0	/scratch/project_2013895/SELEX/data/input_libraries/submitted_ftp/ZeroCycle_TCCGCT40NGGAC_0_0.fastq.gz	background	283695	11.3 Mbp	11300000	0	40	47	PASS	PASS	WARN	PASS	WARN	PASS	PASS	PASS	PASS	PASS	PASS
ZeroCycle_TCTGGC40NTAG_0_0	/scratch/project_2013895/SELEX/data/input_libraries/submitted_ftp/ZeroCycle_TCTGGC40NTAG_0_0.fastq.gz	background	174980	6.9 Mbp	6900000	0	40	53	PASS	PASS	FAIL	PASS	WARN	PASS	PASS	PASS	PASS	PASS	PASS
ZeroCycle_TGTGAA40NTAC_0_0	/scratch/project_2013895/SELEX/data/input_libraries/submitted_ftp/ZeroCycle_TGTGAA40NTAC_0_0.fastq.gz	background	237365	9.4 Mbp	9400000	0	40	52	PASS	PASS	FAIL	PASS	FAIL	PASS	PASS	PASS	PASS	PASS	PASS
ZeroCycle_TGCGCA40NCAA_0_0	/scratch/project_2013895/SELEX/data/input_libraries/submitted_ftp/ZeroCycle_TGCGCA40NCAA_0_0.fastq.gz	background	111971	4.4 Mbp	4400000	0	40	50	PASS	PASS	FAIL	PASS	WARN	PASS	PASS	PASS	PASS	PASS	PASS
ZeroCycle_TCTGCA40NTGGG_0_0	/scratch/project_2013895/SELEX/data/input_libraries/submitted_ftp/ZeroCycle_TCTGCA40NTGGG_0_0.fastq.gz	background	271016	10.8 Mbp	10800000	0	40	49	PASS	PASS	WARN	PASS	PASS	PASS	PASS	PASS	PASS	PASS	PASS
ZeroCycle_TCGCTA40NTCG_0_0	/scratch/project_2013895/SELEX/data/input_libraries/submitted_ftp/ZeroCycle_TCGCTA40NTCG_0_0.fastq.gz	background	172621	6.9 Mbp	6900000	0	40	53	PASS	PASS	FAIL	PASS	FAIL	PASS	PASS	PASS	PASS	PASS	PASS
ZeroCycle_TGCCGA40NGTA_0_0	/scratch/project_2013895/SELEX/data/input_libraries/submitted_ftp/ZeroCycle_TGCCGA40NGTA_0_0.fastq.gz	background	92393	3.6 Mbp	3600000	0	40	52	PASS	PASS	FAIL	PASS	WARN	PASS	PASS	PASS	PASS	PASS	PASS
ZeroCycle_TATAGT40NAGG_0_0	/scratch/project_2013895/SELEX/data/input_libraries/submitted_ftp/ZeroCycle_TATAGT40NAGG_0_0.fastq.gz	background	311013	12.4 Mbp	12400000	0	40	50	PASS	PASS	FAIL	PASS	WARN	PASS	PASS	PASS	PASS	PASS	PASS
ZeroCycle_TAACTG40NGTA_0_0	/scratch/project_2013895/SELEX/data/input_libraries/submitted_ftp/ZeroCycle_TAACTG40NGTA_0_0.fastq.gz	background	250967	10 Mbp	10000000	0	40	48	PASS	PASS	FAIL	PASS	WARN	PASS	PASS	PASS	PASS	PASS	PASS
ZeroCycle_TCAGCG40NATG_0_0	/scratch/project_2013895/SELEX/data/input_libraries/submitted_ftp/ZeroCycle_TCAGCG40NATG_0_0.fastq.gz	background	322744	12.9 Mbp	12900000	0	40	49	PASS	PASS	FAIL	PASS	FAIL	PASS	PASS	PASS	PASS	PASS	PASS
ZeroCycle_TCTACG40NCTC_0_0	/scratch/project_2013895/SELEX/data/input_libraries/submitted_ftp/ZeroCycle_TCTACG40NCTC_0_0.fastq.gz	background	129171	5.1 Mbp	5100000	0	40	50	PASS	PASS	FAIL	PASS	WARN	PASS	PASS	PASS	PASS	PASS	PASS
ZeroCycle_TCTAAC40NACC_0_0	/scratch/project_2013895/SELEX/data/input_libraries/submitted_ftp/ZeroCycle_TCTAAC40NACC_0_0.fastq.gz	background	184949	7.3 Mbp	7300000	0	40	56	PASS	PASS	FAIL	PASS	FAIL	PASS	PASS	PASS	PASS	PASS	PASS
ZeroCycle_TCACAT40NATG_0_0	/scratch/project_2013895/SELEX/data/input_libraries/submitted_ftp/ZeroCycle_TCACAT40NATG_0_0.fastq.gz	background	255292	10.2 Mbp	10200000	0	40	53	PASS	PASS	FAIL	PASS	WARN	PASS	PASS	PASS	PASS	PASS	PASS
ZeroCycle_TGGCCT40NATTT_0_0	/scratch/project_2013895/SELEX/data/input_libraries/submitted_ftp/ZeroCycle_TGGCCT40NATTT_0_0.fastq.gz	background	269411	10.7 Mbp	10700000	0	40	46	PASS	PASS	WARN	PASS	PASS	PASS	PASS	PASS	PASS	PASS	PASS
ZeroCycle_TGCGCG40NTAG_0_0	/scratch/project_2013895/SELEX/data/input_libraries/submitted_ftp/ZeroCycle_TGCGCG40NTAG_0_0.fastq.gz	background	199420	7.9 Mbp	7900000	0	40	52	PASS	PASS	FAIL	PASS	FAIL	PASS	PASS	PASS	PASS	PASS	PASS
ZeroCycle_TGAGAA40NGCG_0_0	/scratch/project_2013895/SELEX/data/input_libraries/submitted_ftp/ZeroCycle_TGAGAA40NGCG_0_0.fastq.gz	background	223089	8.9 Mbp	8900000	0	40	48	PASS	PASS	FAIL	PASS	WARN	PASS	PASS	PASS	PASS	PASS	PASS
ZeroCycle_TCCTCA40NTATT_0_0	/scratch/project_2013895/SELEX/data/input_libraries/submitted_ftp/ZeroCycle_TCCTCA40NTATT_0_0.fastq.gz	background	341654	13.6 Mbp	13600000	0	40	46	PASS	PASS	WARN	PASS	WARN	PASS	PASS	PASS	PASS	PASS	PASS
ZeroCycle_TCACGC40NACT_0_0	/scratch/project_2013895/SELEX/data/input_libraries/submitted_ftp/ZeroCycle_TCACGC40NACT_0_0.fastq.gz	background	184636	7.3 Mbp	7300000	0	40	54	PASS	PASS	FAIL	PASS	WARN	PASS	PASS	PASS	PASS	PASS	PASS
ZeroCycle_TCTCCT40NCGGT_0_0	/scratch/project_2013895/SELEX/data/input_libraries/submitted_ftp/ZeroCycle_TCTCCT40NCGGT_0_0.fastq.gz	background	362651	14.5 Mbp	14500000	0	40	48	PASS	PASS	WARN	PASS	PASS	PASS	PASS	PASS	PASS	PASS	PASS
ZeroCycle_TCATCT40NATT_0_0	/scratch/project_2013895/SELEX/data/input_libraries/submitted_ftp/ZeroCycle_TCATCT40NATT_0_0.fastq.gz	background	84529	3.3 Mbp	3300000	0	40	56	PASS	PASS	FAIL	PASS	FAIL	PASS	PASS	PASS	PASS	PASS	PASS
ZeroCycle_TGATGC40NTAA_0_0	/scratch/project_2013895/SELEX/data/input_libraries/submitted_ftp/ZeroCycle_TGATGC40NTAA_0_0.fastq.gz	background	147511	5.9 Mbp	5900000	0	40	51	PASS	PASS	FAIL	PASS	WARN	PASS	PASS	PASS	PASS	PASS	PASS
ZeroCycle_TCTAGG40NCTG_0_0	/scratch/project_2013895/SELEX/data/input_libraries/submitted_ftp/ZeroCycle_TCTAGG40NCTG_0_0.fastq.gz	background	117948	4.7 Mbp	4700000	0	40	53	PASS	PASS	FAIL	PASS	FAIL	PASS	PASS	PASS	PASS	PASS	PASS
ZeroCycle_TTTATT40NATC_0_0	/scratch/project_2013895/SELEX/data/input_libraries/submitted_ftp/ZeroCycle_TTTATT40NATC_0_0.fastq.gz	background	171348	6.8 Mbp	6800000	0	40	54	PASS	PASS	FAIL	PASS	WARN	PASS	PASS	PASS	PASS	PASS	PASS
