Kmer	Corrected_count_scaled 	Corrected_count_rank
ATAATCCGAGCACGTG	1	1
CACGTGACGGGATCAG	0.722268	2
CACGTGAACATATTAA	0.713585	3
ATAAGCCCGGCACGTG	0.670991	4
CACGTGCTAGGATTAA	0.436057	5
CACGTGCAAGAATTAG	0.429724	6
CACGTGACCAGATTGC	0.394586	7
CACGTGATAAAATTAA	0.391216	8
CACGTGTCCGGGTTAG	0.373136	9
CACGTGCGGGGATTAC	0.370991	10
CAAATCCCACCACGTG	0.352503	11
CACGTGCTACGATTAG	0.34811	12
CACGTGACGGTATTAA	0.34811	13
CACGTGTGTAGATTCA	0.336261	14
CACGTGCATGGATTAG	0.33095	15
CACGTGACGAGCTTAG	0.328907	16
CACGTGCGGAGGTTAA	0.319714	17
CACGTGAGTGGAATAA	0.304903	18
CACGTGACTGGATCAC	0.303166	19
CACGTGAGTAGATTTC	0.300409	20
CACGTGAGTGGATTAC	0.289683	21
ATAATACTGTCACGTG	0.287538	22
CACGTGACGGGCTTAA	0.276813	23
ATAATCTGCTCACGTG	0.271604	24
CACGTGAATGAATTAA	0.27048	25
ATAATCCGGTCACGTG	0.25526	26
ATACTCCCTGCACGTG	0.235342	27
CACGTGACTGGATCAA	0.233197	28
CACGTTGCAAGATTAG	0.219816	29
ATAATCTCCTCACGTG	0.219408	30
CACGTGTCTGGCTTAG	0.213177	31
ATTATCTCCGCACGTG	0.203984	32
CACGTGACGCGATTAA	0.203984	33
CACGTGCTAGGATTAC	0.18999	34
CACGTGCTCGTATTAG	0.189275	35
CACGTGAGCGGATTTA	0.181716	36
CACGTGAGAGGATTAA	0.167722	37
CACGTGACTAGCTTAA	0.166701	38
CACGTGATACGATTAC	0.163636	39
ATAATCCGCGCACGTG	0.158631	40
CACGTGCCTCGATTAG	0.153422	41
CACGTGACCAGCTTAG	0.151175	42
ATAATCCCCGCACGTG	0.147497	43
CACGTGACAAGCTTAA	0.136772	44
ACAATCTTGTCACGTG	0.135649	45
CACGTGCGAGTATTAC	0.134934	46
CACGTGCTTGGATTCC	0.130133	47
CACGTGCGCAGCTTAA	0.116752	48
ATAATCCTCCCACGTG	0.103166	49
CAAATCCTTGCACGTG	0.0986721	50
CACGTGTCCGGATTAA	0.0975485	51
ATAATCTCATCACGTG	0.0968335	52
CACGTGACAGGATAAA	0.0893769	53
CACGTGACGAAATTAG	0.0886619	54
CACGTGTAAGGATTAA	0.0872319	55
ACAATCTGACCACGTG	0.0862104	56
ATAAGCCGCCCACGTG	0.0858018	57
CACGTGCCTGGATTAC	0.0842697	58
CACGTGTTAGGATTAA	0.0831461	59
CACGTGCGGAGATGAA	0.0818181	60
CACGTGCAGCGATTAC	0.0801839	61
ATAATCCTCTCACGTG	0.0783452	62
CACGTGAGATGATTAC	0.0780388	63
CACGTGACTAGAGTAG	0.0772217	64
CAAATCCGCGCACGTG	0.0757916	65
CACGTGTTGGCATTAA	0.072523	66
CACGTGCGTAGATGAC	0.0705822	67
CACGTGAGAAAATTAA	0.0698672	68
ATAATCCGCTCACGCG	0.0680286	69
ATAATCCATGCACGTG	0.0664964	70
CACGTGATGAGATTGA	0.0664964	71
CACGTGGAAAGATTAA	0.06619	72
ATAAGCCCCGCACGTG	0.0650664	73
ATAATCCGAACACGTG	0.0639428	74
CACGTGCTTGGATTAA	0.0632278	75
ATAAGCCCAACACGTG	0.0617977	76
CACGTGACCAGACTAA	0.059857	77
ATAATCCTTACACGTG	0.0596527	78
CACGTGAGAGGATGAA	0.059142	79
CACGTGCTCGGATCAA	0.058427	80
CACGTGCATGTATTAG	0.0565883	81
CACGTGACCGGATTAC	0.0543412	82
CACGTGGGCGGCTTAA	0.0543412	83
CACGTGTGAGGATTCA	0.0543412	84
CACGTGCAGGCATTAG	0.0543412	85
ATTATCTGTCCACGTG	0.0543412	86
AAAATCTCCTCACGTG	0.0529111	87
CACGTGACTAGAGTAA	0.0521961	88
ATAATGCTTGCACGTG	0.0517875	89
CACGTGAGCAGTTTAG	0.0514811	90
ATAATACACTCACGTG	0.0488253	91
CACGTGTGCGGATTAG	0.0488253	92
CACGTGACTGTATTAA	0.0488253	93
CACGTGAGAGGATTCG	0.0477017	94
CCCGTGATAAGATTAC	0.0458631	95
CACGTGCGGGGCTTAG	0.0451481	96
CACGTGCAAAGATTAA	0.0451481	97
CACGTGAGGGGGTTAA	0.0429009	98
ATAATTCAGTCACGTG	0.0421859	99
CACGTGCTCGGATTTC	0.0410623	100
ATAATGCGGACACGTG	0.0410623	101
CACGTGAACAGATTAC	0.0399387	102
CACGTGCGTAGATTGG	0.0358529	103
CACGTGAATGGATCAG	0.0344229	104
CACGTGCAGGGCTTAC	0.0341164	105
ATCATCTGTGCACGTG	0.0341164	106
CACGTGCACGGATTGC	0.0332993	107
CACGTGAGGGGATGAA	0.0328907	108
ATACTCCTGTCACGTG	0.0325843	109
CACGTGAGCGCATTAA	0.0321757	110
CACGGGGTCGGATTAA	0.0310521	111
CACGTGTTAGGATAAG	0.0303371	112
ATAAGCTACGCACGTG	0.0284985	113
ATAATCCTTTCACGCG	0.0262513	114
ATTATCCTCTCACGTG	0.0255363	115
CACGTGTTTAGATAAG	0.0255363	116
AAAATCCTCTCACGTG	0.0240041	117
ATAAACCCCGCACGTG	0.0240041	118
CACGTGTTGAGCTTAC	0.0229826	119
ATAATGCATACACGTG	0.022574	120
CACGTGTACGCATTAA	0.0221655	121
CACGTGCATGCATTAG	0.0221655	122
CACGTGACAAGATTGG	0.0221655	123
CACGTGATAACATTAA	0.021859	124
CACGTGTCCTGATTAC	0.0203269	125
CACGGGTAAGGATTAG	0.019714	126
CACGAGCCTGGATTAC	0.0196118	127
ATATTCCTGCCACGTG	0.0192033	128
CACGTGGATGTATTAA	0.0184882	129
CACGTGCTCAGATAAC	0.0173647	130
CACGTGAGCAAATTAA	0.0170582	131
CACGTGACAAGATGAG	0.0170582	132
ATAATCCCGACACGAG	0.014811	133
CACGTGCATATATTAA	0.0144025	134
CCCGTGCGGGGATTAC	0.0144025	135
ATAATCCCCGCAAGTG	0.0144025	136
CCCGTGCACGGATTAA	0.014096	137
ATAATCCCAACACGTG	0.0129724	138
CACGTGAGGGTATTAC	0.0118488	139
ATAATGCAGGCACGTG	0.0111338	140
CACGTGTCAGGATCAA	0.0111338	141
CTCGTGTCTGGATTAA	0.0111338	142
CACGTGTGGGGATTTC	0.0100102	143
AAAATCTCGGCACGTG	0.0100102	144
CACGTGCGTGGATTCA	0.00960164	145
ATAATTTTGTCACGTG	0.00960164	146
CACGTGAACAAATTAG	0.00888661	147
CACGTGTTTGGATCAG	0.00817159	148
CACGTGCAGAGATAAA	0.00776302	149
CACGTGTTGGTATTAA	0.007048	150
CACGTGTGAAGCTTAC	0.007048	151
CACGTGTACGGATAAG	0.007048	152
CACGTGCTGAGATCAA	0.00592441	153
ATCATCTCGGCACGTG	0.00592441	154
CACGTGCCAACATTAG	0.00592441	155
CACGTGCTGAGCTTAA	0.00561796	156
CACGTGAGTAGGTTAA	0.00520939	157
ATAATACGAGCACGTG	0.00480082	158
ATGATCCGAGCACGTG	0.00480082	159
ATAATCTGAGCACGTG	0.00480082	160
ACAATCCGAGCACGTG	0.00480082	161
ATGATCCGTGCACGTG	0.00480082	162
ATAATCTGATCACGTG	0.00480082	163
CACGTGAGGGGATTAC	0.00480082	164
ATAATCTCCGCACGTG	0.00480082	165
CACGTGCCAGGATTAA	0.00480082	166
ATCATCCGAGCACGTG	0.00480082	167
CACGTGCTAGGGTTAC	0.00480082	168
CAAATCCGAGCACGTG	0.00480082	169
ATTATCCCAGCACGTG	0.00480082	170
CACGTGCTAGGATTCC	0.00480082	171
CACGTGACCGGCTTAA	0.00480082	172
CACGTGCGGGGGTTAA	0.00480082	173
CACGTGCTTGGATTCA	0.00480082	174
ATAATCCGAGCACGGG	0.00480082	175
ATAATCCGCGCACGGG	0.00480082	176
CACGTGAGGGGATTGC	0.00480082	177
CACGTGCAGAGATTAA	0.00480082	178
CACGTGGTGGGATTAA	0.00480082	179
CACGTGCCTGGATTTC	0.00480082	180
CACGTGAGTGGAGTAA	0.00480082	181
ATAATCCGAAAACGTG	0.00480082	182
CACGTGAAGAGATTAA	0.00480082	183
CACGTGCATGAATTAG	0.00480082	184
CACGTGAAAGGATTCA	0.00480082	185
CACGTGACACGATTAC	0.00480082	186
ATAAGCTCGTCACGTG	0.00480082	187
CACGTGCTAGGTTTAA	0.00480082	188
CACGTGAGTGGATGAC	0.00480082	189
CACGTGACGGGCTTAG	0.00480082	190
CACGTGCGCAGGTTAG	0.00480082	191
ATAAACCCCTCACGTG	0.00480082	192
CGCGTGCGGGGATTAC	0.00480082	193
CACGTGCGTGGTTTAA	0.00480082	194
CACGTGAAAATATTAA	0.00480082	195
CACGTGAAAGGATGAA	0.00480082	196
CACGTGTAAGGATTGA	0.00480082	197
CACGTGCGCAGAGTAG	0.00480082	198
ATAATCCGAGCACTTG	0.00480082	199
ATAATCTGCTCACGCG	0.00480082	200
ACAATCTGCCCACGTG	0.00480082	201
CACGGGATAGGATTAC	0.00480082	202
ATAATCCGGTCCCGTG	0.00480082	203
CACGTGCGCACATTAG	0.00480082	204
CCCGTGAGTGGATTAC	0.00480082	205
CACGTGACTCGATTAG	0.00480082	206
CACGTGACGGGATGAC	0.00480082	207
ATAAACTTCTCACGTG	0.00480082	208
ATACTCTACACACGTG	0.00480082	209
ATTATCTCCACACGTG	0.00480082	210
CACGTGCAGAGAATAA	0.00480082	211
CACTTGCGGGGATTAC	0.00480082	212
ATAATCCTTACCCGTG	0.00480082	213
CACGTGACGGGTTTAA	0.00480082	214
CACGCGCTAGGATTAA	0.00480082	215
CACGTGGCCGGGTTAG	0.00480082	216
CACGTGACGGGACTAA	0.00480082	217
CCCGTGGTAGGATTAA	0.00480082	218
CACGTGATTAGTTTAA	0.00480082	219
CACGTGGTCAGATTGG	0.00480082	220
CACGTGACCAGATAAG	0.00480082	221
ATAATCCGGTCACTTG	0.00480082	222
CACGTGTGTAGATTCG	0.00480082	223
CACGTGGCCAGATTGC	0.00480082	224
CACATGCGTGGATTAA	0.00480082	225
CACGCGCCTGGATTAC	0.00480082	226
CAGGTGCAAAGATTAA	0.00480082	227
AACGTGATGGGATTAC	0.00480082	228
ATAATACTTACACGTG	0.0040858	229
CACGGGCAGGGATTAC	0.0040858	230
CACGTGGTTAGATTAG	0.0040858	231
CACGTGTATAGCTTAG	0.0040858	232
CACATGCGTGGATTAC	0.0040858	233
CACGTGCCGGGACTAC	0.00377935	234
ATAATACCGGCACGTG	0.00337078	235
CACGTGAGAGGATTAC	0.0029622	236
CACGTGCGCAGCTTAC	0.0029622	237
ATAATCTGCCCACGTG	0.0029622	238
ATAATCCCCCCACGCG	0.0029622	239
CACGGGGATGGATTAA	0.0029622	240
ATAACCCTTTCACGTG	0.0023493	241
CACGTGCTGATATTAC	0.00224718	242
CACGTGGCTGGATTAC	0.00224718	243
CACGTGAAAAGATTAG	0.00112359	244
ATAGTCTTATCACGTG	0.00112359	245
CTCGTGAGAGGATTAA	0.00112359	246
CTCGTGCATGGATTAC	0.00112359	247
CACGAGTGCAGATTAA	0.00112359	248
CATGTGTCTGGATTAA	0.00112359	249
CACGAGGAAGGATTAG	0.00112359	250
ATATTCCCAACACGTG	4.08571e-4	251
ATAATCCTAGCACGTG	0	252
ATAATCCTCGCACGTG	0	253
ATAATCCGATCACGTG	0	254
ATAATCCGCTCACGTG	0	255
ATAAGCCGAGCACGTG	0	256
ATAAGCCGCGCACGTG	0	257
ATAATCCCAGCACGTG	0	258
ATAATCCAAGCACGTG	0	259
CACGTGCTCGGATTAA	0	260
CACGTGCTCGGATTAC	0	261
ATAATCCACGCACGTG	0	262
CACGTGCGCGGATTAA	0	263
CACGTGCGCGGATTAC	0	264
ATAATCCGTGCACGTG	0	265
ATAATCCTATCACGTG	0	266
ATAAGCCTAGCACGTG	0	267
ATAAGCCTCGCACGTG	0	268
ATAATACGCGCACGTG	0	269
CACGTGCGAGGATTAA	0	270
ATGATCCGCGCACGTG	0	271
ATAATTCGAGCACGTG	0	272
CACGTGCGAGGATTAC	0	273
ATAATCCGGGCACGTG	0	274
ATAAGCCGATCACGTG	0	275
ATAATTCGCGCACGTG	0	276
ATAATCCTTGCACGTG	0	277
ATAAGCCGCTCACGTG	0	278
AAAATCCGAGCACGTG	0	279
ATAATCCCATCACGTG	0	280
AAAATCCGCGCACGTG	0	281
ATAATCCAATCACGTG	0	282
CACGTGATCGGATTAA	0	283
ATAATCCCCTCACGTG	0	284
ATAAGCCCAGCACGTG	0	285
CACGTGATCGGATTAC	0	286
ATAATCCACTCACGTG	0	287
CACGTGAGCGGATTAA	0	288
ATAATACTAGCACGTG	0	289
ATAAGCCAAGCACGTG	0	290
CACGTGCTCGGCTTAA	0	291
CACGTGAGCGGATTAC	0	292
CACGTGCTCGGCTTAC	0	293
ATAATACTCGCACGTG	0	294
ATAAGCCACGCACGTG	0	295
CACGTGCGCGGCTTAA	0	296
CACGTGCGCGGCTTAC	0	297
ATAATCCGTTCACGTG	0	298
CACGTGCTGGGATTAA	0	299
ATGATCCTAGCACGTG	0	300
CACGTGCTGGGATTAC	0	301
ATAAGCCGTGCACGTG	0	302
CACGTGCGGGGATTAA	0	303
ATAATCTGCGCACGTG	0	304
ATGATCCTCGCACGTG	0	305
ATAATTCTAGCACGTG	0	306
CACGTGCTTGGATTAC	0	307
ATAATCCTGGCACGTG	0	308
CACGTGCGTGGATTAA	0	309
ATAAGCCTATCACGTG	0	310
ATAATTCTCGCACGTG	0	311
CACGTGCGTGGATTAC	0	312
ATAATACGATCACGTG	0	313
ATAATCCCTGCACGTG	0	314
ATAAGCCTCTCACGTG	0	315
CACGTGCTCGGATTAG	0	316
CACGTGCACGGATTAA	0	317
AAAATCCTAGCACGTG	0	318
ATAACCCGAGCACGTG	0	319
ATAATACGCTCACGTG	0	320
ATAATCCGCACACGTG	0	321
ACAATCCGCGCACGTG	0	322
CACGTGCACGGATTAC	0	323
CACGTGCGCGGATTAG	0	324
AAAATCCTCGCACGTG	0	325
ATAACCCGCGCACGTG	0	326
CACGTGATAGGATTAA	0	327
ATGATCCGATCACGTG	0	328
CACGTGATAGGATTAC	0	329
CACGTGCTAGGCTTAA	0	330
ATGATCCGCTCACGTG	0	331
ATAATACCAGCACGTG	0	332
ATAATTCGATCACGTG	0	333
CACGTGCTAGGCTTAC	0	334
ATAATACAAGCACGTG	0	335
CACGTGCTCGTATTAA	0	336
CACGTGCGAGGCTTAA	0	337
ATAATACCCGCACGTG	0	338
ATAATTCGCTCACGTG	0	339
CACGTGCTCGTATTAC	0	340
CACGTGCGAGGCTTAC	0	341
ATAAGCCGGGCACGTG	0	342
ATAATACACGCACGTG	0	343
ATAATCCTTTCACGTG	0	344
CACGTGCGCGTATTAA	0	345
ATAATCTTAGCACGTG	0	346
ATGATCCCAGCACGTG	0	347
CACGTGCGCGTATTAC	0	348
AAAATCCGATCACGTG	0	349
AGAATCCGAGCACGTG	0	350
ATGATCCAAGCACGTG	0	351
ATAAGCCTTGCACGTG	0	352
ATAATCTTCGCACGTG	0	353
ATGATCCCCGCACGTG	0	354
ATAATTCCAGCACGTG	0	355
CACGTGCTCGGATCAC	0	356
AAAATCCGCTCACGTG	0	357
ATAATCCCGGCACGTG	0	358
ATAATACGTGCACGTG	0	359
AGAATCCGCGCACGTG	0	360
ATGATCCACGCACGTG	0	361
CACGTGCGCGGATCAA	0	362
ATAATTCAAGCACGTG	0	363
CACGTGCTCGAATTAA	0	364
ATAAGCCCATCACGTG	0	365
ATAATCCAGGCACGTG	0	366
ATAATTCCCGCACGTG	0	367
CACGTGCCCGGATTAA	0	368
CACGTGCGCGGATCAC	0	369
CACGTGCTCGAATTAC	0	370
ATAATACTATCACGTG	0	371
ATAAGCCAATCACGTG	0	372
CACGTGCCCGGATTAC	0	373
ATAATTCACGCACGTG	0	374
CACGTGATCGGCTTAA	0	375
ATAATCCTAACACGTG	0	376
CACGTGCGCGAATTAA	0	377
ACAATCCTAGCACGTG	0	378
ATAAGCCCCTCACGTG	0	379
CACGTGATCGGCTTAC	0	380
CACGTGCTAGGATTAG	0	381
CACGTGCGCGAATTAC	0	382
CACGTGCAAGGATTAA	0	383
ATAACCCTAGCACGTG	0	384
ATAATACTCTCACGTG	0	385
ATAAGCCACTCACGTG	0	386
CACGTGAGCGGCTTAA	0	387
AAAATCCCAGCACGTG	0	388
ATAATCCTCACACGTG	0	389
ACAATCCTCGCACGTG	0	390
CACGTGCAAGGATTAC	0	391
CACGTGAGCGGCTTAC	0	392
CACGTGCGAGGATTAG	0	393
AAAATCCAAGCACGTG	0	394
CACGTGCTCGGATTTA	0	395
ATAACCCTCGCACGTG	0	396
AAAATCCCCGCACGTG	0	397
ATAATTCGTGCACGTG	0	398
CACGTGATGGGATTAA	0	399
ATGATCCTATCACGTG	0	400
AAAATCCACGCACGTG	0	401
CACGTGATGGGATTAC	0	402
CACGTGCGCGGATTTA	0	403
CACGTGATTGGATTAA	0	404
ATAAGCCGTTCACGTG	0	405
CACGTGAGGGGATTAA	0	406
ATGATCCTCTCACGTG	0	407
ATAATTCTATCACGTG	0	408
CACGTGCGCGGATTTC	0	409
CACGTGATTGGATTAC	0	410
CACGTGCTGGGCTTAA	0	411
ATAAGCTGAGCACGTG	0	412
ATAATCCTGTCACGTG	0	413
CACGTGAGTGGATTAA	0	414
CACGTGCTGGGCTTAC	0	415
CACGTGCTAGTATTAA	0	416
CACGTGCTTGGCTTAA	0	417
ATAATTCTCTCACGTG	0	418
CACGTGCGGGGCTTAA	0	419
ATAAGCTGCGCACGTG	0	420
CACGTGCTAGTATTAC	0	421
CACGTGCTTGGCTTAC	0	422
AAAATCCGTGCACGTG	0	423
ATAAGCCTGGCACGTG	0	424
CACGTGCGAGTATTAA	0	425
ATACTCCGAGCACGTG	0	426
CACGTGCGTGGCTTAA	0	427
ATAATCCCTTCACGTG	0	428
ACAATCCGATCACGTG	0	429
ATAATCTCAGCACGTG	0	430
CACGTGCGTGGCTTAC	0	431
ATAATACGGGCACGTG	0	432
CACGTGATCGGATTAG	0	433
ATAATCCATTCACGTG	0	434
CACGTGAACGGATTAA	0	435
AAAATCCTATCACGTG	0	436
ATACTCCGCGCACGTG	0	437
ATAACCCGATCACGTG	0	438
AGAATCCTAGCACGTG	0	439
ATAATCTAAGCACGTG	0	440
CACGTGCTCAGATTAA	0	441
CACGTGCTAGGATCAA	0	442
ACAATCCGCTCACGTG	0	443
ATAAGCCCTGCACGTG	0	444
CACGTGAACGGATTAC	0	445
ATAAGCCGAACACGTG	0	446
CACGTGAGCGGATTAG	0	447
CACGTGCTCAGATTAC	0	448
CACGTGCTAGGATCAC	0	449
ATTATCCGAGCACGTG	0	450
ATAATACTTGCACGTG	0	451
ATAACCCGCTCACGTG	0	452
CACGTGCTCGGCTTAG	0	453
ATAAGCCATGCACGTG	0	454
AGAATCCTCGCACGTG	0	455
ATAATCTACGCACGTG	0	456
CACGTGCACGGCTTAA	0	457
CACGTGCGCAGATTAA	0	458
CACGTGCGAGGATCAA	0	459
CACGTGCTAGAATTAA	0	460
ATAAGCCGCACACGTG	0	461
CACGTGCACGGCTTAC	0	462
CACGTGCGCAGATTAC	0	463
CACGTGCGAGGATCAC	0	464
ATTATCCGCGCACGTG	0	465
CACGTGCTAGAATTAC	0	466
ATGATCCGGGCACGTG	0	467
CACGTGCGCGGCTTAG	0	468
CACGTGCCAGGATTAC	0	469
CACGTGATAGGCTTAA	0	470
CACGTGCGAGAATTAA	0	471
ATAATACCATCACGTG	0	472
ACAATCCCAGCACGTG	0	473
CACGTGATAGGCTTAC	0	474
CACGTGCGAGAATTAC	0	475
ATAATACAATCACGTG	0	476
ATAATTCGGGCACGTG	0	477
CACGTGATCGTATTAA	0	478
CACGTGCTGGGATTAG	0	479
ATAATCCAAACACGTG	0	480
CACGTGCAGGGATTAA	0	481
ATAATCTGTGCACGTG	0	482
ATGATCCTTGCACGTG	0	483
CACGTGTTCGGATTAA	0	484
CACGTGAGAGGCTTAA	0	485
ACAATCCAAGCACGTG	0	486
CACGTGCTCGGATTGA	0	487
ATAACCCCAGCACGTG	0	488
ATAATACCCTCACGTG	0	489
ATAATCCCCACACGTG	0	490
ATATTCCGAGCACGTG	0	491
ACAATCCCCGCACGTG	0	492
CACGTGATCGTATTAC	0	493
CACGTGCTTGGATTAG	0	494
CACGTGCAGGGATTAC	0	495
CACGTGTTCGGATTAC	0	496
CACGTGAGAGGCTTAC	0	497
CACGTGCATGGATTAA	0	498
CACGTGCTCGGATTGC	0	499
ATAAGCCGGTCACGTG	0	500
CACGTGCTAGGATTTA	0	501
ATAACCCAAGCACGTG	0	502
CACGTGCTCGGGTTAA	0	503
CACGTGAGCGTATTAA	0	504
CACGTGCGGGGATTAG	0	505
ATAATCCGACCACGTG	0	506
ATAATCCACACACGTG	0	507
CACGTGCTCCGATTAA	0	508
CACGTGTGCGGATTAA	0	509
CACGTGCGCGGATTGA	0	510
ATAACCCCCGCACGTG	0	511
ATAATTCTTGCACGTG	0	512
ATAATCTTATCACGTG	0	513
CACGTGCATGGATTAC	0	514
ATATTCCGCGCACGTG	0	515
CACGTGCTAGGATTTC	0	516
ATGATCCCATCACGTG	0	517
CACGTGCTCGGGTTAC	0	518
CACGTGAGCGTATTAC	0	519
CACGTGCGTGGATTAG	0	520
CACGTGCTCCGATTAC	0	521
CACGTGTGCGGATTAC	0	522
CACGTGCGCGGATTGC	0	523
CACGTGCGAGGATTTA	0	524
ATAACCCACGCACGTG	0	525
CACGTGCGCGGGTTAA	0	526
ATAATCCGCCCACGTG	0	527
AGAATCCGATCACGTG	0	528
CACGTGCGCCGATTAA	0	529
ATGATCCAATCACGTG	0	530
ATAAGCCTTTCACGTG	0	531
CACGTGATCGGATCAA	0	532
ATAATCTTCTCACGTG	0	533
CACGTGCGAGGATTTC	0	534
ATGATCCCCTCACGTG	0	535
ATAAGCTTAGCACGTG	0	536
CACGTGCGCGGGTTAC	0	537
AAAATCCGGGCACGTG	0	538
ATAATTCCATCACGTG	0	539
CACGTGCGCCGATTAC	0	540
CACGTGATCGGATCAC	0	541
ATAATGCGAGCACGTG	0	542
ATAATCCCGTCACGTG	0	543
ATAATACGTTCACGTG	0	544
AGAATCCGCTCACGTG	0	545
ATGATCCACTCACGTG	0	546
ATAATCCGTACACGTG	0	547
CACGTGAGCGGATCAA	0	548
ACAATCCGTGCACGTG	0	549
ATAATTCAATCACGTG	0	550
CACGTGCTGGTATTAA	0	551
ATAATATGAGCACGTG	0	552
CACGTGATCGAATTAA	0	553
ATAAGCTTCGCACGTG	0	554
ATAATCCAGTCACGTG	0	555
ATAATTCCCTCACGTG	0	556
CACGTGACCGGATTAA	0	557
CACGTGCACGGATTAG	0	558
CACGTGAGCGGATCAC	0	559
CACGTGCTGGTATTAC	0	560
ATAATGCGCGCACGTG	0	561
AAAATCCTTGCACGTG	0	562
CACGTGATCGAATTAC	0	563
CACGTGCTTGTATTAA	0	564
ATAACCCGTGCACGTG	0	565
ATACTCCTAGCACGTG	0	566
ATAATTCACTCACGTG	0	567
CACGTGCGGGTATTAA	0	568
ATAATATGCGCACGTG	0	569
CACGTGAGCGAATTAA	0	570
ACAATCCTATCACGTG	0	571
CACGTGCTTGTATTAC	0	572
ATAATACTGGCACGTG	0	573
ATAAGCCAGGCACGTG	0	574
CACGTGCGGGTATTAC	0	575
CACGTGATAGGATTAG	0	576
CACGTGAGCGAATTAC	0	577
CACGTGCCCGGCTTAA	0	578
CACGTGCGTGTATTAA	0	579
CACGTGAAAGGATTAA	0	580
ATACTCCTCGCACGTG	0	581
ATAACCCTATCACGTG	0	582
ATGATCCGTTCACGTG	0	583
AAAATCCCATCACGTG	0	584
CACGTGCTAAGATTAA	0	585
ACAATCCTCTCACGTG	0	586
AGAATCCCAGCACGTG	0	587
CACGTGCCCGGCTTAC	0	588
CACGTGCGTGTATTAC	0	589
CACGTGAAAGGATTAC	0	590
ATAAGCCTAACACGTG	0	591
CACGTGCTGGGATCAA	0	592
ATGATCTGAGCACGTG	0	593
ATCATCCGCGCACGTG	0	594
CACGTGAGAGGATTAG	0	595
CACGTGCTAAGATTAC	0	596
AAAATCCAATCACGTG	0	597
CACGTGATCGGATTTA	0	598
ATTATCCTAGCACGTG	0	599
AGAATCCAAGCACGTG	0	600
ATAACCCTCTCACGTG	0	601
CACGTGCTAGGCTTAG	0	602
CACGTGCTGGGATCAC	0	603
CACGTGCTCGGATTCA	0	604
CACGTGCTTGGATCAA	0	605
CACGTGCAAGGCTTAA	0	606
AAAATCCCCTCACGTG	0	607
CACGTGCGAAGATTAA	0	608
ATAATACCTGCACGTG	0	609
ATAATTCGTTCACGTG	0	610
ATAATACGAACACGTG	0	611
AGAATCCCCGCACGTG	0	612
ATAAGCCTCACACGTG	0	613
CACGTGCGGGGATCAA	0	614
ATGATCTGCGCACGTG	0	615
CACGTGATCGGATTTC	0	616
CACGTGCTGGAATTAA	0	617
ATAATTTGAGCACGTG	0	618
CACGTGCTCGGATTCC	0	619
CACGTGCTTGGATCAC	0	620
CACGTGCAAGGCTTAC	0	621
CACGTGCGAAGATTAC	0	622
AAAATCCACTCACGTG	0	623
ATAATACATGCACGTG	0	624
ATTATCCTCGCACGTG	0	625
CACGTGCCGGGATTAA	0	626
ATAATCTGGGCACGTG	0	627
CACGTGCACGTATTAA	0	628
ATGATCCTGGCACGTG	0	629
AGAATCCACGCACGTG	0	630
CACGTGCGAGGCTTAG	0	631
CACGTGCGGGGATCAC	0	632
CACGTGCGCGGATTCA	0	633
CACGTGCGTGGATCAA	0	634
CACGTGCTGGAATTAC	0	635
CACGTGCTTGAATTAA	0	636
ATAATACGCACACGTG	0	637
CACGTGAGCGGATTTC	0	638
CACGTGCCGGGATTAC	0	639
CACGTGATGGGCTTAA	0	640
ATAAGCTGATCACGTG	0	641
CACGTGCACGTATTAC	0	642
CACGTGCCTGGATTAA	0	643
CACGTGCGGGAATTAA	0	644
ATAATTTGCGCACGTG	0	645
CACGTGCGCGGATTCC	0	646
CACGTGCGTGGATCAC	0	647
CACGTGCTTGAATTAC	0	648
CACGTGCGCGTATTAG	0	649
ATAATTCTGGCACGTG	0	650
CACGTGATGGGCTTAC	0	651
CACGTGATAGTATTAA	0	652
CACGTGCGGGAATTAC	0	653
CACGTGATTGGCTTAA	0	654
CACGTGCGTGAATTAA	0	655
ATAATCTTTGCACGTG	0	656
CACGTGCTAGGATTGA	0	657
ATGATCCCTGCACGTG	0	658
CACGTGAGGGGCTTAA	0	659
ATAAGCTGCTCACGTG	0	660
ATGATCCGAACACGTG	0	661
ATATTCCTAGCACGTG	0	662
CACGTGATAGTATTAC	0	663
CACGTGATTGGCTTAC	0	664
CACGTGCGTGAATTAC	0	665
CACGTGTTAGGATTAC	0	666
AAAATCCGTTCACGTG	0	667
CACGTGCTAGGATTGC	0	668
ATAAGCCTGTCACGTG	0	669
AGAATCCGTGCACGTG	0	670
CACGTGAGGGGCTTAC	0	671
CACGTGCTAGGGTTAA	0	672
CACGTGAGAGTATTAA	0	673
ATACTCCGATCACGTG	0	674
CACGTGCTCGGATCAG	0	675
ATGATCCATGCACGTG	0	676
CACGTGAGTGGCTTAA	0	677
ATAATCCTACCACGTG	0	678
CACGTGCACGGATCAA	0	679
CACGTGCTGGGATTTA	0	680
AAAATCTGAGCACGTG	0	681
CACGTGCTACGATTAA	0	682
CACGTGTGAGGATTAA	0	683
CACGTGCGAGGATTGA	0	684
ATGATCCGCACACGTG	0	685
ATATTCCTCGCACGTG	0	686
ATAATTCCTGCACGTG	0	687
ATAATTCGAACACGTG	0	688
CACGTGAGAGTATTAC	0	689
CACGTGAGTGGCTTAC	0	690
CACGTGCACGGATCAC	0	691
ATAATACGGTCACGTG	0	692
CACGTGCTGGGATTTC	0	693
CACGTGCTACGATTAC	0	694
CACGTGTGAGGATTAC	0	695
CACGTGCTTGGATTTA	0	696
CACGTGCGAGGATTGC	0	697
ATAATCCGAGAACGTG	0	698
ATAATCCGGACACGTG	0	699
ACAATCCGGGCACGTG	0	700
CACGTGCGAGGGTTAA	0	701
ATACTCCGCTCACGTG	0	702
CACGTGCGCGGATCAG	0	703
AGAATCCTATCACGTG	0	704
CACGTGCTCGAATTAG	0	705
CACGTGCGGGGATTTA	0	706
AAAATCTGCGCACGTG	0	707
ATAATTCATGCACGTG	0	708
CACGTGCGACGATTAA	0	709
ATAATCTAATCACGTG	0	710
CACGTGCACGAATTAA	0	711
CACGTGATCAGATTAA	0	712
CACGTGATAGGATCAA	0	713
CACGTGCTTGGATTTC	0	714
ATAAGCCCTTCACGTG	0	715
CACGTGCCCGGATTAG	0	716
ATAATTCGCACACGTG	0	717
CACGTGCGAGGGTTAC	0	718
AAAATCCTGGCACGTG	0	719
ATAACCCGGGCACGTG	0	720
CACGTGCGGGGATTTC	0	721
CACGTGCGACGATTAC	0	722
ATAAGCTCAGCACGTG	0	723
CACGTGCGTGGATTTA	0	724
CACGTGCACGAATTAC	0	725
CACGTGATCAGATTAC	0	726
CACGTGATAGGATCAC	0	727
ATAATCCGCGAACGTG	0	728
ATTATCCGATCACGTG	0	729
ATAATGCTAGCACGTG	0	730
ATAATACTTTCACGTG	0	731
CACGTGATCGGCTTAG	0	732
ATAAGCCATTCACGTG	0	733
AGAATCCTCTCACGTG	0	734
CACGTGCGCGAATTAG	0	735
ATAATCTACTCACGTG	0	736
CACGTGAACGGCTTAA	0	737
CACGTGAGCAGATTAA	0	738
CACGTGAGAGGATCAA	0	739
ACAATCCTTGCACGTG	0	740
ATAATATTAGCACGTG	0	741
CACGTGCGTGGATTTC	0	742
CACGTGATAGAATTAA	0	743
ATAAGCTAAGCACGTG	0	744
CACGTGCTCAGCTTAA	0	745
CACGTGACAGGATTAA	0	746
CACGTGAACGGCTTAC	0	747
ATAAGCTCCGCACGTG	0	748
CACGTGCAAGGATTAG	0	749
CACGTGAGCAGATTAC	0	750
CACGTGAGAGGATCAC	0	751
ATTATCCGCTCACGTG	0	752
ATAATGCTCGCACGTG	0	753
CACGTGATAGAATTAC	0	754
ATGATCCGGTCACGTG	0	755
ATAACCCTTGCACGTG	0	756
CACGTGAGCGGCTTAG	0	757
CACGTGCTCAGCTTAC	0	758
AAAATCCCTGCACGTG	0	759
AAAATCCGAACACGTG	0	760
CACGTGACAGGATTAC	0	761
ATAATATTCGCACGTG	0	762
ATACTCCCAGCACGTG	0	763
CACGTGAGAGAATTAA	0	764
ACAATCCCATCACGTG	0	765
ATCATCCTAGCACGTG	0	766
AAAATCCATGCACGTG	0	767
CACGTGCACGGATTTA	0	768
CACGTGAGAGAATTAC	0	769
CACGTGCCAGGCTTAA	0	770
ATACTCCAAGCACGTG	0	771
CACGTGCTCGGAGTAA	0	772
ATAATTCGGTCACGTG	0	773
CACGTGATGGGATTAG	0	774
AAAATCCGCACACGTG	0	775
CACGTGAAGGGATTAA	0	776
ATAATCTGTTCACGTG	0	777
ATGATCCTTTCACGTG	0	778
ACAATCCAATCACGTG	0	779
ATACTCCCCGCACGTG	0	780
CACGTGATCGGATTGA	0	781
ATAACCCCATCACGTG	0	782
CACGTGCACGGATTTC	0	783
CACGTGCCAGGCTTAC	0	784
CACGTGCTGAGATTAA	0	785
ATGATCTTAGCACGTG	0	786
ATATTCCGATCACGTG	0	787
CACGTGCTCGGAGTAC	0	788
ACAATCCCCTCACGTG	0	789
ATAATACAGGCACGTG	0	790
CACGTGCCCGTATTAA	0	791
CACGTGATTGGATTAG	0	792
ATCATCCTCGCACGTG	0	793
CACGTGAAGGGATTAC	0	794
CACGTGAATGGATTAA	0	795
CACGTGATCGGATTGC	0	796
ATACTCCACGCACGTG	0	797
CACGTGATAGGATTTA	0	798
ATAACCCAATCACGTG	0	799
CACGTGCGCGGAGTAA	0	800
CACGTGATCGGGTTAA	0	801
CACGTGAGGGGATTAG	0	802
CACGTGCTGAGATTAC	0	803
CACGTGCTAGGATTCA	0	804
CACGTGCTTAGATTAA	0	805
CACGTGATCCGATTAA	0	806
ACAATCCACTCACGTG	0	807
CACGTGCCCGTATTAC	0	808
CACGTGAGCGGATTGA	0	809
ATAACCCCCTCACGTG	0	810
ATAATTCTTTCACGTG	0	811
CACGTGCTGGGCTTAG	0	812
ATAATACTAACACGTG	0	813
CACGTGAATGGATTAC	0	814
ATAAGCCAAACACGTG	0	815
CACGTGCAGGGCTTAA	0	816
ATAAGCTGTGCACGTG	0	817
CACGTGTTCGGCTTAA	0	818
CACGTGCGGAGATTAA	0	819
ATGATCTTCGCACGTG	0	820
ATATTCCGCTCACGTG	0	821
CACGTGATAGGATTTC	0	822
CACGTGCGCGGAGTAC	0	823
CACGTGATCGGGTTAC	0	824
ATAATTTTAGCACGTG	0	825
CACGTGAGTGGATTAG	0	826
CACGTGCTTAGATTAC	0	827
ATAAGCCCCACACGTG	0	828
CACGTGATCCGATTAC	0	829
ATTATCCAAGCACGTG	0	830
CACGTGAGCGGATTGC	0	831
CACGTGCTAGTATTAG	0	832
CACGTGCTCGGATAAA	0	833
CACGTGAGAGGATTTA	0	834
ATAACCCACTCACGTG	0	835
CACGTGCTTGGCTTAG	0	836
ATAATCTTGGCACGTG	0	837
CACGTGCAAGTATTAA	0	838
CACGTGAGCGGGTTAA	0	839
CACGTGTTCGGCTTAC	0	840
CACGTGCGGAGATTAC	0	841
CACGTGCATGGCTTAA	0	842
CACGTGCGAGGATTCA	0	843
CACGTGCGTAGATTAA	0	844
ATTATCCCCGCACGTG	0	845
CACGTGAGCCGATTAA	0	846
ATGATCCCGGCACGTG	0	847
ATAATACTCACACGTG	0	848
ATAAGCCGACCACGTG	0	849
ATAAGCCACACACGTG	0	850
CACGTGTGCGGCTTAA	0	851
CACGTGCTCGGATAAC	0	852
CACGTGAGAGGATTTC	0	853
ATAAGCTTATCACGTG	0	854
CACGTGCAAGTATTAC	0	855
CACGTGAGCGGGTTAC	0	856
ATAATTTTCGCACGTG	0	857
CACGTGCATGGCTTAC	0	858
CACGTGCGAGGATTCC	0	859
AAAATCCGGTCACGTG	0	860
CACGTGCGTAGATTAC	0	861
CACGTGAGCCGATTAC	0	862
AGAATCCGGGCACGTG	0	863
ATTATCCACGCACGTG	0	864
ATGATCCAGGCACGTG	0	865
CACGTGCGAGTATTAG	0	866
CACGTGCGCGGATAAA	0	867
CACGTGCCCGGATCAA	0	868
CACGTGCGTGGCTTAG	0	869
ATAATGCGATCACGTG	0	870
ATACTCCGTGCACGTG	0	871
CACGTGTGCGGCTTAC	0	872
ACAATCCGTTCACGTG	0	873
ATAATTCCGGCACGTG	0	874
CACGTGATGGTATTAA	0	875
ATAATATGATCACGTG	0	876
CACGTGCGCGGATAAC	0	877
ATAATCTCTGCACGTG	0	878
CACGTGCCCGGATCAC	0	879
CACGTGTTGGGATTAA	0	880
ATAATCTGAACACGTG	0	881
ATAAGCTTCTCACGTG	0	882
ATGATCCTAACACGTG	0	883
CACGTGCTGGGATTGA	0	884
ACAATCTGAGCACGTG	0	885
CACGTGAACGGATTAG	0	886
ATATTCCCAGCACGTG	0	887
CACGTGATGGTATTAC	0	888
ATAATGCGCTCACGTG	0	889
AAAATCCTTTCACGTG	0	890
ATAATTCAGGCACGTG	0	891
CACGTGATTGTATTAA	0	892
ATAACCCGTTCACGTG	0	893
CACGTGCCCGAATTAA	0	894
AGAATCCTTGCACGTG	0	895
CACGTGTTGGGATTAC	0	896
CACGTGCTCAGATTAG	0	897
ATACTCCTATCACGTG	0	898
CACGTGCTAGGATCAG	0	899
ATAATCTATGCACGTG	0	900
CACGTGTTTGGATTAA	0	901
CACGTGCTGGGATTGC	0	902
CACGTGCACAGATTAA	0	903
CACGTGCAAGGATCAA	0	904
ATAAGCCCGTCACGTG	0	905
CACGTGCTTGGATTGA	0	906
AAAATCTTAGCACGTG	0	907
CACGTGCTGGGGTTAA	0	908
CACGTGAGGGTATTAA	0	909
ATAACCTGAGCACGTG	0	910
ATAATATGCTCACGTG	0	911
ATAATCCCACCACGTG	0	912
ATAAGCCGTACACGTG	0	913
ATATTCCAAGCACGTG	0	914
CACGTGCTGCGATTAA	0	915
CACGTGTGGGGATTAA	0	916
ATAATCTGCACACGTG	0	917
ATGATCCTCACACGTG	0	918
CACGTGCTCGGAATAA	0	919
CACGTGATTGTATTAC	0	920
CACGTGCGGGGATTGA	0	921
CACGTGCCCGAATTAC	0	922
ACAATCTGCGCACGTG	0	923
ATAATTCTAACACGTG	0	924
CACGTGTTTGGATTAC	0	925
CACGTGCACAGATTAC	0	926
CACGTGCAAGGATCAC	0	927
ATCATCCGATCACGTG	0	928
ATATTCCCCGCACGTG	0	929
CACGTGCTTGGATTGC	0	930
ATTATCCGTGCACGTG	0	931
ATAAGCCAGTCACGTG	0	932
CACGTGCTGGGGTTAC	0	933
ATAATCCTAGAACGTG	0	934
CACGTGCTTGGGTTAA	0	935
CACGTGAGTGTATTAA	0	936
ATAATCCTGACACGTG	0	937
CACGTGCACGGCTTAG	0	938
ATAATCCAACCACGTG	0	939
CACGTGCTGCGATTAC	0	940
CACGTGTGGGGATTAC	0	941
CACGTGCGCAGATTAG	0	942
ACAATCCTGGCACGTG	0	943
ATACTCCTCTCACGTG	0	944
CACGTGCGAGGATCAG	0	945
CACGTGGTCGGATTAA	0	946
CACGTGCTCGGAATAC	0	947
CACGTGCTTCGATTAA	0	948
CACGTGTGTGGATTAA	0	949
CACGTGCGGGGATTGC	0	950
CACGTGCTAGAATTAG	0	951
CACGTGCGTGGATTGA	0	952
AAAATCTTCGCACGTG	0	953
ATAACCTGCGCACGTG	0	954
CACGTGCAAGAATTAA	0	955
CACGTGATAAGATTAA	0	956
ATAATCCCCCCACGTG	0	957
AGAATCCCATCACGTG	0	958
ATATTCCACGCACGTG	0	959
CACGTGCGGCGATTAA	0	960
CACGTGACCGGCTTAC	0	961
CACGTGCGCGGAATAA	0	962
CACGTGCTTGGGTTAC	0	963
CACGTGAGTGTATTAC	0	964
CACGTGCCAGGATTAG	0	965
CACGTGATGGGATCAA	0	966
ATGATCTGATCACGTG	0	967
ATAATTCTCACACGTG	0	968
CACGTGGTCGGATTAC	0	969
CACGTGCTTCGATTAC	0	970
CACGTGTGTGGATTAC	0	971
ATCATCCGCTCACGTG	0	972
ATAACCCTGGCACGTG	0	973
CACGTGCGTGGATTGC	0	974
CACGTGCGGGGGTTAC	0	975
CACGTGCAAGAATTAC	0	976
CACGTGATAAGATTAC	0	977
ATAATCCTCGAACGTG	0	978
AAAATCCCGGCACGTG	0	979
CACGTGCGTGGGTTAA	0	980
ATTATCCTATCACGTG	0	981
ATAATCCACCCACGTG	0	982
CACGTGCGGCGATTAC	0	983
AGAATCCAATCACGTG	0	984
CACGTGGGCGGATTAA	0	985
CACGTGCGCGGAATAC	0	986
CACGTGCGTCGATTAA	0	987
CACGTGATAGGCTTAG	0	988
CACGTGATGGGATCAC	0	989
CACGTGATCGGATTCA	0	990
CACGTGCGAGAATTAG	0	991
CACGTGATTGGATCAA	0	992
CACGTGAAAGGCTTAA	0	993
ATAATGCCAGCACGTG	0	994
CACGTGAGAAGATTAA	0	995
ATAATACCTTCACGTG	0	996
AGAATCCCCTCACGTG	0	997
ATAATCCCTACACGTG	0	998
CACGTGCGTGGGTTAC	0	999
CACGTGAGGGGATCAA	0	1000
CACGTGCTAAGCTTAA	0	1001
ATGATCTGCTCACGTG	0	1002
AAAATCCAGGCACGTG	0	1003
ACAATCCCTGCACGTG	0	1004
ACAATCCGAACACGTG	0	1005
ATAATATCAGCACGTG	0	1006
CACGTGCCCGGATTTA	0	1007
CACGTGGGCGGATTAC	0	1008
CACGTGATGGAATTAA	0	1009
CACGTGCGTCGATTAC	0	1010
ATAATTTGATCACGTG	0	1011
CACGTGATCGGATTCC	0	1012
CACGTGATTGGATCAC	0	1013
CACGTGAAAGGCTTAC	0	1014
CACGTGAGAAGATTAC	0	1015
ATAATGCAAGCACGTG	0	1016
CACGTGATCGTATTAG	0	1017
CACGTGCTCGCATTAA	0	1018
ATAATACATTCACGTG	0	1019
CACGTGACGGGATTAA	0	1020
ATAATCTGGTCACGTG	0	1021
CACGTGAACGTATTAA	0	1022
ATGATCCTGTCACGTG	0	1023
AGAATCCACTCACGTG	0	1024
CACGTGCAGGGATTAG	0	1025
CACGTGTTCGGATTAG	0	1026
CACGTGAGAGGCTTAG	0	1027
CACGTGAGGGGATCAC	0	1028
CACGTGAGCGGATTCA	0	1029
CACGTGCTAAGCTTAC	0	1030
ATAATCCATACACGTG	0	1031
CACGTGCTCGGATTGG	0	1032
CACGTGAGTGGATCAA	0	1033
CACGTGTACGGATTAA	0	1034
CACGTGCCCGGATTTC	0	1035
ATAATGCCCGCACGTG	0	1036
ACAATCCATGCACGTG	0	1037
CACGTGATGGAATTAC	0	1038
AAAATCCTAACACGTG	0	1039
ATAATATAAGCACGTG	0	1040
CACGTGCACGGATTGA	0	1041
ATAACCCCTGCACGTG	0	1042
CACGTGATTGAATTAA	0	1043
ATAACCCGAACACGTG	0	1044
CACGTGCTCATATTAA	0	1045
CACGTGCTCGCATTAC	0	1046
ATATTCCGTGCACGTG	0	1047
CACGTGCGAAGCTTAA	0	1048
CACGTGACGGGATTAC	0	1049
CACGTGAACGTATTAC	0	1050
ACAATCCGCACACGTG	0	1051
ATAATATCCGCACGTG	0	1052
CACGTGACTGGATTAA	0	1053
CACGTGAGGGAATTAA	0	1054
ATAATTTGCTCACGTG	0	1055
CACGTGAGCGGATTCC	0	1056
CACGTGAGTGGATCAC	0	1057
CACGTGTACGGATTAC	0	1058
CAAATCCTAGCACGTG	0	1059
ATAATGCACGCACGTG	0	1060
CACGTGATTGAATTAC	0	1061
CACGTGCTCGGGTTAG	0	1062
CACGTGAGCGTATTAG	0	1063
CACGTGCTCATATTAC	0	1064
CACGTGCGCGCATTAA	0	1065
CACGTGCAAGGATTTA	0	1066
ATAACCCATGCACGTG	0	1067
CACGTGCACGGGTTAA	0	1068
CACGTGCTCCGATTAG	0	1069
ATCATCCCAGCACGTG	0	1070
ATAATCCGTCCACGTG	0	1071
CACGTGCGAAGCTTAC	0	1072
CACGTGCTAGGAGTAA	0	1073
ATAATTCTGTCACGTG	0	1074
CACGTGCGCGGATTGG	0	1075
CACGTGCACCGATTAA	0	1076
CACGTGACTGGATTAC	0	1077
CACGTGAGGGAATTAC	0	1078
CACGTGCCGGGCTTAA	0	1079
ATAAGCTGGGCACGTG	0	1080
AAAATCCTCACACGTG	0	1081
ATAATATACGCACGTG	0	1082
CACGTGAGTGAATTAA	0	1083
ATAATCTTTTCACGTG	0	1084
ATAACCCGCACACGTG	0	1085
CACGTGCGCATATTAA	0	1086
CACGTGATAGGATTGA	0	1087
CACGTGCGCGCATTAC	0	1088
CACGTGCAAGGATTTC	0	1089
ATGATCCCTTCACGTG	0	1090
CACGTGCACGGGTTAC	0	1091
ATATTCCTATCACGTG	0	1092
CACGTGCTAGGAGTAC	0	1093
ATCATCCAAGCACGTG	0	1094
CACGTGCACCGATTAC	0	1095
CACGTGCTCGGATGAA	0	1096
CACGTGCCGGGCTTAC	0	1097
CAAATCCTCGCACGTG	0	1098
CACGTGCCAGTATTAA	0	1099
CACGTGAGTGAATTAC	0	1100
ATGATCTCAGCACGTG	0	1101
CACGTGCCTGGCTTAA	0	1102
CACGTGCGCGGGTTAG	0	1103
CACGTGCGCATATTAC	0	1104
CACGTGATAGGATTGC	0	1105
CACGTGCGCCGATTAG	0	1106
ATCATCCCCGCACGTG	0	1107
CACGTGCGAGGAGTAA	0	1108
AGAATCCGTTCACGTG	0	1109
CACGTGATAGGGTTAA	0	1110
CACGTGATCGGATCAG	0	1111
ATGATCCATTCACGTG	0	1112
CACGTGAACGGATCAA	0	1113
CACGTGATGGGATTTA	0	1114
AAAATCTGATCACGTG	0	1115
CACGTGATACGATTAA	0	1116
CACGTGCTCGGATGAC	0	1117
CACGTGCCAGTATTAC	0	1118
CACGTGAGAGGATTGA	0	1119
CACGTGCTGGGATTCA	0	1120
AGAATCTGAGCACGTG	0	1121
CACGTGCCTGGCTTAC	0	1122
ATGATCTAAGCACGTG	0	1123
ATAAGCTTTGCACGTG	0	1124
CACGTGTTAGGCTTAA	0	1125
CACGTGCTCAGATCAA	0	1126
ATATTCCTCTCACGTG	0	1127
ATAATTCCTTCACGTG	0	1128
ATAATACCAACACGTG	0	1129
CACGTGCGAGGAGTAC	0	1130
ATCATCCACGCACGTG	0	1131
CACGTGATAGGGTTAC	0	1132
CACGTGCGCGGATGAA	0	1133
ATACTCCGGGCACGTG	0	1134
CACGTGAACGGATCAC	0	1135
ATGATCTCCGCACGTG	0	1136
CACGTGATGGGATTTC	0	1137
ATAATGCGTGCACGTG	0	1138
CACGTGATTGGATTTA	0	1139
ATAATTTCAGCACGTG	0	1140
CACGTGAGAGGATTGC	0	1141
ATAATCCGATAACGTG	0	1142
CACGTGCTGGGATTCC	0	1143
CACGTGCTAGGATAAA	0	1144
ACAATCCGGTCACGTG	0	1145
CACGTGAGAGGGTTAA	0	1146
CACGTGTTAGGCTTAC	0	1147
CACGTGAGCGGATCAG	0	1148
CACGTGCTCAGATCAC	0	1149
CACGTGCTGGTATTAG	0	1150
CACGTGATCGAATTAG	0	1151
CACGTGAGGGGATTTA	0	1152
AAAATCTGCTCACGTG	0	1153
ATAATTCATTCACGTG	0	1154
CACGTGAGACGATTAA	0	1155
ATAATCTCGGCACGTG	0	1156
ATAATACAAACACGTG	0	1157
CACGTGCAGGTATTAA	0	1158
ATAATATGTGCACGTG	0	1159
CACGTGCGCGGATGAC	0	1160
CACGTGAACGAATTAA	0	1161
CACGTGTTCGTATTAA	0	1162
CACGTGCGGGGATTCA	0	1163
AGAATCTGCGCACGTG	0	1164
ATAAGCCTACCACGTG	0	1165
ATAATCCGAGCACGCG	0	1166
ATGATCTACGCACGTG	0	1167
CACGTGATTGGATTTC	0	1168
CACGTGTGAGGCTTAA	0	1169
CACGTGCGCAGATCAA	0	1170
CACGTGCTAGGATAAC	0	1171
CACGTGACCGGATTAG	0	1172
ATAATTTAAGCACGTG	0	1173
ATAATACCCACACGTG	0	1174
CACGTGCTCAAATTAA	0	1175
CACGTGAGAGGGTTAC	0	1176
AAAATCCTGTCACGTG	0	1177
ATAACCCGGTCACGTG	0	1178
CACGTGAGGGGATTTC	0	1179
CACGTGAGACGATTAC	0	1180
CACGTGCTTGTATTAG	0	1181
ATAAGCTCATCACGTG	0	1182
CACGTGCAGGTATTAC	0	1183
AGAATCCTGGCACGTG	0	1184
CACGTGAGTGGATTTA	0	1185
CACGTGAACGAATTAC	0	1186
CACGTGTTCGTATTAC	0	1187
ATAATCTAGGCACGTG	0	1188
ATAATTTCCGCACGTG	0	1189
CACGTGCTCTGATTAA	0	1190
CACGTGCATGTATTAA	0	1191
ATAATCCGCTAACGTG	0	1192
CACGTGCGGGGATTCC	0	1193
CACGTGCGAGGATAAA	0	1194
CACGTGCCCAGATTAA	0	1195
CACGTGCCAGGATCAA	0	1196
ATAATGCTATCACGTG	0	1197
ATACTCCTTGCACGTG	0	1198
CACGTGTGAGGCTTAC	0	1199
CACGTGCGCAGATCAC	0	1200
CACGTGCGGGTATTAG	0	1201
CACGTGAGCGAATTAG	0	1202
CACGTGCTCAAATTAC	0	1203
ATAAGCCGGACACGTG	0	1204
ATAATACGACCACGTG	0	1205
ATAATACACACACGTG	0	1206
CACGTGTGCGTATTAA	0	1207
ACAATCCTTTCACGTG	0	1208
ATAAGCCTCCCACGTG	0	1209
ATAATATTATCACGTG	0	1210
ATAATCCGCGCACGCG	0	1211
CACGTGAGTGGATTTC	0	1212
CACGTGCTCTGATTAC	0	1213
ATAAGCTAATCACGTG	0	1214
CACGTGCATGTATTAC	0	1215
CACGTGCGAGGATAAC	0	1216
CACGTGCCCAGATTAC	0	1217
ATAATTTACGCACGTG	0	1218
CACGTGATCAGCTTAA	0	1219
CACGTGCCAGGATCAC	0	1220
CACGTGCGTGGATTCC	0	1221
ATAATCTTAACACGTG	0	1222
CACGTGCGCAAATTAA	0	1223
ATTATCCGGGCACGTG	0	1224
ACAATCTTAGCACGTG	0	1225
ATCATCCGTGCACGTG	0	1226
CACGTGCCCGGCTTAG	0	1227
CACGTGCGTGTATTAG	0	1228
ATAAGCTCCTCACGTG	0	1229
CACGTGAAAGGATTAG	0	1230
ATGATCCCAACACGTG	0	1231
CACGTGTGCGTATTAC	0	1232
CACGTGCGCTGATTAA	0	1233
ATAATGCTCTCACGTG	0	1234
CACGTGCCAGAATTAA	0	1235
CACGTGATCAGCTTAC	0	1236
CACGTGCTAAGATTAG	0	1237
CACGTGCGCAAATTAC	0	1238
ATAATACGCCCACGTG	0	1239
AAAATCCCTTCACGTG	0	1240
AGAATCCCTGCACGTG	0	1241
ATAACCTTAGCACGTG	0	1242
ATAATATTCTCACGTG	0	1243
AGAATCCGAACACGTG	0	1244
ATACTCCCATCACGTG	0	1245
CACGTGCTGGGATCAG	0	1246
CACGTGCGCTGATTAC	0	1247
ATAAGCTACTCACGTG	0	1248
ATGATCCAAACACGTG	0	1249
ATAAGCCTTACACGTG	0	1250
CACGTGCAGGGATCAA	0	1251
ATGATCTGTGCACGTG	0	1252
CACGTGAGCAGCTTAA	0	1253
AAAATCTCAGCACGTG	0	1254
CACGTGTTCGGATCAA	0	1255
ATAATCTTCACACGTG	0	1256
CACGTGCTAGGAATAA	0	1257
CACGTGCCAGAATTAC	0	1258
ACAATCTTCGCACGTG	0	1259
ATGATCCCCACACGTG	0	1260
CACGTGCAAAGATTAC	0	1261
CAAATCCGATCACGTG	0	1262
ATCATCCTATCACGTG	0	1263
AAAATCCATTCACGTG	0	1264
ATAATTCCAACACGTG	0	1265
CACGTGAACGGATTTA	0	1266
ATTATCCTTGCACGTG	0	1267
CACGTGCTCGGATTCG	0	1268
AGAATCCATGCACGTG	0	1269
CACGTGACAGGCTTAA	0	1270
ATACTCCAATCACGTG	0	1271
CACGTGCTTGGATCAG	0	1272
CACGTGCAAGGCTTAG	0	1273
CACGTGCAGGGATCAC	0	1274
CACGTGCACGGATTCA	0	1275
ATAATACCGTCACGTG	0	1276
CACGTGAGCAGCTTAC	0	1277
CACGTGTTCGGATCAC	0	1278
CACGTGATCGGAGTAA	0	1279
CACGTGCGAAGATTAG	0	1280
CACGTGCATGGATCAA	0	1281
CACGTGGTAGGATTAA	0	1282
CACGTGCTAGGAATAC	0	1283
AAAATCTAAGCACGTG	0	1284
ATAATCCCAGAACGTG	0	1285
CACGTGCTCAGATTTA	0	1286
ATAATCCCGACACGTG	0	1287
ATAATACGTACACGTG	0	1288
ACAATCCCGGCACGTG	0	1289
ATAACCTTCGCACGTG	0	1290
AGAATCCGCACACGTG	0	1291
ATACTCCCCTCACGTG	0	1292
CACGTGCGGGGATCAG	0	1293
ATAAACCGAGCACGTG	0	1294
ATGATCCGACCACGTG	0	1295
ATGATCCACACACGTG	0	1296
CACGTGCTGGAATTAG	0	1297
CACGTGAACGGATTTC	0	1298
AAAATCTCCGCACGTG	0	1299
CACGTGTGCGGATCAA	0	1300
ATAATTCAAACACGTG	0	1301
CACGTGACAGGCTTAC	0	1302
CACGTGCGAGGAATAA	0	1303
CACGTGCAGGAATTAA	0	1304
ATAATTTGTGCACGTG	0	1305
CACGTGATGAGATTAA	0	1306
CACGTGCACGGATTCC	0	1307
CACGTGTTCGAATTAA	0	1308
ATGATCTTATCACGTG	0	1309
CACGTGATCGGAGTAC	0	1310
CACGTGCATGGATCAC	0	1311
ATAATACAGTCACGTG	0	1312
CACGTGGTAGGATTAC	0	1313
CAAATCCGCTCACGTG	0	1314
CACGTGACCGTATTAA	0	1315
CACGTGCTCAGATTTC	0	1316
CACGTGCCGGGATTAG	0	1317
ATCATCCTCTCACGTG	0	1318
CACGTGCACGTATTAG	0	1319
ATAATCCAAGAACGTG	0	1320
ATAATCCAGACACGTG	0	1321
ATAATTCCCACACGTG	0	1322
CACGTGCGCGGATTCG	0	1323
CACGTTCTCGGATTAA	0	1324
ACAATCCAGGCACGTG	0	1325
ATACTCCACTCACGTG	0	1326
CACGTGCGTGGATCAG	0	1327
CACGTGCCCGGATTGA	0	1328
ATAACCCCGGCACGTG	0	1329
CACGTGTGCGGATCAC	0	1330
CACGTGAGCGGAGTAA	0	1331
CACGTGCTTGAATTAG	0	1332
CACGTGGGAGGATTAA	0	1333
CACGTGCGAGGAATAC	0	1334
AAAATCTACGCACGTG	0	1335
CACGTGCAGGAATTAC	0	1336
CACGTGATGAGATTAC	0	1337
CACGTGATAGGATTCA	0	1338
CACGTGTTCGAATTAC	0	1339
ATAATCCCCGAACGTG	0	1340
CACGTGCGCAGATTTA	0	1341
CACGTGCATGAATTAA	0	1342
CACGTGATTAGATTAA	0	1343
ATTATCCCATCACGTG	0	1344
ATATTCCGGGCACGTG	0	1345
CACGTGACCGTATTAC	0	1346
ATAAACCGCGCACGTG	0	1347
ATGATCCGCCCACGTG	0	1348
CACGTGATGGGCTTAG	0	1349
CACGTGCCTGGATTAG	0	1350
CACGTGCGGGAATTAG	0	1351
CACGTTCTCGGATTAC	0	1352
CACGTGAAGGGCTTAA	0	1353
ATAATTCGACCACGTG	0	1354
ATAAGCTGTTCACGTG	0	1355
CACGTGTCCGGATTAC	0	1356
ATAATTCACACACGTG	0	1357
CACGTGAGGAGATTAA	0	1358
CACGTGTGCGAATTAA	0	1359
ATGATCTTCTCACGTG	0	1360
CACGTGCCCGGATTGC	0	1361
CACGTGAGCGGAGTAC	0	1362
ACAATCCTAACACGTG	0	1363
CACGTGCCAGGATTTA	0	1364
ATAACCCAGGCACGTG	0	1365
CACGTGGGAGGATTAC	0	1366
ATAATTTTATCACGTG	0	1367
CACGTGATAGGATTCC	0	1368
CACGTGCCCGGGTTAA	0	1369
CACGTGCGCAGATTTC	0	1370
CACGTGCATGAATTAC	0	1371
CACGTGATTAGATTAC	0	1372
ATAATCCGGCCACGTG	0	1373
ATAATCCACGAACGTG	0	1374
ATTATCCAATCACGTG	0	1375
CACGTTCGCGGATTAA	0	1376
CACGTGCCCCGATTAA	0	1377
CACGTGATAGTATTAG	0	1378
CACGTGATCGGATAAA	0	1379
CACGTGCTAGCATTAA	0	1380
CACGTGATTGGCTTAG	0	1381
ATAATCTTGTCACGTG	0	1382
CACGTGAAGGGCTTAC	0	1383
CACGTGAAAGTATTAA	0	1384
CACGTGCGTGAATTAG	0	1385
CACGTGAGGAGATTAC	0	1386
CACGTGTTAGGATTAG	0	1387
CACGTGAATGGCTTAA	0	1388
CACGTGAGAGGATTCA	0	1389
CACGTGTGCGAATTAC	0	1390
CACGTGAGTAGATTAA	0	1391
CACGTGCTAGGATTGG	0	1392
ATTATCCCCTCACGTG	0	1393
CACGTGCCAGGATTTC	0	1394
ATGATCCCGTCACGTG	0	1395
CACGTGCCCGGGTTAC	0	1396
CACGTGCAAGGATTGA	0	1397
CACGTGAGGGGCTTAG	0	1398
ATAACCCTAACACGTG	0	1399
CACGTGCTGAGCTTAC	0	1400
CACGTGCTAATATTAA	0	1401
CACGTGCTTAGCTTAA	0	1402
CACGTTCGCGGATTAC	0	1403
ATAATTCGCCCACGTG	0	1404
CACGTGCCCCGATTAC	0	1405
ATGATCCGTACACGTG	0	1406
AAAATCCCAACACGTG	0	1407
CACGTGATCGGATAAC	0	1408
CACGTGCTAGCATTAC	0	1409
ATATTCCTTGCACGTG	0	1410
CACGTGAAAGTATTAC	0	1411
ACAATCCTCACACGTG	0	1412
ATAATTTTCTCACGTG	0	1413
CACGTGAATGGCTTAC	0	1414
CACGTGAGAGGATTCC	0	1415
CACGTGAGTAGATTAC	0	1416
CACGTGCGGAGCTTAA	0	1417
CACGTGTAAGGATTAC	0	1418
AGAATCCGGTCACGTG	0	1419
ATTATCCACTCACGTG	0	1420
CACGTGCAAGGATTGC	0	1421
ATGATCCAGTCACGTG	0	1422
CACGTGCTAGGGTTAG	0	1423
CACGTGAGAGTATTAG	0	1424
CACGTGAGCGGATAAA	0	1425
CACGTGCTAATATTAC	0	1426
CACGTGCGAGCATTAA	0	1427
CACGTGACCGGATCAA	0	1428
CACGTGAGTGGCTTAG	0	1429
CACGTGCTTAGCTTAC	0	1430
CACGTGCAAGGGTTAA	0	1431
ATACTCCGTTCACGTG	0	1432
CACGTGCACGGATCAG	0	1433
CAAATCCCAGCACGTG	0	1434
CACGTGTGAGGATTAG	0	1435
ATAATCCTTCCACGTG	0	1436
AAAATCCAAACACGTG	0	1437
CACGTGCAGGGATTTA	0	1438
AAAATCTGTGCACGTG	0	1439
CACGTGCGAGGATTGG	0	1440
CACGTGCAACGATTAA	0	1441
CACGTGTTCGGATTTA	0	1442
ATAAGCTTGGCACGTG	0	1443
ATAACCCTCACACGTG	0	1444
CACGTGCGGAGCTTAC	0	1445
CACGTGCGAATATTAA	0	1446
CACGTGCTGGGAGTAA	0	1447
ATACTCTGAGCACGTG	0	1448
ATAATTCCGTCACGTG	0	1449
CACGTGCGTAGCTTAA	0	1450
AAAATCCCCACACGTG	0	1451
CACGTGAGCGGATAAC	0	1452
CACGTGCGAGCATTAC	0	1453
ATAATCTCTTCACGTG	0	1454
CACGTGACCGGATCAC	0	1455
ATAATTCGTACACGTG	0	1456
CACGTGCAAGGGTTAC	0	1457
ATAATGCGGGCACGTG	0	1458
CACGTGATGGGATTGA	0	1459
ACAATCTGATCACGTG	0	1460
CAAATCCAAGCACGTG	0	1461
CACGTGCAGGGATTTC	0	1462
CACGTGCAACGATTAC	0	1463
CACGTGTTCGGATTTC	0	1464
CACGTGCTAGGATGAA	0	1465
CACGTGCATGGATTTA	0	1466
ATAATCCGTGAACGTG	0	1467
ATATTCCCATCACGTG	0	1468
CACGTGCGAGGGTTAG	0	1469
CACGTGCGAATATTAC	0	1470
CACGTGCTGGGAGTAC	0	1471
CACGTGCGTAGCTTAC	0	1472
CACGTGCTTGGAGTAA	0	1473
CAAATCCCCGCACGTG	0	1474
CACGTGCCGGTATTAA	0	1475
ATAATATGGGCACGTG	0	1476
CACGTGCGACGATTAG	0	1477
CACGTGACCGAATTAA	0	1478
AAAATCCGACCACGTG	0	1479
AAAATCCACACACGTG	0	1480
AGAATCCTTTCACGTG	0	1481
CACGTGCACGAATTAG	0	1482
CACGTGATCAGATTAG	0	1483
CACGTGATAGGATCAG	0	1484
ATAATCTATTCACGTG	0	1485
CACGTGTGCGGATTTA	0	1486
CACGTGATGGGATTGC	0	1487
CACGTGAACAGATTAA	0	1488
CACGTGAAAGGATCAA	0	1489
CACGTGATTGGATTGA	0	1490
AAAATCTTATCACGTG	0	1491
CACGTGCGGGGAGTAA	0	1492
ATACTCTGCGCACGTG	0	1493
CACGTGCTAGGATGAC	0	1494
CACGTGATGGGGTTAA	0	1495
CACGTGCATGGATTTC	0	1496
ATAACCTGATCACGTG	0	1497
AGAATCTTAGCACGTG	0	1498
ATATTCCAATCACGTG	0	1499
CACGTGATGCGATTAA	0	1500
CACGTGCTTGGAGTAC	0	1501
CACGTGCTAAGATCAA	0	1502
CACGTGATCGGAATAA	0	1503
CACGTGCCGGTATTAC	0	1504
CACGTGAGGGGATTGA	0	1505
CACGTGACCGAATTAC	0	1506
ACAATCTGCTCACGTG	0	1507
CAAATCCACGCACGTG	0	1508
CACGTGCCTGTATTAA	0	1509
CACGTGTGCGGATTTC	0	1510
ATAAGCTCTGCACGTG	0	1511
CACGTGCGAGGATGAA	0	1512
CACGTGTTGGGCTTAA	0	1513
ATAAGCTGAACACGTG	0	1514
ATACTCCTGGCACGTG	0	1515
CACGTGAAAGGATCAC	0	1516
ATATTCCCCTCACGTG	0	1517
CACGTGATTGGATTGC	0	1518
CACGTGCGGGGAGTAC	0	1519
ATTATCCGTTCACGTG	0	1520
CACGTGATGGGGTTAC	0	1521
CACGTGCGTGGAGTAA	0	1522
ATAATCCTATAACGTG	0	1523
CACGTGATTGGGTTAA	0	1524
CACGTGAACGGCTTAG	0	1525
AAAATCCGCCCACGTG	0	1526
CACGTGATGCGATTAC	0	1527
CACGTGAGCAGATTAG	0	1528
ACAATCCTGTCACGTG	0	1529
CACGTGAGAGGATCAG	0	1530
CACGTGCTAAGATCAC	0	1531
CACGTGATCGGAATAC	0	1532
CACGTGATTCGATTAA	0	1533
CACGTGCTGGGATAAA	0	1534
ATTATCTGAGCACGTG	0	1535
CACGTGCCTGTATTAC	0	1536
CACGTGATAGAATTAG	0	1537
CACGTGAGTGGATTGA	0	1538
AAAATCTTCTCACGTG	0	1539
ATAATATTTGCACGTG	0	1540
CACGTGCGAGGATGAC	0	1541
ATAACCTGCTCACGTG	0	1542
CACGTGAAAGAATTAA	0	1543
CACGTGTTGGGCTTAC	0	1544
CACGTGCTCAGCTTAG	0	1545
CACGTGTTAGTATTAA	0	1546
ATAAGCTATGCACGTG	0	1547
AGAATCTTCGCACGTG	0	1548
CACGTGTTTGGCTTAA	0	1549
CACGTGCACAGCTTAA	0	1550
ATCATCCGGGCACGTG	0	1551
ATAATCCTAGCACGCG	0	1552
ATATTCCACTCACGTG	0	1553
CACGTGAGGCGATTAA	0	1554
CACGTGCGTGGAGTAC	0	1555
CACGTGCGAAGATCAA	0	1556
CACGTGAGCGGAATAA	0	1557
CACGTGATTGGGTTAC	0	1558
CACGTGACAGGATTAG	0	1559
ATAAGCCCACCACGTG	0	1560
CACGTGCTAAAATTAA	0	1561
CACGTGATTCGATTAC	0	1562
CACGTGTGGGGCTTAA	0	1563
ATAAGCTGCACACGTG	0	1564
CACGTGCTGGGATAAC	0	1565
ATAACCCTGTCACGTG	0	1566
CACGTGAGTGGATTGC	0	1567
CACGTGCTTGGATAAA	0	1568
CACGTGAGGGGGTTAC	0	1569
CACGTGAAAGAATTAC	0	1570
CACGTGTTAGTATTAC	0	1571
CACGTGCTATGATTAA	0	1572
ATAATCCTCTAACGTG	0	1573
AAAATCCCGTCACGTG	0	1574
CACGTGAGTGGGTTAA	0	1575
CACGTGTTTGGCTTAC	0	1576
CACGTGCCAAGATTAA	0	1577
CACGTGCACAGCTTAC	0	1578
CACGTGAGGCGATTAC	0	1579
AGAATCCCGGCACGTG	0	1580
CACGTGCGAAGATCAC	0	1581
CACGTGAGCGGAATAC	0	1582
CACGTGAGTCGATTAA	0	1583
AAAATCCGTACACGTG	0	1584
CACGTGCGGGGATAAA	0	1585
ATTATCTGCGCACGTG	0	1586
CACGTGAGAGAATTAG	0	1587
CACGTGCTAAAATTAC	0	1588
ATAAGCCTGACACGTG	0	1589
ATAATACTACCACGTG	0	1590
CACGTGCCGGGATCAA	0	1591
ATGATCTGGGCACGTG	0	1592
ATAATGCCATCACGTG	0	1593
ATAAGCCAACCACGTG	0	1594
CACGTGTGGGGCTTAC	0	1595
CACGTGCGCAGCTTAG	0	1596
CACGTGTGAGTATTAA	0	1597
ATACTCCGAACACGTG	0	1598
CACGTGGTCGGCTTAA	0	1599
CACGTGTGTGGCTTAA	0	1600
CACGTGCTTGGATAAC	0	1601
ATAATCCTCGCACGCG	0	1602
CACGTGCTATGATTAC	0	1603
ATAGTCCGAGCACGTG	0	1604
CACGTGAGTGGGTTAC	0	1605
CACGTGCCAAGATTAC	0	1606
CACGTGATAAGCTTAA	0	1607
AAAATCCAGTCACGTG	0	1608
ACAATCCCTTCACGTG	0	1609
ATAAGCCCCCCACGTG	0	1610
CACGTGCGAAAATTAA	0	1611
ATAATATCATCACGTG	0	1612
CACGTGACCGGATTTA	0	1613
ATTATCCTGGCACGTG	0	1614
CACGTGAGTCGATTAC	0	1615
CAAATCCGTGCACGTG	0	1616
AGAATCCAGGCACGTG	0	1617
ATCATCCTTGCACGTG	0	1618
CACGTGCGGGGATAAC	0	1619
CACGTGCCAGGCTTAG	0	1620
CACGTGCCGGGATCAC	0	1621
CACGTGCCCGGATTCA	0	1622
ATAATCTCAACACGTG	0	1623
CACGTGCGTGGATAAA	0	1624
CACGTGCCTGGATCAA	0	1625
CACGTGTGAGTATTAC	0	1626
ATAATGCAATCACGTG	0	1627
CACGTGCGATGATTAA	0	1628
CACGTGCTCGGAGTAG	0	1629
ACAATCTCAGCACGTG	0	1630
CACGTGGTCGGCTTAC	0	1631
ATACTCCATGCACGTG	0	1632
CACGTGTGTGGCTTAC	0	1633
CACGTGATCGCATTAA	0	1634
CACGTGCACGGAGTAA	0	1635
ATAATACGGACACGTG	0	1636
CACGTGAAGGGATTAG	0	1637
CACGTGATAAGCTTAC	0	1638
CACGTGCGAAAATTAC	0	1639
ATAATACTCCCACGTG	0	1640
CACGTGATCGGATTGG	0	1641
CACGTGACCGGATTTC	0	1642
ATAATGCCCTCACGTG	0	1643
ACAATCCATTCACGTG	0	1644
ATAATCCGAGCCCGTG	0	1645
ATAAGCCACCCACGTG	0	1646
ATAATATAATCACGTG	0	1647
CACGTGAACGGATTGA	0	1648
ATACTCCGCACACGTG	0	1649
ATAACCCCTTCACGTG	0	1650
CACGTGCCGGAATTAA	0	1651
ATAATTTGGGCACGTG	0	1652
CACGTGCCCGGATTCC	0	1653
CACGTGATCATATTAA	0	1654
CACGTGCTGAGATTAG	0	1655
CACGTGCGTGGATAAC	0	1656
AGAATCCTAACACGTG	0	1657
CACGTGCCTGGATCAC	0	1658
CACGTGCGATGATTAC	0	1659
ATAATCTAAACACGTG	0	1660
ATAGTCCGCGCACGTG	0	1661
ATGATCTTTGCACGTG	0	1662
CACGTGATCGCATTAC	0	1663
ATATTCCGTTCACGTG	0	1664
CACGTGTTCAGATTAA	0	1665
CACGTGAGAAGCTTAA	0	1666
ACAATCTAAGCACGTG	0	1667
CACGTGTTAGGATCAA	0	1668
CACGTGCACGGAGTAC	0	1669
CACGTGCCCGTATTAG	0	1670
CACGTGCTCAGATTGA	0	1671
ATAACCTCAGCACGTG	0	1672
ATAATATCCTCACGTG	0	1673
CACGTGAATGGATTAG	0	1674
ATAAGCCCTACACGTG	0	1675
ATAATCTCCACACGTG	0	1676
CAAATCCTATCACGTG	0	1677
CACGTGCTGGGAATAA	0	1678
ATATTCTGAGCACGTG	0	1679
ATAATGCACTCACGTG	0	1680
CACGTGAACGGATTGC	0	1681
CACGTGCGCGGAGTAG	0	1682
CACGTGCCGGAATTAC	0	1683
ACAATCTCCGCACGTG	0	1684
CACGTGGGCGGCTTAC	0	1685
CACGTGATCGGGTTAG	0	1686
CACGTGATCATATTAC	0	1687
CACGTGAAAGGATTTA	0	1688
ATAACCCATTCACGTG	0	1689
CACGTGCCTGAATTAA	0	1690
CACGTGCTAGGATTCG	0	1691
CACGTGAACGGGTTAA	0	1692
CACGTGCTTAGATTAG	0	1693
CACGTGCAGAGATTAC	0	1694
CACGTGATCCGATTAG	0	1695
CACGTGCAAGGATTCA	0	1696
ATCATCCCATCACGTG	0	1697
CACGTGTTCAGATTAC	0	1698
CACGTGAGAAGCTTAC	0	1699
CACGTGTTAGGATCAC	0	1700
CACGTGATAGGAGTAA	0	1701
CACGTGCATAGATTAA	0	1702
ATTATCCCTGCACGTG	0	1703
CACGTGAGCGGATTGG	0	1704
CACGTGAACCGATTAA	0	1705
CACGTGCTCAGATTGC	0	1706
ATTATCCGAACACGTG	0	1707
ATAATCCGCGCCCGTG	0	1708
ATAAGCTGGTCACGTG	0	1709
CACGTGCTAAGATTTA	0	1710
ATAACCTAAGCACGTG	0	1711
ATAATATACTCACGTG	0	1712
CACGTGCAGGGCTTAG	0	1713
CACGTGTTCGGCTTAG	0	1714
CACGTGCTCAGGTTAA	0	1715
CACGTGAGCATATTAA	0	1716
CACGTGCGGAGATTAG	0	1717
ATAAGCCATACACGTG	0	1718
AGAATCCTCACACGTG	0	1719
CACGTGCTGGGAATAC	0	1720
ATAATCTGACCACGTG	0	1721
ATAAACCTAGCACGTG	0	1722
ATAATCCTAGCACGGG	0	1723
ATAATCTACACACGTG	0	1724
CACGTGTACGGCTTAA	0	1725
ATGATCCTACCACGTG	0	1726
CACGTGCTTGGAATAA	0	1727
CACGTGAGCGCATTAC	0	1728
CACGTGTGCAGATTAA	0	1729
CACGTGAAAGGATTTC	0	1730
CACGTGCCTGAATTAC	0	1731
ACAATCTACGCACGTG	0	1732
CACGTGTGAGGATCAA	0	1733
CACGTGAACGGGTTAC	0	1734
CACGTGCGCAGATTGA	0	1735
ATAACCTCCGCACGTG	0	1736
ATAATTTTTGCACGTG	0	1737
CACGTGCAAGGATTCC	0	1738
CACGTGTTAGAATTAA	0	1739
CACGTGATAGGAGTAC	0	1740
CACGTGCATAGATTAC	0	1741
ATCATCCAATCACGTG	0	1742
CACGTGAACCGATTAC	0	1743
CACGTGCTCGGATAAG	0	1744
CACGTGATCGGATGAA	0	1745
CACGTGACGGGCTTAC	0	1746
ATTATCCATGCACGTG	0	1747
CAAATCCTCTCACGTG	0	1748
CACGTGACAGTATTAA	0	1749
CACGTGCGGGGAATAA	0	1750
ATATTCTGCGCACGTG	0	1751
CACGTGCTAAGATTTC	0	1752
CACGTGCAAGTATTAG	0	1753
ATGATCTCATCACGTG	0	1754
CACGTGCACGGATAAA	0	1755
CACGTGACTGGCTTAA	0	1756
CACGTGAGCGGGTTAG	0	1757
CACGTGCTCAGGTTAC	0	1758
CACGTGAGCATATTAC	0	1759
CACGTGCATGGCTTAG	0	1760
CACGTGCGAGGATTCG	0	1761
CACGTTCTAGGATTAA	0	1762
CACGTGGTGGGATTAC	0	1763
CACGTGTCAGGATTAA	0	1764
CACGTGCGTAGATTAG	0	1765
CACGTGTACGGCTTAC	0	1766
CACGTGGTTGGATTAA	0	1767
CACGTGCTTGGAATAC	0	1768
CACGTGAGCCGATTAG	0	1769
ATCATCCCCTCACGTG	0	1770
CACGTGTGCAGATTAC	0	1771
CACGTGCCAGGATTGA	0	1772
CACGTGTGAGGATCAC	0	1773
CACGTGAGAGGAGTAA	0	1774
CACGTGCGCAGATTGC	0	1775
ATTATCCGCACACGTG	0	1776
CACGTGTTAGAATTAC	0	1777
ATGATCCGGACACGTG	0	1778
CACGTGCGAAGATTTA	0	1779
ATAACCTACGCACGTG	0	1780
ATATTCCTGGCACGTG	0	1781
CACGTGTGCGGCTTAG	0	1782
CACGTGCGCAGGTTAA	0	1783
ATAAGCCGTCCACGTG	0	1784
CACGTGATCGGATGAC	0	1785
CACGTGACAGTATTAC	0	1786
CACGTGGGGGGATTAA	0	1787
CACGTGCGGGGAATAC	0	1788
ATAAACCTCGCACGTG	0	1789
ATAATCCTCGCACGGG	0	1790
ATGATCCTCCCACGTG	0	1791
CACGTGATGGGATTCA	0	1792
AGAATCTGATCACGTG	0	1793
CACGTGCACGGATAAC	0	1794
CACGTGACTGGCTTAC	0	1795
CACGTGCGTGGAATAA	0	1796
ATGATCTAATCACGTG	0	1797
CACGTTCTAGGATTAC	0	1798
ATAATTCTACCACGTG	0	1799
ATAAGCTTTTCACGTG	0	1800
CACGTGTCAGGATTAC	0	1801
CACGTGATCAGATCAA	0	1802
CACGTGGTTGGATTAC	0	1803
CACGTGTGAGAATTAA	0	1804
CACGTGCCAGGATTGC	0	1805
CACGTGAGAGGAGTAC	0	1806
ATCATCCACTCACGTG	0	1807
CACGTGCGCGGATAAG	0	1808
CACGTGAGCGGATGAA	0	1809
CACGTGCCAGGGTTAA	0	1810
ATACTCCGGTCACGTG	0	1811
CACGTGCGAAGATTTC	0	1812
CACGTGCCCGGATCAG	0	1813
ATGATCTCCTCACGTG	0	1814
ATAATCCTGCCACGTG	0	1815
CACGTGCGCAGGTTAC	0	1816
ACAATCCCAACACGTG	0	1817
ATAATGCGTTCACGTG	0	1818
CACGTTCGAGGATTAA	0	1819
CACGTGCCGGGATTTA	0	1820
AAAATCTGGGCACGTG	0	1821
CACGTGGGGGGATTAC	0	1822
CACGTGCCACGATTAA	0	1823
ATAATTTCATCACGTG	0	1824
CACGTGATGGGATTCC	0	1825
CACGTGATAGGATAAA	0	1826
CACGTGGGTGGATTAA	0	1827
CACGTGCGTGGAATAC	0	1828
CACGTGATTGGATTCA	0	1829
CACGTGATCAGATCAC	0	1830
CACGTGTGAGAATTAC	0	1831
CACGTGATGGTATTAG	0	1832
CACGTGCTGGCATTAA	0	1833
ATAATGTGAGCACGTG	0	1834
ATAATCTCGTCACGTG	0	1835
CACGTGAAGGTATTAA	0	1836
ATAATTCGGACACGTG	0	1837
ATAATATGTTCACGTG	0	1838
CACGTGAGCGGATGAC	0	1839
CACGTGCCAGGGTTAC	0	1840
CACGTGTTGGGATTAG	0	1841
CACGTGAGGGGATTCA	0	1842
AGAATCTGCTCACGTG	0	1843
CACGTGCTGGGATTGG	0	1844
CACGTGTAGGGATTAA	0	1845
ATAATCCGATCACGCG	0	1846
ATGATCTACTCACGTG	0	1847
ATAATCTGTACACGTG	0	1848
CACGTTCGAGGATTAC	0	1849
CACGTGCCGGGATTTC	0	1850
ATAATTCTCCCACGTG	0	1851
CACGTGCCACGATTAC	0	1852
ATGATCCTTACACGTG	0	1853
ACAATCCAAACACGTG	0	1854
CACGTGAGCAGATCAA	0	1855
CACGTGATAGGATAAC	0	1856
CACGTGCCTGGATTTA	0	1857
CACGTGCAGGGATTGA	0	1858
CACGTGGGTGGATTAC	0	1859
ACAATCTGTGCACGTG	0	1860
ATAATTTAATCACGTG	0	1861
CACGTGTTCGGATTGA	0	1862
ATAACCCCAACACGTG	0	1863
CACGTGATTGGATTCC	0	1864
ATAATCCGGGAACGTG	0	1865
CACGTGCTGATATTAA	0	1866
CACGTGATCAAATTAA	0	1867
CACGTGCTGGCATTAC	0	1868
ATATTCCCTGCACGTG	0	1869
ATATTCCGAACACGTG	0	1870
CACGTGATTGTATTAG	0	1871
CACGTGCTTGCATTAA	0	1872
CACGTGAAGGTATTAC	0	1873
AGAATCCTGTCACGTG	0	1874
ACAATCCCCACACGTG	0	1875
CACGTGCCCGAATTAG	0	1876
ATAATCTAGTCACGTG	0	1877
ATAATTTCCTCACGTG	0	1878
CACGTGATCTGATTAA	0	1879
CACGTGAATGTATTAA	0	1880
CACGTGAGGGGATTCC	0	1881
CACGTGAGAGGATAAA	0	1882
CACGTGACCAGATTAA	0	1883
CACGTGTTTGGATTAG	0	1884
CACGTGACAGGATCAA	0	1885
CACGTGAGTGGATTCA	0	1886
CACGTGTAGGGATTAC	0	1887
CACGTGCACAGATTAG	0	1888
ATACTCCTTTCACGTG	0	1889
CACGTGCAAGGATCAG	0	1890
CACGTGCTTGGATTGG	0	1891
CACGTGAGCAGATCAC	0	1892
CACGTGTATGGATTAA	0	1893
CACGTGCAGGGATTGC	0	1894
CACGTGTTCGGATTGC	0	1895
CACGTGCTGGGGTTAG	0	1896
CACGTGAGGGTATTAG	0	1897
CACGTGCGGGCATTAA	0	1898
CACGTGCATGGATTGA	0	1899
ATAATGTGCGCACGTG	0	1900
AAAATCTTTGCACGTG	0	1901
CACGTGATCAAATTAC	0	1902
CACGTGTTAGGATTTA	0	1903
ATAACCCAAACACGTG	0	1904
CACGTGCTTATATTAA	0	1905
CACGTGCAGGGGTTAA	0	1906
ATAACCTGTGCACGTG	0	1907
CACGTGTTCGGGTTAA	0	1908
CACGTGCTGCGATTAG	0	1909
CACGTGTGGGGATTAG	0	1910
ATAATCCCTCCACGTG	0	1911
ATACTCTTAGCACGTG	0	1912
CACGTGCTCGGAATAG	0	1913
CACGTGCTTGCATTAC	0	1914
ATATTCCATGCACGTG	0	1915
CACGTGCGGGGATTGG	0	1916
CACGTGCAGCGATTAA	0	1917
CACGTGTTCCGATTAA	0	1918
CACGTGATCTGATTAC	0	1919
ACAATCCGACCACGTG	0	1920
CACGTGCACGGAATAA	0	1921
ATAAGCTCGGCACGTG	0	1922
CACGTGAATGTATTAC	0	1923
ACAATCCACACACGTG	0	1924
CACGTGAGAGGATAAC	0	1925
CACGTGACCAGATTAC	0	1926
ATAATTTACTCACGTG	0	1927
CACGTGACAGGATCAC	0	1928
CACGTGTGCGGATTGA	0	1929
ATAACCCCCACACGTG	0	1930
CACGTGAGTGGATTCC	0	1931
ATAATTCTTACACGTG	0	1932
CACGTGCGGATATTAA	0	1933
ATTATCCGGTCACGTG	0	1934
CACGTGTATGGATTAC	0	1935
ATAATGCTGGCACGTG	0	1936
ACAATCTTATCACGTG	0	1937
ATCATCCGTTCACGTG	0	1938
CACGTGCGGGCATTAC	0	1939
CACGTGCATGGATTGC	0	1940
CACGTGACCGGCTTAG	0	1941
ATATTCCGCACACGTG	0	1942
CACGTGTTAGGATTTC	0	1943
CACGTGCTTGGGTTAG	0	1944
CACGTGAGTGTATTAG	0	1945
CACGTGCTTATATTAC	0	1946
CACGTGCGTGCATTAA	0	1947
CACGTGCAGGGGTTAC	0	1948
CACGTGTTCGGGTTAC	0	1949
CACGTGAGCTGATTAA	0	1950
ATAATCCTTGAACGTG	0	1951
CACGTGCATGGGTTAA	0	1952
CACGTGGTCGGATTAG	0	1953
CACGTGCTTCGATTAG	0	1954
CACGTGTGTGGATTAG	0	1955
ATAATCCATCCACGTG	0	1956
CACGTGTTCCGATTAC	0	1957
CACGTGCTGGGATGAA	0	1958
CACGTGGACGGATTAA	0	1959
CACGTGCACGGAATAC	0	1960
ATCATCTGAGCACGTG	0	1961
CACGTGCGTGGATTGG	0	1962
CACGTGCATCGATTAA	0	1963
ATAATATTGGCACGTG	0	1964
CACGTGACAGAATTAA	0	1965
AAAATCCTACCACGTG	0	1966
CACGTGTGCGGATTGC	0	1967
ATAAGCTAGGCACGTG	0	1968
CACGTGCGGGGGTTAG	0	1969
CACGTGCGGATATTAC	0	1970
CACGTGATAAGATTAG	0	1971
CACGTGAGCAAATTAC	0	1972
ATAACCCGACCACGTG	0	1973
CACGTGCCCAGCTTAA	0	1974
CACGTGTGAGGATTTA	0	1975
ATAACCCACACACGTG	0	1976
CACGTGCGTATATTAA	0	1977
CACGTGAAAAGATTAA	0	1978
CACGTGTGCGGGTTAA	0	1979
CACGTGCGGCGATTAG	0	1980
ATACTCTTCGCACGTG	0	1981
CACGTGCGCGGAATAG	0	1982
AGAATCCCTTCACGTG	0	1983
CACGTGCGTGCATTAC	0	1984
ATAACCTTATCACGTG	0	1985
CACGTGATGGGATCAG	0	1986
CACGTGTGCCGATTAA	0	1987
CACGTGAGCTGATTAC	0	1988
ACAATCCGCCCACGTG	0	1989
CACGTGCATGGGTTAC	0	1990
CACGTGAAGGGATCAA	0	1991
ATGATCTGTTCACGTG	0	1992
AAAATCTCATCACGTG	0	1993
CACGTGCTGGGATGAC	0	1994
CACGTGGACGGATTAC	0	1995
CACGTGATAGGAATAA	0	1996
CACGTGCATCGATTAC	0	1997
CACGTGACAGAATTAC	0	1998
ACAATCTTCTCACGTG	0	1999
AGAATCTCAGCACGTG	0	2000
CACGTGCTTGGATGAA	0	2001
CACGTGCCCAGCTTAC	0	2002
CACGTGTGAGGATTTC	0	2003
CACGTGCGTGGGTTAG	0	2004
CACGTGCGTATATTAC	0	2005
CACGTGAAAAGATTAC	0	2006
ATAAGCTTAACACGTG	0	2007
CACGTGTGCGGGTTAC	0	2008
AAAATCCGGACACGTG	0	2009
CACGTGGGCGGATTAG	0	2010
CACGTGCGTCGATTAG	0	2011
ATTATCCTTTCACGTG	0	2012
CACGTGATCGGATTCG	0	2013
AGAATCCATTCACGTG	0	2014
CACGTGTGCCGATTAC	0	2015
CACGTGCGGGGATGAA	0	2016
ATCATCTGCGCACGTG	0	2017
CACGTGATTGGATCAG	0	2018
ATACTCCCGGCACGTG	0	2019
CACGTGAAAGGCTTAG	0	2020
CACGTGAAGGGATCAC	0	2021
CACGTGAACGGATTCA	0	2022
AAAATCCTCCCACGTG	0	2023
CACGTGAGAAGATTAG	0	2024
CACGTGAATGGATCAA	0	2025
ATAACCCGCCCACGTG	0	2026
ATAATGCCTGCACGTG	0	2027
CACGTGATAGGAATAC	0	2028
AAAATCTAATCACGTG	0	2029
ATAATGCGAACACGTG	0	2030
ATAATCCCATAACGTG	0	2031
CACGTGCTTGGATGAC	0	2032
CACGTGATCAGATTTA	0	2033
ATTATCTTAGCACGTG	0	2034
AGAATCTAAGCACGTG	0	2035
ACAATCCCGTCACGTG	0	2036
ATAACCTTCTCACGTG	0	2037
CACGTGAGGGGATCAG	0	2038
CACGTGCTAAGCTTAG	0	2039
CACGTGCTGAGATCAC	0	2040
CACGTGCTCAGATTCA	0	2041
ATAAACCGATCACGTG	0	2042
ATAATCCGATCACGGG	0	2043
CACGTGCTTAGATCAA	0	2044
CAAATCCGGGCACGTG	0	2045
CACGTGCAAAGCTTAA	0	2046
CACGTGATGGAATTAG	0	2047
ATCATCCTGGCACGTG	0	2048
ACAATCCGTACACGTG	0	2049
ATAATATCTGCACGTG	0	2050
CACGTGCGGGGATGAC	0	2051
CACGTGAGAGGAATAA	0	2052
CACGTGAAGGAATTAA	0	2053
ATAATTTGTTCACGTG	0	2054
ATAATATGAACACGTG	0	2055
CACGTGAACGGATTCC	0	2056
AGAATCTCCGCACGTG	0	2057
CACGTGCGTGGATGAA	0	2058
ATACTCCAGGCACGTG	0	2059
CACGTGAATGGATCAC	0	2060
ATAATCCCAGCACGCG	0	2061
CACGTGCCCGGAGTAA	0	2062
CACGTGCTCGCATTAG	0	2063
ATAAGCTTCACACGTG	0	2064
CACGTGCGGAGATCAA	0	2065
ATAATGCATGCACGTG	0	2066
CACGTGATCAGATTTC	0	2067
CACGTGACGGGATTAG	0	2068
CACGTGAACGTATTAG	0	2069
ATAATCCAATAACGTG	0	2070
CACGTGCACGCATTAA	0	2071
CACGTGCTGAAATTAA	0	2072
CACGTGAGCGGATTCG	0	2073
CACGTTATCGGATTAA	0	2074
CACGTGCTCAGATTCC	0	2075
ACAATCCAGTCACGTG	0	2076
CACGTGAGTGGATCAG	0	2077
CACGTGTACGGATTAG	0	2078
CACGTGCTTAGATCAC	0	2079
CACGTGCAAAGCTTAC	0	2080
CACGTGACCGGATTGA	0	2081
ATAACCCCGTCACGTG	0	2082
CACGTGCACGGATTGG	0	2083
CACGTGATTGAATTAG	0	2084
CACGTGAGAGGAATAC	0	2085
AAAATCTACTCACGTG	0	2086
CACGTGAAGGAATTAC	0	2087
CACGTGTTGGTATTAC	0	2088
CACGTGCTCATATTAG	0	2089
CACGTGCTGTGATTAA	0	2090
ATAATGCGCACACGTG	0	2091
AAAATCCTTACACGTG	0	2092
ATAATCCCCTAACGTG	0	2093
ATAATATATGCACGTG	0	2094
CACGTGCGTGGATGAC	0	2095
CACGTGAGCAGATTTA	0	2096
ATTATCTTCGCACGTG	0	2097
CACGTGCCGAGATTAA	0	2098
CACGTGTTTGTATTAA	0	2099
ATAACCCGTACACGTG	0	2100
CACGTGCACATATTAA	0	2101
ATGATCTTGGCACGTG	0	2102
ATATTCCGGTCACGTG	0	2103
AGAATCTACGCACGTG	0	2104
CACGTGCCCGGAGTAC	0	2105
CACGTGCGAAGCTTAG	0	2106
CACGTGCGGAGATCAC	0	2107
CACGTGCGCAGATTCA	0	2108
ATAATCCAAGCACGCG	0	2109
ATACTCCTAACACGTG	0	2110
ATAAACCGCTCACGTG	0	2111
ATAATCCGCTCACGGG	0	2112
CACGTGGTAGGCTTAA	0	2113
CGCGTGCTCGGATTAA	0	2114
CACGTGCGTAGATCAA	0	2115
CACGTGCACGCATTAC	0	2116
CACGTGACTGGATTAG	0	2117
CACGTGAGGGAATTAG	0	2118
CACGTGCTGAAATTAC	0	2119
ATAAGCCCGACACGTG	0	2120
ATAATACCACCACGTG	0	2121
CACGTTATCGGATTAC	0	2122
CACGTGCTTAAATTAA	0	2123
ATAGTCCTAGCACGTG	0	2124
CACGTGTGGGTATTAA	0	2125
ATAATATGCACACGTG	0	2126
CACGTGACCGGATTGC	0	2127
CACGTGACAGGATTTA	0	2128
ATAACCCAGTCACGTG	0	2129
ATAATCCCCGCACGCG	0	2130
CACGTGCTGTGATTAC	0	2131
CACGTGCGCGCATTAG	0	2132
CACGTGACCGGGTTAA	0	2133
CACGTGAGCAGATTTC	0	2134
CACGTGAATGAATTAC	0	2135
CACGTGCCGAGATTAC	0	2136
CACGTGTTTGTATTAC	0	2137
CACGTGCTTTGATTAA	0	2138
CACGTGCACGGGTTAG	0	2139
CACGTGATGAGCTTAA	0	2140
CACGTGCCAGGATTCA	0	2141
CACGTGCACATATTAC	0	2142
ATAATCCACTAACGTG	0	2143
CACGTGCCTAGATTAA	0	2144
CACGTGCGGAAATTAA	0	2145
CACGTTAGCGGATTAA	0	2146
ATTATCCCGGCACGTG	0	2147
CACGTGCGCAGATTCC	0	2148
CACGTGACCCGATTAA	0	2149
CACGTGCTAGGAGTAG	0	2150
CACGTGGTAGGCTTAC	0	2151
CACGTGCACCGATTAG	0	2152
CGCGTGCTCGGATTAC	0	2153
ATCATCCCTGCACGTG	0	2154
CACGTGCGTAGATCAC	0	2155
CACGTGATAGCATTAA	0	2156
CACGTGCAAGGAGTAA	0	2157
ATCATCCGAACACGTG	0	2158
CACGTGCCGGGCTTAG	0	2159
ATAATACTGACACGTG	0	2160
CACGTGAGTGAATTAG	0	2161
CACGTGCTTAAATTAC	0	2162
ATAAGCCAGACACGTG	0	2163
ATAATACAACCACGTG	0	2164
CACGTGTGGGTATTAC	0	2165
CACGTGCGCATATTAG	0	2166
CACGTGCGGTGATTAA	0	2167
CACGTGTCCGGCTTAA	0	2168
CACGTGGTCGTATTAA	0	2169
CACGTGTGTGTATTAA	0	2170
CACGTGATAGGATTGG	0	2171
CACGTGACAGGATTTC	0	2172
ATAATCCTAGCCCGTG	0	2173
CACGTGACCGGGTTAC	0	2174
ATAATCCACGCACGCG	0	2175
CACGTGAAAGGATTGA	0	2176
ATACTCCTCACACGTG	0	2177
ATAATTTTGGCACGTG	0	2178
CACGTGGGAGGCTTAA	0	2179
CACGTGCTTTGATTAC	0	2180
CACGTGATGAGCTTAC	0	2181
CACGTGCCAGGATTCC	0	2182
CACGTGATAATATTAA	0	2183
CGCGTGCGCGGATTAA	0	2184
CACGTGCCTAGATTAC	0	2185
CACGTGCGGAAATTAC	0	2186
ATAATACCCCCACGTG	0	2187
CACGTGATTAGCTTAA	0	2188
CACGTTAGCGGATTAC	0	2189
CACGTGACCCGATTAC	0	2190
CACGTGCGTAAATTAA	0	2191
ATAGTCCTCGCACGTG	0	2192
ATTATCCAGGCACGTG	0	2193
CACGTGATAGCATTAC	0	2194
ATATTCCTTTCACGTG	0	2195
CACGTGTTAAGATTAA	0	2196
CACGTGCAAGGAGTAC	0	2197
CACGTGCTCGGATGAG	0	2198
CACGTGCCAGTATTAG	0	2199
CACGTGCCCGGATAAA	0	2200
ATCATCCATGCACGTG	0	2201
CACGTGCTAAGATTGA	0	2202
AGAATCCCAACACGTG	0	2203
CACGTGCCTGGCTTAG	0	2204
CACGTGCACGGATGAA	0	2205
CACGTGCGGTGATTAC	0	2206
CACGTGTCCGGCTTAC	0	2207
CACGTGGTCGTATTAC	0	2208
CACGTGTGTGTATTAC	0	2209
ATGATCTCTGCACGTG	0	2210
CACGTGCGTTGATTAA	0	2211
CACGTGAGGAGCTTAA	0	2212
CACGTGTTGGGATCAA	0	2213
ATGATCTGAACACGTG	0	2214
ATATTCTTAGCACGTG	0	2215
CACGTGAAAGGATTGC	0	2216
CACGTGCGAGGAGTAG	0	2217
CACGTGGGAGGCTTAC	0	2218
CACGTGATAGGGTTAG	0	2219
CACGTGATAATATTAC	0	2220
CGCGTGCGCGGATTAC	0	2221
CACGTGAGAGCATTAA	0	2222
ATCATCCGCACACGTG	0	2223
CACGTGATTAGCTTAC	0	2224
CACGTGAAAGGGTTAA	0	2225
CACGTGAACGGATCAG	0	2226
ATAAGCCGGCCACGTG	0	2227
CACGTGCGTAAATTAC	0	2228
CAAATCCCATCACGTG	0	2229
ATAATACACCCACGTG	0	2230
CACGTGATACGATTAG	0	2231
CACGTGTTAAGATTAC	0	2232
CACGTGGGCGTATTAA	0	2233
CACGTGCCCGGATAAC	0	2234
CACGTGAAGGGATTTA	0	2235
AAAATCTGTTCACGTG	0	2236
CACGTGAGAGGATTGG	0	2237
CACGTGAAACGATTAA	0	2238
CACGTGCTAAGATTGC	0	2239
CACGTGCTGGGATTCG	0	2240
ATTATCCTAACACGTG	0	2241
ATAATCCTCGCCCGTG	0	2242
CACGTGCACGGATGAC	0	2243
ATAAGCTTGTCACGTG	0	2244
AGAATCCAAACACGTG	0	2245
CACGTGCAGGGATTCA	0	2246
AGAATCTGTGCACGTG	0	2247
CACGTGCGTTGATTAC	0	2248
CACGTGAGGAGCTTAC	0	2249
CACGTGTTAGGCTTAG	0	2250
CACGTGCTAAGGTTAA	0	2251
CACGTGAGAATATTAA	0	2252
CACGTGTTGGGATCAC	0	2253
CACGTGTTCGGATTCA	0	2254
CACGTGATGGGAGTAA	0	2255
ATACTCTGATCACGTG	0	2256
CACGTGCTCAGATCAG	0	2257
ATGATCTATGCACGTG	0	2258
CACGTGAGTAGCTTAA	0	2259
ATAATCTTACCACGTG	0	2260
CACGTGTTTGGATCAA	0	2261
CACGTGTAAGGCTTAA	0	2262
CACGTGCACAGATCAA	0	2263
CACGTGCTGAGATTTA	0	2264
CACGTGAGAGCATTAC	0	2265
CACGTGTGAAGATTAA	0	2266
ATAATACCTACACGTG	0	2267
CACGTGCGCGGATGAG	0	2268
CACGTGAAAGGGTTAC	0	2269
CACGTGCGAAGATTGA	0	2270
AGAATCCCCACACGTG	0	2271
ATAAACCCAGCACGTG	0	2272
ATAATCCCAGCACGGG	0	2273
ATAATGCGGTCACGTG	0	2274
ATGATCCCACCACGTG	0	2275
CACGTGGGCGTATTAC	0	2276
CAAATCCAATCACGTG	0	2277
CACGTGAAGGGATTTC	0	2278
CACGTGAAACGATTAC	0	2279
CACGTGTGGGGATCAA	0	2280
ATGATCTGCACACGTG	0	2281
CACGTGCTAGGATAAG	0	2282
CACGTGATAGGATGAA	0	2283
CACGTGAATGGATTTA	0	2284
ATATTCTTCGCACGTG	0	2285
ATAATTTCTGCACGTG	0	2286
CACGTGCTTGGATTCG	0	2287
ATAATCCGTTAACGTG	0	2288
CACGTGCAGGGATTCC	0	2289
CACGTGTTGGAATTAA	0	2290
ATAATTTGAACACGTG	0	2291
CACGTGCAAGGATAAA	0	2292
CACGTGAGAGGGTTAG	0	2293
CACGTGCTAAGGTTAC	0	2294
CACGTGAGAATATTAC	0	2295
CACGTGTTCGGATTCC	0	2296
CACGTGATGGGAGTAC	0	2297
CACGTGCATGGATTCA	0	2298
CACGTGAGTAGCTTAC	0	2299
CACGTGTTTGGATCAC	0	2300
CACGTGATTGGAGTAA	0	2301
CACGTGTAAGGCTTAC	0	2302
CACGTGCACAGATCAC	0	2303
CAAATCCCCTCACGTG	0	2304
ATAATATGGTCACGTG	0	2305
CACGTGCTGAGATTTC	0	2306
CACGTGAGACGATTAG	0	2307
CACGTGTGAAGATTAC	0	2308
CACGTGCAGGTATTAG	0	2309
CACGTGAACGAATTAG	0	2310
CACGTGCTTAGATTTA	0	2311
CACGTGTTCGTATTAG	0	2312
ATAATACATACACGTG	0	2313
CACGTGCGAAGATTGC	0	2314
CACGTGCGGGGATTCG	0	2315
CACGTTCTGGGATTAA	0	2316
ATTATCCTCACACGTG	0	2317
ATAATCTGAGAACGTG	0	2318
CACGTGTCGGGATTAA	0	2319
ATAATCTGGACACGTG	0	2320
AGAATCCGACCACGTG	0	2321
CACGTGTACGTATTAA	0	2322
ATGATCCTGACACGTG	0	2323
AGAATCCACACACGTG	0	2324
ATAAACCAAGCACGTG	0	2325
ATAATCCAAGCACGGG	0	2326
CACGTGCCGGGATTGA	0	2327
ATGATCCAACCACGTG	0	2328
ACAATCTGGGCACGTG	0	2329
CACGTGTGAGGCTTAG	0	2330
CACGTGCGAAGGTTAA	0	2331
CACGTGTGGGGATCAC	0	2332
CACGTGTGCGGATTCA	0	2333
ATAAGCCTTCCACGTG	0	2334
CACGTGAGGGGAGTAA	0	2335
ATACTCTGCTCACGTG	0	2336
CACGTGCGCAGATCAG	0	2337
CACGTGCTCGGTTTAA	0	2338
CCCGTGCTCGGATTAA	0	2339
ATAATCCGTGCACGCG	0	2340
CACGTGATAGGATGAC	0	2341
CACGTGAATGGATTTC	0	2342
CACGTGGTCGGATCAA	0	2343
ATAATCTTCCCACGTG	0	2344
CACGTGTGTGGATCAA	0	2345
CACGTGTTGGAATTAC	0	2346
AGAATCTTATCACGTG	0	2347
CACGTGCTCAAATTAG	0	2348
CACGTGCAAGGATAAC	0	2349
CACGTGCGGAGATTTA	0	2350
ATAATTTATGCACGTG	0	2351
CACGTGCATGGATTCC	0	2352
CACGTGTTTGAATTAA	0	2353
ATATTCCCGGCACGTG	0	2354
CACGTGCACAAATTAA	0	2355
CACGTGATTGGAGTAC	0	2356
CACGTGATAAGATCAA	0	2357
CACGTGACGGTATTAC	0	2358
ATAATCCCCGCACGGG	0	2359
ATGATCCCCCCACGTG	0	2360
CAAATCCACTCACGTG	0	2361
CACGTGCTTAGATTTC	0	2362
CACGTGCTCTGATTAG	0	2363
CACGTTCTGGGATTAC	0	2364
CACGTGCGAGGATAAG	0	2365
ATAATTCCACCACGTG	0	2366
ATAAGCTCTTCACGTG	0	2367
CACGTGTCGGGATTAC	0	2368
CACGTGCCCAGATTAG	0	2369
CACGTGTACGTATTAC	0	2370
CACGTGCCAGGATCAG	0	2371
CACGTGCACTGATTAA	0	2372
CACGTGCGTGGATTCG	0	2373
CACGTTCTTGGATTAA	0	2374
CACGTGTCTGGATTAA	0	2375
CACGTGTGGGAATTAA	0	2376
ATAATTTGCACACGTG	0	2377
CACGTGCCGGGATTGC	0	2378
CACGTGCGAAGGTTAC	0	2379
CACGTGTGCGGATTCC	0	2380
CACGTGAGGGGAGTAC	0	2381
CACGTGCTCGGTTTAC	0	2382
CCCGTGCTCGGATTAC	0	2383
ATAATGCTTTCACGTG	0	2384
CACGTGCCTGGATTGA	0	2385
CACGTGGTCGGATCAC	0	2386
AAAATCTTGGCACGTG	0	2387
CACGTGTGTGGATCAC	0	2388
CACGTGCCGGGGTTAA	0	2389
ATAACCTGGGCACGTG	0	2390
CACGTGCGGAGATTTC	0	2391
CACGTGTTTGAATTAC	0	2392
ATAATCCCGCCACGTG	0	2393
CACGTGCGTAGATTTA	0	2394
CACGTGCACAAATTAC	0	2395
CACGTGTGCGTATTAG	0	2396
ATAATACGTCCACGTG	0	2397
CACGTGATAAGATCAC	0	2398
CACGTTCGGGGATTAA	0	2399
ATATTCCAGGCACGTG	0	2400
ATAATCTGCGAACGTG	0	2401
CACGTGCCGCGATTAA	0	2402
AGAATCCGCCCACGTG	0	2403
CACGTGATGGGATAAA	0	2404
CACGTGCCCGGAATAA	0	2405
ATTATCTGATCACGTG	0	2406
CACGTGACTGTATTAC	0	2407
ATAATGTTAGCACGTG	0	2408
ATAAACCACGCACGTG	0	2409
ATAATCCACGCACGGG	0	2410
ATGATCCACCCACGTG	0	2411
CACGTGCGCGGTTTAA	0	2412
CCCGTGCGCGGATTAA	0	2413
ATAATTCTGACACGTG	0	2414
ATAATATTTTCACGTG	0	2415
CACGTGAGAGGATGAC	0	2416
CACGTGGGCGGATCAA	0	2417
CACGTGATCAGCTTAG	0	2418
CACGTGCACTGATTAC	0	2419
CACGTTCTTGGATTAC	0	2420
ATAATTCAACCACGTG	0	2421
ATAAGCTATTCACGTG	0	2422
CACGTGTCTGGATTAC	0	2423
CACGTGTGGGAATTAC	0	2424
AGAATCTTCTCACGTG	0	2425
CACGTGCGCAAATTAG	0	2426
CACGTGGTCGAATTAA	0	2427
CACGTGAACAGCTTAA	0	2428
ATCATCCGGTCACGTG	0	2429
CACGTGTGTGAATTAA	0	2430
ATAATCCTATCACGCG	0	2431
ATAATCTTTACACGTG	0	2432
CACGTGCCTGGATTGC	0	2433
CACGTGAGTGGAGTAC	0	2434
CACGTGAGAAGATCAA	0	2435
CACGTGCCGGGGTTAC	0	2436
ACAATCTTTGCACGTG	0	2437
CACGTGTTAGGATTGA	0	2438
ATAATCCTGGAACGTG	0	2439
CACGTGCCTGGGTTAA	0	2440
CACGTGCGTAGATTTC	0	2441
CACGTGCGCTGATTAG	0	2442
CACGTTCGGGGATTAC	0	2443
ATAATCCAGCCACGTG	0	2444
ATAATTCCCCCACGTG	0	2445
CACGTGCCGCGATTAC	0	2446
ATGATCCCTACACGTG	0	2447
CACGTGATGGGATAAC	0	2448
CACGTGGCCGGATTAA	0	2449
CACGTGCCCGGAATAC	0	2450
CACGTTCGTGGATTAA	0	2451
CACGTGCCTCGATTAA	0	2452
ATATTCCTAACACGTG	0	2453
CACGTGATTGGATAAA	0	2454
CACGTGCGCGGTTTAC	0	2455
CCCGTGCGCGGATTAC	0	2456
CACGTGCCAGAATTAG	0	2457
CACGTGGGCGGATCAC	0	2458
CACGTGATATGATTAA	0	2459
CACGTGACAAGATTAA	0	2460
CACGTGGTCGAATTAC	0	2461
CACGTGAACAGCTTAC	0	2462
CACGTGTGTGAATTAC	0	2463
CACGTGCAAAGATTAG	0	2464
AGAATCCCGTCACGTG	0	2465
CACGTGAGAAGATCAC	0	2466
CACGTGTTAGGATTGC	0	2467
CACGTGAGGGGATAAA	0	2468
ATTATCTGCTCACGTG	0	2469
CACGTGCCTGGGTTAC	0	2470
ATAATGTTCGCACGTG	0	2471
CACGTGATAAAATTAC	0	2472
CACGTGACGGGATCAA	0	2473
ATGATCTGGTCACGTG	0	2474
ATAACCTTTGCACGTG	0	2475
AGAATCCGTACACGTG	0	2476
ATACTCCCTTCACGTG	0	2477
CACGTGCAGGGATCAG	0	2478
CACGTGAGCAGCTTAG	0	2479
CACGTGTTAGGGTTAA	0	2480
CACGTGTTCGGATCAG	0	2481
CACGTGGCCGGATTAC	0	2482
CACGTTCGTGGATTAC	0	2483
ATAATTCACCCACGTG	0	2484
CACGTGCCTCGATTAC	0	2485
ATGATCCATACACGTG	0	2486
CACGTGCTAGGAATAG	0	2487
CACGTGATTGGATAAC	0	2488
CACGTGGGCGAATTAA	0	2489
AAAATCTCTGCACGTG	0	2490
CACGTGTACGGATCAA	0	2491
ATAATCCTCTCACGCG	0	2492
CACGTGTTGGGATTTA	0	2493
AAAATCTGAACACGTG	0	2494
CACGTGTTACGATTAA	0	2495
CACGTGATATGATTAC	0	2496
ACAATCCTACCACGTG	0	2497
CACGTGCAAGGAATAA	0	2498
ATAGTCCGATCACGTG	0	2499
CACGTGACAAGATTAC	0	2500
CACGTGTGAGGATTGA	0	2501
ATACTCTCAGCACGTG	0	2502
ATTATCCTGTCACGTG	0	2503
CAAATCCGTTCACGTG	0	2504
AGAATCCAGTCACGTG	0	2505
ATCATCCTTTCACGTG	0	2506
CACGTGAGGGGATAAC	0	2507
CACGTGACAGGCTTAG	0	2508
CACGTGACGGGATCAC	0	2509
CACGTGACCGGATTCA	0	2510
ATATTCCTCACACGTG	0	2511
ATAATTCCTACACGTG	0	2512
CACGTGAGTGGATAAA	0	2513
CACGTGCACGGATTCG	0	2514
CACGTGTTAGGGTTAC	0	2515
CACGTGAGATGATTAA	0	2516
CACGTGATCGGAGTAG	0	2517
ATAATGCCGGCACGTG	0	2518
ACAATCTCATCACGTG	0	2519
ATACTCCATTCACGTG	0	2520
CACGTGCATGGATCAG	0	2521
CACGTGGTAGGATTAG	0	2522
CACGTGGGCGAATTAC	0	2523
CACGTGTACGGATCAC	0	2524
CACGTGAACGGAGTAA	0	2525
CACGTGTTGGGATTTC	0	2526
CAAATCTGAGCACGTG	0	2527
CACGTGTTACGATTAC	0	2528
CACGTGGAAGGATTAA	0	2529
CACGTGCAAGGAATAC	0	2530
ATCATCTTAGCACGTG	0	2531
AAAATCTATGCACGTG	0	2532
CACGTGTTTGGATTTA	0	2533
ATAATCCCTGAACGTG	0	2534
CACGTGCACAGATTTA	0	2535
CACGTGTGAGGATTGC	0	2536
CACGTGAGAAAATTAC	0	2537
ATAACCCTACCACGTG	0	2538
CACGTGCCAAGCTTAA	0	2539
ATACTCTAAGCACGTG	0	2540
ATAATCCGATCCCGTG	0	2541
ACAATCCGGACACGTG	0	2542
ATAAACCGTGCACGTG	0	2543
ATAATCCGTGCACGGG	0	2544
CACGTGTGAGGGTTAA	0	2545
ATAATATCGGCACGTG	0	2546
CACGTGTGCGGATCAG	0	2547
ATGATCCGTCCACGTG	0	2548
CACGTGCTCAGAGTAA	0	2549
CACGTGACGGAATTAA	0	2550
ATAATTTGGTCACGTG	0	2551
AAAATCCCACCACGTG	0	2552
CACGTGACCGGATTCC	0	2553
CACGTGCGAGGAATAG	0	2554
CACGTGCAGGAATTAG	0	2555
CACGTGATGAGATTAG	0	2556
CACGTGAGTGGATAAC	0	2557
CACGTGTTCGAATTAG	0	2558
CACGTGTGGGGATTTA	0	2559
AAAATCTGCACACGTG	0	2560
ATAATTCATACACGTG	0	2561
CACGTGTGACGATTAA	0	2562
ACAATCCTCCCACGTG	0	2563
ATAGTCCGCTCACGTG	0	2564
CACGTGTACGAATTAA	0	2565
ATGATCTTTTCACGTG	0	2566
ACAATCTAATCACGTG	0	2567
CACGTGAACGGAGTAC	0	2568
ATACTCTCCGCACGTG	0	2569
CACGTGACCGTATTAG	0	2570
CACGTGCCCGCATTAA	0	2571
CACGTGGAAGGATTAC	0	2572
CACGTGATCAGATTGA	0	2573
ATAACCTCATCACGTG	0	2574
CACGTGTTTGGATTTC	0	2575
CACGTGCACAGATTTC	0	2576
CACGTTCTCGGATTAG	0	2577
CACGTGTCCGGATTAG	0	2578
ATAATCCATGAACGTG	0	2579
CACGTGCCAAGCTTAC	0	2580
CACGTTCACGGATTAA	0	2581
CACGTGATGGGAATAA	0	2582
CACGTGCCCGGATTGG	0	2583
ATATTCTGATCACGTG	0	2584
CACGTGTGAGGGTTAC	0	2585
CACGTGAGCGGAGTAG	0	2586
CACGTGCTCAGAGTAC	0	2587
CACGTGACGGAATTAC	0	2588
ACAATCTCCTCACGTG	0	2589
AAAATCCTGACACGTG	0	2590
CACGTGGGAGGATTAG	0	2591
ATAATATAGGCACGTG	0	2592
CACGTGACTGAATTAA	0	2593
CACGTGATAGGATTCG	0	2594
AAAATCCAACCACGTG	0	2595
ATAACCCGGACACGTG	0	2596
CAAATCTGCGCACGTG	0	2597
CACGTGCCCATATTAA	0	2598
CACGTGTGACGATTAC	0	2599
CACGTGATTAGATTAG	0	2600
ATCATCTTCGCACGTG	0	2601
CACGTGAAGAGATTAC	0	2602
ATAAGCTCAACACGTG	0	2603
CACGTGGTCGGATTTA	0	2604
CACGTGTGTGGATTTA	0	2605
CACGTGTACGAATTAC	0	2606
CACGTGAATAGATTAA	0	2607
ATAATCCGCAAACGTG	0	2608
ATTATCCCTTCACGTG	0	2609
CACGTGCCCGCATTAC	0	2610
ATAACCCTCCCACGTG	0	2611
CACGTGATCAGATTGC	0	2612
ATAATGCTAACACGTG	0	2613
ATACTCTACGCACGTG	0	2614
ATAATCCGCTCCCGTG	0	2615
CACGTGATAAGATTTA	0	2616
ATAACCTAATCACGTG	0	2617
CACGTGAAGGGCTTAG	0	2618
CACGTGCGCAGAGTAA	0	2619
AAAATCCCCCCACGTG	0	2620
CACGTGATCAGGTTAA	0	2621
CACGTGAGGAGATTAG	0	2622
CACGTGTGCGAATTAG	0	2623
CACGTTCACGGATTAC	0	2624
CACGTGCTAAGATTCA	0	2625
ATAATTCGTCCACGTG	0	2626
CACGTGATGGGAATAC	0	2627
ATAAACCTATCACGTG	0	2628
ATAATCCTATCACGGG	0	2629
CACGTGATTGGAATAA	0	2630
CAAATCCTGGCACGTG	0	2631
ATTATCTCAGCACGTG	0	2632
CACGTGACTGAATTAC	0	2633
ACAATCTACTCACGTG	0	2634
CACGTGCCCGGGTTAG	0	2635
ACAATCCTTACACGTG	0	2636
CACGTGCCCATATTAC	0	2637
CACGTGAGCAGATTGA	0	2638
ATAACCTCCTCACGTG	0	2639
ATAATTTTTTCACGTG	0	2640
CACGTGCTGAGCTTAG	0	2641
CACGTGGTCGGATTTC	0	2642
ATAATATTAACACGTG	0	2643
CACGTGTGTGGATTTC	0	2644
CACGTGAAAGGATTCC	0	2645
CACGTGAATAGATTAC	0	2646
ATAAGCTAAACACGTG	0	2647
CACGTTCGCGGATTAG	0	2648
CACGTGCAGAGCTTAA	0	2649
CACGTGCCCCGATTAG	0	2650
ATCATCCCGGCACGTG	0	2651
CACGTGTTCAGCTTAA	0	2652
CACGTGCCAGGAGTAA	0	2653
CACGTGATCGGATAAG	0	2654
CACGTGCTAGCATTAG	0	2655
ATTATCCATTCACGTG	0	2656
CACGTGAGGGGAATAA	0	2657
ATATTCTGCTCACGTG	0	2658
CACGTGATAAGATTTC	0	2659
CACGTGCGCAGAGTAC	0	2660
CACGTGAAAGTATTAG	0	2661
CACGTGAACGGATAAA	0	2662
CACGTGCAAGCATTAA	0	2663
CACGTGATCAGGTTAC	0	2664
CACGTGAATGGCTTAG	0	2665
AAAATCCACCCACGTG	0	2666
CACGTTATAGGATTAA	0	2667
CACGTGCTAAGATTCC	0	2668
CACGTGAGTAGATTAG	0	2669
ATAAGCTCCACACGTG	0	2670
CACGTGGGCGGATTTA	0	2671
CACGTGTAAGGATTAG	0	2672
CACGTGATTGGAATAC	0	2673
CACGTGACAGGATTGA	0	2674
ATTATCTAAGCACGTG	0	2675
CACGTGCAAGGATTGG	0	2676
CACGTGAGCAGATTGC	0	2677
CACGTGCTAATATTAG	0	2678
ATAATGCTCACACGTG	0	2679
CACGTGCTCAGATAAA	0	2680
CACGTGAGAAGATTTA	0	2681
ATAACCTACTCACGTG	0	2682
CACGTGCTTAGCTTAG	0	2683
ATAACCCTTACACGTG	0	2684
CACGTGCAGAGCTTAC	0	2685
CACGTGCAAATATTAA	0	2686
ATATTCCTGTCACGTG	0	2687
CACGTGAGCAGGTTAA	0	2688
CACGTGTTCAGCTTAC	0	2689
CACGTGCCAGGAGTAC	0	2690
CACGTGCATAGCTTAA	0	2691
ATCATCCAGGCACGTG	0	2692
CACGTGCGAAGATTCA	0	2693
CACGTGAGGGGAATAC	0	2694
ATAAACCTCTCACGTG	0	2695
ATAATCCTCTCACGGG	0	2696
AAAATCCCTACACGTG	0	2697
CACGTGAACGGATAAC	0	2698
CACGTGCCCGGATGAA	0	2699
CGCGTGCTAGGATTAA	0	2700
CACGTGCAAGCATTAC	0	2701
ATGATCTCGGCACGTG	0	2702
CACGTTATAGGATTAC	0	2703
CACGTGCGGAGCTTAG	0	2704
CACGTGGGCGGATTTC	0	2705
ATAATATTCACACGTG	0	2706
ATACTCCCAACACGTG	0	2707
CACGTGGTGGGCTTAA	0	2708
CACGTGACAGGATTGC	0	2709
ATAAGCTGACCACGTG	0	2710
ATAAGCTACACACGTG	0	2711
CACGTGTGCAGCTTAA	0	2712
CACGTGAGCGGATAAG	0	2713
CACGTGCGAGCATTAG	0	2714
CACGTGACAGGGTTAA	0	2715
ATAGTCCCAGCACGTG	0	2716
CACGTGAGAAGATTTC	0	2717
CACGTGACCGGATCAG	0	2718
CACGTGCAAGGGTTAG	0	2719
CACGTGCAAATATTAC	0	2720
CACGTGAGCAGGTTAC	0	2721
CACGTGCATAGCTTAC	0	2722
CACGTTAGAGGATTAA	0	2723
CACGTGACGGGATTTA	0	2724
CACGTGCGAAGATTCC	0	2725
AAAATCTGGTCACGTG	0	2726
CACGTGACACGATTAA	0	2727
CAAATCCCTGCACGTG	0	2728
CACGTGCAACGATTAG	0	2729
CACGTGCCCGGATGAC	0	2730
CGCGTGCTAGGATTAC	0	2731
CACGTGAGTGGAATAC	0	2732
CAAATCCGAACACGTG	0	2733
ATCATCCTAACACGTG	0	2734
AAAATCCATACACGTG	0	2735
CACGTGCCGGGATTCA	0	2736
AGAATCTGGGCACGTG	0	2737
ATTATCTACGCACGTG	0	2738
CACGTGTACGGATTTA	0	2739
ATGATCTAGGCACGTG	0	2740
CACGTGCGAATATTAG	0	2741
CACGTGCTGGGAGTAG	0	2742
CACGTGCGCAGATAAA	0	2743
CACGTGGTGGGCTTAC	0	2744
CACGTGTCAGGCTTAA	0	2745
CACGTGGTAGTATTAA	0	2746
CACGTGCCCAGATCAA	0	2747
CACGTGCGTAGCTTAG	0	2748
CACGTGATGGCATTAA	0	2749
ATACTCCAAACACGTG	0	2750
ATAATGTGATCACGTG	0	2751
CACGTGCAGGGAGTAA	0	2752
CACGTGGTTGGCTTAA	0	2753
ATACTCTGTGCACGTG	0	2754
ATAATACCGACACGTG	0	2755
CACGTGTGCAGCTTAC	0	2756
CACGTGTTCGGAGTAA	0	2757
CACGTGACAGGGTTAC	0	2758
CGCGTGCGAGGATTAA	0	2759
ATAGTCCAAGCACGTG	0	2760
CACGTGATGGGATTGG	0	2761
CACGTTAGAGGATTAC	0	2762
CACGTGACGGGATTTC	0	2763
CACGTGCTCGGACTAA	0	2764
ATAATCCCAGCCCGTG	0	2765
CACGTGACTGGATTTA	0	2766
CACGTGAAGGGATTGA	0	2767
ATACTCCCCACACGTG	0	2768
ACAATCTGTTCACGTG	0	2769
ATAATTTCGGCACGTG	0	2770
CACGTGGGGGGCTTAA	0	2771
ATAAGCTGCCCACGTG	0	2772
CACGTGCTAGGATGAG	0	2773
CAAATCCATGCACGTG	0	2774
ATAATCCGGTAACGTG	0	2775
CACGTGCCGGGATTCC	0	2776
CACGTGATGATATTAA	0	2777
CACGTGCCAGGATAAA	0	2778
CACGTGTACGGATTTC	0	2779
CACGTGCCTGGATTCA	0	2780
CACGTGCAAGGATGAA	0	2781
CACGTGCGCAGATAAC	0	2782
ATAGTCCCCGCACGTG	0	2783
CACGTGTCAGGCTTAC	0	2784
CACGTGGTAGTATTAC	0	2785
CACGTGCCCAGATCAC	0	2786
CACGTGATGGCATTAC	0	2787
ATATTCCCTTCACGTG	0	2788
CACGTGTTGAGATTAA	0	2789
CACGTGCTTGGAGTAG	0	2790
CACGTGCAGGGAGTAC	0	2791
CACGTGGTTGGCTTAC	0	2792
ATGATCTTAACACGTG	0	2793
CACGTGCCGGTATTAG	0	2794
CACGTGATTGCATTAA	0	2795
CACGTGTTCGGAGTAC	0	2796
CACGTGACCGAATTAG	0	2797
CACGTGCTGAGATTGA	0	2798
CACGTGCATGGAGTAA	0	2799
ATAATACAGACACGTG	0	2800
CGCGTGCGAGGATTAC	0	2801
CAAATCCGCACACGTG	0	2802
CACGTGTCCGTATTAA	0	2803
AAAATCCGTCCACGTG	0	2804
ATCATCCTCACACGTG	0	2805
CACGTGAACAGATTAG	0	2806
CACGTGCTCGGACTAC	0	2807
CACGTGAAAGGATCAG	0	2808
ATAAGCCTGCCACGTG	0	2809
CACGTGATTGGATTGG	0	2810
ATATTCTCAGCACGTG	0	2811
ATAATCCGGGCACGCG	0	2812
CACGTGACTGGATTTC	0	2813
CACGTGAAGGGATTGC	0	2814
CACGTGCGGGGAGTAG	0	2815
ATAATCCAAGCCCGTG	0	2816
CACGTGGGGGGCTTAC	0	2817
CACGTGGGAGTATTAA	0	2818
CACGTGATGGGGTTAG	0	2819
ATACTCCGACCACGTG	0	2820
CACGTGATGATATTAC	0	2821
CACGTGCCAGGATAAC	0	2822
CACGTGAGGGCATTAA	0	2823
CACGTGAATGGATTGA	0	2824
ATACTCCACACACGTG	0	2825
ATAATGTGCTCACGTG	0	2826
AAAATCTTTTCACGTG	0	2827
CACGGGCTCGGATTAA	0	2828
ATAATTTAGGCACGTG	0	2829
CACGTGGGTGGCTTAA	0	2830
CACGTGCCTGGATTCC	0	2831
CACGTGATTATATTAA	0	2832
CACGTGCAAGGATGAC	0	2833
CACGTGTGCGGAGTAA	0	2834
CACGTGAAGGGGTTAA	0	2835
ATAACCTGTTCACGTG	0	2836
CACGTGCCCAAATTAA	0	2837
CACGTGATGCGATTAG	0	2838
AGAATCTTTGCACGTG	0	2839
CACGTGTTGAGATTAC	0	2840
CACGTGTTAGGATTCA	0	2841
ATAGTCCACGCACGTG	0	2842
ATACTCTTATCACGTG	0	2843
CACGTGCTAAGATCAG	0	2844
CACGTGATCGGAATAG	0	2845
CACGTGATTGCATTAC	0	2846
ATATTCCATTCACGTG	0	2847
CACGTGTTTAGATTAA	0	2848
CACGTGAGGGGATTGG	0	2849
CACGTGAAGCGATTAA	0	2850
CACGTGCTGAGATTGC	0	2851
CACGTGCGCGGACTAA	0	2852
CACGTGCATGGAGTAC	0	2853
ATTATCCCAACACGTG	0	2854
CACGTGCCTGTATTAG	0	2855
ATAATCCCCGCCCGTG	0	2856
CACGTGCAAAGATCAA	0	2857
CACGTGAACGGAATAA	0	2858
CACGTGCTTAGATTGA	0	2859
CACGTGTCCGTATTAC	0	2860
CACGTGCCCTGATTAA	0	2861
CACGTGCGAGGATGAG	0	2862
CACGTGTTGGGCTTAG	0	2863
CACGTGCTGAGGTTAA	0	2864
CACGTGAGGATATTAA	0	2865
ATAATCTCACCACGTG	0	2866
ATAATGCTGTCACGTG	0	2867
CACGTGTAGGGCTTAA	0	2868
ATAAGCTGTACACGTG	0	2869
CACGTGGGAGTATTAC	0	2870
ATATTCTAAGCACGTG	0	2871
CACGTGAGGGCATTAC	0	2872
CACGTGTGGAGATTAA	0	2873
CACGTGAATGGATTGC	0	2874
CACGTGCGTGGAGTAG	0	2875
CACGGGCTCGGATTAC	0	2876
CACGTGGGTGGCTTAC	0	2877
ATGATCTTCACACGTG	0	2878
CACGTGATTGGGTTAG	0	2879
CACGTGCTCAGAATAA	0	2880
CACGTGATTATATTAC	0	2881
CACGTGAGTGCATTAA	0	2882
CACGTGTGCGGAGTAC	0	2883
CACGTGAAGGGGTTAC	0	2884
CACGTGCGGAGATTGA	0	2885
CACGTGCCCAAATTAC	0	2886
ATAATACGGCCACGTG	0	2887
ATAATCCTTTAACGTG	0	2888
ATAATTTTAACACGTG	0	2889
CACGTGAATGGGTTAA	0	2890
CACGTGTTAGGATTCC	0	2891
CACGTGATTCGATTAG	0	2892
CACGTGTTTAGATTAC	0	2893
CACGTGAAGCGATTAC	0	2894
CACGTGCGCGGACTAC	0	2895
CACGTGCTGGGATAAG	0	2896
CACGTGCAAAGATCAC	0	2897
CACGTGATGGGATGAA	0	2898
CACGTGAACGGAATAC	0	2899
ATCATCTGATCACGTG	0	2900
CACGTGAGTGGATTGG	0	2901
CACGTGAATCGATTAA	0	2902
ATAATATTGTCACGTG	0	2903
ATATTCTCCGCACGTG	0	2904
CACGTGCTTAGATTGC	0	2905
ATTATCCAAACACGTG	0	2906
ATAATCCACGCCCGTG	0	2907
CACGTGCCCTGATTAC	0	2908
CACGTGCAGGGATAAA	0	2909
ATTATCTGTGCACGTG	0	2910
ATAAGCTAGTCACGTG	0	2911
CACGTGAGGGGGTTAG	0	2912
CACGTGAAAGAATTAG	0	2913
ATACTCCGCCCACGTG	0	2914
CACGTGCTGAGGTTAC	0	2915
CACGTGAGGATATTAC	0	2916
CACGTGTTAGTATTAG	0	2917
CACGTGTTCGGATAAA	0	2918
CACGGGCGCGGATTAA	0	2919
CACGTGACCAGCTTAA	0	2920
ATAATCTTAGAACGTG	0	2921
CACGTGTTTGGCTTAG	0	2922
CACGTGCTTAGGTTAA	0	2923
CACGTGAGTATATTAA	0	2924
ATAATCTTGACACGTG	0	2925
CACGTGTAGGGCTTAC	0	2926
AGAATCCTACCACGTG	0	2927
CACGTGCACAGCTTAG	0	2928
CACGTGTAAGTATTAA	0	2929
CACGTGAGGCGATTAG	0	2930
ATAATCTAACCACGTG	0	2931
CACGTGTGGAGATTAC	0	2932
CACGTGTATGGCTTAA	0	2933
ACAATCTTGGCACGTG	0	2934
ATACTCTTCTCACGTG	0	2935
CACGTGCGAAGATCAG	0	2936
CACGTGAGCGGAATAG	0	2937
CACGTGGTCAGATTAA	0	2938
CCCGTGCTAGGATTAA	0	2939
CACGTGCTCAGAATAC	0	2940
ATAATCCTTGCACGCG	0	2941
CACGTGAGTGCATTAC	0	2942
CACGTGTGTAGATTAA	0	2943
CACGTGGTAGGATCAA	0	2944
CACGTGCGGAGATTGC	0	2945
ATTATCCCCACACGTG	0	2946
CACGTGAATGGGTTAC	0	2947
CACGTGCTAAAATTAG	0	2948
ATGATCCCGACACGTG	0	2949
CACGTGCGTAGATTGA	0	2950
CACGTGTGGGGCTTAG	0	2951
ATAAGCCCTCCACGTG	0	2952
CACGTGCAAAAATTAA	0	2953
CACGTGATGGGATGAC	0	2954
CACGTGAATCGATTAC	0	2955
ATAATCTCCCCACGTG	0	2956
CACGTGCTTGGATAAG	0	2957
AGAATCTCATCACGTG	0	2958
CACGTGATTGGATGAA	0	2959
CACGTGCAGGGATAAC	0	2960
ATATTCTACGCACGTG	0	2961
CACGTGTTCGGATAAC	0	2962
CACGTGCTATGATTAG	0	2963
CACGGGCGCGGATTAC	0	2964
CACGTGCATGGATAAA	0	2965
CACGTGACCAGCTTAC	0	2966
CACGTGAGTGGGTTAG	0	2967
CACGTGCGCAGAATAA	0	2968
CACGTGCTTAGGTTAC	0	2969
CACGTGAGTATATTAC	0	2970
CACGTGCCAAGATTAG	0	2971
CACGTGTAAGTATTAC	0	2972
CACGTGATGAGATCAA	0	2973
CACGTGCAATGATTAA	0	2974
ATAATTTTCACACGTG	0	2975
CACGTGTATGGCTTAC	0	2976
CACGTGTGAGGATTCC	0	2977
CACGTGGTCAGATTAC	0	2978
CACGTGCTAGGTTTAC	0	2979
CCCGTGCTAGGATTAC	0	2980
CACGTGAGTCGATTAG	0	2981
CACGTGTGTAGATTAC	0	2982
CACGTGGTAGGATCAC	0	2983
CACGTGCGGGGATAAG	0	2984
ATCATCTGCTCACGTG	0	2985
ATAACCTTGGCACGTG	0	2986
AGAATCCGGACACGTG	0	2987
ATACTCCCGTCACGTG	0	2988
CACGTGCCGGGATCAG	0	2989
ATTATCCGACCACGTG	0	2990
CACGTGCGTAGATTGC	0	2991
ATTATCCACACACGTG	0	2992
ATGATCCAGACACGTG	0	2993
CACGTGCGGAGGTTAC	0	2994
CACGTGCAAAAATTAC	0	2995
CACGTGTGAGTATTAG	0	2996
CACGTGTGCGGATAAA	0	2997
ATAATACTTCCACGTG	0	2998
ATAATGCCTTCACGTG	0	2999
CACGTGGTCGGCTTAG	0	3000
ATAATCTTCGAACGTG	0	3001
CACGTGTCCGGATCAA	0	3002
CACGTGCGTAGGTTAA	0	3003
ATAAGCCATCCACGTG	0	3004
AGAATCCTCCCACGTG	0	3005
ATACTCCGTACACGTG	0	3006
CACGTGATTGGATGAC	0	3007
CACGTGCCAGGAATAA	0	3008
ATTATCTTATCACGTG	0	3009
ATAATCTACCCACGTG	0	3010
CACGTGGACGGCTTAA	0	3011
AGAATCTAATCACGTG	0	3012
CACGTGCATGGATAAC	0	3013
CACGTGGGCAGATTAA	0	3014
CACGTGCGAGGTTTAA	0	3015
CCCGTGCGAGGATTAA	0	3016
CACGTGCGCAGAATAC	0	3017
CACGTGGGAGGATCAA	0	3018
CACGTGATAAGCTTAG	0	3019
CACGTGATGAGATCAC	0	3020
CACGTGATCAGATTCA	0	3021
CACGTGCAATGATTAC	0	3022
ATAGTCCGTGCACGTG	0	3023
CACGTGCGAAAATTAG	0	3024
CACGTGATTAGATCAA	0	3025
CAAATCCGGTCACGTG	0	3026
CACGTGGTAGAATTAA	0	3027
CACGTGAAAAGCTTAA	0	3028
ATAATGTCAGCACGTG	0	3029
ATCATCCTGTCACGTG	0	3030
ATAATTCCGACACGTG	0	3031
ATAATATCTTCACGTG	0	3032
CACGTGAGGGGATGAC	0	3033
CACGTGCCCGGATTCG	0	3034
CACGTGCGTGGATAAG	0	3035
AGAATCTCCTCACGTG	0	3036
CACGTGAGTGGATGAA	0	3037
ATACTCCAGTCACGTG	0	3038
CACGTGCCTGGATCAG	0	3039
CACGTGTGCGGATAAC	0	3040
CACGTGCGATGATTAG	0	3041
ATAATCCCATCACGCG	0	3042
ATAATCTCTACACGTG	0	3043
CACGTGTCCGGATCAC	0	3044
CACGTGACCGGAGTAA	0	3045
CACGTGCGTAGGTTAC	0	3046
CACGTGATCGCATTAG	0	3047
CACGTGAGGAGATCAA	0	3048
ATAATGCATTCACGTG	0	3049
CACGTGCACGGAGTAG	0	3050
CACGTGGCAGGATTAA	0	3051
CACGTGCCAGGAATAC	0	3052
AAAATCTAGGCACGTG	0	3053
ACAATCTCTGCACGTG	0	3054
CACGTGGACGGCTTAC	0	3055
CACGTGTTGGGATTGA	0	3056
ACAATCTGAACACGTG	0	3057
CACGTGAACGCATTAA	0	3058
ATAATCCCGGAACGTG	0	3059
CACGTGCCCAGATTTA	0	3060
CACGTGGGCAGATTAC	0	3061
CACGTGCGAGGTTTAC	0	3062
CCCGTGCGAGGATTAC	0	3063
CACGTGATGAAATTAA	0	3064
CACGTGGGAGGATCAC	0	3065
CACGTGATCAGATTCC	0	3066
ATTATCCGCCCACGTG	0	3067
CACGTGATTAGATCAC	0	3068
ATAAACCGGGCACGTG	0	3069
ATAATCCGGGCACGGG	0	3070
CACGTGGTAGAATTAC	0	3071
CACGTGAAAAGCTTAC	0	3072
ATGATCCGGCCACGTG	0	3073
CACGTGAACGGATTGG	0	3074
ATAATGTAAGCACGTG	0	3075
CACGTGCCGGAATTAG	0	3076
CACGTGGGCGGCTTAG	0	3077
ATAATCCGTGCCCGTG	0	3078
CACGTGATCATATTAG	0	3079
CACGTGATGTGATTAA	0	3080
CACGTGCTCACATTAA	0	3081
ATAATTCAGACACGTG	0	3082
ATAATATATTCACGTG	0	3083
ATTATCTTCTCACGTG	0	3084
CACGTGACGAGATTAA	0	3085
CACGTGTCCGAATTAA	0	3086
ATGATCTTGTCACGTG	0	3087
AGAATCTACTCACGTG	0	3088
CACGTGCAGAGATTAG	0	3089
CACGTGACCGGAGTAC	0	3090
AGAATCCTTACACGTG	0	3091
CACGTGTTCAGATTAG	0	3092
CACGTGAGAAGCTTAG	0	3093
CACGTGAGGAGATCAC	0	3094
CACGTGAGCAGATTCA	0	3095
ATAATCCAATCACGCG	0	3096
CACGTGTTAGGATCAG	0	3097
ATAATCTATACACGTG	0	3098
CACGTGGCAGGATTAC	0	3099
CACGTGTTGGGATTGC	0	3100
CACGTGCTCAGATTGG	0	3101
CGCGTGATCGGATTAA	0	3102
CACGTGAGTAGATCAA	0	3103
CACGTGAACGCATTAC	0	3104
CACGTGTACAGATTAA	0	3105
CACGTGCCCAGATTTC	0	3106
CACGTGGGAGAATTAA	0	3107
ATAATGTCCGCACGTG	0	3108
ACAATCTATGCACGTG	0	3109
CACGTGTAAGGATCAA	0	3110
CACGTGATGAAATTAC	0	3111
CACGTGTTTGGATTGA	0	3112
AAAATCTTAACACGTG	0	3113
ATAATCCAGGAACGTG	0	3114
CACGTGCACAGATTGA	0	3115
ATAACCTCTGCACGTG	0	3116
CACGTGATTAAATTAA	0	3117
ATAGTCCTATCACGTG	0	3118
CACGTGTTGGGGTTAA	0	3119
ATAACCTGAACACGTG	0	3120
CACGTTCCCGGATTAA	0	3121
CACGTGCTGGGAATAG	0	3122
ATAATCCCCTCACGCG	0	3123
ATATTCCAAACACGTG	0	3124
CACGTGTTGCGATTAA	0	3125
CACGTGATGTGATTAC	0	3126
ACAATCCCACCACGTG	0	3127
CACGTGAGCGCATTAG	0	3128
CAAATCCTTTCACGTG	0	3129
CACGTGCAGGGAATAA	0	3130
CACGTGCTCACATTAC	0	3131
ATATTCTGTGCACGTG	0	3132
CACGTGCCTGAATTAG	0	3133
CACGTGTTCGGAATAA	0	3134
CACGTGACGAGATTAC	0	3135
CACGTGATTTGATTAA	0	3136
CACGTGAACGGGTTAG	0	3137
CACGTGACAGGATTCA	0	3138
CACGTGTGGGGATTGA	0	3139
CACGTGTCCGAATTAC	0	3140
CACGTGAACATATTAC	0	3141
ACAATCTGCACACGTG	0	3142
CACGTGACTAGATTAA	0	3143
CACGTGAGGAAATTAA	0	3144
CACGTGCAAGGATTCG	0	3145
ATTATCCCGTCACGTG	0	3146
CACGTGAGCAGATTCC	0	3147
CACGTGATAGGAGTAG	0	3148
CACGTGCATAGATTAG	0	3149
CACGTGAACCGATTAG	0	3150
CGCGTGATCGGATTAC	0	3151
ATCATCCCTTCACGTG	0	3152
CACGTGAGTAGATCAC	0	3153
CACGTGTACAGATTAC	0	3154
CACGTGGGAGAATTAC	0	3155
CACGTGTAAGGATCAC	0	3156
CACGTGAAAGGAGTAA	0	3157
ATATTCCCCACACGTG	0	3158
CACGTGTTTGGATTGC	0	3159
CAAATCTTAGCACGTG	0	3160
ATAATGTACGCACGTG	0	3161
CACGTGCACAGATTGC	0	3162
CACGTGATTAAATTAC	0	3163
ATTATCCGTACACGTG	0	3164
CACGTGTTGGGGTTAC	0	3165
CACGTGCTCAGGTTAG	0	3166
CACGTTCCCGGATTAC	0	3167
CACGTGAGCATATTAG	0	3168
CACGTGAGGTGATTAA	0	3169
ATAATTCGGCCACGTG	0	3170
CACGTGCGCACATTAA	0	3171
CACGTGCAAAGATTTA	0	3172
ATAACCTATGCACGTG	0	3173
ATAATCCTAAAACGTG	0	3174
CACGTGGTGGGATTAG	0	3175
CACGTGTTTGGGTTAA	0	3176
CACGTGTACGGCTTAG	0	3177
CACGTGCACAGGTTAA	0	3178
CACGTGCTTGGAATAG	0	3179
ATAATCCTATCCCGTG	0	3180
CACGTGTTGCGATTAC	0	3181
CACGTGTGCAGATTAG	0	3182
CACGTGGAGGGATTAA	0	3183
CACGTGCAGGGAATAC	0	3184
ACAATCCTGACACGTG	0	3185
ATCATCTCAGCACGTG	0	3186
ATAATCTGTCCACGTG	0	3187
ATAAACCTTGCACGTG	0	3188
ATAATCCTTGCACGGG	0	3189
ATAATCCACTCACGCG	0	3190
CACGTGTGAGGATCAG	0	3191
ATGATCCTTCCACGTG	0	3192
CACGTGCTAAGAGTAA	0	3193
CACGTGTTCGGAATAC	0	3194
CACGTGTTTCGATTAA	0	3195
CACGTGATTTGATTAC	0	3196
ACAATCCAACCACGTG	0	3197
CACGTGCATGGAATAA	0	3198
CACGTGACAGGATTCC	0	3199
CACGTGTGGGGATTGC	0	3200
CACGTGCGCAGATTGG	0	3201
CGCGTGAGCGGATTAA	0	3202
CACGTGACTAGATTAC	0	3203
CACGTGAGGAAATTAC	0	3204
CACGTGGTCGGATTGA	0	3205
CACGTGTTAGAATTAG	0	3206
ATAACCCCACCACGTG	0	3207
CACGTGCCGAGCTTAA	0	3208
CACGTGTGTGGATTGA	0	3209
AAAATCTTCACACGTG	0	3210
CACGTGAGTAAATTAA	0	3211
ATAGTCCTCTCACGTG	0	3212
CACGTGTGGGGGTTAA	0	3213
ATAACCTGCACACGTG	0	3214
CACGTGTAAGAATTAA	0	3215
ATTATCCAGTCACGTG	0	3216
CACGTGAAAGGAGTAC	0	3217
CACGTGATCGGATGAG	0	3218
CACGTGACAGTATTAG	0	3219
CACGTGCGGGGAATAG	0	3220
CACGTGACCGGATAAA	0	3221
ATCATCCATTCACGTG	0	3222
CACGTGCCAGCATTAA	0	3223
CACGTGATAAGATTGA	0	3224
ATATTCCGACCACGTG	0	3225
CACGTGCACGGATAAG	0	3226
CACGTGACTGGCTTAG	0	3227
ATATTCCACACACGTG	0	3228
CACGTGTGGCGATTAA	0	3229
CACGTGAACGGATGAA	0	3230
CACGTGAGGTGATTAC	0	3231
ACAATCCCCCCACGTG	0	3232
CACGTGCGCACATTAC	0	3233
CACGTGCAAAGATTTC	0	3234
CACGTTCTAGGATTAG	0	3235
CACGTGTGCGGAATAA	0	3236
CACGTGTTTGGGTTAC	0	3237
ATGATCTCTTCACGTG	0	3238
CACGTGTCAGGATTAG	0	3239
CACGTGAGTTGATTAA	0	3240
CACGTGCACAGGTTAC	0	3241
CACGTGGTTGGATTAG	0	3242
CACGTTCAAGGATTAA	0	3243
CACGTGGAGGGATTAC	0	3244
CACGTGCCAGGATTGG	0	3245
ATATTCTTATCACGTG	0	3246
CACGTGAGAGGAGTAG	0	3247
CACGTGCTAAGAGTAC	0	3248
CACGTGTTTCGATTAC	0	3249
CACGTGGATGGATTAA	0	3250
CACGTGCATGGAATAC	0	3251
ATCATCTAAGCACGTG	0	3252
CGCGTGAGCGGATTAC	0	3253
CACGTGGTCGGATTGC	0	3254
ATAACCCTGACACGTG	0	3255
CACGTGCTCAGATGAA	0	3256
CACGTGCCGAGCTTAC	0	3257
CACGTGTGTGGATTGC	0	3258
CAAATCTTCGCACGTG	0	3259
CACGTGCCAATATTAA	0	3260
CACGTGAGTAAATTAC	0	3261
CACGTGGTAGGATTTA	0	3262
ATAACCCAACCACGTG	0	3263
CACGTGCCTAGCTTAA	0	3264
CACGTGTGGGGGTTAC	0	3265
CACGTGTAAGAATTAC	0	3266
CACGTGGTCGGGTTAA	0	3267
ATAATCCTCAAACGTG	0	3268
AAAATCCCGACACGTG	0	3269
CACGTGGGGGGATTAG	0	3270
CACGTGTGTGGGTTAA	0	3271
CACGTGACCGGATAAC	0	3272
CACGTGCCAGCATTAC	0	3273
CACGTGATAAGATTGC	0	3274
CACGTGATGGGATTCG	0	3275
CACGTGCGTGGAATAG	0	3276
ATAATCCTCTCCCGTG	0	3277
CACGTGTGGCGATTAC	0	3278
CACGTGAACGGATGAC	0	3279
ATCATCTCCGCACGTG	0	3280
CACGTGGTCCGATTAA	0	3281
CACGTGCGAAGAGTAA	0	3282
CACGTGTGCGGAATAC	0	3283
CACGTGAAGGGATTCA	0	3284
AGAATCTGTTCACGTG	0	3285
CACGTGTGTCGATTAA	0	3286
CACGTGAGTTGATTAC	0	3287
ACAATCCACCCACGTG	0	3288
CACGTGATAAGGTTAA	0	3289
CACGTGATCAGATCAG	0	3290
ATGATCTATTCACGTG	0	3291
CACGTGGGCGGATTGA	0	3292
CACGTGTGAGAATTAG	0	3293
ATAACCCCCCCACGTG	0	3294
CACGTTCAAGGATTAC	0	3295
ATAATTCTTCCACGTG	0	3296
ATAATGCCAACACGTG	0	3297
CACGTGAACAGATCAA	0	3298
CACGTGGATGGATTAC	0	3299
CACGTGATGAGATTTA	0	3300
CACGTGAGCGGATGAG	0	3301
CACGTGCCAGGGTTAG	0	3302
CACGTGCTCAGATGAC	0	3303
CACGTGCCAATATTAC	0	3304
CACGTGAGAAGATTGA	0	3305
ATATTCCGCCCACGTG	0	3306
CACGTGGTAGGATTTC	0	3307
CACGTGCTGAGATTCA	0	3308
ATAAACCCATCACGTG	0	3309
ATAATCCCATCACGGG	0	3310
CACGTGCCTAGCTTAC	0	3311
CACGTGGTCGGGTTAC	0	3312
CACGTTCGAGGATTAG	0	3313
CAAATCCCGGCACGTG	0	3314
CACGTGTGTGGGTTAC	0	3315
CACGTGCCACGATTAG	0	3316
CACGTGTTAAGCTTAA	0	3317
CACGTGATAGGATAAG	0	3318
AAAATCCAGACACGTG	0	3319
ACAATCCCTACACGTG	0	3320
CACGTGGGTGGATTAG	0	3321
ATATTCTTCTCACGTG	0	3322
ATAATTTCTTCACGTG	0	3323
CACGTGATTGGATTCG	0	3324
ATAATATCAACACGTG	0	3325
CACGTGTCCGGATTTA	0	3326
CACGTGGTCCGATTAC	0	3327
CACGTGCGAAGAGTAC	0	3328
CACGTGAAGGGATTCC	0	3329
CACGTGTGTCGATTAC	0	3330
CACGTGAAAGGATAAA	0	3331
ATCATCTACGCACGTG	0	3332
CACGTGATAAGGTTAC	0	3333
CACGTGAATGGATTCA	0	3334
CACGTGCGCAGATGAA	0	3335
CACGTGCCGGGAGTAA	0	3336
ATACTCTGGGCACGTG	0	3337
CACGTGCTGGCATTAG	0	3338
CACGTGAACAGATCAC	0	3339
CACGTGGGAGGATTTA	0	3340
ATAACCCACCCACGTG	0	3341
CACGTGATGAGATTTC	0	3342
ATAATGCAAACACGTG	0	3343
CACGTGAAGGTATTAG	0	3344
CACGTGGGCGGGTTAA	0	3345
CACGTGCAGGCATTAA	0	3346
ATAATGTGTGCACGTG	0	3347
CACGTGATTAGATTTA	0	3348
CACGTGTTCGCATTAA	0	3349
CACGTGAGAAGATTGC	0	3350
CACGTGAGGGGATTCG	0	3351
CACGTTATGGGATTAA	0	3352
ATAATCTGATAACGTG	0	3353
CACGTGCTGAGATTCC	0	3354
ATAATCCGAGCAAGTG	0	3355
CACGTGCTAAGATAAA	0	3356
CACGTGTAGGGATTAG	0	3357
CACGTGCTTAGATTCA	0	3358
CACGTGGGCCGATTAA	0	3359
ATAAACCAATCACGTG	0	3360
ATAATCCAATCACGGG	0	3361
CACGTGACGGGATTGA	0	3362
ACAATCTGGTCACGTG	0	3363
CACGTGAGAAGGTTAA	0	3364
CACGTGTTAAGCTTAC	0	3365
CACGTGAGCAGATCAG	0	3366
CAAATCCAGGCACGTG	0	3367
CACGTGATCGGTTTAA	0	3368
CCCGTGATCGGATTAA	0	3369
CACGTGCAGGGATTGG	0	3370
ATAATCCGTTCACGCG	0	3371
CACGTGTTCGGATTGG	0	3372
CACGTGCTGATATTAG	0	3373
CACGTGTCCGGATTTC	0	3374
ATAATGCCCACACGTG	0	3375
ACAATCCATACACGTG	0	3376
CACGTGATCAAATTAG	0	3377
CACGTGAAAGGATAAC	0	3378
CACGTGCCAGGATGAA	0	3379
CACGTGAGGAGATTTA	0	3380
ATAATTTATTCACGTG	0	3381
ATAATATAAACACGTG	0	3382
CACGTGTACGGATTGA	0	3383
ATAACCCCTACACGTG	0	3384
CACGTGAATGGATTCC	0	3385
CACGTGCAGATATTAA	0	3386
ATATTCCCGTCACGTG	0	3387
CACGTGCGCAGATGAC	0	3388
CACGTGAACAAATTAA	0	3389
CACGTGCCGGGAGTAC	0	3390
CACGTGTTCATATTAA	0	3391
CACGTGGGAGGATTTC	0	3392
CACGTGCGGAGATTCA	0	3393
ATAATCCCCTCACGGG	0	3394
CACGTGCCTGGAGTAA	0	3395
ATAAGCTTACCACGTG	0	3396
CACGTGCTTGCATTAG	0	3397
CACGTGGGCGGGTTAC	0	3398
CGCGTGCTGGGATTAA	0	3399
CACGTGCAGGCATTAC	0	3400
ATAATCTGAGCACGCG	0	3401
CACGTGATTAGATTTC	0	3402
CACGTGATCTGATTAG	0	3403
CACGTGTTCGCATTAC	0	3404
ATATTCCGTACACGTG	0	3405
CACGTGAATGTATTAG	0	3406
AAAATCCGGCCACGTG	0	3407
CACGTGTGAAGCTTAA	0	3408
CACGTTATGGGATTAC	0	3409
CACGTGAGAGGATAAG	0	3410
CACGTGCATGCATTAA	0	3411
CACGTGCTAAGATAAC	0	3412
CACGTGACCAGATTAG	0	3413
CACGTGACAGGATCAG	0	3414
CACGTGAACTGATTAA	0	3415
CACGTGAGTGGATTCG	0	3416
CACGTTATTGGATTAA	0	3417
ATAATATCCACACGTG	0	3418
CACGTGCTTAGATTCC	0	3419
CACGTGGGCCGATTAC	0	3420
CACGTGACGGGATTGC	0	3421
CACGTGAGAAGGTTAC	0	3422
CACGTGTATGGATTAG	0	3423
CACGTGATCGGTTTAC	0	3424
CCCGTGATCGGATTAC	0	3425
CACGTGACTGGATTGA	0	3426
AAAATCTTGTCACGTG	0	3427
CACGTGCGGGCATTAG	0	3428
CACGTGCATGGATTGG	0	3429
CACGTGCCAGGATGAC	0	3430
CACGTGACGGGGTTAA	0	3431
ATAACCTGGTCACGTG	0	3432
CACGTGAGGAGATTTC	0	3433
CAAATCCTAACACGTG	0	3434
ATAATGCGACCACGTG	0	3435
CACGTGCTTATATTAG	0	3436
ATAATGCACACACGTG	0	3437
CACGTGTACGGATTGC	0	3438
CACGTGCAGGGGTTAG	0	3439
CACGTGCAGATATTAC	0	3440
AGAATCTTGGCACGTG	0	3441
CACGTGAGTAGATTTA	0	3442
CACGTGTTCGGGTTAG	0	3443
CACGTGAACAAATTAC	0	3444
CACGTGTTCATATTAC	0	3445
CACGTGTGCGCATTAA	0	3446
CACGTGTAAGGATTTA	0	3447
ATAACCCATACACGTG	0	3448
CACGTTAGGGGATTAA	0	3449
ATATTCCAGTCACGTG	0	3450
ATAATCTGCTAACGTG	0	3451
CACGTGCGGAGATTCC	0	3452
ATAATCCGCGCAAGTG	0	3453
CACGTGCGAAGATAAA	0	3454
CACGTGCCTGGAGTAC	0	3455
CACGTGTACGGGTTAA	0	3456
CACGTGCAGCGATTAG	0	3457
CACGTGCCAAGATCAA	0	3458
CACGTGACCGGAATAA	0	3459
CGCGTGCTGGGATTAC	0	3460
CACGTGCGTAGATTCA	0	3461
ATAATGTTATCACGTG	0	3462
ATAAACCACTCACGTG	0	3463
ATAATCCACTCACGGG	0	3464
CACGTGTTCCGATTAG	0	3465
ATCATCCCAACACGTG	0	3466
ATACTCTTTGCACGTG	0	3467
CACGTGCACGGAATAG	0	3468
CGCGTGCTTGGATTAA	0	3469
CACGTGCATGCATTAC	0	3470
CACGTGTTAGGAGTAA	0	3471
CACGTGAGCGGTTTAA	0	3472
CCCGTGAGCGGATTAA	0	3473
CACGTGTGCGGATTGG	0	3474
CACGTGTACCGATTAA	0	3475
CACGTGAACTGATTAC	0	3476
ACAATCCGTCCACGTG	0	3477
CACGTTATTGGATTAC	0	3478
CACGTGCGGATATTAG	0	3479
CACGTGAGCAAATTAG	0	3480
CACGTGTCGGGCTTAA	0	3481
CACGTGGTGGTATTAA	0	3482
ATAAGCTGGACACGTG	0	3483
ATAATATGACCACGTG	0	3484
ATAATATACACACGTG	0	3485
CACGTGACTGGATTGC	0	3486
CACGTGCTAGGACTAA	0	3487
CACGTGTGCATATTAA	0	3488
CACGTGACGGGGTTAC	0	3489
ACAATCTTTTCACGTG	0	3490
ATAAGCTTCCCACGTG	0	3491
CACGTGCGTGCATTAG	0	3492
ATAATCCTGTAACGTG	0	3493
CACGTGACTGGGTTAA	0	3494
CGCGTGCGGGGATTAA	0	3495
ATAATCTGCGCACGCG	0	3496
CACGTGAGCTGATTAG	0	3497
CACGTGTGCGCATTAC	0	3498
CACGTGTAAGGATTTC	0	3499
CACGTGCATGGGTTAG	0	3500
CACGTTAGGGGATTAC	0	3501
CACGTGCATATATTAC	0	3502
CACGTGACGCGATTAC	0	3503
CACGTGCGAAGATAAC	0	3504
CACGTGTACGGGTTAC	0	3505
CACGTGCCAAGATCAC	0	3506
CACGTGACCGGAATAC	0	3507
CACGTTAGTGGATTAA	0	3508
CACGTGCGTAGATTCC	0	3509
CACGTGACTCGATTAA	0	3510
CACGTGCTGGGATGAG	0	3511
CACGTGGACGGATTAG	0	3512
CACGTGCATCGATTAG	0	3513
CACGTGCCGGGATAAA	0	3514
CGCGTGCTTGGATTAC	0	3515
ATTATCTGGGCACGTG	0	3516
CACGTGTTAGGAGTAC	0	3517
CACGTGAGCGGTTTAC	0	3518
CCCGTGAGCGGATTAC	0	3519
CACGTGACAGAATTAG	0	3520
ATCATCCAAACACGTG	0	3521
CACGTGTACCGATTAC	0	3522
CACGTGCAGGGATGAA	0	3523
CACGTGTTCGGATGAA	0	3524
CACGTGTCGGGCTTAC	0	3525
CACGTGGTGGTATTAC	0	3526
CACGTGCCCAGCTTAG	0	3527
CAAATCCTCACACGTG	0	3528
CACGTGTCAGTATTAA	0	3529
ATAATGCGCCCACGTG	0	3530
AAAATCCTTCCACGTG	0	3531
CACGTGCGTATATTAG	0	3532
ATGATCTCAACACGTG	0	3533
CACGTGCTAGGACTAC	0	3534
CACGTGTCTGGCTTAA	0	3535
CACGTGGTTGTATTAA	0	3536
CACGTGTGCGGGTTAG	0	3537
ATAACCCGTCCACGTG	0	3538
CACGTGTGCATATTAC	0	3539
ATAATCCTGGCACGCG	0	3540
ATACTCCTACCACGTG	0	3541
CACGTGACTGGGTTAC	0	3542
ATAATGTTCTCACGTG	0	3543
CACGGGCTAGGATTAA	0	3544
CACGTGTGCCGATTAG	0	3545
ATCATCCCCACACGTG	0	3546
CGCGTGCGTGGATTAA	0	3547
CACGTGTGAGGAGTAA	0	3548
ATAACCTTTTCACGTG	0	3549
CACGTGAAGGGATCAG	0	3550
ATAAGCCCGCCACGTG	0	3551
CACGTGCCAAAATTAA	0	3552
CACGTTAGTGGATTAC	0	3553
CACGTGACTCGATTAC	0	3554
CACGTGGGGGTATTAA	0	3555
CACGTGATAGGAATAG	0	3556
ATAATATGCCCACGTG	0	3557
CACGTGCCGGGATAAC	0	3558
AAAATCTCTTCACGTG	0	3559
CACGTGCGAGGACTAA	0	3560
CACGTGCTTGGATGAG	0	3561
CACGTGCCTGGATAAA	0	3562
CACGTGCAGGGATGAC	0	3563
CACGTGAAAGGAATAA	0	3564
CACGTGTTCGGATGAC	0	3565
CACGTGTCAGTATTAC	0	3566
CACGTGCCATGATTAA	0	3567
AGAATCTCTGCACGTG	0	3568
CACGTGCATGGATGAA	0	3569
CACGTGTTGGGATTCA	0	3570
AGAATCTGAACACGTG	0	3571
ATACTCTCATCACGTG	0	3572
CACGTGCTGAGATCAG	0	3573
CACGTGTCTGGCTTAC	0	3574
CACGTGGTTGTATTAC	0	3575
ATGATCTAAACACGTG	0	3576
ATAAGCTTTACACGTG	0	3577
CACGTGCAGAGATCAA	0	3578
CACGTGTTCAGATCAA	0	3579
CACGGGCTAGGATTAC	0	3580
CACGTGCGGGGATGAG	0	3581
CACGTGCTAAGAATAA	0	3582
CGCGTGCGTGGATTAC	0	3583
CACGTGTGAGGAGTAC	0	3584
CACGTGAACGGATTCG	0	3585
ATCATCCGACCACGTG	0	3586
CACGTGCCAAAATTAC	0	3587
ATAATACTGCCACGTG	0	3588
ATCATCCACACACGTG	0	3589
ATAATGCCGTCACGTG	0	3590
ATAAGCCAGCCACGTG	0	3591
CACGTGTGCGGATGAA	0	3592
CACGTGGGGGTATTAC	0	3593
ATACTCCGGACACGTG	0	3594
CACGTGGCCGGCTTAA	0	3595
ATGATCTCCACACGTG	0	3596
CACGTGCGAGGACTAC	0	3597
CACGTGGGTGTATTAA	0	3598
CAAATCTGATCACGTG	0	3599
CACGTGCCTGGATAAC	0	3600
CACGTGAAAGGAATAC	0	3601
ATCATCTTATCACGTG	0	3602
AAAATCTATTCACGTG	0	3603
ATAATGCGTACACGTG	0	3604
ATAATCCCTTAACGTG	0	3605
CACGTGCCATGATTAC	0	3606
CACGTGCATGGATGAC	0	3607
ATAATTTCAACACGTG	0	3608
CACGTGAACAGATTTA	0	3609
ATTATCTTTGCACGTG	0	3610
ATACTCCTCCCACGTG	0	3611
ATAGTCCGGGCACGTG	0	3612
CACGTGTTGGGATTCC	0	3613
CACGTGCTCAGATTCG	0	3614
CACGTGTTAGGATAAA	0	3615
CACGGGCGAGGATTAA	0	3616
AGAATCTATGCACGTG	0	3617
CACGTGTTTGGATTCA	0	3618
ATACTCTAATCACGTG	0	3619
CACGTGCTTAGATCAG	0	3620
CACGTGCAAAGCTTAG	0	3621
CACGTGCAGAGATCAC	0	3622
CACGTGCACAGATTCA	0	3623
ATAAACCGTTCACGTG	0	3624
ATAATCCGTTCACGGG	0	3625
ATAATATCGTCACGTG	0	3626
CACGTGTTCAGATCAC	0	3627
CACGTGATCAGAGTAA	0	3628
CACGTGCATAGATCAA	0	3629
CACGTGAGAGGAATAG	0	3630
CACGTGAAGGAATTAG	0	3631
CACGTGGTAAGATTAA	0	3632
CACGTGCTAAGAATAC	0	3633
CACGTGTTGGTATTAG	0	3634
CACGTGCGTGGATGAG	0	3635
ATAATCTCAGAACGTG	0	3636
ATAATCTCGACACGTG	0	3637
AGAATCCCACCACGTG	0	3638
CACGTGTAGGTATTAA	0	3639
ATAATATGTACACGTG	0	3640
CACGTGTGCGGATGAC	0	3641
ATAATGCAGTCACGTG	0	3642
CACGTGCCCGGAGTAG	0	3643
ACAATCTCGGCACGTG	0	3644
CACGTGGCCGGCTTAC	0	3645
CACGTGTGGGGATTCA	0	3646
AGAATCTGCACACGTG	0	3647
ATACTCTCCTCACGTG	0	3648
CACGTGCGGAGATCAG	0	3649
CACGTGGGTGTATTAC	0	3650
CACGTGCTGGGTTTAA	0	3651
CCCGTGCTGGGATTAA	0	3652
ATAAACTGAGCACGTG	0	3653
ATAATCTGAGCACGGG	0	3654
CACGTGACCGCATTAA	0	3655
ATAATCCCTGCACGCG	0	3656
CACGTGGTGGGATCAA	0	3657
ATGATCTGACCACGTG	0	3658
ATAATCCGAACACGCG	0	3659
ATGATCTACACACGTG	0	3660
CACGTGCACGCATTAG	0	3661
CACGTGCTGAAATTAG	0	3662
CACGTGAACAGATTTC	0	3663
CACGTTATCGGATTAG	0	3664
CACGTGTGCAGATCAA	0	3665
CACGTGTTAGGATAAC	0	3666
CACGGGCGAGGATTAC	0	3667
ATAATCCATTAACGTG	0	3668
ATAATTTAAACACGTG	0	3669
CACGTGACAAGCTTAC	0	3670
CACGTGCGAAGAATAA	0	3671
CACGTGCAGAAATTAA	0	3672
CACGTGTTTGGATTCC	0	3673
ATCATCCGCCCACGTG	0	3674
CACGTTAACGGATTAA	0	3675
CACGTGCACAGATTCC	0	3676
CACGTGTTCAAATTAA	0	3677
CACGTGACCGGATTGG	0	3678
CACGTGATCAGAGTAC	0	3679
ATAATCCGGGCCCGTG	0	3680
CACGTGCATAGATCAC	0	3681
ATAATATAGTCACGTG	0	3682
CACGTGGTAAGATTAC	0	3683
CACGTGCTGTGATTAG	0	3684
CAAATCTGCTCACGTG	0	3685
CACGTGACCATATTAA	0	3686
CACGTGAATGAATTAG	0	3687
CACGTGCCGAGATTAG	0	3688
CACGTGTTTGTATTAG	0	3689
ATCATCTTCTCACGTG	0	3690
CACGTGTAGGTATTAC	0	3691
AGAATCCTGACACGTG	0	3692
ATTATCCTACCACGTG	0	3693
CACGTGCAGTGATTAA	0	3694
ATAATCTAAGAACGTG	0	3695
ATAATCTAGACACGTG	0	3696
ATAATTTCCACACGTG	0	3697
CACGTGTTCTGATTAA	0	3698
AGAATCCAACCACGTG	0	3699
CACGTGTATGTATTAA	0	3700
CACGTGTGGGGATTCC	0	3701
CACGTGCGCAGATTCG	0	3702
CACGTGTGAGGATAAA	0	3703
CACGTTCTCAGATTAA	0	3704
CACGTGCTGGGTTTAC	0	3705
CCCGTGCTGGGATTAC	0	3706
CACGTGACCGCATTAC	0	3707
CACGTGTCCAGATTAA	0	3708
CACGTGGTAGGCTTAG	0	3709
CACGTGGTGGGATCAC	0	3710
CACGTGGTCGGATTCA	0	3711
ACAATCTAGGCACGTG	0	3712
CACGTGTGTGGATTCA	0	3713
CGCGTGCTCGGATTAG	0	3714
ATACTCTACTCACGTG	0	3715
CACGTGCGTAGATCAG	0	3716
CACGTGCTTGGTTTAA	0	3717
CCCGTGCTTGGATTAA	0	3718
ATAATCCATGCACGCG	0	3719
ATACTCCTTACACGTG	0	3720
CACGTGGTTGGATCAA	0	3721
CACGTGCCCAGATTGA	0	3722
ATAACCTCGGCACGTG	0	3723
CACGTGGAAGGCTTAA	0	3724
CACGTGTGCAGATCAC	0	3725
CACGTGAGCAGAGTAA	0	3726
CGCGTGCACGGATTAA	0	3727
CACGTGCTTAAATTAG	0	3728
CACGTGGGAAGATTAA	0	3729
CACGTGCGAAGAATAC	0	3730
CACGTGCAGAAATTAC	0	3731
CACGTGTGGGTATTAG	0	3732
ATAATACCTCCACGTG	0	3733
CACGTTAACGGATTAC	0	3734
CACGTGATAAGATTCA	0	3735
CACGTGTTCAAATTAC	0	3736
ATAATCTCCGAACGTG	0	3737
CACGTGCATAAATTAA	0	3738
ATAGTCCTTGCACGTG	0	3739
AGAATCCCCCCACGTG	0	3740
CAAATCCTGTCACGTG	0	3741
CACGTGCCGGGAATAA	0	3742
ATTATCTCATCACGTG	0	3743
ATATTCTGGGCACGTG	0	3744
CACGTGACCGGGTTAG	0	3745
CACGTGACCATATTAC	0	3746
CACGTGCGGGGTTTAA	0	3747
CCCGTGCGGGGATTAA	0	3748
ATAAACTGCGCACGTG	0	3749
ATAATCTGCGCACGGG	0	3750
CACGTGCTTTGATTAG	0	3751
CACGTGGGGGGATCAA	0	3752
ATGATCTGCCCACGTG	0	3753
CACGTGATGAGCTTAG	0	3754
CACGTGCCAGGATTCG	0	3755
CACGTGCAGTGATTAC	0	3756
ATAATCCGCACACGCG	0	3757
CACGTGCCTAGATTAG	0	3758
CACGTGCGGAAATTAG	0	3759
CACGTGTTCTGATTAC	0	3760
CACGTGTATGTATTAC	0	3761
CACGTTAGCGGATTAG	0	3762
CACGTGCATTGATTAA	0	3763
CACGTGTGAGGATAAC	0	3764
CACGTTCTCAGATTAC	0	3765
CACGTGGTGGAATTAA	0	3766
CACGTGAAGAGCTTAA	0	3767
CACGTGACCCGATTAG	0	3768
ATAATTTGACCACGTG	0	3769
ATCATCCCGTCACGTG	0	3770
CACGTGTCCAGATTAC	0	3771
ATAATTTACACACGTG	0	3772
CACGTGGTCGGATTCC	0	3773
CACGTGTCAGGATCAC	0	3774
CACGTGACAGGAGTAA	0	3775
CACGTGTGTGGATTCC	0	3776
CACGTGATAGCATTAG	0	3777
CACGTGCTTGGTTTAC	0	3778
CCCGTGCTTGGATTAC	0	3779
CACGTGTGCAAATTAA	0	3780
CACGTGCAAGGAGTAG	0	3781
CACGTGGTTGGATCAC	0	3782
CACGTGCCCAGATTGC	0	3783
CACGTGGAAGGCTTAC	0	3784
ATTATCCGGACACGTG	0	3785
CACGTGAGCAGAGTAC	0	3786
ACAATCTTAACACGTG	0	3787
CGCGTGCACGGATTAC	0	3788
CACGTGAAAGCATTAA	0	3789
CACGTGCCAAGATTTA	0	3790
ATAACCTAGGCACGTG	0	3791
CACGTGGGAAGATTAC	0	3792
ATCATCCGTACACGTG	0	3793
CACGTGCGGTGATTAG	0	3794
CACGTGATAAGATTCC	0	3795
CACGTGTCCGGCTTAG	0	3796
CACGTGGTCGTATTAG	0	3797
CACGTGCCCAGGTTAA	0	3798
CACGTGCATAAATTAC	0	3799
CACGTGTGTGTATTAG	0	3800
ATAATACATCCACGTG	0	3801
ATTATCCTCCCACGTG	0	3802
CACGTGGCGGGATTAA	0	3803
CACGTGCCGGGAATAC	0	3804
ATAATCTGGCCACGTG	0	3805
ATAAACCTGGCACGTG	0	3806
ATAATCCTGGCACGGG	0	3807
ATAATCTACGAACGTG	0	3808
CACGTGGACGTATTAA	0	3809
CACGTGTGCTGATTAA	0	3810
ATGATCCTGCCACGTG	0	3811
AGAATCCACCCACGTG	0	3812
CACGTGCCTGGAATAA	0	3813
ATTATCTAATCACGTG	0	3814
CACGTGAAAGGATTGG	0	3815
CACGTTCGCAGATTAA	0	3816
CACGTGCGGGGTTTAC	0	3817
CACGTGGGAGGCTTAG	0	3818
CACGTGGGGGGATCAC	0	3819
CACGTGGGCGGATTCA	0	3820
ATAATCCTTGCCCGTG	0	3821
CACGTGATAATATTAG	0	3822
CGCGTGCGCGGATTAG	0	3823
CACGTGATCAGATAAA	0	3824
CACGTGCTAACATTAA	0	3825
CCCGTGCGTGGATTAA	0	3826
CACGTGGGTGGATCAA	0	3827
CACGTGATTAGCTTAG	0	3828
CACGTGCATTGATTAC	0	3829
CACGTGGTGGAATTAC	0	3830
CACGTGAAGAGCTTAC	0	3831
CACGTGTCAGAATTAA	0	3832
CACGTGCGTAAATTAG	0	3833
CACGTGACAGGAGTAC	0	3834
CACGTGTTAAGATTAG	0	3835
CACGTGGTTGAATTAA	0	3836
CACGTGAATAGCTTAA	0	3837
ATCATCCAGTCACGTG	0	3838
CACGTGAGAAGATTCA	0	3839
CACGTGTGCAAATTAC	0	3840
CACGTGCCCGGATAAG	0	3841
CACGTGACCGGATGAA	0	3842
CACGTGCTAAGATTGG	0	3843
CGCGTGATAGGATTAA	0	3844
CACGTGAAAGCATTAC	0	3845
CACGTGTAAAGATTAA	0	3846
ATTATCTCCTCACGTG	0	3847
CACGTGCCAAGATTTC	0	3848
CACGTGCACGGATGAG	0	3849
ATGATCTCGTCACGTG	0	3850
CACGTGCCCAGGTTAC	0	3851
CACGTGCAAAGATTGA	0	3852
AGAATCCCTACACGTG	0	3853
CACGTGCGTTGATTAG	0	3854
CACGTGAGGAGCTTAG	0	3855
ATAACCTTAACACGTG	0	3856
CACGTTCCAGGATTAA	0	3857
CACGTGTTGGGATCAG	0	3858
CACGTGGCGGGATTAC	0	3859
CACGTGGACGTATTAC	0	3860
CACGTGTGCTGATTAC	0	3861
CACGTGGCTGGATTAA	0	3862
CACGTGCCTGGAATAC	0	3863
CACGTTCGCAGATTAC	0	3864
CACGTGGGGGAATTAA	0	3865
ATAATTTGCCCACGTG	0	3866
CACGTGTAGGGATCAA	0	3867
ATGATCTGTACACGTG	0	3868
CACGTGGGCGGATTCC	0	3869
AAAATCTCAACACGTG	0	3870
CACGTGAGAGCATTAG	0	3871
CACGTGATCAGATAAC	0	3872
CACGTGCTAACATTAC	0	3873
ATATTCTTTGCACGTG	0	3874
CACGTGCGTGGTTTAC	0	3875
CCCGTGCGTGGATTAC	0	3876
ATAGTCCCATCACGTG	0	3877
ATAATCCGAGCACGAG	0	3878
CACGTGGGTGGATCAC	0	3879
CACGTGTTAGGAATAA	0	3880
CACGTGAAAGGGTTAG	0	3881
CACGTGTCAGAATTAC	0	3882
CACGTGAAAATATTAC	0	3883
ACAATCTTCACACGTG	0	3884
CACGTGGTTGAATTAC	0	3885
CACGTGAATAGCTTAC	0	3886
CACGTGAGAAGATTCC	0	3887
CACGTGGGCGTATTAG	0	3888
CAAATCCCTTCACGTG	0	3889
CACGTGAAACGATTAG	0	3890
CACGTGACCGGATGAC	0	3891
CGCGTGATAGGATTAC	0	3892
CACGTGTAAAGATTAC	0	3893
CACGTGACGGGATTCA	0	3894
AGAATCTGGTCACGTG	0	3895
ATTATCTACTCACGTG	0	3896
CACGTGCAAAGATTGC	0	3897
CACGTGCAGGGATTCG	0	3898
ATTATCCTTACACGTG	0	3899
ATGATCTAGTCACGTG	0	3900
CACGTGCTAAGGTTAG	0	3901
CACGTTCCAGGATTAC	0	3902
CACGTGAGAATATTAG	0	3903
CACGTGTTCGGATTCG	0	3904
CACGTGATGGGAGTAG	0	3905
ATAATTCTGCCACGTG	0	3906
CACGTGAGCAGATAAA	0	3907
CACGTGCGAACATTAA	0	3908
AGAATCCATACACGTG	0	3909
CACGTGACCAGATCAA	0	3910
CACGTGAGTAGCTTAG	0	3911
CACGTGGGGGAATTAC	0	3912
CACGTGTAAGGCTTAG	0	3913
CACGTGCAAAGGTTAA	0	3914
CACGTGTAGGGATCAC	0	3915
CACGTGTACGGATTCA	0	3916
CACGTGAAGGGAGTAA	0	3917
ATACTCTGTTCACGTG	0	3918
CACGTGCACAGATCAG	0	3919
CAAATCTCAGCACGTG	0	3920
CACGTGTGAAGATTAG	0	3921
CACGTGGGTGAATTAA	0	3922
ATAATCTTTCCACGTG	0	3923
CACGTGTATGGATCAA	0	3924
CACGTGTTAGGAATAC	0	3925
AAAATCTAAACACGTG	0	3926
CACGTGCAGAGATTTA	0	3927
CACGTGCGAAGATTGG	0	3928
CGCGTGAGAGGATTAA	0	3929
ATAGTCCAATCACGTG	0	3930
ATAATCCCAAAACGTG	0	3931
CACGTGTTCAGATTTA	0	3932
CACGTGGTAGGATTGA	0	3933
CACGTGATCGGACTAA	0	3934
ATAATCCCATCCCGTG	0	3935
ACAATCCCGACACGTG	0	3936
ATAAACCCTGCACGTG	0	3937
ATAATCCCTGCACGGG	0	3938
ATAACCTTCACACGTG	0	3939
CACGTGTGGGGATCAG	0	3940
ATGATCCCTCCACGTG	0	3941
CACGTGCTGAGAGTAA	0	3942
ATAAACCGAACACGTG	0	3943
ATAATCCGAACACGGG	0	3944
ATAATTTCGTCACGTG	0	3945
CACGTGATAGGATGAG	0	3946
CAAATCCATTCACGTG	0	3947
CACGTGACGGGATTCC	0	3948
CACGTGTTGGAATTAG	0	3949
ATATTCCTACCACGTG	0	3950
CACGTGCAAGGATAAG	0	3951
CACGTGACTGGATTCA	0	3952
AAAATCTCCACACGTG	0	3953
CACGTGAGCAGATAAC	0	3954
CACGTGCGAACATTAC	0	3955
ATAGTCCCCTCACGTG	0	3956
CACGTGCATGGATTCG	0	3957
ATAATCCGCGCACGAG	0	3958
CACGTGTGAGGAATAA	0	3959
CACGTGACCAGATCAC	0	3960
CACGTGTAGGAATTAA	0	3961
ATAATTTGTACACGTG	0	3962
CACGTGATTGGAGTAG	0	3963
CACGTGCAAAGGTTAC	0	3964
CACGTGTACGGATTCC	0	3965
CACGTGAAGGGAGTAC	0	3966
CACGTGACGGTATTAG	0	3967
CACGTGCCGGCATTAA	0	3968
ATAATGTGGGCACGTG	0	3969
CACGTGGGTGAATTAC	0	3970
CACGTGTATGGATCAC	0	3971
CACGTGAATGGAGTAA	0	3972
CAAATCTAAGCACGTG	0	3973
CACGTGCAGAGATTTC	0	3974
CGCGTGAGAGGATTAC	0	3975
CACGTTCTGGGATTAG	0	3976
CACGTGTTCAGATTTC	0	3977
CACGTGTCGGGATTAG	0	3978
CACGTGGTAGGATTGC	0	3979
CACGTGCTAAGATGAA	0	3980
CACGTGCATAGATTTA	0	3981
CACGTGTACGTATTAG	0	3982
CACGTGATCGGACTAC	0	3983
ATAATCCAAAAACGTG	0	3984
CACGTTCAGGGATTAA	0	3985
ATAATCTGTGAACGTG	0	3986
CACGTGCCGGGATTGG	0	3987
ATATTCTCATCACGTG	0	3988
ATAATCCGGTCACGCG	0	3989
CACGTGCGAAGGTTAG	0	3990
CACGTGTGCGGATTCG	0	3991
CACGTGAGGGGAGTAG	0	3992
CACGTTTTCGGATTAA	0	3993
AGAATCCGTCCACGTG	0	3994
CACGTGCTGAGAGTAC	0	3995
ATAATCCAATCCCGTG	0	3996
CACGTGCTCGGTTTAG	0	3997
CCCGTGCTCGGATTAG	0	3998
CACGTGGTAGGGTTAA	0	3999
ACAATCCAGACACGTG	0	4000
CACGTGGTCGGATCAG	0	4001
ATAAACCATGCACGTG	0	4002
ATAATCCATGCACGGG	0	4003
CACGTGACAGGATAAC	0	4004
CACGTGTGTGGATCAG	0	4005
ATGATCCATCCACGTG	0	4006
CACGTGCTTAGAGTAA	0	4007
CACGGGATCGGATTAA	0	4008
ATAATTTAGTCACGTG	0	4009
CACGTGTCCGGATTGA	0	4010
ATAACCCCGACACGTG	0	4011
CACGTGCACGGTTTAA	0	4012
CACGTGACTGGATTCC	0	4013
CAAATCTCCGCACGTG	0	4014
CACGTGCCGATATTAA	0	4015
CACGTGAAAGGATGAC	0	4016
CACGTGGACGGATCAA	0	4017
CACGTGACCAAATTAA	0	4018
CACGTGGTGGGATTTA	0	4019
CACGTGTTTGAATTAG	0	4020
AAAATCTGACCACGTG	0	4021
CACGTGGTACGATTAA	0	4022
CACGTGTGAGGAATAC	0	4023
AAAATCTACACACGTG	0	4024
CACGTGTAGGAATTAC	0	4025
AGAATCTTTTCACGTG	0	4026
CACGTGCACAAATTAG	0	4027
ATAGTCCACTCACGTG	0	4028
CACGTGATAAGATCAG	0	4029
ATAATCCCCAAACGTG	0	4030
CACGTGTGCAGATTTA	0	4031
CACGTGTATGAATTAA	0	4032
CACGTGCCGGCATTAC	0	4033
CACGTGGGAGGATTGA	0	4034
CACGTGATGAGATTGC	0	4035
CACGTGAGCGGACTAA	0	4036
CACGTGAATGGAGTAC	0	4037
ATATTCCGGACACGTG	0	4038
CACGTGACTGTATTAG	0	4039
ATAATCCCCTCCCGTG	0	4040
CACGTGAAAAGATCAA	0	4041
CACGTGCCTGCATTAA	0	4042
CACGTGATTAGATTGA	0	4043
CACGTGCGGAGAGTAA	0	4044
ATAAACCGCACACGTG	0	4045
ATAATCCGCACACGGG	0	4046
CACGTGACCTGATTAA	0	4047
CACGTGAGAGGATGAG	0	4048
CACGTGCTAAGATGAC	0	4049
CACGTGATGAGGTTAA	0	4050
CACGTGCATAGATTTC	0	4051
CACGTGCACTGATTAG	0	4052
CACGTTCTTGGATTAG	0	4053
CACGTGTCTGGATTAG	0	4054
CACGTGTGGGAATTAG	0	4055
ATATTCCTCCCACGTG	0	4056
CACGTTCAGGGATTAC	0	4057
ATAATTCCTCCACGTG	0	4058
CACGTTTTCGGATTAC	0	4059
CACGTTCATGGATTAA	0	4060
CACGTGGTAGGGTTAC	0	4061
CACGTGCCTGGATTGG	0	4062
ATATTCTAATCACGTG	0	4063
CACGTGAGTGGAGTAG	0	4064
CACGTGCTTAGAGTAC	0	4065
CACGGGATCGGATTAC	0	4066
CACGTGTCCGGATTGC	0	4067
CACGTGCCGGGGTTAG	0	4068
CACGTGCACGGTTTAC	0	4069
CCCGTGCACGGATTAC	0	4070
CACGTGATCAGAATAA	0	4071
CACGTGCCGATATTAC	0	4072
CACGTGGACGGATCAC	0	4073
CACGTGAGGAGATTGA	0	4074
CACGTGACCAAATTAC	0	4075
CACGTGGTGGGATTTC	0	4076
CACGTGTCAGGATTTA	0	4077
ATAACCCAGACACGTG	0	4078
CACGTGGTACGATTAC	0	4079
CAAATCTACGCACGTG	0	4080
CACGTGCCTATATTAA	0	4081
CACGTGGTTGGATTTA	0	4082
CACGTTCGGGGATTAG	0	4083
CACGTGTCCGGGTTAA	0	4084
CACGTGTGCAGATTTC	0	4085
CACGTGCCGCGATTAG	0	4086
CACGTGTATGAATTAC	0	4087
CACGTGGGAGGATTGC	0	4088
CACGTGCGAAGATGAA	0	4089
ATAATCCGACAACGTG	0	4090
CACGTGTTGAGCTTAA	0	4091
CACGTGAGCGGACTAC	0	4092
CACGTGATGGGATAAG	0	4093
ATACTCTTGGCACGTG	0	4094
ATAATCCACAAACGTG	0	4095
CACGTGCCCGGAATAG	0	4096
CACGTGAAAAGATCAC	0	4097
CACGTGCCTGCATTAC	0	4098
ATATTCTCCTCACGTG	0	4099
CACGTGATTAGATTGC	0	4100
CACGTTTGCGGATTAA	0	4101
CACGTGCGGAGAGTAC	0	4102
CACGTGTCCCGATTAA	0	4103
ATAATCCACTCCCGTG	0	4104
CACGTGCGCGGTTTAG	0	4105
CCCGTGCGCGGATTAG	0	4106
CACGTGACCTGATTAC	0	4107
ACAATCCGGCCACGTG	0	4108
CACGTGAAGGGATAAA	0	4109
CACGTGGGAGGGTTAA	0	4110
ATTATCTGTTCACGTG	0	4111
CACGTGGGCGGATCAG	0	4112
CACGTGATGAGGTTAC	0	4113
CACGTGTTAGCATTAA	0	4114
CACGTGCGTAGAGTAA	0	4115
CACGGGAGCGGATTAA	0	4116
ATAATCTTATAACGTG	0	4117
ATAATCCTAGCAAGTG	0	4118
CACGTGATTAGGTTAA	0	4119
CACGTGGTCGAATTAG	0	4120
CACGTGAACAGCTTAG	0	4121
CACGTGGGGGGATTTA	0	4122
CACGTGTGTGAATTAG	0	4123
CACGTTCATGGATTAC	0	4124
AAAATCTGCCCACGTG	0	4125
ATAATTCATCCACGTG	0	4126
CACGTGGGACGATTAA	0	4127
CACGTGAGAAGATCAG	0	4128
CACGTGGACGAATTAA	0	4129
CACGTGATAGGTTTAA	0	4130
CCCGTGATAGGATTAA	0	4131
CACGTGATCAGAATAC	0	4132
CACGTGAGGAGATTGC	0	4133
CACGTGTTAGGATTGG	0	4134
CACGTGTCAGGATTTC	0	4135
CACGTGCCTGGGTTAG	0	4136
CACGTGCTGAGATAAA	0	4137
CACGTGCCTATATTAC	0	4138
CACGTGATAAAATTAG	0	4139
CACGTGAGTAGATTGA	0	4140
CACGTGGTTGGATTTC	0	4141
CACGTGTCCGGGTTAC	0	4142
CACGTGCGAAGATGAC	0	4143
CACGTGAGGAGGTTAA	0	4144
CACGTGAAAAAATTAA	0	4145
CACGTGTTAATATTAA	0	4146
CACGTGGCCGGATTAG	0	4147
CACGTTCGTGGATTAG	0	4148
CACGTGTTTAGCTTAA	0	4149
CACGTTTGCGGATTAC	0	4150
CACGTGATTGGATAAG	0	4151
CACGTGTCCCGATTAC	0	4152
CACGTGAAGGGATAAC	0	4153
CACGTGCCGGGATGAA	0	4154
CACGTGGGAGGGTTAC	0	4155
ATCATCTGGGCACGTG	0	4156
ATAATCTTAGCACGCG	0	4157
ATATTCTACTCACGTG	0	4158
CACGTGATATGATTAG	0	4159
CACGTGTTAGCATTAC	0	4160
ATATTCCTTACACGTG	0	4161
CACGTGCGTAGAGTAC	0	4162
CACGGGAGCGGATTAC	0	4163
AAAATCCTGCCACGTG	0	4164
CACGTGAATGGATAAA	0	4165
CACGTGAGCAGAATAA	0	4166
CACGTGATTAGGTTAC	0	4167
CACGTGACAAGATTAG	0	4168
ATAACCCGGCCACGTG	0	4169
CACGTGAAATGATTAA	0	4170
CACGTGGGGGGATTTC	0	4171
CACGTGGGACGATTAC	0	4172
ATAAGCTCACCACGTG	0	4173
CACGTGGGTGGATTTA	0	4174
CACGTGGACGAATTAC	0	4175
CACGTGATAGGTTTAC	0	4176
CCCGTGATAGGATTAC	0	4177
ATAATCCGCCAACGTG	0	4178
CACGTGTGGAGCTTAA	0	4179
CACGTGAGGGGATAAG	0	4180
CACGTGCTGAGATAAC	0	4181
ATAACCTTGTCACGTG	0	4182
CACGTGAGTAGATTGC	0	4183
ATAATGCTACCACGTG	0	4184
CACGTGTAAGGATTGC	0	4185
CACGTGCTTAGATAAA	0	4186
CACGTGAGGAGGTTAC	0	4187
CACGTGTTAGGGTTAG	0	4188
CACGTGAAAAAATTAC	0	4189
CACGTGTTAATATTAC	0	4190
CACGTGTGAGCATTAA	0	4191
ATAATCTTCTAACGTG	0	4192
AAAATCTCGTCACGTG	0	4193
ATAATCCTCGCAAGTG	0	4194
CACGTGTTTAGCTTAC	0	4195
CACGTGGGCGAATTAG	0	4196
CACGTGTAAGGGTTAA	0	4197
CACGTGTACGGATCAG	0	4198
CACGTGCCGGGATGAC	0	4199
CACGTGACAGGAATAA	0	4200
CAAATCCCAACACGTG	0	4201
CACGTGTTACGATTAG	0	4202
CACGTGCAAGGAATAG	0	4203
AGAATCTCGGCACGTG	0	4204
CACGTGAATGGATAAC	0	4205
CACGTGCCTGGATGAA	0	4206
CACGTGAGAGGTTTAA	0	4207
CCCGTGAGAGGATTAA	0	4208
CACGTGAGCAGAATAC	0	4209
CACGTGTAGGGATTTA	0	4210
AAAATCTGTACACGTG	0	4211
CACGTGTGAGGATTGG	0	4212
CACGTGTAACGATTAA	0	4213
CACGTGAAATGATTAC	0	4214
ACAATCCTTCCACGTG	0	4215
CACGTGCGGAGATAAA	0	4216
ATAGTCCGTTCACGTG	0	4217
CACGTGAGAAAATTAG	0	4218
ATAAGCTTGACACGTG	0	4219
ATAATATTACCACGTG	0	4220
CACGTGCCGAGATCAA	0	4221
CACGTGGGTGGATTTC	0	4222
ATAATGTCATCACGTG	0	4223
ATACTCTCTGCACGTG	0	4224
ATAAGCTAACCACGTG	0	4225
CACGTGTGGAGCTTAC	0	4226
CACGTGTGAATATTAA	0	4227
CACGTGTTGGGAGTAA	0	4228
ATACTCTGAACACGTG	0	4229
CACGTGGTCAGCTTAA	0	4230
CACGTGACCGGATTCG	0	4231
CACGTGTGTAGCTTAA	0	4232
CACGTGAGTGGATAAG	0	4233
CACGTGCTTAGATAAC	0	4234
ATAATCTTCGCACGCG	0	4235
CACGTGACTGGATCAG	0	4236
CACGTGAGATGATTAG	0	4237
CACGTGTGAGCATTAC	0	4238
CACGTGCTGGGACTAA	0	4239
ATAGTCTGAGCACGTG	0	4240
CACGTGAGTAGGTTAC	0	4241
CACGTGTAAGGGTTAC	0	4242
CACGTGAACGGAGTAG	0	4243
CACGTGACAGGAATAC	0	4244
AAAATCTAGTCACGTG	0	4245
ACAATCTCTTCACGTG	0	4246
ATAAGCTCCCCACGTG	0	4247
CACGTGGAAGGATTAG	0	4248
ATAATCCCGTAACGTG	0	4249
CACGTGCCTGGATGAC	0	4250
CACGTGACCAGATTTA	0	4251
ATTATCTTGGCACGTG	0	4252
CACGTGAGAGGTTTAC	0	4253
CCCGTGAGAGGATTAC	0	4254
CAAATCCAAACACGTG	0	4255
CACGTGTAGGGATTTC	0	4256
CAAATCTGTGCACGTG	0	4257
CACGTGTAACGATTAC	0	4258
AGAATCTAGGCACGTG	0	4259
ATCATCTTTGCACGTG	0	4260
CACGTGCGGAGATAAC	0	4261
CACGTGTTAGGATGAA	0	4262
CACGTGTATGGATTTA	0	4263
CACGTGCCAAGCTTAG	0	4264
CACGTGCCGAGATCAC	0	4265
CACGTGCCCAGATTCA	0	4266
ATAATGCTCCCACGTG	0	4267
ATAAACCGGTCACGTG	0	4268
ATAATCCGGTCACGGG	0	4269
CACGTGCGTAGATAAA	0	4270
ATAATCCGTAAACGTG	0	4271
CACGTGTGAGGGTTAG	0	4272
CACGTGCCTAGATCAA	0	4273
ATAACCCTTCCACGTG	0	4274
CACGTGTGAATATTAC	0	4275
CACGTGTTGGGAGTAC	0	4276
ATAATGTAATCACGTG	0	4277
CACGTGCTCAGAGTAG	0	4278
CACGTGACGGAATTAG	0	4279
CACGTGGTCAGCTTAC	0	4280
ATACTCTATGCACGTG	0	4281
ATAATCCGTTCCCGTG	0	4282
CACGTGTGTAGCTTAC	0	4283
CACGTGTTTGGAGTAA	0	4284
CACGTGATCACATTAA	0	4285
CACGTGCACAGAGTAA	0	4286
CAAATCCCCACACGTG	0	4287
CACGTGTCGGTATTAA	0	4288
ATAATATGGACACGTG	0	4289
AAAATCCCTCCACGTG	0	4290
CACGTGTGACGATTAG	0	4291
CACGTGAAGAGATTAG	0	4292
CACGTGCTGGGACTAC	0	4293
CACGTGTACGAATTAG	0	4294
ATAATCCCGGCACGCG	0	4295
CACGTGCTTGGACTAA	0	4296
CACGTGCCCGCATTAG	0	4297
ATAATATTCCCACGTG	0	4298
CACGTGATCAGATTGG	0	4299
ATACTCCCACCACGTG	0	4300
CACGTGACCAGATTTC	0	4301
ATAATGTCCTCACGTG	0	4302
ACAATCTATTCACGTG	0	4303
CACGGGCTGGGATTAA	0	4304
ATAATCTGAGCCCGTG	0	4305
ATAAGCTACCCACGTG	0	4306
ATAATCCAGTAACGTG	0	4307
CACGTGTGGGGAGTAA	0	4308
CACGTGAACAGATTGA	0	4309
ATACTCTGCACACGTG	0	4310
ATAACCTCTTCACGTG	0	4311
CACGTGCCGAAATTAA	0	4312
CACGTGGGCAGCTTAA	0	4313
CACGTGTTAGGATGAC	0	4314
CACGTGTATGGATTTC	0	4315
CACGTTACCGGATTAA	0	4316
CACGTGCCCAGATTCC	0	4317
CACGTGCGTAGATAAC	0	4318
CACGTTCACGGATTAG	0	4319
AGAATCTTAACACGTG	0	4320
CACGTGATGGGAATAG	0	4321
CACGTGCCTAGATCAC	0	4322
CACGTGCGGGGACTAA	0	4323
ATAGTCTGCGCACGTG	0	4324
CACGTGAAGGGAATAA	0	4325
CACGTGTTTGGAGTAC	0	4326
CACGTGATCACATTAC	0	4327
ATATTCTGTTCACGTG	0	4328
CACGTGACTGAATTAG	0	4329
CACGTGTTAAGATCAA	0	4330
CACGTGCACAGAGTAC	0	4331
CACGTGTCGGTATTAC	0	4332
CACGTGCCCATATTAG	0	4333
CACGTGCCGTGATTAA	0	4334
CAAATCCGACCACGTG	0	4335
CAAATCCACACACGTG	0	4336
CACGTGTCTGTATTAA	0	4337
CACGTGAAAGGATTCG	0	4338
ATCATCCTACCACGTG	0	4339
AAAATCCATCCACGTG	0	4340
CACGTGAATAGATTAG	0	4341
CACGTGCTTGGACTAC	0	4342
ATAAGCTCTACACGTG	0	4343
CACGTGGACGGATTTA	0	4344
CACGTGTGAGGATGAA	0	4345
ATAATCCAGGCACGCG	0	4346
ATACTCCTGACACGTG	0	4347
CACGTGGCAGGCTTAA	0	4348
CACGGGCTGGGATTAC	0	4349
CAAATCTTATCACGTG	0	4350
CACGTGCTGAGAATAA	0	4351
ATACTCCAACCACGTG	0	4352
CGCGTGCCCGGATTAA	0	4353
CACGTGTGGGGAGTAC	0	4354
ATAATGTACTCACGTG	0	4355
CACGTGAACAGATTGC	0	4356
CACGTGCCGAAATTAC	0	4357
CACGGGCTTGGATTAA	0	4358
ATAATACCGCCACGTG	0	4359
CACGTGGGCAGCTTAC	0	4360
ATAATGCTTACACGTG	0	4361
CACGTGATCAGGTTAG	0	4362
CACGTTACCGGATTAC	0	4363
CACGTGGTCGGAGTAA	0	4364
CACGTGTGTGGAGTAA	0	4365
CACGTGAGCACATTAA	0	4366
CACGTGAAAAGATTTA	0	4367
ATAACCTATTCACGTG	0	4368
CACGTGCCTAAATTAA	0	4369
ATAGTCCTGGCACGTG	0	4370
CACGTGCTAAGATTCG	0	4371
CACGTGAACAGGTTAA	0	4372
CACGTGCGGGGACTAC	0	4373
CACGTGATTGGAATAG	0	4374
CACGTGCAAAGATTCA	0	4375
CACGTGAAGGGAATAC	0	4376
ATCATCTCATCACGTG	0	4377
ATAAACCTTTCACGTG	0	4378
ATAATCCTTTCACGGG	0	4379
CACGTGCGTGGACTAA	0	4380
CACGTGTTAAGATCAC	0	4381
CACGTGATAAGAGTAA	0	4382
CACGTGCCGTGATTAC	0	4383
CACGTGAATGGAATAA	0	4384
ATTATCTCTGCACGTG	0	4385
CACGTGAGCAGATTGG	0	4386
ATACTCCCCCCACGTG	0	4387
CACGTGTTGGGATAAA	0	4388
ATTATCTGAACACGTG	0	4389
CACGTGTCTGTATTAC	0	4390
CACGGGCGGGGATTAA	0	4391
CACGTGCCTTGATTAA	0	4392
ATAATCTGCGCCCGTG	0	4393
CACGTGACGAGCTTAA	0	4394
CACGTGCAGAGCTTAG	0	4395
CACGTGGACGGATTTC	0	4396
ATAATATTTACACGTG	0	4397
CACGTGTGAGGATGAC	0	4398
CACGTGTTCAGCTTAG	0	4399
CACGTGCCAGGAGTAG	0	4400
ATAAGCTATACACGTG	0	4401
CACGTGGCAGGCTTAC	0	4402
AGAATCTTCACACGTG	0	4403
CACGTGAGGGGAATAG	0	4404
CACGTGGTGAGATTAA	0	4405
CACGTGCTGAGAATAC	0	4406
CGCGTGCCCGGATTAC	0	4407
ATAAACTTAGCACGTG	0	4408
ATAATCTTAGCACGGG	0	4409
CACGTGACAGCATTAA	0	4410
CACGTGTACAGCTTAA	0	4411
ATGATCTTACCACGTG	0	4412
CACGGGCTTGGATTAC	0	4413
CACGTGAACGGATAAG	0	4414
ATCATCCGGACACGTG	0	4415
ATAATCCTAACACGCG	0	4416
CACGTGCAAGCATTAG	0	4417
CACGTGGTCGGAGTAC	0	4418
CACGTGCTTAGAATAA	0	4419
CACGTGTGTGGAGTAC	0	4420
CACGTGAGCACATTAC	0	4421
CACGTGAAAAGATTTC	0	4422
CACGTGCCTAAATTAC	0	4423
CACGTTATAGGATTAG	0	4424
ATAATACAGCCACGTG	0	4425
CACGTGTGAAGATCAA	0	4426
CACGTGAACAGGTTAC	0	4427
CAAATCCGCCCACGTG	0	4428
CACGTGGCCGTATTAA	0	4429
ATCATCCTCCCACGTG	0	4430
CACGTTAAAGGATTAA	0	4431
CACGTGCAAAGATTCC	0	4432
CACGTGTTAAAATTAA	0	4433
CACGTGACAGGATTGG	0	4434
CACGTGCGTGGACTAC	0	4435
CACGTGATAAGAGTAC	0	4436
ATAATCCTGGCCCGTG	0	4437
CACGTGAATGGAATAC	0	4438
ATCATCTAATCACGTG	0	4439
CACGTGTTGGGATAAC	0	4440
CACGTGCTCAGATAAG	0	4441
CACGGGCGGGGATTAC	0	4442
CACGTGCCTTGATTAC	0	4443
CACGTGATCAGATGAA	0	4444
CACGTGACGAGCTTAC	0	4445
ATTATCTATGCACGTG	0	4446
CAAATCTTCTCACGTG	0	4447
CACGTGACAATATTAA	0	4448
CACGTGCGGAGAATAA	0	4449
ATACTCCACCCACGTG	0	4450
CACGTGTTTGGATAAA	0	4451
CACGGGCGTGGATTAA	0	4452
CACGTGCAAATATTAG	0	4453
CACGTGCACAGATAAA	0	4454
CACGTGAGCAGGTTAG	0	4455
CACGTGGGCGGAGTAA	0	4456
CACGTGTTATGATTAA	0	4457
CACGTGCATAGCTTAG	0	4458
CACGTGCGAAGATTCG	0	4459
CACGTTCTAAGATTAA	0	4460
CACGTGGTGAGATTAC	0	4461
CACGTGACAGCATTAC	0	4462
CACGTGTCAAGATTAA	0	4463
CACGTGGTAGGATTCA	0	4464
CACGTGTACAGCTTAC	0	4465
CACGTGCCCGGATGAG	0	4466
CGCGTGCTAGGATTAG	0	4467
CACGTGAGTGGAATAG	0	4468
CACGTGGTTAGATTAA	0	4469
CACGTGCTTAGAATAC	0	4470
ATCATCTCCTCACGTG	0	4471
CACGTGCCAAGATTGA	0	4472
AGAATCCCGACACGTG	0	4473
ATTATCCCACCACGTG	0	4474
CACGTGTGAAGATCAC	0	4475
CACGTGAGAAGAGTAA	0	4476
CGCGTGCAAGGATTAA	0	4477
CACGTGGCCGTATTAC	0	4478
CACGTGTGGGGATAAA	0	4479
ATTATCTGCACACGTG	0	4480
CACGTTAAAGGATTAC	0	4481
CACGTGGTGGGCTTAG	0	4482
CACGTGTTAAAATTAC	0	4483
CACGTGTCGGGATCAA	0	4484
ATGATCTGGACACGTG	0	4485
ATACTCCCTACACGTG	0	4486
ATATTCTTGGCACGTG	0	4487
CACGTGTGCAGCTTAG	0	4488
CACGTGGAGGGCTTAA	0	4489
ATAAGCTGTCCACGTG	0	4490
CACGTGACAGGGTTAG	0	4491
CACGTGATCAGATGAC	0	4492
CACGTGACAATATTAC	0	4493
CACGTGGGGAGATTAA	0	4494
CACGTGCGGAGAATAC	0	4495
ATAAACTTCGCACGTG	0	4496
ATAATCTTCGCACGGG	0	4497
CACGTGTTTGGATAAC	0	4498
ATGATCTTCCCACGTG	0	4499
CACGGGCGTGGATTAC	0	4500
CACGTGATGAGATTCA	0	4501
ATAATCCTCACACGCG	0	4502
CACGTGCACAGATAAC	0	4503
CACGTGACTAGCTTAC	0	4504
CACGTGGGCGGAGTAC	0	4505
CACGTGCGTAGAATAA	0	4506
ATAGTCCCTGCACGTG	0	4507
CACGTGTTATGATTAC	0	4508
CACGTTAGAGGATTAG	0	4509
CAAATCCCGTCACGTG	0	4510
ATAGTCCGAACACGTG	0	4511
CACGTTCTAAGATTAC	0	4512
CACGTGACACGATTAG	0	4513
ATAATTTTACCACGTG	0	4514
CACGTGTCAAGATTAC	0	4515
CACGTGGTAGGATTCC	0	4516
CACGTGGTTAGATTAC	0	4517
CACGTGTGAAAATTAA	0	4518
CACGTGCCAAGATTGC	0	4519
CACGTGCCGGGATTCG	0	4520
ATTATCCTGACACGTG	0	4521
CACGTGAGAAGAGTAC	0	4522
CGCGTGCAAGGATTAC	0	4523
ATCATCTACTCACGTG	0	4524
CAAATCCGTACACGTG	0	4525
AGAATCCAGACACGTG	0	4526
ATTATCCAACCACGTG	0	4527
ATCATCCTTACACGTG	0	4528
CACGTGTGGGGATAAC	0	4529
CACGTGCGCAGATAAG	0	4530
CACGTGAGCAGATGAA	0	4531
CACGTGTCAGGCTTAG	0	4532
CACGTGGTAGTATTAG	0	4533
CACGTGCCAAGGTTAA	0	4534
CACGTGTCGGGATCAC	0	4535
CACGTGTCCGGATTCA	0	4536
CACGTGACGGGAGTAA	0	4537
CACGTGGTCGGATAAA	0	4538
ATACTCTGGTCACGTG	0	4539
CACGTGCCCAGATCAG	0	4540
CACGTGATGGCATTAG	0	4541
CACGTGTGTGGATAAA	0	4542
CACGTGCAGGGAGTAG	0	4543
CACGTGGTTGGCTTAG	0	4544
ATAATCTTGCCACGTG	0	4545
CACGTGTCTGGATCAA	0	4546
CACGTGGAGGGCTTAC	0	4547
CACGTGGAAGTATTAA	0	4548
CACGTGTGATGATTAA	0	4549
CACGTGTTCGGAGTAG	0	4550
ACAATCTCAACACGTG	0	4551
CACGTGAAGGCATTAA	0	4552
ATACTCCATACACGTG	0	4553
ATAATGTGTTCACGTG	0	4554
CACGTTCGAAGATTAA	0	4555
CACGTGCCGAGATTTA	0	4556
CACGTGGGGAGATTAC	0	4557
CACGTGGATGGCTTAA	0	4558
CACGTGGGAGGATTCA	0	4559
CACGTGATGAGATTCC	0	4560
ATAATCCGATCAAGTG	0	4561
CACGTGTACGGAGTAA	0	4562
CGCGTGCGAGGATTAG	0	4563
CACGTGATAAGATAAA	0	4564
CACGTGGGTAGATTAA	0	4565
CACGTGCGTAGAATAC	0	4566
ATTATCCCCCCACGTG	0	4567
CACGTGATTAGATTCA	0	4568
CACGTGCTCGGACTAG	0	4569
ATAAACCCGGCACGTG	0	4570
ATAATCCCGGCACGGG	0	4571
ATAGTCCATGCACGTG	0	4572
ATGATCCCGCCACGTG	0	4573
CAAATCCAGTCACGTG	0	4574
CACGTGAAGGGATTGG	0	4575
CACGTGCACGGACTAA	0	4576
CACGTGGGGGGCTTAG	0	4577
CACGTGTGAAAATTAC	0	4578
ATAATCCCTGCCCGTG	0	4579
CACGTGATGATATTAG	0	4580
CACGTGCCAGGATAAG	0	4581
CACGTGCTGACATTAA	0	4582
CACGTGACAGGATGAA	0	4583
ATAATCCGAACCCGTG	0	4584
CACGTGCCTGGATTCG	0	4585
CACGTGCAAGGATGAG	0	4586
CACGTGTCGGAATTAA	0	4587
CACGTGAAGATATTAA	0	4588
ATAATTTGGACACGTG	0	4589
CACGTGAGCAGATGAC	0	4590
CACGTGCCAAGGTTAC	0	4591
CACGTGTCCGGATTCC	0	4592
CACGTGACGGGAGTAC	0	4593
CACGTGGTCGGATAAC	0	4594
CACGTGTTGAGATTAG	0	4595
CACGTGTGTGGATAAC	0	4596
CACGTGAGGAGATTCA	0	4597
CACGTGTCTGGATCAC	0	4598
CACGTGACTGGAGTAA	0	4599
CACGTGATTGCATTAG	0	4600
CACGTGGAAGTATTAC	0	4601
CACGTGTGATGATTAC	0	4602
CACGTGCTGAGATTGG	0	4603
CGCGTGATGGGATTAA	0	4604
CACGTGAAGGCATTAC	0	4605
CACGTGTAGAGATTAA	0	4606
ATAGTCCGCACACGTG	0	4607
ATAATCTGATCACGCG	0	4608
CACGTGCATGGAGTAG	0	4609
CACGTTCGAAGATTAC	0	4610
CACGTGCCGAGATTTC	0	4611
ATAATTTTCCCACGTG	0	4612
CACGTGGATGGCTTAC	0	4613
ATGATCTTTACACGTG	0	4614
CACGTGGGAGGATTCC	0	4615
ACAATCTAAACACGTG	0	4616
CACGTGAATGCATTAA	0	4617
CACGTGTACGGAGTAC	0	4618
CACGTGATAAGATAAC	0	4619
CACGTGCCTAGATTTA	0	4620
CACGTGCAGAGATTGA	0	4621
CACGTGGGTAGATTAC	0	4622
CACGTGTCCGTATTAG	0	4623
ATAATCCTAGCACGAG	0	4624
CACGTGTTCAGATTGA	0	4625
ATAACCTCAACACGTG	0	4626
CACGTTCCGGGATTAA	0	4627
CACGTGATTAGATTCC	0	4628
ATAATCTGGGAACGTG	0	4629
AGAATCCGGCCACGTG	0	4630
ATTATCCACCCACGTG	0	4631
ATAAACCAGGCACGTG	0	4632
ATAATCCAGGCACGGG	0	4633
CACGTGCACGGACTAC	0	4634
ATGATCCAGCCACGTG	0	4635
CACGTGGGAGTATTAG	0	4636
CACGTGGGCGGATAAA	0	4637
CACGTGAGGGCATTAG	0	4638
CACGTGCCCGGTTTAA	0	4639
CCCGTGCCCGGATTAA	0	4640
CACGTGAATGGATTGG	0	4641
CACGTGCTGACATTAC	0	4642
ATATTCTCTGCACGTG	0	4643
CACGTGACAGGATGAC	0	4644
CACGGGCTCGGATTAG	0	4645
CACGTGGCCGGATCAA	0	4646
CACGTGGGTGGCTTAG	0	4647
CACGTGTTGGGAATAA	0	4648
ATATTCTGAACACGTG	0	4649
ATAATCCATGCCCGTG	0	4650
CACGTGATTATATTAG	0	4651
CACGTGTGCGGAGTAG	0	4652
CACGTGAAGGGGTTAG	0	4653
ATACTCCGTCCACGTG	0	4654
CACGTGCTTACATTAA	0	4655
CACGTGTCGGAATTAC	0	4656
CACGTGAAGATATTAC	0	4657
AGAATCTTGTCACGTG	0	4658
ACAATCTCCACACGTG	0	4659
CACGTGCCCAAATTAG	0	4660
CACGGGCACGGATTAA	0	4661
CACGTGTCTGAATTAA	0	4662
CACGTGAATATATTAA	0	4663
CACGTGAGGAGATTCC	0	4664
ATAATCCGCTCAAGTG	0	4665
CACGTGTTAGGATTCG	0	4666
CACGTGAGAAGATAAA	0	4667
CACGTGACTGGAGTAC	0	4668
CACGTGTTTAGATTAG	0	4669
CACGTGAAGCGATTAG	0	4670
CACGTGACAAGATCAA	0	4671
CGCGTGATGGGATTAC	0	4672
CACGTGAGTAGATTCA	0	4673
CACGTGTAGAGATTAC	0	4674
CACGTGCGCGGACTAG	0	4675
CACGTGTAAGGATTCA	0	4676
ATACTCTTTTCACGTG	0	4677
CACGTGCAAAGATCAG	0	4678
CACGTGAACGGAATAG	0	4679
CACGTGCTTAGATTGG	0	4680
CGCGTGATTGGATTAA	0	4681
CACGTGAATGCATTAC	0	4682
CACGTGTATAGATTAA	0	4683
CACGTGCCTAGATTTC	0	4684
CACGTGCAGAGATTGC	0	4685
CACGTGCCCTGATTAG	0	4686
ATTATCCCTACACGTG	0	4687
CACGTGTTCAGATTGC	0	4688
CACGTGCTGAGGTTAG	0	4689
CACGTTCCGGGATTAC	0	4690
CACGTGAGGATATTAG	0	4691
ATAATTCCGCCACGTG	0	4692
CACGTGCGGACATTAA	0	4693
CACGTGCATAGATTGA	0	4694
ATAATCCGCACCCGTG	0	4695
CACGTGTTAAGATTTA	0	4696
ATAACCTAAACACGTG	0	4697
CACGTTCCTGGATTAA	0	4698
CACGTGTAGGGCTTAG	0	4699
CACGTGCAGAGGTTAA	0	4700
CACGTGATAGGACTAA	0	4701
CACGTGGGCGGATAAC	0	4702
CACGTGTTCAGGTTAA	0	4703
CACGTGTGGAGATTAG	0	4704
CACGTGCCCGGTTTAC	0	4705
CCCGTGCCCGGATTAC	0	4706
ATAATCTCTCCACGTG	0	4707
CACGTGGCCGGATCAC	0	4708
CACGTGTTGGGAATAC	0	4709
ATAAACCTAACACGTG	0	4710
ATAATCCTAACACGGG	0	4711
CACGTGCTCAGAATAG	0	4712
CACGTGAGTGCATTAG	0	4713
CACGTGCTTACATTAC	0	4714
ATATTCTATGCACGTG	0	4715
CACGTGCGGAGATTGG	0	4716
CGCGTGAGGGGATTAA	0	4717
ATAATCCGCGCACTTG	0	4718
CACGTGTTTGGAATAA	0	4719
CACGGGCACGGATTAC	0	4720
CACGTGGTGGGATTGA	0	4721
CACGTGAATGGGTTAG	0	4722
CACGTGCACAGAATAA	0	4723
CACGTGTCTGAATTAC	0	4724
CACGTGAATATATTAC	0	4725
ACAATCTACACACGTG	0	4726
CACGTGAGAAGATAAC	0	4727
ATAATCCTCGCACGAG	0	4728
CACGTGACAAGATCAC	0	4729
CACGTGTGCAGATTGA	0	4730
ATAACCTCCACACGTG	0	4731
CACGTGAGTAGATTCC	0	4732
ATAATTTTTACACGTG	0	4733
CACGTGTAAGGATTCC	0	4734
CACGTGATGGGATGAG	0	4735
CACGTGAATCGATTAG	0	4736
CACGTGACGGGATAAA	0	4737
CGCGTGATTGGATTAC	0	4738
ATTATCTGGTCACGTG	0	4739
CACGTGTATAGATTAC	0	4740
ATAATGTTGGCACGTG	0	4741
ATATTCCCACCACGTG	0	4742
CACGTGCAGGGATAAG	0	4743
CACGTGAAGGGATGAA	0	4744
ATCATCTGTTCACGTG	0	4745
CACGTGTTCGGATAAG	0	4746
CACGTGCGGACATTAC	0	4747
CACGTGCATAGATTGC	0	4748
CACGGGCGCGGATTAG	0	4749
ATTATCCATACACGTG	0	4750
CACGTGTGGGGAATAA	0	4751
ATATTCTGCACACGTG	0	4752
CACGTGTTAAGATTTC	0	4753
CACGTGCTTAGGTTAG	0	4754
CACGTTCCTGGATTAC	0	4755
CACGTGAGTATATTAG	0	4756
ATAATTCAGCCACGTG	0	4757
CACGTGCGTACATTAA	0	4758
CACGTGCAGAGGTTAC	0	4759
CACGTGTAAGTATTAG	0	4760
CACGTGATAGGACTAC	0	4761
CACGTGTACGGATAAA	0	4762
CACGTGTTCAGGTTAC	0	4763
CACGTGGCCGAATTAA	0	4764
ATAATCTTTGAACGTG	0	4765
CACGTGTATGGCTTAG	0	4766
CACGTGCATAGGTTAA	0	4767
ATAATCCTGTCACGCG	0	4768
CACGTGTGAGGATTCG	0	4769
CACGTTTTAGGATTAA	0	4770
AGAATCCTTCCACGTG	0	4771
CACGTGGTCAGATTAG	0	4772
CACGTGCTAGGTTTAG	0	4773
CCCGTGCTAGGATTAG	0	4774
CACGTGTGTAGATTAG	0	4775
CACGTGGTAGGATCAG	0	4776
ATAATCTATCCACGTG	0	4777
CGCGTGAGGGGATTAC	0	4778
CACGTGTTTGGAATAC	0	4779
CACGGGATAGGATTAA	0	4780
CACGTGGTGGGATTGC	0	4781
CACGTGTCAGGATTGA	0	4782
CACGTGCTGAGATGAA	0	4783
CACGTGGACAGATTAA	0	4784
CACGTGCAAGGTTTAA	0	4785
CCCGTGCAAGGATTAA	0	4786
CACGTGCACAGAATAC	0	4787
CGCGTGAGTGGATTAA	0	4788
CACGTGGAAGGATCAA	0	4789
CACGTGACAAAATTAA	0	4790
CACGTGGTTGGATTGA	0	4791
AAAATCTTACCACGTG	0	4792
CACGTGTGCAGATTGC	0	4793
CACGTGCGGAGGTTAG	0	4794
CACGTGCAAAAATTAG	0	4795
CACGTGGTGGGGTTAA	0	4796
ATAACCTGACCACGTG	0	4797
CACGTGTGAAGATTTA	0	4798
CACGTGACGGGATAAC	0	4799
ATAACCTACACACGTG	0	4800
CACGTGAGAGGACTAA	0	4801
CACGTGATTGGATGAG	0	4802
ATATTCCTGACACGTG	0	4803
CACGTGTGCAGGTTAA	0	4804
CACGTGACTGGATAAA	0	4805
CACGTGAAGGGATGAC	0	4806
ATATTCCAACCACGTG	0	4807
CACGTGCATGGATAAG	0	4808
CACGTGGTGCGATTAA	0	4809
CACGTGTGGGGAATAC	0	4810
ATAAACCTCACACGTG	0	4811
ATAATCCTCACACGGG	0	4812
CACGTGCGCAGAATAG	0	4813
CACGTGACATGATTAA	0	4814
AGAATCTCTTCACGTG	0	4815
CACGTGAATGGATGAA	0	4816
CACGTGCGTACATTAC	0	4817
CACGTGGTCGGAATAA	0	4818
CACGTGATGAGATCAG	0	4819
CACGTGTACGGATAAC	0	4820
CACGTGCAATGATTAG	0	4821
CACGTGTGTGGAATAA	0	4822
CACGTGGGGGGATTGA	0	4823
CACGTGGCCGAATTAC	0	4824
CACGTGCATAGGTTAC	0	4825
CACGTTTTAGGATTAC	0	4826
CACGTGAAGAGATCAA	0	4827
CACGTGAGGGGATGAG	0	4828
CACGTGTCAGGATTGC	0	4829
CACGTGCTGAGATGAC	0	4830
CACGTGGACAGATTAC	0	4831
CACGTGCAAGGTTTAC	0	4832
CCCGTGCAAGGATTAC	0	4833
CACGTGATAAGAATAA	0	4834
CGCGTGAGTGGATTAC	0	4835
CACGTGGAAGGATCAC	0	4836
CACGTGACAAAATTAC	0	4837
ATATTCCCCCCACGTG	0	4838
CACGTGGTTGGATTGC	0	4839
CACGTGCTTAGATGAA	0	4840
CACGTGTGCGGATAAG	0	4841
ATTATCCGTCCACGTG	0	4842
CACGTGGTGGGGTTAC	0	4843
CACGTGTCAGGGTTAA	0	4844
CACGTGTGAAGATTTC	0	4845
CACGTGTCCGGATCAG	0	4846
CACGTGCGTAGGTTAG	0	4847
ATAATCCTACAACGTG	0	4848
CACGTGAGAGGACTAC	0	4849
CACGTGGTTGGGTTAA	0	4850
CACGTGCCAGGAATAG	0	4851
CACGTGTGCAGGTTAC	0	4852
CACGTGACTGGATAAC	0	4853
CACGTGGACGGCTTAG	0	4854
CACGTTTGAGGATTAA	0	4855
CACGTGTCGGGATTTA	0	4856
CACGTGGTGCGATTAC	0	4857
AAAATCTGGACACGTG	0	4858
CACGTGTCACGATTAA	0	4859
CACGTGGGCAGATTAG	0	4860
CACGTGCGAGGTTTAG	0	4861
CCCGTGCGAGGATTAG	0	4862
CACGTGACATGATTAC	0	4863
ACAATCCTGCCACGTG	0	4864
CACGTGAATGGATGAC	0	4865
ATTATCTTTTCACGTG	0	4866
CACGTGGGAGGATCAG	0	4867
ATAGTCCGGTCACGTG	0	4868
CACGTGGTCGGAATAC	0	4869
CACGTGATCAGATTCG	0	4870
CACGTGGTTCGATTAA	0	4871
CACGTGTGTGGAATAC	0	4872
CACGGGAGAGGATTAA	0	4873
AGAATCTATTCACGTG	0	4874
CACGTGGGGGGATTGC	0	4875
CACGTGATTAGATCAG	0	4876
ATACTCTCGGCACGTG	0	4877
CACGTGGTAGAATTAG	0	4878
CACGTGAAAAGCTTAG	0	4879
CACGTGAAGAGATCAC	0	4880
CACGTGAACAGATTCA	0	4881
CACGTGGGTGGATTGA	0	4882
AAAATCTTCCCACGTG	0	4883
CACGTGAATAGATCAA	0	4884
CACGTGGGGGGGTTAA	0	4885
ATAACCTGCCCACGTG	0	4886
CACGTGGAAGAATTAA	0	4887
ATAATGTCTGCACGTG	0	4888
CACGTGATAAGAATAC	0	4889
ATAATGTGAACACGTG	0	4890
CACGTGAGTGGATGAG	0	4891
ATAATCTCATAACGTG	0	4892
ATAATCCCAGCAAGTG	0	4893
CACGTGCTTAGATGAC	0	4894
ATATTCCACCCACGTG	0	4895
CACGTGGGGCGATTAA	0	4896
CACGTGTCAGGGTTAC	0	4897
CACGTGACCGGAGTAG	0	4898
ACAATCTCGTCACGTG	0	4899
CACGTGGGCGGAATAA	0	4900
CACGTGAGGAGATCAG	0	4901
CACGTGGTTGGGTTAC	0	4902
CACGTGGCAGGATTAG	0	4903
CACGTGATGGGTTTAA	0	4904
CCCGTGATGGGATTAA	0	4905
ATAAACTGATCACGTG	0	4906
ATAATCTGATCACGGG	0	4907
ATAATCCCTTCACGCG	0	4908
CACGTGTTGGGATTGG	0	4909
CACGTGAACGCATTAG	0	4910
CACGTTTGAGGATTAC	0	4911
CACGTGTCGGGATTTC	0	4912
CAAATCTGGGCACGTG	0	4913
CACGTGTCACGATTAC	0	4914
CACGTGATGAAATTAG	0	4915
ATCATCTTGGCACGTG	0	4916
CACGTGTCTGGATTTA	0	4917
CACGTGGTTCGATTAC	0	4918
CACGTGTAGGGATTGA	0	4919
ACAATCTGTACACGTG	0	4920
CACGGGAGAGGATTAC	0	4921
CACGTGCGGAGATGAC	0	4922
CACGTGAGAAGAATAA	0	4923
CACGTGAAGAAATTAA	0	4924
ATAATCCGGAAACGTG	0	4925
CACGTGTTGATATTAA	0	4926
CACGTGAACAGATTCC	0	4927
ATAACCCTGCCACGTG	0	4928
CACGTGGGTGGATTGC	0	4929
CACGTGCGTAGATGAA	0	4930
ATACTCTAGGCACGTG	0	4931
CACGTGAATAGATCAC	0	4932
CACGTGGGGGGGTTAC	0	4933
CACGTGGAAGAATTAC	0	4934
ATAATCTCAGCACGCG	0	4935
CACGTGATGTGATTAG	0	4936
CACGTGCCCAGAGTAA	0	4937
CACGTGTTGGCATTAC	0	4938
ATATTCCCTACACGTG	0	4939
CACGTGCTCACATTAG	0	4940
ATAATCCTCCAACGTG	0	4941
AAAATCCCGCCACGTG	0	4942
CACGTGGGTGGGTTAA	0	4943
ATAATGTATGCACGTG	0	4944
CACGTGACGAGATTAG	0	4945
CACGTGTTTGCATTAA	0	4946
CACGTGTCCGAATTAG	0	4947
CACGTGAACATATTAG	0	4948
CACGTGAAGTGATTAA	0	4949
ATAATCTAATAACGTG	0	4950
ATAATCCAAGCAAGTG	0	4951
CACGTGGGGCGATTAC	0	4952
CACGTGCACACATTAA	0	4953
CACGTGGGCGGAATAC	0	4954
CACGTGAGCAGATTCG	0	4955
CACGTTATCAGATTAA	0	4956
CACTTGCTCGGATTAA	0	4957
CACGTGGGTCGATTAA	0	4958
CACGTGATGGGTTTAC	0	4959
CCCGTGATGGGATTAC	0	4960
ACAATCTAGTCACGTG	0	4961
CGCGTGATCGGATTAG	0	4962
CACGTGAGTAGATCAG	0	4963
CACGTGTACAGATTAG	0	4964
CACGTGATTGGTTTAA	0	4965
CCCGTGATTGGATTAA	0	4966
CACGTGGGAGAATTAG	0	4967
ATAATCCATTCACGCG	0	4968
CACGTGTAAGGATCAG	0	4969
CACGTGACCAGATTGA	0	4970
ATAACCTCGTCACGTG	0	4971
CACGTGTTTGGATTGG	0	4972
ATAATGCCACCACGTG	0	4973
CACGTGTCTGGATTTC	0	4974
CACGTGTAGGGATTGC	0	4975
CACGTGCACAGATTGG	0	4976
CGCGTGAACGGATTAA	0	4977
CACGTGATTAAATTAG	0	4978
CACGTGAGAAGAATAC	0	4979
CACGTGTTGGGGTTAG	0	4980
CACGTGAAGAAATTAC	0	4981
CACGTTCCCGGATTAG	0	4982
CACGTGTTGATATTAC	0	4983
CACGTGTGGGCATTAA	0	4984
CACGTGTATGGATTGA	0	4985
ATAATGTGCACACGTG	0	4986
AAAATCTTTACACGTG	0	4987
ATAATCTCCTAACGTG	0	4988
CACGTGAATAAATTAA	0	4989
ATAGTCCTTTCACGTG	0	4990
CACGTGTTTATATTAA	0	4991
CACGTGTAGGGGTTAA	0	4992
ATAACCTGTACACGTG	0	4993
CACGTGACGGGAATAA	0	4994
ATATTCTGGTCACGTG	0	4995
CACGTGTTGCGATTAG	0	4996
CACGTGCCCAGAGTAC	0	4997
CACGTGCAGGGAATAG	0	4998
CACGTGGGTGGGTTAC	0	4999
CACGTGAGGGGTTTAA	0	5000
CCCGTGAGGGGATTAA	0	5001
ATAATCTAAGCACGCG	0	5002
ATACTCTTAACACGTG	0	5003
ATAAACTGCTCACGTG	0	5004
ATAATCTGCTCACGGG	0	5005
CACGTGTTCGGAATAG	0	5006
CACGTGATTTGATTAG	0	5007
CACGTGGTAAGCTTAA	0	5008
CACGTGTTTGCATTAC	0	5009
ATATTCCATACACGTG	0	5010
CACGTGACAGGATTCG	0	5011
CACGTGTGGGGATTGG	0	5012
CACGTGTAGCGATTAA	0	5013
AAAATCCAGCCACGTG	0	5014
CACGTGAAGTGATTAC	0	5015
ACAATCCCTCCACGTG	0	5016
CGCGTGCTCAGATTAA	0	5017
CACGTGCACACATTAC	0	5018
CACGTGACTAGATTAG	0	5019
CACGTGAGGAAATTAG	0	5020
CACGTGTACGGAATAA	0	5021
ATAAGCTCGACACGTG	0	5022
ATAATATCACCACGTG	0	5023
CACGTGGCCGGATTTA	0	5024
CACGTGAATTGATTAA	0	5025
CACGTTATCAGATTAC	0	5026
CACTTGCTCGGATTAC	0	5027
CACGTGGGTCGATTAC	0	5028
ATAGTCTTAGCACGTG	0	5029
CACGTGTGGATATTAA	0	5030
CACGTGATTGGTTTAC	0	5031
CCCGTGATTGGATTAC	0	5032
CACGTGAAAGGAGTAG	0	5033
ATAATGCTGACACGTG	0	5034
CGCGTGAACGGATTAC	0	5035
CACGTGACAAGATTTA	0	5036
ATAACCTAGTCACGTG	0	5037
ATAATCTCCGCACGCG	0	5038
ATAATGCAACCACGTG	0	5039
CACGTGAGGTGATTAG	0	5040
CACGTGTGGGCATTAC	0	5041
CACGTGTATGGATTGC	0	5042
CAAATCTTTGCACGTG	0	5043
CACGTGACCAGGTTAA	0	5044
CACGTGTTTGGGTTAG	0	5045
CACGTGAATAAATTAC	0	5046
CACGTGGTCGCATTAA	0	5047
CACGTGTTTATATTAC	0	5048
CACGTGTGTGCATTAA	0	5049
CACGTGTAGGGGTTAC	0	5050
CACGTGCACAGGTTAG	0	5051
CACGTGCCAAGATTCA	0	5052
CACGTGACGGGAATAC	0	5053
ATAAACCTGTCACGTG	0	5054
ATAATCCTGTCACGGG	0	5055
ATAATCTACTAACGTG	0	5056
ATAATCCACGCAAGTG	0	5057
ATAATCCTTAAACGTG	0	5058
CACGTGGAGGGATTAG	0	5059
CACGTGTATGGGTTAA	0	5060
CACGTGACTGGAATAA	0	5061
CACGTTAGCAGATTAA	0	5062
CACTTGCGCGGATTAA	0	5063
ATTATCTCGGCACGTG	0	5064
CACGTGAGGGGTTTAC	0	5065
CCCGTGAGGGGATTAC	0	5066
CACGTGCTAAGAGTAG	0	5067
CACGTGTTTCGATTAG	0	5068
CACGTGGTAAGCTTAC	0	5069
CACGTGCATGGAATAG	0	5070
ATAATCCTTTCCCGTG	0	5071
CACGTGTAGCGATTAC	0	5072
CGCGTGAGCGGATTAG	0	5073
CGCGTGCTCAGATTAC	0	5074
ATCATCTCTGCACGTG	0	5075
CACGTGAGTGGTTTAA	0	5076
CCCGTGAGTGGATTAA	0	5077
CACGTGGTCGGATTGG	0	5078
CACGTGTTGGGATGAA	0	5079
CACGTGCAAAGAGTAA	0	5080
CACGTGTACGGAATAC	0	5081
ATCATCTGAACACGTG	0	5082
CACGTGCCGAGCTTAG	0	5083
CACGTGGCCGGATTTC	0	5084
CACGTGTGTGGATTGG	0	5085
CACGTGTATCGATTAA	0	5086
ATAATGCCCCCACGTG	0	5087
CACGTGAATTGATTAC	0	5088
ATAATATTGACACGTG	0	5089
ACAATCCATCCACGTG	0	5090
CACGTGAGTAAATTAG	0	5091
ATAAGCTAGACACGTG	0	5092
ATAATATAACCACGTG	0	5093
CACGTGTGGGGGTTAG	0	5094
CACGTGGACGGATTGA	0	5095
CACGTGTAAGAATTAG	0	5096
ATAACCCCTCCACGTG	0	5097
CACGTGTGGATATTAC	0	5098
CACGTGTCCAGCTTAA	0	5099
CACGTGGTCATATTAA	0	5100
CACGTGACCGGATAAG	0	5101
CACGTGTGTATATTAA	0	5102
CACGTGCCAGCATTAG	0	5103
CACGTGATAAGATTGG	0	5104
CACGTGACAAGATTTC	0	5105
CACGTGTGGCGATTAG	0	5106
CACGTGAACGGATGAG	0	5107
ATAATCTTAGCCCGTG	0	5108
CACGTGACCAGGTTAC	0	5109
ATAATCTACGCACGCG	0	5110
CACGTGAAAAGATTGA	0	5111
ATACTCTTCACACGTG	0	5112
CACGTGTGCGGAATAG	0	5113
CACGTGGTCGCATTAC	0	5114
ATATTCCGTCCACGTG	0	5115
CACGTGAGTTGATTAG	0	5116
CACGTGGGAAGCTTAA	0	5117
CACGTGTGTGCATTAC	0	5118
CACGTTACAGGATTAA	0	5119
CACGTGCCAAGATTCC	0	5120
CGCGTGCGCAGATTAA	0	5121
CACGTTCAAGGATTAG	0	5122
CACGTGTATGGGTTAC	0	5123
ATAATATCCCCACGTG	0	5124
CACGTGACTGGAATAC	0	5125
CACGTTAGCAGATTAC	0	5126
CACTTGCGCGGATTAC	0	5127
ATAGTCTTCGCACGTG	0	5128
CACGTGGATGGATTAG	0	5129
ATTATCTAGGCACGTG	0	5130
CACGTGATAACATTAC	0	5131
ATATTCTTTTCACGTG	0	5132
CACGTGAGTGGTTTAC	0	5133
ATAATCCGATCACGAG	0	5134
CACGTGTTGGGATGAC	0	5135
CACGTGCAAAGAGTAC	0	5136
CACGTGCTCAGATGAG	0	5137
CACGTGTATCGATTAC	0	5138
CACGTGCCAATATTAG	0	5139
CACGTGCCCAGATAAA	0	5140
ATCATCTATGCACGTG	0	5141
CAAATCCTACCACGTG	0	5142
AGAATCTCAACACGTG	0	5143
CACGTGTTTGGATGAA	0	5144
CACGTGCCTAGCTTAG	0	5145
ATAATGCACCCACGTG	0	5146
CACGTGGACGGATTGC	0	5147
CACGTGCACAGATGAA	0	5148
CACGTGGTCGGGTTAG	0	5149
CACGTGTCCAGCTTAC	0	5150
CACGTGGTCATATTAC	0	5151
CACGTGTGTGGGTTAG	0	5152
CACGTGGGCGCATTAA	0	5153
CACGTGGAAGGATTTA	0	5154
ATAACCCATCCACGTG	0	5155
CACGTGTGTATATTAC	0	5156
CACGTGTTGAGATCAA	0	5157
CACGTGGACGGGTTAA	0	5158
CGCGTGCCAGGATTAA	0	5159
CACGTGGTCCGATTAG	0	5160
CACGTGAAAAGATTGC	0	5161
CACGTGCGAAGAGTAG	0	5162
CACGTGAAGGGATTCG	0	5163
ATCATCCCACCACGTG	0	5164
CACGTGTGTCGATTAG	0	5165
CACGTGGGAAGCTTAC	0	5166
CACGTGATAAGGTTAG	0	5167
CACGTTACAGGATTAC	0	5168
CACGTGGTAGGAGTAA	0	5169
CGCGTGCGCAGATTAC	0	5170
CACGTGAGAACATTAA	0	5171
CACGTGGGCGGATTGG	0	5172
CACGTGGACCGATTAA	0	5173
CACGTGTGGGGATGAA	0	5174
ATCATCTGCACACGTG	0	5175
ATACTCCCGACACGTG	0	5176
CACGTGAAAAGGTTAA	0	5177
CACGTGGCGGGCTTAA	0	5178
CACGTGAACAGATCAG	0	5179
ATAAGCTGGCCACGTG	0	5180
ATAATCCGAGCGCGTG	0	5181
CAAATCTCATCACGTG	0	5182
ATAATATACCCACGTG	0	5183
ATAATGCCTACACGTG	0	5184
CACGTGGGCATATTAA	0	5185
CACGTGCCCAGATAAC	0	5186
CACGTGAAGAGATTTA	0	5187
CACGTGAGAAGATTGG	0	5188
ATAGTCCCGGCACGTG	0	5189
CACGTGCTGAGATTCG	0	5190
CACGTGTTTGGATGAC	0	5191
ATTATCTTAACACGTG	0	5192
ATAATCTTCGCCCGTG	0	5193
CACGTGCACAGATGAC	0	5194
AGAATCTAAACACGTG	0	5195
CACGTGGGCGCATTAC	0	5196
CACGTGGAAGGATTTC	0	5197
CACGTGCAGAGATTCA	0	5198
ATAAACCCTTCACGTG	0	5199
ATAATCCCTTCACGGG	0	5200
CACGTGTTAAGCTTAG	0	5201
CACGTGTTGAGATCAC	0	5202
CACGTGTTCAGATTCA	0	5203
CACGTGATGAGAGTAA	0	5204
CACGTGGACGGGTTAC	0	5205
CGCGTGCCAGGATTAC	0	5206
CACGTGTTTAGATCAA	0	5207
CAAATCCGGACACGTG	0	5208
CACGTGTAAAGCTTAA	0	5209
CACGTGAAAGGATAAG	0	5210
ATCATCCTGACACGTG	0	5211
CACGTGGTAGGAGTAC	0	5212
CACGTGAGAACATTAC	0	5213
CACGTGAATGGATTCG	0	5214
ATCATCCAACCACGTG	0	5215
ATAATATCTACACGTG	0	5216
ATAATCCGCTCACGAG	0	5217
CACGTGGACCGATTAC	0	5218
CACGTGTGGGGATGAC	0	5219
CACGTGCGCAGATGAG	0	5220
CACGTGCCGGGAGTAG	0	5221
CACGTGAAAAGGTTAC	0	5222
CACGTGGTCGGATGAA	0	5223
CACGTGGCGGGCTTAC	0	5224
CAAATCCTCCCACGTG	0	5225
CACGTGGCAGTATTAA	0	5226
AGAATCTCCACACGTG	0	5227
CACGTGTGTGGATGAA	0	5228
ATAAACTCAGCACGTG	0	5229
ATAATCTCAGCACGGG	0	5230
CACGTGACGGCATTAA	0	5231
ATACTCCAGACACGTG	0	5232
ATAATGTGGTCACGTG	0	5233
ATGATCTCACCACGTG	0	5234
CACGTGGCTGGCTTAA	0	5235
CACGTGGGCGGGTTAG	0	5236
ATAATCCCAACACGCG	0	5237
CACGTGGGCATATTAC	0	5238
CAAATCTAATCACGTG	0	5239
CACGTGTCCGGAGTAA	0	5240
CACGTGAAGAGATTTC	0	5241
CACGTGTTCGCATTAG	0	5242
CACGTTATGGGATTAG	0	5243
CACGTGTGGAGATCAA	0	5244
CACGTGCTAAGATAAG	0	5245
CACGTGATAAGATGAA	0	5246
CACGTGAATAGATTTA	0	5247
ATAGTCCAGGCACGTG	0	5248
CACGTGCTTAGATTCG	0	5249
CACGTGGGCCGATTAG	0	5250
ATCATCCCCCCACGTG	0	5251
CACGTTAAGGGATTAA	0	5252
ATAATCTGTTAACGTG	0	5253
CACGTGCAGAGATTCC	0	5254
ATAATCCGTGCAAGTG	0	5255
CACGTGTTGAAATTAA	0	5256
CACGTGACGGGATTGG	0	5257
CACGTGCAAAGATAAA	0	5258
CACGTGAGAAGGTTAG	0	5259
CACGTGGGAGGAGTAA	0	5260
CACGTGCCCGGACTAA	0	5261
CACGTGTTCAGATTCC	0	5262
CACGTGATGAGAGTAC	0	5263
CACGTGATCGGTTTAG	0	5264
CCCGTGATCGGATTAG	0	5265
ATAATCCCGGCCCGTG	0	5266
CACGTGCATAGATTCA	0	5267
ATAAACCATTCACGTG	0	5268
ATAATCCATTCACGGG	0	5269
CACGTGTTTAGATCAC	0	5270
CACGTGATTAGAGTAA	0	5271
CACGTGTAAAGCTTAC	0	5272
ATAATCCGCGCGCGTG	0	5273
CACGTGCCAGGATGAG	0	5274
CACGTGAACGGTTTAA	0	5275
CCCGTGAACGGATTAA	0	5276
CAAATCTCCTCACGTG	0	5277
CACGTGACGATATTAA	0	5278
CACGTGTACGGATTGG	0	5279
CACGTGCAGATATTAG	0	5280
CACGTGTTCATATTAG	0	5281
CACGTGTTGTGATTAA	0	5282
CACGTGGTCGGATGAC	0	5283
ATAATATATACACGTG	0	5284
CACGTGGCAGTATTAC	0	5285
CACGTGCGGAGATTCG	0	5286
CACGTGTGTGGATGAC	0	5287
CACGTTCTGAGATTAA	0	5288
ATTATCTTCACACGTG	0	5289
CACGTGACGGCATTAC	0	5290
CACGTGTCGAGATTAA	0	5291
CACGTGCCTGGAGTAG	0	5292
CACGTGGTGGGATTCA	0	5293
AGAATCTGACCACGTG	0	5294
CACGTGGCTGGCTTAC	0	5295
CACGTGTACATATTAA	0	5296
ATGATCTTGACACGTG	0	5297
AGAATCTACACACGTG	0	5298
CGCGTGCTGGGATTAG	0	5299
ATAAACTAAGCACGTG	0	5300
ATAATCTAAGCACGGG	0	5301
CACGTGACTGCATTAA	0	5302
CACGTGTCCGGAGTAC	0	5303
CACGTGCCGAGATTGA	0	5304
ATGATCTAACCACGTG	0	5305
CACGTGTGAAGCTTAG	0	5306
CACGTGTGGAGATCAC	0	5307
CACGTGTGCAGATTCA	0	5308
ATAAGCTTTCCACGTG	0	5309
CACGTGAGGAGAGTAA	0	5310
ATAATCCAAACACGCG	0	5311
CACGTGCTCAGTTTAA	0	5312
CCCGTGCTCAGATTAA	0	5313
CGCGTGCAGGGATTAA	0	5314
ATAATCTGTGCACGCG	0	5315
CACGTGATAAGATGAC	0	5316
CACGTGAATAGATTTC	0	5317
CACGTGGTCAGATCAA	0	5318
CACGTGAACTGATTAG	0	5319
CACGTTATTGGATTAG	0	5320
CGCGTGTTCGGATTAA	0	5321
CACGTGTGTAGATCAA	0	5322
CACGTGTACGCATTAC	0	5323
CACGTTAAGGGATTAC	0	5324
CACGTGTTGAAATTAC	0	5325
CACGTGCAAAGATAAC	0	5326
CACGTGGGAGGAGTAC	0	5327
CACGTGCCCGGACTAC	0	5328
ATCATCCACCCACGTG	0	5329
CACGTTAATGGATTAA	0	5330
CACGTGCATAGATTCC	0	5331
CACGTGTTTAAATTAA	0	5332
CACGTGACTGGATTGG	0	5333
ATAGTCCTAACACGTG	0	5334
ATATTCTCGGCACGTG	0	5335
CACGTGATTAGAGTAC	0	5336
ATAATCCAGGCCCGTG	0	5337
CACGTGGGCGGATGAA	0	5338
CACGTGACGGGGTTAG	0	5339
CACGTGAACGGTTTAC	0	5340
CCCGTGAACGGATTAC	0	5341
ATACTCCGGCCACGTG	0	5342
CACGTGACGATATTAC	0	5343
ATAAACTCCGCACGTG	0	5344
ATAATCTCCGCACGGG	0	5345
CACGGGCCCGGATTAA	0	5346
ATGATCTCCCCACGTG	0	5347
ATAATCCCCACACGCG	0	5348
CAAATCTACTCACGTG	0	5349
CACGTGACTATATTAA	0	5350
CACGTGTTGTGATTAC	0	5351
CACGTGTGCGCATTAG	0	5352
CAAATCCTTACACGTG	0	5353
ATAATGCGTCCACGTG	0	5354
CACGTTAGGGGATTAG	0	5355
CACGTGCATATATTAG	0	5356
CACGTTCTGAGATTAC	0	5357
CACGTGACGCGATTAG	0	5358
CACGTGCGAAGATAAG	0	5359
ATAATTTCACCACGTG	0	5360
CACGTGTCGAGATTAC	0	5361
CACGTGAGAAGATGAA	0	5362
CACGTGTTTTGATTAA	0	5363
CACGTGGTGGGATTCC	0	5364
CACGTGTACGGGTTAG	0	5365
CACGTGTCAGGATTCA	0	5366
CACGTGGTAGGATAAA	0	5367
CACGTGTACATATTAC	0	5368
ATACTCTTGTCACGTG	0	5369
CACGTGCCAAGATCAG	0	5370
CACGTGACCGGAATAG	0	5371
CACGTGCGTAGATTCG	0	5372
CACGTTCTTAGATTAA	0	5373
CACGTGACTGCATTAC	0	5374
CACGTGTCTAGATTAA	0	5375
CACGTGTGGAAATTAA	0	5376
CACGTGGTTGGATTCA	0	5377
CACGTGCCGAGATTGC	0	5378
ATTATCCCGACACGTG	0	5379
CACGTGTGCAGATTCC	0	5380
CACGTGAGGAGAGTAC	0	5381
CGCGTGCTTGGATTAG	0	5382
CACGTGTTAGGAGTAG	0	5383
CACGTGAGCGGTTTAG	0	5384
CCCGTGAGCGGATTAG	0	5385
CACGTGCTCAGTTTAC	0	5386
CCCGTGCTCAGATTAC	0	5387
CGCGTGCAGGGATTAC	0	5388
ATAATGTTTTCACGTG	0	5389
CACGTGCCTAGATTGA	0	5390
CACGTGGTCAGATCAC	0	5391
CACGTGTACCGATTAG	0	5392
CGCGTGTTCGGATTAC	0	5393
ATCATCCCTACACGTG	0	5394
CACGTGTGTAGATCAC	0	5395
CACGTGAGTAGAGTAA	0	5396
CGCGTGCATGGATTAA	0	5397
ATAATCCTATCAAGTG	0	5398
CACGTGTAAGGAGTAA	0	5399
CACGTGTCGGGCTTAG	0	5400
CACGTGGTGGTATTAG	0	5401
CACGTGCCGAGGTTAA	0	5402
CACGTTAATGGATTAC	0	5403
CACGTGTTTAAATTAC	0	5404
CACGTGCTAGGACTAG	0	5405
ATAATCTCGCCACGTG	0	5406
CACGTGTGCATATTAG	0	5407
CACGTGGAGGTATTAA	0	5408
CACGTGTGGTGATTAA	0	5409
ATAATATGTCCACGTG	0	5410
CACGTGGGCGGATGAC	0	5411
CACGTTCGGAGATTAA	0	5412
ATATTCTAGGCACGTG	0	5413
CACGTGCAAGGACTAA	0	5414
CACGTGGGGGGATTCA	0	5415
CACGGGCCCGGATTAC	0	5416
AGAATCTGCCCACGTG	0	5417
CACGTGACTGGGTTAG	0	5418
CGCGTGCGGGGATTAG	0	5419
CACGTGATGAGATAAA	0	5420
CACGTGCCCAGAATAA	0	5421
CACGTGACTATATTAC	0	5422
ATAAACTACGCACGTG	0	5423
ATAATCTACGCACGGG	0	5424
ATAATCCTAACCCGTG	0	5425
ATAATCCGACCACGCG	0	5426
ATGATCTACCCACGTG	0	5427
ATAATCCACACACGCG	0	5428
CACGTGCGCAGTTTAA	0	5429
CCCGTGCGCAGATTAA	0	5430
ATAATTTTGACACGTG	0	5431
CACGTGAGAAGATGAC	0	5432
CACGTGTTTTGATTAC	0	5433
CACGTGGGCAGATCAA	0	5434
CACGTGTCAGGATTCC	0	5435
CACGTGGTAGGATAAC	0	5436
CACGTTAGTGGATTAG	0	5437
CGCGTGTGCGGATTAA	0	5438
CACGTTCTTAGATTAC	0	5439
ATAATTTAACCACGTG	0	5440
CACGTGTCTAGATTAC	0	5441
CACGTGTGGAAATTAC	0	5442
CACGTGGTTGGATTCC	0	5443
CACGTGCCGGGATAAG	0	5444
CACGTGGTCAAATTAA	0	5445
CACGTGACGGGATGAA	0	5446
ATCATCTGGTCACGTG	0	5447
ATAATCCTAGCACTTG	0	5448
CACGTGTGTAAATTAA	0	5449
ATAGTCCTCACACGTG	0	5450
ATAATCTTATCACGCG	0	5451
CACGTGCCTAGATTGC	0	5452
ATTATCCAGACACGTG	0	5453
CACGTGCAGGGATGAG	0	5454
CACGTGAGTAGAGTAC	0	5455
CGCGTGCATGGATTAC	0	5456
CACGTGTAAGGAGTAC	0	5457
CACGTGTTCGGATGAG	0	5458
CACGTGCCGAGGTTAC	0	5459
CACGTGTCAGTATTAG	0	5460
CACGTGTCCGGATAAA	0	5461
ATCATCCATACACGTG	0	5462
CACGTGTTAAGATTGA	0	5463
ATAATCTTGGAACGTG	0	5464
CACGTGGTTGTATTAG	0	5465
CACGTGCCTAGGTTAA	0	5466
CACGTGTACGGATGAA	0	5467
CACGTGGAGGTATTAC	0	5468
CACGTGTGGTGATTAC	0	5469
AGAATCCTGCCACGTG	0	5470
CACGTTCGGAGATTAC	0	5471
ATAATCTAGCCACGTG	0	5472
ATAATTTCCCCACGTG	0	5473
CACGTGGTCTGATTAA	0	5474
ATGATCTCTACACGTG	0	5475
CACGTGCAAGGACTAC	0	5476
CACGTGTGTTGATTAA	0	5477
CACGTGGGGGGATTCC	0	5478
CACGTGGGAGGATAAA	0	5479
CACGTGATGAGATAAC	0	5480
CACGTGGCCAGATTAA	0	5481
CACGTGCCAGGTTTAA	0	5482
CCCGTGCCAGGATTAA	0	5483
CACGTGCCCAGAATAC	0	5484
CACGTTCGTAGATTAA	0	5485
CACGGGCTAGGATTAG	0	5486
CACGTGGCAGGATCAA	0	5487
ATAATCCCAGCACGAG	0	5488
CACGTGGGTGGATTCA	0	5489
ATATTCTTAACACGTG	0	5490
CGCGTGCGTGGATTAG	0	5491
CACGTGATTAGATAAA	0	5492
CACGTGTGAGGAGTAG	0	5493
ATACTCCTTCCACGTG	0	5494
CACGTGCGCAGTTTAC	0	5495
CCCGTGCGCAGATTAC	0	5496
CACGTGCCAAAATTAG	0	5497
CACGTGGGCAGATCAC	0	5498
CACGGGCAAGGATTAA	0	5499
CGCGTGTGCGGATTAC	0	5500
ATAATCCTCTCAAGTG	0	5501
CACGTGGGGGTATTAG	0	5502
CACGTGGTCAAATTAC	0	5503
CACGTGTGTAAATTAC	0	5504
CACGTGCGAGGACTAG	0	5505
CACGTGCCTGGATAAG	0	5506
CACGTGAAAGGAATAG	0	5507
AGAATCTCGTCACGTG	0	5508
CACGTGACTGGATGAA	0	5509
CACGTGTCCGGATAAC	0	5510
CACGTGCCATGATTAG	0	5511
CACGTGCATGGATGAG	0	5512
CACGTGTTAAGATTGC	0	5513
CACGTGTTGGGATTCG	0	5514
CACGTGAGGAGATAAA	0	5515
CACGTGCCTAGGTTAC	0	5516
ATAATCCTCACCCGTG	0	5517
CACGTGTACGGATGAC	0	5518
ATAATCCGCCCACGCG	0	5519
CACGTGACGAGATCAA	0	5520
CACGTGGTCTGATTAC	0	5521
CACGTGTAGGGATTCA	0	5522
AGAATCTGTACACGTG	0	5523
ATACTCTCTTCACGTG	0	5524
CACGTGCAGAGATCAG	0	5525
CACGTGGATGTATTAC	0	5526
CACGTGTGTTGATTAC	0	5527
CACGTGGGAGGATAAC	0	5528
CACGTGTTAAGGTTAA	0	5529
CACGTGTTCAGATCAG	0	5530
CACGTGGCCAGATTAC	0	5531
CACGTGCCAGGTTTAC	0	5532
CCCGTGCCAGGATTAC	0	5533
CACGTTCGTAGATTAC	0	5534
ATAATTTACCCACGTG	0	5535
ATGATCTATACACGTG	0	5536
CACGTGGCAGGATCAC	0	5537
CACGTGGGTGGATTCC	0	5538
CACGTGCTAAGAATAG	0	5539
CACGTGATTAGATAAC	0	5540
CACGTGGGCAAATTAA	0	5541
CACGTGTACAGATCAA	0	5542
ATAATCCTCGCACTTG	0	5543
ATAATCTTCTCACGCG	0	5544
ATAATCCAAGCACGAG	0	5545
ATTATCCGGCCACGTG	0	5546
CACGTGTTGAGATTTA	0	5547
CACGGGCAAGGATTAC	0	5548
ACAATCTTACCACGTG	0	5549
CACGTGCAAAGAATAA	0	5550
CACGTGATGGGACTAA	0	5551
ATAGTCTGATCACGTG	0	5552
CACGTGTGCGGATGAG	0	5553
CTCGTGCTCGGATTAA	0	5554
ATCATCCGTCCACGTG	0	5555
CACGTGTGAAGATTGA	0	5556
CACGTGGCCGGCTTAG	0	5557
CACGTGGGTGTATTAG	0	5558
ATAAACCCAACACGTG	0	5559
ATAATCCCAACACGGG	0	5560
CACGTGACTGGATGAC	0	5561
ATTATCTTGTCACGTG	0	5562
CACGTGGGCTGATTAA	0	5563
CAAATCTGTTCACGTG	0	5564
AGAATCTAGTCACGTG	0	5565
ATCATCTTTTCACGTG	0	5566
CACGTGAGGAGATAAC	0	5567
CACGGGCGAGGATTAG	0	5568
ATAATCCCCGCACGAG	0	5569
CACGTGACAAGCTTAG	0	5570
CACGTGACGAGATCAC	0	5571
CACGTGACCAGATTCA	0	5572
ATATTCTTCACACGTG	0	5573
ATAATTTCTACACGTG	0	5574
CACGTGTTTGGATTCG	0	5575
CACGTGAGTAGATAAA	0	5576
CACGTGTAGGGATTCC	0	5577
CACGTGCACAGATTCG	0	5578
CACGTGTAAGGATAAA	0	5579
CACGTGACTAGATCAA	0	5580
CACGTGTTAAGGTTAC	0	5581
CACGTGGCAGAATTAA	0	5582
CACGTGATCAGAGTAG	0	5583
ATAATGTCGGCACGTG	0	5584
CACGTGTATGGATTCA	0	5585
ATACTCTATTCACGTG	0	5586
CACGTGCATAGATCAG	0	5587
CACGTGGTAAGATTAG	0	5588
CACGTGGGCAAATTAC	0	5589
CACGTGTACAGATCAC	0	5590
CACGTGAACAGAGTAA	0	5591
CACGTGTTGAGATTTC	0	5592
CACGTGCAAAGAATAC	0	5593
CACGTGTAGGTATTAG	0	5594
CACGTGATGGGACTAC	0	5595
CTCGTGCTCGGATTAC	0	5596
CACGTGTTTAGATTTA	0	5597
ATAATCTCTGAACGTG	0	5598
ATAATCCCGTCACGCG	0	5599
CACGTGTGAAGATTGC	0	5600
CACGTGATTGGACTAA	0	5601
CACGTGTGGGGATTCG	0	5602
CACGTTTTGGGATTAA	0	5603
AGAATCCCTCCACGTG	0	5604
ATAATCTGAAAACGTG	0	5605
CACGTGCTGGGTTTAG	0	5606
CCCGTGCTGGGATTAG	0	5607
CACGTGACCGCATTAG	0	5608
ATAACCTTACCACGTG	0	5609
CACGTGGTGGGATCAG	0	5610
CACGGGATGGGATTAA	0	5611
CACGTGGGCTGATTAC	0	5612
ATAAACCAAACACGTG	0	5613
ATAATCCAAACACGGG	0	5614
ATAATCTGATCCCGTG	0	5615
CACGTGTCGGGATTGA	0	5616
CACGTGCAGGGTTTAA	0	5617
CCCGTGCAGGGATTAA	0	5618
ACAATCTGGACACGTG	0	5619
ATAAACTGTGCACGTG	0	5620
ATAATCTGTGCACGGG	0	5621
CACGTGTGAAGGTTAA	0	5622
CACGTGTGCAGATCAG	0	5623
CACGTGGAGGGATCAA	0	5624
ATGATCTGTCCACGTG	0	5625
CACGTGTTCGGTTTAA	0	5626
CCCGTGTTCGGATTAA	0	5627
CACGTGACGAAATTAA	0	5628
ATAATCCGTACACGCG	0	5629
AAAATCTCACCACGTG	0	5630
CACGTGACCAGATTCC	0	5631
CACGTGCGAAGAATAG	0	5632
CACGTGCAGAAATTAG	0	5633
CACGTGAGTAGATAAC	0	5634
CACGTTAACGGATTAG	0	5635
CACGTGGTAGGAATAA	0	5636
CACGTGTTCAAATTAG	0	5637
CACGTGTAAGGATAAC	0	5638
ATAATCCACGCACGAG	0	5639
CACGTGACTAGATCAC	0	5640
CACGTGTGGAGATTTA	0	5641
ATAATTTATACACGTG	0	5642
CACGTGGCAGAATTAC	0	5643
ACAATCTTCCCACGTG	0	5644
CACGTGTATGGATTCC	0	5645
CACGTGAGGGGACTAA	0	5646
ATAGTCTGCTCACGTG	0	5647
ATATTCCCGACACGTG	0	5648
CTCGTGCGCGGATTAA	0	5649
CACGTGTACAAATTAA	0	5650
ATAATGTAGGCACGTG	0	5651
CACGTGAACAGAGTAC	0	5652
ATAAACCCCACACGTG	0	5653
ATAATCCCCACACGGG	0	5654
CACGTGACCATATTAG	0	5655
CACGTGACGTGATTAA	0	5656
CACGTGCCCACATTAA	0	5657
CACGTGGAAAGATTAC	0	5658
CACGTGCAGTGATTAG	0	5659
CACGTGTTTAGATTTC	0	5660
CACGTGTTCTGATTAG	0	5661
CACGTGTATGTATTAG	0	5662
CACGTGATTGGACTAC	0	5663
CACGTTTTGGGATTAC	0	5664
CACGTGTGAGGATAAG	0	5665
CACGTTCTCAGATTAG	0	5666
ATTATCCTTCCACGTG	0	5667
CACGTGTCCAGATTAG	0	5668
ATAATCTATGAACGTG	0	5669
CACGTGGTCGGATTCG	0	5670
ATAATCCAGTCACGCG	0	5671
CACGTGTCAGGATCAG	0	5672
CACGTGTACTGATTAA	0	5673
CACGTGTGTGGATTCG	0	5674
CACGTTTTTGGATTAA	0	5675
AGAATCCATCCACGTG	0	5676
CACGGGATGGGATTAC	0	5677
CACGTGCTTGGTTTAG	0	5678
CCCGTGCTTGGATTAG	0	5679
CACGTTCACAGATTAA	0	5680
CACGTGTCGGGATTGC	0	5681
CACGTGCAGGGTTTAC	0	5682
CCCGTGCAGGGATTAC	0	5683
CACGTGATGAGAATAA	0	5684
CACGTGGTTGGATCAG	0	5685
CACGTGCCCAGATTGG	0	5686
CGCGTGACCGGATTAA	0	5687
CACGTGTGAAGGTTAC	0	5688
CACGTGGAAGGCTTAG	0	5689
CACGTGAGCAGAGTAG	0	5690
CACGTGGAGGGATCAC	0	5691
CACGTGGACGGATTCA	0	5692
CACGTGTTCGGTTTAC	0	5693
CCCGTGTTCGGATTAC	0	5694
CACGTGACGAAATTAC	0	5695
CACGGGATTGGATTAA	0	5696
CGCGTGCACGGATTAG	0	5697
CACGTGTCTGGATTGA	0	5698
CACGTGCATGGTTTAA	0	5699
CCCGTGCATGGATTAA	0	5700
AAAATCTTGACACGTG	0	5701
CACGTGGGAAGATTAG	0	5702
CACGTGGATGGATCAA	0	5703
CACGTGACTAAATTAA	0	5704
ATAGTCCTGTCACGTG	0	5705
CACGTGGTAGGAATAC	0	5706
CACGTGATAAGATTCG	0	5707
AAAATCTAACCACGTG	0	5708
CACGTGTCGGGGTTAA	0	5709
ATAACCTGGACACGTG	0	5710
CACGTGTGGAGATTTC	0	5711
CACGTGCATAAATTAG	0	5712
ATAATCCCACAACGTG	0	5713
CACGTGAGGGGACTAC	0	5714
CACGTGGTCAGATTTA	0	5715
CACGTGCCGGGAATAG	0	5716
CTCGTGCGCGGATTAC	0	5717
CACGTGTGTAGATTTA	0	5718
CACGTGAAAAGATTCA	0	5719
CACGTGTACAAATTAC	0	5720
CACGTGAGTGGACTAA	0	5721
CACGTTTGGGGATTAA	0	5722
ATATTCCAGACACGTG	0	5723
ATAATCTGCAAACGTG	0	5724
CACGTGTCGCGATTAA	0	5725
CACGTGCGGGGTTTAG	0	5726
CCCGTGCGGGGATTAG	0	5727
CACGTGACGTGATTAC	0	5728
ACAATCCCGCCACGTG	0	5729
ATTATCTCTTCACGTG	0	5730
CACGTGCCCACATTAC	0	5731
ATAACCTTCCCACGTG	0	5732
CACGTGGGGGGATCAG	0	5733
ATAAACCGACCACGTG	0	5734
ATAATCCGACCACGGG	0	5735
CACGTGTCCGGAATAA	0	5736
CACGGGAGGGGATTAA	0	5737
ATAATGTTAACACGTG	0	5738
ATAAACCACACACGTG	0	5739
ATAATCCACACACGGG	0	5740
CACGTGACTTGATTAA	0	5741
ATAATCTGCTCCCGTG	0	5742
CACGTGCATTGATTAG	0	5743
CACGTGGTGGAATTAG	0	5744
CACGTGAAGAGCTTAG	0	5745
CACGTGTGCGGTTTAA	0	5746
CCCGTGTGCGGATTAA	0	5747
AAAATCTCCCCACGTG	0	5748
CACGTGACAGGAGTAG	0	5749
CACGTGTACTGATTAC	0	5750
CACGTTTTTGGATTAC	0	5751
CACGTGGGAGGAATAA	0	5752
CACGTGTGCAAATTAG	0	5753
CACGTTCACAGATTAC	0	5754
CACGTGGAGGAATTAA	0	5755
ATAATTTGTCCACGTG	0	5756
CACGTGATGAGAATAC	0	5757
CGCGTGACCGGATTAC	0	5758
ATAAACTTATCACGTG	0	5759
ATAATCTTATCACGGG	0	5760
CACGTGGACGGATTCC	0	5761
CACGGGATTGGATTAC	0	5762
CACGTGAAAGCATTAG	0	5763
CACGTGTCTGGATTGC	0	5764
CACGTGCATGGTTTAC	0	5765
CCCGTGCATGGATTAC	0	5766
CACGTGATTAGAATAA	0	5767
CAAATCTTGGCACGTG	0	5768
CACGTGGATGGATCAC	0	5769
CACGTGACTAAATTAC	0	5770
CACGTGTCGGGGTTAC	0	5771
CACGTGCCCAGGTTAG	0	5772
ACAATCTTTACACGTG	0	5773
ATAATCCTGAAACGTG	0	5774
CACGTGGTCAGATTTC	0	5775
CACGTGGCGGGATTAG	0	5776
CACGTGTCTGGGTTAA	0	5777
CACGTGTGTAGATTTC	0	5778
CACGTGAAAAGATTCC	0	5779
CACGTGGACGTATTAG	0	5780
CACGTGTGCTGATTAG	0	5781
ATAATCCAACAACGTG	0	5782
CACGTGAGTGGACTAC	0	5783
CACGTTTGGGGATTAC	0	5784
CACGTGCCTGGAATAG	0	5785
ATAATCCTGTCCCGTG	0	5786
CACGTTCGCAGATTAG	0	5787
CACGTGTCGCGATTAC	0	5788
CACGTGGGCGGATTCG	0	5789
CACGTTGTCGGATTAA	0	5790
CACGTGCCAAGAGTAA	0	5791
CACGTGTCCGGAATAC	0	5792
CACGTTTGTGGATTAA	0	5793
CACGTGATCAGATAAG	0	5794
CACGGGAGGGGATTAC	0	5795
CACGTGTCTCGATTAA	0	5796
CACGTGCTAACATTAG	0	5797
CACGTGCGTGGTTTAG	0	5798
CCCGTGCGTGGATTAG	0	5799
CACGTGACTTGATTAC	0	5800
ACAATCCAGCCACGTG	0	5801
ATTATCTATTCACGTG	0	5802
CACGTGAGGAGAATAA	0	5803
CACGTGGGTGGATCAG	0	5804
CCCGTGTGCGGATTAC	0	5805
CACGTGTGCGGTTTAC	0	5806
CACGGGAGTGGATTAA	0	5807
CACGTGGCCGGATTGA	0	5808
CACGTGTCAGAATTAG	0	5809
ATAACCCCGCCACGTG	0	5810
CACGTGAAAATATTAG	0	5811
CACGTGAACAGATAAA	0	5812
CACGTGCAAACATTAA	0	5813
CACGTGGTTGAATTAG	0	5814
CACGTGAATAGCTTAG	0	5815
CACGTGGGAGGAATAC	0	5816
CACGTGAGAAGATTCG	0	5817
AAAATCTACCCACGTG	0	5818
CACGTTATAAGATTAA	0	5819
CACGTGGAGGAATTAC	0	5820
CACTTGCTAGGATTAA	0	5821
ATAATCCCCCAACGTG	0	5822
CACGTGACCGGATGAG	0	5823
CGCGTGATAGGATTAG	0	5824
CACGTGGGCAGATTTA	0	5825
CACGTGTAAAGATTAG	0	5826
CACGTGGATGAATTAA	0	5827
CACGTGATTAGAATAC	0	5828
CACGTGACAAGATTGA	0	5829
ATATTCCGGCCACGTG	0	5830
CACGTGCAAAGATTGG	0	5831
CGCGTGAAAGGATTAA	0	5832
ATAAACCGCCCACGTG	0	5833
ATAATCCGCCCACGGG	0	5834
CACGTTCCAGGATTAG	0	5835
CACGTGTCTGGGTTAC	0	5836
ATAATGTTCACACGTG	0	5837
CACGTGGCTGGATTAG	0	5838
CACGTGGGGGAATTAG	0	5839
ATAACCTTTACACGTG	0	5840
CACGTGTAGGGATCAG	0	5841
ATATTCTTGTCACGTG	0	5842
CACGTTGTCGGATTAC	0	5843
CACGTGCCAAGAGTAC	0	5844
CACGTTTGTGGATTAC	0	5845
CACGTGTCTCGATTAC	0	5846
ATCATCTAGGCACGTG	0	5847
CACGTGAGGAGAATAC	0	5848
ATAATCTTCTCACGGG	0	5849
CACGTGTTAGGAATAG	0	5850
AAAATCTCTACACGTG	0	5851
CACGGGAGTGGATTAC	0	5852
CACGTGGCCGGATTGC	0	5853
CACGTGAACAGATAAC	0	5854
CACGTGCCCAGATGAA	0	5855
CGCGTGCTAAGATTAA	0	5856
CACGTGCAAACATTAC	0	5857
CACGTGAGTAGAATAA	0	5858
ATAGTCCCTTCACGTG	0	5859
ATAATCCGTGCACGAG	0	5860
CACGTGTAAGGAATAA	0	5861
CACGTGGCAGGATTTA	0	5862
ATAACCCAGCCACGTG	0	5863
CACGTTATAAGATTAC	0	5864
CACTTGCTAGGATTAC	0	5865
CACGTGGCCGGGTTAA	0	5866
CACGTGGGCAGATTTC	0	5867
CACGTGGATGAATTAC	0	5868
ATACTCTCAACACGTG	0	5869
CACGTGGTGAGCTTAA	0	5870
CACGTGACAAGATTGC	0	5871
CACGTGACGGGATTCG	0	5872
ATAATCCACCAACGTG	0	5873
CGCGTGAAAGGATTAC	0	5874
CACGTTGGCGGATTAA	0	5875
CACGTGGCCCGATTAA	0	5876
CACGTGAGCAGATAAG	0	5877
CACGTGCGAACATTAG	0	5878
CACGTGACAAGGTTAA	0	5879
ATAGTCTCAGCACGTG	0	5880
CACGTGACCAGATCAG	0	5881
CACGTGGTAGCATTAA	0	5882
CACGTGCAAAGGTTAG	0	5883
CACGTGTACGGATTCG	0	5884
CACGTGAAGGGAGTAG	0	5885
ATAATGCCGACACGTG	0	5886
CACGTGGGTGAATTAG	0	5887
CACGTGTATGGATCAG	0	5888
CACGTTAGAAGATTAA	0	5889
CACGTGACGAGATTTA	0	5890
CACTTGCGAGGATTAA	0	5891
CAAATCTCTGCACGTG	0	5892
CGCGTGAGAGGATTAG	0	5893
CACGTGCCCAGATGAC	0	5894
CGCGTGCTAAGATTAC	0	5895
CACGTGAGTAGAATAC	0	5896
CAAATCTGAACACGTG	0	5897
CACGTGGTAGGATTGG	0	5898
CACGTGTAAGGAATAC	0	5899
ATCATCTTAACACGTG	0	5900
AAAATCTATACACGTG	0	5901
CACGTGGCAGGATTTC	0	5902
CACGTGCCGAGATTCA	0	5903
CACGTGATCGGACTAG	0	5904
ATAAACCCGTCACGTG	0	5905
ATAATCCCGTCACGGG	0	5906
ATAGTCCATTCACGTG	0	5907
ATAATCCCTAAACGTG	0	5908
CACGTGTACAGATTTA	0	5909
CACGTGGCCGGGTTAC	0	5910
CACGTGGAAGGATTGA	0	5911
CACGTGCTGAGAGTAG	0	5912
CACGTGAACGGACTAA	0	5913
CACGTGGTGAGCTTAC	0	5914
ATAATCCCTTCCCGTG	0	5915
CACGTGTCAAGCTTAA	0	5916
CACGTGGTAATATTAA	0	5917
CACGTGACAGGATAAG	0	5918
CACGTGATGACATTAA	0	5919
ATACTCTAAACACGTG	0	5920
CACGTGCAGAGAGTAA	0	5921
CACGTGGTTAGCTTAA	0	5922
ATAAACCGTACACGTG	0	5923
ATAATCCGTACACGGG	0	5924
CACGTGACTGGATTCG	0	5925
CACGTTGGCGGATTAC	0	5926
ATAATATCGACACGTG	0	5927
CACGTGAAAGGATGAG	0	5928
CACGTGGCCCGATTAC	0	5929
CACGTGTTCAGAGTAA	0	5930
CACGTGACAAGGTTAC	0	5931
CACGTGTGAGGAATAG	0	5932
CACGTGTAGGAATTAG	0	5933
CACGTGGTAGCATTAC	0	5934
ATATTCCTTCCACGTG	0	5935
CGCGTGCGAAGATTAA	0	5936
ATAGTCTAAGCACGTG	0	5937
CACGTGCCGGCATTAG	0	5938
CACGTGATGAGATTGG	0	5939
ATAATCCGATCACTTG	0	5940
CACGTGAATGGAGTAG	0	5941
CACGTTAGAAGATTAC	0	5942
CACGTGACGAGATTTC	0	5943
CACTTGCGAGGATTAC	0	5944
CACGTGCTCAGACTAA	0	5945
ATAATCTCAGCCCGTG	0	5946
ATAATGCAGACACGTG	0	5947
CACGTGACTAGATTTA	0	5948
CACGTGAAGAGATTGA	0	5949
ATACTCTCCACACGTG	0	5950
CACGTGTCCGCATTAA	0	5951
ATAATCCTATCACGAG	0	5952
CACGTGGGGAGCTTAA	0	5953
CACGTGCTAAGATGAG	0	5954
CAAATCTATGCACGTG	0	5955
CACGTTACGGGATTAA	0	5956
ATAATCTGGTAACGTG	0	5957
CACGTGCCGAGATTCC	0	5958
ATAATCCGGGCAAGTG	0	5959
CACGTGCCAAGATAAA	0	5960
CACGTTCAGGGATTAG	0	5961
CACGTGTACAGATTTC	0	5962
CACGTGCCTAGATTCA	0	5963
CACGTGGAAGGATTGC	0	5964
ATAAACCAGTCACGTG	0	5965
ATAATCCAGTCACGGG	0	5966
CACGTTTTCGGATTAG	0	5967
CACGTGCAAAGATGAA	0	5968
CACGTGAACGGACTAC	0	5969
ATAATCCATAAACGTG	0	5970
CACGTGGTAGGGTTAG	0	5971
ATAGTCTCCGCACGTG	0	5972
CACGTGTCAAGCTTAC	0	5973
CACGTGGTAATATTAC	0	5974
CACGTGGGAGCATTAA	0	5975
CACGTGACCGGTTTAA	0	5976
CCCGTGACCGGATTAA	0	5977
CACGTGATGACATTAC	0	5978
ATATTCTCTTCACGTG	0	5979
CACGTGCTTAGAGTAG	0	5980
CACGGGATCGGATTAG	0	5981
CACGTTTACGGATTAA	0	5982
CACGTGCAGAGAGTAC	0	5983
CACGTGGTTAGCTTAC	0	5984
CACGTGTCCGGATTGG	0	5985
ATAATCCATTCCCGTG	0	5986
CACGTGCACGGTTTAG	0	5987
CCCGTGCACGGATTAG	0	5988
CACGTGCCGATATTAG	0	5989
CACGTGGAAGGGTTAA	0	5990
CACGTGGACGGATCAG	0	5991
CACGTGATTACATTAA	0	5992
CACGTGTTCAGAGTAC	0	5993
CACGTGACCAAATTAG	0	5994
CACGTGCATAGAGTAA	0	5995
CACGGGAACGGATTAA	0	5996
CACGTGGTACGATTAG	0	5997
ATAATATAGACACGTG	0	5998
CGCGTGCGAAGATTAC	0	5999
CAAATCTGCACACGTG	0	6000
CACGTGTCCATATTAA	0	6001
CACGTGGAGGGATTTA	0	6002
CACGTGTATGAATTAG	0	6003
AAAATCTGTCCACGTG	0	6004
CACGTGGGAGGATTGG	0	6005
CACGTGGAACGATTAA	0	6006
ATCATCTTCACACGTG	0	6007
CACGTGAGCGGACTAG	0	6008
CACGTGCTCAGACTAC	0	6009
CACGTGAAAAGATCAG	0	6010
ATAAGCTTGCCACGTG	0	6011
ATAATCCTAGCGCGTG	0	6012
CACGTGCCTGCATTAG	0	6013
CACGTGATTAGATTGG	0	6014
CGCGTGCCGGGATTAA	0	6015
ATAATCTGGGCACGCG	0	6016
CACGTGACTAGATTTC	0	6017
CACGTGAAGAGATTGC	0	6018
CACGTGCGGAGAGTAG	0	6019
CACGTGACCTGATTAG	0	6020
CACGTGTCCGCATTAC	0	6021
ATAATCTAAGCCCGTG	0	6022
CACGTGGGGAGCTTAC	0	6023
CACGTGGGAATATTAA	0	6024
CACGTGATGAGGTTAG	0	6025
CACGTTACGGGATTAC	0	6026
CACGTGGTGGGAGTAA	0	6027
ATACTCTGACCACGTG	0	6028
CACGTGCCAAGATAAC	0	6029
CACGTGAGGACATTAA	0	6030
CACGTGAATAGATTGA	0	6031
CACGGGCTCAGATTAA	0	6032
CACGTGGGTAGCTTAA	0	6033
CACGTTACTGGATTAA	0	6034
CACGTGCCTAGATTCC	0	6035
CACGTGCAAAGATGAC	0	6036
CACGTGTGCAGAGTAA	0	6037
CACGTGAAGAGGTTAA	0	6038
CACGTTCATGGATTAG	0	6039
CACGTGGGAGCATTAC	0	6040
CACGTGACCGGTTTAC	0	6041
CCCGTGACCGGATTAC	0	6042
CACGTTTACGGATTAC	0	6043
CACGTGTTAAGATTCA	0	6044
ATAGTCTACGCACGTG	0	6045
CACGTGATCAGAATAG	0	6046
CACGTGGAAGGGTTAC	0	6047
CACGTGATTACATTAC	0	6048
ATATTCTATTCACGTG	0	6049
CACGTGAGGAGATTGG	0	6050
ATAATCCGCTCACTTG	0	6051
CACGTGCGCAGACTAA	0	6052
CACGTGCATAGAGTAC	0	6053
CAAATCCTGACACGTG	0	6054
CACGGGAACGGATTAC	0	6055
ATTATCTCAACACGTG	0	6056
ATAATGCGGCCACGTG	0	6057
CACGTGCCTATATTAG	0	6058
ATAATCTCCGCCCGTG	0	6059
CACGTGAACAGAATAA	0	6060
CAAATCCAACCACGTG	0	6061
CACGTGTCCATATTAC	0	6062
CACGTGGAGGGATTTC	0	6063
ATAATCCTCTCACGAG	0	6064
CACGTGGAACGATTAC	0	6065
CACGTGCGAAGATGAG	0	6066
CACGTGTTGAGCTTAG	0	6067
CACGTGGTAGGATGAA	0	6068
CACGTGGATGGATTTA	0	6069
CGCGTGCCGGGATTAC	0	6070
ATAATGTTGTCACGTG	0	6071
CACGTTTGCGGATTAG	0	6072
ATAATCCGTCAACGTG	0	6073
CACGTGTAGAGCTTAA	0	6074
CACGTGTCCCGATTAG	0	6075
CACGTGAAGGGATAAG	0	6076
ATCATCCCGACACGTG	0	6077
CACGTGGGAGGGTTAG	0	6078
CACGTGGGAATATTAC	0	6079
CACGTGGTGGGAGTAC	0	6080
CGCGTGCCTGGATTAA	0	6081
CACGTGTCAGGAGTAA	0	6082
CACGTGAGGACATTAC	0	6083
CACGTGAATAGATTGC	0	6084
CACGTGTTAGCATTAG	0	6085
CACGTGCGTAGAGTAG	0	6086
CACGGGAGCGGATTAG	0	6087
CACGGGCTCAGATTAC	0	6088
CACGTGGGTAGCTTAC	0	6089
CACGTGATTAGGTTAG	0	6090
CACGTTACTGGATTAC	0	6091
CACGTGGTTGGAGTAA	0	6092
CACGTGAGTACATTAA	0	6093
CACGTGTGCAGAGTAC	0	6094
CACGTGAAGAGGTTAC	0	6095
CAAATCCCCCCACGTG	0	6096
CACGTGGCGGTATTAA	0	6097
CACGTGTAAGCATTAA	0	6098
ATAATATGGCCACGTG	0	6099
CACGTGGGACGATTAG	0	6100
ATAATCTTTTAACGTG	0	6101
ATAATCCTTGCAAGTG	0	6102
CACGTGAATAGGTTAA	0	6103
CACGTGCCAGGACTAA	0	6104
CACGTGTTAAGATTCC	0	6105
CACGTGGACGAATTAG	0	6106
CACGTGATAGGTTTAG	0	6107
CCCGTGATAGGATTAG	0	6108
CACGTGCGCAGACTAC	0	6109
CACGTGCTGAGATAAG	0	6110
ATAATCCTCGCGCGTG	0	6111
CACGTGATGAGATGAA	0	6112
CACGTGAAAGGTTTAA	0	6113
CCCGTGAAAGGATTAA	0	6114
CACGTGAACAGAATAC	0	6115
CACGTGAGTAGATTGG	0	6116
ATTATCTAAACACGTG	0	6117
CACGTGTAAGGATTGG	0	6118
ATAATCTACGCCCGTG	0	6119
CACGTGAGGAGGTTAG	0	6120
CACGTGGGGGGAGTAA	0	6121
CACGTGAAAAAATTAG	0	6122
ATACTCTGCCCACGTG	0	6123
CACGTGTTAATATTAG	0	6124
CACGTGTTCAGATAAA	0	6125
CACGTGGTAGGATGAC	0	6126
CACGTGGATGGATTTC	0	6127
CACGGGCGCAGATTAA	0	6128
CACGTGTTTAGCTTAG	0	6129
CACGTGTAGAGCTTAC	0	6130
AGAATCTTACCACGTG	0	6131
CACGTGTAAATATTAA	0	6132
CACGTGCCGGGATGAG	0	6133
CGCGTGCCTGGATTAC	0	6134
CACGTGTCAGGAGTAC	0	6135
CACGTGTATAGCTTAA	0	6136
CACGTGAATGGATAAG	0	6137
ATCATCCAGACACGTG	0	6138
CACGTGTGAAGATTCA	0	6139
CACGTGAGCAGAATAG	0	6140
CACGTGGTTGGAGTAC	0	6141
CACGTGCTAAGTTTAA	0	6142
CCCGTGCTAAGATTAA	0	6143
ATAATCTTTGCACGCG	0	6144
CACGTGAGTACATTAC	0	6145
CACGTGGTAAGATCAA	0	6146
CACGTGTCCGGATGAA	0	6147
CACGTGAAATGATTAG	0	6148
CACGTGGCGGTATTAC	0	6149
CGCGTGTTAGGATTAA	0	6150
CACGTGTAAGCATTAC	0	6151
CACGTGAATAGGTTAC	0	6152
ATGATCTCGACACGTG	0	6153
CACGTGCCAGGACTAC	0	6154
CAAATCCACCCACGTG	0	6155
CACGTGGCTGTATTAA	0	6156
CACGTGTGGAGCTTAG	0	6157
ATAAGCTCTCCACGTG	0	6158
CACGTGGGAGGATGAA	0	6159
CACGTGATGAGATGAC	0	6160
CACGTGAAAGGTTTAC	0	6161
CCCGTGAAAGGATTAC	0	6162
ATACTCCTGCCACGTG	0	6163
CACGGGCCAGGATTAA	0	6164
CACGTGCTTAGATAAG	0	6165
CACGTGATTAGATGAA	0	6166
CACGTGCAGAGATAAC	0	6167
CACGTGGGGGGAGTAC	0	6168
CACGTGTGAGCATTAG	0	6169
CACGTGTTCAGATAAC	0	6170
ATAATGCTTCCACGTG	0	6171
CACGGGCGCAGATTAC	0	6172
ATAGTCCCAACACGTG	0	6173
CACGTGCATAGATAAA	0	6174
CACGTGAGTAGGTTAG	0	6175
CACGTGGGTGGAGTAA	0	6176
CACGTGTAAGGGTTAG	0	6177
CACGTGTAAATATTAC	0	6178
CACGTGACAGGAATAG	0	6179
CACGTGTATAGCTTAC	0	6180
CACGTGCCTGGATGAG	0	6181
CACGTGTGAAGATTCC	0	6182
CACGTGAGAGGTTTAG	0	6183
CCCGTGAGAGGATTAG	0	6184
CACGTGCTAAGTTTAC	0	6185
CCCGTGCTAAGATTAC	0	6186
CAAATCCCTACACGTG	0	6187
CACGTGGTAAGATCAC	0	6188
CACGTGTAACGATTAG	0	6189
CACGTGTCCGGATGAC	0	6190
CGCGTGTTAGGATTAC	0	6191
CACGTGCGGAGATAAG	0	6192
CACGTGAGGAGATGAA	0	6193
CACGTGTCGGGATTCA	0	6194
CACGTGGTGGGATAAA	0	6195
AGAATCTGGACACGTG	0	6196
ATACTCTCGTCACGTG	0	6197
CACGTGCCGAGATCAG	0	6198
ATTATCTGACCACGTG	0	6199
CACGTGGCTGTATTAC	0	6200
ATTATCTACACACGTG	0	6201
ATGATCTAGACACGTG	0	6202
CACGTGTGAATATTAG	0	6203
CACGTGTTGGGAGTAG	0	6204
CACGTGTGCAGATAAA	0	6205
ATAATATTTCCACGTG	0	6206
CACGTGGGAGGATGAC	0	6207
ATAATGTCTTCACGTG	0	6208
CACGTGGTCAGCTTAG	0	6209
CACGTGTCCAGATCAA	0	6210
CACGTGTGTAGCTTAG	0	6211
ATAAGCTATCCACGTG	0	6212
CACGGGCCAGGATTAC	0	6213
AGAATCTTCCCACGTG	0	6214
ATAATCCCATCAAGTG	0	6215
CACGTGTAGGGAGTAA	0	6216
ATACTCTGTACACGTG	0	6217
CACGTGATTAGATGAC	0	6218
CACGTGCCAAGAATAA	0	6219
CACGTGGACAGCTTAA	0	6220
ATCATCCGGCCACGTG	0	6221
ATAATCCTACCACGCG	0	6222
CACGTGCTGGGACTAG	0	6223
CACGTGCATAGATAAC	0	6224
CACGTGGGTGGAGTAC	0	6225
CACGTGCGAAGTTTAA	0	6226
CCCGTGCGAAGATTAA	0	6227
CACGTGGGAAGATCAA	0	6228
CGCGTGTGAGGATTAA	0	6229
ATAGTCCAAACACGTG	0	6230
CACGTGCAGGGACTAA	0	6231
ATAGTCTGTGCACGTG	0	6232
CACGTGTTCGGACTAA	0	6233
CAAATCTGGTCACGTG	0	6234
CACGTGGTAAAATTAA	0	6235
ATAATCCCAACCCGTG	0	6236
ATCATCTTGTCACGTG	0	6237
ATAATTTCGACACGTG	0	6238
CACGTGAGGAGATGAC	0	6239
CACGTGTTAGGATGAG	0	6240
CAAATCCATACACGTG	0	6241
CACGTGTCGGGATTCC	0	6242
CACGTGGTGGGATAAC	0	6243
CACGTGCCCAGATTCG	0	6244
CACGTGTCAGGATAAA	0	6245
CACGTGCGTAGATAAG	0	6246
CACGTGAGTAGATGAA	0	6247
CACGTGTCTGGATTCA	0	6248
CACGTGGTTGGATAAA	0	6249
ATACTCTAGTCACGTG	0	6250
CACGTGCCTAGATCAG	0	6251
CACGTGTAAGGATGAA	0	6252
CACGTGTGCAGATAAC	0	6253
ATAATCCCAGCACTTG	0	6254
ATAGTCCCCACACGTG	0	6255
ATAATCTCATCACGCG	0	6256
CACGTGGTATGATTAA	0	6257
CACGTGTCCAGATCAC	0	6258
CACGTGACCAGAGTAA	0	6259
CACGTGTTTGGAGTAG	0	6260
CACGTGATCACATTAG	0	6261
CACGTGTAGGGAGTAC	0	6262
ATAATGTATTCACGTG	0	6263
CACGTGCACAGAGTAG	0	6264
CACGTGGCAAGATTAA	0	6265
CACGTGCCAAGAATAC	0	6266
CACGTGTCGGTATTAG	0	6267
CACGTGGACAGCTTAC	0	6268
CACGTGTTGAGATTGA	0	6269
ATAATCCAATCAAGTG	0	6270
CACGTGTATGGAGTAA	0	6271
CACGTGAACACATTAA	0	6272
ATAATCTCGGAACGTG	0	6273
CACGTGCGAAGTTTAC	0	6274
CCCGTGCGAAGATTAC	0	6275
AGAATCCCGCCACGTG	0	6276
CACGTGGGAAGATCAC	0	6277
CACTTGATCGGATTAA	0	6278
CGCGTGTGAGGATTAC	0	6279
CACGTGCTTGGACTAG	0	6280
CACGTGCAGGGACTAC	0	6281
CACGTGGGGGGATAAA	0	6282
ATTATCTGCCCACGTG	0	6283
CACGTGTTCGGACTAC	0	6284
CACGTGCCGGGTTTAA	0	6285
CCCGTGCCGGGATTAA	0	6286
ATAAACTGGGCACGTG	0	6287
ATAATCTGGGCACGGG	0	6288
CACGTGGTAAAATTAC	0	6289
CACGGGCTGGGATTAG	0	6290
CACGTGCATGGACTAA	0	6291
CACGTGGCGGGATCAA	0	6292
ATGATCTGGCCACGTG	0	6293
ATATTCTCAACACGTG	0	6294
ATAATCCGGACACGCG	0	6295
CACGTGTGGGGAGTAG	0	6296
CACGTGAACAGATTGG	0	6297
ATACTCCCTCCACGTG	0	6298
ATAATCCAAACCCGTG	0	6299
CACGTGCCGAAATTAG	0	6300
CACGTGGGCAGCTTAG	0	6301
CACGGGCAGGGATTAA	0	6302
CACGTTACCGGATTAG	0	6303
ATAATCTGTGCCCGTG	0	6304
CACGTGTCAGGATAAC	0	6305
CACGGGTTCGGATTAA	0	6306
ATAATTTAGACACGTG	0	6307
ATAATCCCCTCAAGTG	0	6308
CACGTGAGTAGATGAC	0	6309
CACGTGTCTGGATTCC	0	6310
CACGTGGTTGGATAAC	0	6311
CACGTGTAAGGATGAC	0	6312
ATAATCCTCCCACGCG	0	6313
CACGTGTCCAAATTAA	0	6314
CACGTGCGGGGACTAG	0	6315
CACGTGGTATGATTAC	0	6316
CACGTGACCAGAGTAC	0	6317
AGAATCTTTACACGTG	0	6318
CACGTGAAGGGAATAG	0	6319
ATAGTCCGACCACGTG	0	6320
ATAATCCAAGCACTTG	0	6321
ATAGTCCACACACGTG	0	6322
ATAATCTAATCACGCG	0	6323
CACGTGTTAAGATCAG	0	6324
CACGTGGCAAGATTAC	0	6325
CACGTGCCGTGATTAG	0	6326
CACGTGTTGAGATTGC	0	6327
CAAGTGCTCGGATTAA	0	6328
CACGTGTGCGGACTAA	0	6329
CGCGTGATCAGATTAA	0	6330
CACGTGTATGGAGTAC	0	6331
CACGTGAACACATTAC	0	6332
CACGTGGGAAAATTAA	0	6333
CACGTGTCTGTATTAG	0	6334
ATAATCCCCACCCGTG	0	6335
CACGTGTAAAGATCAA	0	6336
ATTATCCTGCCACGTG	0	6337
CACGTGTTTAGATTGA	0	6338
CACTTGATCGGATTAC	0	6339
ATAATCTAGGAACGTG	0	6340
CAAATCCGTCCACGTG	0	6341
CACGTGTCCTGATTAA	0	6342
AGAATCCAGCCACGTG	0	6343
CACGTGTGAGGATGAG	0	6344
CTCGTGCTAGGATTAA	0	6345
ATCATCCTTCCACGTG	0	6346
CACGTGGGGGGATAAC	0	6347
CACGTGTTGAGGTTAA	0	6348
CACGTTCCCAGATTAA	0	6349
CACGTGCCGGGTTTAC	0	6350
CCCGTGCCGGGATTAC	0	6351
CACGTGGCAGGCTTAG	0	6352
CACGTGCATGGACTAC	0	6353
CACGTGGCGGGATCAC	0	6354
CACGTGGCCGGATTCA	0	6355
CACGTGGGTGGATAAA	0	6356
CACGTGCTGAGAATAG	0	6357
CGCGTGCCCGGATTAG	0	6358
CACGTGCCTGGTTTAA	0	6359
CCCGTGCCTGGATTAA	0	6360
CACGGGCTTGGATTAG	0	6361
ATAATCCCCGCACTTG	0	6362
ATAATCTCCTCACGCG	0	6363
CACGTGGCTGGATCAA	0	6364
CACGTGGGATGATTAA	0	6365
ATATTCTAAACACGTG	0	6366
CACGTGGTCGGAGTAG	0	6367
ACAATCTCACCACGTG	0	6368
CACGTGTGTGGAGTAG	0	6369
CACGTGAGCACATTAG	0	6370
CAAATCTTTTCACGTG	0	6371
ATACTCCATCCACGTG	0	6372
CACGGGTTCGGATTAC	0	6373
CACGTGCCTAAATTAG	0	6374
CACGTGTTCAGAATAA	0	6375
CACGGGCATGGATTAA	0	6376
CACGTGAACAGGTTAG	0	6377
CACGTGGACGGAGTAA	0	6378
CACGTGACAAGATTCA	0	6379
CACGTGTGGAGATTGA	0	6380
CACGTGTCCAAATTAC	0	6381
ATAATCCACTCAAGTG	0	6382
CACGTGCAAAGATTCG	0	6383
CACTTGAGCGGATTAA	0	6384
ATTATCTCGTCACGTG	0	6385
CACGTGCGTGGACTAG	0	6386
CACGTGATAAGAGTAG	0	6387
CACGTGAATGGAATAG	0	6388
CAAGTGCTCGGATTAC	0	6389
CACGTGTGCGGACTAC	0	6390
CGCGTGATCAGATTAC	0	6391
ATCATCTCTTCACGTG	0	6392
CACGTGTTGGGATAAG	0	6393
CACGTGGGAAAATTAC	0	6394
CACGGGCGGGGATTAG	0	6395
CACGTGTAAAGATCAC	0	6396
CACGTGCCTTGATTAG	0	6397
CACGTGAAAAGAGTAA	0	6398
ATATTCTCCACACGTG	0	6399
CACGTGTTTAGATTGC	0	6400
ATAATCCGACCCCGTG	0	6401
ATAATCCACACCCGTG	0	6402
CACGTGTAGGGATAAA	0	6403
ATTATCTGTACACGTG	0	6404
CTCGTGCTAGGATTAC	0	6405
CACGTGTTGAGGTTAC	0	6406
CACGTTCCCAGATTAC	0	6407
CACGTGGCGGAATTAA	0	6408
ATAATTTGGCCACGTG	0	6409
CACGGGTGCGGATTAA	0	6410
CACGTGGCCGGATTCC	0	6411
ATAATCTTAAAACGTG	0	6412
CACGTGGTGAGATTAG	0	6413
CACGTGGGTGGATAAC	0	6414
CACGTGTTTAGGTTAA	0	6415
CACGTGACAGCATTAG	0	6416
CACGTGCCTGGTTTAC	0	6417
CCCGTGCCTGGATTAC	0	6418
CACGTGTACAGCTTAG	0	6419
CACGTGGCTGGATCAC	0	6420
CACGTGGGATGATTAC	0	6421
CACGTGCTTAGAATAG	0	6422
ATAATCTTATCCCGTG	0	6423
CACGTGGAGAGATTAA	0	6424
CACGTGCAGAGAATAC	0	6425
ATAGTCCGCCCACGTG	0	6426
ACAATCTTGACACGTG	0	6427
ATAAACTTTGCACGTG	0	6428
ATAATCTTTGCACGGG	0	6429
ATAATCCACGCACTTG	0	6430
ATAATCTACTCACGCG	0	6431
CACGTGTGAAGATCAG	0	6432
ATGATCTTTCCACGTG	0	6433
CCCGTGTTAGGATTAA	0	6434
CACGTGTTAGGTTTAA	0	6435
CACGTGTTCAGAATAC	0	6436
CACGGGCATGGATTAC	0	6437
ATAATCCTTACACGCG	0	6438
ACAATCTAACCACGTG	0	6439
CACGTGGACGGAGTAC	0	6440
CACGTGCATAGAATAA	0	6441
CACGTGACAAGATTCC	0	6442
CACGTGTGGAGATTGC	0	6443
CAAGTGCGCGGATTAA	0	6444
CGCGTGAGCAGATTAA	0	6445
CACGTGGCCGTATTAG	0	6446
CACGTTAAAGGATTAG	0	6447
CACGTGGTCAGATTGA	0	6448
CACGTGTTAAAATTAG	0	6449
ATAACCTCACCACGTG	0	6450
CACGTGTGTAGATTGA	0	6451
CACTTGAGCGGATTAC	0	6452
ATAGTCTTCTCACGTG	0	6453
CTCGTGCGAGGATTAA	0	6454
CACGTGTGGAGGTTAA	0	6455
CACGTGTAAAAATTAA	0	6456
ATTATCTAGTCACGTG	0	6457
CACGTGAAAAGAGTAC	0	6458
CACGTGATCAGATGAG	0	6459
CACGTGACAATATTAG	0	6460
CACGTGCGGAGAATAG	0	6461
CACGTGACCAGATAAA	0	6462
ATCATCTATTCACGTG	0	6463
CACGTGCCAACATTAA	0	6464
CACGTGTTTGGATAAG	0	6465
CACGGGCGTGGATTAG	0	6466
CACGTGGTGGGAATAA	0	6467
CACGTGTAGGGATAAC	0	6468
ATATTCTGACCACGTG	0	6469
CACGTGCACAGATAAG	0	6470
CACGTGACTAGCTTAG	0	6471
ATATTCTACACACGTG	0	6472
CACGTGGGCGGAGTAG	0	6473
CACGTGAACAGATGAA	0	6474
CACGTGGCGGAATTAC	0	6475
ACAATCTCCCCACGTG	0	6476
CACGTGTTATGATTAG	0	6477
CACGGGTGCGGATTAC	0	6478
CACGTGTATGGATAAA	0	6479
CACGTTCTAAGATTAG	0	6480
CACGTGTGCAGAATAA	0	6481
CACGTGTTTAGGTTAC	0	6482
CACGTGTCAAGATTAG	0	6483
CACGTGGCTGAATTAA	0	6484
CACGTGGTAGGATTCG	0	6485
CACGTGTAATGATTAA	0	6486
CACGTTCAAAGATTAA	0	6487
CACGTGGAGAGATTAC	0	6488
CACGTGCCAAGATTGG	0	6489
CGCGTGACAGGATTAA	0	6490
CACGTGAGAAGAGTAG	0	6491
CACGTGGAAGGATTCA	0	6492
CACGTGTTAGGTTTAC	0	6493
CCCGTGTTAGGATTAC	0	6494
CGCGTGCAAGGATTAG	0	6495
CACGTGGATAGATTAA	0	6496
CACGTGCATAGAATAC	0	6497
CAAGTGCGCGGATTAC	0	6498
CGCGTGAGCAGATTAC	0	6499
CACGTGTGGGGATAAG	0	6500
ATTATCCCTCCACGTG	0	6501
CACGTGGTCAGATTGC	0	6502
ATAACCTTGACACGTG	0	6503
CACGTGTCGGGATCAG	0	6504
CACGTGTGTAGATTGC	0	6505
ATAATCCGCCCCCGTG	0	6506
ATAATCCGATCGCGTG	0	6507
CACGTGGTAAGATTTA	0	6508
ATAACCTAACCACGTG	0	6509
CTCGTGCGAGGATTAC	0	6510
CACGTGTGGAGGTTAC	0	6511
CACGTGGAGGGCTTAG	0	6512
CACGTGTAAAAATTAC	0	6513
CACGTGGTCAGGTTAA	0	6514
ATAATCTTCAAACGTG	0	6515
AAAATCTCGACACGTG	0	6516
CACGTGGGGAGATTAG	0	6517
CACGTGTGTAGGTTAA	0	6518
CACGTGACCAGATAAC	0	6519
CACGTGCCAACATTAC	0	6520
ATAGTCCCGTCACGTG	0	6521
CACGTGGTGGGAATAC	0	6522
CACGTGATGAGATTCG	0	6523
ATAATCCGGGCACGAG	0	6524
ATAAACCTACCACGTG	0	6525
ATAATCCTACCACGGG	0	6526
CACGTGTCAGGAATAA	0	6527
CACGTGCGTAGAATAG	0	6528
ATAATCTTCTCCCGTG	0	6529
CACGTGAACAGATGAC	0	6530
CACGTGGTTGGAATAA	0	6531
CACGTGTATGGATAAC	0	6532
CCCGTGTGAGGATTAA	0	6533
CACGTGTGCAGAATAC	0	6534
CACGTGAAGAGATTCA	0	6535
CACGTGGCTGAATTAC	0	6536
ACAATCTACCCACGTG	0	6537
CACGTGTAATGATTAC	0	6538
ATAGTCCGTACACGTG	0	6539
CACGTGGGCAGATTGA	0	6540
CACGTGTGAAAATTAG	0	6541
ATAACCTCCCCACGTG	0	6542
CACGTTCAAAGATTAC	0	6543
ATAATTTTTCCACGTG	0	6544
CGCGTGACAGGATTAC	0	6545
CACGTGGAAGGATTCC	0	6546
ATAATGTCAACACGTG	0	6547
CACGTGGATAGATTAC	0	6548
CACGTGAGCAGATGAG	0	6549
CACGTGCCAAGGTTAG	0	6550
CACGTGTCCGGATTCG	0	6551
CACGTGACGGGAGTAG	0	6552
CACGTGGTCGGATAAG	0	6553
CACGTGTGTGGATAAG	0	6554
ATTATCCATCCACGTG	0	6555
CACGTGGGGGGAATAA	0	6556
ATATTCTGCCCACGTG	0	6557
CACGTGGTAAGATTTC	0	6558
ATAAACTCATCACGTG	0	6559
ATAATCTCATCACGGG	0	6560
CACGTGTCTGGATCAG	0	6561
CACGTGGAAGTATTAG	0	6562
CACGTGTGATGATTAG	0	6563
CACGTGGACGGATAAA	0	6564
CACGTGAAGGCATTAG	0	6565
CACGTGGTCAGGTTAC	0	6566
CACGTTCGAAGATTAG	0	6567
CAAATCTCGGCACGTG	0	6568
CACGTGTGTAGGTTAC	0	6569
CACGTGGATGGCTTAG	0	6570
CACGTGGGAGGATTCG	0	6571
CACGTTGTAGGATTAA	0	6572
CACGTGTACGGAGTAG	0	6573
CACGTGTCAGGAATAC	0	6574
CACGTGATAAGATAAG	0	6575
AAAATCTAGACACGTG	0	6576
ACAATCTCTACACGTG	0	6577
CACGTGGGTAGATTAG	0	6578
ATAGTCCAGTCACGTG	0	6579
ATAATCCCGAAACGTG	0	6580
CACGTGGTTGGAATAC	0	6581
CACGTGATTAGATTCG	0	6582
CACGTGTCCAGATTTA	0	6583
CACGTGTGAGGTTTAC	0	6584
CCCGTGTGAGGATTAC	0	6585
CACGTGAAGAGATTCC	0	6586
ATAATCCGTTCAAGTG	0	6587
CACGTGGCAGGATTGA	0	6588
CACGTGAAAAGATAAA	0	6589
CACGTGACCGGACTAA	0	6590
ATAATCCCGTCCCGTG	0	6591
CACGTGAATAGATTCA	0	6592
CACGTGCACGGACTAG	0	6593
CACGTGGGCAGATTGC	0	6594
CACGTGCCGAGAGTAA	0	6595
ATAAACCGGACACGTG	0	6596
ATAATCCGGACACGGG	0	6597
CACGTGCTGACATTAG	0	6598
ATAATCCGCTCGCGTG	0	6599
CACGTGACAGGATGAG	0	6600
CACGTGGGAAGATTTA	0	6601
ATAACCTACCCACGTG	0	6602
ATAATGTAAACACGTG	0	6603
CACGTGTCGGAATTAG	0	6604
CACGTGAAGATATTAG	0	6605
CACGTGGGCAGGTTAA	0	6606
CACGTGCAGACATTAA	0	6607
ATAATCCGTACCCGTG	0	6608
CACGTGTTCACATTAA	0	6609
CACGTGGGGGGAATAC	0	6610
CACGTGAGGAGATTCG	0	6611
ATAAACCTCCCACGTG	0	6612
ATAATCCTCCCACGGG	0	6613
CACGTTATGAGATTAA	0	6614
CACTTGCTGGGATTAA	0	6615
ATAATCTGAGCAAGTG	0	6616
CACGTGACTGGAGTAG	0	6617
CACGTGGACGGATAAC	0	6618
CACGTGGGTGGAATAA	0	6619
CGCGTGATGGGATTAG	0	6620
CACGTGTAGAGATTAG	0	6621
ATAAACTAATCACGTG	0	6622
ATAATCTAATCACGGG	0	6623
CACGTGACGAGATTGA	0	6624
CACGTTGTAGGATTAC	0	6625
CACGTGAATGCATTAG	0	6626
CAAATCTAGGCACGTG	0	6627
CACGTGATCAGTTTAA	0	6628
CCCGTGATCAGATTAA	0	6629
CACGTGCAGAGATTGG	0	6630
CGCGTGAAGGGATTAA	0	6631
ATAATCCGTGCACTTG	0	6632
ATAATCTGTTCACGCG	0	6633
CACGTGTTCAGATTGG	0	6634
CACGTTCCGGGATTAG	0	6635
CACGTGTCCAGATTTC	0	6636
ATAATGTCCACACGTG	0	6637
ACAATCTATACACGTG	0	6638
CACGTGGCAGGATTGC	0	6639
CACGTGAAAAGATAAC	0	6640
CACGTGCCAAGATGAA	0	6641
CACGTGACCGGACTAC	0	6642
ATAATCCAGAAACGTG	0	6643
ATAATCCTTGCACGAG	0	6644
CACGTGTACAGATTGA	0	6645
ATAACCTCTACACGTG	0	6646
CACGTGAATAGATTCC	0	6647
ATATTCTCGTCACGTG	0	6648
CACGTGGGCGGATAAG	0	6649
CACGTTTCCGGATTAA	0	6650
CACGTGCCGAGAGTAC	0	6651
ATAATCCAGTCCCGTG	0	6652
CACGTGCCCGGTTTAG	0	6653
CCCGTGCCCGGATTAG	0	6654
CACGTGGCAGGGTTAA	0	6655
CACGTGGGAAGATTTC	0	6656
CACGTGGCCGGATCAG	0	6657
ATAAACTCCTCACGTG	0	6658
ATAATCTCCTCACGGG	0	6659
CACGTGTTGGGAATAG	0	6660
CACGTGCCTAGAGTAA	0	6661
CACGGGACCGGATTAA	0	6662
CACGTGCTTACATTAG	0	6663
CACGTGGGCAGGTTAC	0	6664
CGCGTGCTGAGATTAA	0	6665
CACGTGCAGACATTAC	0	6666
CACGGGCACGGATTAG	0	6667
CACGTGTAGGGAATAA	0	6668
CACGTGTTCACATTAC	0	6669
ATATTCTGTACACGTG	0	6670
CACGTTGGAGGATTAA	0	6671
CACGTGGCGGGATTTA	0	6672
CACGTGTCTGAATTAG	0	6673
CACGTGAATATATTAG	0	6674
AAAATCTGGCCACGTG	0	6675
CACGTGGCACGATTAA	0	6676
CACGTTATGAGATTAC	0	6677
CACTTGCTGGGATTAC	0	6678
CACGTGAGAAGATAAG	0	6679
CACGTGCATACATTAA	0	6680
CACGTGACAAGATCAG	0	6681
CACGTGGGTGGAATAC	0	6682
CACGTGAGTAGATTCG	0	6683
CACGTTATTAGATTAA	0	6684
CACTTGCTTGGATTAA	0	6685
CACGTGTAAGGATTCG	0	6686
CACGTGACGAGATTGC	0	6687
CGCGTGATTGGATTAG	0	6688
CACGTGTATAGATTAG	0	6689
CACGTGATCAGTTTAC	0	6690
CCCGTGATCAGATTAC	0	6691
CGCGTGAAGGGATTAC	0	6692
CACGTGACTAGATTGA	0	6693
CACGTGCGGACATTAG	0	6694
CACGTGCATAGATTGG	0	6695
CGCGTGAATGGATTAA	0	6696
CACGTGCCAAGATGAC	0	6697
CACGTGACGAGGTTAA	0	6698
CACGTGGTGGCATTAA	0	6699
CAAATCTTAACACGTG	0	6700
ATAATGTGACCACGTG	0	6701
CACGTTCCTGGATTAG	0	6702
ATAATGTACACACGTG	0	6703
CACGTGTACAGATTGC	0	6704
CACGTGCAGAGGTTAG	0	6705
CACGTGATAGGACTAG	0	6706
CACGTGTTCAGGTTAG	0	6707
CACGTTTCCGGATTAC	0	6708
CACGTGTGCACATTAA	0	6709
CACGTGTAAAGATTTA	0	6710
ATAACCTATACACGTG	0	6711
CACGTGGCAGGGTTAC	0	6712
CACGTTAGGAGATTAA	0	6713
CACTTGCGGGGATTAA	0	6714
ATATTCTAGTCACGTG	0	6715
ATAATCTGCGCAAGTG	0	6716
CACGTGAAAGGACTAA	0	6717
CACGTGCCTAGAGTAC	0	6718
CACGGGACCGGATTAC	0	6719
CACGTGTACAGGTTAA	0	6720
CACGTGACCAGAATAA	0	6721
CGCGTGCTGAGATTAC	0	6722
ATAAACTACTCACGTG	0	6723
ATAATCTACTCACGGG	0	6724
CACGTGTTTGGAATAG	0	6725
CACGTGTAGGGAATAC	0	6726
ATCATCTCAACACGTG	0	6727
ATAAACCTTACACGTG	0	6728
ATAATCCTTACACGGG	0	6729
CACGTGCACAGAATAG	0	6730
CACGTTGGAGGATTAC	0	6731
CACGTGGCGGGATTTC	0	6732
CACGTGGCACGATTAC	0	6733
CGCGTGCTTAGATTAA	0	6734
CACGTGCATACATTAC	0	6735
CACGTGTTAAGAGTAA	0	6736
CACGTGAGCAGTTTAA	0	6737
CCCGTGAGCAGATTAA	0	6738
CACGTGTATGGAATAA	0	6739
CACGTGGCTGGATTTA	0	6740
CACGTGTGCAGATTGG	0	6741
CACGTGGAGGGATTGA	0	6742
ACAATCTGTCCACGTG	0	6743
CACGTTATTAGATTAC	0	6744
CACTTGCTTGGATTAC	0	6745
ATAATCCGGCAACGTG	0	6746
CACGTGTCGAGCTTAA	0	6747
CACGTGGTGATATTAA	0	6748
CACGTGACGGGATAAG	0	6749
ATAATCCTATCACTTG	0	6750
CACGTGACTAGATTGC	0	6751
CACGTGCTAAGACTAA	0	6752
CACGTGAAGGGATGAG	0	6753
CGCGTGAATGGATTAC	0	6754
CACGTGACGAGGTTAC	0	6755
CACGTGTGGGGAATAG	0	6756
CACGTGGTGGCATTAC	0	6757
ATATTCCCTCCACGTG	0	6758
CACGTGTCAGCATTAA	0	6759
CACGTGCGTACATTAG	0	6760
ATAATCTTGTAACGTG	0	6761
ATAATCCTGGCAAGTG	0	6762
CACGTGACTAGGTTAA	0	6763
CGCGTGCGGAGATTAA	0	6764
CACGTGGTTGCATTAA	0	6765
CACGTGGCCGAATTAG	0	6766
CACGTGTGCACATTAC	0	6767
CACGTGTAAAGATTTC	0	6768
CACGTGCATAGGTTAG	0	6769
CACGTTAGGAGATTAC	0	6770
CACGTTTTAGGATTAG	0	6771
CACGTGAAAGGACTAC	0	6772
CACGTGTACAGGTTAC	0	6773
CACGTGACAGGTTTAA	0	6774
CCCGTGACAGGATTAA	0	6775
CACGTGACCAGAATAC	0	6776
CACGTTAGTAGATTAA	0	6777
CACTTGCGTGGATTAA	0	6778
CACGGGATAGGATTAG	0	6779
CACGTTTAAGGATTAA	0	6780
ATAATCCCATCACGAG	0	6781
CACGTGTCAGGATTGG	0	6782
CACGTGCTGAGATGAG	0	6783
CACGTGGACAGATTAG	0	6784
CACGTGCAAGGTTTAG	0	6785
CCCGTGCAAGGATTAG	0	6786
CGCGTGAGTGGATTAG	0	6787
CACGTGCCGAGATAAA	0	6788
CGCGTGCTTAGATTAC	0	6789
CACGTGGAAGGATCAG	0	6790
CACGTGTTAAGAGTAC	0	6791
CACGTGAGCAGTTTAC	0	6792
CCCGTGAGCAGATTAC	0	6793
CACGTGACAAAATTAG	0	6794
CACGTGGTTGGATTGG	0	6795
CACGTGTATGGAATAC	0	6796
CACGGGAAAGGATTAA	0	6797
ATCATCTAAACACGTG	0	6798
CACGTGGCTGGATTTC	0	6799
CACGTGGAGGGATTGC	0	6800
CACGTGCAGAGATGAA	0	6801
CACGTGGTGGGGTTAG	0	6802
CACGTGTTCAGATGAA	0	6803
CACGTGTCGAGCTTAC	0	6804
CACGTGGTGATATTAC	0	6805
CACGTGGGGGCATTAA	0	6806
CAAATCTTCACACGTG	0	6807
CACGTGTCAATATTAA	0	6808
CACGTGGATGGATTGA	0	6809
ATAATGTGCCCACGTG	0	6810
AAAATCTTTCCACGTG	0	6811
CACGTGAGAGGACTAG	0	6812
CACGTGCTAAGACTAC	0	6813
CACGTGTCTAGCTTAA	0	6814
CACGTGGTTATATTAA	0	6815
CACGTGTGCAGGTTAG	0	6816
CACGTGGAGGGGTTAA	0	6817
CACGTGACTGGATAAG	0	6818
ATAACCTGTCCACGTG	0	6819
ATAATCTTGGCACGCG	0	6820
CACGTGGTGCGATTAG	0	6821
CACGTGACATGATTAG	0	6822
CACGTGAATGGATGAG	0	6823
CACGTGTCAGCATTAC	0	6824
ATACTCTTACCACGTG	0	6825
CACGTGGTCGGAATAG	0	6826
CACGTGACTAGGTTAC	0	6827
CGCGTGCGGAGATTAC	0	6828
CACGTGTGTGGAATAG	0	6829
CACGTGGTTGCATTAC	0	6830
ATATTCCATCCACGTG	0	6831
CACGGGCTAAGATTAA	0	6832
CACGTGGGGGGATTGG	0	6833
CACGTGGAGCGATTAA	0	6834
ATCATCTCCACACGTG	0	6835
CGCGTGCGTAGATTAA	0	6836
CACGTGTGAAGAGTAA	0	6837
CACGTGGACGGAATAA	0	6838
CACGTGAAGAGATCAG	0	6839
ATAAGCTCGCCACGTG	0	6840
ATAATCCCAGCGCGTG	0	6841
CACGTGACAGGTTTAC	0	6842
CCCGTGACAGGATTAC	0	6843
CACGTTAGTAGATTAC	0	6844
CACTTGCGTGGATTAC	0	6845
CACGTTTAAGGATTAC	0	6846
CACGTGGGGATATTAA	0	6847
CACGTGATAAGAATAG	0	6848
CACGTGCCGAGATAAC	0	6849
ATAATCCTCTCACTTG	0	6850
ATAATCCAATCACGAG	0	6851
CACGTGCGAAGACTAA	0	6852
CACGGGAAAGGATTAC	0	6853
CACGTGCTTAGATGAG	0	6854
ATAATGCTGCCACGTG	0	6855
CACGTGCCTAGATAAA	0	6856
CACGTGCAGAGATGAC	0	6857
CACGTGAAAAGAATAA	0	6858
CTCGTGATCGGATTAA	0	6859
CACGTGTCAGGGTTAG	0	6860
CACGTGTTCAGATGAC	0	6861
CACGTGGGGGCATTAC	0	6862
CACGTGTCAATATTAC	0	6863
CACGTGGATGGATTGC	0	6864
CACGTGCATAGATGAA	0	6865
CACGTGTTGAGATTCA	0	6866
CACGTGGTTGGGTTAG	0	6867
CACGTGTCTAGCTTAC	0	6868
CACGTGGTTATATTAC	0	6869
CACGTGGGTGCATTAA	0	6870
CACGTGGAGGGGTTAC	0	6871
CACGTTTGAGGATTAG	0	6872
CAAATCCCGACACGTG	0	6873
ATAATCCTTCAACGTG	0	6874
CACGTGTCACGATTAG	0	6875
CACGTGGATGGGTTAA	0	6876
CACGTGGTTCGATTAG	0	6877
CACGGGAGAGGATTAG	0	6878
CACGGGCTAAGATTAC	0	6879
ATAATCCCCTCACGAG	0	6880
CACGTGGAGCGATTAC	0	6881
CACGTGCGGAGATGAG	0	6882
CGCGTGCGTAGATTAC	0	6883
CACGTGTGAAGAGTAC	0	6884
CACGTGGTGGGATGAA	0	6885
CACGTGGACGGAATAC	0	6886
CACGTGAACAGATTCG	0	6887
ATCATCTGACCACGTG	0	6888
CACGTGGGTGGATTGG	0	6889
CACGTGGATCGATTAA	0	6890
ATAATATTGCCACGTG	0	6891
ATCATCTACACACGTG	0	6892
ATAATGTCGTCACGTG	0	6893
CACGTGAATAGATCAG	0	6894
ATAAGCTAGCCACGTG	0	6895
CACGTGGGGGGGTTAG	0	6896
ATAATCCAAGCGCGTG	0	6897
CACGTGGAAGAATTAG	0	6898
CACGTGTGCAGATGAA	0	6899
CACGTGGGGATATTAC	0	6900
CACGTGTCGGGAGTAA	0	6901
ATACTCTGGACACGTG	0	6902
CACGTGTTGGCATTAG	0	6903
CACGTGGCCAGCTTAA	0	6904
CACGCGCTCGGATTAA	0	6905
CACGTGCGAAGACTAC	0	6906
CACGTGGGTATATTAA	0	6907
CACGTGCCTAGATAAC	0	6908
CACGTGAAAAGAATAC	0	6909
CTCGTGATCGGATTAC	0	6910
CACGTGTAGGCATTAA	0	6911
ATAATGTGTACACGTG	0	6912
CACGTGGGGCGATTAG	0	6913
ATAATCTCTTAACGTG	0	6914
ATAATCCCTGCAAGTG	0	6915
CACGTGCATAGATGAC	0	6916
CACGTGCCGGGACTAA	0	6917
ATACTCTTCCCACGTG	0	6918
CACGTGGGCGGAATAG	0	6919
ATAGTCTGGGCACGTG	0	6920
CACGTGTTGAGATTCC	0	6921
ATAATCCGAACAAGTG	0	6922
CACGTGATGGGTTTAG	0	6923
CCCGTGATGGGATTAG	0	6924
CACGTGTTAAGATAAA	0	6925
CACGTGGGTGCATTAC	0	6926
CACGGGCGAAGATTAA	0	6927
CACGTGTTTAGATTCA	0	6928
CACGTGGATGGGTTAC	0	6929
ATAATCCCCGCGCGTG	0	6930
CCCGTGAAGGGATTAA	0	6931
CACGTGAAGGGTTTAA	0	6932
ATAAACTGTTCACGTG	0	6933
ATAATCTGTTCACGGG	0	6934
CAAATCCAGACACGTG	0	6935
CACGTGTAGGGATTGG	0	6936
CACGTGAGAAGAATAG	0	6937
CACGTGAAGAAATTAG	0	6938
CACGTGTTGATATTAG	0	6939
CACGTGGTGGGATGAC	0	6940
CACGTGTCAGGATGAA	0	6941
ATAATCCACTCACGAG	0	6942
CACGTGGATCGATTAC	0	6943
CACGTGCGTAGATGAG	0	6944
AGAATCTCACCACGTG	0	6945
CACGTGGTTGGATGAA	0	6946
CACGTGTAGATATTAA	0	6947
CTCGTGAGCGGATTAA	0	6948
CACGTGTGCAGATGAC	0	6949
CACGTGTCGGGAGTAC	0	6950
ATAATGTAGTCACGTG	0	6951
CACGTGCCCAGAGTAG	0	6952
CACGTGGCCAGCTTAC	0	6953
CACGCGCTCGGATTAC	0	6954
CACGTGTGGAGATTCA	0	6955
CACGTGGGTGGGTTAG	0	6956
CACGTGGGTATATTAC	0	6957
CACGTGCTGAGTTTAA	0	6958
CCCGTGCTGAGATTAA	0	6959
CACGTGTCTGGAGTAA	0	6960
CACGTGACCACATTAA	0	6961
ATAATCTCTGCACGCG	0	6962
CACGTGTTTGCATTAG	0	6963
CACGTGGTGAGATCAA	0	6964
CACGTGAAGTGATTAG	0	6965
CGCGTGTTGGGATTAA	0	6966
CACGTGTAGGCATTAC	0	6967
ATAATCTGAACACGCG	0	6968
CACGTGCACACATTAG	0	6969
CACGTGTATGCATTAA	0	6970
CACGTTATCAGATTAG	0	6971
CACTTGCTCGGATTAG	0	6972
CACGTGGGTCGATTAG	0	6973
CACGTGTTAAGATAAC	0	6974
CACGGGCGAAGATTAC	0	6975
ATAATCTATTAACGTG	0	6976
ATAATCCATGCAAGTG	0	6977
CACGTGCCTGGACTAA	0	6978
CACGTGTTTAGATTCC	0	6979
CACGTGATTGGTTTAG	0	6980
CCCGTGATTGGATTAG	0	6981
CACGTGGGGGGATGAA	0	6982
ATCATCTGCCCACGTG	0	6983
CACGTTAACAGATTAA	0	6984
CACTTGCACGGATTAA	0	6985
CACGTGAAGGGTTTAC	0	6986
CCCGTGAAGGGATTAC	0	6987
CACGTGACCAGATTGG	0	6988
ATACTCCCGCCACGTG	0	6989
CACGGGCCGGGATTAA	0	6990
ATAATCTGGGCCCGTG	0	6991
CGCGTGAACGGATTAG	0	6992
ATAATCCACGCGCGTG	0	6993
CACGTGAATGGTTTAA	0	6994
CCCGTGAATGGATTAA	0	6995
CACGTGTGGGCATTAG	0	6996
CACGTGTATGGATTGG	0	6997
ATAATGCCTCCACGTG	0	6998
CACGTGTCAGGATGAC	0	6999
CACGCGCGCGGATTAA	0	7000
CACGTGAATAAATTAG	0	7001
CACGTGTTTATATTAG	0	7002
CACGTGTAGGGGTTAG	0	7003
CACGTGGTTGGATGAC	0	7004
CACGTGTAGATATTAC	0	7005
AGAATCTTGACACGTG	0	7006
ATTATCTTACCACGTG	0	7007
CACGTGACGGGAATAG	0	7008
CTCGTGAGCGGATTAC	0	7009
AGAATCTAACCACGTG	0	7010
CACGTGTATATATTAA	0	7011
CACGTGTGGAGATTCC	0	7012
ATAATCCGCACAAGTG	0	7013
CACGTGAGGGGTTTAG	0	7014
CCCGTGAGGGGATTAG	0	7015
CACGTGTGAAGATAAA	0	7016
CACGTGCTGAGTTTAC	0	7017
CCCGTGCTGAGATTAC	0	7018
CACGTGTCTGGAGTAC	0	7019
CACGTGACCACATTAC	0	7020
CACGTGGTAAGCTTAG	0	7021
CACGTGGTGAGATCAC	0	7022
CACGTGGTCAGATTCA	0	7023
CACGTGTAGCGATTAG	0	7024
CACGTGTCAAGATCAA	0	7025
CGCGTGTTGGGATTAC	0	7026
CGCGTGCTCAGATTAG	0	7027
CACGTGCTTAGTTTAA	0	7028
CCCGTGCTTAGATTAA	0	7029
ATAATCTATGCACGCG	0	7030
ATACTCTTTACACGTG	0	7031
CACGTGTACGGAATAG	0	7032
CACGTGGTTAGATCAA	0	7033
CAAATCCGGCCACGTG	0	7034
CACGTGAATTGATTAG	0	7035
CACGTGGAAAGCTTAA	0	7036
CGCGTGTTTGGATTAA	0	7037
CACGTGTATGCATTAC	0	7038
ATCATCCTGCCACGTG	0	7039
CGCGTGCACAGATTAA	0	7040
CACGTGCCTGGACTAC	0	7041
CACGTGTGGATATTAG	0	7042
ATAATATCTCCACGTG	0	7043
CACGTGGGGGGATGAC	0	7044
CACGTTAACAGATTAC	0	7045
CACTTGCACGGATTAC	0	7046
ATAGTCTTTGCACGTG	0	7047
CACGGGCCGGGATTAC	0	7048
AGAATCTCCCCACGTG	0	7049
CACGTGGGTGGATGAA	0	7050
CACGTGTTAGGACTAA	0	7051
CACGTGAATGGTTTAC	0	7052
CCCGTGAATGGATTAC	0	7053
CAAATCTTGTCACGTG	0	7054
CACGTGCCGAGAATAA	0	7055
ATACTCCAGCCACGTG	0	7056
CACGGGCCTGGATTAA	0	7057
ATAATCCCACCACGCG	0	7058
CACGCGCGCGGATTAC	0	7059
CACGTGACCAGGTTAG	0	7060
CACGTGGCCGGAGTAA	0	7061
CACGTGCGGAGTTTAA	0	7062
CCCGTGCGGAGATTAA	0	7063
CACGTGGTCGCATTAG	0	7064
CACGTGTGTGCATTAG	0	7065
CACGTGGGGAGATCAA	0	7066
ATAATGCATCCACGTG	0	7067
CACGTGCCAAGATTCG	0	7068
CGCGTGTGGGGATTAA	0	7069
ATAATCTGCACACGCG	0	7070
CACGTGTATGGGTTAG	0	7071
CACGTGGACGCATTAA	0	7072
CACGTGTATATATTAC	0	7073
CACGTGACTGGAATAG	0	7074
CACGTTAGCAGATTAG	0	7075
CACTTGCGCGGATTAG	0	7076
CACGTGTGAAGATAAC	0	7077
CACGTGGTGAAATTAA	0	7078
ATCATCTCGTCACGTG	0	7079
CACGTGGTCAGATTCC	0	7080
CACGTGTCAAGATCAC	0	7081
CACGTGACAAGAGTAA	0	7082
CACGTGTGTAGATTCC	0	7083
CACGTGATAACATTAG	0	7084
CACGTGAGTGGTTTAG	0	7085
CCCGTGAGTGGATTAG	0	7086
CACGTGCTTAGTTTAC	0	7087
CCCGTGCTTAGATTAC	0	7088
CACGTGTTGGGATGAG	0	7089
CACGTGCAAAGAGTAG	0	7090
CACGTGGTTAGATCAC	0	7091
CACGTGTATCGATTAG	0	7092
CACGTGTCGGGATAAA	0	7093
CACGTGGAAAGCTTAC	0	7094
CGCGTGTTTGGATTAC	0	7095
ATTATCTGGACACGTG	0	7096
CGCGTGCACAGATTAC	0	7097
CACGTGAAAACATTAA	0	7098
CACGTGGACGGATTGG	0	7099
CACGTGTAGGGATGAA	0	7100
ATCATCTGTACACGTG	0	7101
CACTTGATAGGATTAA	0	7102
CACGTGTCCAGCTTAG	0	7103
CACGTGGTCATATTAG	0	7104
CACGTGGTGTGATTAA	0	7105
CACGTGTGTATATTAG	0	7106
ATAATATATCCACGTG	0	7107
CACGTGGGTGGATGAC	0	7108
ATTATCTTCCCACGTG	0	7109
CACGTGTTAGGACTAC	0	7110
CACGTGGCGAGATTAA	0	7111
CACGTGCCGAGAATAC	0	7112
ATAAACTTGGCACGTG	0	7113
ATAATCTTGGCACGGG	0	7114
CACGTGGACATATTAA	0	7115
ATGATCTTGCCACGTG	0	7116
CACGGGCCTGGATTAC	0	7117
AGAATCTACCCACGTG	0	7118
ATAATCCTGACACGCG	0	7119
CACGTGGCCGGAGTAC	0	7120
CACGTGCCTAGAATAA	0	7121
CACGTGAAAAGATTGG	0	7122
CACGTGCGGAGTTTAC	0	7123
CCCGTGCGGAGATTAC	0	7124
CACGTGGGAAGCTTAG	0	7125
CACGTGGGGAGATCAC	0	7126
CACGTGGGCAGATTCA	0	7127
ATAATCCAACCACGCG	0	7128
CACGTTACAGGATTAG	0	7129
ATAATCTTTGCCCGTG	0	7130
CGCGTGTGGGGATTAC	0	7131
CGCGTGCGCAGATTAG	0	7132
CACGTGCGTAGTTTAA	0	7133
CCCGTGCGTAGATTAA	0	7134
CACGGGTTAGGATTAA	0	7135
CGCGTGGTCGGATTAA	0	7136
CACGTGGGTAGATCAA	0	7137
CACGTGGACGCATTAC	0	7138
CGCGTGTGTGGATTAA	0	7139
CACGTGGTGAAATTAC	0	7140
CACGTGTCAAAATTAA	0	7141
CACGTGACAAGAGTAC	0	7142
CACGTGGTTAAATTAA	0	7143
ATAGTCCTACCACGTG	0	7144
ATCATCTAGTCACGTG	0	7145
CACGTGTCGGGATAAC	0	7146
CACGTGCCCAGATAAG	0	7147
CACGTGACCAGATGAA	0	7148
CAAGTGCTAGGATTAA	0	7149
CACGTGTGAGGACTAA	0	7150
CGCGTGATAAGATTAA	0	7151
CACGTGAAAACATTAC	0	7152
CACGTGTTTGGATGAG	0	7153
ATAATCCGTTCACGAG	0	7154
CACGTGTCTGGATAAA	0	7155
CACGTGTAGGGATGAC	0	7156
CACGTGCACAGATGAG	0	7157
CACTTGATAGGATTAC	0	7158
CACGTGGTGTGATTAC	0	7159
CACGTGGGCGCATTAG	0	7160
CAAATCCTTCCACGTG	0	7161
CACGTGTCATGATTAA	0	7162
AGAATCTCTACACGTG	0	7163
CACGTGTATGGATGAA	0	7164
CACGTTCCAAGATTAA	0	7165
CACGTGTTGAGATCAG	0	7166
CACGTGGCGAGATTAC	0	7167
CACGTGGTTTGATTAA	0	7168
CACGTGGACGGGTTAG	0	7169
CACGTGGCAGGATTCA	0	7170
CACGTGGACATATTAC	0	7171
CGCGTGCCAGGATTAG	0	7172
CACGTGGCTAGATTAA	0	7173
CACGTGCCTAGAATAC	0	7174
CACGTGGGGAAATTAA	0	7175
CACGTGTAGAGATCAA	0	7176
ATTATCCCGCCACGTG	0	7177
CACGTGGGCAGATTCC	0	7178
CACGTGGTAGGAGTAG	0	7179
CACGTGAGAACATTAG	0	7180
CACGTGCGTAGTTTAC	0	7181
CCCGTGCGTAGATTAC	0	7182
CACGGGTTAGGATTAC	0	7183
ATAGTCTCATCACGTG	0	7184
CACGTGGACCGATTAG	0	7185
CACGTGTGGGGATGAG	0	7186
CTCGTGCTGGGATTAA	0	7187
ATAATCTGAGCACGAG	0	7188
CGCGTGGTCGGATTAC	0	7189
ATCATCCCTCCACGTG	0	7190
CACGTGGGTAGATCAC	0	7191
CACGTGTTAAGAATAA	0	7192
CGCGTGTGTGGATTAC	0	7193
CACGTGAAAAGGTTAG	0	7194
CACGTGGAAGGAGTAA	0	7195
CACGTGGCGGGCTTAG	0	7196
CACGTGTCAAAATTAC	0	7197
CACGTGGTTAAATTAC	0	7198
CACTTGAGAGGATTAA	0	7199
CACGTGGGCATATTAG	0	7200
CACGTGGGGTGATTAA	0	7201
ATAATCCGTGCGCGTG	0	7202
CAAATCTCTTCACGTG	0	7203
CACGTGACCAGATGAC	0	7204
CAAGTGCTAGGATTAC	0	7205
CACGTGTGAGGACTAC	0	7206
CGCGTGATAAGATTAC	0	7207
CACGTGTCTGGATAAC	0	7208
CACGTGACGAGATTCA	0	7209
ATAATCCTACCCCGTG	0	7210
CACGTGTCATGATTAC	0	7211
CACGTGCAGAGATTCG	0	7212
CACGTGTATGGATGAC	0	7213
ATTATCTTTACACGTG	0	7214
ATAATCCACCCACGCG	0	7215
ATAGTCCGGACACGTG	0	7216
CACGTTCCAAGATTAC	0	7217
CACGTGTTCAGATTCG	0	7218
CACGTGATGAGAGTAG	0	7219
ATAATTTTGCCACGTG	0	7220
CACGTGGTTTGATTAC	0	7221
CACGGGTGAGGATTAA	0	7222
AGAATCTATACACGTG	0	7223
CACGTGGCAGGATTCC	0	7224
CGCGTGGGCGGATTAA	0	7225
CACGTGTTTAGATCAG	0	7226
CACGTGGCTAGATTAC	0	7227
CACGTGGGGAAATTAC	0	7228
CACGTGTAAAGCTTAG	0	7229
CACGTGTAGAGATCAC	0	7230
CACGTGTACAGATTCA	0	7231
CACGTGAAGAGAGTAA	0	7232
CACGTGGGTAAATTAA	0	7233
ATAGTCCTCCCACGTG	0	7234
CACGTGTATAGATCAA	0	7235
CTCGTGCTGGGATTAC	0	7236
ATTATCCAGCCACGTG	0	7237
CACGTGTTAAGAATAC	0	7238
CACGTGGAAGGAGTAC	0	7239
CACGTGGTCGGATGAG	0	7240
CAAGTGCGAGGATTAA	0	7241
CGCGTGAGAAGATTAA	0	7242
ATAGTCTAATCACGTG	0	7243
CACGTGGCAGTATTAG	0	7244
CACGTGTGTGGATGAG	0	7245
CTCGTGCTTGGATTAA	0	7246
ATAATCTCAAAACGTG	0	7247
CACGTGGCCGGATAAA	0	7248
ATCATCCATCCACGTG	0	7249
CACGTGACGGCATTAG	0	7250
CACGTGGTAAGATTGA	0	7251
CACGTGGCTGGCTTAG	0	7252
CACTTGAGAGGATTAC	0	7253
CACGTGATCAGACTAA	0	7254
CACGTGGACGGATGAA	0	7255
CACGTGGGGTGATTAC	0	7256
ATAATCTCATCCCGTG	0	7257
CACGTGTCCGGAGTAG	0	7258
ACAATCTCGACACGTG	0	7259
ATAAACTCTGCACGTG	0	7260
ATAATCTCTGCACGGG	0	7261
CACGTGTGGAGATCAG	0	7262
ATGATCTCTCCACGTG	0	7263
CACGTGTTGGGTTTAA	0	7264
CCCGTGTTGGGATTAA	0	7265
CACGTGGGTTGATTAA	0	7266
ATAAACTGAACACGTG	0	7267
ATAATCTGAACACGGG	0	7268
ATAATCCCTACACGCG	0	7269
CACGTGATAAGATGAG	0	7270
CAAATCTATTCACGTG	0	7271
CACGTGACGAGATTCC	0	7272
ATAATCCGGTCAAGTG	0	7273
CACGTGACAAGATAAA	0	7274
CACGTGTACGCATTAG	0	7275
CACGTTAAGGGATTAG	0	7276
CACGTGTTGAAATTAG	0	7277
ATATTCTTACCACGTG	0	7278
CACGTGCAAAGATAAG	0	7279
CACGTGACTAGATTCA	0	7280
CACGTGGGAGGAGTAG	0	7281
CACGTGCCCGGACTAG	0	7282
CACGTGAAAAGATGAA	0	7283
CACGGGTGAGGATTAC	0	7284
ATAGTCTCCTCACGTG	0	7285
CACGTGCATAGATTCG	0	7286
CTCGTGCGGGGATTAA	0	7287
ATAATCTGCGCACGAG	0	7288
CGCGTGGGCGGATTAC	0	7289
CACGTGTGAAGAATAA	0	7290
CACGTGTAGAAATTAA	0	7291
CACGTGATTAGAGTAG	0	7292
CACGTGTACAGATTCC	0	7293
CACGTGAAGAGAGTAC	0	7294
CACGTGAACGGTTTAG	0	7295
CCCGTGAACGGATTAG	0	7296
CACGTGACGATATTAG	0	7297
CACGTGCCGACATTAA	0	7298
ATAATCCGGACCCGTG	0	7299
CACGTGGGTAAATTAC	0	7300
CACGTGTATAGATCAC	0	7301
CACGTGAATAGAGTAA	0	7302
CACGTGTTGTGATTAG	0	7303
CAAGTGCGAGGATTAC	0	7304
CGCGTGAGAAGATTAC	0	7305
CTCGTGCTTGGATTAC	0	7306
CACGTGGCCGGATAAC	0	7307
CACGTTCTGAGATTAG	0	7308
CACGTGTCGAGATTAG	0	7309
CACGTGGTAAGATTGC	0	7310
CACGTGGTGGGATTCG	0	7311
CACGTGTACATATTAG	0	7312
CACGTGTAGTGATTAA	0	7313
CACGTGATCAGACTAC	0	7314
ATAATCCTCCCCCGTG	0	7315
ATAATCTAAAAACGTG	0	7316
CACGTGGACGGATGAC	0	7317
ATAATCCTATCGCGTG	0	7318
CACGTGACTGCATTAG	0	7319
CACGTTCAGAGATTAA	0	7320
CACGTGCCGAGATTGG	0	7321
CGCGTGACGGGATTAA	0	7322
ATAATCCGGGCACTTG	0	7323
ATAATCTGGTCACGCG	0	7324
CACGTGTGCAGATTCG	0	7325
CACGTGAGGAGAGTAG	0	7326
CACGTGGAGGGATTCA	0	7327
CACGTTTTCAGATTAA	0	7328
AGAATCTGTCCACGTG	0	7329
CACGTGTTGGGTTTAC	0	7330
CCCGTGTTGGGATTAC	0	7331
CACGTGGGTTGATTAC	0	7332
ATAATCTAATCCCGTG	0	7333
CACGTGCTCAGTTTAG	0	7334
CCCGTGCTCAGATTAG	0	7335
CGCGTGCAGGGATTAG	0	7336
CACGTGGTAAGGTTAA	0	7337
ACAATCTAGACACGTG	0	7338
CACGTGGTCAGATCAG	0	7339
ATAAACTATGCACGTG	0	7340
ATAATCTATGCACGGG	0	7341
CACGTGACAAGATAAC	0	7342
CGCGTGTTCGGATTAG	0	7343
CACGTGTGTAGATCAG	0	7344
ATGATCTATCCACGTG	0	7345
CACGTGTTTGGTTTAA	0	7346
CCCGTGTTTGGATTAA	0	7347
CACGGGATCAGATTAA	0	7348
ATAATCCATACACGCG	0	7349
ATAATCCTGGCACGAG	0	7350
CACGTGTCCAGATTGA	0	7351
ATAACCTCGACACGTG	0	7352
CACGTGCACAGTTTAA	0	7353
CCCGTGCACAGATTAA	0	7354
CACGTGACTAGATTCC	0	7355
CACGTGAAAAGATGAC	0	7356
CACGTGGACAGATCAA	0	7357
CACGTTAATGGATTAG	0	7358
CGCGTGTACGGATTAA	0	7359
CACGTGGTGAGATTTA	0	7360
CACGTGTTTAAATTAG	0	7361
CTCGTGCGGGGATTAC	0	7362
CACGTGTGAAGAATAC	0	7363
CACGTGTAGAAATTAC	0	7364
CACGTGGGCGGATGAG	0	7365
ATAGTCTACTCACGTG	0	7366
CTCGTGCGTGGATTAA	0	7367
ATAATCTCCAAACGTG	0	7368
ATAATCCGAGCACCTG	0	7369
ATAATCCGAGCATGTG	0	7370
CACGTGTATAAATTAA	0	7371
ATAGTCCTTACACGTG	0	7372
CACGTGCCGACATTAC	0	7373
CACGTGGGAAGATTGA	0	7374
CACGGGCCCGGATTAG	0	7375
CACGTGAGCAGACTAA	0	7376
CACGTGAATAGAGTAC	0	7377
ATAAACCCACCACGTG	0	7378
ATAATCCCACCACGGG	0	7379
CACGTGTCGGGAATAA	0	7380
ATATTCTGGACACGTG	0	7381
CACGTGACTATATTAG	0	7382
ATAATCTCCTCCCGTG	0	7383
CACGTGCCTACATTAA	0	7384
CACGTGTGGGGTTTAA	0	7385
CCCGTGTGGGGATTAA	0	7386
ATAAACTGCACACGTG	0	7387
ATAATCTGCACACGGG	0	7388
CACGTGAGAAGATGAG	0	7389
CACGTGTTTTGATTAG	0	7390
CACGTGTCAGGATTCG	0	7391
CACGTGGTAGGATAAG	0	7392
CACGTGTAGTGATTAC	0	7393
CACGTTCTTAGATTAG	0	7394
CACGTGTCTAGATTAG	0	7395
CACGTGTGGAAATTAG	0	7396
ATATTCTTCCCACGTG	0	7397
CACGTTCAGAGATTAC	0	7398
ATAATTTCTCCACGTG	0	7399
CACGTGGTTGGATTCG	0	7400
CGCGTGACGGGATTAC	0	7401
CACGTGTATTGATTAA	0	7402
CACGTGGAGGGATTCC	0	7403
CACGTTTTCAGATTAC	0	7404
CACGTGGAAGGATAAA	0	7405
CACGTTCATAGATTAA	0	7406
CACGTGGTAAGGTTAC	0	7407
CACGTGCCTAGATTGG	0	7408
CGCGTGACTGGATTAA	0	7409
CACGTGAGTAGAGTAG	0	7410
CACGTGGATGGATTCA	0	7411
CACGTGTTTGGTTTAC	0	7412
CCCGTGTTTGGATTAC	0	7413
CACGGGATCAGATTAC	0	7414
CGCGTGCATGGATTAG	0	7415
CACGTGTAAGGAGTAG	0	7416
CACGTGTCCAGATTGC	0	7417
CACGTGCCGAGGTTAG	0	7418
CACGTGCACAGTTTAC	0	7419
CCCGTGCACAGATTAC	0	7420
CACGTGGACAGATCAC	0	7421
CGCGTGTACGGATTAC	0	7422
CACGTGGTGAGATTTC	0	7423
CACGTGTCAAGATTTA	0	7424
ATAACCTAGACACGTG	0	7425
ATAATCCTTTCAAGTG	0	7426
CACGTGGAGGTATTAG	0	7427
CACGTGTGGTGATTAG	0	7428
CACGTGACAGGACTAA	0	7429
CACGTGGTTAGATTTA	0	7430
CTCGTGCGTGGATTAC	0	7431
CACGTTCGGAGATTAG	0	7432
CACGTGTCCAGGTTAA	0	7433
CACGTGTATAAATTAC	0	7434
CACGTGCAAGGACTAG	0	7435
CACGTGGGAAGATTGC	0	7436
CACGTGGGGGGATTCG	0	7437
CACGTTGTGGGATTAA	0	7438
ATAATCTGACAACGTG	0	7439
CACGTGAGCAGACTAC	0	7440
CACGTGTCGGGAATAC	0	7441
CACGTGATGAGATAAG	0	7442
ATAAACCTGACACGTG	0	7443
ATAATCCTGACACGGG	0	7444
ATAATCTACAAACGTG	0	7445
CACGTGCCCAGAATAG	0	7446
ATAATCCTCTCGCGTG	0	7447
CACGTGCCTACATTAC	0	7448
ATAAACCAACCACGTG	0	7449
ATAATCCAACCACGGG	0	7450
CACGTGTCTGGAATAA	0	7451
CACGTTTGCAGATTAA	0	7452
CACGTGTGGGGTTTAC	0	7453
CCCGTGTGGGGATTAC	0	7454
CACGTGGCGGGATTGA	0	7455
ATAATCTACTCCCGTG	0	7456
CACGTGCGCAGTTTAG	0	7457
CCCGTGCGCAGATTAG	0	7458
ACAATCTGGCCACGTG	0	7459
CACGTGAAGAGATAAA	0	7460
CACGTGGGAAGGTTAA	0	7461
CACGTGGGCAGATCAG	0	7462
CACGTGGTCGGTTTAA	0	7463
CCCGTGGTCGGATTAA	0	7464
CGCGTGTGCGGATTAG	0	7465
ATAATCCGTCCACGCG	0	7466
CACGTGTTAACATTAA	0	7467
CACGTGTGTGGTTTAA	0	7468
CCCGTGTGTGGATTAA	0	7469
ATAATCTTAGCAAGTG	0	7470
CACGTGTATTGATTAC	0	7471
CACGTGGTCAAATTAG	0	7472
CACGTGGAAGGATAAC	0	7473
CACGTGACGGGATGAG	0	7474
CACGTGGGGAGATTTA	0	7475
CACGTGTGTAAATTAG	0	7476
CACGTTCATAGATTAC	0	7477
ATAATTTATCCACGTG	0	7478
CGCGTGACTGGATTAC	0	7479
CACGTGGATGGATTCC	0	7480
ATATTCCCGCCACGTG	0	7481
CACGTGGACAAATTAA	0	7482
CACGTGATAAGTTTAA	0	7483
CCCGTGATAAGATTAA	0	7484
ATAATCCGCGCACCTG	0	7485
ATAATCCGCGCATGTG	0	7486
ATAATCCTTGCACTTG	0	7487
ATAATCTTTTCACGCG	0	7488
CACGTGTCCGGATAAG	0	7489
CACGTGTTAAGATTGG	0	7490
ATAAACCCCCCACGTG	0	7491
ATAATCCCCCCACGGG	0	7492
CACGTGTCAAGATTTC	0	7493
CACGTGCCTAGGTTAG	0	7494
CACGTGTACGGATGAG	0	7495
CACGTGACAGGACTAC	0	7496
CACGTGGTTAGATTTC	0	7497
CACGTGTCCAGGTTAC	0	7498
CACGTGTAAAGATTGA	0	7499
CACGTGGTCTGATTAG	0	7500
CACGTGGATGTATTAG	0	7501
CACGTGTGTTGATTAG	0	7502
CACGTTGTGGGATTAC	0	7503
CACGTGGGAGGATAAG	0	7504
CACGTTTCAGGATTAA	0	7505
CACGTGGCCAGATTAG	0	7506
CACGTGCCAGGTTTAG	0	7507
CCCGTGCCAGGATTAG	0	7508
CACGTTCGTAGATTAG	0	7509
CACGTGGCAGGATCAG	0	7510
CACGTGGACTGATTAA	0	7511
CACGTGGGTGGATTCG	0	7512
CACGTTGTTGGATTAA	0	7513
CACGTGTCTGGAATAC	0	7514
CACGTTTGCAGATTAC	0	7515
CACGGGACAGGATTAA	0	7516
CACGTGATTAGATAAG	0	7517
CACGTGGCGGGATTGC	0	7518
CACGTGAAGAGATAAC	0	7519
CACGTGCCGAGATGAA	0	7520
CACGTGGGAAGGTTAC	0	7521
CACGGGCAAGGATTAG	0	7522
CACGTGGTCGGTTTAC	0	7523
CCCGTGGTCGGATTAC	0	7524
ATAATCCCTGCACGAG	0	7525
CACGTGTTAACATTAC	0	7526
ATATTCTTTACACGTG	0	7527
CACGTGTGTGGTTTAC	0	7528
CCCGTGTGTGGATTAC	0	7529
CACGGGAGCAGATTAC	0	7530
CACGTGGCTGGATTGA	0	7531
AAAATCTTGCCACGTG	0	7532
CACGTGAATAGATAAA	0	7533
ATAATCCGAACACGAG	0	7534
CACGTGGCGGGGTTAA	0	7535
ATAACCTGGCCACGTG	0	7536
CACGTGGGGAGATTTC	0	7537
CACGTGACTGGATGAG	0	7538
CACGTGGGTAGATTTA	0	7539
CACGTGGACAAATTAC	0	7540
CACGTGATAAGTTTAC	0	7541
CACGTTGGGGGATTAA	0	7542
ATATTCCAGCCACGTG	0	7543
ATAATCTGCCAACGTG	0	7544
CACGTGGCGCGATTAA	0	7545
CACGTGAGGAGATAAG	0	7546
CACGTGGCCGGAATAA	0	7547
CACGTGACGAGATCAG	0	7548
ATAATGTTACCACGTG	0	7549
ATAAACCACCCACGTG	0	7550
ATAATCCACCCACGGG	0	7551
CACGTGTAAAGATTGC	0	7552
CACGTGTAGGGATTCG	0	7553
CACGTGTTAAGGTTAG	0	7554
CACGTTTCAGGATTAC	0	7555
CACGTGGGCGGTTTAA	0	7556
CCCGTGGGCGGATTAA	0	7557
CACGTGTGAACATTAA	0	7558
ATAATCTTCGCAAGTG	0	7559
CACGTGGACTGATTAC	0	7560
CACGTTGTTGGATTAC	0	7561
CACGGGACAGGATTAC	0	7562
CACGTGGGCAAATTAG	0	7563
CACGTGTAAAGGTTAA	0	7564
CACGTGTACAGATCAG	0	7565
CACGTGCCGAGATGAC	0	7566
CACGTGACAAGAATAA	0	7567
CAAATCTCAACACGTG	0	7568
CACGTGCAAAGAATAG	0	7569
CACGTGGCTGGATTGC	0	7570
CACGTGATGGGACTAG	0	7571
CACGTGAATAGATAAC	0	7572
CACGTGCCTAGATGAA	0	7573
CTAATCCGAGCACGAG	0	7574
CACGTGAGAAGTTTAA	0	7575
CCCGTGAGAAGATTAA	0	7576
ATAATCCATGCACGAG	0	7577
CACGTGTAGAGATTTA	0	7578
CACGTGGCGGGGTTAC	0	7579
CACGTGTGAAGATTGG	0	7580
ACAATCTTTCCACGTG	0	7581
CACGTGAAGGGACTAA	0	7582
ATAGTCTGTTCACGTG	0	7583
CTCGTGCACGGATTAA	0	7584
ATAATCCTGCAACGTG	0	7585
CACGTGGCTGGGTTAA	0	7586
CACGTGGGTAGATTTC	0	7587
CACGTGGGCTGATTAG	0	7588
ATAAACCCTACACGTG	0	7589
ATAATCCCTACACGGG	0	7590
CACGTTGGGGGATTAC	0	7591
CACGTGGCGCGATTAC	0	7592
CACGTGTTGAGAGTAA	0	7593
CACGTGGCCGGAATAC	0	7594
CACGTTGGTGGATTAA	0	7595
CACGTGACCAGATTCG	0	7596
CACGTGGCTCGATTAA	0	7597
CACGTGAGTAGATAAG	0	7598
CACGTGTAAGGATAAG	0	7599
CACGTGACTAGATCAG	0	7600
CACGTGGGCGGTTTAC	0	7601
CCCGTGGGCGGATTAC	0	7602
CACGTGGCAGAATTAG	0	7603
CACGTGTGAACATTAC	0	7604
ATAATCCCATCACTTG	0	7605
CACGTGTATGGATTCG	0	7606
CACGTGCTGAGACTAA	0	7607
ATAATCCGCACACGAG	0	7608
CACGTGTAAAGGTTAC	0	7609
CACGTGAACAGAGTAG	0	7610
CACGTGACAAGAATAC	0	7611
CACGTGTCGGCATTAA	0	7612
ATAATGTGGACACGTG	0	7613
CACGTGGAAAGATTAG	0	7614
ATAATCTCGTAACGTG	0	7615
ATAATCCCGGCAAGTG	0	7616
CACGTGCCTAGATGAC	0	7617
CACGTGAGAAGTTTAC	0	7618
CCCGTGAGAAGATTAC	0	7619
CAAATCTAAACACGTG	0	7620
CACGTGTAGAGATTTC	0	7621
CACGTGATTGGACTAG	0	7622
CACGTTTTGGGATTAG	0	7623
CACGTGAAGGGACTAC	0	7624
CTCGTGCACGGATTAC	0	7625
CACGTGTTAAGATGAA	0	7626
CACGTGTATAGATTTA	0	7627
CACGTGGCTGGGTTAC	0	7628
ATAATGTTCCCACGTG	0	7629
CCCGTGACGGGATTAA	0	7630
ATAAACTGGTCACGTG	0	7631
ATAATCTGGTCACGGG	0	7632
CACGGGATGGGATTAG	0	7633
CACGTGAATGGACTAA	0	7634
CACGTTTAGGGATTAA	0	7635
ATAATCTGTAAACGTG	0	7636
CACGTGTCGGGATTGG	0	7637
CACGTGCAGGGTTTAG	0	7638
CCCGTGCAGGGATTAG	0	7639
CACGTGTGAAGGTTAG	0	7640
ATAACCTTTCCACGTG	0	7641
CACGTGGAGGGATCAG	0	7642
CACGTGTTGAGAGTAC	0	7643
CACGTGTTCGGTTTAG	0	7644
CCCGTGTTCGGATTAG	0	7645
CACGGGAAGGGATTAA	0	7646
ATAATCCATACACGGG	0	7647
ATAAACCATACACGTG	0	7648
ATAATCTGTTCCCGTG	0	7649
CACGTTGGTGGATTAC	0	7650
CACGTGGCTCGATTAC	0	7651
CACGTGTTTAGAGTAA	0	7652
CACGTGGTAGGAATAG	0	7653
CACGTGTACGGTTTAA	0	7654
CCCGTGTACGGATTAA	0	7655
CAAATCTCCACACGTG	0	7656
CACGTGTCGATATTAA	0	7657
AAAATCTCTCCACGTG	0	7658
CACGTGAGGGGACTAG	0	7659
CACGTGCTGAGACTAC	0	7660
CTAATCCGCGCACGAG	0	7661
CACGTGGAAGGAATAA	0	7662
CACGTGTACAAATTAG	0	7663
ATAATCCAATCACTTG	0	7664
ATAATCTCGGCACGCG	0	7665
CACGTGCTTAGACTAA	0	7666
CACGTGACGTGATTAG	0	7667
CACGTGTCGGCATTAC	0	7668
CACGTGCCCACATTAG	0	7669
CAAGTGATCGGATTAA	0	7670
ATACTCTCACCACGTG	0	7671
CACGGGCTGAGATTAA	0	7672
CACGTGTCTGCATTAA	0	7673
ATAATCTAGTAACGTG	0	7674
ATAATCCAGGCAAGTG	0	7675
CACGTGTGGAGAGTAA	0	7676
CTCGTGATAGGATTAA	0	7677
CACGTGTTAAGATGAC	0	7678
CACGTGTATAGATTTC	0	7679
CACGTTACCAGATTAA	0	7680
CACTTGCCCGGATTAA	0	7681
CACGTGACGGGTTTAC	0	7682
CCCGTGACGGGATTAC	0	7683
CACGTGTACTGATTAG	0	7684
CACGTTTTTGGATTAG	0	7685
CACGTGAATGGACTAC	0	7686
CACGTTTAGGGATTAC	0	7687
CACGTTCACAGATTAG	0	7688
CACGTGATGAGAATAG	0	7689
CGCGTGACCGGATTAG	0	7690
CACGTGACTGGTTTAA	0	7691
CCCGTGACTGGATTAA	0	7692
CACGTGGACGGATTCG	0	7693
CACGGGATTGGATTAG	0	7694
ATAATCCCCTCACTTG	0	7695
CACGTTTATGGATTAA	0	7696
CACGTGCGGAGACTAA	0	7697
CACGTGTCTGGATTGG	0	7698
CACGGGAAGGGATTAC	0	7699
ATAATGCCGCCACGTG	0	7700
CACGTGCATGGTTTAG	0	7701
CCCGTGCATGGATTAG	0	7702
CACGTGAAGAGAATAA	0	7703
CACGTGGATGGATCAG	0	7704
CACGTGTTTAGAGTAC	0	7705
CACGTGACTAAATTAG	0	7706
CACGTGTCGGGGTTAG	0	7707
CACGTGTACGGTTTAC	0	7708
CCCGTGTACGGATTAC	0	7709
CACGGGAATGGATTAA	0	7710
CACGTGTCGATATTAC	0	7711
CAAATCTGACCACGTG	0	7712
CAAATCTACACACGTG	0	7713
CACGTGTCTATATTAA	0	7714
CACGTGGAAGGAATAC	0	7715
CACGTGAAAAGATTCG	0	7716
ATCATCTTACCACGTG	0	7717
AAAATCTATCCACGTG	0	7718
CACGTGAGTGGACTAG	0	7719
CACGTTTGGGGATTAG	0	7720
CACGTGCTTAGACTAC	0	7721
ATAATCCCTCAACGTG	0	7722
CACGTGTCGCGATTAG	0	7723
CACGTGGACAGATTTA	0	7724
CACGTGTGAAGATGAA	0	7725
CAAGTGATCGGATTAC	0	7726
ATAATCTAGGCACGCG	0	7727
ATACTCTTGACACGTG	0	7728
CACGTGTCCGGAATAG	0	7729
CACGGGAGGGGATTAG	0	7730
CACGTGACTTGATTAG	0	7731
CACGTGGCAAGCTTAA	0	7732
CACGGGCTGAGATTAC	0	7733
CACGTGTCTGCATTAC	0	7734
ATACTCTAACCACGTG	0	7735
CGCGTGCCCAGATTAA	0	7736
CACGTGTGGAGAGTAC	0	7737
CACGTGTGCGGTTTAG	0	7738
CCCGTGTGCGGATTAG	0	7739
ATAAACCGTCCACGTG	0	7740
ATAATCCGTCCACGGG	0	7741
CACGGGCTTAGATTAA	0	7742
CTCGTGATAGGATTAC	0	7743
ATAATATCGCCACGTG	0	7744
ATAATGTTTACACGTG	0	7745
CACGTTACCAGATTAC	0	7746
CACGTGGTCAGAGTAA	0	7747
CACTTGCCCGGATTAC	0	7748
CACGTGTGTAGAGTAA	0	7749
CACGTGGGAGGAATAG	0	7750
ATAGTCTTGGCACGTG	0	7751
ATAATCCTAACAAGTG	0	7752
CACGTGGAGGAATTAG	0	7753
CACGTGACTGGTTTAC	0	7754
CCCGTGACTGGATTAC	0	7755
CACGTTTATGGATTAC	0	7756
CACGTGCGGAGACTAC	0	7757
CACGTGATTAGAATAG	0	7758
CACGTGAAGAGAATAC	0	7759
ATAAACTTTTCACGTG	0	7760
ATAATCTTTTCACGGG	0	7761
ATAATCCACTCACTTG	0	7762
CACGTGCGTAGACTAA	0	7763
CACGGGAATGGATTAC	0	7764
ATAATGCAGCCACGTG	0	7765
CACGTGAATAGAATAA	0	7766
CAAGTGAGCGGATTAA	0	7767
ATACTCTCCCCACGTG	0	7768
CACGTGTCTGGGTTAG	0	7769
CACGTGTTGAGATAAA	0	7770
CACGTGGCCGCATTAA	0	7771
CACGTGTCTATATTAC	0	7772
CACGGGCGGAGATTAA	0	7773
CACGTGGACAGATTTC	0	7774
CACGTGTGAAGATGAC	0	7775
CACGTTGTCGGATTAG	0	7776
CACGTGCCAAGAGTAG	0	7777
CACGTTTGTGGATTAG	0	7778
ATAATCCATCAACGTG	0	7779
CACGTGTCTCGATTAG	0	7780
CACGTGGCAAGCTTAC	0	7781
CACGCGCTAGGATTAC	0	7782
CACGTGAGGAGAATAG	0	7783
CGCGTGCCCAGATTAC	0	7784
CACGTGACAACATTAA	0	7785
CACGTTGACGGATTAA	0	7786
CACGGGAGTGGATTAG	0	7787
CACGTGGCCGGATTGG	0	7788
CACGTGTCGGGATGAA	0	7789
CACGGGCTTAGATTAC	0	7790
CACGTGAACAGATAAG	0	7791
ATCATCTGGACACGTG	0	7792
ATAATCTTAACACGCG	0	7793
CACGTGCAAACATTAG	0	7794
CACGTGGTCAGAGTAC	0	7795
CACGTGTGTAGAGTAC	0	7796
CACGTTATAAGATTAG	0	7797
ATAATATAGCCACGTG	0	7798
CACTTGCTAGGATTAG	0	7799
CAAATCTGCCCACGTG	0	7800
CACGTGGCCATATTAA	0	7801
CACGTGGATGAATTAG	0	7802
ATCATCTTCCCACGTG	0	7803
CACGTTAAAAGATTAA	0	7804
CACTTGCAAGGATTAA	0	7805
CACGTGCGTAGACTAC	0	7806
ATAATCTTGGCCCGTG	0	7807
CGCGTGAAAGGATTAG	0	7808
CACGTGAATAGAATAC	0	7809
CAAGTGAGCGGATTAC	0	7810
CACGTGTTGAGATAAC	0	7811
CACGTGGCCGCATTAC	0	7812
CACGGGCGGAGATTAC	0	7813
CACGCGCGAGGATTAA	0	7814
ATACTCTACCCACGTG	0	7815
CACGTGTTTAGATAAA	0	7816
CACGGGCGTAGATTAA	0	7817
CTCGTGAGAGGATTAC	0	7818
CACGTGGGCAGAGTAA	0	7819
ATAATCCTCACAAGTG	0	7820
CACGTGACAACATTAC	0	7821
CACGTTGACGGATTAC	0	7822
CACGTGGTAAGATTCA	0	7823
ATAATCCGGTCACGAG	0	7824
CACGTGTCGGGATGAC	0	7825
CACGTGCCCAGATGAG	0	7826
CGCGTGCTAAGATTAG	0	7827
CACGTGAGTAGAATAG	0	7828
CACGTGTAAGGAATAG	0	7829
CAAATCCTGCCACGTG	0	7830
AGAATCTCGACACGTG	0	7831
ATTATCTCACCACGTG	0	7832
CACGTGTCTGGATGAA	0	7833
CGCGTGCAAAGATTAA	0	7834
CACGTGGCCATATTAC	0	7835
CACGTGTGGAGATAAA	0	7836
CACGTTAAAAGATTAC	0	7837
CACTTGCAAGGATTAC	0	7838
CACGTGGTGAGCTTAG	0	7839
CACGTGTCGAGATCAA	0	7840
ATACTCTCTACACGTG	0	7841
CACGTTGGCGGATTAG	0	7842
CACGTGGAGAGCTTAA	0	7843
CACGTGGCCCGATTAG	0	7844
ATCATCCCGCCACGTG	0	7845
CACGCGCGAGGATTAC	0	7846
CACGTGACAAGGTTAG	0	7847
CACGTGGCAGGAGTAA	0	7848
CACGTGGTAGCATTAG	0	7849
CACGTGTTTAGATAAC	0	7850
CACGGGCGTAGATTAC	0	7851
ATAATCTTCACACGCG	0	7852
CACGTGGGCAGAGTAC	0	7853
ATAGTCTCTGCACGTG	0	7854
CACGTGGAAGCATTAA	0	7855
ATAATCCGGGCGCGTG	0	7856
CACGTGTTGGGACTAA	0	7857
CACGTTAGAAGATTAG	0	7858
CAAATCTCGTCACGTG	0	7859
CACTTGCGAGGATTAG	0	7860
ATAGTCTGAACACGTG	0	7861
CACGTGGTAAGATTCC	0	7862
CACGTGCCGAGATTCG	0	7863
CACGTGTCTGGATGAC	0	7864
ATTATCTTGACACGTG	0	7865
CGCGTGCAAAGATTAC	0	7866
CAAATCTGTACACGTG	0	7867
AGAATCTAGACACGTG	0	7868
ATTATCTAACCACGTG	0	7869
CACGTGGAAGGATTGG	0	7870
ATCATCTTTACACGTG	0	7871
CACGTGTGGAGATAAC	0	7872
CACGTGAACGGACTAG	0	7873
CACGTGTCAAGCTTAG	0	7874
CACGTGGTAATATTAG	0	7875
CACGTGTCGAGATCAC	0	7876
CACGTGTCCAGATTCA	0	7877
CACGTGACGAGAGTAA	0	7878
CACGTGGTCAGATAAA	0	7879
CACGTGATGACATTAG	0	7880
CACGTGTGTAGATAAA	0	7881
CACGTGCAGAGAGTAG	0	7882
CACGTGGTTAGCTTAG	0	7883
CACGTGTCTAGATCAA	0	7884
CACGTGGAGAGCTTAC	0	7885
CACGTGGAAATATTAA	0	7886
CACGTGTTCAGAGTAG	0	7887
CACGTGAAGACATTAA	0	7888
ATACTCTATACACGTG	0	7889
CACGTGGCAGGAGTAC	0	7890
CACGTGGATAGCTTAA	0	7891
ATCATCCAGCCACGTG	0	7892
CACGTGGGAAGATTCA	0	7893
CACTTGATGGGATTAA	0	7894
ATAATCTGATCAAGTG	0	7895
CACGTGTACAGAGTAA	0	7896
CGCGTGCGAAGATTAG	0	7897
CACGTGGCCGGATGAA	0	7898
CGCGTGGTAGGATTAA	0	7899
CACGTGGAAGCATTAC	0	7900
ATTATCTCCCCACGTG	0	7901
CACGTGTTGGGACTAC	0	7902
CACGTGCTCAGACTAG	0	7903
ATAAACTCGGCACGTG	0	7904
ATAATCTCGGCACGGG	0	7905
ATAGTCTATGCACGTG	0	7906
ATGATCTCGCCACGTG	0	7907
ATAATCCCGACACGCG	0	7908
CACGTGTTTGGACTAA	0	7909
CAAATCTAGTCACGTG	0	7910
CACGTGAAGAGATTGG	0	7911
ATAATCCGTTCACTTG	0	7912
CACGTGTCCGCATTAG	0	7913
CACGTGCACAGACTAA	0	7914
CACGTGGGGAGCTTAG	0	7915
CACGTTACGGGATTAG	0	7916
ATAATCTCTGCCCGTG	0	7917
CACGTGCCAAGATAAG	0	7918
CACGGGTTGGGATTAA	0	7919
CACGTGACAAGATGAA	0	7920
ATAATCTGAACCCGTG	0	7921
CACGTGCCTAGATTCG	0	7922
ATAATCCTTTCACGAG	0	7923
CACGTGCAAAGATGAG	0	7924
CACGTGTCGAAATTAA	0	7925
CACGTGTCCAGATTCC	0	7926
CACGTGACGAGAGTAC	0	7927
CACGTGGGAGCATTAG	0	7928
CACGTGGTCAGATAAC	0	7929
CACGTGACCGGTTTAG	0	7930
CCCGTGACCGGATTAG	0	7931
CACGTGTGTAGATAAC	0	7932
ATAGTCCCACCACGTG	0	7933
CACGTTTACGGATTAG	0	7934
CACGTGTCTAGATCAC	0	7935
CACGTGGAAGGGTTAG	0	7936
CACGTGATTACATTAG	0	7937
CACGTGGAAATATTAC	0	7938
CAAGTGCTGGGATTAA	0	7939
CACGTGTGGGGACTAA	0	7940
CGCGTGATGAGATTAA	0	7941
CACGTGAAGACATTAC	0	7942
ATAATCTGAGCACTTG	0	7943
ATAGTCTGCACACGTG	0	7944
CACGTGCATAGAGTAG	0	7945
CACGGGAACGGATTAG	0	7946
CACGTGGATAGCTTAC	0	7947
CACGTGGGAAGATTCC	0	7948
CACTTGATGGGATTAC	0	7949
CACGTGAATACATTAA	0	7950
CACGTGTACAGAGTAC	0	7951
CACGTGTCCATATTAG	0	7952
CAAATCCCTCCACGTG	0	7953
CACGTGTCGTGATTAA	0	7954
CACGTGGAACGATTAG	0	7955
CACGTGGCCGGATGAC	0	7956
ATAATCTTAGCACGAG	0	7957
CGCGTGGTAGGATTAC	0	7958
CACTTGATTGGATTAA	0	7959
CACGTTCCGAGATTAA	0	7960
CACGTGGCGGGATTCA	0	7961
AGAATCTGGCCACGTG	0	7962
CGCGTGCCGGGATTAG	0	7963
ATTATCTACCCACGTG	0	7964
CACGTGTTTGGACTAC	0	7965
ATAAACTAGGCACGTG	0	7966
ATAATCTAGGCACGGG	0	7967
CACGTGCACAGACTAC	0	7968
ATGATCTAGCCACGTG	0	7969
CACGTGGGAATATTAG	0	7970
CACGTGGTGGGAGTAG	0	7971
CACGTGGGCAGATAAA	0	7972
ATAATCCAGACACGCG	0	7973
ATAATCCTTGCGCGTG	0	7974
CACGTGAGGACATTAG	0	7975
CACGTGCCCAGTTTAA	0	7976
CCCGTGCCCAGATTAA	0	7977
CACGTGAATAGATTGG	0	7978
CACGGGTTGGGATTAC	0	7979
CACGTGACAAGATGAC	0	7980
CACGGGCTCAGATTAG	0	7981
CACGTGGCCAGATCAA	0	7982
CACGTGGGTAGCTTAG	0	7983
CACGTGTTGAGAATAA	0	7984
CACGTTACTGGATTAG	0	7985
CGCGTGTCCGGATTAA	0	7986
ATAATCTATGCCCGTG	0	7987
CACGTGTGCAGAGTAG	0	7988
CACGTGAAGAGGTTAG	0	7989
CACGTGGAGGGAGTAA	0	7990
ATACTCTGTCCACGTG	0	7991
CACGTGTCGAAATTAC	0	7992
CACGGGTTTGGATTAA	0	7993
CACGGGCACAGATTAA	0	7994
CACGTGTCTAAATTAA	0	7995
ATAGTCCTGACACGTG	0	7996
CACTTGAGGGGATTAA	0	7997
ATAATCTGCTCAAGTG	0	7998
CACGTGTTAAGATTCG	0	7999
CACGTGACTAGAGTAC	0	8000
CGCGTGGGAGGATTAA	0	8001
ATAGTCCAACCACGTG	0	8002
CAAGTGCTGGGATTAC	0	8003
CACGTGTGGGGACTAC	0	8004
CGCGTGATGAGATTAC	0	8005
CACGTGCGCAGACTAG	0	8006
CACGTGTAAAGATTCA	0	8007
CACGTGAACAGAATAG	0	8008
CACGTGGTCGGACTAA	0	8009
CAAGTGCTTGGATTAA	0	8010
CACGTGTGTGGACTAA	0	8011
CGCGTGATTAGATTAA	0	8012
CACGTGAATACATTAC	0	8013
ATAATCCCACCCCGTG	0	8014
CACGTGTCGTGATTAC	0	8015
ATTATCTCTACACGTG	0	8016
CACTTGATTGGATTAC	0	8017
CACGTTCCGAGATTAC	0	8018
ATAATTTCGCCACGTG	0	8019
CACGGGTGGGGATTAA	0	8020
CACGTGGTAGGATGAG	0	8021
CAAATCCATCCACGTG	0	8022
CACGTGTCTTGATTAA	0	8023
ATAATCTGCACCCGTG	0	8024
CACGTGGCGGGATTCC	0	8025
CACGTGGCAGGATAAA	0	8026
CACGTTCCTAGATTAA	0	8027
CACGTGTAGAGCTTAG	0	8028
CACGTGATAAGACTAA	0	8029
CACGTGGCTGGATTCA	0	8030
CACGTGGAAGGATGAA	0	8031
CACGTGGGCAGATAAC	0	8032
CGCGTGCCTGGATTAG	0	8033
CACGTGTCAGGAGTAG	0	8034
CACGTGCCCAGTTTAC	0	8035
CCCGTGCCCAGATTAC	0	8036
ATAGTCCCCCCACGTG	0	8037
CACGTGGCCAGATCAC	0	8038
CACGTGTTGAGAATAC	0	8039
CACGTGGTTGGAGTAG	0	8040
CGCGTGTCCGGATTAC	0	8041
ATAAACTTAACACGTG	0	8042
ATAATCTTAACACGGG	0	8043
CACGTGAGTACATTAG	0	8044
CACGTGGAGGGAGTAC	0	8045
ATAATCCTGTCAAGTG	0	8046
CACGGGTTTGGATTAC	0	8047
CAAGTGCGGGGATTAA	0	8048
ATAATCTGCGCACTTG	0	8049
CACGTGGCGGTATTAG	0	8050
CACGTGTAAGCATTAG	0	8051
CACGTGTTTAGAATAA	0	8052
CACGGGCACAGATTAC	0	8053
CACGTGGTGAGATTGA	0	8054
CACGTGAATAGGTTAG	0	8055
CACGTGGATGGAGTAA	0	8056
CACGTGTCTAAATTAC	0	8057
CACTTGAGGGGATTAC	0	8058
CACGTGCCAGGACTAG	0	8059
ATAATCTTCGCACGAG	0	8060
CGCGTGGGAGGATTAC	0	8061
CACTTGAGTGGATTAA	0	8062
CACGTGTAAAGATTCC	0	8063
CACGTGATGAGATGAG	0	8064
CACGTGAAAGGTTTAG	0	8065
CCCGTGAAAGGATTAG	0	8066
CACGTGGTCGGACTAC	0	8067
CACGTGACGAGATAAA	0	8068
CAAGTGCTTGGATTAC	0	8069
CACGTGTGTGGACTAC	0	8070
CGCGTGATTAGATTAC	0	8071
ATAATCCTGACCCGTG	0	8072
ATATTCTCACCACGTG	0	8073
ATAATCCGGCCACGCG	0	8074
CACGTGCAGAGATAAG	0	8075
CACGTGGGGGGAGTAG	0	8076
CACGTGAAGAGATGAA	0	8077
ATAATCCAACCCCGTG	0	8078
CACGTGTTCAGATAAG	0	8079
CACGGGTGGGGATTAC	0	8080
CACGTGTCTTGATTAC	0	8081
CACGGGCGCAGATTAG	0	8082
ATTATCTATACACGTG	0	8083
CACGTGGCAGGATAAC	0	8084
CACGTGTGGAGAATAA	0	8085
CACGTTCCTAGATTAC	0	8086
ATAATTTAGCCACGTG	0	8087
CACGGGTGTGGATTAA	0	8088
CACGTGTAAATATTAG	0	8089
CACGTGATAAGACTAC	0	8090
CACGTGGCTGGATTCC	0	8091
CACGTGTACAGATAAA	0	8092
CACGTGGAAGGATGAC	0	8093
CACGTGGCCAAATTAA	0	8094
ATAATCCTGGCACTTG	0	8095
ATAATCTTGTCACGCG	0	8096
CACGTGTGAAGATTCG	0	8097
CACGTTTTAAGATTAA	0	8098
AGAATCTTTCCACGTG	0	8099
CACGTGCTAAGTTTAG	0	8100
CCCGTGCTAAGATTAG	0	8101
ATAGTCCACCCACGTG	0	8102
CACGTGGTAAGATCAG	0	8103
CAAGTGCGGGGATTAC	0	8104
CACGTGTCCGGATGAG	0	8105
CGCGTGAGGAGATTAC	0	8106
CGCGTGTTAGGATTAG	0	8107
CACGTGTTTAGAATAC	0	8108
CACGGGATAAGATTAA	0	8109
CACGTGGTGAGATTGC	0	8110
CACGTGGGCGGACTAA	0	8111
CACGTGTCAAGATTGA	0	8112
CACGTGGATGGAGTAC	0	8113
CACGTGCAAAGTTTAA	0	8114
CCCGTGCAAAGATTAA	0	8115
CAAGTGCGTGGATTAA	0	8116
CGCGTGAGTAGATTAA	0	8117
CACGTGGCTGTATTAG	0	8118
ATAATCCCCCCCCGTG	0	8119
CACGTGGAAAGATCAA	0	8120
ATAATCCCATCGCGTG	0	8121
CGCGTGTAAGGATTAA	0	8122
CACGTGGTTAGATTGA	0	8123
CACTTGAGTGGATTAC	0	8124
CACGTGGCCTGATTAA	0	8125
CACGTGGGAGGATGAG	0	8126
CACGTGGTGAGGTTAA	0	8127
CACGTGACGAGATAAC	0	8128
ATAATCCTAGCACCTG	0	8129
ATAATCCTAGCATGTG	0	8130
CACGGGCCAGGATTAG	0	8131
ATAATCCCGGCACGAG	0	8132
CACGTGAGAAGACTAA	0	8133
CACGTGATTAGATGAG	0	8134
ATATTCTTGACACGTG	0	8135
CACGTGACTAGATAAA	0	8136
CACGTGAAGAGATGAC	0	8137
ATATTCTAACCACGTG	0	8138
CACGTGCATAGATAAG	0	8139
CACGTGTGGAGAATAC	0	8140
CACGTGGGTGGAGTAG	0	8141
ATAAACTTCACACGTG	0	8142
ATAATCTTCACACGGG	0	8143
CACGTGAATAGATGAA	0	8144
CACGGGGTCGGATTAC	0	8145
CACGGGTGTGGATTAC	0	8146
CACGTGGTCAGAATAA	0	8147
CACGTGTACAGATAAC	0	8148
CACGTGTGTAGAATAA	0	8149
ATAGTCCCTACACGTG	0	8150
CACGTGGGGAGATTGA	0	8151
CACGTGGCCAAATTAC	0	8152
CACGTTTTAAGATTAC	0	8153
CACGGGATAAGATTAC	0	8154
CACGTGAGGAGATGAG	0	8155
CACGTGGGCGGACTAC	0	8156
CACGTGTCAAGATTGC	0	8157
CACGTGCAAAGTTTAC	0	8158
CCCGTGCAAAGATTAC	0	8159
CACGTGTCGGGATTCG	0	8160
CACGTGGTGGGATAAG	0	8161
CAAGTGCGTGGATTAC	0	8162
CGCGTGAGTAGATTAC	0	8163
CACGTGGAAAGATCAC	0	8164
CGCGTGTAAGGATTAC	0	8165
ATATTCTCCCCACGTG	0	8166
CACGTGGTTAGATTGC	0	8167
ATAATCCACCCCCGTG	0	8168
CACGTGGCCTGATTAC	0	8169
CACGTGTGCAGATAAG	0	8170
CACGTGGAGGGATAAA	0	8171
ATAATCCAATCGCGTG	0	8172
CACGTGGTGAGGTTAC	0	8173
CACGTGTCAAGGTTAA	0	8174
CACGTGTCCAGATCAG	0	8175
CACGGGGGCGGATTAA	0	8176
CACGCGATCGGATTAA	0	8177
ATAATCTTACAACGTG	0	8178
CACGTGAGAAGACTAC	0	8179
CACGTGTAGGGAGTAG	0	8180
CACGTGGTTAGGTTAA	0	8181
CACGTGCCAAGAATAG	0	8182
CACGTGACTAGATAAC	0	8183
CACGTGGACAGCTTAG	0	8184
ATAATCCAGGCACGAG	0	8185
CACGTTTGAAGATTAA	0	8186
CACGTGTCGAGATTTA	0	8187
ATAATCCCTTCAAGTG	0	8188
CACGTGCGAAGTTTAG	0	8189
CCCGTGCGAAGATTAG	0	8190
ACAATCTTGCCACGTG	0	8191
CACGTGAATAGATGAC	0	8192
CACGTGGGAAGATCAG	0	8193
ATAGTCTGGTCACGTG	0	8194
CTCGTGCCCGGATTAA	0	8195
CACGTGGTAGGTTTAA	0	8196
CACGTGGTCAGAATAC	0	8197
CGCGTGTGAGGATTAG	0	8198
ATAATCCTTCCACGCG	0	8199
CACGTGTGTAGAATAC	0	8200
CACGGGAGAAGATTAA	0	8201
CACGTGCAGGGACTAG	0	8202
CACGTGGGGAGATTGC	0	8203
CACGTGTTCGGACTAG	0	8204
ATAAACCCGACACGTG	0	8205
ATAATCCCGACACGGG	0	8206
CACGTGGTAAAATTAG	0	8207
ATAATCCCCTCGCGTG	0	8208
ATAGTCCATACACGTG	0	8209
CACGTGGGTAGATTGA	0	8210
CACGTGTACGGACTAA	0	8211
CACGTGGGGAGGTTAA	0	8212
CACGTGGAAAAATTAA	0	8213
ATAATCCCTACCCGTG	0	8214
ATAATCCTCGCACCTG	0	8215
ATAATCCTCGCATGTG	0	8216
CACGTGTCAGGATAAG	0	8217
CACGTGTTGACATTAA	0	8218
CACGTGAGTAGATGAG	0	8219
ATAATCTCAGCAAGTG	0	8220
CACGTGTCTGGATTCG	0	8221
CACGTGGTTGGATAAG	0	8222
CACGTGTAAGGATGAG	0	8223
CACGTGGAGGGATAAC	0	8224
ATATTCTACCCACGTG	0	8225
CACGTGTCAAGGTTAC	0	8226
CACGTGGTATGATTAG	0	8227
CACGTGACCAGAGTAG	0	8228
CACGGGGGCGGATTAC	0	8229
CACGTGGATGGATAAA	0	8230
CACGCGATCGGATTAC	0	8231
CACGTGGGCAGAATAA	0	8232
CACGTGGTTAGGTTAC	0	8233
CACGTGGCAAGATTAG	0	8234
CACGTGATGAGTTTAA	0	8235
CCCGTGATGAGATTAA	0	8236
ATAATCCCTGCACTTG	0	8237
ATAATCTCTTCACGCG	0	8238
CACGTGGAATGATTAA	0	8239
CACGTGTTGAGATTGG	0	8240
ATAATCCGAACACTTG	0	8241
CACGTGTATGGAGTAG	0	8242
CACGTGAACACATTAG	0	8243
CACGTTTGAAGATTAC	0	8244
CACGTGTCGAGATTTC	0	8245
CACGTGACGGGACTAC	0	8246
CACTTGATCGGATTAG	0	8247
CTCGTGCCCGGATTAC	0	8248
CCCGTGGTAGGATTAC	0	8249
CACGTGGTAGGTTTAC	0	8250
CACGTGTCTAGATTTA	0	8251
CACGTGTAGAGATTGA	0	8252
CACGGGAGAAGATTAC	0	8253
ATAATCCATTCAAGTG	0	8254
ATAATCCTAACACGAG	0	8255
CACGTGACTGGACTAA	0	8256
CACGTGGGGGGATAAG	0	8257
CACGTTTCGGGATTAA	0	8258
ATAATCTGGAAACGTG	0	8259
CACGTGCCGGGTTTAG	0	8260
CCCGTGCCGGGATTAG	0	8261
CACTTGAACGGATTAA	0	8262
ATAACCTTGCCACGTG	0	8263
CACGTGCATGGACTAG	0	8264
CACGTGGCGGGATCAG	0	8265
CACGTGGGTAGATTGC	0	8266
CACGGGACGGGATTAA	0	8267
ATAAACCAGACACGTG	0	8268
ATAATCCAGACACGGG	0	8269
ATAATCTGGTCCCGTG	0	8270
ATAATCCACTCGCGTG	0	8271
CACGTGTACGGACTAC	0	8272
CACGTGGGGAGGTTAC	0	8273
CACGTGGAAAAATTAC	0	8274
CACGGGCAGGGATTAG	0	8275
CACGTGTCCGGTTTAA	0	8276
CCCGTGTCCGGATTAA	0	8277
CACGTGTTGACATTAC	0	8278
ATATTCTCTACACGTG	0	8279
CACGCGAGCGGATTAA	0	8280
CACGGGTTCGGATTAG	0	8281
ATAATCTTCCAACGTG	0	8282
AAAATCTCGCCACGTG	0	8283
CACGTGGGTAGGTTAA	0	8284
ATAATCCATACCCGTG	0	8285
CACGTGTTTACATTAA	0	8286
CACGTGGCAGGAATAA	0	8287
CACGTGTCCAAATTAG	0	8288
ATAATCTAAGCAAGTG	0	8289
CACGGGTACGGATTAA	0	8290
CACGTGGATGGATAAC	0	8291
CACGTGGGAGGTTTAA	0	8292
CCCGTGGGAGGATTAA	0	8293
CACGTGGGCAGAATAC	0	8294
CACTTGCTCAGATTAA	0	8295
CACGTGATGAGTTTAC	0	8296
CCCGTGATGAGATTAC	0	8297
CACGTGGAATGATTAC	0	8298
CAAGTGCTCGGATTAG	0	8299
CACGTGTGCGGACTAG	0	8300
CGCGTGATCAGATTAG	0	8301
ATAGTCCGTCCACGTG	0	8302
CCCGTGATTAGATTAA	0	8303
CACGTGGGAAAATTAG	0	8304
ATAATCCATGCACTTG	0	8305
ATAATCTATTCACGCG	0	8306
CACGTGTAAAGATCAG	0	8307
CACGTGTTTAGATTGG	0	8308
ATAATGTCACCACGTG	0	8309
CACGTGTCTAGATTTC	0	8310
CACGTGTAGAGATTGC	0	8311
CAAGTGCACGGATTAA	0	8312
CGCGTGAACAGATTAA	0	8313
CACGTGTCCTGATTAG	0	8314
CTAATCCTAGCACGAG	0	8315
CACGTGACTGGACTAC	0	8316
CACGTGTTGAGGTTAG	0	8317
CACGTTTCGGGATTAC	0	8318
CACGTTCCCAGATTAG	0	8319
CACGTGTGGACATTAA	0	8320
CACGTGTATAGATTGA	0	8321
CACTTGAACGGATTAC	0	8322
CACGTGGCCGGATTCG	0	8323
ATAATCTCCGCAAGTG	0	8324
CACGTGGGTGGATAAG	0	8325
CACGTTTCTGGATTAA	0	8326
ATAGTCTTTTCACGTG	0	8327
CTCGTGCAAGGATTAA	0	8328
CACGGGACGGGATTAC	0	8329
CACGTGCCTGGTTTAG	0	8330
CCCGTGCCTGGATTAG	0	8331
CACGTGTAGAGGTTAA	0	8332
CACGTGACGAGAATAA	0	8333
CACGTGGCTGGATCAG	0	8334
CACGTGGGATGATTAG	0	8335
CACGTGTCCGGTTTAC	0	8336
CCCGTGTCCGGATTAC	0	8337
CACGGGACTGGATTAA	0	8338
CACGTGCAGAGAATAG	0	8339
CACGCGAGCGGATTAC	0	8340
CACGTGGGTAGGTTAC	0	8341
CACGTGAGGAGTTTAA	0	8342
CCCGTGAGGAGATTAA	0	8343
CACGTGTTCAGAATAG	0	8344
CACGGGCATGGATTAG	0	8345
CACGTGTTTACATTAC	0	8346
ATATTCTATACACGTG	0	8347
CACGTGGACGGAGTAG	0	8348
CACGTGGCAGGAATAC	0	8349
CACGTGACAAGATTCG	0	8350
CACGTGTGGAGATTGG	0	8351
AAAATCTAGCCACGTG	0	8352
ATAATCCGCACACTTG	0	8353
ACAATCTCTCCACGTG	0	8354
CACGGGTACGGATTAC	0	8355
ATAATCCCGCAACGTG	0	8356
CACGTGTACAGAATAA	0	8357
CACGTGGCCAGATTTA	0	8358
CACTTGAGCGGATTAG	0	8359
CACGTGGGAGGTTTAC	0	8360
CCCGTGGGAGGATTAC	0	8361
CACTTGCTCAGATTAC	0	8362
ATAATCCTCACACGAG	0	8363
CACGTGATTAGTTTAC	0	8364
CCCGTGATTAGATTAC	0	8365
CACGTGAAAAGAGTAG	0	8366
ATAAACCGGCCACGTG	0	8367
ATAATCCGGCCACGGG	0	8368
ATAATGTTGACACGTG	0	8369
CAAGTGCACGGATTAC	0	8370
CGCGTGAACAGATTAC	0	8371
CACGTGTAGGGATAAG	0	8372
ATAATGTAACCACGTG	0	8373
CACGTGGCGGAATTAG	0	8374
CACGTGTGGACATTAC	0	8375
CACGTGTATAGATTGC	0	8376
CACGGGTGCGGATTAG	0	8377
ATAATCCGTCCCCGTG	0	8378
CACGTGTTTAGGTTAG	0	8379
CACGTTTCTGGATTAC	0	8380
CACGTGGTCACATTAA	0	8381
CTCGTGCAAGGATTAC	0	8382
CACGTGTGTACATTAA	0	8383
CACGTGTAGAGGTTAC	0	8384
CACGTGACGAGAATAC	0	8385
ATAAACTTGTCACGTG	0	8386
ATAATCTTGTCACGGG	0	8387
ATAATCTACGCAAGTG	0	8388
ATAATCTTTAAACGTG	0	8389
CACGGGACTGGATTAC	0	8390
CACGTGGAGAGATTAG	0	8391
CACGTGTATAGGTTAA	0	8392
CACGTGACTAGAATAA	0	8393
CACTTGCGCAGATTAA	0	8394
CACGTGAGGAGTTTAC	0	8395
CCCGTGAGGAGATTAC	0	8396
CACGTGTTAGGTTTAG	0	8397
CCCGTGTTAGGATTAG	0	8398
CACGTGCATAGAATAG	0	8399
ATAATCTTTTCCCGTG	0	8400
CAAGTGCGCGGATTAG	0	8401
CGCGTGAGCAGATTAG	0	8402
CACGTGAGTAGTTTAA	0	8403
CCCGTGAGTAGATTAA	0	8404
CACGTGTTGAGATGAA	0	8405
CACGTGTAAGGTTTAA	0	8406
CCCGTGTAAGGATTAA	0	8407
CACGTGTACAGAATAC	0	8408
CACGTGGCCAGATTTC	0	8409
CACGTGTGTAGATTGG	0	8410
ATAATGTCCCCACGTG	0	8411
ACAATCTATCCACGTG	0	8412
ATAATCCAGCAACGTG	0	8413
CTAATCCTCGCACGAG	0	8414
CACGTGTGGAGGTTAG	0	8415
CACGTGGACAGATTGA	0	8416
CACGTGTAAAAATTAG	0	8417
ATAACCTCTCCACGTG	0	8418
CACGTTGCCGGATTAA	0	8419
CAAGTGATAGGATTAA	0	8420
CACGTGGTGGGAATAG	0	8421
CACGTGAACAGATGAG	0	8422
CACGTGTATGGATAAG	0	8423
CACGTGTGCAGAATAG	0	8424
CACGTGGAGGGAATAA	0	8425
CACGTGGTCACATTAC	0	8426
ATATTCTGTCCACGTG	0	8427
CACGTGGCTGAATTAG	0	8428
CACGTGTGTACATTAC	0	8429
CACGTTACAAGATTAA	0	8430
CACTTGCCAGGATTAA	0	8431
CACGTGTAATGATTAG	0	8432
CACGTTCAAAGATTAG	0	8433
CACGTGTATAGGTTAC	0	8434
CGCGTGACAGGATTAG	0	8435
CACGTGACTAGAATAC	0	8436
CACTTGCGCAGATTAC	0	8437
CACGTGGAAGGATTCG	0	8438
CACGTGGATAGATTAG	0	8439
CACGTGAGTAGTTTAC	0	8440
CCCGTGAGTAGATTAC	0	8441
CTCGTGATGGGATTAA	0	8442
ATAATCTGATCACGAG	0	8443
CACGTGTTGAGATGAC	0	8444
CACGTGTAAGGTTTAC	0	8445
CCCGTGTAAGGATTAC	0	8446
CAAATCTTACCACGTG	0	8447
CACGTGTTTAGATGAA	0	8448
ATAATGTACCCACGTG	0	8449
CACGTGGACAGATTGC	0	8450
CACGTGGTCAGGTTAG	0	8451
CACGTTGCCGGATTAC	0	8452
ATAATCCGTTCGCGTG	0	8453
CACGTGTGTAGGTTAG	0	8454
CACGTGGGCACATTAA	0	8455
CACGTGGAAAGATTTA	0	8456
ATAACCTATCCACGTG	0	8457
CAAGTGATAGGATTAC	0	8458
CACGTGTCAGGAATAG	0	8459
CACGTGGACAGGTTAA	0	8460
CACGTGGTTGGAATAG	0	8461
CGCGTGCCAAGATTAA	0	8462
CACGTGTGAGGTTTAG	0	8463
CCCGTGTGAGGATTAG	0	8464
CACGTGGAGGGAATAC	0	8465
CACGTGAAGAGATTCG	0	8466
ATCATCTCACCACGTG	0	8467
ATAAACCTTCCACGTG	0	8468
ATAATCCTTCCACGGG	0	8469
CACGTTACAAGATTAC	0	8470
CACGTGGTAAGAGTAA	0	8471
CACTTGCCAGGATTAC	0	8472
CACGTGGATGGAATAA	0	8473
CACGTGGGCAGATTGG	0	8474
CACGTGTGGAGATGAA	0	8475
ATACTCTCGACACGTG	0	8476
CACGTGGCGAGCTTAA	0	8477
CACGCGCTGGGATTAA	0	8478
ATAATCTGAGCGCGTG	0	8479
CTCGTGATGGGATTAC	0	8480
ATAATGTCTACACGTG	0	8481
CAAGTGAGAGGATTAA	0	8482
CACGTGGGGGGAATAG	0	8483
ATAGTCTCGGCACGTG	0	8484
CTCGTGATTGGATTAA	0	8485
ATAATCCCAACAAGTG	0	8486
CACGTGTTTAGATGAC	0	8487
CACGTGGCAGCATTAA	0	8488
CACGTGGACGGATAAG	0	8489
CACGTGGGCACATTAC	0	8490
CACGTGGAAAGATTTC	0	8491
ATAAACTCTTCACGTG	0	8492
ATAATCTCTTCACGGG	0	8493
CACGTTGTAGGATTAG	0	8494
CACGTGGACAGGTTAC	0	8495
CGCGTGCCAAGATTAC	0	8496
CAAATCTGGACACGTG	0	8497
CACGTTGAAGGATTAA	0	8498
CACGTGGCAGGATTGG	0	8499
CACGTGAAAAGATAAG	0	8500
ATCATCTTGACACGTG	0	8501
CACGTGACCGGACTAG	0	8502
CACGTGGTAAGAGTAC	0	8503
CACGTGGATGGAATAC	0	8504
CACGTGAATAGATTCG	0	8505
ATCATCTAACCACGTG	0	8506
CTCGTGAGGGGATTAA	0	8507
ATAATCTGCTCACGAG	0	8508
CACGTGTGGAGATGAC	0	8509
CACGTGCCGAGAGTAG	0	8510
CACGTGGTCAGATGAA	0	8511
CACGTGGCGAGCTTAC	0	8512
CACGCGCTGGGATTAC	0	8513
CAAATCTTCCCACGTG	0	8514
CACGTGGCAATATTAA	0	8515
CACGTGTGTAGATGAA	0	8516
CACGTGACGACATTAA	0	8517
ATACTCTAGACACGTG	0	8518
CACGTGGCTAGCTTAA	0	8519
CACGCGCTTGGATTAA	0	8520
CACGTGGGCAGGTTAG	0	8521
ATAATCTCAACACGCG	0	8522
CACGTGCAGACATTAG	0	8523
CACGTGTCCAGAGTAA	0	8524
CACGTGTTCACATTAG	0	8525
CAAGTGAGAGGATTAC	0	8526
CTCGTGATTGGATTAC	0	8527
CACGTTATGAGATTAG	0	8528
CACTTGCTGGGATTAG	0	8529
ATAATGTATACACGTG	0	8530
CACGTGGCAGCATTAC	0	8531
CACGTGGGTGGAATAG	0	8532
ATAGTCTAGGCACGTG	0	8533
ATAATCCAAACAAGTG	0	8534
CACGTGTACACATTAA	0	8535
ATCATCTCCCCACGTG	0	8536
CACGTTAAGAGATTAA	0	8537
CACTTGCAGGGATTAA	0	8538
ATAATCTGTGCAAGTG	0	8539
CACGTGACGAGATTGG	0	8540
CACGTGGGAAGAGTAA	0	8541
CACGTGCCCAGACTAA	0	8542
CACTTGTTCGGATTAA	0	8543
CACGTGATCAGTTTAG	0	8544
CCCGTGATCAGATTAG	0	8545
ATAATCTCGGCCCGTG	0	8546
CGCGTGAAGGGATTAG	0	8547
ATAAACTATTCACGTG	0	8548
ATAATCTATTCACGGG	0	8549
CACGTTGAAGGATTAC	0	8550
ATAATCCTGTCACGAG	0	8551
CACGCGCGGGGATTAA	0	8552
ATAATCTGCGCGCGTG	0	8553
CACGTGCCAAGATGAG	0	8554
CACGTGAACAGTTTAA	0	8555
CCCGTGAACAGATTAA	0	8556
CACGTGTACAGATTGG	0	8557
CTCGTGAGGGGATTAC	0	8558
CACGTTTCCGGATTAG	0	8559
CACGTGGCAGGGTTAG	0	8560
CACGTGGTCAGATGAC	0	8561
CTCGTGAGTGGATTAA	0	8562
ATAATCCCCACAAGTG	0	8563
CACGTGGCAATATTAC	0	8564
CACGTGTGTAGATGAC	0	8565
ATAATCCGATCACCTG	0	8566
ATAATCCGATCATGTG	0	8567
CACGTGACGACATTAC	0	8568
CACGTGCCTAGAGTAG	0	8569
CACGGGACCGGATTAG	0	8570
CACGTGGTGAGATTCA	0	8571
CACGTGGCTAGCTTAC	0	8572
CACGCGCTTGGATTAC	0	8573
CGCGTGCTGAGATTAG	0	8574
CACGTGACTACATTAA	0	8575
CACGTGTCCAGAGTAC	0	8576
CACGTGTAGGGAATAG	0	8577
CACGTTGGAGGATTAG	0	8578
CAAATCCCGCCACGTG	0	8579
CACGTGGCACGATTAG	0	8580
ATAATCTAAACACGCG	0	8581
CACGTGCATACATTAG	0	8582
CGCGTGCAGAGATTAA	0	8583
CACGTTATTAGATTAG	0	8584
CGCGTGTTCAGATTAA	0	8585
CACTTGCTTGGATTAG	0	8586
CACGTGTACACATTAC	0	8587
CACGTTAAGAGATTAC	0	8588
CACTTGCAGGGATTAC	0	8589
CACGTGGGAAGAGTAC	0	8590
CACGTGCCCAGACTAC	0	8591
CACTTGTTCGGATTAC	0	8592
ATAATCCTGGCGCGTG	0	8593
ATCATCTACCCACGTG	0	8594
CACGTTAATAGATTAA	0	8595
CACTTGCATGGATTAA	0	8596
CACGTGACTAGATTGG	0	8597
ATAGTCTTAACACGTG	0	8598
ATAATCTAGGCCCGTG	0	8599
CGCGTGAATGGATTAG	0	8600
CACGTGGGCAGATGAA	0	8601
CACGCGCGGGGATTAC	0	8602
CACGTGACGAGGTTAG	0	8603
CACGTGAACAGTTTAC	0	8604
CCCGTGAACAGATTAC	0	8605
CACGTGGCGGGAGTAA	0	8606
ATACTCTGGCCACGTG	0	8607
CACGTGGTGGCATTAG	0	8608
CACGGGCCCAGATTAA	0	8609
CACGCGCGTGGATTAA	0	8610
ATAATCTCCACACGCG	0	8611
CACGTGTGCACATTAG	0	8612
CACGTGGAGGCATTAA	0	8613
CAAATCTTTACACGTG	0	8614
ATAATGTGTCCACGTG	0	8615
CTCGTGAGTGGATTAC	0	8616
CACGTTAGGAGATTAG	0	8617
CACTTGCGGGGATTAG	0	8618
CACGTGAAAGGACTAG	0	8619
CACGTGGTGAGATTCC	0	8620
ATAATCCGACCAAGTG	0	8621
CACGTGTACAGGTTAG	0	8622
CACGTGTCAAGATTCA	0	8623
CACGTGGTAAGATAAA	0	8624
ATAATCCACACAAGTG	0	8625
CACGTGACCAGAATAG	0	8626
CACGTGACTACATTAC	0	8627
CACGTGGTTAGATTCA	0	8628
CACTTGTGCGGATTAA	0	8629
ATTATCTCGACACGTG	0	8630
CGCGTGCTTAGATTAG	0	8631
CACGTGTTAAGAGTAG	0	8632
CCCGTGAGCAGATTAG	0	8633
CGCGTGCAGAGATTAC	0	8634
CACGTGTATGGAATAG	0	8635
CAAATCCAGCCACGTG	0	8636
CACGTGGAGGGATTGG	0	8637
CGCGTGTTCAGATTAC	0	8638
ATCATCTCTACACGTG	0	8639
CGCGTGCATAGATTAA	0	8640
ATAATCTTATCAAGTG	0	8641
CACGTGTAAAGAGTAA	0	8642
CACGTGTCGAGCTTAG	0	8643
CACGTGGTGATATTAG	0	8644
CACGTGGCAGGATGAA	0	8645
CACGTTAATAGATTAC	0	8646
CACTTGCATGGATTAC	0	8647
CACGTGCTAAGACTAG	0	8648
CACGTGGAGATATTAA	0	8649
CACGTGGGCAGATGAC	0	8650
CACGTGGCGGGAGTAC	0	8651
ATAATCCGCTCACCTG	0	8652
ATAATCCGCTCATGTG	0	8653
ATAATCCTTTCACTTG	0	8654
CACGTGTCAGCATTAG	0	8655
CACGTGCAAAGACTAA	0	8656
CACGTGGGGAGATTCA	0	8657
CACGGGCCCAGATTAC	0	8658
CACGCGCGTGGATTAC	0	8659
CACGTGACTAGGTTAG	0	8660
CGCGTGCGGAGATTAG	0	8661
CACGTGGCTGGAGTAA	0	8662
CACGTGGTTGCATTAG	0	8663
ATAATCTTAACCCGTG	0	8664
CGCGTGGTGGGATTAA	0	8665
CACGTGGAGGCATTAC	0	8666
ATAATCTGACCACGCG	0	8667
ATAATCTACACACGCG	0	8668
CACGTGGATGCATTAA	0	8669
CACGTGTCAAGATTCC	0	8670
CACGTGGTAAGATAAC	0	8671
CACGTGACAGGTTTAG	0	8672
CCCGTGACAGGATTAG	0	8673
CACGTTAGTAGATTAG	0	8674
CGCGTGTGCAGATTAA	0	8675
CACTTGCGTGGATTAG	0	8676
CACGTTTAAGGATTAG	0	8677
CACGTGGTTAGATTCC	0	8678
CACTTGTGCGGATTAC	0	8679
CACGTGCCGAGATAAG	0	8680
CACGTGACGAGATGAA	0	8681
ATAATCTTAGCACTTG	0	8682
ATAGTCTTCACACGTG	0	8683
CACGGGAAAGGATTAG	0	8684
ATAATCCCTTCACGAG	0	8685
ATTATCTAGACACGTG	0	8686
CACGTGCAGAGATGAG	0	8687
CGCGTGCATAGATTAC	0	8688
CACGTGTAAAGAGTAC	0	8689
CACGTGTTCAGATGAG	0	8690
CACGTGGGGGCATTAG	0	8691
CACGTGTCAATATTAG	0	8692
CACGTGGATGGATTGG	0	8693
CACGTGTCCAGATAAA	0	8694
ATCATCTATACACGTG	0	8695
CACGTGGCAGGATGAC	0	8696
CACGTGTCTAGCTTAG	0	8697
CACGTGGTTATATTAG	0	8698
CACGTGGAGGGGTTAG	0	8699
CACGTGTACAGATGAA	0	8700
CACGTGGAGATATTAC	0	8701
AGAATCTTGCCACGTG	0	8702
CACGTGCAAAGACTAC	0	8703
CACGTGGATATATTAA	0	8704
CACGTGGGGAGATTCC	0	8705
ATAATCCGCCCAAGTG	0	8706
CACGTGGGAAGATAAA	0	8707
CACGTGGCTGGAGTAC	0	8708
CACGTGCCAAGTTTAA	0	8709
CCCGTGCCAAGATTAA	0	8710
CACGGGCTAAGATTAG	0	8711
CACGTGGAGCGATTAG	0	8712
CACGTGGCAAGATCAA	0	8713
ATAATCTCAGCACGAG	0	8714
CGCGTGGTGGGATTAC	0	8715
CACGTGGGTAGATTCA	0	8716
CGCGTGTCAGGATTAA	0	8717
CGCGTGCGTAGATTAG	0	8718
CACGTGTGAAGAGTAG	0	8719
ATACTCTTTCCACGTG	0	8720
CACGTGGACGGAATAG	0	8721
CGCGTGGTTGGATTAA	0	8722
CACGTGGATGCATTAC	0	8723
CACGGGCAAAGATTAA	0	8724
CGCGTGTGCAGATTAC	0	8725
ATAATCTTCTCAAGTG	0	8726
CACGTGGGGATATTAG	0	8727
ATAATCCCTGCGCGTG	0	8728
CACGTGACGAGATGAC	0	8729
ATAATCCGAACGCGTG	0	8730
CACGTGCGAAGACTAG	0	8731
CACGTGCCTAGATAAG	0	8732
CACGTGAAAAGAATAG	0	8733
CACGTGGTAGGACTAA	0	8734
CACGTGACTAGATGAA	0	8735
CTAATCCGATCACGAG	0	8736
ATAATCCATTCACGAG	0	8737
CACGTGTCCAGATAAC	0	8738
CACGTGCATAGATGAG	0	8739
ATAGTCCCGACACGTG	0	8740
CACGTGTTGAGATTCG	0	8741
CACGTGGGTGCATTAG	0	8742
CTCGTGAACGGATTAA	0	8743
ATAATCTTCACCCGTG	0	8744
CACGTGTACAGATGAC	0	8745
CGCGTGGGGGGATTAA	0	8746
ATAATCTGCCCACGCG	0	8747
CACGTGTAGAGATTCA	0	8748
CACGTGGATGGGTTAG	0	8749
CACGTGGATATATTAC	0	8750
CACGTGGGAAGATAAC	0	8751
CACGTGCCAAGTTTAC	0	8752
CCCGTGCCAAGATTAC	0	8753
CACGTGGCAAGATCAC	0	8754
CACGTGGGTAGATTCC	0	8755
CGCGTGTCAGGATTAC	0	8756
CACGTGGTGGGATGAG	0	8757
ATAATCTTCGCACTTG	0	8758
CACGTGGATCGATTAG	0	8759
CACGTGGCGGGATAAA	0	8760
ATAATCTAAGCACGAG	0	8761
CGCGTGGTTGGATTAC	0	8762
ATTATCTGGCCACGTG	0	8763
CACGGGCAAAGATTAC	0	8764
CACGTGATGAGACTAA	0	8765
CACGTGTGCAGATGAG	0	8766
CTCGTGCTCAGATTAA	0	8767
CACGTGGAGGGATGAA	0	8768
ATCATCTGTCCACGTG	0	8769
CACGTGTCGGGAGTAG	0	8770
CACGTGGCCAGCTTAG	0	8771
CACGCGCTCGGATTAG	0	8772
CACGTGGGTATATTAG	0	8773
ATAAACTCAACACGTG	0	8774
ATAATCTCAACACGGG	0	8775
ATAATCCATGCGCGTG	0	8776
CACGTGGTAGGACTAC	0	8777
ATAATCCCGTCAAGTG	0	8778
CACGTGACTAGATGAC	0	8779
CACGTGTAGGCATTAG	0	8780
CACGCGCACGGATTAA	0	8781
ATAATCCTGCCACGCG	0	8782
CACGTGCCGGGACTAG	0	8783
CACGTGTTAAGATAAG	0	8784
CTCGTGAACGGATTAC	0	8785
CACGGGCGAAGATTAG	0	8786
ATAATCTCCGCACGAG	0	8787
CGCGTGGGGGGATTAC	0	8788
ATAGTCCAGACACGTG	0	8789
CACGTGTTTAGATTCG	0	8790
CACGGGGTAGGATTAA	0	8791
CACGTGTAGAGATTCC	0	8792
ATAATCCGTACAAGTG	0	8793
CACGTGAAGGGTTTAG	0	8794
CCCGTGAAGGGATTAG	0	8795
CACGTGTAAAGATAAA	0	8796
CGCGTGGGTGGATTAA	0	8797
CACGTGTCCGGACTAA	0	8798
CACGTGGCAAAATTAA	0	8799
ATAATCCCGACCCGTG	0	8800
CACGTGTATAGATTCA	0	8801
ATAATCCGCACGCGTG	0	8802
CACGTGTCAGGATGAG	0	8803
CACGTGGCGGGATAAC	0	8804
CACGTGGGAGGACTAA	0	8805
CACGTGGTTGGATGAG	0	8806
CACGTGTAGATATTAG	0	8807
CACGTGATGAGACTAC	0	8808
CTAATCCGCTCACGAG	0	8809
CACGTGGCTGGATAAA	0	8810
CTCGTGCTCAGATTAC	0	8811
CACGTGGAGGGATGAC	0	8812
ATAATCCCGGCACTTG	0	8813
ATAATCTCGTCACGCG	0	8814
CACGTGATTAGACTAA	0	8815
CACGTGTGGAGATTCG	0	8816
CACGTTTTGAGATTAA	0	8817
CACGTGGCATGATTAA	0	8818
AGAATCTCTCCACGTG	0	8819
CACGTGGATGGATGAA	0	8820
CACGTGCTGAGTTTAG	0	8821
CCCGTGCTGAGATTAG	0	8822
CACGTGTCTGGAGTAG	0	8823
CACGTGACCACATTAG	0	8824
CACGTGGTGAGATCAG	0	8825
CGCGTGTTGGGATTAG	0	8826
CACGGGATGAGATTAA	0	8827
ATAAACTAAACACGTG	0	8828
ATAATCTAAACACGGG	0	8829
CACGCGCACGGATTAC	0	8830
CACGTGTCGAGATTGA	0	8831
CACGTGCAGAGTTTAA	0	8832
CCCGTGCAGAGATTAA	0	8833
ATAATCCAGTCAAGTG	0	8834
CACGTGTATGCATTAG	0	8835
CACGTGGAGAGATCAA	0	8836
CACGTGTTCAGTTTAA	0	8837
CCCGTGTTCAGATTAA	0	8838
CGCGTGTAGGGATTAA	0	8839
ATAATCTGTACACGCG	0	8840
CACTTGACCGGATTAA	0	8841
CACGTGCCTGGACTAG	0	8842
CACGGGGTAGGATTAC	0	8843
CACGTGGGGGGATGAG	0	8844
CACGTTAACAGATTAG	0	8845
CACTTGCACGGATTAG	0	8846
CACGTGGTAAGAATAA	0	8847
CACGTGTAAAGATAAC	0	8848
ATAATCTACGCACGAG	0	8849
CGCGTGGGTGGATTAC	0	8850
CACGTGTCCGGACTAC	0	8851
ATAATCCCAGCACCTG	0	8852
ATAATCCCAGCATGTG	0	8853
CACGTGGCAAAATTAC	0	8854
CACGGGCCGGGATTAG	0	8855
CACGTGTATAGATTCC	0	8856
CACGTGAGGAGACTAA	0	8857
CACGTGAATGGTTTAG	0	8858
CCCGTGAATGGATTAG	0	8859
ATATTCTCGACACGTG	0	8860
CTCGTGCGCAGATTAA	0	8861
ATAATCCAGACCCGTG	0	8862
CACGCGCGCGGATTAG	0	8863
ATAAACTCCACACGTG	0	8864
ATAATCTCCACACGGG	0	8865
CACGGGTCCGGATTAA	0	8866
CACGTGGGAGGACTAC	0	8867
CACGTGGCTGGATAAC	0	8868
CACGTGTATATATTAG	0	8869
CACGTGATTAGACTAC	0	8870
CACGTTTTGAGATTAC	0	8871
CACGTGGCATGATTAC	0	8872
CACGTGTGAAGATAAG	0	8873
CACGTGGATGGATGAC	0	8874
ATTATCTTTCCACGTG	0	8875
ATAGTCCGGCCACGTG	0	8876
CACGTGGTCAGATTCG	0	8877
ATAATCCAGGCACTTG	0	8878
ATAATCTAGTCACGCG	0	8879
CACGTGTCAAGATCAG	0	8880
CACGGGGGAGGATTAA	0	8881
CACGTTTTTAGATTAA	0	8882
AGAATCTATCCACGTG	0	8883
CACGGGATGAGATTAC	0	8884
CACGTGCTTAGTTTAG	0	8885
CCCGTGCTTAGATTAG	0	8886
CACGCGATAGGATTAA	0	8887
CACGTGTCGAGATTGC	0	8888
CACGTGCAGAGTTTAC	0	8889
CCCGTGCAGAGATTAC	0	8890
CAAGTGCCCGGATTAA	0	8891
CACGTGGTTAGATCAG	0	8892
CGCGTGACCAGATTAA	0	8893
CACGTGGAAAGCTTAG	0	8894
CGCGTGTTTGGATTAG	0	8895
CACGTGGAGAGATCAC	0	8896
CACGTGGACAGATTCA	0	8897
CACGTGTTCAGTTTAC	0	8898
CCCGTGTTCAGATTAC	0	8899
CACGGGATTAGATTAA	0	8900
CGCGTGTAGGGATTAC	0	8901
CGCGTGCACAGATTAG	0	8902
CACGTGTCTAGATTGA	0	8903
CACTTGACCGGATTAC	0	8904
CACGTGCATAGTTTAA	0	8905
CCCGTGCATAGATTAA	0	8906
CACGTGGATAGATCAA	0	8907
ATAGTCTTGTCACGTG	0	8908
CGCGTGTATGGATTAA	0	8909
CTCGTGCCAGGATTAA	0	8910
CACGTGGTAAGAATAC	0	8911
CACGTGTCGAGGTTAA	0	8912
CACGTGGGTGGATGAG	0	8913
ATAATCTCACAACGTG	0	8914
CACGTGAGGAGACTAC	0	8915
CACGTGTTAGGACTAG	0	8916
CACGTGCCGAGAATAG	0	8917
CTCGTGCGCAGATTAC	0	8918
ATAATCCAAGCACCTG	0	8919
ATAATCCAAGCATGTG	0	8920
CACGGGCCTGGATTAG	0	8921
CACGTGAGTAGACTAA	0	8922
CACGTTTGGAGATTAA	0	8923
ATATTCTAGACACGTG	0	8924
CACGTGGCCGGAGTAG	0	8925
CACGTGCGGAGTTTAG	0	8926
CCCGTGCGGAGATTAG	0	8927
CACATGCTCGGATTAA	0	8928
CAGGTGCTCGGATTAA	0	8929
GACGTGCTCGGATTAA	0	8930
ACAATCTCGCCACGTG	0	8931
CACGTGTAAGGACTAA	0	8932
CACGGGTCCGGATTAC	0	8933
CACGTGGGGAGATCAG	0	8934
CACGTGGTGGGTTTAA	0	8935
CCCGTGGTGGGATTAA	0	8936
CGCGTGTGGGGATTAG	0	8937
ATAAACTGACCACGTG	0	8938
ATAATCTGACCACGGG	0	8939
CACGTGTCCAGAATAA	0	8940
ATAATCCCTCCACGCG	0	8941
CACGGGAGGAGATTAA	0	8942
ATAAACTACACACGTG	0	8943
ATAATCTACACACGGG	0	8944
CACGTGGACGCATTAG	0	8945
CACGTGGTGAAATTAG	0	8946
CACGTGTGCAGTTTAA	0	8947
CCCGTGTGCAGATTAA	0	8948
CACGTGACAAGAGTAG	0	8949
CACGGGGGAGGATTAC	0	8950
CACGTTTTTAGATTAC	0	8951
CACGCGATAGGATTAC	0	8952
CACGTGGGAAGAATAA	0	8953
CACGTGGAGAAATTAA	0	8954
CAAGTGCCCGGATTAC	0	8955
CGCGTGACCAGATTAC	0	8956
ATAATCCCCGCACCTG	0	8957
ATAATCCCCGCATGTG	0	8958
CACGTGTCGGGATAAG	0	8959
CACGTGGACAGATTCC	0	8960
CACGGGATTAGATTAC	0	8961
ATAATCCTAACACTTG	0	8962
CACGTGAAAACATTAG	0	8963
CACGTGTCTAGATTGC	0	8964
CACGTGCATAGTTTAC	0	8965
CCCGTGCATAGATTAC	0	8966
ATAATCCGGCCCCGTG	0	8967
CACGTGTAGGGATGAG	0	8968
CACGTGGATAGATCAC	0	8969
CGCGTGTATGGATTAC	0	8970
CACTTGATAGGATTAG	0	8971
CTCGTGCCAGGATTAC	0	8972
CACGTGTCGAGGTTAC	0	8973
CACGTGGTGTGATTAG	0	8974
ATAATCTTGAAACGTG	0	8975
CACGTGGCGAGATTAG	0	8976
CACGTGTCTAGGTTAA	0	8977
CACTTGAAAGGATTAA	0	8978
CACGTGGACATATTAG	0	8979
CACGTGGAGTGATTAA	0	8980
ATAATCTAACAACGTG	0	8981
CACGTGAGTAGACTAC	0	8982
CACGTTTGGAGATTAC	0	8983
CACGTGCCTAGAATAG	0	8984
ATAATCTTGTCCCGTG	0	8985
CACATGCTCGGATTAC	0	8986
CAGGTGCTCGGATTAC	0	8987
GACGTGCTCGGATTAC	0	8988
CACGTGTAAGGACTAC	0	8989
CACGTGGGCAGATTCG	0	8990
CACGTTGTCAGATTAA	0	8991
CACGTGGTGGGTTTAC	0	8992
CCCGTGGTGGGATTAC	0	8993
CACGTGTCAGGTTTAA	0	8994
CCCGTGTCAGGATTAA	0	8995
CACGTGTCCAGAATAC	0	8996
CACGTTTGTAGATTAA	0	8997
CACGGGAGGAGATTAC	0	8998
CACGTGCGTAGTTTAG	0	8999
CCCGTGCGTAGATTAG	0	9000
CACGCGAGAGGATTAA	0	9001
CACGGGTTAGGATTAG	0	9002
ACAATCTAGCCACGTG	0	9003
ATAATCCCAACACGAG	0	9004
CGCGTGGTCGGATTAG	0	9005
CACGTGGGTAGATCAG	0	9006
CACGTGGTTGGTTTAA	0	9007
CCCGTGGTTGGATTAA	0	9008
CGCGTGTGTGGATTAG	0	9009
ATAATCCATCCACGCG	0	9010
CACGTGTGCAGTTTAC	0	9011
CCCGTGTGCAGATTAC	0	9012
CACGGGAGTAGATTAA	0	9013
CACGTGGCCAGATTGA	0	9014
ATAACCTCGCCACGTG	0	9015
CACGGGTAAGGATTAA	0	9016
CGCGTGGACGGATTAA	0	9017
CACGTGGTTAAATTAG	0	9018
CACGTGGGAAGAATAC	0	9019
CACGTGGAGAAATTAC	0	9020
CACTTGCTAAGATTAA	0	9021
ATAATCTCCCAACGTG	0	9022
CACGTGACCAGATGAG	0	9023
CAAGTGCTAGGATTAG	0	9024
CACGTGTGAGGACTAG	0	9025
CGCGTGATAAGATTAG	0	9026
CACGTGGATAAATTAA	0	9027
ATAGTCCTTCCACGTG	0	9028
ATAATCCACGCACCTG	0	9029
ATAATCCACGCATGTG	0	9030
CACGTGTCTGGATAAG	0	9031
CACGTGGCGGGAATAA	0	9032
ATATTCTGGCCACGTG	0	9033
CACATGCGCGGATTAA	0	9034
CAGGTGCGCGGATTAA	0	9035
GACGTGCGCGGATTAA	0	9036
CAAGTGCAAGGATTAA	0	9037
CGCGTGAAAAGATTAA	0	9038
CACGTGTCATGATTAG	0	9039
CACGTGTATGGATGAG	0	9040
CACGTGGGGGGTTTAA	0	9041
CCCGTGGGGGGATTAA	0	9042
ATAAACTGCCCACGTG	0	9043
ATAATCTGCCCACGGG	0	9044
CACGTTCCAAGATTAG	0	9045
CACGTGTCTAGGTTAC	0	9046
CACGTGGTTTGATTAG	0	9047
CACTTGAAAGGATTAC	0	9048
CACGTGGCAGGATTCG	0	9049
CACGTGGAGTGATTAC	0	9050
CACGTGGCTAGATTAG	0	9051
CACGTGGGGAAATTAG	0	9052
CACGTGTAGAGATCAG	0	9053
CACGTGGATTGATTAA	0	9054
CACGTTGTCAGATTAC	0	9055
CACGTGTCAGGTTTAC	0	9056
CCCGTGTCAGGATTAC	0	9057
CACGTTTGTAGATTAC	0	9058
CACGCGAGAGGATTAC	0	9059
CTAATCCCAGCACGAG	0	9060
CACGTGTTAAGAATAG	0	9061
CACGTGGTTGGTTTAC	0	9062
CCCGTGGTTGGATTAC	0	9063
CACGTGGAAGGAGTAG	0	9064
CACGGGAGTAGATTAC	0	9065
ATAATCCTCACACTTG	0	9066
ATAATCCAAACACGAG	0	9067
CACGGGTAAGGATTAC	0	9068
ATAGTCTCTTCACGTG	0	9069
CTCGTGCAGGGATTAA	0	9070
ATAATCTGTGCACGAG	0	9071
CGCGTGGACGGATTAC	0	9072
CACGTGTAAAGAATAA	0	9073
ATAATCCGGTCGCGTG	0	9074
CACGTGGCAAGATTTA	0	9075
ATAACCTAGCCACGTG	0	9076
CACTTGAGAGGATTAG	0	9077
CTCGTGTTCGGATTAA	0	9078
CACTTGCTAAGATTAC	0	9079
CACGTGGGGTGATTAG	0	9080
CACGTGGCCAGGTTAA	0	9081
CACGTGGATAAATTAC	0	9082
CACGTGGCGGGAATAC	0	9083
CACGTGACGAGATTCG	0	9084
ATAAACCTGCCACGTG	0	9085
ATAATCCTGCCACGGG	0	9086
ATAATCTACCAACGTG	0	9087
CACATGCGCGGATTAC	0	9088
CAGGTGCGCGGATTAC	0	9089
GACGTGCGCGGATTAC	0	9090
CAAGTGCAAGGATTAC	0	9091
CGCGTGAAAAGATTAC	0	9092
CACGTGGCTGGAATAA	0	9093
CACGTTGGCAGATTAA	0	9094
CACGTGGGGGGTTTAC	0	9095
CCCGTGGGGGGATTAC	0	9096
CACGGGTGAGGATTAG	0	9097
ATAATCCTTCCCCGTG	0	9098
ATAATCCCCACACGAG	0	9099
CGCGTGGGCGGATTAG	0	9100
CACGTGGTAACATTAA	0	9101
CCCGTGGGTGGATTAA	0	9102
CACGTGGGTGGTTTAA	0	9103
CACGTGTACAGATTCG	0	9104
CACGTGAAGAGAGTAG	0	9105
CACGTGGATTGATTAC	0	9106
ATAATGTCGACACGTG	0	9107
CACGTGGGTAAATTAG	0	9108
CACGTGTATAGATCAG	0	9109
CACTTGCGAAGATTAA	0	9110
CAAGTGCGAGGATTAG	0	9111
CGCGTGAGAAGATTAG	0	9112
CTAATCCAAGCACGAG	0	9113
CACGTGGCCGGATAAG	0	9114
CTCGTGCAGGGATTAC	0	9115
CACGTGGTAAGATTGG	0	9116
CACGTGTAAAGAATAC	0	9117
CACGTGGCAAGATTTC	0	9118
CACGTGATCAGACTAG	0	9119
ATAAACTCGTCACGTG	0	9120
ATAATCTCGTCACGGG	0	9121
CTCGTGTTCGGATTAC	0	9122
CACGTGGACGGATGAG	0	9123
ATAGTCTATTCACGTG	0	9124
CTCGTGCATGGATTAA	0	9125
ATAATCTCTAAACGTG	0	9126
CACGTGGCCAGGTTAC	0	9127
CACGTGGAAAGATTGA	0	9128
CACGTGTTGGGTTTAG	0	9129
CCCGTGTTGGGATTAG	0	9130
CACGTGGGTTGATTAG	0	9131
CACGTGAACAGACTAA	0	9132
CACGTTGCAGGATTAA	0	9133
ATAATCTCTTCCCGTG	0	9134
CACGTGACAAGATAAG	0	9135
CACGTGTAGGGTTTAA	0	9136
CCCGTGTAGGGATTAA	0	9137
ATAAACTGTACACGTG	0	9138
ATAATCTGTACACGGG	0	9139
CACGTGGCTGGAATAC	0	9140
CACGTGACTAGATTCG	0	9141
CACGTTGGCAGATTAC	0	9142
CACGTGAAAAGATGAG	0	9143
CTAATCCCCGCACGAG	0	9144
CACGTGTGAAGAATAG	0	9145
CACGTGTAGAAATTAG	0	9146
CACGTGGTAACATTAC	0	9147
ATATTCTTTCCACGTG	0	9148
CACGTGGGTGGTTTAC	0	9149
CCCGTGGGTGGATTAC	0	9150
ATAATCCGACCACGAG	0	9151
ATAATCCACACACGAG	0	9152
CACGTGCCGACATTAG	0	9153
CAAGTGATGGGATTAA	0	9154
ATAATCTGATCACTTG	0	9155
CACGTGAATAGAGTAG	0	9156
CTCGTGTGCGGATTAA	0	9157
CACTTGCGAAGATTAC	0	9158
ATAATGTAGACACGTG	0	9159
CACGTGTCCACATTAA	0	9160
ATAATCTTATCACGAG	0	9161
CACGTTACGAGATTAA	0	9162
CACTTGCCGGGATTAA	0	9163
ATAATCTGGGCAAGTG	0	9164
CACGTGTAGTGATTAG	0	9165
CACGTTCAGAGATTAG	0	9166
CGCGTGACGGGATTAG	0	9167
CACGTGGAAAGATTGC	0	9168
ATAAACTAGTCACGTG	0	9169
ATAATCTAGTCACGGG	0	9170
CACGTGGAGGGATTCG	0	9171
CACGTTTTCAGATTAG	0	9172
CACGTGAACAGACTAC	0	9173
ATAATCTATAAACGTG	0	9174
CACGTGGTAAGGTTAG	0	9175
CACGTTGCAGGATTAC	0	9176
ATAATCCTTTCGCGTG	0	9177
CACGTGGGAACATTAA	0	9178
CACGTGACCAGTTTAA	0	9179
CCCGTGACCAGATTAA	0	9180
CCCGTGTTTGGATTAG	0	9181
CACGTGTTTGGTTTAG	0	9182
CACGGGATCAGATTAG	0	9183
CACGTTTACAGATTAA	0	9184
CACGTGTAGGGTTTAC	0	9185
CCCGTGTAGGGATTAC	0	9186
CACGTGTCCAGATTGG	0	9187
ATAATCTATTCCCGTG	0	9188
CACGTGCACAGTTTAG	0	9189
CCCGTGCACAGATTAG	0	9190
CACGTGGAAAGGTTAA	0	9191
CACGTGGACAGATCAG	0	9192
CGCGTGTACGGATTAG	0	9193
CAAATCTCACCACGTG	0	9194
CACGTGTATGGTTTAA	0	9195
CCCGTGTATGGATTAA	0	9196
CACGGGAACAGATTAA	0	9197
CTAATCCACGCACGAG	0	9198
CACGTGGAGAGATTTA	0	9199
CACGTGTATAAATTAG	0	9200
CACGTGGGAAGATTGG	0	9201
CAAGTGATGGGATTAC	0	9202
CACGTGAGCAGACTAG	0	9203
CACGTGTCGGGAATAG	0	9204
CTCGTGTGCGGATTAC	0	9205
ATAATCTTAGCGCGTG	0	9206
CACGTGCCTACATTAG	0	9207
ATAATCCGTGCACCTG	0	9208
ATAATCCGTGCATGTG	0	9209
CAAGTGATTGGATTAA	0	9210
CGCGTGCCGAGATTAA	0	9211
CACGTGTGGGGTTTAG	0	9212
CCCGTGTGGGGATTAG	0	9213
ATAAACCCTCCACGTG	0	9214
ATAATCCCTCCACGGG	0	9215
CACGTGTCCACATTAC	0	9216
CACGTTACGAGATTAC	0	9217
CACGTGGTGAGAGTAA	0	9218
CACTTGCCGGGATTAC	0	9219
CACGTTACTAGATTAA	0	9220
CACTTGCCTGGATTAA	0	9221
CACGTGTATTGATTAG	0	9222
CACGTGGAAGGATAAG	0	9223
CACGTTCATAGATTAG	0	9224
CGCGTGACTGGATTAG	0	9225
CACGTGGGAACATTAC	0	9226
CACGTGACCAGTTTAC	0	9227
CCCGTGACCAGATTAC	0	9228
CACGTGGATGGATTCG	0	9229
ATAATCCGCCCACGAG	0	9230
CACGTTTACAGATTAC	0	9231
CACGTGGAAAGGTTAC	0	9232
CAAGTGAGGGGATTAA	0	9233
ATAATCTGCTCACTTG	0	9234
CACGTGTATGGTTTAC	0	9235
CCCGTGTATGGATTAC	0	9236
CACGTGGCGGCATTAA	0	9237
CAAATCTTGACACGTG	0	9238
CACGGGAACAGATTAC	0	9239
ATAATGTGGCCACGTG	0	9240
CACGTGACAGGACTAG	0	9241
CAAATCTAACCACGTG	0	9242
CACGTGTCCAGGTTAG	0	9243
CACGTGGAGAGATTTC	0	9244
ATAATCTTCTCACGAG	0	9245
CACGTTGTGGGATTAG	0	9246
CACGTGGTAAGATGAA	0	9247
CACGTGGATAGATTTA	0	9248
CAAGTGATTGGATTAC	0	9249
CGCGTGCCGAGATTAC	0	9250
CACGTGTCTGGAATAG	0	9251
CACGTTTGCAGATTAG	0	9252
CACGTTGAGGGATTAA	0	9253
ATAATCTGTCAACGTG	0	9254
CACGTGGCGGGATTGG	0	9255
CACGTGAAGAGATAAG	0	9256
ATCATCTCGACACGTG	0	9257
CACGTGGGAAGGTTAG	0	9258
CACGTGGTGAGAGTAC	0	9259
CGCGTGCCTAGATTAA	0	9260
CACGTGGTCGGTTTAG	0	9261
CCCGTGGTCGGATTAG	0	9262
CACGTGTCAAGAGTAA	0	9263
CACGTGTTAACATTAG	0	9264
CCCGTGTGTGGATTAG	0	9265
CACGTGTGTGGTTTAG	0	9266
CACGGGAGCAGATTAG	0	9267
ATAAACCATCCACGTG	0	9268
ATAATCCATCCACGGG	0	9269
CACGTTACTAGATTAC	0	9270
CACGTGGTTAGAGTAA	0	9271
CACTTGCCTGGATTAC	0	9272
CACGTGGACGGTTTAA	0	9273
CCCGTGGACGGATTAA	0	9274
CAAATCTCCCCACGTG	0	9275
CACGTGGCGATATTAA	0	9276
CACGTGTAAACATTAA	0	9277
ATAATCTTTGCAAGTG	0	9278
ATAATCCTGTCACTTG	0	9279
CACGTGCCAAGACTAA	0	9280
CACTTGTTAGGATTAA	0	9281
CACGTGGACAAATTAG	0	9282
CACGTGATAAGTTTAG	0	9283
CCCGTGATAAGATTAG	0	9284
CAAGTGAGGGGATTAC	0	9285
CACGTGGCGGCATTAC	0	9286
ATAATCTTCGCGCGTG	0	9287
CACGTGAAAAGTTTAA	0	9288
CCCGTGAAAAGATTAA	0	9289
CAAGTGAGTGGATTAA	0	9290
CACGTGGCTGCATTAA	0	9291
CACGTGTAAAGATTGG	0	9292
CACGTGGGGAGAGTAA	0	9293
CACGTTTCAGGATTAG	0	9294
CACGTGGTAAGATGAC	0	9295
CACGTGGATAGATTTC	0	9296
CACGTGGACTGATTAG	0	9297
ATAATCCTATCACCTG	0	9298
ATAATCCTATCATGTG	0	9299
CACGTTGTTGGATTAG	0	9300
CACGGGACAGGATTAG	0	9301
CACGTTGAGGGATTAC	0	9302
ATAATCCCGTCACGAG	0	9303
CACGTGCCGAGATGAG	0	9304
CGCGTGCCTAGATTAC	0	9305
CACGTGTCAAGAGTAC	0	9306
CACGTTGATGGATTAA	0	9307
CACGTGGCTGGATTGG	0	9308
CACGTGAATAGATAAG	0	9309
ATCATCTAGACACGTG	0	9310
CACGTGGTTAGAGTAC	0	9311
CACGTGGCGGGGTTAG	0	9312
CACGTGGACGGTTTAC	0	9313
CCCGTGGACGGATTAC	0	9314
CACGTGTCCAGATGAA	0	9315
CACGTGGCGATATTAC	0	9316
CGCGTGTTAAGATTAA	0	9317
CACGTGTAAACATTAC	0	9318
ATAATCCGTACACGAG	0	9319
CACGTGCCAAGACTAC	0	9320
CACTTGTTAGGATTAC	0	9321
CAAATCTACCCACGTG	0	9322
CACGTGGCTATATTAA	0	9323
CACGTTGGGGGATTAG	0	9324
CACGTGGCGCGATTAG	0	9325
CACGTGGGAAGATGAA	0	9326
CACGTGAAAAGTTTAC	0	9327
CCCGTGAAAAGATTAC	0	9328
ATACTCTTGCCACGTG	0	9329
CACGTGGCCGGAATAG	0	9330
CAAGTGAGTGGATTAC	0	9331
CACGTGGCTGCATTAC	0	9332
CACGGGCCAAGATTAA	0	9333
CACGTGGGGAGAGTAC	0	9334
CACGTGGGCGGTTTAG	0	9335
CCCGTGGGCGGATTAG	0	9336
CACGTGTGAACATTAG	0	9337
ATAATCCCGGCGCGTG	0	9338
ATAATGTTTCCACGTG	0	9339
ATAGTCTCAACACGTG	0	9340
CACGTGGGTAGAGTAA	0	9341
ATAATCCTACCAAGTG	0	9342
CACGTGTAAAGGTTAG	0	9343
CACGTGACAAGAATAG	0	9344
CACGTTGATGGATTAC	0	9345
ATAATCCAGTCACGAG	0	9346
CACTTGTGAGGATTAA	0	9347
CACGTGCCTAGATGAG	0	9348
CACGTGAGAAGTTTAG	0	9349
CCCGTGAGAAGATTAG	0	9350
CAAATCTCTACACGTG	0	9351
CTCGTGACCGGATTAA	0	9352
CACGTGTCCAGATGAC	0	9353
CGCGTGTTAAGATTAC	0	9354
CACGTGAAGGGACTAG	0	9355
CTAATCCGTGCACGAG	0	9356
CACGTGTCGAGATTCA	0	9357
CACGTGGCTGGGTTAG	0	9358
CACGTGGTGAGATAAA	0	9359
CACGTGGCTATATTAC	0	9360
CACGTGTTGAGAGTAG	0	9361
CACGTGGGAAGATGAC	0	9362
ATAATCCTCTCACCTG	0	9363
ATAATCCTCTCATGTG	0	9364
CACGTTGGTGGATTAG	0	9365
CACGTGGCTCGATTAG	0	9366
CACGGGCCAAGATTAC	0	9367
ATAATCTCATCAAGTG	0	9368
CACGTGTAGAGAGTAA	0	9369
CACGTGGCGGGATGAA	0	9370
ATCATCTGGCCACGTG	0	9371
ATAATCTTACCACGCG	0	9372
CACGTGCTGAGACTAG	0	9373
CACGTGGGTAGAGTAC	0	9374
ATAATCCAGGCGCGTG	0	9375
CGCGTGTGAAGATTAA	0	9376
ATAGTCTAAACACGTG	0	9377
ATAATCCCTTCACTTG	0	9378
CACGTGTCGGCATTAG	0	9379
CACGTGCAGAGACTAA	0	9380
CACGCGCCCGGATTAA	0	9381
CACTTGTGAGGATTAC	0	9382
CACGTGTTCAGACTAA	0	9383
ATAATCTCAACCCGTG	0	9384
CTCGTGACCGGATTAC	0	9385
CACGTGTTAAGATGAG	0	9386
CAAATCTATACACGTG	0	9387
CACGTGTCGAGATTCC	0	9388
ATAATCCGGACAAGTG	0	9389
CACGTGGTGAGATAAC	0	9390
CACGTGACGGGTTTAG	0	9391
CCCGTGACGGGATTAG	0	9392
CACGTGTCAAGATAAA	0	9393
CACGTGAATGGACTAG	0	9394
CACGTTTAGGGATTAG	0	9395
CACGTGTCTAGATTCA	0	9396
CACGTGGTTAGATAAA	0	9397
CACGTGTAAAGATGAA	0	9398
ATAATCTCAGCACTTG	0	9399
ATAGTCTCCACACGTG	0	9400
CACGGGAAGGGATTAG	0	9401
CACGTGTTTAGAGTAG	0	9402
ATAATCCTCCCAAGTG	0	9403
CACGTGTAGAGAGTAC	0	9404
CACGTGTACGGTTTAG	0	9405
CCCGTGTACGGATTAG	0	9406
CACGTGTCGATATTAG	0	9407
CACGTGGCGGGATGAC	0	9408
ATAATCTAATCAAGTG	0	9409
CACGTGTATAGAGTAA	0	9410
CACGTGGAAGGAATAG	0	9411
AGAATCTCGCCACGTG	0	9412
CACGTGGCTGGATGAA	0	9413
CACTTGATCAGATTAA	0	9414
CGCGTGTGAAGATTAC	0	9415
CACGTGCTTAGACTAG	0	9416
CACGTGCAGAGACTAC	0	9417
CACGCGCCCGGATTAC	0	9418
CAAGTGATCGGATTAG	0	9419
CACGTGGGGAGATAAA	0	9420
CACGTGTTCAGACTAC	0	9421
CACGTGCCGAGTTTAA	0	9422
CCCGTGCCGAGATTAA	0	9423
ATAATCCATTCACTTG	0	9424
CACGGGCTGAGATTAG	0	9425
ATAATCCTAACGCGTG	0	9426
CACGTGTCTGCATTAG	0	9427
CACGTGCATAGACTAA	0	9428
CACGTGGCGAGATCAA	0	9429
CGCGTGTCGGGATTAA	0	9430
ATAATCTGGACACGCG	0	9431
CACGTGTGGAGAGTAG	0	9432
CAAGTGAACGGATTAA	0	9433
ATACTCTCTCCACGTG	0	9434
ATAATCTAAACCCGTG	0	9435
CTAATCCTATCACGAG	0	9436
CACGGGCAGAGATTAA	0	9437
CACGTTACCAGATTAG	0	9438
CACTTGCCCGGATTAG	0	9439
CACGTGTCAAGATAAC	0	9440
CACGGGTTCAGATTAA	0	9441
ATAATCTCCTCAAGTG	0	9442
CACGTGTCTAGATTCC	0	9443
CACGTGGTTAGATAAC	0	9444
CTCGTGAAAGGATTAA	0	9445
CACGTGACTGGTTTAG	0	9446
CCCGTGACTGGATTAG	0	9447
CACGTGTAAAGATGAC	0	9448
ATAATCTTCCCACGCG	0	9449
CACGTTTATGGATTAG	0	9450
CACGTGCGGAGACTAG	0	9451
CACGTGAAGAGAATAG	0	9452
CACGTGGTGGGACTAA	0	9453
ATAGTCTGACCACGTG	0	9454
ATAATCTAAGCACTTG	0	9455
ATAGTCTACACACGTG	0	9456
CACGGGAATGGATTAG	0	9457
CAAGTGCTCAGATTAA	0	9458
CACGTGTGCAGACTAA	0	9459
CACGTGTATAGAGTAC	0	9460
CACGTGTCTATATTAG	0	9461
ATAATCTCCACCCGTG	0	9462
CACGTGGCTGGATGAC	0	9463
ATTATCTTGCCACGTG	0	9464
CACTTGATCAGATTAC	0	9465
CAAATCTGTCCACGTG	0	9466
AGAATCTAGCCACGTG	0	9467
CACGTGTGAAGATGAG	0	9468
CTCGTGCTAAGATTAA	0	9469
ATCATCTTTCCACGTG	0	9470
CACGTGGGGAGATAAC	0	9471
CACGTGCCGAGTTTAC	0	9472
CCCGTGCCGAGATTAC	0	9473
CACGTGGCAAGCTTAG	0	9474
CACGTGCATAGACTAC	0	9475
CACGCGCTAGGATTAG	0	9476
CACGTGGCGAGATCAC	0	9477
CACGTGGCCAGATTCA	0	9478
CGCGTGTCGGGATTAC	0	9479
CACGTGGGTAGATAAA	0	9480
CGCGTGCCCAGATTAG	0	9481
CACGTGCCTAGTTTAA	0	9482
CCCGTGCCTAGATTAA	0	9483
CAAGTGAACGGATTAC	0	9484
CACGGGCTTAGATTAG	0	9485
ATAATCTCCGCACTTG	0	9486
CACGTGGCTAGATCAA	0	9487
CACGGGCAGAGATTAC	0	9488
CGCGTGTCTGGATTAA	0	9489
CACGTGGTCAGAGTAG	0	9490
CACGCGCAAGGATTAA	0	9491
CACGTGTGTAGAGTAG	0	9492
ATACTCTATCCACGTG	0	9493
CACGGGTTCAGATTAC	0	9494
CACGGGCATAGATTAA	0	9495
CTCGTGAAAGGATTAC	0	9496
CACGTGGACAGAGTAA	0	9497
ATAATCTACTCAAGTG	0	9498
ATAATCCTTACAAGTG	0	9499
CACGTGGTGGGACTAC	0	9500
CACGTGTCAGGACTAA	0	9501
CACTTGAGCAGATTAA	0	9502
CACGTGCGTAGACTAG	0	9503
ATAATCCCGCCACGCG	0	9504
CACGTGAATAGAATAG	0	9505
CACGTGGTTGGACTAA	0	9506
CAAGTGAGCGGATTAG	0	9507
CAAGTGCTCAGATTAC	0	9508
CACGTGTGCAGACTAC	0	9509
CACGTGTTGAGATAAG	0	9510
CACGTGGCCGCATTAG	0	9511
CACGGGCGGAGATTAG	0	9512
ATAATCCTCACGCGTG	0	9513
CACGGGGTGGGATTAA	0	9514
ATAATCTGACCCCGTG	0	9515
ATAATCTACACCCGTG	0	9516
CTAATCCTCTCACGAG	0	9517
CACGTGTAGAGATAAA	0	9518
CTCGTGCTAAGATTAC	0	9519
CACGTGGCGAAATTAA	0	9520
CACGGGTGCAGATTAA	0	9521
CACGTGGCCAGATTCC	0	9522
CACGTGGGTAGATAAC	0	9523
CACGTGACAACATTAG	0	9524
CACGTGCCTAGTTTAC	0	9525
CCCGTGCCTAGATTAC	0	9526
CACGTTGACGGATTAG	0	9527
CACGTGTCGGGATGAG	0	9528
CACGTGGCTAGATCAC	0	9529
CGCGTGTCTGGATTAC	0	9530
CACGCGCAAGGATTAC	0	9531
CACGTGGGGGGACTAA	0	9532
ATAGTCTGCCCACGTG	0	9533
ATAATCTACGCACTTG	0	9534
CACGTGTTAAGTTTAA	0	9535
CCCGTGTTAAGATTAA	0	9536
CACGGGCATAGATTAC	0	9537
ATAATCTTTACACGCG	0	9538
CACGTGGACAGAGTAC	0	9539
CACTTGACAGGATTAA	0	9540
CAAGTGCGCAGATTAA	0	9541
CACGTGGCCATATTAG	0	9542
CACGTGGCGTGATTAA	0	9543
CACGTTAAAAGATTAG	0	9544
CACTTGCAAGGATTAG	0	9545
CACGTGTCAGGACTAC	0	9546
CACTTGAGCAGATTAC	0	9547
CTCGTGCGAAGATTAA	0	9548
CACGTGGTTGGACTAC	0	9549
CACGCGCGAGGATTAG	0	9550
ATAATCCAGCCACGCG	0	9551
CACGGGGTGGGATTAC	0	9552
CACGGGTCAGGATTAA	0	9553
CACGGGCGTAGATTAG	0	9554
CACGTGGTGAGAATAA	0	9555
CGCGTGGCCGGATTAA	0	9556
CACGTGTAGAGATAAC	0	9557
CACGTGGGCAGAGTAG	0	9558
CACGTGGCGAAATTAC	0	9559
CACGGGGTTGGATTAA	0	9560
CACGGGTGCAGATTAC	0	9561
CACGTGTATAGATAAA	0	9562
CACGTGGCTAAATTAA	0	9563
ATAGTCCTGCCACGTG	0	9564
CACGTGGTAAGATTCG	0	9565
CACGTGGGGGGACTAC	0	9566
CAAGTGCCAGGATTAA	0	9567
CGCGTGACAAGATTAA	0	9568
CACGTGTCTGGATGAG	0	9569
CACGTGGAAAGATTCA	0	9570
CACGTGTTAAGTTTAC	0	9571
CCCGTGTTAAGATTAC	0	9572
CGCGTGCAAAGATTAG	0	9573
CACGTGGGTGGACTAA	0	9574
CACTTGACAGGATTAC	0	9575
CAAGTGCGCAGATTAC	0	9576
CACGTGGCGTGATTAC	0	9577
CACGTGTGGAGATAAG	0	9578
ATTATCTCTCCACGTG	0	9579
CACGTGTCGAGATCAG	0	9580
CACGGGGGGGGATTAA	0	9581
CACGTGGCTTGATTAA	0	9582
ATAATCTGCCCCCGTG	0	9583
CACGCGATGGGATTAA	0	9584
ATAATCTGATCGCGTG	0	9585
CTCGTGCGAAGATTAC	0	9586
CACGTGGAGAGCTTAG	0	9587
CACGTGGCAGGAGTAG	0	9588
CACATGCTAGGATTAA	0	9589
CAGGTGCTAGGATTAA	0	9590
GACGTGCTAGGATTAA	0	9591
CACGGGTCAGGATTAC	0	9592
ATAGTCTCGTCACGTG	0	9593
CTCGTGCCGGGATTAA	0	9594
CACGTGGTGAGAATAC	0	9595
ATAATCTGGGCACGAG	0	9596
CGCGTGGCCGGATTAC	0	9597
ATAAACTTACCACGTG	0	9598
ATAATCTTACCACGGG	0	9599
CACGTGTCAAGAATAA	0	9600
CACGGGGTTGGATTAC	0	9601
CACGTGGAAGCATTAG	0	9602
CACGTGGTTAGAATAA	0	9603
CACGTGTTGGGACTAG	0	9604
CACGTGTATAGATAAC	0	9605
CACGTGTGAAGTTTAA	0	9606
CCCGTGTGAAGATTAA	0	9607
CACGTGGCTAAATTAC	0	9608
CACGTGTAGGGACTAA	0	9609
ATAGTCTGTACACGTG	0	9610
CAAGTGCCAGGATTAC	0	9611
CGCGTGACAAGATTAC	0	9612
CACGTGGAAAGATTCC	0	9613
CACGTGGGTGGACTAC	0	9614
ATAATCCTGCCCCGTG	0	9615
CACGTGTCCAGATTCG	0	9616
CACGTGACGAGAGTAG	0	9617
CACGTGGTCAGATAAG	0	9618
CACGGGGGGGGATTAC	0	9619
CACGTGGCTTGATTAC	0	9620
CACGTGTGTAGATAAG	0	9621
ATTATCTATCCACGTG	0	9622
CACGCGATGGGATTAC	0	9623
CACGTGGGGAGAATAA	0	9624
CACGTGTCTAGATCAG	0	9625
CACGGGGGTGGATTAA	0	9626
CACGTGGAAATATTAG	0	9627
CACGTGGACAGATAAA	0	9628
CACGCGATTGGATTAA	0	9629
ATAATCCCAACACTTG	0	9630
CACGTGAAGACATTAG	0	9631
CACATGCTAGGATTAC	0	9632
CAGGTGCTAGGATTAC	0	9633
GACGTGCTAGGATTAC	0	9634
CACGTGGATAGCTTAG	0	9635
CACGTGGGAAGATTCG	0	9636
CACGTTGTAAGATTAA	0	9637
CACTTGATGGGATTAG	0	9638
CTCGTGCCGGGATTAC	0	9639
CACGTGTACAGAGTAG	0	9640
CACGTGTCAAGAATAC	0	9641
CACGTGGCCGGATGAG	0	9642
CGCGTGGTAGGATTAG	0	9643
ATAGTCTAGTCACGTG	0	9644
CTCGTGCCTGGATTAA	0	9645
ATAATCTCGAAACGTG	0	9646
CACGTGGTTAGAATAC	0	9647
CACTTGAAGGGATTAA	0	9648
CCCGTGTGAAGATTAC	0	9649
CACGTGTGAAGTTTAC	0	9650
ATAATCTGTTCAAGTG	0	9651
CACGTGGCAAGATTGA	0	9652
CACGTGTTTGGACTAG	0	9653
CGCGTGGAAGGATTAA	0	9654
ATAATCTCGTCCCGTG	0	9655
CACGTGTAGGGACTAC	0	9656
CACGTGCACAGACTAG	0	9657
CACGTGTCGGGTTTAA	0	9658
CCCGTGTCGGGATTAA	0	9659
ATAAACTGGACACGTG	0	9660
ATAATCTGGACACGGG	0	9661
CACGCGAGGGGATTAA	0	9662
CACGGGTTGGGATTAG	0	9663
CACGTGTATGGACTAA	0	9664
ATAATCTGCTCGCGTG	0	9665
CACGTGTCGAAATTAG	0	9666
ATATTCTTGCCACGTG	0	9667
CACGGGTAGGGATTAA	0	9668
ATAATCTGTACCCGTG	0	9669
CACATGCGAGGATTAA	0	9670
CAGGTGCGAGGATTAA	0	9671
GACGTGCGAGGATTAA	0	9672
CACGTGGGGAGAATAC	0	9673
ATAAACTTCCCACGTG	0	9674
ATAATCTTCCCACGGG	0	9675
CACTTGCTGAGATTAA	0	9676
CACGGGGGTGGATTAC	0	9677
CACGTGGACAGATAAC	0	9678
CACGCGATTGGATTAC	0	9679
CAAGTGCTGGGATTAG	0	9680
CACGTGGGTAGAATAA	0	9681
CACGTGTGGGGACTAG	0	9682
CGCGTGATGAGATTAG	0	9683
ATAGTCCCTCCACGTG	0	9684
CACGTTGTAAGATTAC	0	9685
ATAATCCAAACACTTG	0	9686
CACGTGAATACATTAG	0	9687
CAAGTGCAGGGATTAA	0	9688
CGCGTGAAGAGATTAA	0	9689
ATAATCTGTGCACTTG	0	9690
CACGTGTCGTGATTAG	0	9691
CAAGTGTTCGGATTAA	0	9692
CACTTGATTGGATTAG	0	9693
CTCGTGCCTGGATTAC	0	9694
CACGTTCCGAGATTAG	0	9695
CACTTGAAGGGATTAC	0	9696
CACGTGGCAAGATTGC	0	9697
CACGTGGCGGGATTCG	0	9698
CACGTGACCAGACTAC	0	9699
ATAATCTAGAAACGTG	0	9700
ATAATCTTTGCACGAG	0	9701
CGCGTGGAAGGATTAC	0	9702
ATAATCCTGTCGCGTG	0	9703
CACTTGAATGGATTAA	0	9704
CTCGTGTTAGGATTAA	0	9705
CACGTGGGCAGATAAG	0	9706
CACGTTTCCAGATTAA	0	9707
CACGTGTCGGGTTTAC	0	9708
CCCGTGTCGGGATTAC	0	9709
ATAATCTAGTCCCGTG	0	9710
CACGTGCCCAGTTTAG	0	9711
CCCGTGCCCAGATTAG	0	9712
CACGCGAGGGGATTAC	0	9713
CACGTGTATGGACTAC	0	9714
CACGTGGCAAGGTTAA	0	9715
CACGTGGCCAGATCAG	0	9716
CACGTGTTGAGAATAG	0	9717
CGCGTGTCCGGATTAG	0	9718
CCCGTGTCTGGATTAA	0	9719
CACGTGTCTGGTTTAA	0	9720
CACGGGACCAGATTAA	0	9721
CACGTGGAGGGAGTAG	0	9722
CACGCGAGTGGATTAA	0	9723
CACGGGTTTGGATTAG	0	9724
ATAATCCCCACACTTG	0	9725
CACGGGTAGGGATTAC	0	9726
CACGGGCACAGATTAG	0	9727
CACATGCGAGGATTAC	0	9728
CAGGTGCGAGGATTAC	0	9729
GACGTGCGAGGATTAC	0	9730
CACGTGTAGAGAATAA	0	9731
CACGTTGGAAGATTAA	0	9732
CACGTGGCGAGATTTA	0	9733
CACGTGTCTAAATTAG	0	9734
CACTTGAGGGGATTAG	0	9735
CACTTGCTGAGATTAC	0	9736
CACGGGTATGGATTAA	0	9737
CGCGTGGGAGGATTAG	0	9738
CACGTGGGTAGAATAC	0	9739
CACTTGCTTAGATTAA	0	9740
ATAATCCGGGCACCTG	0	9741
ATAATCCGGGCATGTG	0	9742
CACGTGTAAAGATTCG	0	9743
CACGTGGTCGGACTAG	0	9744
ATAAACCCGCCACGTG	0	9745
ATAATCCCGCCACGGG	0	9746
CAAGTGCTTGGATTAG	0	9747
CACGTGTGTGGACTAG	0	9748
CGCGTGATTAGATTAG	0	9749
ATAGTCCATCCACGTG	0	9750
CAAGTGCAGGGATTAC	0	9751
CGCGTGAAGAGATTAC	0	9752
CAAGTGTTCGGATTAC	0	9753
CACGTGGACGGACTAA	0	9754
CAAGTGCATGGATTAA	0	9755
CACGGGTGGGGATTAG	0	9756
CGCGTGAATAGATTAA	0	9757
CACGTGTCTTGATTAG	0	9758
ATAATCCCTCCCCGTG	0	9759
CACGTGGCAGGATAAG	0	9760
CACGTGGTGACATTAA	0	9761
CACGTTCCTAGATTAG	0	9762
CACTTGAATGGATTAC	0	9763
CACGTGATAAGACTAG	0	9764
CACGTGGCTGGATTCG	0	9765
CTCGTGTTAGGATTAC	0	9766
CACGTGGAAGGATGAG	0	9767
CACGTTTCCAGATTAC	0	9768
CACGTGGCAAGGTTAC	0	9769
CACTTGCGGAGATTAA	0	9770
CACGTGAAAAGACTAA	0	9771
CACGTGTCTGGTTTAC	0	9772
CCCGTGTCTGGATTAC	0	9773
CACGGGACCAGATTAC	0	9774
CACGCGAGTGGATTAC	0	9775
CAAGTGCGGGGATTAG	0	9776
CGCGTGAGGAGATTAG	0	9777
CACGTGTTTAGAATAG	0	9778
CACGTGGTGAGATTGG	0	9779
ATAATCCGACCACTTG	0	9780
CACGTGTAGAGAATAC	0	9781
CACGTGGATGGAGTAG	0	9782
ATAAACTTTACACGTG	0	9783
ATAATCTTTACACGGG	0	9784
CACGTTGGAAGATTAC	0	9785
CACGTGGCGAGATTTC	0	9786
ATAATCCACACACTTG	0	9787
CACGGGTATGGATTAC	0	9788
CACGTGTATAGAATAA	0	9789
CACGTGGCTAGATTTA	0	9790
CAAGTGTGCGGATTAA	0	9791
CACTTGAGTGGATTAG	0	9792
CACGTGGAGAGATTGA	0	9793
CACTTGCTTAGATTAC	0	9794
ATAATCCTACCACGAG	0	9795
CACGTTGCGGGATTAA	0	9796
ATAATCTGGCAACGTG	0	9797
CACGTGACGAGATAAG	0	9798
ATAATCTTATCACTTG	0	9799
CTCGTGTGAGGATTAA	0	9800
ATAAACCAGCCACGTG	0	9801
ATAATCCAGCCACGGG	0	9802
CACGTGAAGAGATGAG	0	9803
CACGTGGACGGACTAC	0	9804
CAAGTGCATGGATTAC	0	9805
CGCGTGAATAGATTAC	0	9806
CACGTGTGGAGAATAG	0	9807
CACGTGGCCGGTTTAA	0	9808
CCCGTGGCCGGATTAA	0	9809
CACGTGGTGACATTAC	0	9810
ATATTCTCTCCACGTG	0	9811
CACGTGTCAACATTAA	0	9812
CACGGGGTCGGATTAG	0	9813
CACGGGTGTGGATTAG	0	9814
ATAATCTTGGCAAGTG	0	9815
ATAATCCATCCCCGTG	0	9816
CACGTGTACAGATAAG	0	9817
CACGTGGTTACATTAA	0	9818
CACGTGGCCAAATTAG	0	9819
CACGGGGACGGATTAA	0	9820
CACTTGCGGAGATTAC	0	9821
CACGTTTTAAGATTAG	0	9822
CACGTGAAAAGACTAC	0	9823
CACGTGACAAGTTTAA	0	9824
CCCGTGACAAGATTAA	0	9825
CACTTGCGTAGATTAA	0	9826
CACGGGATAAGATTAG	0	9827
CACGTTTAAAGATTAA	0	9828
ATAATCTCATCACGAG	0	9829
CACGTGGGCGGACTAG	0	9830
CACGTGTCAAGATTGG	0	9831
CCCGTGCAAAGATTAG	0	9832
CACGTGCAAAGTTTAG	0	9833
CAAGTGCGTGGATTAG	0	9834
CGCGTGAGTAGATTAG	0	9835
CACGTGGAAAGATCAG	0	9836
CGCGTGTAAGGATTAG	0	9837
CACGTGGTTAGATTGG	0	9838
CACGTGTATAGAATAC	0	9839
CACGGGAAAAGATTAA	0	9840
CACGTGGCTAGATTTC	0	9841
CAAGTGTGCGGATTAC	0	9842
CACGTGGAGAGATTGC	0	9843
CACGTGGCCTGATTAG	0	9844
CACGTGGTGAGGTTAG	0	9845
CACGTTGCGGGATTAC	0	9846
ATAATCCCTTCGCGTG	0	9847
CACGTGGGGACATTAA	0	9848
CACGTGGATAGATTGA	0	9849
CACGTGAGAAGACTAG	0	9850
CTCGTGTGAGGATTAC	0	9851
CACGTTGCTGGATTAA	0	9852
CACGTGGAGAGGTTAA	0	9853
CACGTGACTAGATAAG	0	9854
ATAATCCTTGCACCTG	0	9855
ATAATCCTTGCATGTG	0	9856
CACGTGGCCGGTTTAC	0	9857
CCCGTGGCCGGATTAC	0	9858
CACGTGAATAGATGAG	0	9859
CACGTGTCAACATTAC	0	9860
ATAATCCGGACACGAG	0	9861
CACGTGGTCAGAATAG	0	9862
CACGTGTGTAGAATAG	0	9863
CACGTGGTTACATTAC	0	9864
ATATTCTATCCACGTG	0	9865
CACGTGGGGAGATTGG	0	9866
ATAATCCGCCCACTTG	0	9867
CACGGGGACGGATTAC	0	9868
CACGTGGACAGAATAA	0	9869
ATAATCTCAGCGCGTG	0	9870
CACGTGACAAGTTTAC	0	9871
CCCGTGACAAGATTAC	0	9872
CACTTGCGTAGATTAC	0	9873
ATAATCCTCCCACGAG	0	9874
CACGTTTAAAGATTAC	0	9875
ATAATCTTCTCACTTG	0	9876
ATAATCTAATCACGAG	0	9877
CACGGGAAAAGATTAC	0	9878
ATAATGTTGCCACGTG	0	9879
CACGTGGAGGGATAAG	0	9880
CTCGTGATCAGATTAA	0	9881
CACGTGTCAAGGTTAG	0	9882
CACGTGGGGACATTAC	0	9883
CACGTGGATAGATTGC	0	9884
CACGGGGGCGGATTAG	0	9885
CACGCGATCGGATTAG	0	9886
CACGTGGTTAGGTTAG	0	9887
CACGTTGCTGGATTAC	0	9888
ATAATCCATTCGCGTG	0	9889
CACGTGGGTACATTAA	0	9890
CACGTGGAGAGGTTAC	0	9891
CACGTTTGAAGATTAG	0	9892
CAAATCTCGACACGTG	0	9893
CACGCGAACGGATTAA	0	9894
ATAATCTTTCAACGTG	0	9895
CACGTGGATAGGTTAA	0	9896
CACGTGACGGGACTAG	0	9897
CTAATCCGGGCACGAG	0	9898
CACGTGGTAGGTTTAG	0	9899
CCCGTGGTAGGATTAG	0	9900
CACGGGAGAAGATTAG	0	9901
ATAATCTCCTCACGAG	0	9902
CACGTGGTGAGATGAA	0	9903
CACGTGGAAGGTTTAA	0	9904
CCCGTGGAAGGATTAA	0	9905
CACGTGGACAGAATAC	0	9906
CACGTGGGTAGATTGG	0	9907
CACGTGTACGGACTAG	0	9908
CACGTGGGGAGGTTAG	0	9909
ATAATCTAAGCGCGTG	0	9910
CACGTGGAAAAATTAG	0	9911
CACGTGTCGAGAGTAA	0	9912
CACGTGTTGACATTAG	0	9913
CACGCGCTCAGATTAA	0	9914
CTCGTGATCAGATTAC	0	9915
CACGTGTAGACATTAA	0	9916
ATAATCTCTGCAAGTG	0	9917
ATAATCCCGTCACTTG	0	9918
CACGTGGATGGATAAG	0	9919
CACGTGCCGAGACTAA	0	9920
CACGTGGGCAGAATAG	0	9921
CACTTGTTGGGATTAA	0	9922
ATAATCTGAACAAGTG	0	9923
CACGTGATGAGTTTAG	0	9924
CCCGTGATGAGATTAG	0	9925
CACGTGGGTACATTAC	0	9926
CACGTGGAATGATTAG	0	9927
CACGCGAACGGATTAC	0	9928
CACGTGGATAGGTTAC	0	9929
ATAATCTCCGCGCGTG	0	9930
CACGTGAAGAGTTTAA	0	9931
CCCGTGAAGAGATTAA	0	9932
CAAATCTAGACACGTG	0	9933
CACGTGTAGAGATTGG	0	9934
ATAATCCGTACACTTG	0	9935
CACGTGACTGGACTAG	0	9936
CACGTTTCGGGATTAG	0	9937
CACTTGAACGGATTAG	0	9938
CACGTGGTGAGATGAC	0	9939
CACGTGGAAGGTTTAC	0	9940
CCCGTGGAAGGATTAC	0	9941
CACGTGTCAAGATGAA	0	9942
ATAATCTACTCACGAG	0	9943
ATAATCCCATCACCTG	0	9944
ATAATCCCATCATGTG	0	9945
ATAATCCTTACACGAG	0	9946
CACGGGACGGGATTAG	0	9947
CACGTGGTTAGATGAA	0	9948
CTCGTGAGCAGATTAA	0	9949
CACGTGTCGAGAGTAC	0	9950
CACGTGTCCGGTTTAG	0	9951
CCCGTGTCCGGATTAG	0	9952
CACGCGAGCGGATTAG	0	9953
CACGCGCTCAGATTAC	0	9954
CACGTGGGTAGGTTAG	0	9955
CACGTGTCTAGAGTAA	0	9956
CACGTGTTTACATTAG	0	9957
CACGTGGCAGGAATAG	0	9958
CGCGTGTTGAGATTAA	0	9959
CACGTGTAGACATTAC	0	9960
CACGGGTACGGATTAG	0	9961
CACGTGCCGAGACTAC	0	9962
CACGTGGGAGGTTTAG	0	9963
CCCGTGGGAGGATTAG	0	9964
CACTTGTTGGGATTAC	0	9965
CACGTGTATACATTAA	0	9966
CACTTGCTCAGATTAG	0	9967
ATAATCTATGCAAGTG	0	9968
ATAATCCAGTCACTTG	0	9969
CACGTGCCTAGACTAA	0	9970
CACTTGTTTGGATTAA	0	9971
CACGTGATTAGTTTAG	0	9972
CCCGTGATTAGATTAG	0	9973
CACGTGGGGAGATGAA	0	9974
CACTTGCACAGATTAA	0	9975
CACGTGAAGAGTTTAC	0	9976
CCCGTGAAGAGATTAC	0	9977
CAAGTGACCGGATTAA	0	9978
ATACTCTCGCCACGTG	0	9979
CACGGGCCGAGATTAA	0	9980
CAAGTGCACGGATTAG	0	9981
CGCGTGAACAGATTAG	0	9982
ATAATCTACGCGCGTG	0	9983
CACGTGAATAGTTTAA	0	9984
CCCGTGAATAGATTAA	0	9985
CACGTGTGGACATTAG	0	9986
CACGTGTATAGATTGG	0	9987
ATAATGTCTCCACGTG	0	9988
CTCGTGACAGGATTAA	0	9989
CACGTGTCAAGATGAC	0	9990
CACGCGCGCAGATTAA	0	9991
CACGTTTCTGGATTAG	0	9992
CTAATCCTTGCACGAG	0	9993
ATAATCCCACCAAGTG	0	9994
CACGTGTAGAGGTTAG	0	9995
CACGTGGTTAGATGAC	0	9996
CACGTGACGAGAATAG	0	9997
CTCGTGAGCAGATTAC	0	9998
ATAATCCAATCACCTG	0	9999
ATAATCCAATCATGTG	0	10000
CACGGGACTGGATTAG	0	10001
CACTTGTGGGGATTAA	0	10002
ATAATCTGCACAAGTG	0	10003
CACGTGAGGAGTTTAG	0	10004
CCCGTGAGGAGATTAG	0	10005
CACATGATCGGATTAA	0	10006
CAGGTGATCGGATTAA	0	10007
GACGTGATCGGATTAA	0	10008
CACGTGTCTAGAGTAC	0	10009
CGCGTGTTGAGATTAC	0	10010
CACGTGTACAGAATAG	0	10011
CAAATCTGGCCACGTG	0	10012
CGCGTGTTTAGATTAA	0	10013
CACGTGTATACATTAC	0	10014
ATCATCTTGCCACGTG	0	10015
CACGTGCCTAGACTAC	0	10016
CACTTGTTTGGATTAC	0	10017
CACGTGGGGAGATGAC	0	10018
CACTTGCACAGATTAC	0	10019
CAAGTGACCGGATTAC	0	10020
ATAATCCCCTCACCTG	0	10021
ATAATCCCCTCATGTG	0	10022
CACGGGCCGAGATTAC	0	10023
CACGCGCCAGGATTAA	0	10024
CACGTGGGTAGATGAA	0	10025
CACGTGTTAAGACTAA	0	10026
CACGTGAATAGTTTAC	0	10027
CCCGTGAATAGATTAC	0	10028
ATACTCTAGCCACGTG	0	10029
CACGGGCCTAGATTAA	0	10030
ATAATCTCACCACGCG	0	10031
CTCGTGACAGGATTAC	0	10032
CACGCGCGCAGATTAC	0	10033
CACGTGGCCAGAGTAA	0	10034
CACGTGGTCACATTAG	0	10035
CACGTGTGTACATTAG	0	10036
ATAATGTATCCACGTG	0	10037
ATAATCCTGACAAGTG	0	10038
CGCGTGTGGAGATTAA	0	10039
ATAATCCAACCAAGTG	0	10040
CACGTGTATAGGTTAG	0	10041
CACGTGGACACATTAA	0	10042
CACTTGTGGGGATTAC	0	10043
CACGTGACTAGAATAG	0	10044
CACTTGCGCAGATTAG	0	10045
CACATGATCGGATTAC	0	10046
CAGGTGATCGGATTAC	0	10047
GACGTGATCGGATTAC	0	10048
CACTTGGTCGGATTAA	0	10049
CACTTGTGTGGATTAA	0	10050
CACGTGAGTAGTTTAG	0	10051
CCCGTGAGTAGATTAG	0	10052
CACGTGTTGAGATGAG	0	10053
CACGTGTAAGGTTTAG	0	10054
CCCGTGTAAGGATTAG	0	10055
CACGTGTCGAGATAAA	0	10056
CGCGTGTTTAGATTAC	0	10057
CACGTGGACAGATTGG	0	10058
CACGTGTAGAGATGAA	0	10059
CACTTGATAAGATTAA	0	10060
CACGTTGCCGGATTAG	0	10061
ATAATCCCCCCAAGTG	0	10062
CACGCGCCAGGATTAC	0	10063
CAAGTGATAGGATTAG	0	10064
CACGTGGGTAGATGAC	0	10065
CACGTGTTAAGACTAC	0	10066
ATAATCCACTCACCTG	0	10067
ATAATCCACTCATGTG	0	10068
CACGGGCCTAGATTAC	0	10069
ATAATCTTGACACGCG	0	10070
CACGTGGCCAGAGTAC	0	10071
CACATGAGCGGATTAA	0	10072
CAGGTGAGCGGATTAA	0	10073
GACGTGAGCGGATTAA	0	10074
CAAGTGAAAGGATTAA	0	10075
CACGTGGAGGGAATAG	0	10076
ATAATCTAACCACGCG	0	10077
CACGTTACAAGATTAG	0	10078
CACTTGCCAGGATTAG	0	10079
CGCGTGTGGAGATTAC	0	10080
CACGGGTTAAGATTAA	0	10081
CGCGTGGTCAGATTAA	0	10082
CACGTGGACACATTAC	0	10083
CGCGTGTGTAGATTAA	0	10084
ATAATCCCAACGCGTG	0	10085
CACTTGGTCGGATTAC	0	10086
CACTTGTGTGGATTAC	0	10087
ATAGTCTTACCACGTG	0	10088
CTAATCCCATCACGAG	0	10089
CACGTGTCGAGATAAC	0	10090
CAAGTGCTAAGATTAA	0	10091
CACGTGTGAAGACTAA	0	10092
CACGTGTTTAGATGAG	0	10093
CTCGTGAAGGGATTAA	0	10094
ATAATCTGTTCACGAG	0	10095
CACGTGTCTAGATAAA	0	10096
CACGTGTAGAGATGAC	0	10097
ATAATCTCCCCACGCG	0	10098
CACTTGATAAGATTAC	0	10099
CACGTGGGCACATTAG	0	10100
CAAATCTTTCCACGTG	0	10101
CACGTGTATAGATGAA	0	10102
CACGTGGACAGGTTAG	0	10103
CACGTGGCAAGATTCA	0	10104
ATAATCCACCCAAGTG	0	10105
CGCGTGCCAAGATTAG	0	10106
CACATGAGCGGATTAC	0	10107
CAGGTGAGCGGATTAC	0	10108
GACGTGAGCGGATTAC	0	10109
CAAGTGAAAGGATTAC	0	10110
CACTTGGGCGGATTAA	0	10111
ATTATCTCGCCACGTG	0	10112
CACGTGGTAAGAGTAG	0	10113
CACGTGGATGGAATAG	0	10114
CACGGGTTAAGATTAC	0	10115
CACGTGTGGAGATGAG	0	10116
CTCGTGCTGAGATTAA	0	10117
CGCGTGGTCAGATTAC	0	10118
ATCATCTCTCCACGTG	0	10119
CGCGTGTGTAGATTAC	0	10120
CACGTGGAAAGAGTAA	0	10121
CACGTGGCGAGCTTAG	0	10122
CACGCGCTGGGATTAG	0	10123
ATAATCCAAACGCGTG	0	10124
CACTTGAGAAGATTAA	0	10125
CACGCGCAGGGATTAA	0	10126
ATAATCTGTGCGCGTG	0	10127
CAAGTGAGAGGATTAG	0	10128
CACGCGTTCGGATTAA	0	10129
CAAGTGCTAAGATTAC	0	10130
CTAATCCAATCACGAG	0	10131
CACGTGTGAAGACTAC	0	10132
CACGTGGCAGCATTAG	0	10133
CTCGTGAAGGGATTAC	0	10134
CACGTGTCTAGATAAC	0	10135
ATAATCTTACCCCGTG	0	10136
CTCGTGAATGGATTAA	0	10137
ATAATCCCTACAAGTG	0	10138
CACGTGTATAGATGAC	0	10139
ATAATCTACCCACGCG	0	10140
CACGTGTCGGGACTAA	0	10141
ATAGTCTGGACACGTG	0	10142
CACGGGTGAAGATTAA	0	10143
CACGTGGCAAGATTCC	0	10144
CGCGTGGGCAGATTAA	0	10145
CACGTTGAAGGATTAG	0	10146
ATAATCCCCACGCGTG	0	10147
CACTTGGGCGGATTAC	0	10148
ATAGTCTTCCCACGTG	0	10149
CTAATCCCCTCACGAG	0	10150
CTCGTGCTGAGATTAC	0	10151
ATTATCTAGCCACGTG	0	10152
CACGTGGAAAGAGTAC	0	10153
CACGTGGTCAGATGAG	0	10154
CAAGTGCGAAGATTAA	0	10155
CACGTGGCAATATTAG	0	10156
CACGTGTGTAGATGAG	0	10157
CTCGTGCTTAGATTAA	0	10158
CACGTGGCCAGATAAA	0	10159
ATCATCTATCCACGTG	0	10160
CACGTGACGACATTAG	0	10161
CACGTGGCTAGCTTAG	0	10162
CACTTGAGAAGATTAC	0	10163
CACGCGCTTGGATTAG	0	10164
CACGTGGACAGATGAA	0	10165
CACGCGCAGGGATTAC	0	10166
CACGTGTCCAGAGTAG	0	10167
CACGCGTTCGGATTAC	0	10168
CACGTGTTGAGTTTAA	0	10169
CCCGTGTTGAGATTAA	0	10170
CACGCGCATGGATTAA	0	10171
ATAATCTCTACACGCG	0	10172
CACTTGACGGGATTAA	0	10173
ATAATCTGGTCAAGTG	0	10174
CACGTGTACACATTAG	0	10175
CTCGTGAATGGATTAC	0	10176
CACGTTAAGAGATTAG	0	10177
CACTTGCAGGGATTAG	0	10178
CGCGTGGCAGGATTAA	0	10179
CACGTGTCGGGACTAC	0	10180
CACGTGGGAAGAGTAG	0	10181
CACGTGCCCAGACTAG	0	10182
CACTTGTTCGGATTAG	0	10183
CACGGGTGAAGATTAC	0	10184
ATAATCCATACAAGTG	0	10185
CTCGTGCGGAGATTAA	0	10186
CGCGTGGGCAGATTAC	0	10187
CACGTGTCTGGACTAA	0	10188
CACTTGTACGGATTAA	0	10189
CACGCGCGGGGATTAG	0	10190
CACGTGAACAGTTTAG	0	10191
CCCGTGAACAGATTAG	0	10192
CACGGGTCGGGATTAA	0	10193
ATAATCCGACCGCGTG	0	10194
ATAATCTGGACCCGTG	0	10195
ATAATCCACACGCGTG	0	10196
CACGCGTGCGGATTAA	0	10197
CAAGTGCGAAGATTAC	0	10198
CTAATCCACTCACGAG	0	10199
CTCGTGCTTAGATTAC	0	10200
CACGTGGCCAGATAAC	0	10201
ATAGTCCCGCCACGTG	0	10202
CACGTGGTGAGATTCG	0	10203
ATAATCTTCCCCCGTG	0	10204
CACGTGGACAGATGAC	0	10205
ATAATCTTATCGCGTG	0	10206
CACGTGACTACATTAG	0	10207
ATAATCCGTTCACCTG	0	10208
ATAATCCGTTCATGTG	0	10209
CAAGTGCCGGGATTAA	0	10210
CGCGTGACGAGATTAA	0	10211
ATAATCTGGGCACTTG	0	10212
CACGTGGAGAGATTCA	0	10213
CACGTGTTGAGTTTAC	0	10214
CCCGTGTTGAGATTAC	0	10215
CACGCGCATGGATTAC	0	10216
CGCGTGCAGAGATTAG	0	10217
CACTTGACGGGATTAC	0	10218
CGCGTGTTCAGATTAG	0	10219
CACGTGTTTAGTTTAA	0	10220
CCCGTGTTTAGATTAA	0	10221
ATAATCTATACACGCG	0	10222
ATAATCTTGGCACGAG	0	10223
CGCGTGGCAGGATTAC	0	10224
CACTTGACTGGATTAA	0	10225
CACGTTAATAGATTAG	0	10226
CGCGTGTACAGATTAA	0	10227
CACTTGCATGGATTAG	0	10228
CTCGTGCGGAGATTAC	0	10229
CACGTGTCTGGACTAC	0	10230
CACGTGGGCAGATGAG	0	10231
CACTTGTACGGATTAC	0	10232
CACGTGGCGGGAGTAG	0	10233
CTCGTGCGTAGATTAA	0	10234
CACATGCTGGGATTAA	0	10235
CAGGTGCTGGGATTAA	0	10236
GACGTGCTGGGATTAA	0	10237
ATAATCTGAGCATGTG	0	10238
ATAATCTGAGCACCTG	0	10239
ATAGTCTTTACACGTG	0	10240
CACGGGTCGGGATTAC	0	10241
CACGGGCCCAGATTAG	0	10242
CACGCGCGTGGATTAG	0	10243
ATAAACTCACCACGTG	0	10244
ATAATCTCACCACGGG	0	10245
CACGTGTCGAGAATAA	0	10246
CACGGGTCTGGATTAA	0	10247
CACGTGGAGGCATTAG	0	10248
CACGCGTGCGGATTAC	0	10249
CACGTGTGGAGTTTAA	0	10250
CCCGTGTGGAGATTAA	0	10251
CACGTGTCAAGATTCG	0	10252
CACGTGGTAAGATAAG	0	10253
ATAGTCCAGCCACGTG	0	10254
CAAGTGCCGGGATTAC	0	10255
CACGTGGTTAGATTCG	0	10256
CGCGTGACGAGATTAC	0	10257
CACTTGTGCGGATTAG	0	10258
CACGTGGAGAGATTCC	0	10259
ATAATCCGTCCAAGTG	0	10260
CACGTGGAAAGATAAA	0	10261
CACGTGGCCGGACTAA	0	10262
CAAGTGCCTGGATTAA	0	10263
CGCGTGACTAGATTAA	0	10264
ATAATCCCGCCCCGTG	0	10265
CACGTGGATAGATTCA	0	10266
CACGTGTTTAGTTTAC	0	10267
CCCGTGTTTAGATTAC	0	10268
CGCGTGCATAGATTAG	0	10269
CACGTGTAAAGAGTAG	0	10270
CACTTGACTGGATTAC	0	10271
ATAATCCGCCCGCGTG	0	10272
CACGTGGCAGGATGAG	0	10273
CGCGTGTACAGATTAC	0	10274
ATAATCTTTTCAAGTG	0	10275
CACGTGGAGATATTAG	0	10276
CACGTGACAAGACTAA	0	10277
CTCGTGCGTAGATTAC	0	10278
CACATGCTGGGATTAC	0	10279
CAGGTGCTGGGATTAC	0	10280
GACGTGCTGGGATTAC	0	10281
CACGTGCAAAGACTAG	0	10282
CACGTGGGGAGATTCG	0	10283
CACGTTGTGAGATTAA	0	10284
CACGTGTCGAGAATAC	0	10285
CACGTGGCTGGAGTAG	0	10286
ATAAACTTGACACGTG	0	10287
ATAATCTTGACACGGG	0	10288
CACATGCTTGGATTAA	0	10289
CAGGTGCTTGGATTAA	0	10290
GACGTGCTTGGATTAA	0	10291
ATAATCTTCTCGCGTG	0	10292
CACGGGTCTGGATTAC	0	10293
CGCGTGGTGGGATTAG	0	10294
ATAAACTAACCACGTG	0	10295
ATAATCTAACCACGGG	0	10296
CACGTGTCTAGAATAA	0	10297
CACGTGTGGAGTTTAC	0	10298
CCCGTGTGGAGATTAC	0	10299
CACGTGGCGAGATTGA	0	10300
CACGTGGATGCATTAG	0	10301
ATAATCTTTACCCGTG	0	10302
CACGTGGTCAGTTTAA	0	10303
CCCGTGGTCAGATTAA	0	10304
CGCGTGTGCAGATTAG	0	10305
CGCGTGGAGGGATTAA	0	10306
ATAATCTGTCCACGCG	0	10307
CACGTGTGTAGTTTAA	0	10308
CCCGTGTGTAGATTAA	0	10309
CACGTGGAAAGATAAC	0	10310
CACGTGACGAGATGAG	0	10311
CACGTGGCCGGACTAC	0	10312
CAAGTGCCTGGATTAC	0	10313
CGCGTGACTAGATTAC	0	10314
CACGTGGATAGATTCC	0	10315
ATATTCTCGCCACGTG	0	10316
CACATGCGGGGATTAA	0	10317
CAGGTGCGGGGATTAA	0	10318
GACGTGCGGGGATTAA	0	10319
ATAATCCAGCCCCGTG	0	10320
ATAATCTGCGCACCTG	0	10321
ATAATCTGCGCATGTG	0	10322
ATAATCTTTGCACTTG	0	10323
CACGTGTCCAGATAAG	0	10324
CAAGTGTTAGGATTAA	0	10325
ATAAACTCCCCACGTG	0	10326
ATAATCTCCCCACGGG	0	10327
CACGGGGCCGGATTAA	0	10328
CACGTGTACAGATGAG	0	10329
CACGTGACAAGACTAC	0	10330
CACGTGGATATATTAG	0	10331
CACGTTGTGAGATTAC	0	10332
CACGTGGGAAGATAAG	0	10333
CACGTTTCAAGATTAA	0	10334
CACGTGCCAAGTTTAG	0	10335
CCCGTGCCAAGATTAG	0	10336
CACATGCTTGGATTAC	0	10337
CAGGTGCTTGGATTAC	0	10338
GACGTGCTTGGATTAC	0	10339
CACGTGGCAAGATCAG	0	10340
CACGTGGGTAGATTCG	0	10341
CACGTTGTTAGATTAA	0	10342
CGCGTGTCAGGATTAG	0	10343
CACGTGTCTAGAATAC	0	10344
CACGGGACAAGATTAA	0	10345
CACGTGGCGAGATTGC	0	10346
CGCGTGGTTGGATTAG	0	10347
CACGGGCAAAGATTAG	0	10348
CACGTGGTCAGTTTAC	0	10349
CCCGTGGTCAGATTAC	0	10350
ATAATCTCTGCACGAG	0	10351
CGCGTGGAGGGATTAC	0	10352
ATAATCCCGTCGCGTG	0	10353
CACGTGTGTAGTTTAC	0	10354
CCCGTGTGTAGATTAC	0	10355
CACGTGGCTAGATTGA	0	10356
CTCGTGTTGGGATTAA	0	10357
ATAATCTGAACACGAG	0	10358
CGCGTGGATGGATTAA	0	10359
CACGTGGCGAGGTTAA	0	10360
ATAATCCTGGCACCTG	0	10361
ATAATCCTGGCATGTG	0	10362
CACGTGGTAGGACTAG	0	10363
CACGTGACTAGATGAG	0	10364
CACATGCGGGGATTAC	0	10365
CAGGTGCGGGGATTAC	0	10366
GACGTGCGGGGATTAC	0	10367
ATAATCCGTACGCGTG	0	10368
CACGTTGGGAGATTAA	0	10369
ATATTCTAGCCACGTG	0	10370
CAAGTGTTAGGATTAC	0	10371
CACGTGGAAGGACTAA	0	10372
CAGGTGCGTGGATTAA	0	10373
GACGTGCGTGGATTAA	0	10374
CACGGGGCCGGATTAC	0	10375
CTAATCCGTTCACGAG	0	10376
CGCGTGGGGGGATTAG	0	10377
CACGTGGCCAGAATAA	0	10378
ATAAACTACCCACGTG	0	10379
ATAATCTACCCACGGG	0	10380
CACGTGTAGAGATTCG	0	10381
CACGTTTCAAGATTAC	0	10382
CACGTGGGCAGTTTAA	0	10383
CCCGTGGGCAGATTAA	0	10384
CACGTTGTTAGATTAC	0	10385
CACGGGACAAGATTAC	0	10386
CACGTGGCGGGATAAG	0	10387
ATAATCCTACCACTTG	0	10388
CACGTGGCTAGATTGC	0	10389
CACGTGATGAGACTAG	0	10390
CTCGTGTTGGGATTAC	0	10391
CTAATCTGAGCACGAG	0	10392
CACGTGGAGGGATGAG	0	10393
ATAATCTATGCACGAG	0	10394
CGCGTGGATGGATTAC	0	10395
ATAATCCAGTCGCGTG	0	10396
CACGTGGCGAGGTTAC	0	10397
CAAGTGTGAGGATTAA	0	10398
CTCGTGTTTGGATTAA	0	10399
CACGTGAAGAGACTAA	0	10400
CTCGTGCACAGATTAA	0	10401
CACGCGACCGGATTAA	0	10402
ATAATCTTGCAACGTG	0	10403
CACGTGGCTAGGTTAA	0	10404
CACGCGCACGGATTAG	0	10405
ATAAACTCTACACGTG	0	10406
ATAATCTCTACACGGG	0	10407
CACGTTGGGAGATTAC	0	10408
CACGTGGAAGGACTAC	0	10409
CAGGTGCGTGGATTAC	0	10410
GACGTGCGTGGATTAC	0	10411
CACGTGGCAGGTTTAA	0	10412
CCCGTGGCAGGATTAA	0	10413
CACGTGGCCAGAATAC	0	10414
CACGTTGGTAGATTAA	0	10415
CACGGGGTAGGATTAG	0	10416
ATAATCCCACCACGAG	0	10417
CACGTGTAAAGATAAG	0	10418
CGCGTGGGTGGATTAG	0	10419
CACGTGTCCGGACTAG	0	10420
CACGTGGGCAGTTTAC	0	10421
CCCGTGGGCAGATTAC	0	10422
CACGTGGCAAAATTAG	0	10423
ATAATCTCATCACTTG	0	10424
CACGTGTATAGATTCG	0	10425
CACGGGGAAGGATTAA	0	10426
CTCGTGTGGGGATTAA	0	10427
ATAATCTGCACACGAG	0	10428
CACGTGTCGACATTAA	0	10429
CACGTGGGAGGACTAG	0	10430
ATAATCTCGGCAAGTG	0	10431
CACGTGGCTGGATAAG	0	10432
CAAGTGTGAGGATTAC	0	10433
CACGTGATTAGACTAG	0	10434
CTCGTGTTTGGATTAC	0	10435
CACGTTTTGAGATTAG	0	10436
CACGTGGCATGATTAG	0	10437
CACGTGGATGGATGAG	0	10438
CACGTGAAGAGACTAC	0	10439
CTCGTGCACAGATTAC	0	10440
CACGCGACCGGATTAC	0	10441
CACGTGGCTAGGTTAC	0	10442
CACGTGACGAGTTTAA	0	10443
CCCGTGACGAGATTAA	0	10444
CACGGGATGAGATTAG	0	10445
CACGTGAATAGACTAA	0	10446
CACGTTTAGAGATTAA	0	10447
CACGTGTCGAGATTGG	0	10448
ATAATCCGGACACTTG	0	10449
CACGTGCAGAGTTTAG	0	10450
CCCGTGCAGAGATTAG	0	10451
CACGTGGAGAGATCAG	0	10452
CACGTGTTCAGTTTAG	0	10453
CCCGTGTTCAGATTAG	0	10454
CGCGTGTAGGGATTAG	0	10455
CACGGGAAGAGATTAA	0	10456
ATAAACTATACACGTG	0	10457
ATAATCTATACACGGG	0	10458
CACTTGACCGGATTAG	0	10459
CACGTGGCAGGTTTAC	0	10460
CCCGTGGCAGGATTAC	0	10461
CACGTTGGTAGATTAC	0	10462
ATAATCCTGACACGAG	0	10463
CACGTGGTAAGAATAG	0	10464
CACGTGTACAGTTTAA	0	10465
CCCGTGTACAGATTAA	0	10466
ATAATCCTCCCACTTG	0	10467
ATAATCCAACCACGAG	0	10468
CACGTGAGGAGACTAG	0	10469
CACGGGGAAGGATTAC	0	10470
CTCGTGTGGGGATTAC	0	10471
CTAATCTGCGCACGAG	0	10472
CACGTGGAAAGAATAA	0	10473
ATAATCCCTGCACCTG	0	10474
ATAATCCCTGCATGTG	0	10475
CTCGTGGTCGGATTAA	0	10476
ATAATCTAATCACTTG	0	10477
CTCGTGTGTGGATTAA	0	10478
ATAATCCGAACACCTG	0	10479
ATAATCCGAACATGTG	0	10480
CACGTGTCGACATTAC	0	10481
CACGGGTCCGGATTAG	0	10482
CAAGTGATCAGATTAA	0	10483
CACGTGTCTACATTAA	0	10484
ATAATCTAGGCAAGTG	0	10485
CTCGTGATAAGATTAA	0	10486
CACTTGCCCAGATTAA	0	10487
CCCGTGACGAGATTAC	0	10488
CACGTGACGAGTTTAC	0	10489
CACGGGGGAGGATTAG	0	10490
CACGTTTTTAGATTAG	0	10491
ATAATCCCCCCACGAG	0	10492
CACGTGAATAGACTAC	0	10493
CACGCGATAGGATTAG	0	10494
CACGTTTAGAGATTAC	0	10495
CAAGTGCCCGGATTAG	0	10496
CGCGTGACCAGATTAG	0	10497
CACGTGACTAGTTTAA	0	10498
CCCGTGACTAGATTAA	0	10499
CACGTGGACAGATTCG	0	10500
CACGGGATTAGATTAG	0	10501
ATAATCTCCTCACTTG	0	10502
CACGTTTATAGATTAA	0	10503
CACGTGTCTAGATTGG	0	10504
CACGGGAAGAGATTAC	0	10505
ATAATGTCGCCACGTG	0	10506
CACGTGCATAGTTTAG	0	10507
CCCGTGCATAGATTAG	0	10508
CACGCGAAAGGATTAA	0	10509
CACGTGGATAGATCAG	0	10510
CGCGTGTATGGATTAG	0	10511
CTAATCCTGGCACGAG	0	10512
CACGTGTCGAGGTTAG	0	10513
CACGTGTACAGTTTAC	0	10514
CCCGTGTACAGATTAC	0	10515
CACGGGAATAGATTAA	0	10516
CACGTGGAAAGAATAC	0	10517
CTCGTGGTCGGATTAC	0	10518
CACGTGAGTAGACTAG	0	10519
CTCGTGTGTGGATTAC	0	10520
CACGTTTGGAGATTAG	0	10521
ATAATCTCTCAACGTG	0	10522
CACATGCTCGGATTAG	0	10523
CAGGTGCTCGGATTAG	0	10524
CTAATCCGAGCACGTC	0	10525
CACGTGTAAGGACTAG	0	10526
ATAATCCATGCACCTG	0	10527
ATAATCCATGCATGTG	0	10528
CAAGTGATCAGATTAC	0	10529
CACGTGGTGGGTTTAG	0	10530
CCCGTGGTGGGATTAG	0	10531
CACGTGTCCAGAATAG	0	10532
CACGGGAGGAGATTAG	0	10533
CACGTGTCTACATTAC	0	10534
CACGCGCTAAGATTAA	0	10535
CACATGCACGGATTAA	0	10536
CAGGTGCACGGATTAA	0	10537
GACGTGCACGGATTAA	0	10538
CACGTGTGCAGTTTAG	0	10539
CCCGTGTGCAGATTAG	0	10540
CACGTGGAGGGTTTAA	0	10541
CCCGTGGAGGGATTAA	0	10542
ATAAACTGTCCACGTG	0	10543
ATAATCTGTCCACGGG	0	10544
CTCGTGATAAGATTAC	0	10545
CACTTGCCCAGATTAC	0	10546
CACGTGGGAAGAATAG	0	10547
ATAATCTTAACAAGTG	0	10548
CACGTGGAGAAATTAG	0	10549
CACGTGACTAGTTTAC	0	10550
CCCGTGACTAGATTAC	0	10551
ATAATCCACCCACGAG	0	10552
CACGTTTATAGATTAC	0	10553
CACGCGAAAGGATTAC	0	10554
CTCGTGGGCGGATTAA	0	10555
ATAATCTACTCACTTG	0	10556
CACGGGAATAGATTAC	0	10557
ATAATGTAGCCACGTG	0	10558
ATAATCCGCACACCTG	0	10559
ATAATCCGCACATGTG	0	10560
ATAATCCTTACACTTG	0	10561
CAAGTGAGCAGATTAA	0	10562
CACGTGTCTAGGTTAG	0	10563
CACGTGGCCACATTAA	0	10564
CACTTGAAAGGATTAG	0	10565
CACGTGGAGTGATTAG	0	10566
CTCGTGAGAAGATTAA	0	10567
CACGTTGTCAGATTAG	0	10568
CACGTGTCAGGTTTAG	0	10569
CCCGTGTCAGGATTAG	0	10570
CACGTTTGTAGATTAG	0	10571
ATAATCTATCAACGTG	0	10572
CACGCGAGAGGATTAG	0	10573
CACGCGCTAAGATTAC	0	10574
CACATGCACGGATTAC	0	10575
CAGGTGCACGGATTAC	0	10576
GACGTGCACGGATTAC	0	10577
CACGTGGTTGGTTTAG	0	10578
CCCGTGGTTGGATTAG	0	10579
CACGTTGACAGATTAA	0	10580
CACGGGAGTAGATTAG	0	10581
CACGTGGAGGGTTTAC	0	10582
CCCGTGGAGGGATTAC	0	10583
CACGTGGCCAGATTGG	0	10584
CACGTGTCGAGATGAA	0	10585
ATAATCCCTACACGAG	0	10586
CGCGTGGACGGATTAG	0	10587
CACGTGGATGGTTTAA	0	10588
CCCGTGGATGGATTAA	0	10589
CACGTGGATAAATTAG	0	10590
CACTTGCAAAGATTAA	0	10591
CAAGTGACAGGATTAA	0	10592
CACGTGGCGGGAATAG	0	10593
CTCGTGGGCGGATTAC	0	10594
CACATGCGCGGATTAG	0	10595
CAGGTGCGCGGATTAG	0	10596
CTAATCCGCGCACGTC	0	10597
CAAGTGCAAGGATTAG	0	10598
CGCGTGAAAAGATTAG	0	10599
CAAGTGAGCAGATTAC	0	10600
CACGTGGGGGGTTTAG	0	10601
CCCGTGGGGGGATTAG	0	10602
CACGTGGCCACATTAC	0	10603
CACGCGCGAAGATTAA	0	10604
CTCGTGAGAAGATTAC	0	10605
CACGTGGATTGATTAG	0	10606
ATAATCTTCACAAGTG	0	10607
CACATGATAGGATTAA	0	10608
CAGGTGATAGGATTAA	0	10609
GACGTGATAGGATTAA	0	10610
CACGTTGACAGATTAC	0	10611
CTCGTGACGGGATTAA	0	10612
ATAATCTGGTCACGAG	0	10613
CACGTGTCGAGATGAC	0	10614
CTAATCCCTGCACGAG	0	10615
CACGTGTAAAGAATAG	0	10616
CACGTGGATGGTTTAC	0	10617
CCCGTGGATGGATTAC	0	10618
CAAATCTTGCCACGTG	0	10619
CACGTGTCTAGATGAA	0	10620
CTAATCCGAACACGAG	0	10621
ATAATCCATACACGAG	0	10622
CACGTGGCCAGGTTAG	0	10623
CTCGTGTACGGATTAA	0	10624
CACTTGCAAAGATTAC	0	10625
CAAGTGACAGGATTAC	0	10626
CACGTGGCTGGAATAG	0	10627
CACGTTGGCAGATTAG	0	10628
ATCATCTCGCCACGTG	0	10629
CACGCGCGAAGATTAC	0	10630
CACGTGGCAAGAGTAA	0	10631
CACGTGGTAACATTAG	0	10632
CACGTGGGTGGTTTAG	0	10633
CCCGTGGGTGGATTAG	0	10634
CACGCGCCGGGATTAA	0	10635
CACGTGGAAACATTAA	0	10636
ATAATCTGGGCGCGTG	0	10637
CACGTGTTGAGACTAA	0	10638
CACTTGCGAAGATTAG	0	10639
CACATGATAGGATTAC	0	10640
CAGGTGATAGGATTAC	0	10641
GACGTGATAGGATTAC	0	10642
CACTTGGTAGGATTAA	0	10643
CTCGTGACGGGATTAC	0	10644
CTCGTGACTGGATTAA	0	10645
ATAATCCCGACAAGTG	0	10646
CACGTGTCTAGATGAC	0	10647
CTAATCCATGCACGAG	0	10648
CACGTGGAAAGATTGG	0	10649
CACGTGAACAGACTAG	0	10650
CTCGTGTACGGATTAC	0	10651
CACGTTGCAGGATTAG	0	10652
CACGTGTAGGGTTTAG	0	10653
CCCGTGTAGGGATTAG	0	10654
CACGTGGCAAGAGTAC	0	10655
CACATGAGAGGATTAA	0	10656
CAGGTGAGAGGATTAA	0	10657
GACGTGAGAGGATTAA	0	10658
ATCATCTAGCCACGTG	0	10659
CACTTGATGAGATTAA	0	10660
CACGTGGCCAGATGAA	0	10661
CACGCGCCGGGATTAC	0	10662
CGCGTGGTAAGATTAA	0	10663
CAAGTGATGGGATTAG	0	10664
CACGTGGAAACATTAC	0	10665
CACGTGTTGAGACTAC	0	10666
CTAATCCGCACACGAG	0	10667
ATAATCCGTCCACGAG	0	10668
CACTTGGTAGGATTAC	0	10669
CACGCGCCTGGATTAA	0	10670
ATAATCTCGACACGCG	0	10671
CACGTGTTTAGACTAA	0	10672
CAAGTGAAGGGATTAA	0	10673
ATAATCTGTTCACTTG	0	10674
CACGTGTCCACATTAG	0	10675
CTCGTGACTGGATTAC	0	10676
CACGTTACGAGATTAG	0	10677
CACTTGCCGGGATTAG	0	10678
CACGGGTTGAGATTAA	0	10679
ATAATCCAGACAAGTG	0	10680
ATAATCTTTTCACGAG	0	10681
CACTTGTCCGGATTAA	0	10682
CACGTGGGAACATTAG	0	10683
CCCGTGACCAGATTAG	0	10684
CACGTGACCAGTTTAG	0	10685
ATAGTCTCACCACGTG	0	10686
CACGTTTACAGATTAG	0	10687
CACGTGGAAAGGTTAG	0	10688
CAAGTGCTGAGATTAA	0	10689
CACGTGTGGAGACTAA	0	10690
CACGTGTATGGTTTAG	0	10691
CCCGTGTATGGATTAG	0	10692
CACGGGAACAGATTAG	0	10693
CACATGAGAGGATTAC	0	10694
CAGGTGAGAGGATTAC	0	10695
GACGTGAGAGGATTAC	0	10696
CACTTGGGAGGATTAA	0	10697
CACTTGATGAGATTAC	0	10698
CAAATCTCTCCACGTG	0	10699
CACGTGGCCAGATGAC	0	10700
CGCGTGGTAAGATTAC	0	10701
CACTTGATTAGATTAA	0	10702
ATAATCCGGTCACCTG	0	10703
ATAATCCGGTCATGTG	0	10704
CACGTGGCGAGATTCA	0	10705
CAAGTGATTGGATTAG	0	10706
CGCGTGCCGAGATTAG	0	10707
CACGTGTTTAGACTAC	0	10708
CAAGTGAAGGGATTAC	0	10709
CACGTGGTGAGAGTAG	0	10710
ATAATCTAGACACGCG	0	10711
ATAATCTTTGCGCGTG	0	10712
CAAGTGAATGGATTAA	0	10713
CACGGGTTGAGATTAC	0	10714
CACGCGTTAGGATTAA	0	10715
CACGTTACTAGATTAG	0	10716
CGCGTGTCCAGATTAA	0	10717
CACTTGCCTGGATTAG	0	10718
CACGTGGAGAGAGTAA	0	10719
CACGGGTTTAGATTAA	0	10720
CACTTGTCCGGATTAC	0	10721
ATAGTCTTGACACGTG	0	10722
CACTTGAGGAGATTAA	0	10723
CGCGTGGGAAGATTAA	0	10724
CAAGTGAGGGGATTAG	0	10725
ATAGTCTAACCACGTG	0	10726
CAAGTGCTGAGATTAC	0	10727
CACGTGTGGAGACTAC	0	10728
CACGTGGCGGCATTAG	0	10729
CACTTGGGAGGATTAC	0	10730
CACGTGGTCAGACTAA	0	10731
CAAGTGCTTAGATTAA	0	10732
CACGTGTGTAGACTAA	0	10733
ATAATCTCACCCCGTG	0	10734
CACTTGATTAGATTAC	0	10735
CACGGGTGGAGATTAA	0	10736
CACGTGGTAAGATGAG	0	10737
CAAATCTATCCACGTG	0	10738
CACGTGGCGAGATTCC	0	10739
ATAATCCGGCCAAGTG	0	10740
CACGTGGCAAGATAAA	0	10741
CACGTTGAGGGATTAG	0	10742
CACGTGGCTAGATTCA	0	10743
CACGTGGAAAGATGAA	0	10744
CGCGTGCCTAGATTAG	0	10745
CACGTGTCAAGAGTAG	0	10746
CAAGTGAATGGATTAC	0	10747
CACGCGTTAGGATTAC	0	10748
CACGTGGTTAGAGTAG	0	10749
CGCGTGTCCAGATTAC	0	10750
CACGTGGAGAGAGTAC	0	10751
ATAATCTTGTCAAGTG	0	10752
CACGTGGACGGTTTAG	0	10753
CCCGTGGACGGATTAG	0	10754
CACGGGTTTAGATTAC	0	10755
CAAGTGCGGAGATTAA	0	10756
CACGTGGCGATATTAG	0	10757
CACGTGTAAACATTAG	0	10758
CACGTGGATAGAGTAA	0	10759
CACTTGAGGAGATTAC	0	10760
CACGTGCCAAGACTAG	0	10761
CACTTGTTAGGATTAG	0	10762
CGCGTGGGAAGATTAC	0	10763
CACTTGAGTAGATTAA	0	10764
CACTTGTAAGGATTAA	0	10765
CACGTGAAAAGTTTAG	0	10766
CCCGTGAAAAGATTAG	0	10767
CACGTGGTCAGACTAC	0	10768
CAAGTGAGTGGATTAG	0	10769
CAAGTGCTTAGATTAC	0	10770
CACGTGTGTAGACTAC	0	10771
ATAATCCTACCGCGTG	0	10772
CACGTGGCTGCATTAG	0	10773
ATAATCTTGACCCGTG	0	10774
CGCGTGGCGGGATTAA	0	10775
ATAATCTGGCCACGCG	0	10776
CACGTGGGGAGAGTAG	0	10777
ATAATCTAACCCCGTG	0	10778
CACGGGTGGAGATTAC	0	10779
CACGCGTGAGGATTAA	0	10780
CACGTGGCAAGATAAC	0	10781
CACGGGGTCAGATTAA	0	10782
CACGGGTGTAGATTAA	0	10783
CACGTGGCTAGATTCC	0	10784
CACGTGGAAAGATGAC	0	10785
ATAATCCTTTCACCTG	0	10786
ATAATCCTTTCATGTG	0	10787
CACGTTGATGGATTAG	0	10788
ATAATCTTGGCACTTG	0	10789
ATAGTCTACCCACGTG	0	10790
CAAGTGCGGAGATTAC	0	10791
CACGTGTCCAGATGAG	0	10792
CGCGTGTTAAGATTAG	0	10793
CACGTGGGCAGACTAA	0	10794
CACGTGGATAGAGTAC	0	10795
CAAGTGCGTAGATTAA	0	10796
CACGTGGCTATATTAG	0	10797
ATAATCTCCCCCCGTG	0	10798
ATAATCTCATCGCGTG	0	10799
CGCGTGTAAAGATTAA	0	10800
CACTTGAGTAGATTAC	0	10801
CACGTGGGAAGATGAG	0	10802
CACTTGTAAGGATTAC	0	10803
ATAATCTTAGCACCTG	0	10804
ATAATCTTAGCATGTG	0	10805
CACGGGCCAAGATTAG	0	10806
ATAATCTCGGCACGAG	0	10807
CGCGTGGCGGGATTAC	0	10808
CACGCGTGAGGATTAC	0	10809
CGCGTGGCTGGATTAA	0	10810
CACGTGGGTAGAGTAG	0	10811
CACGGGGTCAGATTAC	0	10812
CACGGGTGTAGATTAC	0	10813
ATAGTCTCTACACGTG	0	10814
ATAATCCGGACGCGTG	0	10815
CACTTGTGAGGATTAG	0	10816
ATAATCCTTCCAAGTG	0	10817
CACGTGGCAGGACTAA	0	10818
CTAATCCGGTCACGAG	0	10819
CACGTGGGCAGACTAC	0	10820
CACGTGTCGAGATTCG	0	10821
CACGTGGTGAGATAAG	0	10822
CAAGTGCGTAGATTAC	0	10823
ATAATCCTCCCGCGTG	0	10824
CGCGTGTAAAGATTAC	0	10825
ATAATCTACCCCCGTG	0	10826
CACGTGGAGAGATAAA	0	10827
ATAATCTAATCGCGTG	0	10828
CACGGGGGCAGATTAA	0	10829
CACGCGATCAGATTAA	0	10830
CACGTGTAGAGAGTAG	0	10831
CACGTGGCGGGATGAG	0	10832
ATAATCTAGGCACGAG	0	10833
CGCGTGGCTGGATTAC	0	10834
ATAATCTCTTCAAGTG	0	10835
CACGTGACGAGACTAA	0	10836
CTCGTGCCCAGATTAA	0	10837
CACGTGGTAAGTTTAA	0	10838
CCCGTGGTAAGATTAA	0	10839
CGCGTGTGAAGATTAG	0	10840
ATAATCTTTCCACGCG	0	10841
CACGTGCAGAGACTAG	0	10842
CACGCGCCCGGATTAG	0	10843
CACGTGTTCAGACTAG	0	10844
ATAAACTCGACACGTG	0	10845
ATAATCTCGACACGGG	0	10846
ATAATCTCCTCGCGTG	0	10847
ATAGTCTATACACGTG	0	10848
CACGTGGCAGGACTAC	0	10849
CACGTGTACAGACTAA	0	10850
ATAATCTCTACCCGTG	0	10851
ATAATCTTCGCACCTG	0	10852
ATAATCTTCGCATGTG	0	10853
CACGTGTCAAGATAAG	0	10854
CACGTGTCTAGATTCG	0	10855
CACGGGGCAGGATTAA	0	10856
CACGTGGTTAGATAAG	0	10857
CACGTGTAAAGATGAG	0	10858
CACGTGGAGAGATAAC	0	10859
CACGGGGGCAGATTAC	0	10860
CACGTGGATAGATAAA	0	10861
CACGCGATCAGATTAC	0	10862
ATAATCTCTGCACTTG	0	10863
CAAGTGTTGGGATTAA	0	10864
ATAATCTGAACACTTG	0	10865
CACGTGTATAGAGTAG	0	10866
CACGTGGCTGGATGAG	0	10867
CACGTGACGAGACTAC	0	10868
CACTTGATCAGATTAG	0	10869
CTCGTGCCCAGATTAC	0	10870
CACGTGGTAAGTTTAC	0	10871
CCCGTGGTAAGATTAC	0	10872
ATAATCTATTCAAGTG	0	10873
ATAATCTTAACACGAG	0	10874
CACGTGACTAGACTAA	0	10875
CACGTGGGGAGATAAG	0	10876
CACGTTTCGAGATTAA	0	10877
CACGTGCCGAGTTTAG	0	10878
CCCGTGCCGAGATTAG	0	10879
CACTTGAACAGATTAA	0	10880
CACGTGCATAGACTAG	0	10881
CACGTGGCGAGATCAG	0	10882
CGCGTGTCGGGATTAG	0	10883
CACGGGACGAGATTAA	0	10884
ATAAACTAGACACGTG	0	10885
ATAATCTAGACACGGG	0	10886
CAAGTGAACGGATTAG	0	10887
ATAATCTACTCGCGTG	0	10888
CACGTGTACAGACTAC	0	10889
CACGGGCAGAGATTAG	0	10890
ATAATCCTTACGCGTG	0	10891
CACGTGTCCAGTTTAA	0	10892
CCCGTGTCCAGATTAA	0	10893
CACGCGAGCAGATTAA	0	10894
CACGGGTTCAGATTAG	0	10895
ATAATCTATACCCGTG	0	10896
CACGGGGCAGGATTAC	0	10897
CTAATCCTTTCACGAG	0	10898
CACGTGGCAAGAATAA	0	10899
ATAATCCCGGCACCTG	0	10900
ATAATCCCGGCATGTG	0	10901
CACGGGTACAGATTAA	0	10902
CACGTGGTGGGACTAG	0	10903
CACGTGGATAGATAAC	0	10904
CACGTGGGAAGTTTAA	0	10905
CCCGTGGGAAGATTAA	0	10906
CAAGTGTTGGGATTAC	0	10907
CAAGTGCTCAGATTAG	0	10908
CACGTGTGCAGACTAG	0	10909
CACGTGGAGGGACTAA	0	10910
ATAGTCTGTCCACGTG	0	10911
ATAATCTATGCACTTG	0	10912
CAAGTGTTTGGATTAA	0	10913
CAAGTGCACAGATTAA	0	10914
CTAATCTTAGCACGAG	0	10915
CACGTGACTAGACTAC	0	10916
CACGTTTCGAGATTAC	0	10917
CACTTGAACAGATTAC	0	10918
CACGTGGCCAGATTCG	0	10919
CACGTGGGTAGATAAG	0	10920
CACGTTTCTAGATTAA	0	10921
CTCGTGCAAAGATTAA	0	10922
CACGGGACGAGATTAC	0	10923
CACGTGCCTAGTTTAG	0	10924
CCCGTGCCTAGATTAG	0	10925
CACGCGACAGGATTAA	0	10926
CACGTGGCTAGATCAG	0	10927
CGCGTGTCTGGATTAG	0	10928
CACGCGCAAGGATTAG	0	10929
ATAATCCCACCACTTG	0	10930
CACGTGTCCAGTTTAC	0	10931
CCCGTGTCCAGATTAC	0	10932
CACGGGACTAGATTAA	0	10933
CACGCGAGCAGATTAC	0	10934
CACGGGCATAGATTAG	0	10935
CACGTGGACAGAGTAG	0	10936
CACGTGGCAAGAATAC	0	10937
CAAGTGTGGGGATTAA	0	10938
ATAATCTGCACACTTG	0	10939
CACGGGTACAGATTAC	0	10940
ATAATCTCGCAACGTG	0	10941
CACGTGTCAGGACTAG	0	10942
CACTTGAGCAGATTAG	0	10943
CACGTGGGAAGTTTAC	0	10944
CCCGTGGGAAGATTAC	0	10945
ATAATCCAGGCACCTG	0	10946
ATAATCCAGGCATGTG	0	10947
ATAATCTTCACACGAG	0	10948
CACGTGGTTGGACTAG	0	10949
CACGTGGAGGGACTAC	0	10950
CACATGCCCGGATTAA	0	10951
CAGGTGCCCGGATTAA	0	10952
GACGTGCCCGGATTAA	0	10953
CACGTGGCGGGTTTAA	0	10954
CCCGTGGCGGGATTAA	0	10955
ATAAACTGGCCACGTG	0	10956
ATAATCTGGCCACGGG	0	10957
CAAGTGTTTGGATTAC	0	10958
CACGGGGTGGGATTAG	0	10959
CACGTGGATGGACTAA	0	10960
CAAGTGCACAGATTAC	0	10961
CACGTGTAGAGATAAG	0	10962
CACGTGGCGAAATTAG	0	10963
CACGGGTGCAGATTAG	0	10964
CACGGGGAGGGATTAA	0	10965
ATAATCTGTCCCCGTG	0	10966
CACGTTTCTAGATTAC	0	10967
CTCGTGCAAAGATTAC	0	10968
CACGCGACAGGATTAC	0	10969
CACGGGACTAGATTAC	0	10970
CACGTGGGGGGACTAG	0	10971
ATAATCCTGACACTTG	0	10972
CACGTGTTAAGTTTAG	0	10973
CCCGTGTTAAGATTAG	0	10974
ATAATCCAACCACTTG	0	10975
CACTTGACAGGATTAG	0	10976
CAAGTGTGGGGATTAC	0	10977
CAAGTGCGCAGATTAG	0	10978
CACGTGGCGTGATTAG	0	10979
CAAGTGGTCGGATTAA	0	10980
CACGTGTAAAGTTTAA	0	10981
CCCGTGTAAAGATTAA	0	10982
CAAGTGTGTGGATTAA	0	10983
ATAATCTAGCAACGTG	0	10984
CTAATCTTCGCACGAG	0	10985
CACATGCCCGGATTAC	0	10986
CAGGTGCCCGGATTAC	0	10987
GACGTGCCCGGATTAC	0	10988
CTCGTGGTAGGATTAA	0	10989
CACGTTGCCAGATTAA	0	10990
CACGTGGCGGGTTTAC	0	10991
CCCGTGGCGGGATTAC	0	10992
ATAATCCTAACACCTG	0	10993
ATAATCCTAACATGTG	0	10994
CACGTGGATGGACTAC	0	10995
CACGGGTCAGGATTAG	0	10996
CAAGTGATAAGATTAA	0	10997
CACGTGGTGAGAATAG	0	10998
CGCGTGGCCGGATTAG	0	10999
CACGTGGCTGGTTTAA	0	11000
CCCGTGGCTGGATTAA	0	11001
CACGGGGTTGGATTAG	0	11002
ATAATCCCCCCACTTG	0	11003
CACGGGGAGGGATTAC	0	11004
CACGTGTATAGATAAG	0	11005
CACGTGGAGAGAATAA	0	11006
CACGTGGCTAAATTAG	0	11007
CACTTGCCAAGATTAA	0	11008
CAAGTGCCAGGATTAG	0	11009
CGCGTGACAAGATTAG	0	11010
CACGTGGAAAGATTCG	0	11011
CACGTGGGTGGACTAG	0	11012
CTCGTGATGAGATTAA	0	11013
CAAGTGGTCGGATTAC	0	11014
CACGTGTAAAGTTTAC	0	11015
CCCGTGTAAAGATTAC	0	11016
CAAGTGTGTGGATTAC	0	11017
CACGGGGGGGGATTAG	0	11018
CACGTGGCTTGATTAG	0	11019
CACGCGATGGGATTAG	0	11020
CTCGTGGTAGGATTAC	0	11021
CACGTTGCCAGATTAC	0	11022
CACGCGAAGGGATTAA	0	11023
ATAATCTGTTCGCGTG	0	11024
CACATGCTAGGATTAG	0	11025
CAGGTGCTAGGATTAG	0	11026
CTAATCCTAGCACGTC	0	11027
CAAGTGATAAGATTAC	0	11028
CTAATCCCGGCACGAG	0	11029
CACGTGTCAAGAATAG	0	11030
CACGTGGCTGGTTTAC	0	11031
CCCGTGGCTGGATTAC	0	11032
CACATGCAAGGATTAA	0	11033
CAGGTGCAAGGATTAA	0	11034
GACGTGCAAGGATTAA	0	11035
ATAATCCAGACACGAG	0	11036
CACGTGGTTAGAATAG	0	11037
CACGTGTGAAGTTTAG	0	11038
CCCGTGTGAAGATTAG	0	11039
CACGTGGAGAGAATAC	0	11040
ATAAACTTTCCACGTG	0	11041
ATAATCTTTCCACGGG	0	11042
ATAATCCACCCACTTG	0	11043
CTCGTGTCCGGATTAA	0	11044
CACTTGCCAAGATTAC	0	11045
CACGGGGATGGATTAC	0	11046
CACGTGGATAGAATAA	0	11047
CACGTGTAGGGACTAG	0	11048
CAAGTGGGCGGATTAA	0	11049
CACGCGCTGAGATTAA	0	11050
CTCGTGGGAGGATTAA	0	11051
CTCGTGATGAGATTAC	0	11052
ATAATCCTCACACCTG	0	11053
ATAATCCTCACATGTG	0	11054
CAAGTGAGAAGATTAA	0	11055
CACGTGGGGAGAATAG	0	11056
CTCGTGATTAGATTAA	0	11057
ATAATCTCAACAAGTG	0	11058
CACGTGGCAACATTAA	0	11059
CACGGGGGTGGATTAG	0	11060
CACGTGGACAGATAAG	0	11061
CACGCGATTGGATTAG	0	11062
CACGCGAAGGGATTAC	0	11063
CACGTTGTAAGATTAG	0	11064
CACGCGAATGGATTAA	0	11065
ATAATCCCTACACTTG	0	11066
CACATGCAAGGATTAC	0	11067
CAGGTGCAAGGATTAC	0	11068
GACGTGCAAGGATTAC	0	11069
CTAATCCAGGCACGAG	0	11070
CACGTTGAAAGATTAA	0	11071
CACTTGAAGGGATTAG	0	11072
CACGTGGCAAGATTGG	0	11073
CACGTGACCAGACTAG	0	11074
CTCGTGTCCGGATTAC	0	11075
CGCGTGGAAGGATTAG	0	11076
CACGTGGATAGAATAC	0	11077
CTCGTGAGGAGATTAA	0	11078
CAAGTGGGCGGATTAC	0	11079
CACGTGTCGGGTTTAG	0	11080
CCCGTGTCGGGATTAG	0	11081
CACGCGAGGGGATTAG	0	11082
CACGTGTATGGACTAG	0	11083
CACGCGCTGAGATTAC	0	11084
CTCGTGGGAGGATTAC	0	11085
CACGCGCTTAGATTAA	0	11086
CACGGGTAGGGATTAG	0	11087
CACATGCGAGGATTAG	0	11088
CAGGTGCGAGGATTAG	0	11089
CTAATCCTCGCACGTC	0	11090
CAAGTGAGAAGATTAC	0	11091
CTCGTGATTAGATTAC	0	11092
CACTTGCTGAGATTAG	0	11093
CACGTGGCAACATTAC	0	11094
ATAATCCGGCCACGAG	0	11095
CACGTGGGTAGAATAG	0	11096
ATAATCTAAACAAGTG	0	11097
CACTTGCAGAGATTAA	0	11098
CAAGTGACGGGATTAA	0	11099
ATAATCTGGTCACTTG	0	11100
CACTTGTTCAGATTAA	0	11101
CACGCGAATGGATTAC	0	11102
CAAGTGCAGGGATTAG	0	11103
CGCGTGAAGAGATTAG	0	11104
CAAGTGTTCGGATTAG	0	11105
CACGTTGAAAGATTAC	0	11106
ATAATCCATACACTTG	0	11107
ATAATCTTGTCACGAG	0	11108
CACGCGCGGAGATTAA	0	11109
CAAGTGTACGGATTAA	0	11110
CACTTGAATGGATTAG	0	11111
CTCGTGAGGAGATTAC	0	11112
CTAATCCTAACACGAG	0	11113
CACGTTTCCAGATTAG	0	11114
CACGTGGCAAGGTTAG	0	11115
CTCGTGAGTAGATTAA	0	11116
ATAATCTCCACAAGTG	0	11117
CACATGATGGGATTAA	0	11118
CAGGTGATGGGATTAA	0	11119
GACGTGATGGGATTAA	0	11120
ATAATCTGATCACCTG	0	11121
ATAATCTGATCATGTG	0	11122
CTCGTGTAAGGATTAA	0	11123
CACGTGTCTGGTTTAG	0	11124
CCCGTGTCTGGATTAG	0	11125
CACGGGACCAGATTAG	0	11126
CACGCGAGTGGATTAG	0	11127
CACGCGCTTAGATTAC	0	11128
CACGTGTAGAGAATAG	0	11129
CACGTTGGAAGATTAG	0	11130
CAAATCTCGCCACGTG	0	11131
CACGGGTATGGATTAG	0	11132
CACTTGCTTAGATTAG	0	11133
CACTTGCAGAGATTAC	0	11134
CAAGTGACGGGATTAC	0	11135
CACTTGTTCAGATTAC	0	11136
ATAATCTTGGCGCGTG	0	11137
CACTTGCATAGATTAA	0	11138
CAAGTGACTGGATTAA	0	11139
CACGTGGACGGACTAG	0	11140
CAAGTGCATGGATTAG	0	11141
CGCGTGAATAGATTAG	0	11142
CACGCGCGGAGATTAC	0	11143
CACGTGGCGAGAGTAA	0	11144
CACGTGGTGACATTAG	0	11145
CAAGTGTACGGATTAC	0	11146
CACGCGCGTAGATTAA	0	11147
CACGTGGAGACATTAA	0	11148
CTCGTGAGTAGATTAC	0	11149
CACTTGCGGAGATTAG	0	11150
CACATGATGGGATTAC	0	11151
CAGGTGATGGGATTAC	0	11152
GACGTGATGGGATTAC	0	11153
CACGTGAAAAGACTAG	0	11154
CTCGTGTAAGGATTAC	0	11155
CACTTGGTGGGATTAA	0	11156
ATAATCTGACCAAGTG	0	11157
ATAATCTACACAAGTG	0	11158
CACATGATTGGATTAA	0	11159
CAGGTGATTGGATTAA	0	11160
GACGTGATTGGATTAA	0	11161
CACTTGTGCAGATTAA	0	11162
CACGTGTATAGAATAG	0	11163
CAAATCTAGCCACGTG	0	11164
CAAGTGTGCGGATTAG	0	11165
CACGTGGAGAGATTGG	0	11166
ATAATCCGTCCACTTG	0	11167
CACGTTGCGGGATTAG	0	11168
CACGTGGCAAGATGAA	0	11169
CACTTGCATAGATTAC	0	11170
CTAATCCTCACACGAG	0	11171
CAAGTGACTGGATTAC	0	11172
ATAATCCTTCCACGAG	0	11173
CACGTGGCGAGAGTAC	0	11174
CACATGAGGGGATTAA	0	11175
CAGGTGAGGGGATTAA	0	11176
GACGTGAGGGGATTAA	0	11177
CACGTGGCCGGTTTAG	0	11178
CCCGTGGCCGGATTAG	0	11179
ATAATCTGCTCACCTG	0	11180
ATAATCTGCTCATGTG	0	11181
ATAATCTTTTCACTTG	0	11182
CACGTGTCAACATTAG	0	11183
CACGCGCGTAGATTAC	0	11184
CACGTGGCTAGAGTAA	0	11185
CACGTGGTTACATTAG	0	11186
CGCGTGGTGAGATTAA	0	11187
CACGTGGAGACATTAC	0	11188
CACGGGGACGGATTAG	0	11189
CACTTGGTGGGATTAC	0	11190
CACGTGGATACATTAA	0	11191
CACTTGTCAGGATTAA	0	11192
CACGTGACAAGTTTAG	0	11193
CCCGTGACAAGATTAG	0	11194
CACTTGCGTAGATTAG	0	11195
CACATGATTGGATTAC	0	11196
CAGGTGATTGGATTAC	0	11197
GACGTGATTGGATTAC	0	11198
CACGTTTAAAGATTAG	0	11199
CACTTGGTTGGATTAA	0	11200
CACTTGTGCAGATTAC	0	11201
CACGGGAAAAGATTAG	0	11202
ATAATCTCTTCACGAG	0	11203
CACGTGGGGACATTAG	0	11204
CACGTGGATAGATTGG	0	11205
CACGTGGCAAGATGAC	0	11206
ATAATCCTGTCACCTG	0	11207
ATAATCCTGTCATGTG	0	11208
CACGTTGCTGGATTAG	0	11209
CACGTGGAGAGGTTAG	0	11210
CACATGAGGGGATTAC	0	11211
CAGGTGAGGGGATTAC	0	11212
GACGTGAGGGGATTAC	0	11213
CACTTGGGGGGATTAA	0	11214
ATAATCTGCCCAAGTG	0	11215
CACGTGGCTAGAGTAC	0	11216
CACATGAGTGGATTAA	0	11217
CAGGTGAGTGGATTAA	0	11218
GACGTGAGTGGATTAA	0	11219
CGCGTGGTGAGATTAC	0	11220
CGCGTGTCAAGATTAA	0	11221
CACGTGGACAGAATAG	0	11222
CGCGTGGTTAGATTAA	0	11223
CACGTGGATACATTAC	0	11224
CACTTGTCAGGATTAC	0	11225
CACTTGGTTGGATTAC	0	11226
ATAATCTCTGCGCGTG	0	11227
CACGCGTTGGGATTAA	0	11228
ATAATCTGAACGCGTG	0	11229
CACGTGGTAAGACTAA	0	11230
CTAATCTGATCACGAG	0	11231
ATAATCTATTCACGAG	0	11232
ATAGTCTCGACACGTG	0	11233
CACGTGGGTACATTAG	0	11234
CTCGTGAACAGATTAA	0	11235
ATAATCCTGCCAAGTG	0	11236
CGCGTGGGGAGATTAA	0	11237
CACGCGAACGGATTAG	0	11238
CACGTGGATAGGTTAG	0	11239
CACTTGGGGGGATTAC	0	11240
CACATGAGTGGATTAC	0	11241
CAGGTGAGTGGATTAC	0	11242
GACGTGAGTGGATTAC	0	11243
CACTTGGGTGGATTAA	0	11244
CGCGTGTCAAGATTAC	0	11245
CACGTGGTGAGATGAG	0	11246
CACGTGGAAGGTTTAG	0	11247
CCCGTGGAAGGATTAG	0	11248
CACGTGGCGAGATAAA	0	11249
CGCGTGGTTAGATTAC	0	11250
CACGTGGAGAGATGAA	0	11251
CACGTGTCGAGAGTAG	0	11252
CACGCGTTGGGATTAC	0	11253
CACGCGCTCAGATTAG	0	11254
ATAATCTATGCGCGTG	0	11255
CACGTGGTAAGACTAC	0	11256
ATAATCTCGTCAAGTG	0	11257
CACGCGTTTGGATTAA	0	11258
CACGTGTAGACATTAG	0	11259
CACGCGCACAGATTAA	0	11260
ATAATCTTGCCACGCG	0	11261
CACGTGCCGAGACTAG	0	11262
CACTTGTTGGGATTAG	0	11263
CTCGTGAACAGATTAC	0	11264
CGCGTGGGGAGATTAC	0	11265
ATAGTCTAGACACGTG	0	11266
CACGGGGTAAGATTAA	0	11267
CACTTGTAGGGATTAA	0	11268
ATAATCTGTACAAGTG	0	11269
CACGTGAAGAGTTTAG	0	11270
CCCGTGAAGAGATTAG	0	11271
CGCGTGGGTAGATTAA	0	11272
CACGTGTCCAGACTAA	0	11273
ATAATCCCACCGCGTG	0	11274
ATAATCTCGACCCGTG	0	11275
CACTTGGGTGGATTAC	0	11276
CACGCGTGGGGATTAA	0	11277
ATAATCTGCACGCGTG	0	11278
CACGTGTCAAGATGAG	0	11279
CACGTGGCGAGATAAC	0	11280
CACGTGGGAAGACTAA	0	11281
CACGTGGTTAGATGAG	0	11282
CTAATCTGCTCACGAG	0	11283
CACGTGGCTAGATAAA	0	11284
CACGTGGAGAGATGAC	0	11285
ATAATCCCTTCACCTG	0	11286
ATAATCCCTTCATGTG	0	11287
ATAATCTCGGCACTTG	0	11288
CACGTGGATAGATGAA	0	11289
CACGTGTCTAGAGTAG	0	11290
CACGCGTTTGGATTAC	0	11291
CGCGTGTTGAGATTAG	0	11292
CACGCGCACAGATTAC	0	11293
ATAATCTAGTCAAGTG	0	11294
CACGTGTATACATTAG	0	11295
CGCGTGTAGAGATTAA	0	11296
CACTTGACCAGATTAA	0	11297
CACGTGCCTAGACTAG	0	11298
CACTTGTTTGGATTAG	0	11299
CACGGGGTAAGATTAC	0	11300
CACGTGGGGAGATGAG	0	11301
CACTTGTAGGGATTAC	0	11302
CACTTGCACAGATTAG	0	11303
CAAGTGACCGGATTAG	0	11304
CGCGTGGGTAGATTAC	0	11305
CACGTGTCCAGACTAC	0	11306
ATAATCTCAGCACCTG	0	11307
ATAATCTCAGCATGTG	0	11308
CACGGGCCGAGATTAG	0	11309
ATAATCCTGACGCGTG	0	11310
CACTTGTATGGATTAA	0	11311
CACGTGAATAGTTTAG	0	11312
CCCGTGAATAGATTAG	0	11313
ATAATCCAACCGCGTG	0	11314
ATAATCTAGACCCGTG	0	11315
CTAATCCTGTCACGAG	0	11316
CACGCGTGGGGATTAC	0	11317
CACGCGCGCAGATTAG	0	11318
CACGCGGTCGGATTAA	0	11319
CACGGGTCCAGATTAA	0	11320
CACGTGGGAAGACTAC	0	11321
CACGCGTGTGGATTAA	0	11322
CACGTGGCTAGATAAC	0	11323
CACTTGTGGGGATTAG	0	11324
ATAATCCCTCCAAGTG	0	11325
CACATGATCGGATTAG	0	11326
CAGGTGATCGGATTAG	0	11327
CTAATCCGATCACGTC	0	11328
CACGTGGATAGATGAC	0	11329
CACGTGGCGGGACTAA	0	11330
ATAGTCTGGCCACGTG	0	11331
ATAATCCATTCACCTG	0	11332
ATAATCCATTCATGTG	0	11333
ATAATCTAGGCACTTG	0	11334
CACGGGGGAAGATTAA	0	11335
CACGCGATAAGATTAA	0	11336
CACATGAACGGATTAA	0	11337
CAGGTGAACGGATTAA	0	11338
GACGTGAACGGATTAA	0	11339
CAAGTGCCCAGATTAA	0	11340
CGCGTGTTTAGATTAG	0	11341
ATAATCCCCCCGCGTG	0	11342
CGCGTGTAGAGATTAC	0	11343
CACTTGACCAGATTAC	0	11344
CGCGTGTATAGATTAA	0	11345
CTCGTGCCAAGATTAA	0	11346
CACGCGCCAGGATTAG	0	11347
CACGTGGGTAGATGAG	0	11348
CACTTGTATGGATTAC	0	11349
CACGTGTTAAGACTAG	0	11350
ATAATCTAAGCACCTG	0	11351
ATAATCTAAGCATGTG	0	11352
CACGGGCCTAGATTAG	0	11353
CACGTGGCCAGAGTAG	0	11354
CACATGCTCAGATTAA	0	11355
CAGGTGCTCAGATTAA	0	11356
GACGTGCTCAGATTAA	0	11357
CACGTGTAAAGACTAA	0	11358
CACGCGGTCGGATTAC	0	11359
CACGGGTCCAGATTAC	0	11360
CACGCGTGTGGATTAC	0	11361
CACGTGGTGAGTTTAA	0	11362
CCCGTGGTGAGATTAA	0	11363
CGCGTGTGGAGATTAG	0	11364
ATAATCTCTCCACGCG	0	11365
CACGTGGACACATTAG	0	11366
CACGTGGCGGGACTAC	0	11367
CACTTGGTCGGATTAG	0	11368
CACTTGTGTGGATTAG	0	11369
CACGGGGGAAGATTAC	0	11370
ATAATCCATCCAAGTG	0	11371
CACGCGATAAGATTAC	0	11372
CACGTGGCTGGACTAA	0	11373
CACATGAACGGATTAC	0	11374
CAGGTGAACGGATTAC	0	11375
GACGTGAACGGATTAC	0	11376
CAAGTGCCCAGATTAC	0	11377
ATAATCTCCGCACCTG	0	11378
ATAATCTCCGCATGTG	0	11379
CACGTGTCGAGATAAG	0	11380
CACTTGGACGGATTAA	0	11381
ATAATCTTAACACTTG	0	11382
CACGGGGCGGGATTAA	0	11383
ATAATCTGGCCCCGTG	0	11384
CACGTGTAGAGATGAG	0	11385
ATAATCCACCCGCGTG	0	11386
CGCGTGTATAGATTAC	0	11387
CACTTGATAAGATTAG	0	11388
CTCGTGCCAAGATTAC	0	11389
CACGCGGGCGGATTAA	0	11390
CACTTGAAAAGATTAA	0	11391
CACATGAGCGGATTAG	0	11392
CAGGTGAGCGGATTAG	0	11393
CTAATCCGCTCACGTC	0	11394
CAAGTGAAAGGATTAG	0	11395
CACATGCTCAGATTAC	0	11396
CAGGTGCTCAGATTAC	0	11397
GACGTGCTCAGATTAC	0	11398
CACGTGTAAAGACTAC	0	11399
CACGTGGTGAGTTTAC	0	11400
CCCGTGGTGAGATTAC	0	11401
CACGTGTCAAGTTTAA	0	11402
CCCGTGTCAAGATTAA	0	11403
CACGCGAGAAGATTAA	0	11404
CACGGGTTAAGATTAG	0	11405
ATAATCTCAACACGAG	0	11406
CGCGTGGTCAGATTAG	0	11407
CACGTGGTTAGTTTAA	0	11408
CCCGTGGTTAGATTAA	0	11409
CGCGTGTGTAGATTAG	0	11410
ATAATCTATCCACGCG	0	11411
CACGGGTAAAGATTAA	0	11412
CGCGTGGACAGATTAA	0	11413
CACGTGGCTGGACTAC	0	11414
ATAATCCCTACGCGTG	0	11415
CACTTGGACGGATTAC	0	11416
CAAGTGCTAAGATTAG	0	11417
CACGTGTGAAGACTAG	0	11418
ATAGTCTTTCCACGTG	0	11419
CACGGGGCGGGATTAC	0	11420
CTAATCCCTTCACGAG	0	11421
ATAATCTACGCACCTG	0	11422
ATAATCTACGCATGTG	0	11423
CACGTGTCTAGATAAG	0	11424
CACGTGGCGAGAATAA	0	11425
CACGGGGCTGGATTAA	0	11426
CACATGCGCAGATTAA	0	11427
CAGGTGCGCAGATTAA	0	11428
GACGTGCGCAGATTAA	0	11429
CAAGTGCAAAGATTAA	0	11430
CACGTGTATAGATGAG	0	11431
CACGCGGGCGGATTAC	0	11432
CACGTGGGGAGTTTAA	0	11433
CCCGTGGGGAGATTAA	0	11434
CACTTGAAAAGATTAC	0	11435
CACGTGGCAAGATTCG	0	11436
CACTTGGGCGGATTAG	0	11437
CACGTGTCAAGTTTAC	0	11438
CCCGTGTCAAGATTAC	0	11439
CACGCGAGAAGATTAC	0	11440
CTAATCTCAGCACGAG	0	11441
CACGTGGTTAGTTTAC	0	11442
CCCGTGGTTAGATTAC	0	11443
CACGTGGAAAGAGTAG	0	11444
ATAATCTTCACACTTG	0	11445
ATAATCTAAACACGAG	0	11446
CACGGGTAAAGATTAC	0	11447
CTCGTGCAGAGATTAA	0	11448
CACGCGACGGGATTAA	0	11449
CGCGTGGACAGATTAC	0	11450
ATAATCTGGTCGCGTG	0	11451
CACTTGAGAAGATTAG	0	11452
CTCGTGTTCAGATTAA	0	11453
CACGCGCAGGGATTAG	0	11454
CACGCGTTCGGATTAG	0	11455
CACATGCCAGGATTAA	0	11456
CAGGTGCCAGGATTAA	0	11457
GACGTGCCAGGATTAA	0	11458
ATAATCCATACGCGTG	0	11459
CACGTGGCGAGAATAC	0	11460
ATAAACTTGCCACGTG	0	11461
ATAATCTTGCCACGGG	0	11462
CACGCGTACGGATTAA	0	11463
CACGGGGCTGGATTAC	0	11464
CACATGCGCAGATTAC	0	11465
CAGGTGCGCAGATTAC	0	11466
GACGTGCGCAGATTAC	0	11467
CAAGTGCAAAGATTAC	0	11468
CTAATCCATTCACGAG	0	11469
CACGTGGCTAGAATAA	0	11470
CACGTGTCGGGACTAG	0	11471
CACGTGGGGAGTTTAC	0	11472
CCCGTGGGGAGATTAC	0	11473
CACGGGTGAAGATTAG	0	11474
ATAATCTTTCCCCGTG	0	11475
ATAATCTCCACACGAG	0	11476
CGCGTGGGCAGATTAG	0	11477
CACGTGGGTAGTTTAA	0	11478
CCCGTGGGTAGATTAA	0	11479
CAAGTGCGAAGATTAG	0	11480
CTAATCTAAGCACGAG	0	11481
CACGTGGCCAGATAAG	0	11482
CTCGTGCAGAGATTAC	0	11483
CAAGTGGTAGGATTAA	0	11484
CACGCGACGGGATTAC	0	11485
CTCGTGTTCAGATTAC	0	11486
CACGTGGACAGATGAG	0	11487
CTCGTGCATAGATTAA	0	11488
CACGCGACTGGATTAA	0	11489
ATAATCCCGACACTTG	0	11490
CACATGCCAGGATTAC	0	11491
CAGGTGCCAGGATTAC	0	11492
GACGTGCCAGGATTAC	0	11493
CACGTGTTGAGTTTAG	0	11494
CCCGTGTTGAGATTAG	0	11495
CACGCGCATGGATTAG	0	11496
CACGTTGCAAGATTAA	0	11497
CACTTGACGGGATTAG	0	11498
CACGCGTACGGATTAC	0	11499
CGCGTGGCAGGATTAG	0	11500
CACGTGTAGAGTTTAA	0	11501
CCCGTGTAGAGATTAA	0	11502
CACGTGGCTAGAATAC	0	11503
CTAATCTCCGCACGAG	0	11504
CACGTGTCTGGACTAG	0	11505
CCCGTGGGTAGATTAC	0	11506
CACGTGGGTAGTTTAC	0	11507
CTCGTGGTGGGATTAA	0	11508
ATAATCTGACCACGAG	0	11509
CACTTGTACGGATTAG	0	11510
ATAATCTACACACGAG	0	11511
ATAATCCCAACACCTG	0	11512
ATAATCCCAACATGTG	0	11513
CACGGGTCGGGATTAG	0	11514
CAAGTGATGAGATTAA	0	11515
CTCGTGTGCAGATTAA	0	11516
CACGCGTGCGGATTAG	0	11517
ATAATCCGTCCGCGTG	0	11518
CAAGTGGTAGGATTAC	0	11519
CACTTGCCGAGATTAA	0	11520
CTCGTGCATAGATTAC	0	11521
CACGCGACTGGATTAC	0	11522
CAAGTGCCGGGATTAG	0	11523
CGCGTGACGAGATTAG	0	11524
CACGTGGAGAGATTCG	0	11525
CACGTTGCAAGATTAC	0	11526
ATAATCCAGACACTTG	0	11527
ATAATCTTTTCGCGTG	0	11528
CACGTGTTTAGTTTAG	0	11529
CCCGTGTTTAGATTAG	0	11530
CACGTGTAGAGTTTAC	0	11531
CCCGTGTAGAGATTAC	0	11532
CAAGTGTCCGGATTAA	0	11533
CACTTGACTGGATTAG	0	11534
CGCGTGTACAGATTAG	0	11535
CCCGTGTATAGATTAA	0	11536
CACGTGTATAGTTTAA	0	11537
CTCGTGGTGGGATTAC	0	11538
CTCGTGTCAGGATTAA	0	11539
CTAATCTACGCACGAG	0	11540
CACATGCTGGGATTAG	0	11541
CAGGTGCTGGGATTAG	0	11542
CTAATCCCAGCACGTC	0	11543
CAAGTGGGAGGATTAA	0	11544
CTCGTGGTTGGATTAA	0	11545
CAAGTGATGAGATTAC	0	11546
CACGTGTCGAGAATAG	0	11547
CTCGTGTGCAGATTAC	0	11548
ATAATCCAAACACCTG	0	11549
ATAATCCAAACATGTG	0	11550
CACGGGTCTGGATTAG	0	11551
CACATGCAGGGATTAA	0	11552
CAGGTGCAGGGATTAA	0	11553
GACGTGCAGGGATTAA	0	11554
ATAATCTGTGCACCTG	0	11555
ATAATCTGTGCATGTG	0	11556
CAAGTGATTAGATTAA	0	11557
CACGTGTGGAGTTTAG	0	11558
CCCGTGTGGAGATTAG	0	11559
CACATGTTCGGATTAA	0	11560
CAGGTGTTCGGATTAA	0	11561
GACGTGTTCGGATTAA	0	11562
ATAAACTCTCCACGTG	0	11563
ATAATCTCTCCACGGG	0	11564
CACTTGCCGAGATTAC	0	11565
CACTTGCCTAGATTAA	0	11566
CACGTGGAAAGATAAG	0	11567
CACGTGGCCGGACTAG	0	11568
CAAGTGCCTGGATTAG	0	11569
CGCGTGACTAGATTAG	0	11570
CACGTGGATAGATTCG	0	11571
CTCGTGGGGGGATTAA	0	11572
ATAATCTGCCCACGAG	0	11573
CAAGTGTCCGGATTAC	0	11574
ATAATCCCCACACCTG	0	11575
ATAATCCCCACATGTG	0	11576
CAAGTGAGGAGATTAA	0	11577
CACGTGTATAGTTTAC	0	11578
CCCGTGTATAGATTAC	0	11579
CACGTGGCGACATTAA	0	11580
CACGTGACAAGACTAG	0	11581
CTCGTGTCAGGATTAC	0	11582
CAAGTGGGAGGATTAC	0	11583
CTCGTGGTTGGATTAC	0	11584
CACGTTGTGAGATTAG	0	11585
CACATGCTTGGATTAG	0	11586
CAGGTGCTTGGATTAG	0	11587
CTAATCCAAGCACGTC	0	11588
CACATGCAGGGATTAC	0	11589
CAGGTGCAGGGATTAC	0	11590
GACGTGCAGGGATTAC	0	11591
CAAGTGATTAGATTAC	0	11592
CACGTGTCTAGAATAG	0	11593
CACGTTGAGAGATTAA	0	11594
CACATGTTCGGATTAC	0	11595
CAGGTGTTCGGATTAC	0	11596
GACGTGTTCGGATTAC	0	11597
CACGTGGCGAGATTGG	0	11598
ATAATCCGGCCACTTG	0	11599
CACATGCATGGATTAA	0	11600
CAGGTGCATGGATTAA	0	11601
GACGTGCATGGATTAA	0	11602
CACGTGGTCAGTTTAG	0	11603
CCCGTGGTCAGATTAG	0	11604
CGCGTGGAGGGATTAG	0	11605
CACGTGTGTAGTTTAG	0	11606
CCCGTGTGTAGATTAG	0	11607
ATAAACTATCCACGTG	0	11608
ATAATCTATCCACGGG	0	11609
CACTTGCCTAGATTAC	0	11610
ATAATCCTGCCACGAG	0	11611
CACGTGGACAGTTTAA	0	11612
CCCGTGGACAGATTAA	0	11613
ATAATCTTGTCACTTG	0	11614
CTCGTGGGGGGATTAC	0	11615
CACTTGTTAAGATTAA	0	11616
CACATGCGGGGATTAG	0	11617
CAGGTGCGGGGATTAG	0	11618
CTAATCCCCGCACGTC	0	11619
CTCGTGGGTGGATTAA	0	11620
CAAGTGAGGAGATTAC	0	11621
CAAGTGTTAGGATTAG	0	11622
ATAATCCGACCACCTG	0	11623
ATAATCCGACCATGTG	0	11624
CACGTGGCGACATTAC	0	11625
ATAATCCACACACCTG	0	11626
ATAATCCACACATGTG	0	11627
CACGGGGCCGGATTAG	0	11628
CAAGTGAGTAGATTAA	0	11629
CACGTGGCTACATTAA	0	11630
CACATGTGCGGATTAA	0	11631
CAGGTGTGCGGATTAA	0	11632
GACGTGTGCGGATTAA	0	11633
CAAGTGTAAGGATTAA	0	11634
CACGTTTCAAGATTAG	0	11635
ATAATCTTATCACCTG	0	11636
ATAATCTTATCATGTG	0	11637
CACGTTGTTAGATTAG	0	11638
CACGGGACAAGATTAG	0	11639
CACGTTGAGAGATTAC	0	11640
ATAATCTCGTCACGAG	0	11641
CACATGCATGGATTAC	0	11642
CAGGTGCATGGATTAC	0	11643
GACGTGCATGGATTAC	0	11644
CACGTTGATAGATTAA	0	11645
CACGTGGCTAGATTGG	0	11646
CTAATCCCAACACGAG	0	11647
CGCGTGGATGGATTAG	0	11648
CACGTGGCGAGGTTAG	0	11649
CACGTGGACAGTTTAC	0	11650
CCCGTGGACAGATTAC	0	11651
CTCGTGTAGGGATTAA	0	11652
ATAATCTGTACACGAG	0	11653
CACTTGTTAAGATTAC	0	11654
CTCGTGGGTGGATTAC	0	11655
CACGTTGGGAGATTAG	0	11656
CACGTGGAAGGACTAG	0	11657
CACATGCGTGGATTAG	0	11658
CAGGTGCGTGGATTAG	0	11659
CTAATCCACGCACGTC	0	11660
CACGTGGCCAGAATAG	0	11661
CAAGTGAGTAGATTAC	0	11662
CACGTGGCTACATTAC	0	11663
CACATGTGCGGATTAC	0	11664
CAGGTGTGCGGATTAC	0	11665
GACGTGTGCGGATTAC	0	11666
CAAGTGTAAGGATTAC	0	11667
CACGTGGGCAGTTTAG	0	11668
CCCGTGGGCAGATTAG	0	11669
ATAATCTCGGCGCGTG	0	11670
ATAATCTTACCAAGTG	0	11671
CACGTTGATAGATTAC	0	11672
ATAATCTAGTCACGAG	0	11673
CACTTGTGAAGATTAA	0	11674
CTCGTGACCAGATTAA	0	11675
CAAGTGTGAGGATTAG	0	11676
ATAATCCGCCCACCTG	0	11677
ATAATCCGCCCATGTG	0	11678
ATAATCCTTCCACTTG	0	11679
CTAATCCAAACACGAG	0	11680
CACGTGAAGAGACTAG	0	11681
CTCGTGTAGGGATTAC	0	11682
CTAATCTGTGCACGAG	0	11683
CACGCGACCGGATTAG	0	11684
CACGTGGCTAGGTTAG	0	11685
CTCGTGTATGGATTAA	0	11686
CCCGTGGCAGGATTAG	0	11687
CACGTGGCAGGTTTAG	0	11688
ATAATCTTCTCACCTG	0	11689
ATAATCTTCTCATGTG	0	11690
CACGTTGGTAGATTAG	0	11691
CACGTGGCGAGATGAA	0	11692
CACGGGGAAGGATTAG	0	11693
CTAATCCCCACACGAG	0	11694
ATAATCCCTCCACGAG	0	11695
ATAATCTAGGCGCGTG	0	11696
ATAATCTCTTCACTTG	0	11697
CACGTGTCGACATTAG	0	11698
CACGCGCCCAGATTAA	0	11699
CACTTGTGAAGATTAC	0	11700
CTCGTGACCAGATTAC	0	11701
CACTTGTCGGGATTAA	0	11702
ATAATCTGGACAAGTG	0	11703
CACGTGACGAGTTTAG	0	11704
CCCGTGACGAGATTAG	0	11705
CACGTGAATAGACTAG	0	11706
CTCGTGTATGGATTAC	0	11707
CACGTTTAGAGATTAG	0	11708
CACGGGAAGAGATTAG	0	11709
ATAATCTTCCCAAGTG	0	11710
CACGTGTACAGTTTAG	0	11711
CCCGTGTACAGATTAG	0	11712
CACGTGGCGAGATGAC	0	11713
ATAATCCCGTCACCTG	0	11714
ATAATCCCGTCATGTG	0	11715
CACGTGGAAAGAATAG	0	11716
CACGTGGCTAGATGAA	0	11717
CTAATCCGACCACGAG	0	11718
CTAATCCACACACGAG	0	11719
ATAATCCATCCACGAG	0	11720
CACGCGCCCAGATTAC	0	11721
CAAGTGATCAGATTAG	0	11722
CTCGTGGACGGATTAA	0	11723
ATAATCTATTCACTTG	0	11724
ATAATCTTAACGCGTG	0	11725
CACGTGTCTACATTAG	0	11726
ATAATCCGTACACCTG	0	11727
ATAATCCGTACATGTG	0	11728
CGCGTGTCGAGATTAA	0	11729
CAAGTGAACAGATTAA	0	11730
CTAATCTTATCACGAG	0	11731
CACTTGTCGGGATTAC	0	11732
CACTTGCCCAGATTAG	0	11733
CACTTGTCTGGATTAA	0	11734
CTCGTGAAAAGATTAA	0	11735
CACGTGACTAGTTTAG	0	11736
CCCGTGACTAGATTAG	0	11737
CACGTTTATAGATTAG	0	11738
CACGCGAAAGGATTAG	0	11739
CACGTGGTGAGACTAA	0	11740
CACGGGAATAGATTAG	0	11741
ATAATCCCGCCAAGTG	0	11742
CACGTGGCTAGATGAC	0	11743
ATAATCCAGTCATGTG	0	11744
ATAATCCAGTCACCTG	0	11745
CACATGACCGGATTAA	0	11746
CAGGTGACCGGATTAA	0	11747
GACGTGACCGGATTAA	0	11748
CTCGTGGACGGATTAC	0	11749
CACGCGCTAAGATTAG	0	11750
CACATGCACGGATTAG	0	11751
CAGGTGCACGGATTAG	0	11752
CTAATCCGTGCACGTC	0	11753
CGCGTGTCGAGATTAC	0	11754
CAAGTGAACAGATTAC	0	11755
CACGTGGAGGGTTTAG	0	11756
CCCGTGGAGGGATTAG	0	11757
CGCGTGTCTAGATTAA	0	11758
CACGCGCAAAGATTAA	0	11759
CACTTGTCTGGATTAC	0	11760
CTCGTGAAAAGATTAC	0	11761
ATAATCTTTACAAGTG	0	11762
CACGTGGTGAGACTAC	0	11763
CTAATCCGCCCACGAG	0	11764
CACGTGTCAAGACTAA	0	11765
ATAATCTCGCCACGCG	0	11766
CACGTGGTTAGACTAA	0	11767
CAAGTGAGCAGATTAG	0	11768
CACGTGGCCACATTAG	0	11769
ATAATCTTCACGCGTG	0	11770
CACGGGGTGAGATTAA	0	11771
ATAATCCAGCCAAGTG	0	11772
CTAATCTTCTCACGAG	0	11773
CACATGACCGGATTAC	0	11774
CAGGTGACCGGATTAC	0	11775
GACGTGACCGGATTAC	0	11776
CACTTGGCCGGATTAA	0	11777
CACGTTGACAGATTAG	0	11778
CACGTGTCGAGATGAG	0	11779
CGCGTGTCTAGATTAC	0	11780
CACGCGCAAAGATTAC	0	11781
CACGTGGGGAGACTAA	0	11782
CACGTGGATGGTTTAG	0	11783
CCCGTGGATGGATTAG	0	11784
CACTTGACAAGATTAA	0	11785
CACTTGCAAAGATTAG	0	11786
CAAGTGACAGGATTAG	0	11787
CACGTGTCAAGACTAC	0	11788
CACGTGGTTAGACTAC	0	11789
CACGCGCGAAGATTAG	0	11790
ATAATCTAGCCACGCG	0	11791
CACGGGGTGAGATTAC	0	11792
CACGCGGTAGGATTAA	0	11793
CACGGGTCAAGATTAA	0	11794
CGCGTGGCCAGATTAA	0	11795
CACGGGGTTAGATTAA	0	11796
ATAATCCCGACGCGTG	0	11797
CACTTGGCCGGATTAC	0	11798
CACATGATAGGATTAG	0	11799
CAGGTGATAGGATTAG	0	11800
CTAATCCTATCACGTC	0	11801
ATAGTCTTGCCACGTG	0	11802
CTAATCCCGTCACGAG	0	11803
CACATGAAAGGATTAA	0	11804
CAGGTGAAAGGATTAA	0	11805
GACGTGAAAGGATTAA	0	11806
CACGTGGGGAGACTAC	0	11807
CAAGTGCCAAGATTAA	0	11808
CACGTGTCTAGATGAG	0	11809
CACGTGGGTAGACTAA	0	11810
CACTTGACAAGATTAC	0	11811
CTAATCCGTACACGAG	0	11812
CACGGGGGGAGATTAA	0	11813
CACGCGATGAGATTAA	0	11814
CACGTGGCAAGAGTAG	0	11815
CACATGCTAAGATTAA	0	11816
CAGGTGCTAAGATTAA	0	11817
GACGTGCTAAGATTAA	0	11818
CACGCGGTAGGATTAC	0	11819
CACGGGTCAAGATTAC	0	11820
CTCGTGCCGAGATTAA	0	11821
CGCGTGGCCAGATTAC	0	11822
CACGGGGTTAGATTAC	0	11823
CACGCGCCGGGATTAG	0	11824
CACGTGGAAACATTAG	0	11825
CACGTGTTGAGACTAG	0	11826
CACTTGGTAGGATTAG	0	11827
ATAATCCAGACGCGTG	0	11828
CACGTGTAGAGACTAA	0	11829
CACATGAAAGGATTAC	0	11830
CAGGTGAAAGGATTAC	0	11831
GACGTGAAAGGATTAC	0	11832
CACGCGTCCGGATTAA	0	11833
CAAGTGCCAAGATTAC	0	11834
CTAATCCAGTCACGAG	0	11835
CACTTGGAAGGATTAA	0	11836
CACGTGGGTAGACTAC	0	11837
ATAATCTTGCCCCGTG	0	11838
CACGGGGGGAGATTAC	0	11839
CACGCGGGAGGATTAA	0	11840
CACGCGATGAGATTAC	0	11841
CACGGGGGTAGATTAA	0	11842
CACGCGATTAGATTAA	0	11843
ATAATCTCAACACTTG	0	11844
CACATGAGAGGATTAG	0	11845
CAGGTGAGAGGATTAG	0	11846
CTAATCCTCTCACGTC	0	11847
CACATGCTAAGATTAC	0	11848
CAGGTGCTAAGATTAC	0	11849
GACGTGCTAAGATTAC	0	11850
CACTTGATGAGATTAG	0	11851
CTCGTGCCGAGATTAC	0	11852
CACGTGGCCAGATGAG	0	11853
CGCGTGGTAAGATTAG	0	11854
CTCGTGCCTAGATTAA	0	11855
CACTTGAAGAGATTAA	0	11856
CACGCGCCTGGATTAG	0	11857
CACGTGTTTAGACTAG	0	11858
CGCGTGGAAAGATTAA	0	11859
CAAGTGAAGGGATTAG	0	11860
CACGTGTAGAGACTAC	0	11861
CACGCGTCCGGATTAC	0	11862
CACGTGTCGAGTTTAA	0	11863
CCCGTGTCGAGATTAA	0	11864
CACTTGGAAGGATTAC	0	11865
CACGCGAGGAGATTAA	0	11866
CACGGGTTGAGATTAG	0	11867
CACGTGTATAGACTAA	0	11868
CACGGGTAGAGATTAA	0	11869
CACTTGTCCGGATTAG	0	11870
CACATGCGAAGATTAA	0	11871
CAGGTGCGAAGATTAA	0	11872
GACGTGCGAAGATTAA	0	11873
CACGCGGGAGGATTAC	0	11874
CACGGGGGTAGATTAC	0	11875
CACGCGATTAGATTAC	0	11876
CAAGTGCTGAGATTAG	0	11877
CACGTGTGGAGACTAG	0	11878
ATAGTCTCTCCACGTG	0	11879
ATAATCCGGCCGCGTG	0	11880
CACTTGGGAGGATTAG	0	11881
ATAATCTAAACACTTG	0	11882
CAAGTGCAGAGATTAA	0	11883
CAAGTGTTCAGATTAA	0	11884
CACTTGATTAGATTAG	0	11885
CTCGTGCCTAGATTAC	0	11886
CACTTGAAGAGATTAC	0	11887
CACGTGGCGAGATTCG	0	11888
CGCGTGGAAAGATTAC	0	11889
ATAATCTTGTCGCGTG	0	11890
CACTTGAATAGATTAA	0	11891
CTCGTGTTAAGATTAA	0	11892
CACGTGTCGAGTTTAC	0	11893
CCCGTGTCGAGATTAC	0	11894
CAAGTGAATGGATTAG	0	11895
CACGCGAGGAGATTAC	0	11896
CACGTGTATAGACTAC	0	11897
CACGCGTTAGGATTAG	0	11898
CGCGTGTCCAGATTAG	0	11899
CACGTGTCTAGTTTAA	0	11900
CCCGTGTCTAGATTAA	0	11901
CACGTGGAGAGAGTAG	0	11902
CACGCGAGTAGATTAA	0	11903
CACGGGTTTAGATTAG	0	11904
ATAATCTCCACACTTG	0	11905
CACGGGTAGAGATTAC	0	11906
CACGCGTAAGGATTAA	0	11907
CACATGCGAAGATTAC	0	11908
CAGGTGCGAAGATTAC	0	11909
GACGTGCGAAGATTAC	0	11910
CACTTGAGGAGATTAG	0	11911
CACGGGTATAGATTAA	0	11912
CGCGTGGGAAGATTAG	0	11913
CACATGCCGGGATTAA	0	11914
CAGGTGCCGGGATTAA	0	11915
GACGTGCCGGGATTAA	0	11916
ATAATCTGGGCACCTG	0	11917
ATAATCTGGGCATGTG	0	11918
CACGTGGTCAGACTAG	0	11919
ATAAACTCGCCACGTG	0	11920
ATAATCTCGCCACGGG	0	11921
CAAGTGCTTAGATTAG	0	11922
CACGTGTGTAGACTAG	0	11923
ATAGTCTATCCACGTG	0	11924
CAAGTGCAGAGATTAC	0	11925
CAAGTGTTCAGATTAC	0	11926
CACGTGGACAGACTAA	0	11927
CAAGTGCATAGATTAA	0	11928
CACGGGTGGAGATTAG	0	11929
ATAATCTCTCCCCGTG	0	11930
CACGTGGCAAGATAAG	0	11931
CACTTGAATAGATTAC	0	11932
CACGTGGCTAGATTCG	0	11933
CTCGTGTTAAGATTAC	0	11934
CACGTGGAAAGATGAG	0	11935
CACGTGTCTAGTTTAC	0	11936
CCCGTGTCTAGATTAC	0	11937
CACGCGAGTAGATTAC	0	11938
CAAGTGCGGAGATTAG	0	11939
CACGCGTAAGGATTAC	0	11940
CAAGTGGTGGGATTAA	0	11941
ATAATCTGACCACTTG	0	11942
CACGTGGATAGAGTAG	0	11943
ATAATCTACACACTTG	0	11944
CACGGGTATAGATTAC	0	11945
CAAGTGTGCAGATTAA	0	11946
CACTTGAGTAGATTAG	0	11947
CACATGCCGGGATTAC	0	11948
CAGGTGCCGGGATTAC	0	11949
GACGTGCCGGGATTAC	0	11950
ATAATCTTACCACGAG	0	11951
CACTTGTAAGGATTAG	0	11952
CACGTTGCGAGATTAA	0	11953
CACATGCCTGGATTAA	0	11954
CAGGTGCCTGGATTAA	0	11955
GACGTGCCTGGATTAA	0	11956
CGCGTGGCGGGATTAG	0	11957
CTCGTGTGAAGATTAA	0	11958
ATAAACTAGCCACGTG	0	11959
ATAATCTAGCCACGGG	0	11960
CACGTGGACAGACTAC	0	11961
CAAGTGCATAGATTAC	0	11962
CACGCGTGAGGATTAG	0	11963
ATAATCCTTCCGCGTG	0	11964
CACGTGGCCAGTTTAA	0	11965
CCCGTGGCCAGATTAA	0	11966
CACGGGGTCAGATTAG	0	11967
CACGGGTGTAGATTAG	0	11968
ATAATCTATCCCCGTG	0	11969
CACGGGGACAGATTAA	0	11970
CAAGTGGTGGGATTAC	0	11971
CAAGTGTCAGGATTAA	0	11972
CACGTGGGCAGACTAG	0	11973
CAAGTGCGTAGATTAG	0	11974
CGCGTGTAAAGATTAG	0	11975
CAAGTGGTTGGATTAA	0	11976
CAAGTGTGCAGATTAC	0	11977
CACGTTGCGAGATTAC	0	11978
ATAATCTCTTCGCGTG	0	11979
CACATGCCTGGATTAC	0	11980
CAGGTGCCTGGATTAC	0	11981
GACGTGCCTGGATTAC	0	11982
CTCGTGTGAAGATTAC	0	11983
CACGTTGCTAGATTAA	0	11984
ATAATCTTTGCACCTG	0	11985
ATAATCTTTGCATGTG	0	11986
CGCGTGGCTGGATTAG	0	11987
CACGTGGCCAGTTTAC	0	11988
CCCGTGGCCAGATTAC	0	11989
CACATGTTAGGATTAA	0	11990
CAGGTGTTAGGATTAA	0	11991
GACGTGTTAGGATTAA	0	11992
CTCGTGTCGGGATTAA	0	11993
ATAATCTGGACACGAG	0	11994
CAAGTGGGGGGATTAA	0	11995
ATAATCTGCCCACTTG	0	11996
CACGGGGACAGATTAC	0	11997
CACGTGGCAGGACTAG	0	11998
ATAATCTTCCCACGAG	0	11999
CAAGTGTCAGGATTAC	0	12000
CAAGTGGTTGGATTAC	0	12001
CACGTGGAGAGATAAG	0	12002
CACGGGGGCAGATTAG	0	12003
CACGCGATCAGATTAG	0	12004
CACGTTGCTAGATTAC	0	12005
ATAATCTATTCGCGTG	0	12006
CACGCGAACAGATTAA	0	12007
CACATGTTAGGATTAC	0	12008
CAGGTGTTAGGATTAC	0	12009
GACGTGTTAGGATTAC	0	12010
ATAATCCTGCCACTTG	0	12011
CACGTGACGAGACTAG	0	12012
CTCGTGTCGGGATTAC	0	12013
CTAATCTGGGCACGAG	0	12014
CACGTGGTAAGTTTAG	0	12015
CCCGTGGTAAGATTAG	0	12016
CAAGTGGGGGGATTAC	0	12017
CACGTGGAAAGTTTAA	0	12018
CCCGTGGAAAGATTAA	0	12019
CAAGTGGGTGGATTAA	0	12020
CACGTGTACAGACTAG	0	12021
ATAATCCTACCACCTG	0	12022
ATAATCCTACCATGTG	0	12023
CACGGGGCAGGATTAG	0	12024
ATAATCCCGCCACGAG	0	12025
CACATGTGAGGATTAA	0	12026
CAGGTGTGAGGATTAA	0	12027
GACGTGTGAGGATTAA	0	12028
ATAATCTCGTCACTTG	0	12029
CACGTGGATAGATAAG	0	12030
CACTTGTTGAGATTAA	0	12031
CAAGTGTTGGGATTAG	0	12032
CACGCGAACAGATTAC	0	12033
CAAGTGTAGGGATTAA	0	12034
ATAATCTGTACACTTG	0	12035
CACGTGACTAGACTAG	0	12036
CTCGTGTCTGGATTAC	0	12037
CACGTTTCGAGATTAG	0	12038
CACTTGAACAGATTAG	0	12039
CACGTGGAAAGTTTAC	0	12040
CCCGTGGAAAGATTAC	0	12041
CAAGTGGGTGGATTAC	0	12042
ATAATCTCATCACCTG	0	12043
ATAATCTCATCATGTG	0	12044
ATAATCTTTACACGAG	0	12045
CACGGGACGAGATTAG	0	12046
CACGTGTCCAGTTTAG	0	12047
CCCGTGTCCAGATTAG	0	12048
CACGCGAGCAGATTAG	0	12049
CACGTGGCAAGAATAG	0	12050
CACGGGTACAGATTAG	0	12051
CACATGTGAGGATTAC	0	12052
CAGGTGTGAGGATTAC	0	12053
GACGTGTGAGGATTAC	0	12054
ATAATCCAGCCACGAG	0	12055
CACGTGGGAAGTTTAG	0	12056
CCCGTGGGAAGATTAG	0	12057
CACTTGTTGAGATTAC	0	12058
CTCGTGGCCGGATTAA	0	12059
ATAATCTAGTCACTTG	0	12060
CACTTGTTTAGATTAA	0	12061
CACGTGGAGGGACTAG	0	12062
ATAATCCGGACACCTG	0	12063
ATAATCCGGACATGTG	0	12064
CAAGTGACCAGATTAA	0	12065
CAAGTGTTTGGATTAG	0	12066
CAAGTGTAGGGATTAC	0	12067
CAAGTGCACAGATTAG	0	12068
CAAGTGTATGGATTAA	0	12069
CTCGTGACAAGATTAA	0	12070
ATAATCCTCCCACCTG	0	12071
ATAATCCTCCCATGTG	0	12072
CACGTTTCTAGATTAG	0	12073
CTAATCTTTGCACGAG	0	12074
CACGCGACAGGATTAG	0	12075
ATAATCTCACCAAGTG	0	12076
ATAATCTAATCACCTG	0	12077
ATAATCTAATCATGTG	0	12078
CACGGGACTAGATTAG	0	12079
CACTTGTGGAGATTAA	0	12080
CACATGATCAGATTAA	0	12081
CAGGTGATCAGATTAA	0	12082
GACGTGATCAGATTAA	0	12083
CAAGTGTGGGGATTAG	0	12084
ATAATCCCTCCACTTG	0	12085
CTCGTGGCCGGATTAC	0	12086
CACTTGTTTAGATTAC	0	12087
CACATGCCCGGATTAG	0	12088
CAGGTGCCCGGATTAG	0	12089
CTAATCCGGGCACGTC	0	12090
CAAGTGACCAGATTAC	0	12091
CACGTGGCGGGTTTAG	0	12092
CCCGTGGCGGGATTAG	0	12093
ATAATCTCCTCACCTG	0	12094
ATAATCTCCTCATGTG	0	12095
CACGTGGATGGACTAG	0	12096
CACGCGCCAAGATTAA	0	12097
CAAGTGTATGGATTAC	0	12098
CTCGTGACAAGATTAC	0	12099
CACGGGGAGGGATTAG	0	12100
ATAATCTTGACAAGTG	0	12101
ATAATCTAACCAAGTG	0	12102
CACTTGTGGAGATTAC	0	12103
CACATGATCAGATTAC	0	12104
CAGGTGATCAGATTAC	0	12105
GACGTGATCAGATTAC	0	12106
CACTTGGTCAGATTAA	0	12107
CACTTGTGTAGATTAA	0	12108
CAAGTGGTCGGATTAG	0	12109
CACGTGTAAAGTTTAG	0	12110
CCCGTGTAAAGATTAG	0	12111
CAAGTGTGTGGATTAG	0	12112
ATAATCCATCCACTTG	0	12113
CAAGTGGACGGATTAA	0	12114
CTAATCCTACCACGAG	0	12115
CACGTTGCCAGATTAG	0	12116
ATAATCTCCCCAAGTG	0	12117
CACGCGCCAAGATTAC	0	12118
CAAGTGATAAGATTAG	0	12119
CTCGTGGAAGGATTAA	0	12120
CACGTGGCTGGTTTAG	0	12121
CCCGTGGCTGGATTAG	0	12122
ATAATCTACTCACCTG	0	12123
ATAATCTACTCATGTG	0	12124
ATAATCCTTACACCTG	0	12125
ATAATCCTTACATGTG	0	12126
CACATGAGCAGATTAA	0	12127
CAGGTGAGCAGATTAA	0	12128
GACGTGAGCAGATTAA	0	12129
CAAGTGAAAAGATTAA	0	12130
CACGTGGAGAGAATAG	0	12131
CACTTGCCAAGATTAG	0	12132
CACGGGGATGGATTAG	0	12133
ATAATCTCAACGCGTG	0	12134
CACTTGGTCAGATTAC	0	12135
CACTTGTGTAGATTAC	0	12136
CTAATCTCATCACGAG	0	12137
CTCGTGAAGAGATTAA	0	12138
CAAGTGGACGGATTAC	0	12139
CACGCGAAGGGATTAG	0	12140
CACATGACAGGATTAA	0	12141
CAGGTGACAGGATTAA	0	12142
GACGTGACAGGATTAA	0	12143
CTCGTGGAAGGATTAC	0	12144
ATAATCTACCCAAGTG	0	12145
CACATGCAAGGATTAG	0	12146
CAGGTGCAAGGATTAG	0	12147
CTAATCCTTGCACGTC	0	12148
CACATGAGCAGATTAC	0	12149
CAGGTGAGCAGATTAC	0	12150
GACGTGAGCAGATTAC	0	12151
CAAGTGAAAAGATTAC	0	12152
CACTTGGGCAGATTAA	0	12153
CTAATCCGGACACGAG	0	12154
CACGTGGATAGAATAG	0	12155
CAAGTGGGCGGATTAG	0	12156
CACGCGCTGAGATTAG	0	12157
CTAATCCTCCCACGAG	0	12158
ATAATCTAAACGCGTG	0	12159
CACGCGCAGAGATTAA	0	12160
CAAGTGAGAAGATTAG	0	12161
CACGCGTTCAGATTAA	0	12162
CTAATCTAATCACGAG	0	12163
CACGTGGCAACATTAG	0	12164
CTCGTGAAGAGATTAC	0	12165
CTCGTGAATAGATTAA	0	12166
ATAATCTCTACAAGTG	0	12167
CACGTGTCGAGACTAA	0	12168
CACATGACAGGATTAC	0	12169
CAGGTGACAGGATTAC	0	12170
GACGTGACAGGATTAC	0	12171
CACGCGAATGGATTAG	0	12172
CACTTGGCAGGATTAA	0	12173
CACGTTGAAAGATTAG	0	12174
ATAATCTCCACGCGTG	0	12175
CACTTGGGCAGATTAC	0	12176
CTAATCTCCTCACGAG	0	12177
CACGCGCTTAGATTAG	0	12178
CACGCGCAGAGATTAC	0	12179
CACGCGTTCAGATTAC	0	12180
CACGCGCATAGATTAA	0	12181
CACTTGACGAGATTAA	0	12182
CTCGTGAATAGATTAC	0	12183
CACTTGCAGAGATTAG	0	12184
CGCGTGGCAAGATTAA	0	12185
CAAGTGACGGGATTAG	0	12186
CACGTGTCGAGACTAC	0	12187
CACTTGTTCAGATTAG	0	12188
ATAATCTATACAAGTG	0	12189
CACTTGGCAGGATTAC	0	12190
CACGTGTCTAGACTAA	0	12191
CACTTGTACAGATTAA	0	12192
CACGCGCGGAGATTAG	0	12193
CACGCGGTGGGATTAA	0	12194
CACGGGTCGAGATTAA	0	12195
ATAATCTGACCGCGTG	0	12196
CAAGTGTACGGATTAG	0	12197
ATAATCTACACGCGTG	0	12198
CACGCGTGCAGATTAA	0	12199
CTAATCTACTCACGAG	0	12200
CACATGATGGGATTAG	0	12201
CAGGTGATGGGATTAG	0	12202
CTAATCCCATCACGTC	0	12203
CTAATCCTTACACGAG	0	12204
ATAGTCTCGCCACGTG	0	12205
CACATGAAGGGATTAA	0	12206
CAGGTGAAGGGATTAA	0	12207
GACGTGAAGGGATTAA	0	12208
ATAATCTGTTCACCTG	0	12209
ATAATCTGTTCATGTG	0	12210
CAAGTGCCGAGATTAA	0	12211
CACGCGCATAGATTAC	0	12212
CACTTGACGAGATTAC	0	12213
CGCGTGGCAAGATTAC	0	12214
CACTTGACTAGATTAA	0	12215
CACTTGCATAGATTAG	0	12216
CAAGTGACTGGATTAG	0	12217
CACGTGTCTAGACTAC	0	12218
CACTTGTACAGATTAC	0	12219
CACGTGGCGAGAGTAG	0	12220
CACATGCTGAGATTAA	0	12221
CAGGTGCTGAGATTAA	0	12222
GACGTGCTGAGATTAA	0	12223
CACGCGGTGGGATTAC	0	12224
CACGGGTCGAGATTAC	0	12225
CACGCGTCAGGATTAA	0	12226
CACGCGCGTAGATTAG	0	12227
CACGCGGTTGGATTAA	0	12228
CACGGGTCTAGATTAA	0	12229
CACGTGGAGACATTAG	0	12230
CACGCGTGCAGATTAC	0	12231
CACTTGGTGGGATTAG	0	12232
CACATGATTGGATTAG	0	12233
CAGGTGATTGGATTAG	0	12234
CTAATCCAATCACGTC	0	12235
CACATGAAGGGATTAC	0	12236
CAGGTGAAGGGATTAC	0	12237
GACGTGAAGGGATTAC	0	12238
ATAGTCTAGCCACGTG	0	12239
CAAGTGCCGAGATTAC	0	12240
CACTTGTGCAGATTAG	0	12241
CACTTGGAGGGATTAA	0	12242
ATAATCTGTCCAAGTG	0	12243
CACGTGGCCAGACTAA	0	12244
CACATGAATGGATTAA	0	12245
CAGGTGAATGGATTAA	0	12246
GACGTGAATGGATTAA	0	12247
CAAGTGCCTAGATTAA	0	12248
ATAATCTCGCCCCGTG	0	12249
CACTTGACTAGATTAC	0	12250
CACGCGGGGGGATTAA	0	12251
ATAATCTGCCCGCGTG	0	12252
CACGTGGCAAGATGAG	0	12253
CACATGAGGGGATTAG	0	12254
CAGGTGAGGGGATTAG	0	12255
CTAATCCCCTCACGTC	0	12256
CACATGCTGAGATTAC	0	12257
CAGGTGCTGAGATTAC	0	12258
GACGTGCTGAGATTAC	0	12259
CACGCGTCAGGATTAC	0	12260
CACGTGGCTAGAGTAG	0	12261
CACATGCTTAGATTAA	0	12262
CAGGTGCTTAGATTAA	0	12263
GACGTGCTTAGATTAA	0	12264
CACGCGGTTGGATTAC	0	12265
CACGGGTCTAGATTAC	0	12266
CGCGTGGTGAGATTAG	0	12267
CACGTGGATACATTAG	0	12268
CACTTGTCAGGATTAG	0	12269
CGCGTGGAGAGATTAA	0	12270
CACTTGGTTGGATTAG	0	12271
CACTTGGAGGGATTAC	0	12272
CACGTGGCCAGACTAC	0	12273
CACATGAATGGATTAC	0	12274
CAGGTGAATGGATTAC	0	12275
GACGTGAATGGATTAC	0	12276
CAAGTGCCTAGATTAC	0	12277
ATAATCCTGCCGCGTG	0	12278
CACTTGGATGGATTAA	0	12279
CACATGCGGAGATTAA	0	12280
CAGGTGCGGAGATTAA	0	12281
GACGTGCGGAGATTAA	0	12282
ATAATCTAGCCCCGTG	0	12283
CACGCGGGGGGATTAC	0	12284
CAAGTGTTAAGATTAA	0	12285
CACGGGGCCAGATTAA	0	12286
CACGCGGGTGGATTAA	0	12287
CACTTGGGGGGATTAG	0	12288
CACATGAGTGGATTAG	0	12289
CAGGTGAGTGGATTAG	0	12290
CTAATCCACTCACGTC	0	12291
CACATGCTTAGATTAC	0	12292
CAGGTGCTTAGATTAC	0	12293
GACGTGCTTAGATTAC	0	12294
CGCGTGTCAAGATTAG	0	12295
CGCGTGGTTAGATTAG	0	12296
CGCGTGGAGAGATTAC	0	12297
ATAATCTCGTCGCGTG	0	12298
CTCGTGTTGAGATTAA	0	12299
CGCGTGGATAGATTAA	0	12300
CACGCGTTGGGATTAG	0	12301
ATAATCTTGGCATGTG	0	12302
ATAATCTTGGCACCTG	0	12303
CACTTGGATGGATTAC	0	12304
CACGTGGTAAGACTAG	0	12305
CACGCGTAGGGATTAA	0	12306
CACATGCGGAGATTAC	0	12307
CAGGTGCGGAGATTAC	0	12308
GACGTGCGGAGATTAC	0	12309
ATAATCTGTACGCGTG	0	12310
CAAGTGTTAAGATTAC	0	12311
CACGTGGAAAGACTAA	0	12312
CACATGCGTAGATTAA	0	12313
CAGGTGCGTAGATTAA	0	12314
GACGTGCGTAGATTAA	0	12315
CACGGGGCCAGATTAC	0	12316
CTAATCTGTTCACGAG	0	12317
CACGCGGGTGGATTAC	0	12318
CGCGTGGGGAGATTAG	0	12319
CACTTGGGTGGATTAG	0	12320
CACGTGGCGAGATAAG	0	12321
ATAATCTTACCACTTG	0	12322
CTCGTGTTGAGATTAC	0	12323
CACGTGGAGAGATGAG	0	12324
CGCGTGGATAGATTAC	0	12325
ATAATCTAGTCGCGTG	0	12326
CAAGTGTGAAGATTAA	0	12327
CTCGTGTTTAGATTAA	0	12328
CACGCGACCAGATTAA	0	12329
CACGCGTTTGGATTAG	0	12330
CACGCGTAGGGATTAC	0	12331
CACGCGCACAGATTAG	0	12332
CACGTGGAAAGACTAC	0	12333
CACGCGTATGGATTAA	0	12334
CACATGCGTAGATTAC	0	12335
CAGGTGCGTAGATTAC	0	12336
GACGTGCGTAGATTAC	0	12337
CCCGTGGCAAGATTAA	0	12338
CACGTGGCAAGTTTAA	0	12339
CACGGGGTAAGATTAG	0	12340
ATAATCTCACCACGAG	0	12341
CACTTGTAGGGATTAG	0	12342
CGCGTGGGTAGATTAG	0	12343
CACGTGTCCAGACTAG	0	12344
CACGGGGAAAGATTAA	0	12345
CTCGTGTGGAGATTAA	0	12346
CACGCGTGGGGATTAG	0	12347
ATAATCCCTCCGCGTG	0	12348
CACGTGGGAAGACTAG	0	12349
CACGTGGCTAGATAAG	0	12350
CAAGTGTGAAGATTAC	0	12351
CTCGTGTTTAGATTAC	0	12352
CACGTGGATAGATGAG	0	12353
CACGCGACCAGATTAC	0	12354
CAAGTGTCGGGATTAA	0	12355
ATAATCTGGACACTTG	0	12356
CACGCGTATGGATTAC	0	12357
CGCGTGTAGAGATTAG	0	12358
CACTTGACCAGATTAG	0	12359
CACGTGGCAAGTTTAC	0	12360
CCCGTGGCAAGATTAC	0	12361
ATAATCTTGACACGAG	0	12362
ATAATCTTCCCACTTG	0	12363
ATAATCTAACCACGAG	0	12364
CACTTGTATGGATTAG	0	12365
CACGGGGAAAGATTAC	0	12366
CTCGTGTGGAGATTAC	0	12367
ATAATCTCTGCACCTG	0	12368
ATAATCTCTGCATGTG	0	12369
CTCGTGGTCAGATTAA	0	12370
CTCGTGTGTAGATTAA	0	12371
CACATGTTGGGATTAA	0	12372
CAGGTGTTGGGATTAA	0	12373
GACGTGTTGGGATTAA	0	12374
ATAATCTGAACACCTG	0	12375
ATAATCTGAACATGTG	0	12376
CACGCGGTCGGATTAG	0	12377
CACGGGTCCAGATTAG	0	12378
CACGCGTGTGGATTAG	0	12379
ATAATCCATCCGCGTG	0	12380
CACGCGGACGGATTAA	0	12381
CACGTGGCGGGACTAG	0	12382
CACGGGGGAAGATTAG	0	12383
ATAATCTCCCCACGAG	0	12384
CACGCGATAAGATTAG	0	12385
CACATGAACGGATTAG	0	12386
CAGGTGAACGGATTAG	0	12387
CTAATCCGTTCACGTC	0	12388
CAAGTGTCGGGATTAC	0	12389
CAAGTGCCCAGATTAG	0	12390
CAAGTGTCTGGATTAA	0	12391
CACGCGAAAAGATTAA	0	12392
CGCGTGTATAGATTAG	0	12393
CTAATCTTGGCACGAG	0	12394
CTCGTGGTCAGATTAC	0	12395
CTCGTGTGTAGATTAC	0	12396
CACATGTTGGGATTAC	0	12397
CAGGTGTTGGGATTAC	0	12398
GACGTGTTGGGATTAC	0	12399
CACATGCTCAGATTAG	0	12400
CAGGTGCTCAGATTAG	0	12401
CTAATCTGAGCACGTC	0	12402
ATAATCCCGCCACTTG	0	12403
CACGTGTAAAGACTAG	0	12404
ATAATCTATGCACCTG	0	12405
ATAATCTATGCATGTG	0	12406
CACGTGGTGAGTTTAG	0	12407
CCCGTGGTGAGATTAG	0	12408
CACATGTTTGGATTAA	0	12409
CAGGTGTTTGGATTAA	0	12410
GACGTGTTTGGATTAA	0	12411
CACATGCACAGATTAA	0	12412
CAGGTGCACAGATTAA	0	12413
GACGTGCACAGATTAA	0	12414
CACGCGGACGGATTAC	0	12415
CACGTGGAGAGTTTAA	0	12416
CCCGTGGAGAGATTAA	0	12417
CACGTGGCTGGACTAG	0	12418
CACTTGGACGGATTAG	0	12419
ATAATCTACCCACGAG	0	12420
ATAATCCCACCACCTG	0	12421
ATAATCCCACCATGTG	0	12422
CAAGTGTCTGGATTAC	0	12423
CACGCGAAAAGATTAC	0	12424
CACGGGGCGGGATTAG	0	12425
CTCGTGGGCAGATTAA	0	12426
CACATGTGGGGATTAA	0	12427
CAGGTGTGGGGATTAA	0	12428
GACGTGTGGGGATTAA	0	12429
ATAATCTGCACACCTG	0	12430
ATAATCTGCACATGTG	0	12431
ATAATCTTTACACTTG	0	12432
CACGCGGGCGGATTAG	0	12433
CACTTGAAAAGATTAG	0	12434
CACGTGTCAAGTTTAG	0	12435
CCCGTGTCAAGATTAG	0	12436
CACATGTTTGGATTAC	0	12437
CAGGTGTTTGGATTAC	0	12438
GACGTGTTTGGATTAC	0	12439
CACGCGAGAAGATTAG	0	12440
ATAATCCAGCCACTTG	0	12441
CACATGCACAGATTAC	0	12442
CAGGTGCACAGATTAC	0	12443
GACGTGCACAGATTAC	0	12444
CACGTGGTTAGTTTAG	0	12445
CCCGTGGTTAGATTAG	0	12446
CACGTGGAGAGTTTAC	0	12447
CCCGTGGAGAGATTAC	0	12448
CAAGTGGCCGGATTAA	0	12449
CACGGGTAAAGATTAG	0	12450
ATAATCTCTACACGAG	0	12451
CGCGTGGACAGATTAG	0	12452
CACGTGGATAGTTTAA	0	12453
CCCGTGGATAGATTAA	0	12454
CTCGTGGCAGGATTAA	0	12455
ATAATCCTGACACCTG	0	12456
ATAATCCTGACATGTG	0	12457
CAAGTGACAAGATTAA	0	12458
CACGTGGCGAGAATAG	0	12459
CTCGTGGGCAGATTAC	0	12460
ATAATCCAACCACCTG	0	12461
ATAATCCAACCATGTG	0	12462
CACATGTGGGGATTAC	0	12463
CAGGTGTGGGGATTAC	0	12464
GACGTGTGGGGATTAC	0	12465
CACGGGGCTGGATTAG	0	12466
CACATGCGCAGATTAG	0	12467
CAGGTGCGCAGATTAG	0	12468
CTAATCTGCGCACGTC	0	12469
CAAGTGCAAAGATTAG	0	12470
CACGTGGGGAGTTTAG	0	12471
CCCGTGGGGAGATTAG	0	12472
CACATGGTCGGATTAA	0	12473
CAGGTGGTCGGATTAA	0	12474
GACGTGGTCGGATTAA	0	12475
CACATGTGTGGATTAA	0	12476
CAGGTGTGTGGATTAA	0	12477
GACGTGTGTGGATTAA	0	12478
CACATGATAAGATTAA	0	12479
CAGGTGATAAGATTAA	0	12480
GACGTGATAAGATTAA	0	12481
CTCGTGACGAGATTAA	0	12482
CAAGTGGCCGGATTAC	0	12483
ATAATCCCCCCACCTG	0	12484
ATAATCCCCCCATGTG	0	12485
CTAATCTCTGCACGAG	0	12486
CACGCGACGGGATTAG	0	12487
CACGTGGATAGTTTAC	0	12488
CCCGTGGATAGATTAC	0	12489
CTAATCTGAACACGAG	0	12490
ATAATCTATACACGAG	0	12491
CTCGTGGCAGGATTAC	0	12492
CACATGCCAGGATTAG	0	12493
CAGGTGCCAGGATTAG	0	12494
CTAATCCTGGCACGTC	0	12495
CTCGTGTACAGATTAA	0	12496
CAAGTGACAAGATTAC	0	12497
CACGCGTACGGATTAG	0	12498
CACGTGGCTAGAATAG	0	12499
CACATGGTCGGATTAC	0	12500
CAGGTGGTCGGATTAC	0	12501
GACGTGGTCGGATTAC	0	12502
CACATGTGTGGATTAC	0	12503
CAGGTGTGTGGATTAC	0	12504
GACGTGTGTGGATTAC	0	12505
CACGTGGGTAGTTTAG	0	12506
CCCGTGGGTAGATTAG	0	12507
CACGCGCCGAGATTAA	0	12508
CACATGATAAGATTAC	0	12509
CAGGTGATAAGATTAC	0	12510
GACGTGATAAGATTAC	0	12511
CACTTGGTAAGATTAA	0	12512
CTCGTGACGAGATTAC	0	12513
CAAGTGGTAGGATTAG	0	12514
CTCGTGACTAGATTAA	0	12515
ATAATCTCGACAAGTG	0	12516
ATAATCCACCCACCTG	0	12517
ATAATCCACCCATGTG	0	12518
CTAATCTATGCACGAG	0	12519
CACGCGACTGGATTAG	0	12520
CACATGGGCGGATTAA	0	12521
CAGGTGGGCGGATTAA	0	12522
GACGTGGGCGGATTAA	0	12523
CAAGTGGAAGGATTAA	0	12524
CTCGTGTACAGATTAC	0	12525
CACGTGTAGAGTTTAG	0	12526
CCCGTGTAGAGATTAG	0	12527
CACATGAGAAGATTAA	0	12528
CAGGTGAGAAGATTAA	0	12529
GACGTGAGAAGATTAA	0	12530
CTAATCCCACCACGAG	0	12531
CACGCGCCGAGATTAC	0	12532
CAAGTGATGAGATTAG	0	12533
CTAATCTGCACACGAG	0	12534
CTCGTGGAGGGATTAA	0	12535
ATAATCTGTCCACGAG	0	12536
ATAATCCCTACACCTG	0	12537
ATAATCCCTACATGTG	0	12538
CACTTGGTAAGATTAC	0	12539
CACGCGCCTAGATTAA	0	12540
CAAGTGAAGAGATTAA	0	12541
CTCGTGACTAGATTAC	0	12542
CACTTGCCGAGATTAG	0	12543
ATAATCTAGACAAGTG	0	12544
CACATGGGCGGATTAC	0	12545
CAGGTGGGCGGATTAC	0	12546
GACGTGGGCGGATTAC	0	12547
CAAGTGGAAGGATTAC	0	12548
CACTTGTCCAGATTAA	0	12549
CAAGTGTCCGGATTAG	0	12550
CACGTGTATAGTTTAG	0	12551
CCCGTGTATAGATTAG	0	12552
CACATGAGAAGATTAC	0	12553
CAGGTGAGAAGATTAC	0	12554
GACGTGAGAAGATTAC	0	12555
CACTTGGGAAGATTAA	0	12556
CTAATCCTGACACGAG	0	12557
CAAGTGGGAGGATTAG	0	12558
CTAATCCAACCACGAG	0	12559
CACATGACGGGATTAA	0	12560
CAGGTGACGGGATTAA	0	12561
GACGTGACGGGATTAA	0	12562
ATAATCTGGTCACCTG	0	12563
ATAATCTGGTCATGTG	0	12564
CTCGTGGAGGGATTAC	0	12565
CACATGCAGGGATTAG	0	12566
CAGGTGCAGGGATTAG	0	12567
CTAATCCCTGCACGTC	0	12568
CACGCGCCTAGATTAC	0	12569
CAAGTGATTAGATTAG	0	12570
CTCGTGGATGGATTAA	0	12571
CAAGTGAAGAGATTAC	0	12572
CACATGTTCGGATTAG	0	12573
CAGGTGTTCGGATTAG	0	12574
CTAATCCGAACACGTC	0	12575
ATAATCCATACACCTG	0	12576
ATAATCCATACATGTG	0	12577
CAAGTGAATAGATTAA	0	12578
CACGCGTTAAGATTAA	0	12579
CACATGTACGGATTAA	0	12580
CAGGTGTACGGATTAA	0	12581
GACGTGTACGGATTAA	0	12582
CACTTGCCTAGATTAG	0	12583
CACTTGTCCAGATTAC	0	12584
CTAATCCCCCCACGAG	0	12585
CAAGTGAGGAGATTAG	0	12586
CACGTGGCGACATTAG	0	12587
CACTTGGGAAGATTAC	0	12588
CACATGACGGGATTAC	0	12589
CAGGTGACGGGATTAC	0	12590
GACGTGACGGGATTAC	0	12591
CACTTGGCGGGATTAA	0	12592
ATAATCTGGCCAAGTG	0	12593
CACATGACTGGATTAA	0	12594
CAGGTGACTGGATTAA	0	12595
GACGTGACTGGATTAA	0	12596
CTCGTGGATGGATTAC	0	12597
CACGTTGAGAGATTAG	0	12598
CACATGCATGGATTAG	0	12599
CAGGTGCATGGATTAG	0	12600
CTAATCCATGCACGTC	0	12601
CAAGTGAATAGATTAC	0	12602
CACGCGTTAAGATTAC	0	12603
CACATGTACGGATTAC	0	12604
CAGGTGTACGGATTAC	0	12605
GACGTGTACGGATTAC	0	12606
CACGTGGACAGTTTAG	0	12607
CCCGTGGACAGATTAG	0	12608
CACTTGTTAAGATTAG	0	12609
CTAATCCACCCACGAG	0	12610
CACTTGTAAAGATTAA	0	12611
CAAGTGAGTAGATTAG	0	12612
ATAATCTTACCGCGTG	0	12613
CACGTGGCTACATTAG	0	12614
CACATGTGCGGATTAG	0	12615
CAGGTGTGCGGATTAG	0	12616
CTAATCCGCACACGTC	0	12617
CAAGTGTAAGGATTAG	0	12618
ATAATCCGTCCACCTG	0	12619
ATAATCCGTCCATGTG	0	12620
CGCGTGGCGAGATTAA	0	12621
CACGCGTGAAGATTAA	0	12622
CACTTGGCGGGATTAC	0	12623
CACATGACTGGATTAC	0	12624
CAGGTGACTGGATTAC	0	12625
GACGTGACTGGATTAC	0	12626
CACTTGGCTGGATTAA	0	12627
ATAATCTTTTCACCTG	0	12628
ATAATCTTTTCATGTG	0	12629
CACGTTGATAGATTAG	0	12630
CTAATCCCTACACGAG	0	12631
CACTTGTAAAGATTAC	0	12632
CGCGTGGCGAGATTAC	0	12633
CACGCGTGAAGATTAC	0	12634
CGCGTGGCTAGATTAA	0	12635
CACTTGGCTGGATTAC	0	12636
CACGCGTCGGGATTAA	0	12637
ATAATCTGGACGCGTG	0	12638
CACTTGTGAAGATTAG	0	12639
ATAATCTTTCCAAGTG	0	12640
CACGTGGCAAGACTAA	0	12641
CTAATCTGGTCACGAG	0	12642
ATAATCTTCCCGCGTG	0	12643
CTAATCCATACACGAG	0	12644
CACGTGGCGAGATGAG	0	12645
CGCGTGGCTAGATTAC	0	12646
CACGCGTCGGGATTAC	0	12647
CACGCGCCCAGATTAG	0	12648
CACGTGGCAAGACTAC	0	12649
CACGCGTCTGGATTAA	0	12650
CACTTGTCGGGATTAG	0	12651
CACGGGGCAAGATTAA	0	12652
ATAATCCCGCCGCGTG	0	12653
CAAGTGTTGAGATTAA	0	12654
CACGTGGCTAGATGAG	0	12655
CTAATCCGTCCACGAG	0	12656
CACGCGTCTGGATTAC	0	12657
CGCGTGTCGAGATTAG	0	12658
CAAGTGAACAGATTAG	0	12659
ATAATCTTTACGCGTG	0	12660
CACTTGTCTGGATTAG	0	12661
CACGGGGCAAGATTAC	0	12662
CTAATCTTTTCACGAG	0	12663
ATAATCTCGGCACCTG	0	12664
ATAATCTCGGCATGTG	0	12665
CACGTGGTGAGACTAG	0	12666
ATAATCCAGCCGCGTG	0	12667
CAAGTGTTGAGATTAC	0	12668
CACGTGGAGAGACTAA	0	12669
CACGCGGCCGGATTAA	0	12670
CAAGTGTTTAGATTAA	0	12671
CACATGACCGGATTAG	0	12672
CAGGTGACCGGATTAG	0	12673
CTAATCCGGTCACGTC	0	12674
CACGCGACAAGATTAA	0	12675
CGCGTGTCTAGATTAG	0	12676
CACGCGCAAAGATTAG	0	12677
ATAATCTCACCACTTG	0	12678
CAAGTGTGGAGATTAA	0	12679
CACGTGTCAAGACTAG	0	12680
ATAATCTAGGCACCTG	0	12681
ATAATCTAGGCATGTG	0	12682
CACGTGGTTAGACTAG	0	12683
CACGTGGAGAGACTAC	0	12684
CACATGCCCAGATTAA	0	12685
CAGGTGCCCAGATTAA	0	12686
GACGTGCCCAGATTAA	0	12687
CACGCGGCCGGATTAC	0	12688
CACGTGGCGAGTTTAA	0	12689
CCCGTGGCGAGATTAA	0	12690
CAAGTGTTTAGATTAC	0	12691
CACGGGGTGAGATTAG	0	12692
CACGTGGATAGACTAA	0	12693
CACGGGGAGAGATTAA	0	12694
CACTTGGCCGGATTAG	0	12695
CACGCGACAAGATTAC	0	12696
CACGTGGGGAGACTAG	0	12697
ATAATCTTGACACTTG	0	12698
ATAATCTAACCACTTG	0	12699
CACTTGACAAGATTAG	0	12700
CAAGTGTGGAGATTAC	0	12701
CAAGTGGTCAGATTAA	0	12702
CAAGTGTGTAGATTAA	0	12703
CACATGCCCAGATTAC	0	12704
CAGGTGCCCAGATTAC	0	12705
GACGTGCCCAGATTAC	0	12706
CTCGTGGTAAGATTAA	0	12707
CACGTGGCGAGTTTAC	0	12708
CCCGTGGCGAGATTAC	0	12709
ATAATCTTAACACCTG	0	12710
ATAATCTTAACATGTG	0	12711
CACGTGGATAGACTAC	0	12712
CACGCGGTAGGATTAG	0	12713
CACGGGTCAAGATTAG	0	12714
ATAATCTCGACACGAG	0	12715
CGCGTGGCCAGATTAG	0	12716
CACGTGGCTAGTTTAA	0	12717
CCCGTGGCTAGATTAA	0	12718
CACGGGGTTAGATTAG	0	12719
ATAATCTCCCCACTTG	0	12720
CACGGGGAGAGATTAC	0	12721
CACGCGGAAGGATTAA	0	12722
CACGGGGATAGATTAA	0	12723
CACATGAAAGGATTAG	0	12724
CAGGTGAAAGGATTAG	0	12725
CTAATCCTTTCACGTC	0	12726
CAAGTGCCAAGATTAG	0	12727
CACGTGGGTAGACTAG	0	12728
CAAGTGGTCAGATTAC	0	12729
CAAGTGTGTAGATTAC	0	12730
CACGGGGGGAGATTAG	0	12731
CACGCGATGAGATTAG	0	12732
CTCGTGGTAAGATTAC	0	12733
CACGCGAAGAGATTAA	0	12734
CACATGCTAAGATTAG	0	12735
CAGGTGCTAAGATTAG	0	12736
CTAATCTTAGCACGTC	0	12737
CTAATCTCGGCACGAG	0	12738
CACGTGGCTAGTTTAC	0	12739
CCCGTGGCTAGATTAC	0	12740
CACATGCAAAGATTAA	0	12741
GACGTGCAAAGATTAA	0	12742
ATAATCTAGACACGAG	0	12743
CACGCGGAAGGATTAC	0	12744
ATAATCTACCCACTTG	0	12745
CTCGTGTCCAGATTAA	0	12746
CACGGGGATAGATTAC	0	12747
CACGTGTAGAGACTAG	0	12748
CAAGTGGGCAGATTAA	0	12749
CACGCGTCCGGATTAG	0	12750
CACTTGGAAGGATTAG	0	12751
CTCGTGGGAAGATTAA	0	12752
ATAATCTTCACACCTG	0	12753
ATAATCTTCACATGTG	0	12754
CACGCGGGAGGATTAG	0	12755
CACGGGGGTAGATTAG	0	12756
CACGCGATTAGATTAG	0	12757
CACGCGAAGAGATTAC	0	12758
CACGCGAATAGATTAA	0	12759
ATAATCTCTACACTTG	0	12760
CACATGCAAAGATTAC	0	12761
CAGGTGCAAAGATTAC	0	12762
GACGTGCAAAGATTAC	0	12763
CTAATCTAGGCACGAG	0	12764
CACTTGAAGAGATTAG	0	12765
CAAGTGGCAGGATTAA	0	12766
CTCGTGTCCAGATTAC	0	12767
CGCGTGGAAAGATTAG	0	12768
CAAGTGGGCAGATTAC	0	12769
CACGTGTCGAGTTTAG	0	12770
CCCGTGTCGAGATTAG	0	12771
CACGCGAGGAGATTAG	0	12772
CACGTGTATAGACTAG	0	12773
CTCGTGGGAAGATTAC	0	12774
CACGGGTAGAGATTAG	0	12775
CACATGCGAAGATTAG	0	12776
CAGGTGCGAAGATTAG	0	12777
CTAATCTTCGCACGTC	0	12778
CACATGGTAGGATTAA	0	12779
CAGGTGGTAGGATTAA	0	12780
GACGTGGTAGGATTAA	0	12781
CTCGTGGCGGGATTAA	0	12782
ATAATCTGGCCACGAG	0	12783
ATAATCCCGACACCTG	0	12784
ATAATCCCGACATGTG	0	12785
CAAGTGACGAGATTAA	0	12786
CACGCGAATAGATTAC	0	12787
CAAGTGCAGAGATTAG	0	12788
CAAGTGTTCAGATTAG	0	12789
ATAATCTATACACTTG	0	12790
CAAGTGGCAGGATTAC	0	12791
CAAGTGTACAGATTAA	0	12792
CACTTGAATAGATTAG	0	12793
CTAATCTTAACACGAG	0	12794
CACATGATGAGATTAA	0	12795
GACGTGATGAGATTAA	0	12796
CAGGTGATGAGATTAA	0	12797
CTCGTGTAAAGATTAA	0	12798
CACGTGTCTAGTTTAG	0	12799
CCCGTGTCTAGATTAG	0	12800
CACGCGAGTAGATTAG	0	12801
CACGCGTAAGGATTAG	0	12802
CACATGGTAGGATTAC	0	12803
CAGGTGGTAGGATTAC	0	12804
GACGTGGTAGGATTAC	0	12805
CACGGGTATAGATTAG	0	12806
CTCGTGGCGGGATTAC	0	12807
CACATGCCGGGATTAG	0	12808
CAGGTGCCGGGATTAG	0	12809
CTAATCCCGGCACGTC	0	12810
CTCGTGGCTGGATTAA	0	12811
CAAGTGACGAGATTAC	0	12812
ATAATCCAGACACCTG	0	12813
ATAATCCAGACATGTG	0	12814
CAAGTGACTAGATTAA	0	12815
CACATGTCCGGATTAA	0	12816
CAGGTGTCCGGATTAA	0	12817
GACGTGTCCGGATTAA	0	12818
CACGTGGACAGACTAG	0	12819
CAAGTGCATAGATTAG	0	12820
CAAGTGTACAGATTAC	0	12821
CACATGGGAGGATTAA	0	12822
CAGGTGGGAGGATTAA	0	12823
GACGTGGGAGGATTAA	0	12824
CACATGATGAGATTAC	0	12825
CAGGTGATGAGATTAC	0	12826
GACGTGATGAGATTAC	0	12827
CTCGTGTAAAGATTAC	0	12828
CACTTGGTGAGATTAA	0	12829
CACATGATTAGATTAA	0	12830
CAGGTGATTAGATTAA	0	12831
GACGTGATTAGATTAA	0	12832
CAAGTGGTGGGATTAG	0	12833
CAAGTGTGCAGATTAG	0	12834
CAAGTGGAGGGATTAA	0	12835
ATAATCTGTCCACTTG	0	12836
CTCGTGGCTGGATTAC	0	12837
CACGTTGCGAGATTAG	0	12838
CACATGCCTGGATTAG	0	12839
CAGGTGCCTGGATTAG	0	12840
CTAATCCAGGCACGTC	0	12841
CTAATCTTCACACGAG	0	12842
CAAGTGACTAGATTAC	0	12843
ATAATCTTTCCACGAG	0	12844
CACATGTCCGGATTAC	0	12845
CAGGTGTCCGGATTAC	0	12846
GACGTGTCCGGATTAC	0	12847
CACATGAGGAGATTAA	0	12848
CAGGTGAGGAGATTAA	0	12849
GACGTGAGGAGATTAA	0	12850
CACGTGGCCAGTTTAG	0	12851
CCCGTGGCCAGATTAG	0	12852
CACGGGGACAGATTAG	0	12853
CACATGGGAGGATTAC	0	12854
CAGGTGGGAGGATTAC	0	12855
GACGTGGGAGGATTAC	0	12856
CACTTGGTGAGATTAC	0	12857
CACTTGTCAAGATTAA	0	12858
CACATGATTAGATTAC	0	12859
CAGGTGATTAGATTAC	0	12860
GACGTGATTAGATTAC	0	12861
CAAGTGTCAGGATTAG	0	12862
CACTTGGTTAGATTAA	0	12863
ATAATCCGGCCACCTG	0	12864
ATAATCCGGCCATGTG	0	12865
CAAGTGGTTGGATTAG	0	12866
CAAGTGGAGGGATTAC	0	12867
CAAGTGGATGGATTAA	0	12868
ATAATCTTGTCACCTG	0	12869
ATAATCTTGTCATGTG	0	12870
CACGTTGCTAGATTAG	0	12871
CACATGAGGAGATTAC	0	12872
CAGGTGAGGAGATTAC	0	12873
GACGTGAGGAGATTAC	0	12874
CACATGTTAGGATTAG	0	12875
CAGGTGTTAGGATTAG	0	12876
CTAATCCTAACACGTC	0	12877
CACTTGGGGAGATTAA	0	12878
CTAATCCCGACACGAG	0	12879
CACATGAGTAGATTAA	0	12880
CAGGTGAGTAGATTAA	0	12881
GACGTGAGTAGATTAA	0	12882
CAAGTGGGGGGATTAG	0	12883
CACATGTAAGGATTAA	0	12884
CAGGTGTAAGGATTAA	0	12885
GACGTGTAAGGATTAA	0	12886
CACTTGTCAAGATTAC	0	12887
CACTTGGTTAGATTAC	0	12888
CACGCGTTGAGATTAA	0	12889
CAAGTGGATGGATTAC	0	12890
ATAATCTTGCCAAGTG	0	12891
CACGCGAACAGATTAG	0	12892
CACTTGGGGAGATTAC	0	12893
CACATGAGTAGATTAC	0	12894
CAGGTGAGTAGATTAC	0	12895
GACGTGAGTAGATTAC	0	12896
CACATGTAAGGATTAC	0	12897
CAGGTGTAAGGATTAC	0	12898
GACGTGTAAGGATTAC	0	12899
CACTTGGGTAGATTAA	0	12900
CTAATCCAGACACGAG	0	12901
CACGTGGAAAGTTTAG	0	12902
CCCGTGGAAAGATTAG	0	12903
CAAGTGGGTGGATTAG	0	12904
CACGCGTTGAGATTAC	0	12905
CACGCGTTTAGATTAA	0	12906
CACATGTGAGGATTAG	0	12907
CAGGTGTGAGGATTAG	0	12908
CTAATCCTCACACGTC	0	12909
ATAATCCTTCCACCTG	0	12910
ATAATCCTTCCATGTG	0	12911
CACTTGTTGAGATTAG	0	12912
CACTTGTAGAGATTAA	0	12913
ATAATCTCACCGCGTG	0	12914
CAAGTGTAGGGATTAG	0	12915
CACTTGGGTAGATTAC	0	12916
CACGCGTGGAGATTAA	0	12917
ATAATCTCTTCACCTG	0	12918
ATAATCTCTTCATGTG	0	12919
CACGCGTTTAGATTAC	0	12920
CTAATCCGGCCACGAG	0	12921
CACTTGTTTAGATTAG	0	12922
CACTTGTAGAGATTAC	0	12923
CAAGTGACCAGATTAG	0	12924
ATAATCTTGACGCGTG	0	12925
CACTTGTATAGATTAA	0	12926
ATAATCTAACCGCGTG	0	12927
CAAGTGTATGGATTAG	0	12928
CTAATCTTGTCACGAG	0	12929
CACGCGTGGAGATTAC	0	12930
CACGCGGTCAGATTAA	0	12931
CACGCGTGTAGATTAA	0	12932
CACTTGTGGAGATTAG	0	12933
ATAATCTCTCCAAGTG	0	12934
CACATGATCAGATTAG	0	12935
CAGGTGATCAGATTAG	0	12936
CTAATCTGATCACGTC	0	12937
CACGTGGCGAGACTAA	0	12938
ATAATCTATTCACCTG	0	12939
ATAATCTATTCATGTG	0	12940
CACATGAACAGATTAA	0	12941
CAGGTGAACAGATTAA	0	12942
GACGTGAACAGATTAA	0	12943
ATAATCTCCCCGCGTG	0	12944
CACGCGCCAAGATTAG	0	12945
CACTTGTATAGATTAC	0	12946
CACGCGGTCAGATTAC	0	12947
CACGCGTGTAGATTAC	0	12948
CACGTGGCGAGACTAC	0	12949
CACTTGGTCAGATTAG	0	12950
CACTTGTGTAGATTAG	0	12951
ATAATCTATCCAAGTG	0	12952
CACGTGGCTAGACTAA	0	12953
CACATGAACAGATTAC	0	12954
CAGGTGAACAGATTAC	0	12955
GACGTGAACAGATTAC	0	12956
CACTTGGACAGATTAA	0	12957
CACGGGGCGAGATTAA	0	12958
CAAGTGGACGGATTAG	0	12959
ATAATCTACCCGCGTG	0	12960
CACGCGGGCAGATTAA	0	12961
CTAATCCTTCCACGAG	0	12962
CACATGAGCAGATTAG	0	12963
CAGGTGAGCAGATTAG	0	12964
CTAATCTGCTCACGTC	0	12965
CAAGTGAAAAGATTAG	0	12966
CACGTGGCTAGACTAC	0	12967
ATAATCTCTACGCGTG	0	12968
CACTTGGACAGATTAC	0	12969
CACGGGGCGAGATTAC	0	12970
CTAATCTCTTCACGAG	0	12971
CACGCGGCAGGATTAA	0	12972
CACGGGGCTAGATTAA	0	12973
CACGCGGGCAGATTAC	0	12974
CACATGACAGGATTAG	0	12975
CAGGTGACAGGATTAG	0	12976
CTAATCCTGTCACGTC	0	12977
CACTTGGGCAGATTAG	0	12978
CACGCGACGAGATTAA	0	12979
CACGCGCAGAGATTAG	0	12980
CACGCGTTCAGATTAG	0	12981
CACATGCCAAGATTAA	0	12982
CAGGTGCCAAGATTAA	0	12983
GACGTGCCAAGATTAA	0	12984
ATAATCTATACGCGTG	0	12985
CACGCGGCAGGATTAC	0	12986
CACGCGTACAGATTAA	0	12987
CACGGGGCTAGATTAC	0	12988
CTAATCTATTCACGAG	0	12989
CACGTGTCGAGACTAG	0	12990
CACTTGGCAGGATTAG	0	12991
CAAGTGGTAAGATTAA	0	12992
CACGCGACGAGATTAC	0	12993
CACGCGACTAGATTAA	0	12994
ATAATCTCGACACTTG	0	12995
CACATGCCAAGATTAC	0	12996
CAGGTGCCAAGATTAC	0	12997
GACGTGCCAAGATTAC	0	12998
CACGCGCATAGATTAG	0	12999
CACTTGACGAGATTAG	0	13000
CACGCGTACAGATTAC	0	13001
CGCGTGGCAAGATTAG	0	13002
CACGTGTCTAGACTAG	0	13003
CTCGTGGTGAGATTAA	0	13004
CACTTGTACAGATTAG	0	13005
ATAATCTCAACACCTG	0	13006
ATAATCTCAACATGTG	0	13007
CACGCGGTGGGATTAG	0	13008
CACGGGTCGAGATTAG	0	13009
CACGCGTGCAGATTAG	0	13010
CACGCGGAGGGATTAA	0	13011
ATAATCTGTCCGCGTG	0	13012
CAAGTGGTAAGATTAC	0	13013
CACATGAAGGGATTAG	0	13014
CAGGTGAAGGGATTAG	0	13015
CTAATCCCTTCACGTC	0	13016
CACGCGACTAGATTAC	0	13017
CAAGTGCCGAGATTAG	0	13018
ATAATCTAGACACTTG	0	13019
CAAGTGTCCAGATTAA	0	13020
CACTTGACTAGATTAG	0	13021
CTCGTGGTGAGATTAC	0	13022
CTCGTGTCAAGATTAA	0	13023
CACATGCTGAGATTAG	0	13024
CAGGTGCTGAGATTAG	0	13025
CTAATCTCAGCACGTC	0	13026
CAAGTGGGAAGATTAA	0	13027
CACGCGTCAGGATTAG	0	13028
CTCGTGGTTAGATTAA	0	13029
ATAATCTAAACACCTG	0	13030
ATAATCTAAACATGTG	0	13031
CACGCGGTTGGATTAG	0	13032
CACGGGTCTAGATTAG	0	13033
CACATGCAGAGATTAA	0	13034
CAGGTGCAGAGATTAA	0	13035
GACGTGCAGAGATTAA	0	13036
CACGCGGAGGGATTAC	0	13037
CACATGTTCAGATTAA	0	13038
CAGGTGTTCAGATTAA	0	13039
GACGTGTTCAGATTAA	0	13040
CACGCGGATGGATTAA	0	13041
CACTTGGAGGGATTAG	0	13042
CACGTGGCCAGACTAG	0	13043
CACATGAATGGATTAG	0	13044
CAGGTGAATGGATTAG	0	13045
CTAATCCATTCACGTC	0	13046
CAAGTGCCTAGATTAG	0	13047
CTCGTGGGGAGATTAA	0	13048
CAAGTGTCCAGATTAC	0	13049
ATAATCTCCACACCTG	0	13050
ATAATCTCCACATGTG	0	13051
CACGCGGGGGGATTAG	0	13052
CTCGTGTCAAGATTAC	0	13053
CAAGTGGGAAGATTAC	0	13054
CTCGTGGTTAGATTAC	0	13055
CACATGCTTAGATTAG	0	13056
CAGGTGCTTAGATTAG	0	13057
CTAATCTAAGCACGTC	0	13058
CACATGCAGAGATTAC	0	13059
CAGGTGCAGAGATTAC	0	13060
GACGTGCAGAGATTAC	0	13061
CACATGTTCAGATTAC	0	13062
CAGGTGTTCAGATTAC	0	13063
GACGTGTTCAGATTAC	0	13064
CAAGTGGCGGGATTAA	0	13065
ATAATCTGGCCACTTG	0	13066
CACATGCATAGATTAA	0	13067
CAGGTGCATAGATTAA	0	13068
GACGTGCATAGATTAA	0	13069
CACGCGGATGGATTAC	0	13070
CGCGTGGAGAGATTAG	0	13071
ATAATCTTGCCACGAG	0	13072
CACTTGGATGGATTAG	0	13073
CTCGTGGGGAGATTAC	0	13074
CACATGCGGAGATTAG	0	13075
CAGGTGCGGAGATTAG	0	13076
CTAATCTCCGCACGTC	0	13077
CTCGTGGGTAGATTAA	0	13078
CAAGTGTTAAGATTAG	0	13079
CACATGGTGGGATTAA	0	13080
CAGGTGGTGGGATTAA	0	13081
GACGTGGTGGGATTAA	0	13082
ATAATCTGACCACCTG	0	13083
ATAATCTGACCATGTG	0	13084
ATAATCTACACACCTG	0	13085
ATAATCTACACATGTG	0	13086
CACGGGGCCAGATTAG	0	13087
CACGCGGGTGGATTAG	0	13088
CACATGTGCAGATTAA	0	13089
CAGGTGTGCAGATTAA	0	13090
GACGTGTGCAGATTAA	0	13091
CAAGTGTAAAGATTAA	0	13092
CAAGTGGCGGGATTAC	0	13093
CACATGCATAGATTAC	0	13094
CAGGTGCATAGATTAC	0	13095
GACGTGCATAGATTAC	0	13096
CAAGTGGCTGGATTAA	0	13097
CTAATCTCAACACGAG	0	13098
CGCGTGGATAGATTAG	0	13099
CTCGTGTAGAGATTAA	0	13100
CACGCGTAGGGATTAG	0	13101
CTCGTGGGTAGATTAC	0	13102
CACATGGTGGGATTAC	0	13103
CAGGTGGTGGGATTAC	0	13104
GACGTGGTGGGATTAC	0	13105
CACATGTCAGGATTAA	0	13106
CAGGTGTCAGGATTAA	0	13107
GACGTGTCAGGATTAA	0	13108
CACGTGGAAAGACTAG	0	13109
CACATGCGTAGATTAG	0	13110
CAGGTGCGTAGATTAG	0	13111
CTAATCTACGCACGTC	0	13112
CACATGGTTGGATTAA	0	13113
CAGGTGGTTGGATTAA	0	13114
GACGTGGTTGGATTAA	0	13115
CACATGTGCAGATTAC	0	13116
CAGGTGTGCAGATTAC	0	13117
GACGTGTGCAGATTAC	0	13118
CAAGTGTAAAGATTAC	0	13119
CAAGTGGCTGGATTAC	0	13120
CAAGTGTGAAGATTAG	0	13121
CACATGGGGGGATTAA	0	13122
CAGGTGGGGGGATTAA	0	13123
GACGTGGGGGGATTAA	0	13124
ATAATCTGCCCACCTG	0	13125
ATAATCTGCCCATGTG	0	13126
ATAATCTTTCCACTTG	0	13127
CTAATCTAAACACGAG	0	13128
CTCGTGTAGAGATTAC	0	13129
CACGCGACCAGATTAG	0	13130
CTCGTGTATAGATTAA	0	13131
CACATGTCAGGATTAC	0	13132
CAGGTGTCAGGATTAC	0	13133
GACGTGTCAGGATTAC	0	13134
CACGCGTATGGATTAG	0	13135
CACGTGGCAAGTTTAG	0	13136
CCCGTGGCAAGATTAG	0	13137
CACATGGTTGGATTAC	0	13138
CAGGTGGTTGGATTAC	0	13139
GACGTGGTTGGATTAC	0	13140
CACGGGGAAAGATTAG	0	13141
CTAATCTCCACACGAG	0	13142
ATAATCTCTCCACGAG	0	13143
ATAATCCTGCCACCTG	0	13144
ATAATCCTGCCATGTG	0	13145
CACATGGGGGGATTAC	0	13146
CAGGTGGGGGGATTAC	0	13147
GACGTGGGGGGATTAC	0	13148
CACTTGTCGAGATTAA	0	13149
CACATGGGTGGATTAA	0	13150
CAGGTGGGTGGATTAA	0	13151
GACGTGGGTGGATTAA	0	13152
CTCGTGTATAGATTAC	0	13153
CAAGTGTCGGGATTAG	0	13154
ATAATCTCGTCACCTG	0	13155
ATAATCTCGTCATGTG	0	13156
CTAATCTGACCACGAG	0	13157
CTAATCTACACACGAG	0	13158
ATAATCTATCCACGAG	0	13159
CACATGTTGGGATTAG	0	13160
CAGGTGTTGGGATTAG	0	13161
CTAATCCCAACACGTC	0	13162
CTCGTGGACAGATTAA	0	13163
CACATGTAGGGATTAA	0	13164
CAGGTGTAGGGATTAA	0	13165
GACGTGTAGGGATTAA	0	13166
ATAATCTGTACACCTG	0	13167
ATAATCTGTACATGTG	0	13168
CACGCGGACGGATTAG	0	13169
CACTTGTCGAGATTAC	0	13170
CACATGGGTGGATTAC	0	13171
CAGGTGGGTGGATTAC	0	13172
GACGTGGGTGGATTAC	0	13173
CACTTGTCTAGATTAA	0	13174
CAAGTGTCTGGATTAG	0	13175
CACGCGAAAAGATTAG	0	13176
ATAATCTCGCCAAGTG	0	13177
ATAATCTAGTCACCTG	0	13178
ATAATCTAGTCATGTG	0	13179
CACATGACCAGATTAA	0	13180
CAGGTGACCAGATTAA	0	13181
GACGTGACCAGATTAA	0	13182
CTCGTGGACAGATTAC	0	13183
CACATGTTTGGATTAG	0	13184
CAGGTGTTTGGATTAG	0	13185
CTAATCCAAACACGTC	0	13186
CACATGTAGGGATTAC	0	13187
CAGGTGTAGGGATTAC	0	13188
GACGTGTAGGGATTAC	0	13189
CACATGCACAGATTAG	0	13190
CAGGTGCACAGATTAG	0	13191
CTAATCTGTGCACGTC	0	13192
CCCGTGGAGAGATTAG	0	13193
CACGTGGAGAGTTTAG	0	13194
CACATGTATGGATTAA	0	13195
CAGGTGTATGGATTAA	0	13196
GACGTGTATGGATTAA	0	13197
CACTTGTCTAGATTAC	0	13198
CTAATCTGCCCACGAG	0	13199
CACATGTGGGGATTAG	0	13200
CAGGTGTGGGGATTAG	0	13201
CTAATCCCCACACGTC	0	13202
ATAATCCCTCCACCTG	0	13203
ATAATCCCTCCATGTG	0	13204
ATAATCTAGCCAAGTG	0	13205
CACATGACCAGATTAC	0	13206
CAGGTGACCAGATTAC	0	13207
GACGTGACCAGATTAC	0	13208
CACTTGGCCAGATTAA	0	13209
CAAGTGGCCGGATTAG	0	13210
CACATGTATGGATTAC	0	13211
CAGGTGTATGGATTAC	0	13212
GACGTGTATGGATTAC	0	13213
CACGTGGATAGTTTAG	0	13214
CCCGTGGATAGATTAG	0	13215
CTAATCCTGCCACGAG	0	13216
CAAGTGACAAGATTAG	0	13217
CACATGGTCGGATTAG	0	13218
CAGGTGGTCGGATTAG	0	13219
CTAATCCGACCACGTC	0	13220
CACATGTGTGGATTAG	0	13221
CAGGTGTGTGGATTAG	0	13222
CTAATCCACACACGTC	0	13223
ATAATCCATCCACCTG	0	13224
ATAATCCATCCATGTG	0	13225
CACGCGGTAAGATTAA	0	13226
CACATGGACGGATTAA	0	13227
CAGGTGGACGGATTAA	0	13228
GACGTGGACGGATTAA	0	13229
ATAATCTCGACGCGTG	0	13230
CACTTGGCCAGATTAC	0	13231
CACATGATAAGATTAG	0	13232
CAGGTGATAAGATTAG	0	13233
CTAATCTTATCACGTC	0	13234
CTAATCTCGTCACGAG	0	13235
CACATGAAAAGATTAA	0	13236
CAGGTGAAAAGATTAA	0	13237
GACGTGAAAAGATTAA	0	13238
CTAATCTGTACACGAG	0	13239
CACGCGGTAAGATTAC	0	13240
CACATGGACGGATTAC	0	13241
CAGGTGGACGGATTAC	0	13242
GACGTGGACGGATTAC	0	13243
CACGCGCCGAGATTAG	0	13244
CACTTGGTAAGATTAG	0	13245
ATAATCTAGACGCGTG	0	13246
CACATGAAAAGATTAC	0	13247
CAGGTGAAAAGATTAC	0	13248
GACGTGAAAAGATTAC	0	13249
CACGCGTCCAGATTAA	0	13250
CTAATCTAGTCACGAG	0	13251
CACTTGGAAAGATTAA	0	13252
CACATGGGCGGATTAG	0	13253
CAGGTGGGCGGATTAG	0	13254
CTAATCCGCCCACGTC	0	13255
CAAGTGGAAGGATTAG	0	13256
CACGCGGGAAGATTAA	0	13257
CACATGAGAAGATTAG	0	13258
CAGGTGAGAAGATTAG	0	13259
CTAATCTTCTCACGTC	0	13260
CTAATCCCTCCACGAG	0	13261
CACGCGCCTAGATTAG	0	13262
CAAGTGAAGAGATTAG	0	13263
CACGCGTCCAGATTAC	0	13264
CACTTGGAAAGATTAC	0	13265
CACTTGTCCAGATTAG	0	13266
CACGCGGGAAGATTAC	0	13267
CACGCGGCGGGATTAA	0	13268
ATAATCTGGCCGCGTG	0	13269
CACTTGGGAAGATTAG	0	13270
CACATGACGGGATTAG	0	13271
CAGGTGACGGGATTAG	0	13272
CTAATCCCGTCACGTC	0	13273
CTAATCCATCCACGAG	0	13274
CAAGTGAATAGATTAG	0	13275
CACGCGTTAAGATTAG	0	13276
CACATGTACGGATTAG	0	13277
CAGGTGTACGGATTAG	0	13278
CTAATCCGTACACGTC	0	13279
CACGCGTAAAGATTAA	0	13280
CACATGCCGAGATTAA	0	13281
CAGGTGCCGAGATTAA	0	13282
GACGTGCCGAGATTAA	0	13283
CACGCGGCGGGATTAC	0	13284
CACGCGGCTGGATTAA	0	13285
CACTTGGCGGGATTAG	0	13286
CACATGACTGGATTAG	0	13287
CAGGTGACTGGATTAG	0	13288
CTAATCCAGTCACGTC	0	13289
CACGCGTAAAGATTAC	0	13290
CAAGTGGTGAGATTAA	0	13291
CACATGCCGAGATTAC	0	13292
CAGGTGCCGAGATTAC	0	13293
GACGTGCCGAGATTAC	0	13294
CACTTGTAAAGATTAG	0	13295
CACATGCCTAGATTAA	0	13296
CAGGTGCCTAGATTAA	0	13297
GACGTGCCTAGATTAA	0	13298
CACGCGGCTGGATTAC	0	13299
CGCGTGGCGAGATTAG	0	13300
CACGCGTGAAGATTAG	0	13301
ATAATCTTTCCGCGTG	0	13302
CACTTGGCTGGATTAG	0	13303
CAAGTGGTGAGATTAC	0	13304
CAAGTGTCAAGATTAA	0	13305
CAAGTGGTTAGATTAA	0	13306
CACATGCCTAGATTAC	0	13307
CAGGTGCCTAGATTAC	0	13308
GACGTGCCTAGATTAC	0	13309
CGCGTGGCTAGATTAG	0	13310
CACATGTTAAGATTAA	0	13311
CAGGTGTTAAGATTAA	0	13312
GACGTGTTAAGATTAA	0	13313
CTCGTGTCGAGATTAA	0	13314
CAAGTGGGGAGATTAA	0	13315
CACGCGTCGGGATTAG	0	13316
CACGTGGCAAGACTAG	0	13317
CAAGTGTCAAGATTAC	0	13318
CAAGTGGTTAGATTAC	0	13319
CACATGTTAAGATTAC	0	13320
CAGGTGTTAAGATTAC	0	13321
GACGTGTTAAGATTAC	0	13322
ATAATCTTGCCACTTG	0	13323
CTCGTGTCGAGATTAC	0	13324
CAAGTGGGGAGATTAC	0	13325
CTCGTGTCTAGATTAA	0	13326
CAAGTGGGTAGATTAA	0	13327
CACGCGTCTGGATTAG	0	13328
ATAATCTTACCACCTG	0	13329
ATAATCTTACCATGTG	0	13330
CACGGGGCAAGATTAG	0	13331
ATAATCTCGCCACGAG	0	13332
CACATGTGAAGATTAA	0	13333
CAGGTGTGAAGATTAA	0	13334
GACGTGTGAAGATTAA	0	13335
CAAGTGTTGAGATTAG	0	13336
CAAGTGTAGAGATTAA	0	13337
CTCGTGTCTAGATTAC	0	13338
CAAGTGGGTAGATTAC	0	13339
CACATGTGAAGATTAC	0	13340
CAGGTGTGAAGATTAC	0	13341
GACGTGTGAAGATTAC	0	13342
ATAATCTAGCCACGAG	0	13343
CTCGTGGCCAGATTAA	0	13344
CACATGTCGGGATTAA	0	13345
CAGGTGTCGGGATTAA	0	13346
GACGTGTCGGGATTAA	0	13347
CACGTGGAGAGACTAG	0	13348
ATAATCTGGACACCTG	0	13349
ATAATCTGGACATGTG	0	13350
CACGCGGCCGGATTAG	0	13351
CAAGTGTTTAGATTAG	0	13352
CAAGTGTAGAGATTAC	0	13353
CAAGTGTATAGATTAA	0	13354
ATAATCTTCCCACCTG	0	13355
ATAATCTTCCCATGTG	0	13356
CACGCGACAAGATTAG	0	13357
CAAGTGTGGAGATTAG	0	13358
ATAATCTCTCCACTTG	0	13359
CTCGTGGCCAGATTAC	0	13360
CACATGTCGGGATTAC	0	13361
CAGGTGTCGGGATTAC	0	13362
GACGTGTCGGGATTAC	0	13363
CACATGCCCAGATTAG	0	13364
CAGGTGCCCAGATTAG	0	13365
CTAATCTGGGCACGTC	0	13366
CACGTGGCGAGTTTAG	0	13367
CCCGTGGCGAGATTAG	0	13368
CACATGTCTGGATTAA	0	13369
CAGGTGTCTGGATTAA	0	13370
GACGTGTCTGGATTAA	0	13371
CACGTGGATAGACTAG	0	13372
CAAGTGTATAGATTAC	0	13373
CACGGGGAGAGATTAG	0	13374
ATAATCCCGCCACCTG	0	13375
ATAATCCCGCCATGTG	0	13376
CAAGTGGTCAGATTAG	0	13377
CAAGTGTGTAGATTAG	0	13378
ATAATCTATCCACTTG	0	13379
CAAGTGGACAGATTAA	0	13380
CTAATCTTACCACGAG	0	13381
CACATGTCTGGATTAC	0	13382
CAGGTGTCTGGATTAC	0	13383
GACGTGTCTGGATTAC	0	13384
CTCGTGGAAAGATTAA	0	13385
CACGTGGCTAGTTTAG	0	13386
CCCGTGGCTAGATTAG	0	13387
ATAATCTTTACACCTG	0	13388
ATAATCTTTACATGTG	0	13389
CACGCGGAAGGATTAG	0	13390
CACGGGGATAGATTAG	0	13391
ATAATCCAGCCACCTG	0	13392
ATAATCCAGCCATGTG	0	13393
CACATGGCCGGATTAA	0	13394
CAGGTGGCCGGATTAA	0	13395
GACGTGGCCGGATTAA	0	13396
CAAGTGGACAGATTAC	0	13397
CACGCGAAGAGATTAG	0	13398
CACATGACAAGATTAA	0	13399
CAGGTGACAAGATTAA	0	13400
GACGTGACAAGATTAA	0	13401
CTCGTGGAAAGATTAC	0	13402
CACATGCAAAGATTAG	0	13403
CAGGTGCAAAGATTAG	0	13404
CTAATCTTTGCACGTC	0	13405
CTAATCTGGACACGAG	0	13406
CAAGTGGGCAGATTAG	0	13407
CTAATCTTCCCACGAG	0	13408
CACATGGCCGGATTAC	0	13409
CAGGTGGCCGGATTAC	0	13410
GACGTGGCCGGATTAC	0	13411
CACATGACAAGATTAC	0	13412
CAGGTGACAAGATTAC	0	13413
GACGTGACAAGATTAC	0	13414
CACGCGAATAGATTAG	0	13415
CACTTGGCAAGATTAA	0	13416
CAAGTGGCAGGATTAG	0	13417
CACATGGTAGGATTAG	0	13418
CAGGTGGTAGGATTAG	0	13419
CTAATCCTACCACGTC	0	13420
CTAATCCCGCCACGAG	0	13421
CACATGGAAGGATTAA	0	13422
CAGGTGGAAGGATTAA	0	13423
GACGTGGAAGGATTAA	0	13424
CAAGTGACGAGATTAG	0	13425
CACTTGGCAAGATTAC	0	13426
CACGCGGTGAGATTAA	0	13427
CAAGTGTACAGATTAG	0	13428
CACATGATGAGATTAG	0	13429
CAGGTGATGAGATTAG	0	13430
CTAATCTCATCACGTC	0	13431
CTAATCTTTACACGAG	0	13432
CACATGAAGAGATTAA	0	13433
CAGGTGAAGAGATTAA	0	13434
GACGTGAAGAGATTAA	0	13435
CACATGGAAGGATTAC	0	13436
CAGGTGGAAGGATTAC	0	13437
GACGTGGAAGGATTAC	0	13438
CTAATCCAGCCACGAG	0	13439
CAAGTGACTAGATTAG	0	13440
CACATGTCCGGATTAG	0	13441
CAGGTGTCCGGATTAG	0	13442
CTAATCCGGACACGTC	0	13443
CACGCGGTGAGATTAC	0	13444
CACGCGTCAAGATTAA	0	13445
CACGCGGTTAGATTAA	0	13446
CACATGGGAGGATTAG	0	13447
CAGGTGGGAGGATTAG	0	13448
CTAATCCTCCCACGTC	0	13449
CACTTGGTGAGATTAG	0	13450
CACATGATTAGATTAG	0	13451
CAGGTGATTAGATTAG	0	13452
CTAATCTAATCACGTC	0	13453
CACATGAAGAGATTAC	0	13454
CAGGTGAAGAGATTAC	0	13455
GACGTGAAGAGATTAC	0	13456
CACTTGGAGAGATTAA	0	13457
CACATGAATAGATTAA	0	13458
CAGGTGAATAGATTAA	0	13459
GACGTGAATAGATTAA	0	13460
CAAGTGGAGGGATTAG	0	13461
CACGCGGGGAGATTAA	0	13462
CACATGAGGAGATTAG	0	13463
CAGGTGAGGAGATTAG	0	13464
CTAATCTCCTCACGTC	0	13465
CACGCGTCAAGATTAC	0	13466
CACGCGGTTAGATTAC	0	13467
CACTTGTCAAGATTAG	0	13468
CACTTGGTTAGATTAG	0	13469
CACTTGGAGAGATTAC	0	13470
CACATGAATAGATTAC	0	13471
CAGGTGAATAGATTAC	0	13472
GACGTGAATAGATTAC	0	13473
ATAATCTTGCCGCGTG	0	13474
CACTTGGATAGATTAA	0	13475
CAAGTGGATGGATTAG	0	13476
CACGCGGGGAGATTAC	0	13477
CACGCGGGTAGATTAA	0	13478
CACTTGGGGAGATTAG	0	13479
CACATGAGTAGATTAG	0	13480
CAGGTGAGTAGATTAG	0	13481
CTAATCTACTCACGTC	0	13482
CACATGTAAGGATTAG	0	13483
CAGGTGTAAGGATTAG	0	13484
CTAATCCTTACACGTC	0	13485
CACGCGTTGAGATTAG	0	13486
CACTTGGATAGATTAC	0	13487
CACGCGTAGAGATTAA	0	13488
CACGCGGGTAGATTAC	0	13489
CACTTGGGTAGATTAG	0	13490
CACGCGTTTAGATTAG	0	13491
CACGCGTAGAGATTAC	0	13492
CACGCGTATAGATTAA	0	13493
CACTTGTAGAGATTAG	0	13494
CACGCGTGGAGATTAG	0	13495
ATAATCTCTCCGCGTG	0	13496
CAAGTGTCGAGATTAA	0	13497
CACGCGTATAGATTAC	0	13498
CACTTGTATAGATTAG	0	13499
CACATGTTGAGATTAA	0	13500
CAGGTGTTGAGATTAA	0	13501
GACGTGTTGAGATTAA	0	13502
CACGCGGTCAGATTAG	0	13503
CACGCGTGTAGATTAG	0	13504
ATAATCTATCCGCGTG	0	13505
CACGCGGACAGATTAA	0	13506
CACGTGGCGAGACTAG	0	13507
CACATGAACAGATTAG	0	13508
CAGGTGAACAGATTAG	0	13509
CTAATCTGTTCACGTC	0	13510
CAAGTGTCGAGATTAC	0	13511
CAAGTGTCTAGATTAA	0	13512
CACATGTTGAGATTAC	0	13513
CAGGTGTTGAGATTAC	0	13514
GACGTGTTGAGATTAC	0	13515
ATAATCTCGCCACTTG	0	13516
CACATGTTTAGATTAA	0	13517
CAGGTGTTTAGATTAA	0	13518
GACGTGTTTAGATTAA	0	13519
CACGCGGACAGATTAC	0	13520
CACGTGGCTAGACTAG	0	13521
CACTTGGACAGATTAG	0	13522
ATAATCTCACCACCTG	0	13523
ATAATCTCACCATGTG	0	13524
CAAGTGTCTAGATTAC	0	13525
CACGGGGCGAGATTAG	0	13526
CACATGTGGAGATTAA	0	13527
CAGGTGTGGAGATTAA	0	13528
GACGTGTGGAGATTAA	0	13529
CACGCGGGCAGATTAG	0	13530
CACATGTTTAGATTAC	0	13531
CAGGTGTTTAGATTAC	0	13532
GACGTGTTTAGATTAC	0	13533
ATAATCTAGCCACTTG	0	13534
CAAGTGGCCAGATTAA	0	13535
CTCGTGGCAAGATTAA	0	13536
ATAATCTTGACACCTG	0	13537
ATAATCTTGACATGTG	0	13538
CACGCGGCAGGATTAG	0	13539
ATAATCTAACCACCTG	0	13540
ATAATCTAACCATGTG	0	13541
CACATGTGGAGATTAC	0	13542
CAGGTGTGGAGATTAC	0	13543
GACGTGTGGAGATTAC	0	13544
CACGGGGCTAGATTAG	0	13545
CACATGGTCAGATTAA	0	13546
CAGGTGGTCAGATTAA	0	13547
GACGTGGTCAGATTAA	0	13548
CACATGTGTAGATTAA	0	13549
CAGGTGTGTAGATTAA	0	13550
GACGTGTGTAGATTAA	0	13551
CAAGTGGCCAGATTAC	0	13552
ATAATCTCCCCACCTG	0	13553
ATAATCTCCCCATGTG	0	13554
CACGCGACGAGATTAG	0	13555
CTCGTGGCAAGATTAC	0	13556
CACATGCCAAGATTAG	0	13557
CAGGTGCCAAGATTAG	0	13558
CTAATCTTGGCACGTC	0	13559
CACGCGTACAGATTAG	0	13560
CACATGGTCAGATTAC	0	13561
CAGGTGGTCAGATTAC	0	13562
GACGTGGTCAGATTAC	0	13563
CACATGTGTAGATTAC	0	13564
CAGGTGTGTAGATTAC	0	13565
GACGTGTGTAGATTAC	0	13566
CAAGTGGTAAGATTAG	0	13567
ATAATCTACCCACCTG	0	13568
ATAATCTACCCATGTG	0	13569
CACGCGACTAGATTAG	0	13570
CACATGGGCAGATTAA	0	13571
CAGGTGGGCAGATTAA	0	13572
GACGTGGGCAGATTAA	0	13573
CAAGTGGAAAGATTAA	0	13574
CTAATCTCACCACGAG	0	13575
CTCGTGGAGAGATTAA	0	13576
ATAATCTCTACACCTG	0	13577
ATAATCTCTACATGTG	0	13578
CACGCGGAGGGATTAG	0	13579
CACATGGCAGGATTAA	0	13580
CAGGTGGCAGGATTAA	0	13581
GACGTGGCAGGATTAA	0	13582
CACATGGGCAGATTAC	0	13583
CAGGTGGGCAGATTAC	0	13584
GACGTGGGCAGATTAC	0	13585
CAAGTGGAAAGATTAC	0	13586
CAAGTGTCCAGATTAG	0	13587
CTAATCTTGACACGAG	0	13588
CAAGTGGGAAGATTAG	0	13589
CTAATCTAACCACGAG	0	13590
CACATGACGAGATTAA	0	13591
CAGGTGACGAGATTAA	0	13592
GACGTGACGAGATTAA	0	13593
CTCGTGGAGAGATTAC	0	13594
CACATGCAGAGATTAG	0	13595
CAGGTGCAGAGATTAG	0	13596
CTAATCTCTGCACGTC	0	13597
CTCGTGGATAGATTAA	0	13598
CACATGTTCAGATTAG	0	13599
CAGGTGTTCAGATTAG	0	13600
CTAATCTGAACACGTC	0	13601
ATAATCTATACACCTG	0	13602
ATAATCTATACATGTG	0	13603
CACATGGCAGGATTAC	0	13604
CAGGTGGCAGGATTAC	0	13605
GACGTGGCAGGATTAC	0	13606
CACGCGGATGGATTAG	0	13607
CACATGTACAGATTAA	0	13608
CAGGTGTACAGATTAA	0	13609
GACGTGTACAGATTAA	0	13610
CTAATCTCCCCACGAG	0	13611
CACATGACGAGATTAC	0	13612
CAGGTGACGAGATTAC	0	13613
GACGTGACGAGATTAC	0	13614
CACTTGGCGAGATTAA	0	13615
CACATGACTAGATTAA	0	13616
CAGGTGACTAGATTAA	0	13617
GACGTGACTAGATTAA	0	13618
CTCGTGGATAGATTAC	0	13619
CAAGTGGCGGGATTAG	0	13620
CACATGCATAGATTAG	0	13621
CAGGTGCATAGATTAG	0	13622
CTAATCTATGCACGTC	0	13623
CACATGTACAGATTAC	0	13624
CAGGTGTACAGATTAC	0	13625
GACGTGTACAGATTAC	0	13626
CTAATCTACCCACGAG	0	13627
CACATGGTGGGATTAG	0	13628
CAGGTGGTGGGATTAG	0	13629
CTAATCCCACCACGTC	0	13630
CACATGTGCAGATTAG	0	13631
CAGGTGTGCAGATTAG	0	13632
CTAATCTGCACACGTC	0	13633
CAAGTGTAAAGATTAG	0	13634
CACATGGAGGGATTAA	0	13635
CAGGTGGAGGGATTAA	0	13636
GACGTGGAGGGATTAA	0	13637
ATAATCTGTCCACCTG	0	13638
ATAATCTGTCCATGTG	0	13639
CACTTGGCGAGATTAC	0	13640
CACATGACTAGATTAC	0	13641
CAGGTGACTAGATTAC	0	13642
GACGTGACTAGATTAC	0	13643
CACTTGGCTAGATTAA	0	13644
CAAGTGGCTGGATTAG	0	13645
CTAATCTCTACACGAG	0	13646
CACATGTCAGGATTAG	0	13647
CAGGTGTCAGGATTAG	0	13648
CTAATCCTGACACGTC	0	13649
CACATGGTTGGATTAG	0	13650
CAGGTGGTTGGATTAG	0	13651
CTAATCCAACCACGTC	0	13652
CACATGGAGGGATTAC	0	13653
CAGGTGGAGGGATTAC	0	13654
GACGTGGAGGGATTAC	0	13655
CACATGGATGGATTAA	0	13656
CAGGTGGATGGATTAA	0	13657
GACGTGGATGGATTAA	0	13658
CACTTGGCTAGATTAC	0	13659
CACGCGTCGAGATTAA	0	13660
CACATGGGGGGATTAG	0	13661
CAGGTGGGGGGATTAG	0	13662
CTAATCCCCCCACGTC	0	13663
CTAATCTATACACGAG	0	13664
CACATGGATGGATTAC	0	13665
CAGGTGGATGGATTAC	0	13666
GACGTGGATGGATTAC	0	13667
CACGCGTCGAGATTAC	0	13668
CACGCGTCTAGATTAA	0	13669
CACTTGTCGAGATTAG	0	13670
CACATGGGTGGATTAG	0	13671
CAGGTGGGTGGATTAG	0	13672
CTAATCCACCCACGTC	0	13673
ATAATCTCGCCGCGTG	0	13674
CTAATCTGTCCACGAG	0	13675
CACATGTAGGGATTAG	0	13676
CAGGTGTAGGGATTAG	0	13677
CTAATCCCTACACGTC	0	13678
CACGCGTCTAGATTAC	0	13679
CACTTGTCTAGATTAG	0	13680
ATAATCTAGCCGCGTG	0	13681
CACGCGGCCAGATTAA	0	13682
CACATGACCAGATTAG	0	13683
CAGGTGACCAGATTAG	0	13684
CTAATCTGGTCACGTC	0	13685
CACATGTATGGATTAG	0	13686
CTAATCCATACACGTC	0	13687
CAGGTGTATGGATTAG	0	13688
CACGCGGCCAGATTAC	0	13689
CACTTGGCCAGATTAG	0	13690
CACGCGGTAAGATTAG	0	13691
CACATGGACGGATTAG	0	13692
CTAATCCGTCCACGTC	0	13693
CAGGTGGACGGATTAG	0	13694
CACGCGGAAAGATTAA	0	13695
CACATGAAAAGATTAG	0	13696
CAGGTGAAAAGATTAG	0	13697
CTAATCTTTTCACGTC	0	13698
CACGCGGAAAGATTAC	0	13699
CACGCGTCCAGATTAG	0	13700
CACTTGGAAAGATTAG	0	13701
CACGCGGGAAGATTAG	0	13702
CAAGTGGCAAGATTAA	0	13703
CACATGGTAAGATTAA	0	13704
CAGGTGGTAAGATTAA	0	13705
GACGTGGTAAGATTAA	0	13706
CTCGTGGCGAGATTAA	0	13707
ATAATCTCGACACCTG	0	13708
ATAATCTCGACATGTG	0	13709
CACGCGGCGGGATTAG	0	13710
CAAGTGGCAAGATTAC	0	13711
CACGCGTAAAGATTAG	0	13712
CACATGGTAAGATTAC	0	13713
CAGGTGGTAAGATTAC	0	13714
GACGTGGTAAGATTAC	0	13715
CTCGTGGCGAGATTAC	0	13716
CACATGCCGAGATTAG	0	13717
CAGGTGCCGAGATTAG	0	13718
CTAATCTCGGCACGTC	0	13719
CTCGTGGCTAGATTAA	0	13720
ATAATCTAGACACCTG	0	13721
ATAATCTAGACATGTG	0	13722
CACGCGGCTGGATTAG	0	13723
CACATGTCCAGATTAA	0	13724
CAGGTGTCCAGATTAA	0	13725
GACGTGTCCAGATTAA	0	13726
CACATGGGAAGATTAA	0	13727
CAGGTGGGAAGATTAA	0	13728
GACGTGGGAAGATTAA	0	13729
CAAGTGGTGAGATTAG	0	13730
CAAGTGGAGAGATTAA	0	13731
CTCGTGGCTAGATTAC	0	13732
CACATGCCTAGATTAG	0	13733
CAGGTGCCTAGATTAG	0	13734
CTAATCTAGGCACGTC	0	13735
CACATGTCCAGATTAC	0	13736
CAGGTGTCCAGATTAC	0	13737
GACGTGTCCAGATTAC	0	13738
CACATGGGAAGATTAC	0	13739
CAGGTGGGAAGATTAC	0	13740
GACGTGGGAAGATTAC	0	13741
CAAGTGTCAAGATTAG	0	13742
CACATGGCGGGATTAA	0	13743
CAGGTGGCGGGATTAA	0	13744
GACGTGGCGGGATTAA	0	13745
ATAATCTGGCCACCTG	0	13746
ATAATCTGGCCATGTG	0	13747
CAAGTGGTTAGATTAG	0	13748
CAAGTGGAGAGATTAC	0	13749
CAAGTGGATAGATTAA	0	13750
CACATGTTAAGATTAG	0	13751
CAGGTGTTAAGATTAG	0	13752
CTAATCTTAACACGTC	0	13753
CTAATCTCGACACGAG	0	13754
CAAGTGGGGAGATTAG	0	13755
CACATGTAAAGATTAA	0	13756
CAGGTGTAAAGATTAA	0	13757
GACGTGTAAAGATTAA	0	13758
CACATGGCGGGATTAC	0	13759
CAGGTGGCGGGATTAC	0	13760
GACGTGGCGGGATTAC	0	13761
CACATGGCTGGATTAA	0	13762
CAGGTGGCTGGATTAA	0	13763
GACGTGGCTGGATTAA	0	13764
CAAGTGGATAGATTAC	0	13765
CACATGTAAAGATTAC	0	13766
CAGGTGTAAAGATTAC	0	13767
GACGTGTAAAGATTAC	0	13768
CTAATCTAGACACGAG	0	13769
CAAGTGGGTAGATTAG	0	13770
CACATGGCTGGATTAC	0	13771
CAGGTGGCTGGATTAC	0	13772
GACGTGGCTGGATTAC	0	13773
CACATGTGAAGATTAG	0	13774
CAGGTGTGAAGATTAG	0	13775
CTAATCTTCACACGTC	0	13776
ATAATCTTTCCACCTG	0	13777
ATAATCTTTCCATGTG	0	13778
CAAGTGTAGAGATTAG	0	13779
CTAATCTGGCCACGAG	0	13780
CACATGTCGGGATTAG	0	13781
CAGGTGTCGGGATTAG	0	13782
CTAATCCCGACACGTC	0	13783
CAAGTGTATAGATTAG	0	13784
CACATGTCTGGATTAG	0	13785
CAGGTGTCTGGATTAG	0	13786
CTAATCCAGACACGTC	0	13787
ATAATCCGAGCACATG	0	13788
ATAATCCGAGCAGGTG	0	13789
ATAATCCGAGCTCGTG	0	13790
ATAATCCGAGGACGTG	0	13791
ATAATCCGAGTACGTG	0	13792
CAAGTGGACAGATTAG	0	13793
CTAATCTTTCCACGAG	0	13794
CACATGGCCGGATTAG	0	13795
CAGGTGGCCGGATTAG	0	13796
CTAATCCGGCCACGTC	0	13797
CACGCGGCAAGATTAA	0	13798
CACATGACAAGATTAG	0	13799
CAGGTGACAAGATTAG	0	13800
CTAATCTTGTCACGTC	0	13801
ATAATCCGCGCACATG	0	13802
ATAATCCGCGCAGGTG	0	13803
ATAATCCGCGCTCGTG	0	13804
ATAATCCGCGGACGTG	0	13805
ATAATCCGCGTACGTG	0	13806
CACGCGGCAAGATTAC	0	13807
CACTTGGCAAGATTAG	0	13808
CACATGGAAGGATTAG	0	13809
CAGGTGGAAGGATTAG	0	13810
CTAATCCTTCCACGTC	0	13811
CACGCGGTGAGATTAG	0	13812
CACGCGGAGAGATTAA	0	13813
CACATGAAGAGATTAG	0	13814
CAGGTGAAGAGATTAG	0	13815
CTAATCTCTTCACGTC	0	13816
CACGCGTCAAGATTAG	0	13817
CACGCGGTTAGATTAG	0	13818
CACGCGGAGAGATTAC	0	13819
CACGCGGATAGATTAA	0	13820
CACTTGGAGAGATTAG	0	13821
CACATGAATAGATTAG	0	13822
CAGGTGAATAGATTAG	0	13823
CTAATCTATTCACGTC	0	13824
CACGCGGGGAGATTAG	0	13825
CAAGTGGCGAGATTAA	0	13826
CACGCGGATAGATTAC	0	13827
CACTTGGATAGATTAG	0	13828
CACATGGTGAGATTAA	0	13829
CAGGTGGTGAGATTAA	0	13830
GACGTGGTGAGATTAA	0	13831
CACGCGGGTAGATTAG	0	13832
CAAGTGGCGAGATTAC	0	13833
CAAGTGGCTAGATTAA	0	13834
CACGCGTAGAGATTAG	0	13835
CACATGGTGAGATTAC	0	13836
CAGGTGGTGAGATTAC	0	13837
GACGTGGTGAGATTAC	0	13838
CACATGTCAAGATTAA	0	13839
CAGGTGTCAAGATTAA	0	13840
GACGTGTCAAGATTAA	0	13841
CACATGGTTAGATTAA	0	13842
CAGGTGGTTAGATTAA	0	13843
GACGTGGTTAGATTAA	0	13844
CAAGTGGCTAGATTAC	0	13845
CACATGGGGAGATTAA	0	13846
CAGGTGGGGAGATTAA	0	13847
GACGTGGGGAGATTAA	0	13848
CACATGTCAAGATTAC	0	13849
CAGGTGTCAAGATTAC	0	13850
GACGTGTCAAGATTAC	0	13851
CACGCGTATAGATTAG	0	13852
CACATGGTTAGATTAC	0	13853
CAGGTGGTTAGATTAC	0	13854
GACGTGGTTAGATTAC	0	13855
ATAATCTTGCCACCTG	0	13856
ATAATCTTGCCATGTG	0	13857
CACATGGGGAGATTAC	0	13858
CAGGTGGGGAGATTAC	0	13859
GACGTGGGGAGATTAC	0	13860
CACATGGGTAGATTAA	0	13861
CAGGTGGGTAGATTAA	0	13862
GACGTGGGTAGATTAA	0	13863
CAAGTGTCGAGATTAG	0	13864
CACATGTTGAGATTAG	0	13865
CAGGTGTTGAGATTAG	0	13866
CTAATCTCAACACGTC	0	13867
CACATGTAGAGATTAA	0	13868
CAGGTGTAGAGATTAA	0	13869
GACGTGTAGAGATTAA	0	13870
CACGCGGACAGATTAG	0	13871
CACATGGGTAGATTAC	0	13872
CAGGTGGGTAGATTAC	0	13873
GACGTGGGTAGATTAC	0	13874
CAAGTGTCTAGATTAG	0	13875
CACATGTTTAGATTAG	0	13876
CAGGTGTTTAGATTAG	0	13877
CTAATCTAAACACGTC	0	13878
CACATGTAGAGATTAC	0	13879
CAGGTGTAGAGATTAC	0	13880
GACGTGTAGAGATTAC	0	13881
CACATGTATAGATTAA	0	13882
CAGGTGTATAGATTAA	0	13883
GACGTGTATAGATTAA	0	13884
CACATGTGGAGATTAG	0	13885
CAGGTGTGGAGATTAG	0	13886
CTAATCTCCACACGTC	0	13887
ATAATCTCTCCACCTG	0	13888
ATAATCTCTCCATGTG	0	13889
CAAGTGGCCAGATTAG	0	13890
CACATGTATAGATTAC	0	13891
CAGGTGTATAGATTAC	0	13892
GACGTGTATAGATTAC	0	13893
CTAATCTTGCCACGAG	0	13894
CACATGGTCAGATTAG	0	13895
CAGGTGGTCAGATTAG	0	13896
CTAATCTGACCACGTC	0	13897
CACATGTGTAGATTAG	0	13898
CAGGTGTGTAGATTAG	0	13899
CTAATCTACACACGTC	0	13900
ATAATCTATCCACCTG	0	13901
ATAATCTATCCATGTG	0	13902
CACATGGACAGATTAA	0	13903
CAGGTGGACAGATTAA	0	13904
GACGTGGACAGATTAA	0	13905
CACATGGACAGATTAC	0	13906
CAGGTGGACAGATTAC	0	13907
GACGTGGACAGATTAC	0	13908
ATAATCCTAGCACATG	0	13909
ATAATCCTAGCAGGTG	0	13910
ATAATCCTAGCTCGTG	0	13911
ATAATCCTAGGACGTG	0	13912
ATAATCCTAGTACGTG	0	13913
CACATGGGCAGATTAG	0	13914
CAGGTGGGCAGATTAG	0	13915
CTAATCTGCCCACGTC	0	13916
CAAGTGGAAAGATTAG	0	13917
CTAATCTCTCCACGAG	0	13918
CACATGGCAGGATTAG	0	13919
CAGGTGGCAGGATTAG	0	13920
CTAATCCTGCCACGTC	0	13921
ATAATCCTCGCACATG	0	13922
ATAATCCTCGCAGGTG	0	13923
ATAATCCTCGCTCGTG	0	13924
ATAATCCTCGGACGTG	0	13925
ATAATCCTCGTACGTG	0	13926
CACGCGGCGAGATTAA	0	13927
CACATGACGAGATTAG	0	13928
CAGGTGACGAGATTAG	0	13929
CTAATCTCGTCACGTC	0	13930
CTAATCTATCCACGAG	0	13931
CACATGTACAGATTAG	0	13932
CAGGTGTACAGATTAG	0	13933
CTAATCTGTACACGTC	0	13934
CACGCGGCGAGATTAC	0	13935
CACGCGGCTAGATTAA	0	13936
CACTTGGCGAGATTAG	0	13937
CACATGACTAGATTAG	0	13938
CAGGTGACTAGATTAG	0	13939
CTAATCTAGTCACGTC	0	13940
CACATGGAGGGATTAG	0	13941
CAGGTGGAGGGATTAG	0	13942
CTAATCCCTCCACGTC	0	13943
CACGCGGCTAGATTAC	0	13944
CACTTGGCTAGATTAG	0	13945
CACATGGATGGATTAG	0	13946
CAGGTGGATGGATTAG	0	13947
CTAATCCATCCACGTC	0	13948
CACGCGTCGAGATTAG	0	13949
CACGCGTCTAGATTAG	0	13950
CACATGTCGAGATTAA	0	13951
CAGGTGTCGAGATTAA	0	13952
GACGTGTCGAGATTAA	0	13953
CACGCGGCCAGATTAG	0	13954
ATAATCCGATCACATG	0	13955
ATAATCCGATCAGGTG	0	13956
ATAATCCGATCTCGTG	0	13957
ATAATCCGATGACGTG	0	13958
ATAATCCGATTACGTG	0	13959
CACATGTCGAGATTAC	0	13960
CAGGTGTCGAGATTAC	0	13961
GACGTGTCGAGATTAC	0	13962
CACATGTCTAGATTAA	0	13963
CAGGTGTCTAGATTAA	0	13964
GACGTGTCTAGATTAA	0	13965
ATAATCTCGCCACCTG	0	13966
ATAATCTCGCCATGTG	0	13967
CACATGTCTAGATTAC	0	13968
CAGGTGTCTAGATTAC	0	13969
GACGTGTCTAGATTAC	0	13970
CACGCGGAAAGATTAG	0	13971
ATAATCCGCTCACATG	0	13972
ATAATCCGCTCAGGTG	0	13973
ATAATCCGCTCTCGTG	0	13974
ATAATCCGCTGACGTG	0	13975
ATAATCCGCTTACGTG	0	13976
ATAATCTAGCCACCTG	0	13977
ATAATCTAGCCATGTG	0	13978
CACATGGCCAGATTAA	0	13979
CAGGTGGCCAGATTAA	0	13980
GACGTGGCCAGATTAA	0	13981
CACATGGCCAGATTAC	0	13982
CAGGTGGCCAGATTAC	0	13983
GACGTGGCCAGATTAC	0	13984
CAAGTGGCAAGATTAG	0	13985
CACATGGTAAGATTAG	0	13986
CAGGTGGTAAGATTAG	0	13987
CTAATCTTACCACGTC	0	13988
CTAATCTCGCCACGAG	0	13989
CACATGGAAAGATTAA	0	13990
CAGGTGGAAAGATTAA	0	13991
GACGTGGAAAGATTAA	0	13992
CACATGGAAAGATTAC	0	13993
CAGGTGGAAAGATTAC	0	13994
GACGTGGAAAGATTAC	0	13995
CTAATCTAGCCACGAG	0	13996
CACATGTCCAGATTAG	0	13997
CAGGTGTCCAGATTAG	0	13998
CTAATCTGGACACGTC	0	13999
ATAATCCCAGCACATG	0	14000
ATAATCCCAGCAGGTG	0	14001
ATAATCCCAGCTCGTG	0	14002
ATAATCCCAGGACGTG	0	14003
ATAATCCCAGTACGTG	0	14004
CACATGGGAAGATTAG	0	14005
CAGGTGGGAAGATTAG	0	14006
CTAATCTTCCCACGTC	0	14007
CAAGTGGAGAGATTAG	0	14008
ATAATCCAAGCAGGTG	0	14009
ATAATCCAAGGACGTG	0	14010
ATAATCCAAGTACGTG	0	14011
ATAATCCAAGCACATG	0	14012
ATAATCCAAGCTCGTG	0	14013
AACGTGCTCGGATTAA	0	14014
CACCTGCTCGGATTAA	0	14015
CACGAGCTCGGATTAA	0	14016
CACGTACTCGGATTAA	0	14017
CACGTCCTCGGATTAA	0	14018
CATGTGCTCGGATTAA	0	14019
TACGTGCTCGGATTAA	0	14020
CACATGGCGGGATTAG	0	14021
CAGGTGGCGGGATTAG	0	14022
CTAATCCCGCCACGTC	0	14023
CAAGTGGATAGATTAG	0	14024
ATAATCCCCGCACATG	0	14025
ATAATCCCCGCAGGTG	0	14026
ATAATCCCCGCTCGTG	0	14027
ATAATCCCCGGACGTG	0	14028
ATAATCCCCGTACGTG	0	14029
CACATGTAAAGATTAG	0	14030
CAGGTGTAAAGATTAG	0	14031
CTAATCTTTACACGTC	0	14032
AACGTGCTCGGATTAC	0	14033
GTAATCCGAGCACGTA	0	14034
CACCTGCTCGGATTAC	0	14035
CACGAGCTCGGATTAC	0	14036
CACGTACTCGGATTAC	0	14037
CACGTCCTCGGATTAC	0	14038
CATGTGCTCGGATTAC	0	14039
CACATGGCTGGATTAG	0	14040
CAGGTGGCTGGATTAG	0	14041
CTAATCCAGCCACGTC	0	14042
ATAATCCACGCACATG	0	14043
ATAATCCACGCAGGTG	0	14044
ATAATCCACGCTCGTG	0	14045
ATAATCCACGGACGTG	0	14046
ATAATCCACGTACGTG	0	14047
AACGTGCGCGGATTAA	0	14048
CACCTGCGCGGATTAA	0	14049
CACGAGCGCGGATTAA	0	14050
CACGTACGCGGATTAA	0	14051
CACGTCCGCGGATTAA	0	14052
CATGTGCGCGGATTAA	0	14053
TACGTGCGCGGATTAA	0	14054
AACGTGCGCGGATTAC	0	14055
CACCTGCGCGGATTAC	0	14056
CACGAGCGCGGATTAC	0	14057
CACGTACGCGGATTAC	0	14058
CACGTCCGCGGATTAC	0	14059
CATGTGCGCGGATTAC	0	14060
GTAATCCGCGCACGTA	0	14061
ATAATCCGTGCACATG	0	14062
ATAATCCGTGCAGGTG	0	14063
ATAATCCGTGCTCGTG	0	14064
ATAATCCGTGGACGTG	0	14065
ATAATCCGTGTACGTG	0	14066
CACGCGGCAAGATTAG	0	14067
ATAATCCTATCACATG	0	14068
ATAATCCTATCAGGTG	0	14069
ATAATCCTATGACGTG	0	14070
ATAATCCTATTACGTG	0	14071
ATAATCCTATCTCGTG	0	14072
ATAATCCTCTCACATG	0	14073
ATAATCCTCTCAGGTG	0	14074
ATAATCCTCTCTCGTG	0	14075
ATAATCCTCTGACGTG	0	14076
ATAATCCTCTTACGTG	0	14077
CACGCGGAGAGATTAG	0	14078
CACATGGCAAGATTAA	0	14079
CAGGTGGCAAGATTAA	0	14080
GACGTGGCAAGATTAA	0	14081
CACATGGCAAGATTAC	0	14082
CAGGTGGCAAGATTAC	0	14083
GACGTGGCAAGATTAC	0	14084
CACGCGGATAGATTAG	0	14085
CAAGTGGCGAGATTAG	0	14086
CACATGGTGAGATTAG	0	14087
CAGGTGGTGAGATTAG	0	14088
CTAATCTCACCACGTC	0	14089
CACATGGAGAGATTAA	0	14090
CAGGTGGAGAGATTAA	0	14091
GACGTGGAGAGATTAA	0	14092
CAAGTGGCTAGATTAG	0	14093
CACATGTCAAGATTAG	0	14094
CAGGTGTCAAGATTAG	0	14095
CTAATCTTGACACGTC	0	14096
CACATGGTTAGATTAG	0	14097
CAGGTGGTTAGATTAG	0	14098
CTAATCTAACCACGTC	0	14099
CACATGGAGAGATTAC	0	14100
CAGGTGGAGAGATTAC	0	14101
GACGTGGAGAGATTAC	0	14102
CACATGGATAGATTAA	0	14103
CAGGTGGATAGATTAA	0	14104
GACGTGGATAGATTAA	0	14105
CACATGGGGAGATTAG	0	14106
CAGGTGGGGAGATTAG	0	14107
CTAATCTCCCCACGTC	0	14108
CACATGGATAGATTAC	0	14109
CAGGTGGATAGATTAC	0	14110
GACGTGGATAGATTAC	0	14111
AACGTGCTAGGATTAA	0	14112
CACCTGCTAGGATTAA	0	14113
CACGAGCTAGGATTAA	0	14114
CACGTACTAGGATTAA	0	14115
CACGTCCTAGGATTAA	0	14116
CATGTGCTAGGATTAA	0	14117
TACGTGCTAGGATTAA	0	14118
CACATGGGTAGATTAG	0	14119
CAGGTGGGTAGATTAG	0	14120
CTAATCTACCCACGTC	0	14121
AACGTGCTAGGATTAC	0	14122
CACCTGCTAGGATTAC	0	14123
CACGAGCTAGGATTAC	0	14124
CACGTACTAGGATTAC	0	14125
CACGTCCTAGGATTAC	0	14126
CATGTGCTAGGATTAC	0	14127
GTAATCCTAGCACGTA	0	14128
CACATGTAGAGATTAG	0	14129
CAGGTGTAGAGATTAG	0	14130
CTAATCTCTACACGTC	0	14131
AACGTGCGAGGATTAA	0	14132
CACCTGCGAGGATTAA	0	14133
CACGAGCGAGGATTAA	0	14134
CACGTACGAGGATTAA	0	14135
CACGTCCGAGGATTAA	0	14136
CATGTGCGAGGATTAA	0	14137
TACGTGCGAGGATTAA	0	14138
CACATGTATAGATTAG	0	14139
CAGGTGTATAGATTAG	0	14140
CTAATCTATACACGTC	0	14141
AACGTGCGAGGATTAC	0	14142
CACCTGCGAGGATTAC	0	14143
CACGAGCGAGGATTAC	0	14144
CACGTACGAGGATTAC	0	14145
CACGTCCGAGGATTAC	0	14146
CATGTGCGAGGATTAC	0	14147
GTAATCCTCGCACGTA	0	14148
ATAATCCGGGCACATG	0	14149
ATAATCCGGGCAGGTG	0	14150
ATAATCCGGGCTCGTG	0	14151
ATAATCCGGGGACGTG	0	14152
ATAATCCGGGTACGTG	0	14153
CACATGGACAGATTAG	0	14154
CAGGTGGACAGATTAG	0	14155
CTAATCTGTCCACGTC	0	14156
ATAATCCTTGCACATG	0	14157
ATAATCCTTGCAGGTG	0	14158
ATAATCCTTGCTCGTG	0	14159
ATAATCCTTGGACGTG	0	14160
ATAATCCTTGTACGTG	0	14161
CACGCGGCGAGATTAG	0	14162
ATAATCCCATCACATG	0	14163
ATAATCCCATCAGGTG	0	14164
ATAATCCCATCTCGTG	0	14165
ATAATCCCATGACGTG	0	14166
ATAATCCCATTACGTG	0	14167
CACGCGGCTAGATTAG	0	14168
ATAATCCAATCACATG	0	14169
ATAATCCAATCAGGTG	0	14170
ATAATCCAATCTCGTG	0	14171
ATAATCCAATGACGTG	0	14172
ATAATCCAATTACGTG	0	14173
AACGTGATCGGATTAA	0	14174
CACGTAATCGGATTAA	0	14175
CACGTCATCGGATTAA	0	14176
TACGTGATCGGATTAA	0	14177
CACCTGATCGGATTAA	0	14178
CACGAGATCGGATTAA	0	14179
CATGTGATCGGATTAA	0	14180
ATAATCCCCTCACATG	0	14181
ATAATCCCCTCAGGTG	0	14182
ATAATCCCCTGACGTG	0	14183
ATAATCCCCTTACGTG	0	14184
ATAATCCCCTCTCGTG	0	14185
CACATGGCGAGATTAA	0	14186
CAGGTGGCGAGATTAA	0	14187
GACGTGGCGAGATTAA	0	14188
AACGTGATCGGATTAC	0	14189
CACCTGATCGGATTAC	0	14190
CACGAGATCGGATTAC	0	14191
CACGTAATCGGATTAC	0	14192
CACGTCATCGGATTAC	0	14193
CATGTGATCGGATTAC	0	14194
GTAATCCGATCACGTA	0	14195
ATAATCCACTCACATG	0	14196
ATAATCCACTCAGGTG	0	14197
ATAATCCACTCTCGTG	0	14198
ATAATCCACTGACGTG	0	14199
ATAATCCACTTACGTG	0	14200
AACGTGAGCGGATTAA	0	14201
TACGTGAGCGGATTAA	0	14202
CACCTGAGCGGATTAA	0	14203
CACGAGAGCGGATTAA	0	14204
CACGTAAGCGGATTAA	0	14205
CACGTCAGCGGATTAA	0	14206
CATGTGAGCGGATTAA	0	14207
CACATGGCGAGATTAC	0	14208
CAGGTGGCGAGATTAC	0	14209
GACGTGGCGAGATTAC	0	14210
CACATGGCTAGATTAA	0	14211
CAGGTGGCTAGATTAA	0	14212
GACGTGGCTAGATTAA	0	14213
AACGTGAGCGGATTAC	0	14214
CACCTGAGCGGATTAC	0	14215
CACGAGAGCGGATTAC	0	14216
CACGTAAGCGGATTAC	0	14217
CACGTCAGCGGATTAC	0	14218
CATGTGAGCGGATTAC	0	14219
GTAATCCGCTCACGTA	0	14220
CACATGGCTAGATTAC	0	14221
CAGGTGGCTAGATTAC	0	14222
GACGTGGCTAGATTAC	0	14223
CACATGTCGAGATTAG	0	14224
CAGGTGTCGAGATTAG	0	14225
CTAATCTCGACACGTC	0	14226
ATAATCCGTTCACATG	0	14227
ATAATCCGTTCAGGTG	0	14228
ATAATCCGTTCTCGTG	0	14229
ATAATCCGTTGACGTG	0	14230
ATAATCCGTTTACGTG	0	14231
CACATGTCTAGATTAG	0	14232
CAGGTGTCTAGATTAG	0	14233
CTAATCTAGACACGTC	0	14234
AACGTGCTGGGATTAA	0	14235
CACCTGCTGGGATTAA	0	14236
CACGAGCTGGGATTAA	0	14237
CACGTACTGGGATTAA	0	14238
CACGTCCTGGGATTAA	0	14239
CATGTGCTGGGATTAA	0	14240
TACGTGCTGGGATTAA	0	14241
ATAATCTGAGCACATG	0	14242
ATAATCTGAGCAGGTG	0	14243
ATAATCTGAGCTCGTG	0	14244
ATAATCTGAGGACGTG	0	14245
ATAATCTGAGTACGTG	0	14246
AACGTGCTGGGATTAC	0	14247
CACCTGCTGGGATTAC	0	14248
CACGAGCTGGGATTAC	0	14249
CACGTACTGGGATTAC	0	14250
CACGTCCTGGGATTAC	0	14251
CATGTGCTGGGATTAC	0	14252
GTAATCCCAGCACGTA	0	14253
AACGTGCTTGGATTAA	0	14254
CACCTGCTTGGATTAA	0	14255
CACGAGCTTGGATTAA	0	14256
CACGTACTTGGATTAA	0	14257
CACGTCCTTGGATTAA	0	14258
CATGTGCTTGGATTAA	0	14259
TACGTGCTTGGATTAA	0	14260
CACATGGCCAGATTAG	0	14261
CAGGTGGCCAGATTAG	0	14262
CTAATCTGGCCACGTC	0	14263
AACGTGCGGGGATTAA	0	14264
CACCTGCGGGGATTAA	0	14265
CACGAGCGGGGATTAA	0	14266
CACGTACGGGGATTAA	0	14267
CACGTCCGGGGATTAA	0	14268
CATGTGCGGGGATTAA	0	14269
TACGTGCGGGGATTAA	0	14270
ATAATCTGCGCACATG	0	14271
ATAATCTGCGCAGGTG	0	14272
ATAATCTGCGGACGTG	0	14273
ATAATCTGCGTACGTG	0	14274
ATAATCTGCGCTCGTG	0	14275
AACGTGCTTGGATTAC	0	14276
CACCTGCTTGGATTAC	0	14277
CACGAGCTTGGATTAC	0	14278
CACGTACTTGGATTAC	0	14279
CACGTCCTTGGATTAC	0	14280
CATGTGCTTGGATTAC	0	14281
GTAATCCAAGCACGTA	0	14282
ATAATCCTGGCACATG	0	14283
ATAATCCTGGCAGGTG	0	14284
ATAATCCTGGCTCGTG	0	14285
ATAATCCTGGGACGTG	0	14286
ATAATCCTGGTACGTG	0	14287
AACGTGCGGGGATTAC	0	14288
CACCTGCGGGGATTAC	0	14289
CACGAGCGGGGATTAC	0	14290
CACGTACGGGGATTAC	0	14291
CACGTCCGGGGATTAC	0	14292
CATGTGCGGGGATTAC	0	14293
GTAATCCCCGCACGTA	0	14294
AACGTGCGTGGATTAA	0	14295
CACCTGCGTGGATTAA	0	14296
CACGAGCGTGGATTAA	0	14297
CACGTACGTGGATTAA	0	14298
CACGTCCGTGGATTAA	0	14299
CATGTGCGTGGATTAA	0	14300
TACGTGCGTGGATTAA	0	14301
CACATGGAAAGATTAG	0	14302
CAGGTGGAAAGATTAG	0	14303
CTAATCTTTCCACGTC	0	14304
AACGTGCGTGGATTAC	0	14305
CACCTGCGTGGATTAC	0	14306
CACGAGCGTGGATTAC	0	14307
CACGTACGTGGATTAC	0	14308
CACGTCCGTGGATTAC	0	14309
CATGTGCGTGGATTAC	0	14310
GTAATCCACGCACGTA	0	14311
ATAATCCCTGCACATG	0	14312
ATAATCCCTGCAGGTG	0	14313
ATAATCCCTGCTCGTG	0	14314
ATAATCCCTGGACGTG	0	14315
ATAATCCCTGTACGTG	0	14316
ATAATCCGAACACATG	0	14317
ATAATCCGAACAGGTG	0	14318
ATAATCCGAACTCGTG	0	14319
ATAATCCGAAGACGTG	0	14320
ATAATCCGAATACGTG	0	14321
AACGTGCTCGGATTAG	0	14322
CACCTGCTCGGATTAG	0	14323
CACGAGCTCGGATTAG	0	14324
CACGTACTCGGATTAG	0	14325
CACGTCCTCGGATTAG	0	14326
CATGTGCTCGGATTAG	0	14327
CTAATCCGAGCACGTA	0	14328
ATAATCCATGCACATG	0	14329
ATAATCCATGCAGGTG	0	14330
ATAATCCATGCTCGTG	0	14331
ATAATCCATGGACGTG	0	14332
ATAATCCATGTACGTG	0	14333
AACGTGCACGGATTAA	0	14334
CACCTGCACGGATTAA	0	14335
CACGAGCACGGATTAA	0	14336
CACGTACACGGATTAA	0	14337
CACGTCCACGGATTAA	0	14338
CATGTGCACGGATTAA	0	14339
TACGTGCACGGATTAA	0	14340
ATAATCCGCACACATG	0	14341
ATAATCCGCACAGGTG	0	14342
ATAATCCGCACTCGTG	0	14343
ATAATCCGCAGACGTG	0	14344
ATAATCCGCATACGTG	0	14345
AACGTGCACGGATTAC	0	14346
CACCTGCACGGATTAC	0	14347
CACGAGCACGGATTAC	0	14348
CACGTACACGGATTAC	0	14349
CACGTCCACGGATTAC	0	14350
CATGTGCACGGATTAC	0	14351
GTAATCCGTGCACGTA	0	14352
AACGTGCGCGGATTAG	0	14353
CACCTGCGCGGATTAG	0	14354
CACGAGCGCGGATTAG	0	14355
CACGTACGCGGATTAG	0	14356
CACGTCCGCGGATTAG	0	14357
CATGTGCGCGGATTAG	0	14358
CTAATCCGCGCACGTA	0	14359
AACGTGATAGGATTAA	0	14360
CACCTGATAGGATTAA	0	14361
CACGAGATAGGATTAA	0	14362
CACGTAATAGGATTAA	0	14363
CACGTCATAGGATTAA	0	14364
CATGTGATAGGATTAA	0	14365
TACGTGATAGGATTAA	0	14366
AACGTGATAGGATTAC	0	14367
CACCTGATAGGATTAC	0	14368
CACGAGATAGGATTAC	0	14369
CACGTAATAGGATTAC	0	14370
CACGTCATAGGATTAC	0	14371
CATGTGATAGGATTAC	0	14372
GTAATCCTATCACGTA	0	14373
AACGTGAGAGGATTAA	0	14374
CACCTGAGAGGATTAA	0	14375
CACGAGAGAGGATTAA	0	14376
CACGTAAGAGGATTAA	0	14377
CACGTCAGAGGATTAA	0	14378
CATGTGAGAGGATTAA	0	14379
TACGTGAGAGGATTAA	0	14380
AACGTGAGAGGATTAC	0	14381
CACCTGAGAGGATTAC	0	14382
CACGAGAGAGGATTAC	0	14383
CACGTAAGAGGATTAC	0	14384
CACGTCAGAGGATTAC	0	14385
CATGTGAGAGGATTAC	0	14386
GTAATCCTCTCACGTA	0	14387
ATAATCCGGTCACATG	0	14388
ATAATCCGGTCAGGTG	0	14389
ATAATCCGGTCTCGTG	0	14390
ATAATCCGGTGACGTG	0	14391
ATAATCCGGTTACGTG	0	14392
ATAATCCTTTCACATG	0	14393
ATAATCCTTTCAGGTG	0	14394
ATAATCCTTTCTCGTG	0	14395
ATAATCCTTTGACGTG	0	14396
ATAATCCTTTTACGTG	0	14397
ATAATCTTAGCACATG	0	14398
ATAATCTTAGCAGGTG	0	14399
ATAATCTTAGCTCGTG	0	14400
ATAATCTTAGGACGTG	0	14401
ATAATCTTAGTACGTG	0	14402
CACATGGCAAGATTAG	0	14403
CAGGTGGCAAGATTAG	0	14404
CTAATCTTGCCACGTC	0	14405
ATAATCTTCGCACATG	0	14406
ATAATCTTCGCAGGTG	0	14407
ATAATCTTCGGACGTG	0	14408
ATAATCTTCGTACGTG	0	14409
ATAATCTTCGCTCGTG	0	14410
ATAATCCCGGCACATG	0	14411
ATAATCCCGGCAGGTG	0	14412
ATAATCCCGGCTCGTG	0	14413
ATAATCCCGGGACGTG	0	14414
ATAATCCCGGTACGTG	0	14415
CACATGGAGAGATTAG	0	14416
CAGGTGGAGAGATTAG	0	14417
CTAATCTCTCCACGTC	0	14418
ATAATCCAGGCACATG	0	14419
ATAATCCAGGCAGGTG	0	14420
ATAATCCAGGGACGTG	0	14421
ATAATCCAGGTACGTG	0	14422
ATAATCCAGGCTCGTG	0	14423
AACGTGCCCGGATTAA	0	14424
TACGTGCCCGGATTAA	0	14425
CACCTGCCCGGATTAA	0	14426
CACGTACCCGGATTAA	0	14427
CACGTCCCCGGATTAA	0	14428
CATGTGCCCGGATTAA	0	14429
CACGAGCCCGGATTAA	0	14430
CACATGGATAGATTAG	0	14431
CAGGTGGATAGATTAG	0	14432
CTAATCTATCCACGTC	0	14433
AACGTGCCCGGATTAC	0	14434
GTAATCCGGGCACGTA	0	14435
CACCTGCCCGGATTAC	0	14436
CACGTACCCGGATTAC	0	14437
CACGTCCCCGGATTAC	0	14438
CACGAGCCCGGATTAC	0	14439
CATGTGCCCGGATTAC	0	14440
ATAATCCTAAGACGTG	0	14441
ATAATCCTAATACGTG	0	14442
ATAATCCTAACACATG	0	14443
ATAATCCTAACAGGTG	0	14444
ATAATCCTAACTCGTG	0	14445
AACGTGCTAGGATTAG	0	14446
CTAATCCTAGCACGTA	0	14447
CACCTGCTAGGATTAG	0	14448
CACGTACTAGGATTAG	0	14449
CACGTCCTAGGATTAG	0	14450
CATGTGCTAGGATTAG	0	14451
CACGAGCTAGGATTAG	0	14452
AACGTGCAAGGATTAA	0	14453
TACGTGCAAGGATTAA	0	14454
CACCTGCAAGGATTAA	0	14455
CACGTACAAGGATTAA	0	14456
CACGTCCAAGGATTAA	0	14457
CATGTGCAAGGATTAA	0	14458
CACGAGCAAGGATTAA	0	14459
ATAATCCTCACAGGTG	0	14460
ATAATCCTCAGACGTG	0	14461
ATAATCCTCATACGTG	0	14462
ATAATCCTCACACATG	0	14463
ATAATCCTCACTCGTG	0	14464
AACGTGCAAGGATTAC	0	14465
GTAATCCTTGCACGTA	0	14466
CACCTGCAAGGATTAC	0	14467
CACGTACAAGGATTAC	0	14468
CACGTCCAAGGATTAC	0	14469
CACGAGCAAGGATTAC	0	14470
CATGTGCAAGGATTAC	0	14471
AACGTGCGAGGATTAG	0	14472
CACGTACGAGGATTAG	0	14473
CACGTCCGAGGATTAG	0	14474
CTAATCCTCGCACGTA	0	14475
CACCTGCGAGGATTAG	0	14476
CACGAGCGAGGATTAG	0	14477
CATGTGCGAGGATTAG	0	14478
AACGTGATGGGATTAA	0	14479
TACGTGATGGGATTAA	0	14480
CACCTGATGGGATTAA	0	14481
CACGTAATGGGATTAA	0	14482
CACGTCATGGGATTAA	0	14483
CATGTGATGGGATTAA	0	14484
CACGAGATGGGATTAA	0	14485
ATAATCTGATGACGTG	0	14486
ATAATCTGATTACGTG	0	14487
ATAATCTGATCACATG	0	14488
ATAATCTGATCAGGTG	0	14489
ATAATCTGATCTCGTG	0	14490
GTAATCCCATCACGTA	0	14491
CACCTGATGGGATTAC	0	14492
CACGTAATGGGATTAC	0	14493
CACGTCATGGGATTAC	0	14494
CATGTGATGGGATTAC	0	14495
CACGAGATGGGATTAC	0	14496
AACGTGATTGGATTAA	0	14497
TACGTGATTGGATTAA	0	14498
CACCTGATTGGATTAA	0	14499
CACGTAATTGGATTAA	0	14500
CACGTCATTGGATTAA	0	14501
CATGTGATTGGATTAA	0	14502
CACGAGATTGGATTAA	0	14503
AACGTGAGGGGATTAA	0	14504
CACGTAAGGGGATTAA	0	14505
CACGTCAGGGGATTAA	0	14506
TACGTGAGGGGATTAA	0	14507
CACCTGAGGGGATTAA	0	14508
CACGAGAGGGGATTAA	0	14509
CATGTGAGGGGATTAA	0	14510
ATAATCTGCTCACATG	0	14511
ATAATCTGCTCAGGTG	0	14512
ATAATCTGCTGACGTG	0	14513
ATAATCTGCTTACGTG	0	14514
ATAATCTGCTCTCGTG	0	14515
AACGTGATTGGATTAC	0	14516
GTAATCCAATCACGTA	0	14517
CACCTGATTGGATTAC	0	14518
CACGTAATTGGATTAC	0	14519
CACGTCATTGGATTAC	0	14520
CACGAGATTGGATTAC	0	14521
CATGTGATTGGATTAC	0	14522
ATAATCCTGTGACGTG	0	14523
ATAATCCTGTTACGTG	0	14524
ATAATCCTGTCACATG	0	14525
ATAATCCTGTCAGGTG	0	14526
ATAATCCTGTCTCGTG	0	14527
AACGTGAGGGGATTAC	0	14528
CACGTAAGGGGATTAC	0	14529
CACGTCAGGGGATTAC	0	14530
GTAATCCCCTCACGTA	0	14531
CACCTGAGGGGATTAC	0	14532
CACGAGAGGGGATTAC	0	14533
CATGTGAGGGGATTAC	0	14534
AACGTGAGTGGATTAA	0	14535
CACGTAAGTGGATTAA	0	14536
CACGTCAGTGGATTAA	0	14537
TACGTGAGTGGATTAA	0	14538
CACCTGAGTGGATTAA	0	14539
CACGAGAGTGGATTAA	0	14540
CATGTGAGTGGATTAA	0	14541
AACGTGAGTGGATTAC	0	14542
GTAATCCACTCACGTA	0	14543
CACCTGAGTGGATTAC	0	14544
CACGTAAGTGGATTAC	0	14545
CACGTCAGTGGATTAC	0	14546
CATGTGAGTGGATTAC	0	14547
CACGAGAGTGGATTAC	0	14548
ATAATCCCTTCACATG	0	14549
ATAATCCCTTCAGGTG	0	14550
ATAATCCCTTGACGTG	0	14551
ATAATCCCTTTACGTG	0	14552
ATAATCCCTTCTCGTG	0	14553
ATAATCTCAGGACGTG	0	14554
ATAATCTCAGTACGTG	0	14555
ATAATCTCAGCACATG	0	14556
ATAATCTCAGCAGGTG	0	14557
ATAATCTCAGCTCGTG	0	14558
AACGTGATCGGATTAG	0	14559
CTAATCCGATCACGTA	0	14560
CACCTGATCGGATTAG	0	14561
CACGTAATCGGATTAG	0	14562
CACGTCATCGGATTAG	0	14563
CACGAGATCGGATTAG	0	14564
CATGTGATCGGATTAG	0	14565
ATAATCCATTCACATG	0	14566
ATAATCCATTCAGGTG	0	14567
ATAATCCATTGACGTG	0	14568
ATAATCCATTTACGTG	0	14569
ATAATCCATTCTCGTG	0	14570
AACGTGAACGGATTAA	0	14571
TACGTGAACGGATTAA	0	14572
CACCTGAACGGATTAA	0	14573
CACGTAAACGGATTAA	0	14574
CACGTCAACGGATTAA	0	14575
CACGAGAACGGATTAA	0	14576
CATGTGAACGGATTAA	0	14577
ATAATCTAAGGACGTG	0	14578
ATAATCTAAGTACGTG	0	14579
ATAATCTAAGCACATG	0	14580
ATAATCTAAGCAGGTG	0	14581
ATAATCTAAGCTCGTG	0	14582
AACGTGCTCAGATTAA	0	14583
TACGTGCTCAGATTAA	0	14584
CACCTGCTCAGATTAA	0	14585
CACGTACTCAGATTAA	0	14586
CACGTCCTCAGATTAA	0	14587
CATGTGCTCAGATTAA	0	14588
CACGAGCTCAGATTAA	0	14589
CACATGGCGAGATTAG	0	14590
CAGGTGGCGAGATTAG	0	14591
CTAATCTCGCCACGTC	0	14592
AACGTGAACGGATTAC	0	14593
CACGTAAACGGATTAC	0	14594
CACGTCAACGGATTAC	0	14595
GTAATCCGTTCACGTA	0	14596
CACCTGAACGGATTAC	0	14597
CACGAGAACGGATTAC	0	14598
CATGTGAACGGATTAC	0	14599
ATAATCTCCGCACATG	0	14600
ATAATCTCCGCAGGTG	0	14601
ATAATCTCCGGACGTG	0	14602
ATAATCTCCGTACGTG	0	14603
ATAATCTCCGCTCGTG	0	14604
AACGTGAGCGGATTAG	0	14605
CTAATCCGCTCACGTA	0	14606
CACCTGAGCGGATTAG	0	14607
CACGTAAGCGGATTAG	0	14608
CACGTCAGCGGATTAG	0	14609
CATGTGAGCGGATTAG	0	14610
CACGAGAGCGGATTAG	0	14611
AACGTGCTCAGATTAC	0	14612
GTAATCTGAGCACGTA	0	14613
CACCTGCTCAGATTAC	0	14614
CACGTACTCAGATTAC	0	14615
CACGTCCTCAGATTAC	0	14616
CATGTGCTCAGATTAC	0	14617
CACGAGCTCAGATTAC	0	14618
CACATGGCTAGATTAG	0	14619
CAGGTGGCTAGATTAG	0	14620
CTAATCTAGCCACGTC	0	14621
ATAATCTACGCAGGTG	0	14622
ATAATCTACGGACGTG	0	14623
ATAATCTACGTACGTG	0	14624
ATAATCTACGCACATG	0	14625
ATAATCTACGCTCGTG	0	14626
AACGTGCGCAGATTAA	0	14627
CACCTGCGCAGATTAA	0	14628
CACGTACGCAGATTAA	0	14629
CACGTCCGCAGATTAA	0	14630
TACGTGCGCAGATTAA	0	14631
CACGAGCGCAGATTAA	0	14632
CATGTGCGCAGATTAA	0	14633
AACGTGCCAGGATTAA	0	14634
TACGTGCCAGGATTAA	0	14635
CACCTGCCAGGATTAA	0	14636
CACGTACCAGGATTAA	0	14637
CACGTCCCAGGATTAA	0	14638
CATGTGCCAGGATTAA	0	14639
CACGAGCCAGGATTAA	0	14640
AACGTGCGCAGATTAC	0	14641
CACGTACGCAGATTAC	0	14642
CACGTCCGCAGATTAC	0	14643
GTAATCTGCGCACGTA	0	14644
CACCTGCGCAGATTAC	0	14645
CACGAGCGCAGATTAC	0	14646
CATGTGCGCAGATTAC	0	14647
AACGTGCCAGGATTAC	0	14648
GTAATCCTGGCACGTA	0	14649
CACCTGCCAGGATTAC	0	14650
CACGTACCAGGATTAC	0	14651
CACGTCCCAGGATTAC	0	14652
CATGTGCCAGGATTAC	0	14653
CACGAGCCAGGATTAC	0	14654
ATAATCCCAACACATG	0	14655
ATAATCCCAACAGGTG	0	14656
ATAATCCCAACTCGTG	0	14657
ATAATCCCAAGACGTG	0	14658
ATAATCCCAATACGTG	0	14659
AACGTGCTGGGATTAG	0	14660
CTAATCCCAGCACGTA	0	14661
CACCTGCTGGGATTAG	0	14662
CACGTACTGGGATTAG	0	14663
CACGTCCTGGGATTAG	0	14664
CATGTGCTGGGATTAG	0	14665
CACGAGCTGGGATTAG	0	14666
ATAATCCAAACACATG	0	14667
ATAATCCAAACAGGTG	0	14668
ATAATCCAAAGACGTG	0	14669
ATAATCCAAATACGTG	0	14670
ATAATCCAAACTCGTG	0	14671
AACGTGCAGGGATTAA	0	14672
TACGTGCAGGGATTAA	0	14673
CACCTGCAGGGATTAA	0	14674
CACGTACAGGGATTAA	0	14675
CACGTCCAGGGATTAA	0	14676
CATGTGCAGGGATTAA	0	14677
CACGAGCAGGGATTAA	0	14678
ATAATCTGTGCACATG	0	14679
ATAATCTGTGCAGGTG	0	14680
ATAATCTGTGGACGTG	0	14681
ATAATCTGTGTACGTG	0	14682
ATAATCTGTGCTCGTG	0	14683
AACGTGTTCGGATTAA	0	14684
TACGTGTTCGGATTAA	0	14685
CACCTGTTCGGATTAA	0	14686
CACGTATTCGGATTAA	0	14687
CACGTCTTCGGATTAA	0	14688
CATGTGTTCGGATTAA	0	14689
CACGAGTTCGGATTAA	0	14690
ATAATCCCCACAGGTG	0	14691
ATAATCCCCAGACGTG	0	14692
ATAATCCCCATACGTG	0	14693
ATAATCCCCACACATG	0	14694
ATAATCCCCACTCGTG	0	14695
AACGTGCTTGGATTAG	0	14696
CTAATCCAAGCACGTA	0	14697
CACCTGCTTGGATTAG	0	14698
CACGTACTTGGATTAG	0	14699
CACGTCCTTGGATTAG	0	14700
CACGAGCTTGGATTAG	0	14701
CATGTGCTTGGATTAG	0	14702
AACGTGCAGGGATTAC	0	14703
GTAATCCCTGCACGTA	0	14704
CACCTGCAGGGATTAC	0	14705
CACGTACAGGGATTAC	0	14706
CACGTCCAGGGATTAC	0	14707
CACGAGCAGGGATTAC	0	14708
CATGTGCAGGGATTAC	0	14709
AACGTGTTCGGATTAC	0	14710
GTAATCCGAACACGTA	0	14711
CACCTGTTCGGATTAC	0	14712
CACGTATTCGGATTAC	0	14713
CACGTCTTCGGATTAC	0	14714
CACGAGTTCGGATTAC	0	14715
CATGTGTTCGGATTAC	0	14716
AACGTGCATGGATTAA	0	14717
TACGTGCATGGATTAA	0	14718
CACCTGCATGGATTAA	0	14719
CACGTACATGGATTAA	0	14720
CACGTCCATGGATTAA	0	14721
CACGAGCATGGATTAA	0	14722
CATGTGCATGGATTAA	0	14723
AACGTGCGGGGATTAG	0	14724
CACGTACGGGGATTAG	0	14725
CACGTCCGGGGATTAG	0	14726
CTAATCCCCGCACGTA	0	14727
CACCTGCGGGGATTAG	0	14728
CACGAGCGGGGATTAG	0	14729
CATGTGCGGGGATTAG	0	14730
ATAATCCGACGACGTG	0	14731
ATAATCCGACTACGTG	0	14732
ATAATCCGACCACATG	0	14733
ATAATCCGACCAGGTG	0	14734
ATAATCCGACCTCGTG	0	14735
ATAATCCACACAGGTG	0	14736
ATAATCCACAGACGTG	0	14737
ATAATCCACATACGTG	0	14738
ATAATCCACACACATG	0	14739
ATAATCCACACTCGTG	0	14740
AACGTGTGCGGATTAA	0	14741
CACGTATGCGGATTAA	0	14742
CACGTCTGCGGATTAA	0	14743
TACGTGTGCGGATTAA	0	14744
CACCTGTGCGGATTAA	0	14745
CACGAGTGCGGATTAA	0	14746
CATGTGTGCGGATTAA	0	14747
ATAATCTTATCAGGTG	0	14748
ATAATCTTATGACGTG	0	14749
ATAATCTTATTACGTG	0	14750
ATAATCTTATCACATG	0	14751
ATAATCTTATCTCGTG	0	14752
AACGTGCATGGATTAC	0	14753
CACCTGCATGGATTAC	0	14754
CACGTACATGGATTAC	0	14755
CACGTCCATGGATTAC	0	14756
GTAATCCATGCACGTA	0	14757
CACGAGCATGGATTAC	0	14758
CATGTGCATGGATTAC	0	14759
AACGTGCGTGGATTAG	0	14760
CTAATCCACGCACGTA	0	14761
CACCTGCGTGGATTAG	0	14762
CACGAGCGTGGATTAG	0	14763
CACGTACGTGGATTAG	0	14764
CACGTCCGTGGATTAG	0	14765
CATGTGCGTGGATTAG	0	14766
AACGTGTGCGGATTAC	0	14767
GTAATCCGCACACGTA	0	14768
CACCTGTGCGGATTAC	0	14769
CACGTATGCGGATTAC	0	14770
CACGTCTGCGGATTAC	0	14771
CATGTGTGCGGATTAC	0	14772
CACGAGTGCGGATTAC	0	14773
ATAATCCGCCCACATG	0	14774
ATAATCCGCCCAGGTG	0	14775
ATAATCCGCCGACGTG	0	14776
ATAATCCGCCTACGTG	0	14777
ATAATCCGCCCTCGTG	0	14778
ATAATCTTCTCACATG	0	14779
ATAATCTTCTCAGGTG	0	14780
ATAATCTTCTGACGTG	0	14781
ATAATCTTCTTACGTG	0	14782
ATAATCTTCTCTCGTG	0	14783
ATAATCCCGTGACGTG	0	14784
ATAATCCCGTTACGTG	0	14785
ATAATCCCGTCACATG	0	14786
ATAATCCCGTCAGGTG	0	14787
ATAATCCCGTCTCGTG	0	14788
ATAATCCGTACACATG	0	14789
ATAATCCGTACAGGTG	0	14790
ATAATCCGTAGACGTG	0	14791
ATAATCCGTATACGTG	0	14792
ATAATCCGTACTCGTG	0	14793
ATAATCCAGTCACATG	0	14794
ATAATCCAGTCAGGTG	0	14795
ATAATCCAGTGACGTG	0	14796
ATAATCCAGTTACGTG	0	14797
ATAATCCAGTCTCGTG	0	14798
AACGTGACCGGATTAA	0	14799
TACGTGACCGGATTAA	0	14800
CACCTGACCGGATTAA	0	14801
CACGTAACCGGATTAA	0	14802
CACGTCACCGGATTAA	0	14803
CATGTGACCGGATTAA	0	14804
CACGAGACCGGATTAA	0	14805
AACGTGCACGGATTAG	0	14806
CACGTACACGGATTAG	0	14807
CACGTCCACGGATTAG	0	14808
CTAATCCGTGCACGTA	0	14809
CACCTGCACGGATTAG	0	14810
CACGAGCACGGATTAG	0	14811
CATGTGCACGGATTAG	0	14812
AACGTGACCGGATTAC	0	14813
GTAATCCGGTCACGTA	0	14814
CACCTGACCGGATTAC	0	14815
CACGTAACCGGATTAC	0	14816
CACGTCACCGGATTAC	0	14817
CACGAGACCGGATTAC	0	14818
CATGTGACCGGATTAC	0	14819
AACGTGATAGGATTAG	0	14820
CTAATCCTATCACGTA	0	14821
CACCTGATAGGATTAG	0	14822
CACGTAATAGGATTAG	0	14823
CACGTCATAGGATTAG	0	14824
CATGTGATAGGATTAG	0	14825
CACGAGATAGGATTAG	0	14826
AACGTGAAAGGATTAA	0	14827
TACGTGAAAGGATTAA	0	14828
CACCTGAAAGGATTAA	0	14829
CACGTAAAAGGATTAA	0	14830
CACGTCAAAGGATTAA	0	14831
CATGTGAAAGGATTAA	0	14832
CACGAGAAAGGATTAA	0	14833
AACGTGCTAAGATTAA	0	14834
CACGTACTAAGATTAA	0	14835
CACGTCCTAAGATTAA	0	14836
TACGTGCTAAGATTAA	0	14837
CACCTGCTAAGATTAA	0	14838
CACGAGCTAAGATTAA	0	14839
CATGTGCTAAGATTAA	0	14840
AACGTGAAAGGATTAC	0	14841
GTAATCCTTTCACGTA	0	14842
CACCTGAAAGGATTAC	0	14843
CACGTAAAAGGATTAC	0	14844
CACGTCAAAGGATTAC	0	14845
CATGTGAAAGGATTAC	0	14846
CACGAGAAAGGATTAC	0	14847
AACGTGAGAGGATTAG	0	14848
CACGTAAGAGGATTAG	0	14849
CACGTCAGAGGATTAG	0	14850
CTAATCCTCTCACGTA	0	14851
CACCTGAGAGGATTAG	0	14852
CACGAGAGAGGATTAG	0	14853
CATGTGAGAGGATTAG	0	14854
AACGTGCTAAGATTAC	0	14855
GTAATCTTAGCACGTA	0	14856
CACCTGCTAAGATTAC	0	14857
CACGTACTAAGATTAC	0	14858
CACGTCCTAAGATTAC	0	14859
CATGTGCTAAGATTAC	0	14860
CACGAGCTAAGATTAC	0	14861
AACGTGCGAAGATTAA	0	14862
TACGTGCGAAGATTAA	0	14863
CACGTACGAAGATTAA	0	14864
CACGTCCGAAGATTAA	0	14865
CACCTGCGAAGATTAA	0	14866
CATGTGCGAAGATTAA	0	14867
CACGAGCGAAGATTAA	0	14868
AACGTGCGAAGATTAC	0	14869
GTAATCTTCGCACGTA	0	14870
CACGTACGAAGATTAC	0	14871
CACGTCCGAAGATTAC	0	14872
CACCTGCGAAGATTAC	0	14873
CATGTGCGAAGATTAC	0	14874
CACGAGCGAAGATTAC	0	14875
AACGTGCCGGGATTAA	0	14876
TACGTGCCGGGATTAA	0	14877
CACGTACCGGGATTAA	0	14878
CACGTCCCGGGATTAA	0	14879
CACCTGCCGGGATTAA	0	14880
CATGTGCCGGGATTAA	0	14881
CACGAGCCGGGATTAA	0	14882
ATAATCTGGGGACGTG	0	14883
ATAATCTGGGTACGTG	0	14884
ATAATCTGGGCAGGTG	0	14885
ATAATCTGGGCACATG	0	14886
ATAATCTGGGCTCGTG	0	14887
AACGTGCCGGGATTAC	0	14888
GTAATCCCGGCACGTA	0	14889
CACGTACCGGGATTAC	0	14890
CACGTCCCGGGATTAC	0	14891
CACCTGCCGGGATTAC	0	14892
CATGTGCCGGGATTAC	0	14893
CACGAGCCGGGATTAC	0	14894
AACGTGCCTGGATTAA	0	14895
TACGTGCCTGGATTAA	0	14896
CACGTACCTGGATTAA	0	14897
CACGTCCCTGGATTAA	0	14898
CACCTGCCTGGATTAA	0	14899
CATGTGCCTGGATTAA	0	14900
CACGAGCCTGGATTAA	0	14901
AACGTGCCTGGATTAC	0	14902
GTAATCCAGGCACGTA	0	14903
CACGTACCTGGATTAC	0	14904
CACGTCCCTGGATTAC	0	14905
CACCTGCCTGGATTAC	0	14906
CATGTGCCTGGATTAC	0	14907
ATAATCTTTGGACGTG	0	14908
ATAATCTTTGTACGTG	0	14909
ATAATCTTTGCAGGTG	0	14910
ATAATCTTTGCACATG	0	14911
ATAATCTTTGCTCGTG	0	14912
AACGTGTTAGGATTAA	0	14913
TACGTGTTAGGATTAA	0	14914
CACGTATTAGGATTAA	0	14915
CACGTCTTAGGATTAA	0	14916
CACCTGTTAGGATTAA	0	14917
CATGTGTTAGGATTAA	0	14918
CACGAGTTAGGATTAA	0	14919
AACGTGTTAGGATTAC	0	14920
GTAATCCTAACACGTA	0	14921
CACGTATTAGGATTAC	0	14922
CACGTCTTAGGATTAC	0	14923
CACCTGTTAGGATTAC	0	14924
CATGTGTTAGGATTAC	0	14925
CACGAGTTAGGATTAC	0	14926
ATAATCCTACGACGTG	0	14927
ATAATCCTACTACGTG	0	14928
ATAATCCTACCAGGTG	0	14929
ATAATCCTACCACATG	0	14930
ATAATCCTACCTCGTG	0	14931
AACGTGTGAGGATTAA	0	14932
TACGTGTGAGGATTAA	0	14933
CACGTATGAGGATTAA	0	14934
CACGTCTGAGGATTAA	0	14935
CACCTGTGAGGATTAA	0	14936
CATGTGTGAGGATTAA	0	14937
CACGAGTGAGGATTAA	0	14938
ATAATCTCATGACGTG	0	14939
ATAATCTCATTACGTG	0	14940
ATAATCTCATCAGGTG	0	14941
ATAATCTCATCACATG	0	14942
ATAATCTCATCTCGTG	0	14943
AACGTGTGAGGATTAC	0	14944
GTAATCCTCACACGTA	0	14945
CACGTATGAGGATTAC	0	14946
CACGTCTGAGGATTAC	0	14947
CACCTGTGAGGATTAC	0	14948
CATGTGTGAGGATTAC	0	14949
CACGAGTGAGGATTAC	0	14950
ATAATCCGGACACATG	0	14951
ATAATCCGGACAGGTG	0	14952
ATAATCCGGAGACGTG	0	14953
ATAATCCGGATACGTG	0	14954
ATAATCCGGACTCGTG	0	14955
ATAATCCTCCCACATG	0	14956
ATAATCCTCCCAGGTG	0	14957
ATAATCCTCCGACGTG	0	14958
ATAATCCTCCTACGTG	0	14959
ATAATCCTCCCTCGTG	0	14960
ATAATCTAATGACGTG	0	14961
ATAATCTAATTACGTG	0	14962
ATAATCTAATCACATG	0	14963
ATAATCTAATCAGGTG	0	14964
ATAATCTAATCTCGTG	0	14965
AACGTGATCAGATTAA	0	14966
TACGTGATCAGATTAA	0	14967
CACCTGATCAGATTAA	0	14968
CACGTAATCAGATTAA	0	14969
CACGTCATCAGATTAA	0	14970
CATGTGATCAGATTAA	0	14971
CACGAGATCAGATTAA	0	14972
AACGTGCCCGGATTAG	0	14973
CTAATCCGGGCACGTA	0	14974
CACCTGCCCGGATTAG	0	14975
CACGTACCCGGATTAG	0	14976
CACGTCCCCGGATTAG	0	14977
CACGAGCCCGGATTAG	0	14978
CATGTGCCCGGATTAG	0	14979
ATAATCTCCTCACATG	0	14980
ATAATCTCCTCAGGTG	0	14981
ATAATCTCCTGACGTG	0	14982
ATAATCTCCTTACGTG	0	14983
ATAATCTCCTCTCGTG	0	14984
AACGTGATCAGATTAC	0	14985
GTAATCTGATCACGTA	0	14986
CACCTGATCAGATTAC	0	14987
CACGTAATCAGATTAC	0	14988
CACGTCATCAGATTAC	0	14989
CATGTGATCAGATTAC	0	14990
CACGAGATCAGATTAC	0	14991
ATAATCTACTCACATG	0	14992
ATAATCTACTCAGGTG	0	14993
ATAATCTACTGACGTG	0	14994
ATAATCTACTTACGTG	0	14995
ATAATCTACTCTCGTG	0	14996
ATAATCCTTACACATG	0	14997
ATAATCCTTACAGGTG	0	14998
ATAATCCTTAGACGTG	0	14999
ATAATCCTTATACGTG	0	15000
ATAATCCTTACTCGTG	0	15001
AACGTGAGCAGATTAA	0	15002
CACCTGAGCAGATTAA	0	15003
CACGTAAGCAGATTAA	0	15004
CACGTCAGCAGATTAA	0	15005
TACGTGAGCAGATTAA	0	15006
CACGAGAGCAGATTAA	0	15007
CATGTGAGCAGATTAA	0	15008
AACGTGACAGGATTAA	0	15009
TACGTGACAGGATTAA	0	15010
CACCTGACAGGATTAA	0	15011
CACGTAACAGGATTAA	0	15012
CACGTCACAGGATTAA	0	15013
CATGTGACAGGATTAA	0	15014
CACGAGACAGGATTAA	0	15015
AACGTGCAAGGATTAG	0	15016
CTAATCCTTGCACGTA	0	15017
CACCTGCAAGGATTAG	0	15018
CACGTACAAGGATTAG	0	15019
CACGTCCAAGGATTAG	0	15020
CATGTGCAAGGATTAG	0	15021
CACGAGCAAGGATTAG	0	15022
AACGTGAGCAGATTAC	0	15023
CACGTAAGCAGATTAC	0	15024
CACGTCAGCAGATTAC	0	15025
GTAATCTGCTCACGTA	0	15026
CACCTGAGCAGATTAC	0	15027
CACGAGAGCAGATTAC	0	15028
CATGTGAGCAGATTAC	0	15029
AACGTGACAGGATTAC	0	15030
GTAATCCTGTCACGTA	0	15031
CACCTGACAGGATTAC	0	15032
CACGTAACAGGATTAC	0	15033
CACGTCACAGGATTAC	0	15034
CATGTGACAGGATTAC	0	15035
CACGAGACAGGATTAC	0	15036
AACGTGATGGGATTAG	0	15037
CTAATCCCATCACGTA	0	15038
CACCTGATGGGATTAG	0	15039
CACGTAATGGGATTAG	0	15040
CACGTCATGGGATTAG	0	15041
CATGTGATGGGATTAG	0	15042
CACGAGATGGGATTAG	0	15043
AACGTGAAGGGATTAA	0	15044
TACGTGAAGGGATTAA	0	15045
CACCTGAAGGGATTAA	0	15046
CACGTAAAGGGATTAA	0	15047
CACGTCAAGGGATTAA	0	15048
CATGTGAAGGGATTAA	0	15049
CACGAGAAGGGATTAA	0	15050
ATAATCTGTTCACATG	0	15051
ATAATCTGTTCAGGTG	0	15052
ATAATCTGTTGACGTG	0	15053
ATAATCTGTTTACGTG	0	15054
ATAATCTGTTCTCGTG	0	15055
AACGTGCTGAGATTAA	0	15056
TACGTGCTGAGATTAA	0	15057
CACCTGCTGAGATTAA	0	15058
CACGAGCTGAGATTAA	0	15059
CACGTACTGAGATTAA	0	15060
CACGTCCTGAGATTAA	0	15061
CATGTGCTGAGATTAA	0	15062
AACGTGATTGGATTAG	0	15063
CTAATCCAATCACGTA	0	15064
CACCTGATTGGATTAG	0	15065
CACGTAATTGGATTAG	0	15066
CACGTCATTGGATTAG	0	15067
CATGTGATTGGATTAG	0	15068
CACGAGATTGGATTAG	0	15069
AACGTGAAGGGATTAC	0	15070
GTAATCCCTTCACGTA	0	15071
CACCTGAAGGGATTAC	0	15072
CACGTAAAGGGATTAC	0	15073
CACGTCAAGGGATTAC	0	15074
CATGTGAAGGGATTAC	0	15075
CACGAGAAGGGATTAC	0	15076
AACGTGAATGGATTAA	0	15077
TACGTGAATGGATTAA	0	15078
CACCTGAATGGATTAA	0	15079
CACGTAAATGGATTAA	0	15080
CACGTCAATGGATTAA	0	15081
CATGTGAATGGATTAA	0	15082
CACGAGAATGGATTAA	0	15083
AACGTGAGGGGATTAG	0	15084
CACGTAAGGGGATTAG	0	15085
CACGTCAGGGGATTAG	0	15086
CTAATCCCCTCACGTA	0	15087
CACCTGAGGGGATTAG	0	15088
CACGAGAGGGGATTAG	0	15089
CATGTGAGGGGATTAG	0	15090
AACGTGCTGAGATTAC	0	15091
GTAATCTCAGCACGTA	0	15092
CACCTGCTGAGATTAC	0	15093
CACGTACTGAGATTAC	0	15094
CACGTCCTGAGATTAC	0	15095
CATGTGCTGAGATTAC	0	15096
CACGAGCTGAGATTAC	0	15097
AACGTGCTTAGATTAA	0	15098
TACGTGCTTAGATTAA	0	15099
CACCTGCTTAGATTAA	0	15100
CACGTACTTAGATTAA	0	15101
CACGTCCTTAGATTAA	0	15102
CATGTGCTTAGATTAA	0	15103
CACGAGCTTAGATTAA	0	15104
AACGTGAATGGATTAC	0	15105
CACCTGAATGGATTAC	0	15106
CACGTAAATGGATTAC	0	15107
CACGTCAATGGATTAC	0	15108
GTAATCCATTCACGTA	0	15109
CACGAGAATGGATTAC	0	15110
CATGTGAATGGATTAC	0	15111
AACGTGCGGAGATTAA	0	15112
TACGTGCGGAGATTAA	0	15113
CACCTGCGGAGATTAA	0	15114
CACGTACGGAGATTAA	0	15115
CACGTCCGGAGATTAA	0	15116
CATGTGCGGAGATTAA	0	15117
CACGAGCGGAGATTAA	0	15118
AACGTGAGTGGATTAG	0	15119
CTAATCCACTCACGTA	0	15120
CACCTGAGTGGATTAG	0	15121
CACGAGAGTGGATTAG	0	15122
CACGTAAGTGGATTAG	0	15123
CACGTCAGTGGATTAG	0	15124
CATGTGAGTGGATTAG	0	15125
AACGTGCTTAGATTAC	0	15126
GTAATCTAAGCACGTA	0	15127
CACCTGCTTAGATTAC	0	15128
CACGTACTTAGATTAC	0	15129
CACGTCCTTAGATTAC	0	15130
CATGTGCTTAGATTAC	0	15131
CACGAGCTTAGATTAC	0	15132
ATAATCTTGGCAGGTG	0	15133
ATAATCTTGGGACGTG	0	15134
ATAATCTTGGTACGTG	0	15135
ATAATCTTGGCACATG	0	15136
ATAATCTTGGCTCGTG	0	15137
AACGTGCGGAGATTAC	0	15138
CACCTGCGGAGATTAC	0	15139
CACGTACGGAGATTAC	0	15140
CACGTCCGGAGATTAC	0	15141
GTAATCTCCGCACGTA	0	15142
CACGAGCGGAGATTAC	0	15143
CATGTGCGGAGATTAC	0	15144
AACGTGCGTAGATTAA	0	15145
CACCTGCGTAGATTAA	0	15146
CACGTACGTAGATTAA	0	15147
CACGTCCGTAGATTAA	0	15148
TACGTGCGTAGATTAA	0	15149
CACGAGCGTAGATTAA	0	15150
CATGTGCGTAGATTAA	0	15151
AACGTGCGTAGATTAC	0	15152
CACGTACGTAGATTAC	0	15153
CACGTCCGTAGATTAC	0	15154
GTAATCTACGCACGTA	0	15155
CACCTGCGTAGATTAC	0	15156
CACGAGCGTAGATTAC	0	15157
CATGTGCGTAGATTAC	0	15158
ATAATCTCTGGACGTG	0	15159
ATAATCTCTGTACGTG	0	15160
ATAATCTCTGCACATG	0	15161
ATAATCTCTGCAGGTG	0	15162
ATAATCTCTGCTCGTG	0	15163
AACGTGTTGGGATTAA	0	15164
TACGTGTTGGGATTAA	0	15165
CACCTGTTGGGATTAA	0	15166
CACGTATTGGGATTAA	0	15167
CACGTCTTGGGATTAA	0	15168
CATGTGTTGGGATTAA	0	15169
CACGAGTTGGGATTAA	0	15170
ATAATCTGAAGACGTG	0	15171
ATAATCTGAATACGTG	0	15172
ATAATCTGAACACATG	0	15173
ATAATCTGAACAGGTG	0	15174
ATAATCTGAACTCGTG	0	15175
AACGTGAACGGATTAG	0	15176
CACCTGAACGGATTAG	0	15177
CACGTAAACGGATTAG	0	15178
CACGTCAACGGATTAG	0	15179
CTAATCCGTTCACGTA	0	15180
CACGAGAACGGATTAG	0	15181
CATGTGAACGGATTAG	0	15182
AACGTGTTGGGATTAC	0	15183
GTAATCCCAACACGTA	0	15184
CACCTGTTGGGATTAC	0	15185
CACGTATTGGGATTAC	0	15186
CACGTCTTGGGATTAC	0	15187
CATGTGTTGGGATTAC	0	15188
CACGAGTTGGGATTAC	0	15189
AACGTGCTCAGATTAG	0	15190
CTAATCTGAGCACGTA	0	15191
CACCTGCTCAGATTAG	0	15192
CACGTACTCAGATTAG	0	15193
CACGTCCTCAGATTAG	0	15194
CATGTGCTCAGATTAG	0	15195
CACGAGCTCAGATTAG	0	15196
ATAATCTATGCACATG	0	15197
ATAATCTATGCAGGTG	0	15198
ATAATCTATGCTCGTG	0	15199
ATAATCTATGGACGTG	0	15200
ATAATCTATGTACGTG	0	15201
AACGTGTTTGGATTAA	0	15202
TACGTGTTTGGATTAA	0	15203
CACCTGTTTGGATTAA	0	15204
CACGTATTTGGATTAA	0	15205
CACGTCTTTGGATTAA	0	15206
CATGTGTTTGGATTAA	0	15207
CACGAGTTTGGATTAA	0	15208
AACGTGCACAGATTAA	0	15209
TACGTGCACAGATTAA	0	15210
CACCTGCACAGATTAA	0	15211
CACGTACACAGATTAA	0	15212
CACGTCCACAGATTAA	0	15213
CATGTGCACAGATTAA	0	15214
CACGAGCACAGATTAA	0	15215
ATAATCCCACCAGGTG	0	15216
ATAATCCCACGACGTG	0	15217
ATAATCCCACTACGTG	0	15218
ATAATCCCACCACATG	0	15219
ATAATCCCACCTCGTG	0	15220
AACGTGTGGGGATTAA	0	15221
CACGTATGGGGATTAA	0	15222
CACGTCTGGGGATTAA	0	15223
TACGTGTGGGGATTAA	0	15224
CACCTGTGGGGATTAA	0	15225
CACGAGTGGGGATTAA	0	15226
CATGTGTGGGGATTAA	0	15227
ATAATCTGCACACATG	0	15228
ATAATCTGCACAGGTG	0	15229
ATAATCTGCAGACGTG	0	15230
ATAATCTGCATACGTG	0	15231
ATAATCTGCACTCGTG	0	15232
AACGTGTTTGGATTAC	0	15233
GTAATCCAAACACGTA	0	15234
CACCTGTTTGGATTAC	0	15235
CACGTATTTGGATTAC	0	15236
CACGTCTTTGGATTAC	0	15237
CACGAGTTTGGATTAC	0	15238
CATGTGTTTGGATTAC	0	15239
AACGTGCACAGATTAC	0	15240
GTAATCTGTGCACGTA	0	15241
CACCTGCACAGATTAC	0	15242
CACGTACACAGATTAC	0	15243
CACGTCCACAGATTAC	0	15244
CACGAGCACAGATTAC	0	15245
CATGTGCACAGATTAC	0	15246
ATAATCCTGAGACGTG	0	15247
ATAATCCTGATACGTG	0	15248
ATAATCCTGACACATG	0	15249
ATAATCCTGACAGGTG	0	15250
ATAATCCTGACTCGTG	0	15251
ATAATCCAACGACGTG	0	15252
ATAATCCAACTACGTG	0	15253
ATAATCCAACCACATG	0	15254
ATAATCCAACCAGGTG	0	15255
ATAATCCAACCTCGTG	0	15256
AACGTGTGGGGATTAC	0	15257
CACGTATGGGGATTAC	0	15258
CACGTCTGGGGATTAC	0	15259
GTAATCCCCACACGTA	0	15260
CACCTGTGGGGATTAC	0	15261
CACGAGTGGGGATTAC	0	15262
CATGTGTGGGGATTAC	0	15263
AACGTGCGCAGATTAG	0	15264
CACGTACGCAGATTAG	0	15265
CACGTCCGCAGATTAG	0	15266
CTAATCTGCGCACGTA	0	15267
CACCTGCGCAGATTAG	0	15268
CACGAGCGCAGATTAG	0	15269
CATGTGCGCAGATTAG	0	15270
AACGTGGTCGGATTAA	0	15271
TACGTGGTCGGATTAA	0	15272
CACCTGGTCGGATTAA	0	15273
CACGAGGTCGGATTAA	0	15274
CACGTAGTCGGATTAA	0	15275
CACGTCGTCGGATTAA	0	15276
CATGTGGTCGGATTAA	0	15277
AACGTGTGTGGATTAA	0	15278
CACGTATGTGGATTAA	0	15279
CACGTCTGTGGATTAA	0	15280
TACGTGTGTGGATTAA	0	15281
CACCTGTGTGGATTAA	0	15282
CACGAGTGTGGATTAA	0	15283
CATGTGTGTGGATTAA	0	15284
AACGTGATAAGATTAA	0	15285
CACGTAATAAGATTAA	0	15286
CACGTCATAAGATTAA	0	15287
TACGTGATAAGATTAA	0	15288
CACCTGATAAGATTAA	0	15289
CACGAGATAAGATTAA	0	15290
CATGTGATAAGATTAA	0	15291
ATAATCCCCCCACATG	0	15292
ATAATCCCCCCAGGTG	0	15293
ATAATCCCCCGACGTG	0	15294
ATAATCCCCCTACGTG	0	15295
ATAATCCCCCCTCGTG	0	15296
AACGTGCCAGGATTAG	0	15297
CTAATCCTGGCACGTA	0	15298
CACCTGCCAGGATTAG	0	15299
CACGTACCAGGATTAG	0	15300
CACGTCCCAGGATTAG	0	15301
CATGTGCCAGGATTAG	0	15302
CACGAGCCAGGATTAG	0	15303
AACGTGGTCGGATTAC	0	15304
GTAATCCGACCACGTA	0	15305
CACCTGGTCGGATTAC	0	15306
CACGTAGTCGGATTAC	0	15307
CACGTCGTCGGATTAC	0	15308
CATGTGGTCGGATTAC	0	15309
CACGAGGTCGGATTAC	0	15310
AACGTGTGTGGATTAC	0	15311
GTAATCCACACACGTA	0	15312
CACCTGTGTGGATTAC	0	15313
CACGTATGTGGATTAC	0	15314
CACGTCTGTGGATTAC	0	15315
CATGTGTGTGGATTAC	0	15316
CACGAGTGTGGATTAC	0	15317
AACGTGATAAGATTAC	0	15318
GTAATCTTATCACGTA	0	15319
CACCTGATAAGATTAC	0	15320
CACGAGATAAGATTAC	0	15321
CACGTAATAAGATTAC	0	15322
CACGTCATAAGATTAC	0	15323
CATGTGATAAGATTAC	0	15324
ATAATCCACCCACATG	0	15325
ATAATCCACCCAGGTG	0	15326
ATAATCCACCGACGTG	0	15327
ATAATCCACCTACGTG	0	15328
ATAATCCACCCTCGTG	0	15329
AACGTGGGCGGATTAA	0	15330
TACGTGGGCGGATTAA	0	15331
CACCTGGGCGGATTAA	0	15332
CACGTAGGCGGATTAA	0	15333
CACGTCGGCGGATTAA	0	15334
CACGAGGGCGGATTAA	0	15335
CATGTGGGCGGATTAA	0	15336
AACGTGAGAAGATTAA	0	15337
TACGTGAGAAGATTAA	0	15338
CACCTGAGAAGATTAA	0	15339
CACGTAAGAAGATTAA	0	15340
CACGTCAGAAGATTAA	0	15341
CATGTGAGAAGATTAA	0	15342
CACGAGAGAAGATTAA	0	15343
ATAATCCCTACACATG	0	15344
ATAATCCCTACAGGTG	0	15345
ATAATCCCTAGACGTG	0	15346
ATAATCCCTATACGTG	0	15347
ATAATCCCTACTCGTG	0	15348
AACGTGGGCGGATTAC	0	15349
CACGTAGGCGGATTAC	0	15350
CACGTCGGCGGATTAC	0	15351
GTAATCCGCCCACGTA	0	15352
CACCTGGGCGGATTAC	0	15353
CACGAGGGCGGATTAC	0	15354
CATGTGGGCGGATTAC	0	15355
AACGTGAGAAGATTAC	0	15356
GTAATCTTCTCACGTA	0	15357
CACCTGAGAAGATTAC	0	15358
CACGTAAGAAGATTAC	0	15359
CACGTCAGAAGATTAC	0	15360
CACGAGAGAAGATTAC	0	15361
CATGTGAGAAGATTAC	0	15362
AACGTGACGGGATTAA	0	15363
TACGTGACGGGATTAA	0	15364
CACCTGACGGGATTAA	0	15365
CACGAGACGGGATTAA	0	15366
CACGTAACGGGATTAA	0	15367
CACGTCACGGGATTAA	0	15368
CATGTGACGGGATTAA	0	15369
ATAATCTGGTGACGTG	0	15370
ATAATCTGGTTACGTG	0	15371
ATAATCTGGTCACATG	0	15372
ATAATCTGGTCAGGTG	0	15373
ATAATCTGGTCTCGTG	0	15374
AACGTGCAGGGATTAG	0	15375
CTAATCCCTGCACGTA	0	15376
CACCTGCAGGGATTAG	0	15377
CACGTACAGGGATTAG	0	15378
CACGTCCAGGGATTAG	0	15379
CATGTGCAGGGATTAG	0	15380
CACGAGCAGGGATTAG	0	15381
AACGTGTTCGGATTAG	0	15382
CTAATCCGAACACGTA	0	15383
CACCTGTTCGGATTAG	0	15384
CACGTATTCGGATTAG	0	15385
CACGTCTTCGGATTAG	0	15386
CACGAGTTCGGATTAG	0	15387
CATGTGTTCGGATTAG	0	15388
ATAATCCATACACATG	0	15389
ATAATCCATACAGGTG	0	15390
ATAATCCATAGACGTG	0	15391
ATAATCCATATACGTG	0	15392
ATAATCCATACTCGTG	0	15393
AACGTGTACGGATTAA	0	15394
TACGTGTACGGATTAA	0	15395
CACCTGTACGGATTAA	0	15396
CACGTATACGGATTAA	0	15397
CACGTCTACGGATTAA	0	15398
CACGAGTACGGATTAA	0	15399
CATGTGTACGGATTAA	0	15400
GTAATCCCGTCACGTA	0	15401
CACCTGACGGGATTAC	0	15402
CACGTAACGGGATTAC	0	15403
CACGTCACGGGATTAC	0	15404
CATGTGACGGGATTAC	0	15405
CACGAGACGGGATTAC	0	15406
AACGTGACTGGATTAA	0	15407
TACGTGACTGGATTAA	0	15408
CACCTGACTGGATTAA	0	15409
CACGTAACTGGATTAA	0	15410
CACGTCACTGGATTAA	0	15411
CATGTGACTGGATTAA	0	15412
CACGAGACTGGATTAA	0	15413
AACGTGCATGGATTAG	0	15414
CACCTGCATGGATTAG	0	15415
CACGTACATGGATTAG	0	15416
CACGTCCATGGATTAG	0	15417
CTAATCCATGCACGTA	0	15418
CACGAGCATGGATTAG	0	15419
CATGTGCATGGATTAG	0	15420
AACGTGTACGGATTAC	0	15421
CACCTGTACGGATTAC	0	15422
CACGTATACGGATTAC	0	15423
CACGTCTACGGATTAC	0	15424
GTAATCCGTACACGTA	0	15425
CACGAGTACGGATTAC	0	15426
CATGTGTACGGATTAC	0	15427
AACGTGTGCGGATTAG	0	15428
CTAATCCGCACACGTA	0	15429
CACCTGTGCGGATTAG	0	15430
CACGTATGCGGATTAG	0	15431
CACGTCTGCGGATTAG	0	15432
CATGTGTGCGGATTAG	0	15433
CACGAGTGCGGATTAG	0	15434
ATAATCCGTCCACATG	0	15435
ATAATCCGTCCAGGTG	0	15436
ATAATCCGTCCTCGTG	0	15437
ATAATCCGTCGACGTG	0	15438
ATAATCCGTCTACGTG	0	15439
AACGTGACTGGATTAC	0	15440
GTAATCCAGTCACGTA	0	15441
CACCTGACTGGATTAC	0	15442
CACGTAACTGGATTAC	0	15443
CACGTCACTGGATTAC	0	15444
CATGTGACTGGATTAC	0	15445
CACGAGACTGGATTAC	0	15446
ATAATCTTTTGACGTG	0	15447
ATAATCTTTTTACGTG	0	15448
ATAATCTTTTCACATG	0	15449
ATAATCTTTTCAGGTG	0	15450
ATAATCTTTTCTCGTG	0	15451
ATAATCTCGGCAGGTG	0	15452
ATAATCTCGGGACGTG	0	15453
ATAATCTCGGTACGTG	0	15454
ATAATCTCGGCACATG	0	15455
ATAATCTCGGCTCGTG	0	15456
AACGTGACCGGATTAG	0	15457
CTAATCCGGTCACGTA	0	15458
CACCTGACCGGATTAG	0	15459
CACGTAACCGGATTAG	0	15460
CACGTCACCGGATTAG	0	15461
CATGTGACCGGATTAG	0	15462
CACGAGACCGGATTAG	0	15463
ATAATCTAGGGACGTG	0	15464
ATAATCTAGGTACGTG	0	15465
ATAATCTAGGCACATG	0	15466
ATAATCTAGGCAGGTG	0	15467
ATAATCTAGGCTCGTG	0	15468
AACGTGCCCAGATTAA	0	15469
TACGTGCCCAGATTAA	0	15470
CACCTGCCCAGATTAA	0	15471
CACGTACCCAGATTAA	0	15472
CACGTCCCCAGATTAA	0	15473
CATGTGCCCAGATTAA	0	15474
CACGAGCCCAGATTAA	0	15475
AACGTGCCCAGATTAC	0	15476
GTAATCTGGGCACGTA	0	15477
CACCTGCCCAGATTAC	0	15478
CACGTACCCAGATTAC	0	15479
CACGTCCCCAGATTAC	0	15480
CATGTGCCCAGATTAC	0	15481
CACGAGCCCAGATTAC	0	15482
ATAATCTTAACAGGTG	0	15483
ATAATCTTAAGACGTG	0	15484
ATAATCTTAATACGTG	0	15485
ATAATCTTAACACATG	0	15486
ATAATCTTAACTCGTG	0	15487
AACGTGAAAGGATTAG	0	15488
CTAATCCTTTCACGTA	0	15489
CACCTGAAAGGATTAG	0	15490
CACGTAAAAGGATTAG	0	15491
CACGTCAAAGGATTAG	0	15492
CATGTGAAAGGATTAG	0	15493
CACGAGAAAGGATTAG	0	15494
AACGTGCTAAGATTAG	0	15495
CACGTACTAAGATTAG	0	15496
CACGTCCTAAGATTAG	0	15497
CTAATCTTAGCACGTA	0	15498
CACCTGCTAAGATTAG	0	15499
CACGAGCTAAGATTAG	0	15500
CATGTGCTAAGATTAG	0	15501
AACGTGCAAAGATTAA	0	15502
TACGTGCAAAGATTAA	0	15503
CACCTGCAAAGATTAA	0	15504
CACGAGCAAAGATTAA	0	15505
CACGTACAAAGATTAA	0	15506
CACGTCCAAAGATTAA	0	15507
CATGTGCAAAGATTAA	0	15508
ATAATCTTCACACATG	0	15509
ATAATCTTCACAGGTG	0	15510
ATAATCTTCAGACGTG	0	15511
ATAATCTTCATACGTG	0	15512
ATAATCTTCACTCGTG	0	15513
AACGTGCAAAGATTAC	0	15514
GTAATCTTTGCACGTA	0	15515
CACCTGCAAAGATTAC	0	15516
CACGTACAAAGATTAC	0	15517
CACGTCCAAAGATTAC	0	15518
CATGTGCAAAGATTAC	0	15519
CACGAGCAAAGATTAC	0	15520
AACGTGCGAAGATTAG	0	15521
CTAATCTTCGCACGTA	0	15522
CACCTGCGAAGATTAG	0	15523
CACGTACGAAGATTAG	0	15524
CACGTCCGAAGATTAG	0	15525
CACGAGCGAAGATTAG	0	15526
CATGTGCGAAGATTAG	0	15527
AACGTGGTAGGATTAA	0	15528
CACGTAGTAGGATTAA	0	15529
CACGTCGTAGGATTAA	0	15530
TACGTGGTAGGATTAA	0	15531
CACCTGGTAGGATTAA	0	15532
CACGAGGTAGGATTAA	0	15533
CATGTGGTAGGATTAA	0	15534
ATAATCCCGAGACGTG	0	15535
ATAATCCCGATACGTG	0	15536
ATAATCCCGACACATG	0	15537
ATAATCCCGACAGGTG	0	15538
ATAATCCCGACTCGTG	0	15539
AACGTGATGAGATTAA	0	15540
CACGTAATGAGATTAA	0	15541
CACGTCATGAGATTAA	0	15542
TACGTGATGAGATTAA	0	15543
CACCTGATGAGATTAA	0	15544
CACGAGATGAGATTAA	0	15545
CATGTGATGAGATTAA	0	15546
AACGTGGTAGGATTAC	0	15547
GTAATCCTACCACGTA	0	15548
CACCTGGTAGGATTAC	0	15549
CACGAGGTAGGATTAC	0	15550
CACGTAGTAGGATTAC	0	15551
CACGTCGTAGGATTAC	0	15552
CATGTGGTAGGATTAC	0	15553
AACGTGCCGGGATTAG	0	15554
CTAATCCCGGCACGTA	0	15555
CACCTGCCGGGATTAG	0	15556
CACGTACCGGGATTAG	0	15557
CACGTCCCGGGATTAG	0	15558
CATGTGCCGGGATTAG	0	15559
CACGAGCCGGGATTAG	0	15560
ATAATCCAGACACATG	0	15561
ATAATCCAGACAGGTG	0	15562
ATAATCCAGAGACGTG	0	15563
ATAATCCAGATACGTG	0	15564
ATAATCCAGACTCGTG	0	15565
AACGTGTCCGGATTAA	0	15566
TACGTGTCCGGATTAA	0	15567
CACCTGTCCGGATTAA	0	15568
CACGTATCCGGATTAA	0	15569
CACGTCTCCGGATTAA	0	15570
CATGTGTCCGGATTAA	0	15571
CACGAGTCCGGATTAA	0	15572
AACGTGGGAGGATTAA	0	15573
TACGTGGGAGGATTAA	0	15574
CACCTGGGAGGATTAA	0	15575
CACGTAGGAGGATTAA	0	15576
CACGTCGGAGGATTAA	0	15577
CATGTGGGAGGATTAA	0	15578
CACGAGGGAGGATTAA	0	15579
AACGTGATGAGATTAC	0	15580
GTAATCTCATCACGTA	0	15581
CACCTGATGAGATTAC	0	15582
CACGTAATGAGATTAC	0	15583
CACGTCATGAGATTAC	0	15584
CATGTGATGAGATTAC	0	15585
CACGAGATGAGATTAC	0	15586
AACGTGATTAGATTAA	0	15587
TACGTGATTAGATTAA	0	15588
CACCTGATTAGATTAA	0	15589
CACGAGATTAGATTAA	0	15590
CACGTAATTAGATTAA	0	15591
CACGTCATTAGATTAA	0	15592
CATGTGATTAGATTAA	0	15593
AACGTGCCTGGATTAG	0	15594
CTAATCCAGGCACGTA	0	15595
CACCTGCCTGGATTAG	0	15596
CACGTACCTGGATTAG	0	15597
CACGTCCCTGGATTAG	0	15598
CATGTGCCTGGATTAG	0	15599
CACGAGCCTGGATTAG	0	15600
AACGTGTCCGGATTAC	0	15601
GTAATCCGGACACGTA	0	15602
CACCTGTCCGGATTAC	0	15603
CACGAGTCCGGATTAC	0	15604
CACGTATCCGGATTAC	0	15605
CACGTCTCCGGATTAC	0	15606
CATGTGTCCGGATTAC	0	15607
AACGTGAGGAGATTAA	0	15608
CACGTAAGGAGATTAA	0	15609
CACGTCAGGAGATTAA	0	15610
TACGTGAGGAGATTAA	0	15611
CACCTGAGGAGATTAA	0	15612
CACGAGAGGAGATTAA	0	15613
CATGTGAGGAGATTAA	0	15614
AACGTGGGAGGATTAC	0	15615
CACCTGGGAGGATTAC	0	15616
CACGAGGGAGGATTAC	0	15617
CACGTAGGAGGATTAC	0	15618
CACGTCGGAGGATTAC	0	15619
CATGTGGGAGGATTAC	0	15620
GTAATCCTCCCACGTA	0	15621
AACGTGATTAGATTAC	0	15622
CACCTGATTAGATTAC	0	15623
CACGAGATTAGATTAC	0	15624
CACGTAATTAGATTAC	0	15625
CACGTCATTAGATTAC	0	15626
CATGTGATTAGATTAC	0	15627
GTAATCTAATCACGTA	0	15628
ATAATCCGGCCACATG	0	15629
ATAATCCGGCCAGGTG	0	15630
ATAATCCGGCGACGTG	0	15631
ATAATCCGGCTACGTG	0	15632
ATAATCCGGCCTCGTG	0	15633
ATAATCTTGTCACATG	0	15634
ATAATCTTGTCAGGTG	0	15635
ATAATCTTGTCTCGTG	0	15636
ATAATCTTGTGACGTG	0	15637
ATAATCTTGTTACGTG	0	15638
AACGTGAGGAGATTAC	0	15639
CACCTGAGGAGATTAC	0	15640
CACGAGAGGAGATTAC	0	15641
CACGTAAGGAGATTAC	0	15642
CACGTCAGGAGATTAC	0	15643
CATGTGAGGAGATTAC	0	15644
GTAATCTCCTCACGTA	0	15645
AACGTGTTAGGATTAG	0	15646
CACCTGTTAGGATTAG	0	15647
CACGAGTTAGGATTAG	0	15648
CACGTATTAGGATTAG	0	15649
CACGTCTTAGGATTAG	0	15650
CATGTGTTAGGATTAG	0	15651
CTAATCCTAACACGTA	0	15652
AACGTGAGTAGATTAA	0	15653
CACCTGAGTAGATTAA	0	15654
CACGAGAGTAGATTAA	0	15655
CACGTAAGTAGATTAA	0	15656
CACGTCAGTAGATTAA	0	15657
CATGTGAGTAGATTAA	0	15658
TACGTGAGTAGATTAA	0	15659
AACGTGTAAGGATTAA	0	15660
CACCTGTAAGGATTAA	0	15661
CACGTATAAGGATTAA	0	15662
CACGTCTAAGGATTAA	0	15663
TACGTGTAAGGATTAA	0	15664
CACGAGTAAGGATTAA	0	15665
CATGTGTAAGGATTAA	0	15666
AACGTGAGTAGATTAC	0	15667
CACCTGAGTAGATTAC	0	15668
CACGAGAGTAGATTAC	0	15669
CACGTAAGTAGATTAC	0	15670
CACGTCAGTAGATTAC	0	15671
CATGTGAGTAGATTAC	0	15672
GTAATCTACTCACGTA	0	15673
AACGTGTAAGGATTAC	0	15674
CACCTGTAAGGATTAC	0	15675
CACGAGTAAGGATTAC	0	15676
CACGTATAAGGATTAC	0	15677
CACGTCTAAGGATTAC	0	15678
CATGTGTAAGGATTAC	0	15679
GTAATCCTTACACGTA	0	15680
AACGTGTGAGGATTAG	0	15681
CACCTGTGAGGATTAG	0	15682
CACGAGTGAGGATTAG	0	15683
CACGTATGAGGATTAG	0	15684
CACGTCTGAGGATTAG	0	15685
CATGTGTGAGGATTAG	0	15686
CTAATCCTCACACGTA	0	15687
ATAATCCTTCCACATG	0	15688
ATAATCCTTCCAGGTG	0	15689
ATAATCCTTCCTCGTG	0	15690
ATAATCCTTCGACGTG	0	15691
ATAATCCTTCTACGTG	0	15692
ATAATCTCTTCACATG	0	15693
ATAATCTCTTCAGGTG	0	15694
ATAATCTCTTCTCGTG	0	15695
ATAATCTCTTGACGTG	0	15696
ATAATCTCTTTACGTG	0	15697
AACGTGATCAGATTAG	0	15698
CACCTGATCAGATTAG	0	15699
CACGAGATCAGATTAG	0	15700
CACGTAATCAGATTAG	0	15701
CACGTCATCAGATTAG	0	15702
CATGTGATCAGATTAG	0	15703
CTAATCTGATCACGTA	0	15704
ATAATCTATTCACATG	0	15705
ATAATCTATTCAGGTG	0	15706
ATAATCTATTGACGTG	0	15707
ATAATCTATTTACGTG	0	15708
ATAATCTATTCTCGTG	0	15709
AACGTGAACAGATTAA	0	15710
CACCTGAACAGATTAA	0	15711
CACGAGAACAGATTAA	0	15712
CACGTAAACAGATTAA	0	15713
CACGTCAACAGATTAA	0	15714
CATGTGAACAGATTAA	0	15715
TACGTGAACAGATTAA	0	15716
AACGTGAACAGATTAC	0	15717
GTAATCTGTTCACGTA	0	15718
CACCTGAACAGATTAC	0	15719
CACGAGAACAGATTAC	0	15720
CACGTAAACAGATTAC	0	15721
CACGTCAACAGATTAC	0	15722
CATGTGAACAGATTAC	0	15723
AACGTGAGCAGATTAG	0	15724
CACCTGAGCAGATTAG	0	15725
CACGAGAGCAGATTAG	0	15726
CACGTAAGCAGATTAG	0	15727
CACGTCAGCAGATTAG	0	15728
CATGTGAGCAGATTAG	0	15729
CTAATCTGCTCACGTA	0	15730
AACGTGACAGGATTAG	0	15731
CACCTGACAGGATTAG	0	15732
CACGAGACAGGATTAG	0	15733
CACGTAACAGGATTAG	0	15734
CACGTCACAGGATTAG	0	15735
CATGTGACAGGATTAG	0	15736
CTAATCCTGTCACGTA	0	15737
AACGTGCCAAGATTAA	0	15738
CACCTGCCAAGATTAA	0	15739
CACGAGCCAAGATTAA	0	15740
CACGTACCAAGATTAA	0	15741
CACGTCCCAAGATTAA	0	15742
CATGTGCCAAGATTAA	0	15743
TACGTGCCAAGATTAA	0	15744
AACGTGCCAAGATTAC	0	15745
CACCTGCCAAGATTAC	0	15746
CACGAGCCAAGATTAC	0	15747
CACGTACCAAGATTAC	0	15748
CACGTCCCAAGATTAC	0	15749
CATGTGCCAAGATTAC	0	15750
GTAATCTTGGCACGTA	0	15751
ATAATCTCAACACATG	0	15752
ATAATCTCAACAGGTG	0	15753
ATAATCTCAACTCGTG	0	15754
ATAATCTCAAGACGTG	0	15755
ATAATCTCAATACGTG	0	15756
AACGTGAAGGGATTAG	0	15757
CACCTGAAGGGATTAG	0	15758
CACGAGAAGGGATTAG	0	15759
CACGTAAAGGGATTAG	0	15760
CACGTCAAGGGATTAG	0	15761
CATGTGAAGGGATTAG	0	15762
CTAATCCCTTCACGTA	0	15763
AACGTGCTGAGATTAG	0	15764
CACCTGCTGAGATTAG	0	15765
CACGAGCTGAGATTAG	0	15766
CACGTACTGAGATTAG	0	15767
CACGTCCTGAGATTAG	0	15768
CATGTGCTGAGATTAG	0	15769
CTAATCTCAGCACGTA	0	15770
ATAATCTAAACACATG	0	15771
ATAATCTAAACAGGTG	0	15772
ATAATCTAAAGACGTG	0	15773
ATAATCTAAATACGTG	0	15774
ATAATCTAAACTCGTG	0	15775
AACGTGCAGAGATTAA	0	15776
CACCTGCAGAGATTAA	0	15777
CACGAGCAGAGATTAA	0	15778
CACGTACAGAGATTAA	0	15779
CACGTCCAGAGATTAA	0	15780
CATGTGCAGAGATTAA	0	15781
TACGTGCAGAGATTAA	0	15782
AACGTGTTCAGATTAA	0	15783
CACCTGTTCAGATTAA	0	15784
CACGAGTTCAGATTAA	0	15785
CACGTATTCAGATTAA	0	15786
CACGTCTTCAGATTAA	0	15787
CATGTGTTCAGATTAA	0	15788
TACGTGTTCAGATTAA	0	15789
AACGTGAATGGATTAG	0	15790
CACCTGAATGGATTAG	0	15791
CACGAGAATGGATTAG	0	15792
CACGTAAATGGATTAG	0	15793
CACGTCAATGGATTAG	0	15794
CATGTGAATGGATTAG	0	15795
CTAATCCATTCACGTA	0	15796
ATAATCTCCACACATG	0	15797
ATAATCTCCACAGGTG	0	15798
ATAATCTCCACTCGTG	0	15799
ATAATCTCCAGACGTG	0	15800
ATAATCTCCATACGTG	0	15801
AACGTGCTTAGATTAG	0	15802
CACCTGCTTAGATTAG	0	15803
CACGAGCTTAGATTAG	0	15804
CACGTACTTAGATTAG	0	15805
CACGTCCTTAGATTAG	0	15806
CATGTGCTTAGATTAG	0	15807
CTAATCTAAGCACGTA	0	15808
AACGTGCAGAGATTAC	0	15809
CACCTGCAGAGATTAC	0	15810
CACGAGCAGAGATTAC	0	15811
CACGTACAGAGATTAC	0	15812
CACGTCCAGAGATTAC	0	15813
CATGTGCAGAGATTAC	0	15814
GTAATCTCTGCACGTA	0	15815
AACGTGTTCAGATTAC	0	15816
CACGTATTCAGATTAC	0	15817
CACGTCTTCAGATTAC	0	15818
GTAATCTGAACACGTA	0	15819
CACCTGTTCAGATTAC	0	15820
CACGAGTTCAGATTAC	0	15821
CATGTGTTCAGATTAC	0	15822
AACGTGCATAGATTAA	0	15823
CACCTGCATAGATTAA	0	15824
CACGAGCATAGATTAA	0	15825
CACGTACATAGATTAA	0	15826
CACGTCCATAGATTAA	0	15827
CATGTGCATAGATTAA	0	15828
TACGTGCATAGATTAA	0	15829
AACGTGCGGAGATTAG	0	15830
CACCTGCGGAGATTAG	0	15831
CACGAGCGGAGATTAG	0	15832
CACGTACGGAGATTAG	0	15833
CACGTCCGGAGATTAG	0	15834
CATGTGCGGAGATTAG	0	15835
CTAATCTCCGCACGTA	0	15836
AACGTGGTGGGATTAA	0	15837
CACCTGGTGGGATTAA	0	15838
CACGAGGTGGGATTAA	0	15839
CACGTAGTGGGATTAA	0	15840
CACGTCGTGGGATTAA	0	15841
CATGTGGTGGGATTAA	0	15842
TACGTGGTGGGATTAA	0	15843
ATAATCTGACCACATG	0	15844
ATAATCTGACCAGGTG	0	15845
ATAATCTGACGACGTG	0	15846
ATAATCTGACTACGTG	0	15847
ATAATCTGACCTCGTG	0	15848
ATAATCTACAGACGTG	0	15849
ATAATCTACATACGTG	0	15850
ATAATCTACACACATG	0	15851
ATAATCTACACAGGTG	0	15852
ATAATCTACACTCGTG	0	15853
AACGTGTGCAGATTAA	0	15854
CACCTGTGCAGATTAA	0	15855
CACGTATGCAGATTAA	0	15856
CACGTCTGCAGATTAA	0	15857
CATGTGTGCAGATTAA	0	15858
TACGTGTGCAGATTAA	0	15859
AACGTGCATAGATTAC	0	15860
CACCTGCATAGATTAC	0	15861
CACGAGCATAGATTAC	0	15862
CACGTACATAGATTAC	0	15863
CACGTCCATAGATTAC	0	15864
CATGTGCATAGATTAC	0	15865
GTAATCTATGCACGTA	0	15866
AACGTGGTGGGATTAC	0	15867
CACCTGGTGGGATTAC	0	15868
CACGAGGTGGGATTAC	0	15869
CACGTAGTGGGATTAC	0	15870
CACGTCGTGGGATTAC	0	15871
CATGTGGTGGGATTAC	0	15872
GTAATCCCACCACGTA	0	15873
AACGTGTCAGGATTAA	0	15874
CACCTGTCAGGATTAA	0	15875
CACGAGTCAGGATTAA	0	15876
CACGTATCAGGATTAA	0	15877
CACGTCTCAGGATTAA	0	15878
CATGTGTCAGGATTAA	0	15879
TACGTGTCAGGATTAA	0	15880
AACGTGCGTAGATTAG	0	15881
CACCTGCGTAGATTAG	0	15882
CACGAGCGTAGATTAG	0	15883
CACGTACGTAGATTAG	0	15884
CACGTCCGTAGATTAG	0	15885
CATGTGCGTAGATTAG	0	15886
CTAATCTACGCACGTA	0	15887
AACGTGGTTGGATTAA	0	15888
CACCTGGTTGGATTAA	0	15889
CACGAGGTTGGATTAA	0	15890
CACGTAGTTGGATTAA	0	15891
CACGTCGTTGGATTAA	0	15892
CATGTGGTTGGATTAA	0	15893
TACGTGGTTGGATTAA	0	15894
AACGTGTGCAGATTAC	0	15895
GTAATCTGCACACGTA	0	15896
CACCTGTGCAGATTAC	0	15897
CACGAGTGCAGATTAC	0	15898
CACGTATGCAGATTAC	0	15899
CACGTCTGCAGATTAC	0	15900
CATGTGTGCAGATTAC	0	15901
AACGTGGGGGGATTAA	0	15902
CACCTGGGGGGATTAA	0	15903
CACGAGGGGGGATTAA	0	15904
CACGTAGGGGGATTAA	0	15905
CACGTCGGGGGATTAA	0	15906
CATGTGGGGGGATTAA	0	15907
TACGTGGGGGGATTAA	0	15908
ATAATCTGCCCAGGTG	0	15909
ATAATCTGCCGACGTG	0	15910
ATAATCTGCCTACGTG	0	15911
ATAATCTGCCCACATG	0	15912
ATAATCTGCCCTCGTG	0	15913
AACGTGTCAGGATTAC	0	15914
CACCTGTCAGGATTAC	0	15915
CACGAGTCAGGATTAC	0	15916
CACGTATCAGGATTAC	0	15917
CACGTCTCAGGATTAC	0	15918
CATGTGTCAGGATTAC	0	15919
GTAATCCTGACACGTA	0	15920
AACGTGGTTGGATTAC	0	15921
CACCTGGTTGGATTAC	0	15922
CACGAGGTTGGATTAC	0	15923
CACGTAGTTGGATTAC	0	15924
CACGTCGTTGGATTAC	0	15925
CATGTGGTTGGATTAC	0	15926
GTAATCCAACCACGTA	0	15927
ATAATCCTGCCACATG	0	15928
ATAATCCTGCCAGGTG	0	15929
ATAATCCTGCCTCGTG	0	15930
ATAATCCTGCGACGTG	0	15931
ATAATCCTGCTACGTG	0	15932
AACGTGGGGGGATTAC	0	15933
CACCTGGGGGGATTAC	0	15934
CACGAGGGGGGATTAC	0	15935
CACGTAGGGGGATTAC	0	15936
CACGTCGGGGGATTAC	0	15937
CATGTGGGGGGATTAC	0	15938
GTAATCCCCCCACGTA	0	15939
AACGTGGGTGGATTAA	0	15940
CACCTGGGTGGATTAA	0	15941
CACGAGGGTGGATTAA	0	15942
CACGTAGGTGGATTAA	0	15943
CACGTCGGTGGATTAA	0	15944
CATGTGGGTGGATTAA	0	15945
TACGTGGGTGGATTAA	0	15946
ATAATCTCGTCACATG	0	15947
ATAATCTCGTCAGGTG	0	15948
ATAATCTCGTCTCGTG	0	15949
ATAATCTCGTGACGTG	0	15950
ATAATCTCGTTACGTG	0	15951
AACGTGTTGGGATTAG	0	15952
CACCTGTTGGGATTAG	0	15953
CACGAGTTGGGATTAG	0	15954
CACGTATTGGGATTAG	0	15955
CACGTCTTGGGATTAG	0	15956
CATGTGTTGGGATTAG	0	15957
CTAATCCCAACACGTA	0	15958
AACGTGTAGGGATTAA	0	15959
CACCTGTAGGGATTAA	0	15960
CACGAGTAGGGATTAA	0	15961
CACGTATAGGGATTAA	0	15962
CACGTCTAGGGATTAA	0	15963
CATGTGTAGGGATTAA	0	15964
TACGTGTAGGGATTAA	0	15965
ATAATCTGTACACATG	0	15966
ATAATCTGTACAGGTG	0	15967
ATAATCTGTACTCGTG	0	15968
ATAATCTGTAGACGTG	0	15969
ATAATCTGTATACGTG	0	15970
AACGTGGGTGGATTAC	0	15971
CACCTGGGTGGATTAC	0	15972
CACGAGGGTGGATTAC	0	15973
CACGTAGGTGGATTAC	0	15974
CACGTCGGTGGATTAC	0	15975
CATGTGGGTGGATTAC	0	15976
GTAATCCACCCACGTA	0	15977
ATAATCTAGTCACATG	0	15978
ATAATCTAGTCAGGTG	0	15979
ATAATCTAGTCTCGTG	0	15980
ATAATCTAGTGACGTG	0	15981
ATAATCTAGTTACGTG	0	15982
AACGTGACCAGATTAA	0	15983
CACCTGACCAGATTAA	0	15984
CACGAGACCAGATTAA	0	15985
CACGTAACCAGATTAA	0	15986
CACGTCACCAGATTAA	0	15987
CATGTGACCAGATTAA	0	15988
TACGTGACCAGATTAA	0	15989
AACGTGTTTGGATTAG	0	15990
CACCTGTTTGGATTAG	0	15991
CACGAGTTTGGATTAG	0	15992
CACGTATTTGGATTAG	0	15993
CACGTCTTTGGATTAG	0	15994
CATGTGTTTGGATTAG	0	15995
CTAATCCAAACACGTA	0	15996
AACGTGTAGGGATTAC	0	15997
CACCTGTAGGGATTAC	0	15998
CACGAGTAGGGATTAC	0	15999
CACGTATAGGGATTAC	0	16000
CACGTCTAGGGATTAC	0	16001
CATGTGTAGGGATTAC	0	16002
GTAATCCCTACACGTA	0	16003
AACGTGCACAGATTAG	0	16004
CACCTGCACAGATTAG	0	16005
CACGAGCACAGATTAG	0	16006
CACGTACACAGATTAG	0	16007
CACGTCCACAGATTAG	0	16008
CATGTGCACAGATTAG	0	16009
CTAATCTGTGCACGTA	0	16010
AACGTGTATGGATTAA	0	16011
CACCTGTATGGATTAA	0	16012
CACGAGTATGGATTAA	0	16013
CACGTATATGGATTAA	0	16014
CACGTCTATGGATTAA	0	16015
CATGTGTATGGATTAA	0	16016
TACGTGTATGGATTAA	0	16017
AACGTGTGGGGATTAG	0	16018
CACCTGTGGGGATTAG	0	16019
CACGAGTGGGGATTAG	0	16020
CACGTATGGGGATTAG	0	16021
CACGTCTGGGGATTAG	0	16022
CATGTGTGGGGATTAG	0	16023
CTAATCCCCACACGTA	0	16024
ATAATCCCTCCACATG	0	16025
ATAATCCCTCCAGGTG	0	16026
ATAATCCCTCCTCGTG	0	16027
ATAATCCCTCGACGTG	0	16028
ATAATCCCTCTACGTG	0	16029
AACGTGACCAGATTAC	0	16030
CACCTGACCAGATTAC	0	16031
CACGAGACCAGATTAC	0	16032
CACGTAACCAGATTAC	0	16033
CACGTCACCAGATTAC	0	16034
CATGTGACCAGATTAC	0	16035
GTAATCTGGTCACGTA	0	16036
AACGTGTATGGATTAC	0	16037
CACCTGTATGGATTAC	0	16038
CACGAGTATGGATTAC	0	16039
CACGTATATGGATTAC	0	16040
CACGTCTATGGATTAC	0	16041
CATGTGTATGGATTAC	0	16042
GTAATCCATACACGTA	0	16043
AACGTGGTCGGATTAG	0	16044
CACCTGGTCGGATTAG	0	16045
CACGAGGTCGGATTAG	0	16046
CACGTAGTCGGATTAG	0	16047
CACGTCGTCGGATTAG	0	16048
CATGTGGTCGGATTAG	0	16049
CTAATCCGACCACGTA	0	16050
AACGTGTGTGGATTAG	0	16051
CACCTGTGTGGATTAG	0	16052
CACGAGTGTGGATTAG	0	16053
CACGTATGTGGATTAG	0	16054
CACGTCTGTGGATTAG	0	16055
CATGTGTGTGGATTAG	0	16056
CTAATCCACACACGTA	0	16057
ATAATCCATCCACATG	0	16058
ATAATCCATCCAGGTG	0	16059
ATAATCCATCCTCGTG	0	16060
ATAATCCATCGACGTG	0	16061
ATAATCCATCTACGTG	0	16062
AACGTGGACGGATTAA	0	16063
CACCTGGACGGATTAA	0	16064
CACGAGGACGGATTAA	0	16065
CACGTAGACGGATTAA	0	16066
CACGTCGACGGATTAA	0	16067
CATGTGGACGGATTAA	0	16068
TACGTGGACGGATTAA	0	16069
AACGTGATAAGATTAG	0	16070
CACCTGATAAGATTAG	0	16071
CACGAGATAAGATTAG	0	16072
CACGTAATAAGATTAG	0	16073
CACGTCATAAGATTAG	0	16074
CATGTGATAAGATTAG	0	16075
CTAATCTTATCACGTA	0	16076
AACGTGAAAAGATTAA	0	16077
CACCTGAAAAGATTAA	0	16078
CACGAGAAAAGATTAA	0	16079
CACGTAAAAAGATTAA	0	16080
CACGTCAAAAGATTAA	0	16081
CATGTGAAAAGATTAA	0	16082
TACGTGAAAAGATTAA	0	16083
AACGTGGACGGATTAC	0	16084
CACCTGGACGGATTAC	0	16085
CACGAGGACGGATTAC	0	16086
CACGTAGACGGATTAC	0	16087
CACGTCGACGGATTAC	0	16088
CATGTGGACGGATTAC	0	16089
GTAATCCGTCCACGTA	0	16090
AACGTGAAAAGATTAC	0	16091
CACCTGAAAAGATTAC	0	16092
CACGAGAAAAGATTAC	0	16093
CACGTAAAAAGATTAC	0	16094
CACGTCAAAAGATTAC	0	16095
CATGTGAAAAGATTAC	0	16096
GTAATCTTTTCACGTA	0	16097
AACGTGGGCGGATTAG	0	16098
CACCTGGGCGGATTAG	0	16099
CACGAGGGCGGATTAG	0	16100
CACGTAGGCGGATTAG	0	16101
CACGTCGGCGGATTAG	0	16102
CATGTGGGCGGATTAG	0	16103
CTAATCCGCCCACGTA	0	16104
AACGTGAGAAGATTAG	0	16105
CACCTGAGAAGATTAG	0	16106
CACGAGAGAAGATTAG	0	16107
CACGTAAGAAGATTAG	0	16108
CACGTCAGAAGATTAG	0	16109
CATGTGAGAAGATTAG	0	16110
CTAATCTTCTCACGTA	0	16111
AACGTGACGGGATTAG	0	16112
CACCTGACGGGATTAG	0	16113
CACGAGACGGGATTAG	0	16114
CACGTAACGGGATTAG	0	16115
CACGTCACGGGATTAG	0	16116
CATGTGACGGGATTAG	0	16117
CTAATCCCGTCACGTA	0	16118
AACGTGTACGGATTAG	0	16119
CACCTGTACGGATTAG	0	16120
CACGAGTACGGATTAG	0	16121
CACGTATACGGATTAG	0	16122
CACGTCTACGGATTAG	0	16123
CATGTGTACGGATTAG	0	16124
CTAATCCGTACACGTA	0	16125
AACGTGCCGAGATTAA	0	16126
CACCTGCCGAGATTAA	0	16127
CACGAGCCGAGATTAA	0	16128
CACGTACCGAGATTAA	0	16129
CACGTCCCGAGATTAA	0	16130
CATGTGCCGAGATTAA	0	16131
TACGTGCCGAGATTAA	0	16132
AACGTGACTGGATTAG	0	16133
CACGTAACTGGATTAG	0	16134
CACGTCACTGGATTAG	0	16135
CTAATCCAGTCACGTA	0	16136
CACCTGACTGGATTAG	0	16137
CACGAGACTGGATTAG	0	16138
CATGTGACTGGATTAG	0	16139
AACGTGCCGAGATTAC	0	16140
CACCTGCCGAGATTAC	0	16141
CACGAGCCGAGATTAC	0	16142
CACGTACCGAGATTAC	0	16143
CACGTCCCGAGATTAC	0	16144
CATGTGCCGAGATTAC	0	16145
GTAATCTCGGCACGTA	0	16146
AACGTGCCTAGATTAA	0	16147
CACCTGCCTAGATTAA	0	16148
CACGAGCCTAGATTAA	0	16149
CACGTACCTAGATTAA	0	16150
CACGTCCCTAGATTAA	0	16151
CATGTGCCTAGATTAA	0	16152
TACGTGCCTAGATTAA	0	16153
AACGTGCCTAGATTAC	0	16154
CACGTACCTAGATTAC	0	16155
CACGTCCCTAGATTAC	0	16156
GTAATCTAGGCACGTA	0	16157
CACCTGCCTAGATTAC	0	16158
CACGAGCCTAGATTAC	0	16159
CATGTGCCTAGATTAC	0	16160
AACGTGTTAAGATTAA	0	16161
CACCTGTTAAGATTAA	0	16162
CACGAGTTAAGATTAA	0	16163
CACGTATTAAGATTAA	0	16164
CACGTCTTAAGATTAA	0	16165
CATGTGTTAAGATTAA	0	16166
TACGTGTTAAGATTAA	0	16167
AACGTGTTAAGATTAC	0	16168
CACCTGTTAAGATTAC	0	16169
CACGAGTTAAGATTAC	0	16170
CACGTATTAAGATTAC	0	16171
CACGTCTTAAGATTAC	0	16172
CATGTGTTAAGATTAC	0	16173
GTAATCTTAACACGTA	0	16174
ATAATCTTACCACATG	0	16175
ATAATCTTACCAGGTG	0	16176
ATAATCTTACCTCGTG	0	16177
ATAATCTTACGACGTG	0	16178
ATAATCTTACTACGTG	0	16179
AACGTGTGAAGATTAA	0	16180
CACCTGTGAAGATTAA	0	16181
CACGAGTGAAGATTAA	0	16182
CACGTATGAAGATTAA	0	16183
CACGTCTGAAGATTAA	0	16184
CATGTGTGAAGATTAA	0	16185
TACGTGTGAAGATTAA	0	16186
AACGTGTGAAGATTAC	0	16187
CACCTGTGAAGATTAC	0	16188
CACGAGTGAAGATTAC	0	16189
CACGTATGAAGATTAC	0	16190
CACGTCTGAAGATTAC	0	16191
CATGTGTGAAGATTAC	0	16192
GTAATCTTCACACGTA	0	16193
AACGTGTCGGGATTAA	0	16194
TACGTGTCGGGATTAA	0	16195
CACCTGTCGGGATTAA	0	16196
CACGAGTCGGGATTAA	0	16197
CACGTATCGGGATTAA	0	16198
CACGTCTCGGGATTAA	0	16199
CATGTGTCGGGATTAA	0	16200
ATAATCTGGACACATG	0	16201
ATAATCTGGACAGGTG	0	16202
ATAATCTGGACTCGTG	0	16203
ATAATCTGGAGACGTG	0	16204
ATAATCTGGATACGTG	0	16205
ATAATCTTCCCACATG	0	16206
ATAATCTTCCCAGGTG	0	16207
ATAATCTTCCCTCGTG	0	16208
ATAATCTTCCGACGTG	0	16209
ATAATCTTCCTACGTG	0	16210
AACGTGTCGGGATTAC	0	16211
CACCTGTCGGGATTAC	0	16212
CACGAGTCGGGATTAC	0	16213
CACGTATCGGGATTAC	0	16214
CACGTCTCGGGATTAC	0	16215
CATGTGTCGGGATTAC	0	16216
GTAATCCCGACACGTA	0	16217
AACGTGCCCAGATTAG	0	16218
CACCTGCCCAGATTAG	0	16219
CACGAGCCCAGATTAG	0	16220
CACGTACCCAGATTAG	0	16221
CACGTCCCCAGATTAG	0	16222
CATGTGCCCAGATTAG	0	16223
CTAATCTGGGCACGTA	0	16224
AACGTGTCTGGATTAA	0	16225
CACCTGTCTGGATTAA	0	16226
CACGAGTCTGGATTAA	0	16227
CACGTATCTGGATTAA	0	16228
CACGTCTCTGGATTAA	0	16229
TACGTGTCTGGATTAA	0	16230
ATAATCCCGCCACATG	0	16231
ATAATCCCGCCAGGTG	0	16232
ATAATCCCGCCTCGTG	0	16233
ATAATCCCGCGACGTG	0	16234
ATAATCCCGCTACGTG	0	16235
AACGTGTCTGGATTAC	0	16236
CACCTGTCTGGATTAC	0	16237
CACGAGTCTGGATTAC	0	16238
CACGTATCTGGATTAC	0	16239
CACGTCTCTGGATTAC	0	16240
CATGTGTCTGGATTAC	0	16241
GTAATCCAGACACGTA	0	16242
ATAATCTTTACACATG	0	16243
ATAATCTTTACAGGTG	0	16244
ATAATCTTTACTCGTG	0	16245
ATAATCTTTAGACGTG	0	16246
ATAATCTTTATACGTG	0	16247
ATAATCCAGCCACATG	0	16248
ATAATCCAGCCAGGTG	0	16249
ATAATCCAGCCTCGTG	0	16250
ATAATCCAGCGACGTG	0	16251
ATAATCCAGCTACGTG	0	16252
AACGTGGCCGGATTAA	0	16253
CACCTGGCCGGATTAA	0	16254
CACGAGGCCGGATTAA	0	16255
CACGTAGCCGGATTAA	0	16256
CACGTCGCCGGATTAA	0	16257
CATGTGGCCGGATTAA	0	16258
TACGTGGCCGGATTAA	0	16259
AACGTGACAAGATTAA	0	16260
CACCTGACAAGATTAA	0	16261
CACGAGACAAGATTAA	0	16262
CACGTAACAAGATTAA	0	16263
CACGTCACAAGATTAA	0	16264
CATGTGACAAGATTAA	0	16265
TACGTGACAAGATTAA	0	16266
AACGTGCAAAGATTAG	0	16267
CACCTGCAAAGATTAG	0	16268
CACGAGCAAAGATTAG	0	16269
CACGTACAAAGATTAG	0	16270
CACGTCCAAAGATTAG	0	16271
CATGTGCAAAGATTAG	0	16272
CTAATCTTTGCACGTA	0	16273
AACGTGGCCGGATTAC	0	16274
CACCTGGCCGGATTAC	0	16275
CACGAGGCCGGATTAC	0	16276
CACGTAGCCGGATTAC	0	16277
CACGTCGCCGGATTAC	0	16278
CATGTGGCCGGATTAC	0	16279
GTAATCCGGCCACGTA	0	16280
AACGTGACAAGATTAC	0	16281
CACCTGACAAGATTAC	0	16282
CACGTAACAAGATTAC	0	16283
CACGTCACAAGATTAC	0	16284
CATGTGACAAGATTAC	0	16285
GTAATCTTGTCACGTA	0	16286
CACGAGACAAGATTAC	0	16287
AACGTGGTAGGATTAG	0	16288
CACGAGGTAGGATTAG	0	16289
CACGTAGTAGGATTAG	0	16290
CACGTCGTAGGATTAG	0	16291
CATGTGGTAGGATTAG	0	16292
CTAATCCTACCACGTA	0	16293
AACGTGGAAGGATTAA	0	16294
CACCTGGAAGGATTAA	0	16295
CACGAGGAAGGATTAA	0	16296
CACGTAGAAGGATTAA	0	16297
CACGTCGAAGGATTAA	0	16298
CATGTGGAAGGATTAA	0	16299
TACGTGGAAGGATTAA	0	16300
AACGTGATGAGATTAG	0	16301
CACCTGATGAGATTAG	0	16302
CACGAGATGAGATTAG	0	16303
CACGTAATGAGATTAG	0	16304
CACGTCATGAGATTAG	0	16305
CATGTGATGAGATTAG	0	16306
CTAATCTCATCACGTA	0	16307
AACGTGAAGAGATTAA	0	16308
TACGTGAAGAGATTAA	0	16309
CACCTGAAGAGATTAA	0	16310
CACGAGAAGAGATTAA	0	16311
CACGTAAAGAGATTAA	0	16312
CACGTCAAGAGATTAA	0	16313
CATGTGAAGAGATTAA	0	16314
AACGTGGAAGGATTAC	0	16315
CACCTGGAAGGATTAC	0	16316
CACGTAGAAGGATTAC	0	16317
CACGTCGAAGGATTAC	0	16318
CATGTGGAAGGATTAC	0	16319
GTAATCCTTCCACGTA	0	16320
CACGAGGAAGGATTAC	0	16321
AACGTGTCCGGATTAG	0	16322
CACCTGTCCGGATTAG	0	16323
CACGAGTCCGGATTAG	0	16324
CACGTATCCGGATTAG	0	16325
CACGTCTCCGGATTAG	0	16326
CATGTGTCCGGATTAG	0	16327
CTAATCCGGACACGTA	0	16328
AACGTGGGAGGATTAG	0	16329
CACCTGGGAGGATTAG	0	16330
CACGAGGGAGGATTAG	0	16331
CACGTAGGAGGATTAG	0	16332
CACGTCGGAGGATTAG	0	16333
CATGTGGGAGGATTAG	0	16334
CTAATCCTCCCACGTA	0	16335
AACGTGATTAGATTAG	0	16336
CACCTGATTAGATTAG	0	16337
CACGTAATTAGATTAG	0	16338
CACGTCATTAGATTAG	0	16339
CATGTGATTAGATTAG	0	16340
CTAATCTAATCACGTA	0	16341
CACGAGATTAGATTAG	0	16342
AACGTGAAGAGATTAC	0	16343
CACCTGAAGAGATTAC	0	16344
CACGAGAAGAGATTAC	0	16345
CACGTAAAGAGATTAC	0	16346
CACGTCAAGAGATTAC	0	16347
CATGTGAAGAGATTAC	0	16348
GTAATCTCTTCACGTA	0	16349
AACGTGAATAGATTAA	0	16350
CACCTGAATAGATTAA	0	16351
CACGAGAATAGATTAA	0	16352
CACGTAAATAGATTAA	0	16353
CACGTCAATAGATTAA	0	16354
CATGTGAATAGATTAA	0	16355
TACGTGAATAGATTAA	0	16356
AACGTGAGGAGATTAG	0	16357
CACCTGAGGAGATTAG	0	16358
CACGAGAGGAGATTAG	0	16359
CACGTAAGGAGATTAG	0	16360
CACGTCAGGAGATTAG	0	16361
CATGTGAGGAGATTAG	0	16362
CTAATCTCCTCACGTA	0	16363
AACGTGAATAGATTAC	0	16364
CACCTGAATAGATTAC	0	16365
CACGAGAATAGATTAC	0	16366
CACGTAAATAGATTAC	0	16367
CACGTCAATAGATTAC	0	16368
CATGTGAATAGATTAC	0	16369
GTAATCTATTCACGTA	0	16370
AACGTGAGTAGATTAG	0	16371
CTAATCTACTCACGTA	0	16372
CACCTGAGTAGATTAG	0	16373
CACGAGAGTAGATTAG	0	16374
CACGTAAGTAGATTAG	0	16375
CACGTCAGTAGATTAG	0	16376
CATGTGAGTAGATTAG	0	16377
AACGTGTAAGGATTAG	0	16378
CACCTGTAAGGATTAG	0	16379
CACGAGTAAGGATTAG	0	16380
CACGTATAAGGATTAG	0	16381
CACGTCTAAGGATTAG	0	16382
CATGTGTAAGGATTAG	0	16383
CTAATCCTTACACGTA	0	16384
AACGTGTTGAGATTAA	0	16385
TACGTGTTGAGATTAA	0	16386
CACCTGTTGAGATTAA	0	16387
CACGAGTTGAGATTAA	0	16388
CACGTATTGAGATTAA	0	16389
CACGTCTTGAGATTAA	0	16390
CATGTGTTGAGATTAA	0	16391
AACGTGAACAGATTAG	0	16392
CACCTGAACAGATTAG	0	16393
CACGAGAACAGATTAG	0	16394
CACGTAAACAGATTAG	0	16395
CACGTCAACAGATTAG	0	16396
CATGTGAACAGATTAG	0	16397
CTAATCTGTTCACGTA	0	16398
AACGTGTTGAGATTAC	0	16399
CACCTGTTGAGATTAC	0	16400
CACGAGTTGAGATTAC	0	16401
CACGTATTGAGATTAC	0	16402
CACGTCTTGAGATTAC	0	16403
CATGTGTTGAGATTAC	0	16404
GTAATCTCAACACGTA	0	16405
AACGTGTTTAGATTAA	0	16406
CACCTGTTTAGATTAA	0	16407
CACGAGTTTAGATTAA	0	16408
CACGTATTTAGATTAA	0	16409
CACGTCTTTAGATTAA	0	16410
CATGTGTTTAGATTAA	0	16411
TACGTGTTTAGATTAA	0	16412
ATAATCTCACCACATG	0	16413
ATAATCTCACCAGGTG	0	16414
ATAATCTCACCTCGTG	0	16415
ATAATCTCACGACGTG	0	16416
ATAATCTCACTACGTG	0	16417
AACGTGTGGAGATTAA	0	16418
CACCTGTGGAGATTAA	0	16419
CACGAGTGGAGATTAA	0	16420
CACGTATGGAGATTAA	0	16421
CACGTCTGGAGATTAA	0	16422
CATGTGTGGAGATTAA	0	16423
TACGTGTGGAGATTAA	0	16424
AACGTGTTTAGATTAC	0	16425
CACCTGTTTAGATTAC	0	16426
CACGAGTTTAGATTAC	0	16427
CACGTATTTAGATTAC	0	16428
CACGTCTTTAGATTAC	0	16429
CATGTGTTTAGATTAC	0	16430
GTAATCTAAACACGTA	0	16431
ATAATCTTGACACATG	0	16432
ATAATCTTGACAGGTG	0	16433
ATAATCTTGACTCGTG	0	16434
ATAATCTTGAGACGTG	0	16435
ATAATCTTGATACGTG	0	16436
ATAATCTAACCACATG	0	16437
ATAATCTAACCAGGTG	0	16438
ATAATCTAACCTCGTG	0	16439
ATAATCTAACGACGTG	0	16440
ATAATCTAACTACGTG	0	16441
AACGTGTGGAGATTAC	0	16442
CACCTGTGGAGATTAC	0	16443
CACGAGTGGAGATTAC	0	16444
CACGTATGGAGATTAC	0	16445
CACGTCTGGAGATTAC	0	16446
CATGTGTGGAGATTAC	0	16447
GTAATCTCCACACGTA	0	16448
AACGTGGTCAGATTAA	0	16449
CACCTGGTCAGATTAA	0	16450
CACGAGGTCAGATTAA	0	16451
CACGTAGTCAGATTAA	0	16452
CACGTCGTCAGATTAA	0	16453
CATGTGGTCAGATTAA	0	16454
TACGTGGTCAGATTAA	0	16455
AACGTGTGTAGATTAA	0	16456
CACCTGTGTAGATTAA	0	16457
CACGAGTGTAGATTAA	0	16458
CACGTATGTAGATTAA	0	16459
CACGTCTGTAGATTAA	0	16460
CATGTGTGTAGATTAA	0	16461
TACGTGTGTAGATTAA	0	16462
ATAATCTCCCCACATG	0	16463
ATAATCTCCCCAGGTG	0	16464
ATAATCTCCCCTCGTG	0	16465
ATAATCTCCCGACGTG	0	16466
ATAATCTCCCTACGTG	0	16467
AACGTGCCAAGATTAG	0	16468
CTAATCTTGGCACGTA	0	16469
CACCTGCCAAGATTAG	0	16470
CACGAGCCAAGATTAG	0	16471
CACGTACCAAGATTAG	0	16472
CACGTCCCAAGATTAG	0	16473
CATGTGCCAAGATTAG	0	16474
AACGTGGTCAGATTAC	0	16475
CACCTGGTCAGATTAC	0	16476
CACGAGGTCAGATTAC	0	16477
CACGTAGTCAGATTAC	0	16478
CACGTCGTCAGATTAC	0	16479
CATGTGGTCAGATTAC	0	16480
GTAATCTGACCACGTA	0	16481
AACGTGTGTAGATTAC	0	16482
CACCTGTGTAGATTAC	0	16483
CACGAGTGTAGATTAC	0	16484
CACGTATGTAGATTAC	0	16485
CACGTCTGTAGATTAC	0	16486
CATGTGTGTAGATTAC	0	16487
GTAATCTACACACGTA	0	16488
ATAATCTACCCACATG	0	16489
ATAATCTACCCAGGTG	0	16490
ATAATCTACCCTCGTG	0	16491
ATAATCTACCGACGTG	0	16492
ATAATCTACCTACGTG	0	16493
AACGTGGGCAGATTAA	0	16494
CACCTGGGCAGATTAA	0	16495
CACGAGGGCAGATTAA	0	16496
CACGTAGGCAGATTAA	0	16497
CACGTCGGCAGATTAA	0	16498
CATGTGGGCAGATTAA	0	16499
TACGTGGGCAGATTAA	0	16500
ATAATCTCTACACATG	0	16501
ATAATCTCTACAGGTG	0	16502
ATAATCTCTACTCGTG	0	16503
ATAATCTCTAGACGTG	0	16504
ATAATCTCTATACGTG	0	16505
AACGTGGCAGGATTAA	0	16506
CACCTGGCAGGATTAA	0	16507
CACGAGGCAGGATTAA	0	16508
CACGTAGCAGGATTAA	0	16509
CACGTCGCAGGATTAA	0	16510
CATGTGGCAGGATTAA	0	16511
TACGTGGCAGGATTAA	0	16512
AACGTGGGCAGATTAC	0	16513
CACCTGGGCAGATTAC	0	16514
CACGAGGGCAGATTAC	0	16515
CACGTAGGCAGATTAC	0	16516
CACGTCGGCAGATTAC	0	16517
CATGTGGGCAGATTAC	0	16518
GTAATCTGCCCACGTA	0	16519
AACGTGACGAGATTAA	0	16520
CACCTGACGAGATTAA	0	16521
CACGAGACGAGATTAA	0	16522
CACGTAACGAGATTAA	0	16523
CACGTCACGAGATTAA	0	16524
CATGTGACGAGATTAA	0	16525
TACGTGACGAGATTAA	0	16526
AACGTGCAGAGATTAG	0	16527
CACCTGCAGAGATTAG	0	16528
CACGAGCAGAGATTAG	0	16529
CACGTACAGAGATTAG	0	16530
CACGTCCAGAGATTAG	0	16531
CATGTGCAGAGATTAG	0	16532
CTAATCTCTGCACGTA	0	16533
AACGTGTTCAGATTAG	0	16534
CACCTGTTCAGATTAG	0	16535
CACGAGTTCAGATTAG	0	16536
CACGTATTCAGATTAG	0	16537
CACGTCTTCAGATTAG	0	16538
CATGTGTTCAGATTAG	0	16539
CTAATCTGAACACGTA	0	16540
ATAATCTATACACATG	0	16541
ATAATCTATACAGGTG	0	16542
ATAATCTATACTCGTG	0	16543
ATAATCTATAGACGTG	0	16544
ATAATCTATATACGTG	0	16545
AACGTGGCAGGATTAC	0	16546
CACCTGGCAGGATTAC	0	16547
CACGAGGCAGGATTAC	0	16548
CACGTAGCAGGATTAC	0	16549
CACGTCGCAGGATTAC	0	16550
CATGTGGCAGGATTAC	0	16551
GTAATCCTGCCACGTA	0	16552
AACGTGTACAGATTAA	0	16553
CACCTGTACAGATTAA	0	16554
CACGAGTACAGATTAA	0	16555
CACGTATACAGATTAA	0	16556
CACGTCTACAGATTAA	0	16557
CATGTGTACAGATTAA	0	16558
TACGTGTACAGATTAA	0	16559
AACGTGACGAGATTAC	0	16560
CACCTGACGAGATTAC	0	16561
CACGAGACGAGATTAC	0	16562
CACGTAACGAGATTAC	0	16563
CACGTCACGAGATTAC	0	16564
CATGTGACGAGATTAC	0	16565
GTAATCTCGTCACGTA	0	16566
AACGTGACTAGATTAA	0	16567
CACCTGACTAGATTAA	0	16568
CACGTAACTAGATTAA	0	16569
CACGTCACTAGATTAA	0	16570
TACGTGACTAGATTAA	0	16571
CACGAGACTAGATTAA	0	16572
CATGTGACTAGATTAA	0	16573
AACGTGCATAGATTAG	0	16574
CACCTGCATAGATTAG	0	16575
CACGAGCATAGATTAG	0	16576
CACGTACATAGATTAG	0	16577
CACGTCCATAGATTAG	0	16578
CATGTGCATAGATTAG	0	16579
CTAATCTATGCACGTA	0	16580
AACGTGTACAGATTAC	0	16581
CACCTGTACAGATTAC	0	16582
CACGAGTACAGATTAC	0	16583
CACGTATACAGATTAC	0	16584
CACGTCTACAGATTAC	0	16585
CATGTGTACAGATTAC	0	16586
GTAATCTGTACACGTA	0	16587
AACGTGGTGGGATTAG	0	16588
CACCTGGTGGGATTAG	0	16589
CACGAGGTGGGATTAG	0	16590
CACGTAGTGGGATTAG	0	16591
CACGTCGTGGGATTAG	0	16592
CATGTGGTGGGATTAG	0	16593
CTAATCCCACCACGTA	0	16594
AACGTGTGCAGATTAG	0	16595
CACCTGTGCAGATTAG	0	16596
CACGAGTGCAGATTAG	0	16597
CACGTATGCAGATTAG	0	16598
CACGTCTGCAGATTAG	0	16599
CATGTGTGCAGATTAG	0	16600
CTAATCTGCACACGTA	0	16601
AACGTGGAGGGATTAA	0	16602
CACCTGGAGGGATTAA	0	16603
CACGAGGAGGGATTAA	0	16604
CACGTAGAGGGATTAA	0	16605
CACGTCGAGGGATTAA	0	16606
CATGTGGAGGGATTAA	0	16607
TACGTGGAGGGATTAA	0	16608
ATAATCTGTCCACATG	0	16609
ATAATCTGTCCAGGTG	0	16610
ATAATCTGTCCTCGTG	0	16611
ATAATCTGTCGACGTG	0	16612
ATAATCTGTCTACGTG	0	16613
AACGTGACTAGATTAC	0	16614
CACCTGACTAGATTAC	0	16615
CACGAGACTAGATTAC	0	16616
CACGTAACTAGATTAC	0	16617
CACGTCACTAGATTAC	0	16618
CATGTGACTAGATTAC	0	16619
GTAATCTAGTCACGTA	0	16620
AACGTGTCAGGATTAG	0	16621
CACCTGTCAGGATTAG	0	16622
CACGAGTCAGGATTAG	0	16623
CACGTATCAGGATTAG	0	16624
CACGTCTCAGGATTAG	0	16625
CATGTGTCAGGATTAG	0	16626
CTAATCCTGACACGTA	0	16627
AACGTGGTTGGATTAG	0	16628
CACCTGGTTGGATTAG	0	16629
CACGAGGTTGGATTAG	0	16630
CACGTAGTTGGATTAG	0	16631
CACGTCGTTGGATTAG	0	16632
CATGTGGTTGGATTAG	0	16633
CTAATCCAACCACGTA	0	16634
AACGTGGAGGGATTAC	0	16635
CACCTGGAGGGATTAC	0	16636
CACGAGGAGGGATTAC	0	16637
CACGTAGAGGGATTAC	0	16638
CACGTCGAGGGATTAC	0	16639
CATGTGGAGGGATTAC	0	16640
GTAATCCCTCCACGTA	0	16641
AACGTGGATGGATTAA	0	16642
CACCTGGATGGATTAA	0	16643
CACGTAGATGGATTAA	0	16644
CACGTCGATGGATTAA	0	16645
CATGTGGATGGATTAA	0	16646
TACGTGGATGGATTAA	0	16647
CACGAGGATGGATTAA	0	16648
AACGTGGGGGGATTAG	0	16649
CACCTGGGGGGATTAG	0	16650
CACGAGGGGGGATTAG	0	16651
CACGTAGGGGGATTAG	0	16652
CACGTCGGGGGATTAG	0	16653
CATGTGGGGGGATTAG	0	16654
CTAATCCCCCCACGTA	0	16655
AACGTGGATGGATTAC	0	16656
CACCTGGATGGATTAC	0	16657
CACGAGGATGGATTAC	0	16658
CACGTAGATGGATTAC	0	16659
CACGTCGATGGATTAC	0	16660
CATGTGGATGGATTAC	0	16661
GTAATCCATCCACGTA	0	16662
AACGTGGGTGGATTAG	0	16663
CACCTGGGTGGATTAG	0	16664
CACGAGGGTGGATTAG	0	16665
CACGTAGGTGGATTAG	0	16666
CACGTCGGTGGATTAG	0	16667
CATGTGGGTGGATTAG	0	16668
CTAATCCACCCACGTA	0	16669
AACGTGTAGGGATTAG	0	16670
CACCTGTAGGGATTAG	0	16671
CACGAGTAGGGATTAG	0	16672
CACGTATAGGGATTAG	0	16673
CACGTCTAGGGATTAG	0	16674
CATGTGTAGGGATTAG	0	16675
CTAATCCCTACACGTA	0	16676
AACGTGACCAGATTAG	0	16677
CACCTGACCAGATTAG	0	16678
CACGAGACCAGATTAG	0	16679
CACGTAACCAGATTAG	0	16680
CACGTCACCAGATTAG	0	16681
CATGTGACCAGATTAG	0	16682
CTAATCTGGTCACGTA	0	16683
AACGTGTATGGATTAG	0	16684
CACCTGTATGGATTAG	0	16685
CACGAGTATGGATTAG	0	16686
CACGTATATGGATTAG	0	16687
CACGTCTATGGATTAG	0	16688
CATGTGTATGGATTAG	0	16689
CTAATCCATACACGTA	0	16690
AACGTGGACGGATTAG	0	16691
CACCTGGACGGATTAG	0	16692
CACGAGGACGGATTAG	0	16693
CACGTAGACGGATTAG	0	16694
CACGTCGACGGATTAG	0	16695
CATGTGGACGGATTAG	0	16696
CTAATCCGTCCACGTA	0	16697
AACGTGAAAAGATTAG	0	16698
CACCTGAAAAGATTAG	0	16699
CACGAGAAAAGATTAG	0	16700
CACGTAAAAAGATTAG	0	16701
CACGTCAAAAGATTAG	0	16702
CATGTGAAAAGATTAG	0	16703
CTAATCTTTTCACGTA	0	16704
AACGTGGTAAGATTAA	0	16705
CACCTGGTAAGATTAA	0	16706
CACGAGGTAAGATTAA	0	16707
CACGTAGTAAGATTAA	0	16708
CACGTCGTAAGATTAA	0	16709
CATGTGGTAAGATTAA	0	16710
TACGTGGTAAGATTAA	0	16711
ATAATCTCGACACATG	0	16712
ATAATCTCGACAGGTG	0	16713
ATAATCTCGACTCGTG	0	16714
ATAATCTCGAGACGTG	0	16715
ATAATCTCGATACGTG	0	16716
AACGTGGTAAGATTAC	0	16717
CACCTGGTAAGATTAC	0	16718
CACGAGGTAAGATTAC	0	16719
CACGTAGTAAGATTAC	0	16720
CACGTCGTAAGATTAC	0	16721
CATGTGGTAAGATTAC	0	16722
GTAATCTTACCACGTA	0	16723
AACGTGCCGAGATTAG	0	16724
CACCTGCCGAGATTAG	0	16725
CACGTACCGAGATTAG	0	16726
CACGTCCCGAGATTAG	0	16727
CATGTGCCGAGATTAG	0	16728
CTAATCTCGGCACGTA	0	16729
CACGAGCCGAGATTAG	0	16730
ATAATCTAGACACATG	0	16731
ATAATCTAGACAGGTG	0	16732
ATAATCTAGACTCGTG	0	16733
ATAATCTAGAGACGTG	0	16734
ATAATCTAGATACGTG	0	16735
AACGTGTCCAGATTAA	0	16736
CACCTGTCCAGATTAA	0	16737
CACGAGTCCAGATTAA	0	16738
CACGTATCCAGATTAA	0	16739
CACGTCTCCAGATTAA	0	16740
CATGTGTCCAGATTAA	0	16741
TACGTGTCCAGATTAA	0	16742
AACGTGGGAAGATTAA	0	16743
CACCTGGGAAGATTAA	0	16744
CACGAGGGAAGATTAA	0	16745
CACGTAGGAAGATTAA	0	16746
CACGTCGGAAGATTAA	0	16747
CATGTGGGAAGATTAA	0	16748
TACGTGGGAAGATTAA	0	16749
AACGTGCCTAGATTAG	0	16750
CACCTGCCTAGATTAG	0	16751
CACGAGCCTAGATTAG	0	16752
CACGTACCTAGATTAG	0	16753
CACGTCCCTAGATTAG	0	16754
CATGTGCCTAGATTAG	0	16755
CTAATCTAGGCACGTA	0	16756
AACGTGTCCAGATTAC	0	16757
CACCTGTCCAGATTAC	0	16758
CACGAGTCCAGATTAC	0	16759
CACGTATCCAGATTAC	0	16760
CACGTCTCCAGATTAC	0	16761
CATGTGTCCAGATTAC	0	16762
GTAATCTGGACACGTA	0	16763
AACGTGGGAAGATTAC	0	16764
CACCTGGGAAGATTAC	0	16765
CACGAGGGAAGATTAC	0	16766
CACGTAGGAAGATTAC	0	16767
CACGTCGGAAGATTAC	0	16768
CATGTGGGAAGATTAC	0	16769
GTAATCTTCCCACGTA	0	16770
AACGTGGCGGGATTAA	0	16771
CACCTGGCGGGATTAA	0	16772
CACGAGGCGGGATTAA	0	16773
CACGTAGCGGGATTAA	0	16774
CACGTCGCGGGATTAA	0	16775
CATGTGGCGGGATTAA	0	16776
TACGTGGCGGGATTAA	0	16777
ATAATCTGGCCACATG	0	16778
ATAATCTGGCCAGGTG	0	16779
ATAATCTGGCCTCGTG	0	16780
ATAATCTGGCGACGTG	0	16781
ATAATCTGGCTACGTG	0	16782
AACGTGTTAAGATTAG	0	16783
CACCTGTTAAGATTAG	0	16784
CACGAGTTAAGATTAG	0	16785
CACGTATTAAGATTAG	0	16786
CACGTCTTAAGATTAG	0	16787
CATGTGTTAAGATTAG	0	16788
CTAATCTTAACACGTA	0	16789
AACGTGTAAAGATTAA	0	16790
CACCTGTAAAGATTAA	0	16791
CACGAGTAAAGATTAA	0	16792
CACGTATAAAGATTAA	0	16793
CACGTCTAAAGATTAA	0	16794
CATGTGTAAAGATTAA	0	16795
TACGTGTAAAGATTAA	0	16796
AACGTGGCGGGATTAC	0	16797
GTAATCCCGCCACGTA	0	16798
CACCTGGCGGGATTAC	0	16799
CACGAGGCGGGATTAC	0	16800
CACGTAGCGGGATTAC	0	16801
CACGTCGCGGGATTAC	0	16802
CATGTGGCGGGATTAC	0	16803
AACGTGGCTGGATTAA	0	16804
CACCTGGCTGGATTAA	0	16805
CACGAGGCTGGATTAA	0	16806
CACGTAGCTGGATTAA	0	16807
CACGTCGCTGGATTAA	0	16808
CATGTGGCTGGATTAA	0	16809
TACGTGGCTGGATTAA	0	16810
AACGTGTAAAGATTAC	0	16811
CACCTGTAAAGATTAC	0	16812
CACGAGTAAAGATTAC	0	16813
CACGTATAAAGATTAC	0	16814
CACGTCTAAAGATTAC	0	16815
CATGTGTAAAGATTAC	0	16816
GTAATCTTTACACGTA	0	16817
AACGTGGCTGGATTAC	0	16818
CACCTGGCTGGATTAC	0	16819
CACGAGGCTGGATTAC	0	16820
CACGTAGCTGGATTAC	0	16821
CACGTCGCTGGATTAC	0	16822
CATGTGGCTGGATTAC	0	16823
GTAATCCAGCCACGTA	0	16824
AACGTGTGAAGATTAG	0	16825
CACCTGTGAAGATTAG	0	16826
CACGAGTGAAGATTAG	0	16827
CACGTATGAAGATTAG	0	16828
CACGTCTGAAGATTAG	0	16829
CATGTGTGAAGATTAG	0	16830
CTAATCTTCACACGTA	0	16831
ATAATCTTTCCACATG	0	16832
ATAATCTTTCCAGGTG	0	16833
ATAATCTTTCCTCGTG	0	16834
ATAATCTTTCGACGTG	0	16835
ATAATCTTTCTACGTG	0	16836
AACGTGTCGGGATTAG	0	16837
CACCTGTCGGGATTAG	0	16838
CACGAGTCGGGATTAG	0	16839
CACGTATCGGGATTAG	0	16840
CACGTCTCGGGATTAG	0	16841
CATGTGTCGGGATTAG	0	16842
CTAATCCCGACACGTA	0	16843
AACGTGTCTGGATTAG	0	16844
CACCTGTCTGGATTAG	0	16845
CACGAGTCTGGATTAG	0	16846
CACGTATCTGGATTAG	0	16847
CACGTCTCTGGATTAG	0	16848
CATGTGTCTGGATTAG	0	16849
CTAATCCAGACACGTA	0	16850
AACGTGGCCGGATTAG	0	16851
CACCTGGCCGGATTAG	0	16852
CACGAGGCCGGATTAG	0	16853
CACGTAGCCGGATTAG	0	16854
CACGTCGCCGGATTAG	0	16855
CATGTGGCCGGATTAG	0	16856
CTAATCCGGCCACGTA	0	16857
AACGTGACAAGATTAG	0	16858
CACCTGACAAGATTAG	0	16859
CACGAGACAAGATTAG	0	16860
CACGTAACAAGATTAG	0	16861
CACGTCACAAGATTAG	0	16862
CATGTGACAAGATTAG	0	16863
CTAATCTTGTCACGTA	0	16864
AACGTGGAAGGATTAG	0	16865
CACCTGGAAGGATTAG	0	16866
CACGTAGAAGGATTAG	0	16867
CACGTCGAAGGATTAG	0	16868
CATGTGGAAGGATTAG	0	16869
CTAATCCTTCCACGTA	0	16870
AACGTGAAGAGATTAG	0	16871
CACCTGAAGAGATTAG	0	16872
CACGAGAAGAGATTAG	0	16873
CACGTAAAGAGATTAG	0	16874
CACGTCAAGAGATTAG	0	16875
CATGTGAAGAGATTAG	0	16876
CTAATCTCTTCACGTA	0	16877
AACGTGAATAGATTAG	0	16878
CTAATCTATTCACGTA	0	16879
CACCTGAATAGATTAG	0	16880
CACGAGAATAGATTAG	0	16881
CACGTAAATAGATTAG	0	16882
CACGTCAATAGATTAG	0	16883
CATGTGAATAGATTAG	0	16884
AACGTGGTGAGATTAA	0	16885
CACCTGGTGAGATTAA	0	16886
CACGAGGTGAGATTAA	0	16887
CACGTAGTGAGATTAA	0	16888
CACGTCGTGAGATTAA	0	16889
CATGTGGTGAGATTAA	0	16890
TACGTGGTGAGATTAA	0	16891
AACGTGGTGAGATTAC	0	16892
GTAATCTCACCACGTA	0	16893
CACCTGGTGAGATTAC	0	16894
CACGAGGTGAGATTAC	0	16895
CACGTAGTGAGATTAC	0	16896
CACGTCGTGAGATTAC	0	16897
CATGTGGTGAGATTAC	0	16898
AACGTGTCAAGATTAA	0	16899
CACCTGTCAAGATTAA	0	16900
CACGAGTCAAGATTAA	0	16901
CACGTATCAAGATTAA	0	16902
CACGTCTCAAGATTAA	0	16903
CATGTGTCAAGATTAA	0	16904
TACGTGTCAAGATTAA	0	16905
AACGTGGTTAGATTAA	0	16906
CACCTGGTTAGATTAA	0	16907
CACGAGGTTAGATTAA	0	16908
CACGTAGTTAGATTAA	0	16909
CACGTCGTTAGATTAA	0	16910
CATGTGGTTAGATTAA	0	16911
TACGTGGTTAGATTAA	0	16912
AACGTGGGGAGATTAA	0	16913
CACCTGGGGAGATTAA	0	16914
CACGAGGGGAGATTAA	0	16915
CACGTAGGGAGATTAA	0	16916
CACGTCGGGAGATTAA	0	16917
CATGTGGGGAGATTAA	0	16918
TACGTGGGGAGATTAA	0	16919
AACGTGTCAAGATTAC	0	16920
GTAATCTTGACACGTA	0	16921
CACCTGTCAAGATTAC	0	16922
CACGAGTCAAGATTAC	0	16923
CACGTATCAAGATTAC	0	16924
CACGTCTCAAGATTAC	0	16925
CATGTGTCAAGATTAC	0	16926
AACGTGGTTAGATTAC	0	16927
CACCTGGTTAGATTAC	0	16928
CACGAGGTTAGATTAC	0	16929
CACGTAGTTAGATTAC	0	16930
CACGTCGTTAGATTAC	0	16931
CATGTGGTTAGATTAC	0	16932
GTAATCTAACCACGTA	0	16933
ATAATCTTGCCAGGTG	0	16934
ATAATCTTGCGACGTG	0	16935
ATAATCTTGCTACGTG	0	16936
ATAATCTTGCCACATG	0	16937
ATAATCTTGCCTCGTG	0	16938
AACGTGGGGAGATTAC	0	16939
CACCTGGGGAGATTAC	0	16940
CACGAGGGGAGATTAC	0	16941
CACGTAGGGAGATTAC	0	16942
CACGTCGGGAGATTAC	0	16943
CATGTGGGGAGATTAC	0	16944
GTAATCTCCCCACGTA	0	16945
AACGTGGGTAGATTAA	0	16946
CACCTGGGTAGATTAA	0	16947
CACGAGGGTAGATTAA	0	16948
CACGTAGGTAGATTAA	0	16949
CACGTCGGTAGATTAA	0	16950
CATGTGGGTAGATTAA	0	16951
TACGTGGGTAGATTAA	0	16952
AACGTGTTGAGATTAG	0	16953
CACCTGTTGAGATTAG	0	16954
CACGAGTTGAGATTAG	0	16955
CACGTATTGAGATTAG	0	16956
CACGTCTTGAGATTAG	0	16957
CATGTGTTGAGATTAG	0	16958
CTAATCTCAACACGTA	0	16959
AACGTGTAGAGATTAA	0	16960
CACCTGTAGAGATTAA	0	16961
CACGAGTAGAGATTAA	0	16962
CACGTATAGAGATTAA	0	16963
CACGTCTAGAGATTAA	0	16964
CATGTGTAGAGATTAA	0	16965
TACGTGTAGAGATTAA	0	16966
AACGTGGGTAGATTAC	0	16967
CACCTGGGTAGATTAC	0	16968
CACGAGGGTAGATTAC	0	16969
CACGTAGGTAGATTAC	0	16970
CACGTCGGTAGATTAC	0	16971
CATGTGGGTAGATTAC	0	16972
GTAATCTACCCACGTA	0	16973
AACGTGTTTAGATTAG	0	16974
CTAATCTAAACACGTA	0	16975
CACCTGTTTAGATTAG	0	16976
CACGAGTTTAGATTAG	0	16977
CACGTATTTAGATTAG	0	16978
CACGTCTTTAGATTAG	0	16979
CATGTGTTTAGATTAG	0	16980
AACGTGTAGAGATTAC	0	16981
CACCTGTAGAGATTAC	0	16982
CACGAGTAGAGATTAC	0	16983
CACGTATAGAGATTAC	0	16984
CACGTCTAGAGATTAC	0	16985
CATGTGTAGAGATTAC	0	16986
GTAATCTCTACACGTA	0	16987
AACGTGTATAGATTAA	0	16988
CACCTGTATAGATTAA	0	16989
CACGAGTATAGATTAA	0	16990
CACGTATATAGATTAA	0	16991
CACGTCTATAGATTAA	0	16992
CATGTGTATAGATTAA	0	16993
TACGTGTATAGATTAA	0	16994
AACGTGTGGAGATTAG	0	16995
CACCTGTGGAGATTAG	0	16996
CACGAGTGGAGATTAG	0	16997
CACGTATGGAGATTAG	0	16998
CACGTCTGGAGATTAG	0	16999
CATGTGTGGAGATTAG	0	17000
CTAATCTCCACACGTA	0	17001
ATAATCTCTCCACATG	0	17002
ATAATCTCTCCAGGTG	0	17003
ATAATCTCTCCTCGTG	0	17004
ATAATCTCTCGACGTG	0	17005
ATAATCTCTCTACGTG	0	17006
AACGTGTATAGATTAC	0	17007
CACCTGTATAGATTAC	0	17008
CACGAGTATAGATTAC	0	17009
CACGTATATAGATTAC	0	17010
CACGTCTATAGATTAC	0	17011
CATGTGTATAGATTAC	0	17012
GTAATCTATACACGTA	0	17013
AACGTGGTCAGATTAG	0	17014
CTAATCTGACCACGTA	0	17015
CACCTGGTCAGATTAG	0	17016
CACGAGGTCAGATTAG	0	17017
CACGTAGTCAGATTAG	0	17018
CACGTCGTCAGATTAG	0	17019
CATGTGGTCAGATTAG	0	17020
AACGTGTGTAGATTAG	0	17021
CACCTGTGTAGATTAG	0	17022
CACGAGTGTAGATTAG	0	17023
CACGTATGTAGATTAG	0	17024
CACGTCTGTAGATTAG	0	17025
CATGTGTGTAGATTAG	0	17026
CTAATCTACACACGTA	0	17027
ATAATCTATCCACATG	0	17028
ATAATCTATCCAGGTG	0	17029
ATAATCTATCCTCGTG	0	17030
ATAATCTATCGACGTG	0	17031
ATAATCTATCTACGTG	0	17032
AACGTGGACAGATTAA	0	17033
CACCTGGACAGATTAA	0	17034
CACGAGGACAGATTAA	0	17035
CACGTAGACAGATTAA	0	17036
CACGTCGACAGATTAA	0	17037
CATGTGGACAGATTAA	0	17038
TACGTGGACAGATTAA	0	17039
AACGTGGACAGATTAC	0	17040
CACCTGGACAGATTAC	0	17041
CACGAGGACAGATTAC	0	17042
CACGTAGACAGATTAC	0	17043
CACGTCGACAGATTAC	0	17044
CATGTGGACAGATTAC	0	17045
GTAATCTGTCCACGTA	0	17046
AACGTGGGCAGATTAG	0	17047
CACCTGGGCAGATTAG	0	17048
CACGAGGGCAGATTAG	0	17049
CACGTAGGCAGATTAG	0	17050
CACGTCGGCAGATTAG	0	17051
CATGTGGGCAGATTAG	0	17052
CTAATCTGCCCACGTA	0	17053
AACGTGGCAGGATTAG	0	17054
CACCTGGCAGGATTAG	0	17055
CACGAGGCAGGATTAG	0	17056
CACGTAGCAGGATTAG	0	17057
CACGTCGCAGGATTAG	0	17058
CATGTGGCAGGATTAG	0	17059
CTAATCCTGCCACGTA	0	17060
AACGTGACGAGATTAG	0	17061
CACCTGACGAGATTAG	0	17062
CACGAGACGAGATTAG	0	17063
CACGTAACGAGATTAG	0	17064
CACGTCACGAGATTAG	0	17065
CATGTGACGAGATTAG	0	17066
CTAATCTCGTCACGTA	0	17067
AACGTGTACAGATTAG	0	17068
CACCTGTACAGATTAG	0	17069
CACGAGTACAGATTAG	0	17070
CACGTATACAGATTAG	0	17071
CACGTCTACAGATTAG	0	17072
CATGTGTACAGATTAG	0	17073
CTAATCTGTACACGTA	0	17074
AACGTGACTAGATTAG	0	17075
CACCTGACTAGATTAG	0	17076
CACGAGACTAGATTAG	0	17077
CACGTAACTAGATTAG	0	17078
CACGTCACTAGATTAG	0	17079
CATGTGACTAGATTAG	0	17080
CTAATCTAGTCACGTA	0	17081
AACGTGGAGGGATTAG	0	17082
CACCTGGAGGGATTAG	0	17083
CACGAGGAGGGATTAG	0	17084
CACGTAGAGGGATTAG	0	17085
CACGTCGAGGGATTAG	0	17086
CATGTGGAGGGATTAG	0	17087
CTAATCCCTCCACGTA	0	17088
AACGTGGATGGATTAG	0	17089
CACCTGGATGGATTAG	0	17090
CACGAGGATGGATTAG	0	17091
CACGTAGATGGATTAG	0	17092
CACGTCGATGGATTAG	0	17093
CATGTGGATGGATTAG	0	17094
CTAATCCATCCACGTA	0	17095
AACGTGTCGAGATTAA	0	17096
CACCTGTCGAGATTAA	0	17097
CACGAGTCGAGATTAA	0	17098
CACGTATCGAGATTAA	0	17099
CACGTCTCGAGATTAA	0	17100
CATGTGTCGAGATTAA	0	17101
TACGTGTCGAGATTAA	0	17102
AACGTGTCGAGATTAC	0	17103
CACCTGTCGAGATTAC	0	17104
CACGTATCGAGATTAC	0	17105
CACGTCTCGAGATTAC	0	17106
CATGTGTCGAGATTAC	0	17107
GTAATCTCGACACGTA	0	17108
CACGAGTCGAGATTAC	0	17109
AACGTGTCTAGATTAA	0	17110
TACGTGTCTAGATTAA	0	17111
CACCTGTCTAGATTAA	0	17112
CACGAGTCTAGATTAA	0	17113
CACGTATCTAGATTAA	0	17114
CACGTCTCTAGATTAA	0	17115
CATGTGTCTAGATTAA	0	17116
ATAATCTCGCCACATG	0	17117
ATAATCTCGCCAGGTG	0	17118
ATAATCTCGCCTCGTG	0	17119
ATAATCTCGCGACGTG	0	17120
ATAATCTCGCTACGTG	0	17121
AACGTGTCTAGATTAC	0	17122
CACCTGTCTAGATTAC	0	17123
CACGAGTCTAGATTAC	0	17124
CACGTATCTAGATTAC	0	17125
CACGTCTCTAGATTAC	0	17126
CATGTGTCTAGATTAC	0	17127
GTAATCTAGACACGTA	0	17128
ATAATCTAGCCACATG	0	17129
ATAATCTAGCCAGGTG	0	17130
ATAATCTAGCCTCGTG	0	17131
ATAATCTAGCGACGTG	0	17132
ATAATCTAGCTACGTG	0	17133
AACGTGGCCAGATTAA	0	17134
TACGTGGCCAGATTAA	0	17135
CACCTGGCCAGATTAA	0	17136
CACGAGGCCAGATTAA	0	17137
CACGTAGCCAGATTAA	0	17138
CACGTCGCCAGATTAA	0	17139
CATGTGGCCAGATTAA	0	17140
AACGTGGCCAGATTAC	0	17141
CACCTGGCCAGATTAC	0	17142
CACGAGGCCAGATTAC	0	17143
CACGTAGCCAGATTAC	0	17144
CACGTCGCCAGATTAC	0	17145
CATGTGGCCAGATTAC	0	17146
GTAATCTGGCCACGTA	0	17147
AACGTGGTAAGATTAG	0	17148
CACCTGGTAAGATTAG	0	17149
CACGAGGTAAGATTAG	0	17150
CACGTAGTAAGATTAG	0	17151
CACGTCGTAAGATTAG	0	17152
CATGTGGTAAGATTAG	0	17153
CTAATCTTACCACGTA	0	17154
AACGTGGAAAGATTAA	0	17155
CACCTGGAAAGATTAA	0	17156
CACGAGGAAAGATTAA	0	17157
CACGTAGAAAGATTAA	0	17158
CACGTCGAAAGATTAA	0	17159
CATGTGGAAAGATTAA	0	17160
TACGTGGAAAGATTAA	0	17161
AACGTGGAAAGATTAC	0	17162
CACCTGGAAAGATTAC	0	17163
CACGAGGAAAGATTAC	0	17164
CACGTAGAAAGATTAC	0	17165
CACGTCGAAAGATTAC	0	17166
CATGTGGAAAGATTAC	0	17167
GTAATCTTTCCACGTA	0	17168
AACGTGTCCAGATTAG	0	17169
CACCTGTCCAGATTAG	0	17170
CACGTATCCAGATTAG	0	17171
CACGTCTCCAGATTAG	0	17172
CATGTGTCCAGATTAG	0	17173
CTAATCTGGACACGTA	0	17174
CACGAGTCCAGATTAG	0	17175
AACGTGGGAAGATTAG	0	17176
CACCTGGGAAGATTAG	0	17177
CACGAGGGAAGATTAG	0	17178
CACGTAGGAAGATTAG	0	17179
CACGTCGGAAGATTAG	0	17180
CATGTGGGAAGATTAG	0	17181
CTAATCTTCCCACGTA	0	17182
AACGTGGCGGGATTAG	0	17183
CACCTGGCGGGATTAG	0	17184
CACGAGGCGGGATTAG	0	17185
CACGTAGCGGGATTAG	0	17186
CACGTCGCGGGATTAG	0	17187
CATGTGGCGGGATTAG	0	17188
CTAATCCCGCCACGTA	0	17189
AACGTGTAAAGATTAG	0	17190
CACCTGTAAAGATTAG	0	17191
CACGAGTAAAGATTAG	0	17192
CACGTATAAAGATTAG	0	17193
CACGTCTAAAGATTAG	0	17194
CATGTGTAAAGATTAG	0	17195
CTAATCTTTACACGTA	0	17196
AACGTGGCTGGATTAG	0	17197
CACCTGGCTGGATTAG	0	17198
CACGAGGCTGGATTAG	0	17199
CACGTAGCTGGATTAG	0	17200
CACGTCGCTGGATTAG	0	17201
CATGTGGCTGGATTAG	0	17202
CTAATCCAGCCACGTA	0	17203
AACGTGGCAAGATTAA	0	17204
CACCTGGCAAGATTAA	0	17205
CACGAGGCAAGATTAA	0	17206
CACGTAGCAAGATTAA	0	17207
CACGTCGCAAGATTAA	0	17208
CATGTGGCAAGATTAA	0	17209
TACGTGGCAAGATTAA	0	17210
AACGTGGCAAGATTAC	0	17211
CACCTGGCAAGATTAC	0	17212
CACGAGGCAAGATTAC	0	17213
CACGTAGCAAGATTAC	0	17214
CACGTCGCAAGATTAC	0	17215
CATGTGGCAAGATTAC	0	17216
GTAATCTTGCCACGTA	0	17217
AACGTGGTGAGATTAG	0	17218
CACCTGGTGAGATTAG	0	17219
CACGAGGTGAGATTAG	0	17220
CACGTAGTGAGATTAG	0	17221
CACGTCGTGAGATTAG	0	17222
CATGTGGTGAGATTAG	0	17223
CTAATCTCACCACGTA	0	17224
AACGTGGAGAGATTAA	0	17225
CACCTGGAGAGATTAA	0	17226
CACGAGGAGAGATTAA	0	17227
CACGTAGAGAGATTAA	0	17228
CACGTCGAGAGATTAA	0	17229
CATGTGGAGAGATTAA	0	17230
TACGTGGAGAGATTAA	0	17231
AACGTGTCAAGATTAG	0	17232
CACCTGTCAAGATTAG	0	17233
CACGAGTCAAGATTAG	0	17234
CACGTATCAAGATTAG	0	17235
CACGTCTCAAGATTAG	0	17236
CATGTGTCAAGATTAG	0	17237
CTAATCTTGACACGTA	0	17238
AACGTGGTTAGATTAG	0	17239
CACCTGGTTAGATTAG	0	17240
CACGAGGTTAGATTAG	0	17241
CACGTAGTTAGATTAG	0	17242
CACGTCGTTAGATTAG	0	17243
CATGTGGTTAGATTAG	0	17244
CTAATCTAACCACGTA	0	17245
AACGTGGAGAGATTAC	0	17246
CACCTGGAGAGATTAC	0	17247
CACGAGGAGAGATTAC	0	17248
CACGTAGAGAGATTAC	0	17249
CACGTCGAGAGATTAC	0	17250
CATGTGGAGAGATTAC	0	17251
GTAATCTCTCCACGTA	0	17252
AACGTGGATAGATTAA	0	17253
CACCTGGATAGATTAA	0	17254
CACGAGGATAGATTAA	0	17255
CACGTAGATAGATTAA	0	17256
CACGTCGATAGATTAA	0	17257
CATGTGGATAGATTAA	0	17258
TACGTGGATAGATTAA	0	17259
AACGTGGGGAGATTAG	0	17260
CACCTGGGGAGATTAG	0	17261
CACGAGGGGAGATTAG	0	17262
CACGTAGGGAGATTAG	0	17263
CACGTCGGGAGATTAG	0	17264
CATGTGGGGAGATTAG	0	17265
CTAATCTCCCCACGTA	0	17266
AACGTGGATAGATTAC	0	17267
CACCTGGATAGATTAC	0	17268
CACGAGGATAGATTAC	0	17269
CACGTAGATAGATTAC	0	17270
CACGTCGATAGATTAC	0	17271
CATGTGGATAGATTAC	0	17272
GTAATCTATCCACGTA	0	17273
AACGTGGGTAGATTAG	0	17274
CACCTGGGTAGATTAG	0	17275
CACGAGGGTAGATTAG	0	17276
CACGTAGGTAGATTAG	0	17277
CACGTCGGTAGATTAG	0	17278
CATGTGGGTAGATTAG	0	17279
CTAATCTACCCACGTA	0	17280
AACGTGTAGAGATTAG	0	17281
CACCTGTAGAGATTAG	0	17282
CACGAGTAGAGATTAG	0	17283
CACGTATAGAGATTAG	0	17284
CACGTCTAGAGATTAG	0	17285
CATGTGTAGAGATTAG	0	17286
CTAATCTCTACACGTA	0	17287
AACGTGTATAGATTAG	0	17288
CACCTGTATAGATTAG	0	17289
CACGAGTATAGATTAG	0	17290
CACGTATATAGATTAG	0	17291
CACGTCTATAGATTAG	0	17292
CATGTGTATAGATTAG	0	17293
CTAATCTATACACGTA	0	17294
AACGTGGACAGATTAG	0	17295
CACCTGGACAGATTAG	0	17296
CACGAGGACAGATTAG	0	17297
CACGTAGACAGATTAG	0	17298
CACGTCGACAGATTAG	0	17299
CATGTGGACAGATTAG	0	17300
CTAATCTGTCCACGTA	0	17301
AACGTGGCGAGATTAA	0	17302
CACCTGGCGAGATTAA	0	17303
CACGAGGCGAGATTAA	0	17304
CACGTAGCGAGATTAA	0	17305
CACGTCGCGAGATTAA	0	17306
CATGTGGCGAGATTAA	0	17307
TACGTGGCGAGATTAA	0	17308
AACGTGGCGAGATTAC	0	17309
CACCTGGCGAGATTAC	0	17310
CACGAGGCGAGATTAC	0	17311
CACGTAGCGAGATTAC	0	17312
CACGTCGCGAGATTAC	0	17313
CATGTGGCGAGATTAC	0	17314
GTAATCTCGCCACGTA	0	17315
AACGTGGCTAGATTAA	0	17316
CACCTGGCTAGATTAA	0	17317
CACGAGGCTAGATTAA	0	17318
CACGTAGCTAGATTAA	0	17319
CACGTCGCTAGATTAA	0	17320
CATGTGGCTAGATTAA	0	17321
TACGTGGCTAGATTAA	0	17322
AACGTGGCTAGATTAC	0	17323
GTAATCTAGCCACGTA	0	17324
CACCTGGCTAGATTAC	0	17325
CACGAGGCTAGATTAC	0	17326
CACGTAGCTAGATTAC	0	17327
CACGTCGCTAGATTAC	0	17328
CATGTGGCTAGATTAC	0	17329
AACGTGTCGAGATTAG	0	17330
CACCTGTCGAGATTAG	0	17331
CACGAGTCGAGATTAG	0	17332
CACGTATCGAGATTAG	0	17333
CACGTCTCGAGATTAG	0	17334
CATGTGTCGAGATTAG	0	17335
CTAATCTCGACACGTA	0	17336
AACGTGTCTAGATTAG	0	17337
CACCTGTCTAGATTAG	0	17338
CACGAGTCTAGATTAG	0	17339
CACGTATCTAGATTAG	0	17340
CACGTCTCTAGATTAG	0	17341
CATGTGTCTAGATTAG	0	17342
CTAATCTAGACACGTA	0	17343
AACGTGGCCAGATTAG	0	17344
CACCTGGCCAGATTAG	0	17345
CACGAGGCCAGATTAG	0	17346
CACGTAGCCAGATTAG	0	17347
CACGTCGCCAGATTAG	0	17348
CATGTGGCCAGATTAG	0	17349
CTAATCTGGCCACGTA	0	17350
AACGTGGAAAGATTAG	0	17351
CACCTGGAAAGATTAG	0	17352
CACGAGGAAAGATTAG	0	17353
CACGTAGAAAGATTAG	0	17354
CACGTCGAAAGATTAG	0	17355
CATGTGGAAAGATTAG	0	17356
CTAATCTTTCCACGTA	0	17357
AACGTGGCAAGATTAG	0	17358
CACCTGGCAAGATTAG	0	17359
CACGAGGCAAGATTAG	0	17360
CACGTAGCAAGATTAG	0	17361
CACGTCGCAAGATTAG	0	17362
CATGTGGCAAGATTAG	0	17363
CTAATCTTGCCACGTA	0	17364
AACGTGGAGAGATTAG	0	17365
CACCTGGAGAGATTAG	0	17366
CACGAGGAGAGATTAG	0	17367
CACGTAGAGAGATTAG	0	17368
CACGTCGAGAGATTAG	0	17369
CATGTGGAGAGATTAG	0	17370
CTAATCTCTCCACGTA	0	17371
AACGTGGATAGATTAG	0	17372
CACCTGGATAGATTAG	0	17373
CACGAGGATAGATTAG	0	17374
CACGTAGATAGATTAG	0	17375
CACGTCGATAGATTAG	0	17376
CATGTGGATAGATTAG	0	17377
CTAATCTATCCACGTA	0	17378
AACGTGGCGAGATTAG	0	17379
CTAATCTCGCCACGTA	0	17380
CACCTGGCGAGATTAG	0	17381
CACGAGGCGAGATTAG	0	17382
CACGTAGCGAGATTAG	0	17383
CACGTCGCGAGATTAG	0	17384
CATGTGGCGAGATTAG	0	17385
AACGTGGCTAGATTAG	0	17386
CACCTGGCTAGATTAG	0	17387
CACGAGGCTAGATTAG	0	17388
CACGTAGCTAGATTAG	0	17389
CACGTCGCTAGATTAG	0	17390
CATGTGGCTAGATTAG	0	17391
CTAATCTAGCCACGTA	0	17392
CACGTGCGGGGCTTAC	-7.15021e-4	17393
CACGTGTGTGGCTTAG	-7.15021e-4	17394
CACGTGGGCGGATTGC	-7.15021e-4	17395
CGCGTGAGGGGATTAG	-7.15021e-4	17396
CACTTGCTAAGATTAG	-7.15021e-4	17397
CACCTGGTAGGATTAG	-0.00143004	17398
CGCGTGAGGAGATTAA	-0.00214506	17399
AACGTGACGGGATTAC	-0.00214506	17400
ACAATCCACGCACGTG	-0.00255363	17401
CACGTGCACATATTAG	-0.00439225	17402
ATAATGTTTGCACGTG	-0.0046987	17403
CACGTGGTGGGATTGG	-0.00806947	17404
CACGTGTCAAAATTAG	-0.00806947	17405
ATAGTCTCCCCACGTG	-0.00806947	17406
CACGTGTGAGGTTTAA	-0.00990809	17407
CACGGGAGCAGATTAA	-0.0113381	17408
